replicate,winner,r_SPEI3,r_SPI3,r_SPEI6,delta_SPEI3_SPI3,delta_SPEI3_SPEI6
0,SPEI3,0.5031161193963585,0.42250080491682523,0.35130548485798485,0.08061531447953324,0.15181063453837362
1,SPEI3,0.5014737367763192,0.47616119066339074,0.3846521682572783,0.02531254611292849,0.11682156851904091
2,SPEI3,0.4885538033563959,0.4436922461181444,0.43083914849537125,0.044861557238251526,0.05771465486102467
3,SPI3,0.45236115561161755,0.4374629850762439,0.30585463185330525,0.014898170535373623,0.1465065237583123
4,SPEI3,0.576215567510537,0.5084476518956345,0.5424449852100053,0.06776791561490259,0.03377058230053176
5,SPEI9,0.5522789746581813,0.513390696660476,0.4925778319219821,0.038888277997705334,0.0597011427361992
6,SPEI3,0.5039874583359774,0.4545867233699559,0.4859578477049112,0.04940073496602143,0.018029610631066173
7,SPEI3,0.5913530784453012,0.5278584780647245,0.46423465232849587,0.06349460038057664,0.1271184261168053
8,SPEI3,0.4977857519323575,0.46836753297334105,0.3635174004873007,0.029418218959016473,0.13426835144505683
9,SPEI3,0.5018353102119668,0.46732025192344057,0.41650380795410447,0.034515058288526246,0.08533150225786235
10,SPEI3,0.5569801722691422,0.5015178494959467,0.5199200205130367,0.055462322773195516,0.03706015175610555
11,SPEI9,0.49460307100498035,0.45688153428926687,0.40783681493582313,0.03772153671571349,0.08676625606915722
12,SPEI9,0.5539413386937377,0.5274700556854571,0.4586011795451869,0.02647128300828061,0.09534015914855082
13,SPEI3,0.520167821330871,0.4850694362421336,0.48162268426840227,0.035098385088737416,0.03854513706246876
14,SPEI3,0.4755304658005791,0.4389753047064233,0.3487508930225948,0.0365551610941558,0.1267795727779843
15,SPI3,0.5067503077407538,0.4705848426360845,0.47360683518541946,0.03616546510466928,0.03314347255533434
16,SPEI3,0.5363216382731548,0.4873896903591234,0.45145253466128316,0.04893194791403144,0.08486910361187167
17,SPEI3,0.5011309434368983,0.4597334420026682,0.45351288713322513,0.041397501434230155,0.04761805630367322
18,SPEI3,0.49658540667486384,0.44175178303739693,0.3898689704770288,0.05483362363746691,0.10671643619783505
19,SPEI9,0.5137717767359626,0.4682425886385681,0.4640393303387743,0.045529188097394535,0.049732446397188323
20,SPEI3,0.5793708419564355,0.5324320683801804,0.4281490147497919,0.04693877357625509,0.15122182720664362
21,SPEI3,0.5035107034784273,0.4778175022579528,0.3910745021320215,0.025693201220474526,0.1124362013464058
22,SPEI3,0.5117589752902346,0.4368410404629079,0.3936448793231674,0.07491793482732673,0.11811409596706723
23,SPEI9,0.4445550754214367,0.39119880782114286,0.36741945664509756,0.05335626760029383,0.07713561877633912
24,SPEI3,0.48947113190013525,0.4331634678969361,0.3617968587339623,0.05630766400319914,0.12767427316617297
25,SPEI9,0.500516545273404,0.44304464271451244,0.4277316219236975,0.05747190255889151,0.07278492334970643
26,SPEI3,0.4701994514851206,0.4374177474567312,0.3748878563463263,0.032781704028389425,0.09531159513879428
27,SPEI9,0.5262191050863159,0.4699626089553014,0.4644825892780423,0.056256496131014466,0.06173651580827355
28,SPEI3,0.4484445181933705,0.41907315591708827,0.32923207766881823,0.02937136227628223,0.11921244052455227
29,SPI3,0.5186859489905472,0.45183924415214105,0.4608693975008132,0.06684670483840616,0.057816551489734025
30,SPI3,0.49368741209850786,0.46587153102306894,0.43007377907644967,0.02781588107543892,0.06361363302205819
31,SPI3,0.531040348904543,0.49857388878414466,0.4904021276759806,0.03246646012039833,0.040638221228562366
32,SPEI3,0.5232912931455597,0.4665096744500587,0.45602277306517197,0.05678161869550097,0.0672685200803877
33,SPEI3,0.5137071361674604,0.45633886405945817,0.4221904073093847,0.05736827210800227,0.09151672885807577
34,SPEI3,0.5397141987489273,0.47390008043954257,0.49450425771278206,0.06581411830938477,0.045209941036145285
35,SPEI6,0.49364405122504823,0.45648564032943223,0.5607533406480845,0.037158410895616,-0.06710928942303623
36,SPEI3,0.5708247138544399,0.4980613790635025,0.4844163230917052,0.07276333479093738,0.08640839076273471
37,SPI3,0.39110008929544393,0.3610660512507834,0.27757536281814593,0.030034038044660538,0.113524726477298
38,SPEI9,0.48067461497097613,0.4641307374527028,0.2653199112253554,0.016543877518273353,0.2153547037456207
39,SPEI3,0.5022862730198483,0.46085253023614225,0.4683478974237563,0.04143374278370604,0.033938375596091974
40,SPEI6,0.5025869909237262,0.4673387864952354,0.4715949653753974,0.03524820442849075,0.03099202554832875
41,SPEI3,0.4868301730101541,0.45384961894691983,0.3434383124793586,0.032980554063234246,0.1433918605307955
42,SPEI3,0.5094416521960774,0.462540661008273,0.37523458275846305,0.046900991187804386,0.13420706943761435
43,SPEI3,0.5285571103517929,0.49779972846928655,0.46673212483323256,0.03075738188250632,0.061824985518560305
44,SPEI3,0.479957323441248,0.4277212459224221,0.38185759493531507,0.05223607751882586,0.0980997285059329
45,SPEI3,0.6153992219959441,0.564166738561783,0.5792290797908405,0.05123248343416109,0.03617014220510362
46,SPEI3,0.5666327403408005,0.5159175003047644,0.4904705822824259,0.05071524003603611,0.07616215805837456
47,SPEI9,0.5852322004072418,0.524590640718369,0.46313208948723494,0.06064155968887275,0.12210011092000683
48,SPEI3,0.5345131696078437,0.47191542479733256,0.42717117929847537,0.06259774481051111,0.10734199030936831
49,SPEI3,0.5211783406695166,0.44531148223862116,0.43783824295019996,0.07586685843089547,0.08334009771931666
50,SPEI9,0.42655450734146166,0.3849460562768074,0.3937185627029022,0.04160845106465427,0.03283594463855949
51,SPEI3,0.5012366959067989,0.44906979850446693,0.49544906235232095,0.052166897402331935,0.005787633554477922
52,SPEI3,0.5684877666769921,0.5317651517830585,0.4453056132527265,0.03672261489393358,0.12318215342426558
53,SPEI3,0.47716439417130113,0.450320626991455,0.3874958360370286,0.026843767179846156,0.08966855813427255
54,SPEI3,0.4404414347508826,0.40327517338171126,0.4201475517414841,0.03716626136917134,0.020293883009398495
55,SPEI9,0.4870408446667644,0.45686981726200243,0.5038183449138137,0.030171027404761963,-0.016777500247049326
56,SPI3,0.5367078963732089,0.5258410122053684,0.5075092366745375,0.01086688416784054,0.029198659698671414
57,SPEI3,0.5187737939011432,0.49369631439222905,0.3180747659628006,0.025077479508914147,0.2006990279383426
58,SPEI3,0.5759956465136978,0.5142443959771564,0.4633864296753836,0.0617512505365414,0.11260921683831421
59,SPEI3,0.48651418528716306,0.4342008814449358,0.3918483307992805,0.052313303842227266,0.09466585448788256
60,SPEI3,0.4816513967571735,0.39555546385591345,0.3789585096370329,0.08609593290126005,0.10269288712014057
61,SPEI3,0.5390332021516883,0.4832452669695008,0.41144624957283876,0.05578793518218744,0.1275869525788495
62,SPEI3,0.4218828847015267,0.3745354020162321,0.33927048302060564,0.047347482685294595,0.08261240168092104
63,SPEI3,0.5937295441955498,0.5493859011769109,0.4852903365797698,0.04434364301863891,0.10843920761578002
64,SPEI6,0.5416281805821076,0.5105711854645861,0.5514892553769154,0.03105699511752147,-0.0098610747948078
65,SPEI3,0.5260536191143433,0.4978772376794216,0.42087636436151665,0.028176381434921738,0.10517725475282669
66,SPEI3,0.5687718922816571,0.5096991741226435,0.5144837541031595,0.059072718159013604,0.05428813817849765
67,SPEI3,0.6162812305063863,0.5931140956361967,0.5412517831235342,0.02316713487018962,0.07502944738285211
68,SPEI3,0.5682595549910205,0.5134720332334153,0.5090751432877016,0.05478752175760526,0.059184411703318895
69,SPEI3,0.5832809273138958,0.5477733105808084,0.5402527419155003,0.035507616733087444,0.04302818539839548
70,SPEI3,0.5517209555538393,0.4898316261397173,0.5318460095561108,0.06188932941412195,0.019874945997728433
71,SPEI3,0.5184824875964292,0.4951681771277142,0.4521943699611148,0.023314310468715016,0.06628811763531445
72,SPEI9,0.5563217667817169,0.5388990062523068,0.5012114062380775,0.017422760529410053,0.05511036054363938
73,SPEI3,0.5527267110869039,0.524619893965278,0.4743097724712326,0.028106817121625882,0.07841693861567123
74,SPEI3,0.520105693486587,0.4525195543621942,0.4085250598368571,0.06758613912439276,0.11158063364972987
75,SPEI3,0.5707320543310046,0.5357136877149409,0.41706391334808846,0.03501836661606372,0.15366814098291615
76,SPEI3,0.5048469803214624,0.4603526492916279,0.3491206462381733,0.044494331029834466,0.15572633408328906
77,SPEI3,0.575820181590194,0.5236358264109741,0.40588734094580187,0.05218435517921993,0.16993284064439212
78,SPEI3,0.5173084049709278,0.48926358893403277,0.4705281254777767,0.028044816036895015,0.046780279493151056
79,SPEI3,0.5341696397940814,0.4947802407207483,0.48536443966509096,0.03938939907333311,0.04880520012899042
80,SPEI3,0.47042948482317337,0.4363234153255146,0.38098714061072325,0.034106069497658764,0.08944234421245012
81,SPEI3,0.5225320025731223,0.4674344450430886,0.4239019539322105,0.05509755753003365,0.0986300486409118
82,SPEI3,0.527105278041377,0.46539641418975186,0.38006100471276605,0.061708863851625106,0.14704427332861092
83,SPEI9,0.5364872410240239,0.5010477240300849,0.4777221849162214,0.03543951699393899,0.05876505610780247
84,SPI3,0.5656253371711557,0.5440469898800336,0.47829119350209853,0.02157834729112207,0.08733414366905717
85,SPEI3,0.5170378246067175,0.45400526330990315,0.4194626746626757,0.0630325612968144,0.09757514994404182
86,SPI3,0.5261307605760336,0.45662663179979285,0.38651184147948925,0.06950412877624074,0.13961891909654434
87,SPEI9,0.551806929905438,0.5147482821808006,0.5059048382310014,0.037058647724637406,0.045902091674436596
88,SPEI3,0.46824916828544577,0.4264786875407169,0.39229451636705404,0.04177048074472889,0.07595465191839174
89,SPEI3,0.5625210192017346,0.5350711763367237,0.4888420104217502,0.027449842865010843,0.0736790087799844
90,SPEI3,0.4958331630520839,0.4427073863480689,0.37256473863695155,0.053125776704015026,0.12326842441513236
91,SPEI3,0.5346847797781669,0.49108961230961024,0.5139894124551359,0.04359516746855663,0.02069536732303101
92,SPEI3,0.5334839056909315,0.4917046069330882,0.4870944299249275,0.04177929875784331,0.046389475766003996
93,SPEI3,0.5959444445838397,0.5384381207834535,0.4913350942821782,0.05750632380038612,0.10460935030166146
94,SPI3,0.5285029661957829,0.4844605746370734,0.49276089377170185,0.044042391558709426,0.035742072424081006
95,SPEI3,0.5871827599831929,0.5193002935749269,0.4184899202957792,0.067882466408266,0.16869283968741372
96,SPEI3,0.4560130450902382,0.40978975971575643,0.3113595416631722,0.04622328537448178,0.144653503427066
97,SPEI3,0.5283616000581213,0.46651000553535765,0.4458344077194735,0.06185159452276362,0.08252719233864775
98,SPEI3,0.5572707625309358,0.5042377191191186,0.3845312472087451,0.05303304341181714,0.17273951532219067
99,SPEI3,0.5493557610457638,0.5135163405163417,0.4825241832187895,0.03583942052942213,0.0668315778269743
100,SPEI3,0.3951842263239993,0.31672026814545606,0.2979459604247574,0.07846395817854324,0.0972382658992419
101,SPEI9,0.5181766726523473,0.49967714899039756,0.4873773080666365,0.01849952366194979,0.030799364585710864
102,SPEI3,0.578818573966564,0.5413860475237008,0.5515485962238746,0.03743252644286321,0.027269977742689355
103,SPEI3,0.4350523465873111,0.39990926043971575,0.405650454733484,0.03514308614759537,0.029401891853827133
104,SPEI6,0.46118689203393615,0.40720031390648104,0.5198923179730739,0.05398657812745511,-0.058705425939137745
105,SPEI9,0.4540930394160858,0.4634538531468801,0.39418487634692745,-0.009360813730794282,0.05990816306915836
106,SPEI3,0.5336617151226551,0.4928343981977358,0.4806660640456994,0.040827316924919366,0.05299565107695575
107,SPEI3,0.49734090781078905,0.45350536597781477,0.4857636972955757,0.04383554183297428,0.011577210515213321
108,SPEI3,0.5863083777233535,0.5287411583889772,0.4268751191981152,0.05756721933437636,0.15943325852523832
109,SPEI3,0.5545745467538791,0.509457846899477,0.4653469237029643,0.04511669985440203,0.08922762305091475
110,SPEI3,0.5320663422458566,0.5059817890072059,0.40432871553365807,0.026084553238650665,0.12773762671219852
111,SPEI3,0.5142982605323979,0.45816728647738575,0.49235480853982905,0.05613097405501216,0.021943451992568863
112,SPEI3,0.518785130865309,0.4686586654321455,0.43047879053855037,0.05012646543316346,0.0883063403267586
113,SPEI3,0.5335366778927807,0.5068269903459711,0.48544487501941913,0.02670968754680958,0.04809180287336157
114,SPEI3,0.5584319313721227,0.5086871706719042,0.505106492822913,0.04974476070021849,0.05332543854920968
115,SPEI3,0.47522156213020234,0.41914850376903146,0.44122890320787955,0.05607305836117088,0.03399265892232278
116,SPEI3,0.5015490314202974,0.44921866511839326,0.4395048192789798,0.05233036630190413,0.06204421214131761
117,SPEI3,0.522020197514793,0.47200349426132054,0.4908424567602799,0.05001670325347246,0.031177740754513128
118,SPEI3,0.5825028352224116,0.5312759669478901,0.46476205473441534,0.0512268682745215,0.1177407804879963
119,SPI3,0.4430842750197687,0.4331840227820834,0.27341145744973566,0.009900252237685314,0.16967281757003305
120,SPEI3,0.5298375772889088,0.47066830012329125,0.4922724039732304,0.05916927716561754,0.03756517331567838
121,SPEI3,0.5041798898281684,0.45175963058669427,0.3960622142129036,0.05242025924147414,0.10811767561526481
122,SPEI3,0.5220546998742153,0.5061470607371189,0.4784051082871244,0.015907639137096363,0.043649591587090864
123,SPEI3,0.5109241555041926,0.4825436985788457,0.4131369916176309,0.028380456925346853,0.09778716388656167
124,SPEI3,0.4735849162024413,0.4431684779063561,0.39108492437584785,0.030416438296085202,0.08249999182659346
125,SPI9,0.40792022284428603,0.3679142151900114,0.30033883211434587,0.040006007654274645,0.10758139072994016
126,SPEI3,0.4932950676835233,0.4209680118233925,0.3060561615671439,0.07232705586013083,0.18723890611637944
127,SPEI3,0.49808692551643685,0.47218070282956115,0.42147481748203774,0.0259062226868757,0.0766121080343991
128,SPEI3,0.4726797621160625,0.4135103261599654,0.39709227935273944,0.05916943595609708,0.07558748276332306
129,SPEI3,0.5297402436539114,0.44180947773097234,0.4074809631980767,0.08793076592293902,0.12225928045583467
130,SPEI3,0.47853298110236386,0.4378751590324822,0.37890503711431883,0.040657822069881666,0.09962794398804503
131,SPEI3,0.5356368267560054,0.4494826197526748,0.47432075038961957,0.08615420700333065,0.06131607636638586
132,SPEI3,0.5239709343009588,0.5073076219635018,0.4453139274491903,0.016663312337456992,0.07865700685176846
133,SPI3,0.5081476988955484,0.48602271982490597,0.37964741194790036,0.02212497907064248,0.1285002869476481
134,SPEI9,0.5050956230616438,0.46641897935182713,0.518850791114648,0.03867664370981666,-0.013755168053004252
135,SPI3,0.47631732014997574,0.45020864377265085,0.3786801322891429,0.02610867637732489,0.09763718786083286
136,SPI3,0.5238030190513747,0.5039731481210472,0.46215320650946773,0.01982987093032751,0.06164981254190699
137,SPI3,0.5271647605573037,0.48948006164998437,0.3665349088984928,0.03768469890731929,0.16062985165881088
138,SPEI3,0.5726893758237989,0.5083249681888176,0.4549309756574973,0.0643644076349813,0.11775840016630157
139,SPEI3,0.5284149579615418,0.4695541967234931,0.48046661118597267,0.05886076123804873,0.04794834677556914
140,SPEI9,0.48251287342879456,0.45161622279229324,0.42519061294681265,0.03089665063650132,0.05732226048198191
141,SPEI3,0.5255771379217715,0.4944269940491367,0.36464675179570455,0.031150143872634817,0.16093038612606697
142,SPEI3,0.41192723124100405,0.3749284542367523,0.2973679008287487,0.03699877700425175,0.11455933041225536
143,SPEI9,0.51648356207087,0.4905962032352058,0.43538197207317203,0.025887358835664176,0.08110158999769795
144,SPEI3,0.5127425275486466,0.45605575087486727,0.4173284161845345,0.056686776673779304,0.0954141113641121
145,SPI3,0.5339741762339398,0.5122135478607927,0.4422130952780176,0.021760628373147184,0.09176108095592223
146,SPEI3,0.5443400513149136,0.47397776319452434,0.5381823795683504,0.07036228812038925,0.006157671746563231
147,SPEI3,0.5516280954005399,0.49599125024361423,0.42987267948409313,0.055636845156925685,0.12175541591644679
148,SPEI3,0.5026874472911368,0.47733120622044584,0.40842484585526095,0.025356241070690955,0.09426260143587584
149,SPEI3,0.5351069756659476,0.4884201227993097,0.38198322494247106,0.046686852866637873,0.1531237507234765
150,SPEI3,0.4959364190339628,0.46230999415544394,0.36744097940673787,0.03362642487851886,0.12849543962722493
151,SPEI3,0.5121839674305536,0.5016991305818509,0.5093888669286665,0.010484836848702717,0.0027951005018871378
152,SPEI3,0.43555768114007093,0.3877608528764889,0.3746021091342476,0.047796828263582,0.060955572005823355
153,SPEI3,0.479870263003705,0.4802802664153171,0.4071306700228485,-0.0004100034116121254,0.07273959298085653
154,SPEI3,0.5216346738581179,0.48043592746074915,0.4322729346720775,0.04119874639736876,0.0893617391860404
155,SPEI3,0.5165990025094684,0.44788543240456047,0.47238409416555655,0.06871357010490797,0.044214908343911896
156,SPI3,0.5399732531317623,0.5060109800098016,0.4537557988053243,0.03396227312196065,0.08621745432643796
157,SPEI3,0.547426292964083,0.49726933572222975,0.3455909875151204,0.050156957241853206,0.20183530544896255
158,SPEI3,0.5212173154556407,0.4634333777107179,0.4201583507268697,0.05778393774492274,0.10105896472877096
159,SPEI3,0.49539803748276057,0.440228558764293,0.434733153257323,0.05516947871846756,0.06066488422543759
160,SPEI3,0.48609735878946486,0.4325524133043458,0.3937738308922384,0.053544945485119066,0.09232352789722648
161,SPEI3,0.5615213253268843,0.5220117828107254,0.5002211482797878,0.0395095425161589,0.06130017704709645
162,SPEI3,0.4451986687992594,0.36749370583209284,0.3299250133511783,0.07770496296716656,0.1152736554480811
163,SPEI3,0.5123984657092309,0.43509466442201317,0.47112666731887215,0.0773038012872177,0.041271798390358716
164,SPEI9,0.5668011400875401,0.5396714455372226,0.5265830169387752,0.02712969455031755,0.04021812314876494
165,SPEI3,0.5622362578169232,0.5061291171843921,0.44794261971697663,0.05610714063253108,0.11429363809994658
166,SPEI3,0.49536739215748654,0.4532945172489189,0.46918808085515873,0.04207287490856765,0.026179311302327812
167,SPEI3,0.5170022534326698,0.4536343927143976,0.36865829719109927,0.06336786071827222,0.14834395624157054
168,SPEI3,0.5175682546848611,0.46499688954747304,0.4589829166450992,0.05257136513738808,0.0585853380397619
169,SPEI3,0.5884970894491425,0.5331504516568105,0.5378580975912596,0.055346637792331954,0.0506389918578829
170,SPEI9,0.5003055618113649,0.4665443548524214,0.45500065816570945,0.03376120695894347,0.045304903645655425
171,SPI3,0.5097809465655916,0.5034012744206232,0.4430560488939309,0.0063796721449683735,0.06672489767166068
172,SPEI3,0.4299786439204334,0.38667821051494233,0.2985691369261089,0.04330043340549106,0.13140950699432447
173,SPEI3,0.49123888689403833,0.4445339622453587,0.41176016244438995,0.04670492464867965,0.07947872444964837
174,SPI3,0.562231346053674,0.561796061919601,0.480423465840468,0.0004352841340730107,0.08180788021320595
175,SPI3,0.613328709826383,0.6028892271590479,0.5982711725045078,0.010439482667335076,0.015057537321875203
176,SPEI9,0.4497877518739538,0.4196970814902528,0.4099214517487523,0.030090670383701,0.03986630012520154
177,SPEI3,0.5066680525379927,0.4710173742729097,0.4062675835695029,0.03565067826508306,0.10040046896848986
178,SPEI3,0.5425148159334061,0.5274463854680858,0.40253609326060924,0.01506843046532036,0.13997872267279687
179,SPEI6,0.49428043243665204,0.4311973166654763,0.5006302799370982,0.06308311577117576,-0.0063498475004461485
180,SPEI3,0.46144865180915734,0.4153496063005898,0.33409904374927707,0.04609904550856753,0.12734960805988027
181,SPEI3,0.5513448883410489,0.5008806218369227,0.4104267660128806,0.050464266504126165,0.1409181223281683
182,SPI3,0.5047853395629689,0.46195317479202985,0.44551225208404976,0.04283216477093904,0.05927308747891913
183,SPEI3,0.446412519760656,0.42221538198001746,0.3413382892602424,0.024197137780638533,0.10507423050041359
184,SPEI1,0.5158682108560011,0.46062131395148026,0.3554085967207632,0.05524689690452084,0.1604596141352379
185,SPEI3,0.5001143171795969,0.47597129792388837,0.4715969754226367,0.024143019255708498,0.02851734175696019
186,SPEI3,0.5216225549996054,0.49380037301206303,0.4559707661964711,0.027822181987542383,0.06565178880313433
187,SPEI9,0.5329635973899426,0.48343237081725277,0.49758005348275935,0.049531226572689824,0.035383543907183235
188,SPEI3,0.5758283342324628,0.5560927999747469,0.4407296707663648,0.019735534257715903,0.135098663466098
189,SPI3,0.5522865115642591,0.5114489647309906,0.47673968019339164,0.04083754683326857,0.07554683137086748
190,SPEI9,0.560778126900803,0.5138675883707872,0.4727830278568338,0.04691053853001581,0.08799509904396918
191,SPEI3,0.5275903611475472,0.44671014296568234,0.417520445288557,0.08088021818186486,0.11006991585899023
192,SPEI3,0.5656567829845983,0.4953719556608124,0.41547632804809015,0.07028482732378594,0.15018045493650817
193,SPEI3,0.5392492635604794,0.4974168704084016,0.5188197847254719,0.04183239315207782,0.020429478835007564
194,SPEI3,0.5401770174613759,0.5079303365458964,0.4169654264359974,0.03224668091547955,0.12321159102537854
195,SPEI3,0.5344168568200678,0.49333291141011687,0.506826981729936,0.04108394540995092,0.027589875090131777
196,SPEI3,0.4907280030617373,0.43256108227791223,0.3805192821510062,0.05816692078382507,0.11020872091073108
197,SPEI3,0.5414083096333137,0.4834751657724362,0.41662483549276647,0.057933143860877445,0.12478347414054719
198,SPEI9,0.5168675737307047,0.48713143717526625,0.4858713842122889,0.02973613655543844,0.030996189518415762
199,SPEI9,0.5468067882479952,0.5216396357190226,0.5032168234491852,0.025167152528972614,0.043589964798810055
200,SPEI3,0.4852460848019172,0.4318548254385024,0.4813836625864636,0.05339125936341482,0.0038624222154536314
201,SPI3,0.5164906956575259,0.5069615081384443,0.4256870010227907,0.009529187519081606,0.0908036946347352
202,SPEI3,0.4231717329383621,0.3913178933501932,0.2981616673036453,0.0318538395881689,0.12501006563471678
203,SPEI3,0.48365871050098946,0.46614803388005277,0.3320635599566262,0.017510676620936694,0.1515951505443633
204,SPEI9,0.5413009898210439,0.5237761368013759,0.4298375709901372,0.017524853019667996,0.11146341883090671
205,SPEI3,0.5402443043529483,0.5053733120530438,0.4613935545894758,0.034870992299904535,0.07885074976347256
206,SPEI9,0.5353250845356272,0.4728890829155648,0.43819547766131556,0.06243600162006241,0.09712960687431166
207,SPEI3,0.5418358073190298,0.5129036302524421,0.5107516909754442,0.028932177066587683,0.031084116343585655
208,SPEI9,0.49704202430895494,0.47527182086812053,0.44438483638273646,0.021770203440834413,0.052657187926218485
209,SPEI9,0.618838906856718,0.5767852908033273,0.5896640198476758,0.04205361605339075,0.02917488700904225
210,SPEI3,0.4863961650938348,0.43361181121548176,0.3128535643382182,0.05278435387835306,0.17354260075561662
211,SPEI3,0.5093225414040163,0.47564603228018254,0.4616490432994725,0.0336765091238338,0.047673498104543854
212,SPEI3,0.5662716134790359,0.49605895949712847,0.4714810977297239,0.0702126539819074,0.09479051574931197
213,SPEI9,0.5197439845155283,0.4922480536167495,0.44846186555141715,0.027495930898778775,0.07128211896411113
214,SPEI3,0.5231655167879653,0.4656161531143734,0.3834990414887091,0.057549363673591925,0.1396664752992562
215,SPI3,0.5500043216547686,0.5195962495431103,0.4631726078779312,0.030408072111658302,0.08683171377683746
216,SPEI3,0.5254800021199988,0.4914316161510721,0.40202605817413756,0.034048385968926675,0.12345394394586123
217,SPEI3,0.5272349574688542,0.46187465224977714,0.4228652129736823,0.06536030521907704,0.10436974449517189
218,SPEI9,0.5806183947273602,0.5176482987438796,0.4858608614312932,0.06297009598348058,0.09475753329606701
219,SPEI9,0.4714128205993653,0.4141489313366289,0.347530151196855,0.0572638892627364,0.1238826694025103
220,SPEI9,0.47601844278995536,0.44560594477740656,0.376439175105129,0.030412498012548805,0.09957926768482639
221,SPEI3,0.572564219587171,0.5055444785432723,0.5164877018947203,0.06701974104389863,0.0560765176924507
222,SPEI3,0.5175416811493215,0.47096527384266607,0.46285390228927326,0.046576407306655465,0.054687778860048275
223,SPEI9,0.4818397933900569,0.4464306048374704,0.4406562546589197,0.03540918855258651,0.04118353873113717
224,SPEI9,0.5529200357939589,0.5188632350668083,0.4835781289706676,0.03405680072715056,0.06934190682329128
225,SPEI3,0.4849145732409466,0.45592660156769604,0.43358126439919376,0.028987971673250568,0.051333308841752856
226,SPEI3,0.5408695330816228,0.47457150501192846,0.38842237988995876,0.06629802806969431,0.15244715319166402
227,SPI3,0.4087461467333239,0.36495996879661385,0.30757814414347434,0.043786177936710025,0.10116800258984954
228,SPEI3,0.547408468701867,0.5052350600163797,0.5048066872705239,0.042173408685487246,0.04260178143134308
229,SPEI3,0.5685828059781567,0.49826214489327497,0.44315485142324446,0.07032066108488172,0.12542795455491224
230,SPEI3,0.49183119855791946,0.42939782387141295,0.35193063037910094,0.062433374686506504,0.13990056817881852
231,SPEI9,0.5048151280923002,0.448012767880273,0.4967099228557114,0.056802360212027225,0.008105205236588808
232,SPEI3,0.5012983331241452,0.46072676387810196,0.35359013773560444,0.040571569246043215,0.14770819538854074
233,SPEI3,0.5437273910257958,0.47471876020941506,0.4191438109011693,0.06900863081638076,0.1245835801246265
234,SPEI3,0.5086671057083553,0.4530207304995983,0.38144438417130555,0.05564637520875698,0.12722272153704972
235,SPEI9,0.522204718100692,0.5044222520125607,0.4810262099961897,0.017782466088131277,0.0411785081045023
236,SPI3,0.40142698974357616,0.3595395481756533,0.34104645181580234,0.041887441567922845,0.060380537927773814
237,SPI3,0.5309279402315039,0.47575185027797856,0.3387843800747507,0.055176089953525354,0.1921435601567532
238,SPEI6,0.6002423284557966,0.5827102951405404,0.6008501190131253,0.017532033315256212,-0.0006077905573287357
239,SPI3,0.49993051335914607,0.48128088737011754,0.32371110683346616,0.01864962598902853,0.1762194065256799
240,SPEI9,0.5123590873459092,0.44606369491939696,0.5163168921852189,0.06629539242651222,-0.003957804839309742
241,SPEI3,0.5849509206525226,0.5029170825076588,0.4060778802841018,0.08203383814486387,0.17887304036842083
242,SPEI3,0.4860240530404428,0.4423587610125813,0.43599812055936304,0.04366529202786151,0.05002593248107978
243,SPEI9,0.5091331304385471,0.465476081590373,0.37008636235717074,0.04365704884817412,0.1390467680813764
244,SPEI3,0.4821190317298374,0.4364037706565707,0.35764314563075444,0.04571526107326668,0.12447588609908294
245,SPEI3,0.5569867152658718,0.5301978996616408,0.5107005325133436,0.026788815604231075,0.04628618275252827
246,SPEI3,0.5657355140458444,0.503450865309831,0.4136454953698947,0.06228464873601347,0.15209001867594973
247,SPEI3,0.57650511371891,0.5271624867945716,0.48977469506935667,0.04934262692433844,0.08673041864955333
248,SPEI3,0.6342097964756265,0.6018967796164486,0.5080336687206095,0.03231301685917787,0.12617612775501696
249,SPEI3,0.5595986285769307,0.5301469846946447,0.4915722969068321,0.02945164388228594,0.06802633167009858
250,SPEI3,0.5305495124316182,0.4983616830774334,0.4865503955411452,0.032187829354184794,0.04399911689047298
251,SPI3,0.5136648258532309,0.46945611379121016,0.4464818192932322,0.04420871206202076,0.0671830065599987
252,SPI3,0.48498052561212085,0.45587042233324715,0.4197012130028783,0.0291101032788737,0.06527931260924252
253,SPEI3,0.48807374574764417,0.44416447876028237,0.32509270762992193,0.043909266987361806,0.16298103811772224
254,SPEI3,0.47447402384722615,0.3959082246558829,0.3687655719152935,0.07856579919134327,0.10570845193193262
255,SPEI1,0.5371604658038718,0.495501329004117,0.5261850792363545,0.0416591367997548,0.010975386567517287
256,SPEI3,0.54258904279865,0.5117602880397891,0.49744377941226164,0.03082875475886082,0.0451452633863883
257,SPEI3,0.5063235883067267,0.4602201221226166,0.458359291899841,0.04610346618411015,0.047964296406885765
258,SPEI9,0.5075066334105331,0.47451435599411274,0.41624354332691144,0.03299227741642041,0.09126309008362171
259,SPEI3,0.6000839593908344,0.5613157871269187,0.4719820872109165,0.03876817226391571,0.12810187217991786
260,SPEI3,0.4883827307690411,0.47434207097054976,0.3429575481002902,0.01404065979849134,0.14542518266875087
261,SPEI3,0.47226324810005604,0.44062679467236326,0.36361299151083976,0.03163645342769278,0.10865025658921629
262,SPEI3,0.42900297805380855,0.4186587255237584,0.32604599798871664,0.010344252530050169,0.10295698006509191
263,SPEI3,0.5450000428482233,0.5248736008094826,0.4316500599830379,0.0201264420387407,0.11334998286518544
264,SPEI9,0.475556015075462,0.43757127678968627,0.41551540207586646,0.037984738285775754,0.060040612999595566
265,SPEI3,0.5085413343267025,0.45972164326334036,0.3762102115760361,0.04881969106336209,0.13233112275066633
266,SPEI3,0.5023737110297148,0.46829097516131046,0.4502944023020761,0.03408273586840438,0.05207930872763872
267,SPEI3,0.5726736579764286,0.5342991285048112,0.5156723626257086,0.03837452947161735,0.05700129535071996
268,SPEI9,0.529297846390961,0.4802067294310076,0.4481764262683027,0.049091116959953385,0.08112142012265833
269,SPEI6,0.5541255200911486,0.5161687347906,0.5624032613173174,0.03795678530054858,-0.008277741226168867
270,SPI3,0.5303275582376917,0.5169872721572907,0.43052423131274015,0.013340286080401054,0.09980332692495159
271,SPI9,0.5023910040823507,0.46361775656368487,0.49523867149498224,0.03877324751866584,0.007152332587368471
272,SPEI9,0.5390111923346544,0.5039425764880727,0.43582889678847125,0.03506861584658172,0.10318229554618319
273,SPEI3,0.5640283090530969,0.4782009456336241,0.4715478606293907,0.08582736341947278,0.09248044842370617
274,SPEI9,0.532771574412508,0.4809121030822688,0.419605772777452,0.051859471330239215,0.11316580163505602
275,SPI3,0.5078824790429755,0.49419767937386244,0.3689559418188647,0.013684799669113012,0.13892653722411075
276,SPEI3,0.5027821701971815,0.44306975106770036,0.4312432254157416,0.059712419129481165,0.0715389447814399
277,SPEI3,0.42775839639725766,0.4016383658949915,0.28791032883960604,0.026120030502266134,0.1398480675576516
278,SPI3,0.6012090503645071,0.5379385429189579,0.42707283890479114,0.06327050744554918,0.17413621145971597
279,SPEI3,0.5667905341339736,0.5265839541726562,0.49073213492980655,0.04020657996131738,0.07605839920416707
280,SPEI3,0.5057805278868833,0.46072544962102113,0.3544962249627004,0.04505507826586219,0.15128430292418293
281,SPEI3,0.5613484653724264,0.49802859677244815,0.47415446444334036,0.06331986859997829,0.08719400092908608
282,SPEI3,0.48787160337413604,0.4547202885451815,0.40283832103155764,0.03315131482895456,0.0850332823425784
283,SPEI1,0.5252030899615829,0.5006969006220257,0.4251640430927562,0.024506189339557283,0.10003904686882675
284,SPEI3,0.4013131518711303,0.3382273696507,0.36606579821364227,0.06308578222043032,0.035247353657488045
285,SPEI3,0.5764878431150211,0.533089688342712,0.5213601420553862,0.04339815477230913,0.05512770105963494
286,SPEI3,0.5123443678380669,0.4625385721813638,0.479471475717247,0.04980579565670312,0.0328728921208199
287,SPEI3,0.5251310228726964,0.4703055631699563,0.4730338489977152,0.05482545970274011,0.052097173874981195
288,SPEI9,0.611354170337497,0.561965396253891,0.6136327410398195,0.04938877408360598,-0.0022785707023225132
289,SPEI3,0.5649314983508029,0.522860987746411,0.5494649397287829,0.04207051060439193,0.015466558622020066
290,SPEI3,0.5262360373585565,0.4774034403107009,0.4240232189463098,0.048832597047855586,0.10221281841224672
291,SPEI9,0.5119886601721091,0.4621811773286171,0.5051827591610566,0.04980748284349201,0.006805901011052495
292,SPEI1,0.4863943332885511,0.47873393985720336,0.4474250517556618,0.007660393431347723,0.03896928153288931
293,SPEI3,0.5004286884026132,0.43440395659769115,0.40792817767702483,0.06602473180492208,0.0925005107255884
294,SPEI3,0.5194171887046047,0.4878174177123069,0.46347617077608383,0.031599770992297826,0.05594101792852091
295,SPI3,0.47040080727837114,0.4051826344923985,0.3886009471042189,0.06521817278597264,0.08179986017415225
296,SPEI9,0.5416222533533726,0.5039362958131515,0.47117757940355603,0.03768595754022108,0.07044467394981652
297,SPI9,0.5403179185605509,0.5353820058855946,0.46797042894621593,0.0049359126749563,0.07234748961433496
298,SPI3,0.42125619102052736,0.3982600646623182,0.3361354737061626,0.022996126358209135,0.08512071731436477
299,SPEI3,0.5656013115780296,0.5156859342110429,0.5148374511925993,0.0499153773669867,0.05076386038543035
300,SPEI3,0.5503829633738329,0.5007843579163086,0.4205207600077277,0.04959860545752426,0.12986220336610516
301,SPEI9,0.5575298921177599,0.5395387551565292,0.5710889643106007,0.01799113696123078,-0.013559072192840804
302,SPEI3,0.49502332457410436,0.4729726377793752,0.35606278797537577,0.022050686794729157,0.1389605365987286
303,SPEI9,0.4275283185622438,0.37824611566760086,0.40279603247551876,0.04928220289464297,0.024732286086725064
304,SPEI3,0.5749754422030092,0.5269091941784039,0.49983255260580184,0.04806624802460535,0.07514288959720739
305,SPEI3,0.5021901482463296,0.4826300274643702,0.43955736664260747,0.019560120781959345,0.0626327816037221
306,SPEI9,0.5013380471327107,0.48438016931290906,0.5317434878322742,0.016957877819801626,-0.030405440699563524
307,SPEI3,0.5079274519695806,0.48599944583884946,0.3387050200810058,0.021928006130731093,0.16922243188857478
308,SPEI9,0.44355255142169964,0.4156111867566025,0.4491640938628373,0.027941364665097113,-0.005611542441137651
309,SPEI3,0.4150183252058843,0.35789689071776287,0.2818107049659235,0.0571214344881214,0.1332076202399608
310,SPI3,0.5513070462276363,0.5076144086180873,0.474117386333798,0.043692637609549,0.07718965989383825
311,SPI3,0.5538467056607759,0.5323046948866254,0.47963125487213465,0.021542010774150522,0.07421545078864122
312,SPEI3,0.5834633841262977,0.5308262254365819,0.5088945131048271,0.05263715868971586,0.07456887102147058
313,SPEI3,0.4820863304632669,0.45851466539100616,0.40881723833059613,0.023571665072260717,0.07326909213267074
314,SPEI3,0.5106095425123016,0.46594058020434187,0.35708440463577035,0.04466896230795975,0.15352513787653127
315,SPEI3,0.47448728136194124,0.4581266053149091,0.32051449964304085,0.01636067604703212,0.1539727817189004
316,SPEI3,0.5106537247545935,0.4790596112325646,0.3663065613380615,0.0315941135220289,0.14434716341653198
317,SPEI3,0.5070306203978706,0.45749197054000984,0.4339181245671671,0.04953864985786077,0.0731124958307035
318,SPEI9,0.5938977838967775,0.537245103156644,0.5891924708231335,0.05665268074013352,0.0047053130736439686
319,SPEI3,0.5077110709061637,0.4859239453780102,0.4325953826029575,0.02178712552815354,0.07511568830320625
320,SPEI3,0.5155305868263637,0.4720664420954012,0.44989716254467405,0.04346414473096244,0.06563342428168961
321,SPEI3,0.49259118397593055,0.44948512119814443,0.47737495087512394,0.043106062777786114,0.015216233100806609
322,SPI3,0.5947287431341671,0.5263793117301989,0.4674416561972837,0.06834943140396821,0.12728708693688345
323,SPEI9,0.5566502442636743,0.5325519897444172,0.5704240621872966,0.024098254519257067,-0.013773817923622311
324,SPEI3,0.4811942842239976,0.45192023938811043,0.41464773693716517,0.029274044835887192,0.06654654728683246
325,SPEI3,0.5577546576317538,0.5183355149649763,0.4036161280442745,0.039419142666777485,0.1541385295874793
326,SPEI3,0.4534359651721829,0.39915046454371483,0.33770511804698006,0.05428550062846804,0.11573084712520282
327,SPEI3,0.5828228690925965,0.5264761898462527,0.4361195086929688,0.056346679246343845,0.14670336039962772
328,SPEI3,0.5338464780528249,0.49247950965943643,0.4261202348571308,0.04136696839338849,0.10772624319569413
329,SPEI3,0.4870656850160502,0.43382107536170517,0.34293147988906947,0.05324460965434502,0.14413420512698072
330,SPEI9,0.49529952733794985,0.4278498009038625,0.39712805546636337,0.06744972643408736,0.09817147187158648
331,SPEI3,0.44187945517846056,0.4221142236598144,0.3981906177521792,0.019765231518646176,0.04368883742628138
332,SPEI3,0.47829558941975736,0.46600878336012763,0.3296305440275801,0.012286806059629729,0.1486650453921773
333,SPEI3,0.5207292042128805,0.4677016306317265,0.3259910323995678,0.05302757358115401,0.1947381718133127
334,SPEI9,0.4626568008219254,0.4424457507554127,0.39900121224562674,0.020211050066512692,0.06365558857629866
335,SPEI3,0.4997093434930743,0.4409494234524928,0.4099328205092185,0.058759920040581504,0.0897765229838558
336,SPEI9,0.5267886895850266,0.4909898194477712,0.5460070023992811,0.035798870137255356,-0.019218312814254568
337,SPEI3,0.46174665741664134,0.43789147609222806,0.4365952277634317,0.023855181324413277,0.025151429653209656
338,SPEI3,0.5108414097966013,0.45117778674439707,0.34622315729874553,0.05966362305220424,0.16461825249785578
339,SPEI9,0.4156134729164867,0.3873308814527382,0.2841453091885951,0.028282591463748508,0.1314681637278916
340,SPEI9,0.5600878427657666,0.5223085085454787,0.49266298257171104,0.0377793342202879,0.06742486019405558
341,SPEI3,0.5558717326303176,0.5002444531507535,0.5178549017842771,0.05562727947956414,0.03801683084604057
342,SPEI9,0.46386178909295656,0.4337557619946048,0.41441438100065503,0.03010602709835175,0.049447408092301526
343,SPEI9,0.6161372829697808,0.5708330548932584,0.4956633282921056,0.045304228076522346,0.12047395467767519
344,SPEI3,0.4866294241208325,0.43932091898152886,0.3842735075936362,0.047308505139303625,0.10235591652719628
345,SPI9,0.48662238536546926,0.48061147834418455,0.4657414816637191,0.006010907021284706,0.020880903701750164
346,SPEI3,0.44876187286136754,0.4155241346652726,0.3658011024467719,0.033237738196094935,0.08296077041459565
347,SPEI3,0.5452318744457226,0.503853154131316,0.4690866791716929,0.04137872031440659,0.07614519527402974
348,SPEI3,0.5455954537808433,0.5123090960069695,0.4758653176384373,0.03328635777387379,0.06973013614240597
349,SPEI3,0.5161136369517333,0.46803288751983996,0.5114492242311014,0.04808074943189333,0.004664412720631894
350,SPEI3,0.5323622713024868,0.4891426446782583,0.36906937682397617,0.04321962662422851,0.16329289447851064
351,SPEI9,0.5974535721208271,0.510861756867647,0.5150529954543973,0.08659181525318005,0.08240057666642975
352,SPEI6,0.5926302358677275,0.543679349363689,0.5454555606647751,0.04895088650403845,0.047174675202952376
353,SPEI3,0.4811597144522298,0.43720541380124867,0.4020193817517594,0.04395430065098116,0.07914033270047044
354,SPEI3,0.5226530668643327,0.4612659713883703,0.386597714258084,0.06138709547596238,0.13605535260624868
355,SPEI3,0.5378306786901142,0.4833402101426881,0.4191541884370529,0.054490468547426174,0.11867649025306137
356,SPI3,0.5274063753401053,0.48026253674442165,0.4285747348943826,0.04714383859568361,0.09883164044572268
357,SPEI3,0.6121147991677004,0.5448289320734577,0.4517036475531348,0.06728586709424267,0.1604111516145656
358,SPEI3,0.46565282071753195,0.40419619207925855,0.39275106925737263,0.06145662863827339,0.07290175146015931
359,SPEI3,0.505545074889104,0.4749268674784576,0.38675950740233606,0.03061820741064647,0.118785567486768
360,SPI3,0.5017630083145924,0.4819251165917123,0.3917161790532748,0.01983789172288014,0.11004682926131759
361,SPI3,0.4792109035696906,0.46073005541619794,0.400624612278928,0.018480848153492657,0.07858629129076261
362,SPEI3,0.5049572869229055,0.4588200699073551,0.43756031138843554,0.04613721701555046,0.06739697553447
363,SPI3,0.5046051484062412,0.47224720522685737,0.43087716443473273,0.032357943179383786,0.07372798397150843
364,SPEI3,0.4780943993852333,0.45265931367216516,0.4226151948001579,0.02543508571306813,0.05547920458507538
365,SPI6,0.46287810151406494,0.42442529587776245,0.450828742027253,0.03845280563630249,0.012049359486811961
366,SPEI6,0.5538170557326189,0.521204339832798,0.5368795817602229,0.03261271589982084,0.016937473972395978
367,SPEI3,0.506390791447514,0.4434466712215656,0.4383289348482872,0.06294412022594836,0.06806185659922676
368,SPEI3,0.5946620702751098,0.5521463353818533,0.4857852456702076,0.04251573489325644,0.10887682460490217
369,SPEI3,0.5875908906067604,0.5254236677082869,0.5002124378909133,0.06216722289847354,0.0873784527158471
370,SPEI3,0.48497301013038746,0.42752102697630856,0.3079691368875349,0.0574519831540789,0.17700387324285255
371,SPEI3,0.5493929901449361,0.5004203843437667,0.5050707632194984,0.048972605801169466,0.04432222692543775
372,SPEI3,0.49538553577370825,0.4636531698651282,0.3896011240942467,0.03173236590858003,0.10578441167946157
373,SPEI3,0.5545898443099895,0.4981302380603708,0.5322725860127739,0.056459606249618655,0.022317258297215536
374,SPEI3,0.47242411785737376,0.39321672458737494,0.35953698754023283,0.07920739326999882,0.11288713031714093
375,SPEI3,0.5267339159562653,0.486684628438198,0.3226461996419141,0.0400492875180673,0.2040877163143512
376,SPEI9,0.5330906392665578,0.49872784708631596,0.487853638290599,0.0343627921802418,0.04523700097595873
377,SPEI3,0.588349686025359,0.5568168161474205,0.5824118114297002,0.03153286987793846,0.005937874595658754
378,SPEI3,0.49550830358418424,0.46216171481291574,0.42902049744079124,0.033346588771268504,0.066487806143393
379,SPEI3,0.4950659712546848,0.4635162050010789,0.394317233382743,0.03154976625360595,0.10074873787194183
380,SPEI3,0.5469359811052378,0.5359491883704387,0.5253006617136282,0.010986792734799078,0.021635319391609564
381,SPEI3,0.5760941216628825,0.533476234260144,0.5007970529872199,0.04261788740273853,0.07529706867566266
382,SPEI3,0.5349363672433987,0.510529173396638,0.409401458445533,0.02440719384676071,0.12553490879786566
383,SPEI3,0.5563563102744655,0.49231351580215965,0.48306923421714226,0.06404279447230588,0.07328707605732326
384,SPEI9,0.48640194954384247,0.4722646576143782,0.41226290909107643,0.01413729192946428,0.07413904045276604
385,SPEI3,0.533500200077138,0.47071805534521305,0.46288813674293305,0.062782144731925,0.070612063334205
386,SPI3,0.48397300628111184,0.4597177402853836,0.3753463202208428,0.024255265995728248,0.10862668606026904
387,SPEI3,0.5242078616228384,0.4824090491770247,0.4643634272160794,0.04179881244581368,0.05984443440675896
388,SPEI3,0.5012909214929155,0.4714983118194551,0.3337658152923567,0.029792609673460424,0.16752510620055883
389,SPEI3,0.5875278880483472,0.52047661458181,0.4858941767584331,0.06705127346653716,0.10163371128991411
390,SPEI3,0.5072535001457874,0.43915684467374955,0.5047101007691701,0.06809665547203786,0.0025433993766172946
391,SPI3,0.4621102239323798,0.4217617711298938,0.4026587817913284,0.040348452802486,0.059451442141051414
392,SPEI9,0.5024982503714442,0.43611588414083996,0.48080485367413855,0.06638236623060428,0.02169339669730569
393,SPI3,0.4897764447421378,0.4409482871565217,0.4190332763036862,0.048828157585616094,0.07074316843845158
394,SPEI9,0.5267810591157057,0.4850194561742841,0.4270835269308364,0.041761602941421616,0.09969753218486932
395,SPEI3,0.5375667729212162,0.48947290573843466,0.41227478563442094,0.04809386718278158,0.1252919872867953
396,SPEI3,0.4980423886191013,0.43365017999179106,0.45019121430994385,0.06439220862731021,0.04785117430915742
397,SPEI3,0.5174260266860635,0.4879938813751186,0.4401627137967566,0.0294321453109449,0.07726331288930693
398,SPEI3,0.519199947667318,0.4615450855803,0.4342112571547167,0.05765486208701803,0.08498869051260133
399,SPEI3,0.5178346465205128,0.473316912099797,0.4169948419083395,0.04451773442071583,0.10083980461217329
400,SPEI3,0.5617799450831802,0.5145967142063635,0.5151688005735241,0.04718323087681664,0.04661114450965609
401,SPEI3,0.5033349642325705,0.45201814239369437,0.3653509545358514,0.05131682183887615,0.1379840096967191
402,SPEI9,0.5584858586403368,0.5175871281727199,0.43847361521172207,0.04089873046761694,0.12001224342861477
403,SPEI3,0.551066897439267,0.4922731941848324,0.5146004369788201,0.05879370325443456,0.03646646046044688
404,SPEI9,0.4592651894954946,0.45752114508791364,0.4267156072475838,0.0017440444075809691,0.032549582247910824
405,SPEI3,0.5426265691689631,0.47546831420569236,0.5275026329086148,0.06715825496327077,0.015123936260348358
406,SPEI3,0.5374981609166299,0.510106319307024,0.45805074345962915,0.02739184160960595,0.07944741745700079
407,SPEI3,0.47139083522927017,0.42255200777033824,0.39135903781318443,0.04883882745893192,0.08003179741608574
408,SPEI3,0.5460123896312051,0.5090485741912463,0.469164558188241,0.03696381543995886,0.07684783144296414
409,SPI3,0.49237916134942916,0.4690450563795953,0.45864378018243207,0.023334104969833847,0.03373538116699709
410,SPEI9,0.6047256333831791,0.5336291257203287,0.5347168434917915,0.07109650766285036,0.07000878989138759
411,SPEI9,0.5817331557340394,0.5602467378702051,0.508699738424358,0.021486417863834317,0.07303341730968138
412,SPEI9,0.5445991251573045,0.49811649012979353,0.5665068673215288,0.04648263502751093,-0.02190774216422431
413,SPEI3,0.5374135868837657,0.49764492259585325,0.4005198258007343,0.03976866428791248,0.13689376108303142
414,SPEI9,0.6212794274800983,0.5569397333198381,0.5461218530171109,0.0643396941602602,0.07515757446298743
415,SPEI3,0.538488377018624,0.5103470833892615,0.5045967008640069,0.028141293629362463,0.03389167615461708
416,SPI3,0.5460300799806999,0.47828392851139345,0.4654666651657181,0.0677461514693064,0.08056341481498175
417,SPEI3,0.5410784160913604,0.5092962405584924,0.4832332594185585,0.031782175532867996,0.057845156672801934
418,SPEI3,0.42831208842830837,0.38622764141296706,0.32319778139091804,0.04208444701534131,0.10511430703739033
419,SPEI3,0.5014482071333001,0.439078269328099,0.42991903661081193,0.06236993780520106,0.07152917052248814
420,SPEI3,0.559896701003949,0.5458172873741167,0.493935626562171,0.014079413629832227,0.06596107444177796
421,SPI3,0.5734021949054944,0.5543903767779911,0.3832698951716518,0.0190118181275033,0.1901322997338426
422,SPEI3,0.5638239682979876,0.5221651303289454,0.5568970260678247,0.04165883796904224,0.006926942230162991
423,SPEI3,0.5310523536764998,0.5053876488202382,0.5159479041265232,0.0256647048562616,0.015104449549976584
424,SPEI9,0.5302055343999572,0.4854730601072584,0.48713650458888824,0.04473247429269883,0.04306902981106897
425,SPEI3,0.5305112710429839,0.48672678057887325,0.5084487942143208,0.04378449046411065,0.022062476828663136
426,SPEI3,0.5631752823488329,0.5127796065902471,0.4258914913141034,0.05039567575858572,0.13728379103472943
427,SPEI3,0.5332500228169955,0.45839315267905123,0.38628728497520554,0.07485687013794429,0.14696273784178998
428,SPEI3,0.5329197622008793,0.4853855061071785,0.4845915772680812,0.04753425609370082,0.04832818493279811
429,SPEI9,0.58532329926545,0.5297268276633178,0.5892346574660676,0.055596471602132214,-0.0039113582006176095
430,SPEI3,0.5517320093706509,0.5178896899744878,0.44940185394841453,0.03384231939616311,0.10233015542223639
431,SPEI3,0.42601460702527394,0.38370783203776626,0.3897226549771816,0.04230677498750768,0.036291952048092324
432,SPEI9,0.539173273177129,0.5076933221485701,0.47112302626422475,0.03147995102855894,0.06805024691290429
433,SPEI9,0.5827461148422286,0.5323291950180651,0.5974294959491716,0.05041691982416352,-0.014683381106943005
434,SPEI3,0.5226577836418068,0.45364626322352547,0.36047227472559024,0.06901152041828135,0.16218550891621658
435,SPI3,0.44489702682119225,0.43246867056715965,0.30416754744380003,0.012428356254032602,0.14072947937739222
436,SPEI3,0.49250572648236746,0.4703271447813503,0.3561470596527962,0.022178581701017164,0.13635866682957126
437,SPEI3,0.5534622085349364,0.5014941869416065,0.4414488277305707,0.051968021593329916,0.11201338080436574
438,SPEI9,0.5055640185827784,0.44969413366330785,0.5147433001928486,0.05586988491947059,-0.0091792816100702
439,SPEI3,0.5126548827158623,0.5066185859087384,0.3585266773602473,0.00603629680712392,0.15412820535561506
440,SPEI3,0.5562672998590183,0.4911353615144199,0.4717548002808206,0.06513193834459846,0.08451249957819773
441,SPEI3,0.43102614436940756,0.3907707453420197,0.40260778331598507,0.04025539902738784,0.028418361053422492
442,SPEI3,0.5331671545832216,0.4851680756247236,0.39991294948253575,0.04799907895849803,0.13325420510068586
443,SPEI9,0.5728107245394232,0.5415849613645238,0.49019249289191297,0.031225763174899335,0.0826182316475102
444,SPEI9,0.4842569934588563,0.4302581046888189,0.48548034274197516,0.05399888877003739,-0.0012233492831188464
445,SPEI3,0.49277616927536516,0.47090982935771936,0.4367540995579407,0.021866339917645805,0.05602206971742446
446,SPEI3,0.5913750556057159,0.5813127072117643,0.5614097383676443,0.010062348393951592,0.02996531723807161
447,SPEI3,0.4949692065739312,0.44260608794571177,0.366436147797129,0.05236311862821941,0.12853305877680216
448,SPEI3,0.5397418128104237,0.4840109800878927,0.48716116442097107,0.05573083272253099,0.05258064838945259
449,SPEI3,0.46286244349464817,0.4316254174618606,0.3618598995151951,0.03123702603278755,0.10100254397945307
450,SPEI9,0.5836027554054436,0.5337276216281412,0.4578149393217178,0.04987513377730235,0.1257878160837258
451,SPI3,0.5234842677324297,0.4943706885720728,0.35757037821193144,0.02911357916035695,0.1659138895204983
452,SPEI9,0.47763710798682185,0.43918758370378813,0.4140889495053131,0.03844952428303372,0.06354815848150874
453,SPEI3,0.5240437944590088,0.49142918484231307,0.31134665481906015,0.03261460961669577,0.21269713963994868
454,SPEI3,0.4935616414098768,0.4454139949349287,0.4702057693381635,0.04814764647494807,0.0233558720717133
455,SPEI3,0.4885748721069572,0.4229739992324252,0.3685294084687698,0.06560087287453203,0.12004546363818741
456,SPEI3,0.4751862022159141,0.4418827336015823,0.44554776644807736,0.03330346861433181,0.029638435767836757
457,SPEI9,0.5611199766267295,0.515342581095173,0.5492455422644948,0.045777395531556575,0.011874434362234676
458,SPEI9,0.5174241680055817,0.47674529134566557,0.41569975274149756,0.0406788766599161,0.1017244152640841
459,SPEI3,0.5164343473458883,0.49099887627706496,0.46243722501502144,0.02543547106882338,0.0539971223308669
460,SPEI9,0.39878458239381254,0.37649151060450353,0.2572148568517109,0.022293071789309005,0.14156972554210162
461,SPEI3,0.46238038578170265,0.4268205148195005,0.2963605592422145,0.035559870962202145,0.16601982653948816
462,SPEI3,0.5458893226416375,0.5000842770195877,0.4277944378115796,0.04580504562204979,0.11809488483005787
463,SPEI9,0.49724479674578465,0.4489253948768855,0.5097946902564542,0.04831940186889916,-0.01254989351066954
464,SPI3,0.5499218025732163,0.49830320376178544,0.46026717935543077,0.05161859881143088,0.08965462321778556
465,SPEI9,0.5142362970105504,0.479716404238568,0.41078093686303907,0.03451989277198242,0.10345536014751133
466,SPEI3,0.6041752842058496,0.5684172484845728,0.5694849813497099,0.03575803572127689,0.03469030285613972
467,SPEI9,0.4041524418086879,0.3904457957760295,0.3326332850970136,0.01370664603265842,0.0715191567116743
468,SPEI3,0.46212526897305023,0.42826244059090407,0.4104330234798903,0.03386282838214616,0.05169224549315993
469,SPEI3,0.4808386598876279,0.4357034488587434,0.43192646959893466,0.045135211028884514,0.04891219028869326
470,SPEI9,0.4874880413535138,0.40602260979694504,0.4221463440185402,0.08146543155656877,0.06534169733497364
471,SPEI9,0.5533114548566983,0.5284343049299689,0.5226948743416875,0.024877149926729403,0.030616580515010816
472,SPEI3,0.5662213789766344,0.504882429954565,0.4539336560545516,0.06133894902206938,0.11228772292208278
473,SPEI3,0.487104847996529,0.46193777471488073,0.4240411532555342,0.025167073281648245,0.06306369474099477
474,SPEI3,0.4195256700070851,0.3919913152285301,0.35807311219010307,0.027534354778555037,0.061452557816982056
475,SPEI3,0.5855446173301435,0.5478938133964688,0.5321092219396708,0.037650803933674704,0.053435395390472706
476,SPEI9,0.5849995549632405,0.5192019762994444,0.5081375546239454,0.0657975786637961,0.07686200033929513
477,SPEI3,0.6620388209614405,0.6106965730671089,0.6404436567735174,0.051342247894331616,0.021595164187923066
478,SPI3,0.47250692911823483,0.4733085591724286,0.269364002645844,-0.0008016300541937582,0.20314292647239085
479,SPEI3,0.5494351291159539,0.5045963222752797,0.48826475615195364,0.044838806840674206,0.0611703729640003
480,SPEI9,0.5208333693686812,0.47400376424653995,0.4218560912543375,0.04682960512214124,0.0989772781143437
481,SPEI3,0.4959549567392178,0.43895381479444195,0.457707340742059,0.057001141944775846,0.03824761599715881
482,SPEI3,0.46766286141085117,0.41966844293197714,0.3969302146994183,0.047994418478874035,0.07073264671143287
483,SPEI3,0.49639171960700956,0.4766204434236419,0.40115002626329493,0.01977127618336766,0.09524169334371463
484,SPEI3,0.45766464217316194,0.38566344748560594,0.34359675854919697,0.072001194687556,0.11406788362396497
485,SPEI3,0.5007756927357375,0.44613749573292255,0.3573300843786899,0.05463819700281497,0.14344560835704762
486,SPEI9,0.5669541397670455,0.5256840962486898,0.5236263751571025,0.041270043518355615,0.04332776460994292
487,SPEI3,0.4561342587572602,0.417771316199395,0.3872954931073361,0.03836294255786521,0.06883876564992414
488,SPEI6,0.49687833690354066,0.44224632195884206,0.49544113712140736,0.054632014944698604,0.0014371997821333027
489,SPEI6,0.5238922400642189,0.4754774680327581,0.5555495524650016,0.04841477203146077,-0.03165731240078273
490,SPEI3,0.5392796878609964,0.47979969217691887,0.46518011654626784,0.05947999568407758,0.07409957131472861
491,SPEI3,0.5235387193433907,0.4916491369673775,0.39273083962390903,0.03188958237601319,0.13080787971948166
492,SPEI3,0.48539253922485387,0.4498134654613849,0.3327501684903595,0.03557907376346897,0.15264237073449438
493,SPEI9,0.505923895545935,0.45167779607019304,0.44188647262732894,0.05424609947574194,0.06403742291860604
494,SPEI3,0.49607722763352813,0.4515738851212998,0.4120296243000136,0.04450334251222832,0.08404760333351452
495,SPEI3,0.5152284482803541,0.45229223361819637,0.34434423688751076,0.06293621466215771,0.17088421139284332
496,SPEI3,0.5939412248856898,0.5427690443562572,0.5644747113990681,0.05117218052943262,0.02946651348662166
497,SPEI3,0.4908314788203379,0.47346553290549726,0.3228941178600481,0.01736594591484064,0.16793736096028977
498,SPEI3,0.5357042054241655,0.485129089977127,0.39962910005889096,0.05057511544703852,0.13607510536527456
499,SPEI3,0.46622618097312374,0.4615767864210799,0.28024425184593266,0.0046493945520438285,0.18598192912719108
500,SPEI3,0.49588572971679584,0.47403768926177325,0.48050697479878335,0.021848040455022588,0.015378754918012494
501,SPEI3,0.5390554503413325,0.5041404323578524,0.4473216023983991,0.03491501798348007,0.09173384794293343
502,SPEI9,0.49712478536277427,0.46452775702905047,0.38873013153251784,0.0325970283337238,0.10839465383025643
503,SPEI3,0.5530087391839548,0.5002748408529687,0.46938284800162805,0.05273389833098607,0.08362589118232672
504,SPEI3,0.5417928637086731,0.5056676780383697,0.45252782306765316,0.03612518567030343,0.08926504064101992
505,SPEI3,0.43635199471395697,0.3998658605324214,0.23862803085782236,0.03648613418153557,0.1977239638561346
506,SPI3,0.5137220979480329,0.4667431346445593,0.4086539272583308,0.04697896330347362,0.10506817068970215
507,SPEI3,0.5160570543862277,0.44152709103299326,0.45040656220926606,0.07452996335323447,0.06565049217696167
508,SPEI3,0.5668780054981905,0.525202353718164,0.49307952906053043,0.04167565178002641,0.07379847643766002
509,SPEI3,0.4612317558736111,0.43060294003073574,0.39225524438027826,0.030628815842875357,0.06897651149333284
510,SPEI3,0.5369574482139173,0.46063724399060957,0.33311403801046113,0.07632020422330776,0.2038434102034562
511,SPEI3,0.4814428454660156,0.4671316272017441,0.42179287084249656,0.014311218264271508,0.059649974623519064
512,SPEI3,0.6037691671363332,0.5568778787135785,0.4508254393418209,0.046891288422754696,0.15294372779451232
513,SPEI3,0.5333716709710163,0.47741360775715136,0.4157044991020704,0.055958063213864984,0.11766717186894593
514,SPEI3,0.5444150646033525,0.508529805014767,0.451069594893849,0.03588525958858557,0.09334546970950353
515,SPEI3,0.5484544232631312,0.491031685564291,0.4515652005355699,0.05742273769884021,0.09688922272756129
516,SPEI3,0.4530923895330483,0.3981872206211887,0.3455854678487946,0.05490516891185959,0.10750692168425369
517,SPEI9,0.4990489467597392,0.46633760737636387,0.49225920755477204,0.03271133938337534,0.006789739204967171
518,SPEI3,0.510279080242174,0.47245780971481016,0.38015793106933315,0.03782127052736389,0.1301211491728409
519,SPEI3,0.5419365670951802,0.5264469512016358,0.4661062677431174,0.015489615893544473,0.07583029935206281
520,SPEI3,0.5525973797761162,0.5124997019720119,0.4897410381754711,0.04009767780410434,0.06285634160064513
521,SPEI1,0.42689557128704797,0.3881000729231384,0.2884263826930814,0.03879549836390955,0.13846918859396656
522,SPEI3,0.4336819550395239,0.39726924461395646,0.22116238333389177,0.03641271042556743,0.21251957170563213
523,SPEI3,0.5048198682273105,0.48249438586061283,0.3620882993337498,0.02232548236669768,0.1427315688935607
524,SPEI3,0.5411700855524724,0.496346943300253,0.422545403488524,0.044823142252219395,0.11862468206394838
525,SPEI3,0.46352080214307545,0.4269330515456723,0.3426103534023773,0.03658775059740316,0.12091044874069817
526,SPEI3,0.5055840645887538,0.4651394588455101,0.4164138824627381,0.04044460574324371,0.08917018212601574
527,SPEI3,0.5051270471799153,0.49612679535717175,0.4394639639817688,0.009000251822743555,0.06566308319814651
528,SPEI9,0.49656317043771225,0.487471383134982,0.4886205126428348,0.009091787302730248,0.007942657794877461
529,SPEI3,0.5459687937172072,0.5018900139293588,0.4466232186554928,0.044078779787848354,0.09934557506171438
530,SPEI3,0.48870158850691237,0.4540163796510847,0.4697804034478672,0.034685208855827654,0.018921185059045165
531,SPI3,0.5108507151519881,0.4772612783178338,0.3574528430525768,0.033589436834154274,0.1533978720994113
532,SPEI3,0.48119312424818045,0.4366681894131141,0.44413952138069585,0.044524934835066365,0.0370536028674846
533,SPEI3,0.48313465069741635,0.470609297015305,0.4077004766779666,0.012525353682111329,0.07543417401944974
534,SPEI3,0.45939890538054795,0.40216995316545506,0.385615849630456,0.05722895221509289,0.07378305575009197
535,SPEI6,0.5405113084934366,0.5085148638014619,0.5464710735923952,0.03199644469197471,-0.005959765098958569
536,SPEI9,0.5424451845529882,0.484003248424643,0.4727588625735994,0.058441936128345195,0.06968632197938879
537,SPI3,0.5526552501444566,0.5135750080115129,0.5067870360177962,0.0390802421329437,0.04586821412666042
538,SPEI3,0.48749286940828757,0.4542844122365761,0.3835228008186779,0.03320845717171145,0.10397006858960967
539,SPEI3,0.5986615055948146,0.5509741165623616,0.520812744531592,0.047687389032452954,0.07784876106322258
540,SPEI3,0.4766412238793391,0.43820886798159026,0.39248343378401135,0.03843235589774885,0.08415779009532776
541,SPEI1,0.4733583303633228,0.44295554012784677,0.3753094433450537,0.03040279023547604,0.09804888701826914
542,SPEI3,0.5649182233879577,0.5146593538320682,0.5104891961650229,0.05025886955588954,0.054429027222934856
543,SPEI9,0.5175157953918517,0.4820335691870366,0.4090973024241827,0.03548222620481506,0.10841849296766898
544,SPEI3,0.54259696573777,0.46543229408560594,0.45893395020020644,0.07716467165216412,0.08366301553756361
545,SPEI3,0.5153389432488915,0.47163625730909126,0.4984798686652499,0.043702685939800257,0.01685907458364161
546,SPEI9,0.5678292899605962,0.5408370607383982,0.5248008445665786,0.026992229222198016,0.04302844539401762
547,SPEI3,0.42497099381126097,0.38091452858227337,0.31374373359111685,0.044056465228987596,0.11122726022014412
548,SPEI3,0.49320903128859833,0.4480799028991635,0.41013744919997874,0.045129128389434836,0.08307158208861959
549,SPEI9,0.5205764368549439,0.48557273067168033,0.4259230381058857,0.035003706183263594,0.0946533987490582
550,SPEI3,0.5267138342810157,0.45987952179927677,0.5037168315350511,0.06683431248173893,0.022997002745964612
551,SPEI9,0.5150191295062964,0.4957249313046191,0.44080928168277184,0.01929419820167727,0.07420984782352452
552,SPEI6,0.5143345158210771,0.45583458789093784,0.4839524881174468,0.058499927930139306,0.030382027703630354
553,SPEI3,0.5709394579544644,0.5331986078294881,0.41413237483824916,0.0377408501249763,0.15680708311621527
554,SPEI6,0.5457237280485733,0.512813937725127,0.5632654241014623,0.03290979032344632,-0.017541696052889022
555,SPEI3,0.5617922571273812,0.5218152432046221,0.4698688829385399,0.0399770139227591,0.09192337418884133
556,SPEI3,0.5964939593442301,0.5304179867326522,0.47816198627395406,0.06607597261157794,0.11833197307027604
557,SPEI9,0.5060400921808668,0.47998872108385693,0.5224508361206148,0.026051371097009834,-0.016410743939748063
558,SPEI9,0.5142636195760797,0.5046629420865728,0.4539686406921038,0.009600677489506881,0.06029497888397589
559,SPI3,0.5303703597134172,0.493936759901184,0.4141555496489822,0.03643359981223315,0.11621481006443496
560,SPI3,0.5436354710290486,0.49679900502090585,0.4935377489598446,0.046836466008142785,0.05009772206920404
561,SPEI9,0.5312371594243586,0.47784801042807956,0.43991549914736444,0.053389148996279,0.09132166027699412
562,SPEI3,0.5074222131516232,0.4505542662349632,0.38943631500640197,0.05686794691665997,0.1179858981452212
563,SPEI9,0.5073401751429145,0.4820079335638453,0.44399444399048943,0.025332241579069215,0.06334573115242509
564,SPEI3,0.5066058853273588,0.4265427588077533,0.4687205250807817,0.08006312651960557,0.03788536024657713
565,SPEI3,0.5535879857458068,0.5166236743970902,0.4667794778843094,0.03696431134871658,0.08680850786149741
566,SPEI3,0.530533261055336,0.4591476427754366,0.37604396469815055,0.07138561827989942,0.1544892963571855
567,SPEI3,0.5371746996337933,0.5262569610130492,0.5155579572139349,0.010917738620744077,0.021616742419858337
568,SPEI3,0.546775539567579,0.5005436540929536,0.4357045973970572,0.04623188547462531,0.11107094217052177
569,SPEI3,0.4639671627270523,0.40257660977182835,0.42480457393329774,0.06139055295522394,0.03916258879375456
570,SPEI3,0.496539329111955,0.4713777048388286,0.3575051459781997,0.02516162427312635,0.13903418313375526
571,SPEI3,0.5896999914501436,0.5354965201625475,0.5273047281880073,0.05420347128759617,0.06239526326213629
572,SPEI3,0.4787476635087344,0.4442951699271229,0.3581053944366181,0.034452493581611454,0.12064226907211628
573,SPEI3,0.5612476541002764,0.521082291390765,0.5078922166311053,0.04016536270951143,0.05335543746917115
574,SPEI3,0.3967417582994944,0.3652876273783779,0.334093622017709,0.031454130921116485,0.0626481362817854
575,SPEI3,0.5941178714848494,0.5607335635930087,0.5774718569869866,0.03338430789184066,0.01664601449786285
576,SPI3,0.5165444392980043,0.48306691550024966,0.39483840182486096,0.03347752379775465,0.12170603747314335
577,SPI3,0.49892967247034403,0.4729268072157558,0.437370468838907,0.026002865254588226,0.06155920363143702
578,SPEI3,0.5363741782035052,0.4647502561564462,0.36754826746398583,0.07162392204705897,0.16882591073951936
579,SPI3,0.4901452073772621,0.4561406181586319,0.2866211950042813,0.0340045892186302,0.2035240123729808
580,SPEI3,0.5491492207241628,0.5038052561514526,0.4480436306290838,0.04534396457271028,0.10110559009507902
581,SPEI9,0.5325864843345037,0.4795775942116955,0.46720019592557804,0.05300889012280824,0.06538628840892569
582,SPEI3,0.5775246673988133,0.5022032803095812,0.48376524413737754,0.07532138708923208,0.09375942326143571
583,SPEI3,0.5434853953646568,0.48403375730409653,0.42960634936303155,0.05945163806056025,0.11387904600162524
584,SPEI3,0.4687376850716186,0.41448071530012903,0.3784343450373084,0.05425696977148958,0.09030334003431023
585,SPEI3,0.532163824503706,0.4778349091566994,0.3768084541988698,0.05432891534700662,0.1553553703048362
586,SPEI3,0.6083965484787215,0.543638586594554,0.571954884219727,0.06475796188416749,0.03644166425899453
587,SPEI9,0.5071349981349318,0.46580124874675016,0.39115639946981257,0.04133374938818163,0.11597859866511923
588,SPEI9,0.5929953794332118,0.5103284744676598,0.4718164931173232,0.08266690496555196,0.12117888631588858
589,SPEI9,0.5696929404994798,0.5382649262645602,0.48424092950603637,0.03142801423491959,0.08545201099344346
590,SPEI3,0.48809500253697313,0.4518277080695004,0.37453435368287846,0.03626729446747273,0.11356064885409467
591,SPEI9,0.4741572921687951,0.4800814275847936,0.4543704562839025,-0.0059241354159985105,0.019786835884892606
592,SPEI3,0.5437348807151506,0.4474682484666713,0.29221990866135306,0.09626663224847931,0.2515149720537976
593,SPEI3,0.46228622556025345,0.4107014433912343,0.4340708852454183,0.05158478216901913,0.028215340314835136
594,SPEI9,0.4289041822856654,0.39650430532362013,0.4415553989224342,0.03239987696204527,-0.01265121663676877
595,SPI3,0.4909309598361278,0.4373605536435771,0.40566727085073406,0.05357040619255066,0.08526368898539372
596,SPEI9,0.46735693099755066,0.46878407624334195,0.4435029027715691,-0.0014271452457912948,0.02385402822598154
597,SPEI3,0.5637781782134692,0.499308079188991,0.49054981867908287,0.0644700990244782,0.07322835953438633
598,SPEI3,0.5349003970788657,0.49865127977933715,0.3870093401092885,0.036249117299528566,0.14789105696957722
599,SPEI3,0.5266200355174533,0.45971960185990524,0.4323577968410986,0.06690043365754805,0.09426223867635469
600,SPEI3,0.5553816374293381,0.5072395840830896,0.5188185151366103,0.04814205334624855,0.036563122292727845
601,SPEI3,0.5146911382479347,0.45149003490597567,0.3849159742956792,0.063201103341959,0.12977516395225547
602,SPEI3,0.49514075270762614,0.45059486538691285,0.43986879776577437,0.044545887320713295,0.055271954941851775
603,SPEI3,0.49984215984067965,0.4554626335272649,0.4311189031499936,0.04437952631341474,0.06872325669068602
604,SPEI3,0.4985958420219834,0.45235459322410737,0.35873027786495587,0.046241248797876056,0.13986556415702756
605,SPEI3,0.43935366475007825,0.42093222860280943,0.4327526878055449,0.01842143614726882,0.006600976944533377
606,SPEI9,0.5299198379109044,0.5036609654164049,0.537916611294115,0.02625887249449943,-0.007996773383210698
607,SPEI3,0.5721916088042739,0.5437082643909904,0.49718896316670974,0.028483344413283485,0.07500264563756415
608,SPEI3,0.47590785583928363,0.4389729653847118,0.3992946974448116,0.03693489045457182,0.07661315839447203
609,SPEI3,0.5662776897353832,0.5067375670593814,0.4436347647173578,0.05954012267600173,0.12264292501802537
610,SPEI3,0.5394519563227097,0.4967460237993465,0.48330706736359935,0.04270593252336319,0.05614488895911035
611,SPEI3,0.49224574366773544,0.4676893938694313,0.42500381661942194,0.024556349798304122,0.0672419270483135
612,SPEI9,0.48367588589683064,0.46598629692180377,0.47363084579225095,0.01768958897502687,0.010045040104579683
613,SPI3,0.4545663444021597,0.43178096708030544,0.41817991884134986,0.02278537732185426,0.03638642556080984
614,SPEI3,0.4811553529684735,0.43748006125637795,0.38184513802165976,0.043675291712095554,0.09931021494681375
615,SPEI9,0.5070360152189233,0.4832253489359047,0.3738528045227249,0.02381066628301859,0.13318321069619837
616,SPEI3,0.4485558686671676,0.39386201011316047,0.3924107500140209,0.05469385855400716,0.0561451186531467
617,SPI3,0.4882408643601151,0.46568106891529953,0.35604979287190225,0.022559795444815567,0.13219107148821285
618,SPEI9,0.48268042999986366,0.48313413368830804,0.40407518038824053,-0.0004537036884443846,0.07860524961162313
619,SPEI3,0.4899005082639338,0.44535229836705403,0.3841878354305634,0.04454820989687974,0.10571267283337038
620,SPEI3,0.4454403910981614,0.4092700445215807,0.3430055906031168,0.03617034657658069,0.10243480049504461
621,SPEI3,0.4996328887846099,0.46606430257178005,0.38980205963576214,0.03356858621282982,0.10983082914884773
622,SPEI3,0.4889040945472228,0.4664780475692693,0.39107939148780374,0.022426046977953473,0.09782470305941904
623,SPEI3,0.5109072677569007,0.4672145170234645,0.37653008402810123,0.04369275073343615,0.13437718372879942
624,SPI3,0.4951942268501553,0.4641589729809975,0.41044220599942083,0.031035253869157786,0.08475202085073447
625,SPEI3,0.5514848187277795,0.5077853500625635,0.44708470095591896,0.04369946866521601,0.10440011777186059
626,SPEI3,0.5217648799145725,0.45315597053366646,0.4443912131660254,0.06860890938090608,0.07737366674854712
627,SPEI9,0.5340473482382176,0.4771092323711586,0.46323679259218686,0.05693811586705905,0.07081055564603078
628,SPEI3,0.4883847011164094,0.4349774781954216,0.3262701403030616,0.05340722292098782,0.1621145608133478
629,SPEI3,0.5164060883729381,0.4612959860451078,0.49943762455580415,0.05511010232783031,0.01696846381713396
630,SPEI3,0.5134184384624025,0.4634853765752767,0.4161611482465782,0.04993306188712582,0.09725729021582435
631,SPEI9,0.5298490363574647,0.4842206864527656,0.440781768332683,0.045628349904699106,0.08906726802478171
632,SPI3,0.45576374523670493,0.41822086258552943,0.36804374104093207,0.0375428826511755,0.08772000419577286
633,SPEI3,0.5080739082852799,0.46301865756372806,0.41696675364134145,0.04505525072155181,0.09110715464393843
634,SPEI9,0.5185554214285881,0.4672200380784763,0.45336861296617936,0.05133538335011184,0.06518680846240876
635,SPEI9,0.5783942652076655,0.5441493417636195,0.5912506873295112,0.03424492344404595,-0.01285642212184579
636,SPEI3,0.5127201617157036,0.4698019700076914,0.38033844780407383,0.04291819170801214,0.13238171391162973
637,SPEI3,0.5364824726816152,0.5016074954411921,0.46537531011122135,0.0348749772404231,0.07110716257039384
638,SPEI3,0.5837964895426233,0.5303081300143554,0.5035572799818209,0.053488359528267915,0.08023920956080244
639,SPEI3,0.4946912680040738,0.45947848189760937,0.4461543334508758,0.035212786106464444,0.04853693455319802
640,SPEI3,0.5770354075420349,0.528633860399323,0.41083557039986535,0.04840154714271183,0.16619983714216952
641,SPEI3,0.4862015770879279,0.45672996854210984,0.4643060392549106,0.02947160854581804,0.021895537833017287
642,SPEI9,0.5143667246633442,0.4985367103173565,0.48056594357878835,0.015830014345987686,0.033800781084555864
643,SPEI3,0.5642946868070925,0.5407015516387202,0.4168139494915944,0.023593135168372248,0.1474807373154981
644,SPEI3,0.5116618999923114,0.46118202992981094,0.418984353787161,0.05047987006250043,0.0926775462051504
645,SPEI3,0.5151089086450238,0.46039578333741626,0.4244647376708469,0.054713125307607524,0.09064417097417687
646,SPEI3,0.5056918943463637,0.48612560868051774,0.36869921609084794,0.019566285665846006,0.1369926782555158
647,SPEI9,0.5041693690775939,0.4534184971895759,0.42720833778582074,0.05075087188801802,0.07696103129177317
648,SPEI3,0.5676076672203906,0.5311116530764711,0.5148813810961338,0.03649601414391945,0.05272628612425678
649,SPEI3,0.4255952605574521,0.40181165532667457,0.40196878405187586,0.02378360523077755,0.023626476505576255
650,SPEI3,0.5626542515564051,0.5105092477033665,0.5170186125330174,0.05214500385303866,0.04563563902338774
651,SPEI9,0.47317997596268163,0.4689808609367914,0.34428399033137963,0.00419911502589021,0.128895985631302
652,SPEI3,0.5831231417371775,0.5160283374462399,0.43293201821950966,0.06709480429093762,0.15019112351766783
653,SPEI9,0.5721960189287383,0.5292456577100795,0.48203675006808827,0.042950361218658806,0.09015926886065001
654,SPEI3,0.5151087085252898,0.4997284724770012,0.4461506166536431,0.015380236048288587,0.0689580918716467
655,SPEI3,0.5178727390858124,0.48197839487711186,0.43895807794730546,0.03589434420870058,0.07891466113850698
656,SPEI9,0.4615509434208847,0.43641893753597544,0.22707625283125177,0.02513200588490927,0.23447469058963294
657,SPEI3,0.5327125022735241,0.49082079831635833,0.5097617778225753,0.04189170395716574,0.022950724450948812
658,SPEI3,0.519514724745865,0.4709838792883018,0.4261994402242007,0.0485308454575632,0.09331528452166432
659,SPEI3,0.5882471277939516,0.5416870366779273,0.5427489039439648,0.04656009111602433,0.04549822384998681
660,SPEI3,0.4993700807957664,0.46620686133025796,0.371169056834524,0.03316321946550843,0.1282010239612424
661,SPEI9,0.47812089328358687,0.42087167861996433,0.4276183648028302,0.05724921466362254,0.05050252848075665
662,SPEI3,0.5210382474305585,0.4933844222379624,0.3659848947207227,0.02765382519259607,0.15505335270983578
663,SPEI3,0.5070885363733338,0.4750629557972471,0.4013846707508951,0.03202558057608673,0.10570386562243872
664,SPEI3,0.4864697738783318,0.4755579230199138,0.39744906715324346,0.010911850858418004,0.08902070672508833
665,SPEI3,0.5010597588234268,0.4450272785249843,0.4191338565200187,0.05603248029844249,0.08192590230340807
666,SPEI3,0.5060822093313696,0.46875102769717625,0.43252991036977984,0.037331181634193356,0.07355229896158977
667,SPEI9,0.49786870834303604,0.46552875489775786,0.42785792912243575,0.03233995344527818,0.07001077922060028
668,SPEI6,0.5068863868937535,0.4669376925525516,0.49876588223041773,0.03994869434120196,0.008120504663335804
669,SPEI3,0.47128476209878345,0.45475220778350095,0.3503634667710804,0.0165325543152825,0.12092129532770307
670,SPEI3,0.4686390099550312,0.4194999278960485,0.3675499842573221,0.04913908205898271,0.10108902569770911
671,SPEI3,0.5299983072387086,0.4712700403432168,0.45013927970503836,0.058728266895491765,0.07985902753367019
672,SPEI3,0.4420124637962939,0.44188524429306497,0.4030916453450359,0.00012721950322891473,0.038920818451258
673,SPEI9,0.44247972872497077,0.4309482833623356,0.34239783624146825,0.011531445362635173,0.10008189248350252
674,SPEI3,0.5925534152830098,0.5266389016235927,0.5654544234649781,0.06591451365941703,0.02709899181803166
675,SPEI6,0.5231634810063092,0.4748514442002526,0.5098395066186081,0.04831203680605656,0.013323974387701054
676,SPEI3,0.5074366147013641,0.4691657302067613,0.39600728735781404,0.038270884494602864,0.1114293273435501
677,SPEI3,0.46449021007670477,0.40706111058853073,0.1891065224965336,0.05742909948817404,0.2753836875801712
678,SPEI3,0.5574700849906704,0.5091764708506279,0.4491711808285924,0.04829361414004252,0.10829890416207799
679,SPEI3,0.5975899089158478,0.5189026255806268,0.4436004407642953,0.07868728333522101,0.15398946815155257
680,SPEI9,0.5460603484257247,0.5207167160637387,0.5673397143896374,0.025343632361986,-0.021279365963912666
681,SPEI9,0.597997652203892,0.5452022176395189,0.5059410662666811,0.05279543456437308,0.09205658593721089
682,SPEI9,0.5555560243899587,0.5336944536494477,0.46483467127524875,0.021861570740510983,0.09072135311470991
683,SPEI3,0.5051718667992501,0.4777581311774752,0.45755432662740103,0.027413735621774904,0.04761754017184905
684,SPEI3,0.5251398463349919,0.43602810707389494,0.4263626169531684,0.08911173926109694,0.09877722938182348
685,SPEI3,0.5215720630105751,0.4565519790862975,0.43253048613086276,0.0650200839242776,0.08904157687971237
686,SPEI9,0.46981754673984805,0.4420781908275418,0.3481940004419391,0.02773935591230625,0.12162354629790895
687,SPEI3,0.5287995979415484,0.5068456095470687,0.39828982229412896,0.021953988394479707,0.13050977564741945
688,SPI9,0.514778193122604,0.4911485635682924,0.4462106135628049,0.023629629554311582,0.06856757955979909
689,SPEI9,0.568389084680881,0.5372894403951244,0.5589337614115504,0.031099644285756622,0.009455323269330629
690,SPEI9,0.5051118322960821,0.5058061883135121,0.507788111525558,-0.0006943560174299535,-0.0026762792294758864
691,SPEI3,0.5250429876117306,0.48268720510602026,0.41655453584382796,0.04235578250571037,0.10848845176790267
692,SPEI3,0.5163208977496602,0.45164429600270123,0.5010600211803296,0.06467660174695894,0.015260876569330617
693,SPEI9,0.4618722606565867,0.43437042700573625,0.44953878754136994,0.02750183365085046,0.012333473115216764
694,SPEI9,0.5665240849014138,0.5294348345558256,0.5071971097414718,0.03708925034558819,0.05932697515994201
695,SPI3,0.4766879835968277,0.4254551030612179,0.38982388639908716,0.05123288053560976,0.08686409719774052
696,SPEI3,0.5116313993026614,0.4809947229469418,0.45833869617873507,0.03063667635571965,0.053292703123926366
697,SPEI3,0.5163738742368069,0.4656455553921855,0.3484031977328708,0.05072831884462142,0.1679706765039361
698,SPEI3,0.5371106025362069,0.49170968766600776,0.46070742170268125,0.04540091487019915,0.07640318083352565
699,SPEI3,0.522458175045345,0.4741763040761101,0.4219017586669143,0.048281870969234864,0.10055641637843066
700,SPEI9,0.5154213190186443,0.47971572337849,0.48418873188699285,0.0357055956401543,0.031232587131651446
701,SPEI3,0.5123689857644588,0.4985580124399539,0.30098219813777966,0.013810973324504872,0.21138678762667912
702,SPEI3,0.5418044809783988,0.5200070554744821,0.4837132304350407,0.021797425503916723,0.05809125054335812
703,SPEI3,0.4653775557439285,0.45160486708403913,0.42499616964865267,0.013772688659889343,0.040381386095275806
704,SPEI3,0.48265447773343834,0.44366395779734463,0.3948875988717152,0.038990519936093704,0.08776687886172313
705,SPEI3,0.5626516625490721,0.4963940969055207,0.4422126636291204,0.06625756564355134,0.12043899891995169
706,SPEI3,0.48940749163645925,0.4436577946666522,0.40134609317954417,0.04574969696980702,0.08806139845691507
707,SPEI3,0.5500073796317196,0.49388975627873105,0.3733805373863218,0.05611762335298859,0.17662684224539782
708,SPEI3,0.5143715214553136,0.4628421299827487,0.47111174070091255,0.05152939147256491,0.04325978075440107
709,SPEI3,0.4783291589249188,0.43477844968546725,0.44760579266828826,0.043550709239451535,0.030723366256630524
710,SPEI3,0.5347099178054683,0.4866011451236214,0.454405062767229,0.04810877268184688,0.08030485503823931
711,SPEI9,0.551559609667471,0.5562401432245242,0.5378374479635492,-0.004680533557053224,0.01372216170392182
712,SPEI3,0.4471559517234786,0.400887748360368,0.35890140550803745,0.046268203363110605,0.08825454621544115
713,SPEI3,0.5417581235116612,0.4809485515887599,0.4139208078940487,0.06080957192290132,0.12783731561761247
714,SPI3,0.5042040638634693,0.46535554134377477,0.4048893851368786,0.038848522519694506,0.09931467872659067
715,SPEI3,0.5614065828246976,0.5354095445519063,0.4886381122118984,0.025997038272791317,0.07276847061279917
716,SPI3,0.5373408771165178,0.5016243307678225,0.45394247720158815,0.035716546348695255,0.08339839991492964
717,SPEI3,0.5467798486109092,0.509679778017567,0.4509052373512779,0.037100070593342194,0.09587461125963131
718,SPEI3,0.592712603089774,0.5481169197497193,0.4759731884537829,0.044595683340054704,0.11673941463599113
719,SPEI3,0.49469246584884263,0.4524850345786524,0.369444062899512,0.04220743127019022,0.12524840294933065
720,SPEI3,0.5260236695890044,0.4713551261718302,0.5125633998950164,0.0546685434171742,0.013460269693987947
721,SPEI9,0.4831451022626449,0.4647492222564996,0.2919863871165185,0.018395880006145282,0.19115871514612642
722,SPEI9,0.5475845569708666,0.4971792158593252,0.5591650301085742,0.050405341111541435,-0.011580473137707603
723,SPEI3,0.47098351126258897,0.44588157823971974,0.3451168508450312,0.025101933022869227,0.12586666041755779
724,SPEI3,0.4726348095977328,0.41740770588302006,0.4261738314211212,0.05522710371471273,0.0464609781766116
725,SPEI6,0.4710913585754811,0.4006766568552349,0.46362468668254103,0.07041470172024622,0.007466671892940091
726,SPEI9,0.48028578813771833,0.46184064186974966,0.390358856688611,0.01844514626796867,0.08992693144910735
727,SPEI3,0.5104886674939012,0.44644745340738823,0.3509865459180537,0.06404121408651298,0.15950212157584748
728,SPEI3,0.5092545663235497,0.476307089892435,0.4366843469881054,0.03294747643111473,0.07257021933544433
729,SPEI3,0.5564281844591099,0.5363705272551947,0.4868614933808748,0.02005765720391517,0.0695666910782351
730,SPEI3,0.5458671760942199,0.5184181077449237,0.38598522215416087,0.02744906834929617,0.159881953940059
731,SPEI3,0.4443389658716303,0.4134736241002689,0.3834726709766772,0.03086534177136141,0.0608662948949531
732,SPEI3,0.47654854743982894,0.451235304710044,0.39615535162192045,0.025313242729784913,0.08039319581790849
733,SPEI3,0.5276170439823218,0.45443744312739376,0.4786328586044407,0.07317960085492803,0.04898418537788107
734,SPEI3,0.5384264982216147,0.48032170817613834,0.3892133158628051,0.05810479004547636,0.1492131823588096
735,SPEI3,0.5464751084371059,0.48661503311238313,0.5096893730379373,0.05986007532472276,0.03678573539916863
736,SPEI9,0.5378030951549656,0.49658988197147336,0.5446720623727678,0.04121321318349225,-0.006868967217802169
737,SPEI3,0.5337371279604579,0.5091313638843628,0.4448400316236773,0.02460576407609516,0.08889709633678061
738,SPEI3,0.49589304401120504,0.42929583220123785,0.4499184575926232,0.0665972118099672,0.04597458641858182
739,SPEI3,0.5080010276433335,0.4541210454408218,0.3659108505910055,0.05387998220251172,0.14209017705232807
740,SPEI3,0.5709694155088865,0.5081501832244119,0.4617332409597906,0.06281923228447461,0.10923617454909584
741,SPEI3,0.5073034755811698,0.4417417875906212,0.3555965565023346,0.06556168799054862,0.1517069190788352
742,SPEI9,0.5574593553875523,0.5243234729055392,0.5409554785185522,0.03313588248201316,0.016503876869000123
743,SPEI3,0.553417950686792,0.47306225454211004,0.5190643954844898,0.08035569614468197,0.03435355520230221
744,SPEI3,0.5141895541373628,0.49609068300891046,0.45103135607483524,0.01809887112845232,0.06315819806252754
745,SPEI6,0.4166544067639813,0.3975196857295844,0.44887353562566773,0.019134721034396895,-0.03221912886168643
746,SPEI3,0.493137139348702,0.4811700749352815,0.48463711467902415,0.011967064413420492,0.008500024669677864
747,SPEI9,0.5165392727614064,0.48344506861122377,0.46130806793789075,0.03309420415018266,0.05523120482351568
748,SPEI3,0.48843672692181284,0.4392462053381478,0.31935354231569024,0.04919052158366505,0.1690831846061226
749,SPEI3,0.49281274491986027,0.4164597573583049,0.4025544441560436,0.07635298756155534,0.09025830076381669
750,SPEI9,0.5212819408643394,0.5096827371159561,0.4288366161724826,0.011599203748383302,0.09244532469185684
751,SPEI3,0.5141979253993227,0.43809737307996455,0.4633176115478971,0.0761005523193582,0.05088031385142566
752,SPEI3,0.5056389154726345,0.46098450033691696,0.47237029303232286,0.04465441513571755,0.033268622440311646
753,SPEI3,0.5019659518997782,0.4678275000010771,0.4137383927544876,0.03413845189870113,0.08822755914529062
754,SPEI3,0.5281046837595772,0.46442826341355065,0.49413321927173204,0.06367642034602655,0.03397146448784516
755,SPEI3,0.6069708530945247,0.5576199901401596,0.56100634318191,0.04935086295436508,0.04596450991261469
756,SPEI9,0.5263795705327207,0.4661409211918964,0.4913762643790514,0.06023864934082429,0.035003306153669256
757,SPEI3,0.5085798256192344,0.48374280288167465,0.4103996859529873,0.024837022737559777,0.09818013966624711
758,SPI3,0.5279061152043449,0.5066032691052439,0.4807775210981983,0.021302846099101047,0.047128594106146615
759,SPEI3,0.5229884327347462,0.48120601581501343,0.49526217648632576,0.04178241691973272,0.0277262562484204
760,SPEI1,0.47288671170641394,0.42182176222261175,0.3822283911513603,0.05106494948380219,0.09065832055505363
761,SPEI3,0.5122739001603667,0.4772719708245701,0.40847695599164774,0.035001929335796544,0.10379694416871893
762,SPEI3,0.5759641599404615,0.5163086831654001,0.4730576546641567,0.059655476775061334,0.10290650527630474
763,SPEI3,0.4841711316103616,0.4587810310652675,0.3466056731818873,0.025390100545094108,0.13756545842847434
764,SPEI3,0.5751032047403349,0.5315024041333969,0.4508523995086296,0.04360080060693805,0.12425080523170534
765,SPEI3,0.4855663011060852,0.43030049033660933,0.3784092920676541,0.05526581076947584,0.10715700903843106
766,SPI3,0.5733530648740144,0.5085531750072662,0.48784781294270646,0.06479988986674823,0.08550525193130792
767,SPEI3,0.5278806548897864,0.4741890904252579,0.4109037582583557,0.053691564464528496,0.11697689663143074
768,SPEI3,0.5548058099917833,0.5095449010694443,0.5260946023068658,0.04526090892233903,0.028711207684917528
769,SPEI9,0.6170973936282071,0.5388796021973506,0.5225807605944764,0.0782177914308565,0.0945166330337307
770,SPEI9,0.5713833372958628,0.5026356087911602,0.5318980561908628,0.06874772850470257,0.039485281104999936
771,SPI9,0.5555893715254476,0.5048673981654411,0.5362403348812735,0.0507219733600065,0.01934903664417409
772,SPEI6,0.5321822493524263,0.4950130733273584,0.5407224318785373,0.03716917602506792,-0.008540182526110995
773,SPEI9,0.5425013172587859,0.5057055875934874,0.430535061816348,0.03679572966529854,0.11196625544243793
774,SPEI3,0.44774948346607046,0.4209360678170528,0.40571760810106827,0.02681341564901768,0.04203187536500219
775,SPEI3,0.5808307822691459,0.5146992351639893,0.4993909331084281,0.06613154710515656,0.08143984916071778
776,SPEI3,0.5488031632755677,0.502550530348425,0.4551657444678905,0.046252632927142656,0.09363741880767718
777,SPEI9,0.421437071675951,0.39805384783994063,0.3962651455150725,0.02338322383601038,0.02517192616087849
778,SPEI3,0.5225275783848315,0.4977522423834575,0.3705143817767017,0.02477533600137405,0.15201319660812984
779,SPEI3,0.5532588531172528,0.5103747649466264,0.4398873289448662,0.04288408817062639,0.11337152417238655
780,SPEI3,0.502979545874299,0.471686171959415,0.4727193649707452,0.03129337391488407,0.030260180903553868
781,SPEI3,0.5499311063768076,0.5129706368313351,0.5427224333654724,0.036960469545472496,0.007208673011335209
782,SPEI3,0.5443234648049733,0.4982713531472514,0.421899118072836,0.046052111657721884,0.12242434673213731
783,SPEI3,0.4680273900407092,0.4382351203804849,0.4010787135954879,0.029792269660224302,0.06694867644522129
784,SPI3,0.47121515363142247,0.4129191634588725,0.40095311444369197,0.058295990172549994,0.0702620391877305
785,SPEI3,0.4832445691881829,0.4211031792202602,0.3782273818683858,0.06214138996792273,0.10501718731979715
786,SPEI3,0.49059223796940443,0.45170115542245703,0.4433719358194024,0.0388910825469474,0.04722030215000206
787,SPEI3,0.46596633682569155,0.39995095463402947,0.42240407045280554,0.06601538219166209,0.043562266372886016
788,SPEI3,0.4729295036991634,0.4174545576340284,0.35373284884552403,0.05547494606513503,0.1191966548536394
789,SPEI3,0.5590145383680858,0.4916607684629466,0.48362910801930376,0.0673537699051392,0.07538543034878203
790,SPEI3,0.5084470712197459,0.4317669696134326,0.40754894417973325,0.07668010160631328,0.10089812704001261
791,SPEI3,0.5117260073555265,0.47640384714245415,0.4559347190157247,0.035322160213072384,0.05579128833980185
792,SPI9,0.5765039702326515,0.5161368302915776,0.5055525683364017,0.0603671399410739,0.07095140189624982
793,SPEI9,0.4666767797560383,0.40938296122725165,0.42447975208764765,0.05729381852878662,0.04219702766839062
794,SPI3,0.5503843843504137,0.49534245375392216,0.494394161446969,0.05504193059649154,0.055990222903444686
795,SPEI9,0.49233665350502115,0.4386670840452244,0.44073443196183665,0.05366956945979673,0.0516022215431845
796,SPEI9,0.5304891600058278,0.48630840980223716,0.5387927974078492,0.044180750203590635,-0.008303637402021447
797,SPI3,0.5367119012242244,0.5051464395964601,0.478045245260962,0.0315654616277643,0.058666655963262426
798,SPEI3,0.4794763537409201,0.46019657206419895,0.3436132466205602,0.019279781676721175,0.13586310712035993
799,SPEI3,0.5089502269514952,0.4540266061741838,0.40736763323302744,0.05492362077731139,0.10158259371846773
800,SPI3,0.5289701651046312,0.5078641677149341,0.46107018692039153,0.021105997389697095,0.0678999781842397
801,SPEI3,0.43771405241249295,0.3873020963661017,0.37287332416787355,0.05041195604639126,0.0648407282446194
802,SPEI3,0.5100088363665494,0.5061503255221789,0.4280401861101037,0.0038585108443704996,0.08196865025644567
803,SPEI3,0.4981530227259732,0.4601932345611668,0.445958519137104,0.03795978816480644,0.052194503588869234
804,SPI3,0.43713225422948265,0.4377979621179466,0.24343243278051258,-0.0006657078884639289,0.19369982144897008
805,SPEI3,0.4687080937716527,0.41896220300279935,0.40154222871740525,0.04974589076885333,0.06716586505424743
806,SPEI9,0.45729251889747785,0.4394838883597317,0.3191238155284927,0.017808630537746173,0.13816870336898512
807,SPEI3,0.5487553922433422,0.518752932784128,0.5096361752136773,0.030002459459214204,0.03911921702966492
808,SPEI6,0.5136276124531788,0.4513333607697262,0.545494274673599,0.062294251683452595,-0.03186666222042023
809,SPEI3,0.5470391045069858,0.49943589820043877,0.4269305599015517,0.04760320630654702,0.12010854460543408
810,SPEI3,0.4758403572226593,0.442149811603535,0.47008505483103347,0.033690545619124324,0.0057553023916258605
811,SPEI3,0.5003153304717237,0.45239687448914073,0.43610698870310394,0.047918455982582986,0.06420834176861978
812,SPEI3,0.5476329699679132,0.48750123077731233,0.44855003918527375,0.060131739190600886,0.09908293078263947
813,SPEI3,0.5388167795028007,0.5036055642152425,0.4119353336739128,0.03521121528755822,0.12688144582888794
814,SPEI3,0.5594334788835954,0.4774204165518866,0.44442638186995365,0.0820130623317088,0.11500709701364176
815,SPEI3,0.51262916547985,0.43528601482634766,0.41053444715035375,0.07734315065350239,0.10209471832949629
816,SPEI9,0.4568552135419669,0.42026690766128144,0.24664901162753058,0.03658830588068546,0.2102062019144363
817,SPEI3,0.5602188599576968,0.500689673529279,0.48339726879648576,0.05952918642841787,0.07682159116121107
818,SPEI3,0.49458167196695474,0.4568158205060143,0.49391316882852326,0.037765851460940414,0.0006685031384314755
819,SPEI3,0.5017948714868989,0.4752258887051564,0.5011626018284521,0.026568982781742523,0.0006322696584468712
820,SPEI3,0.5364576717204138,0.4899160325408624,0.4452041733278901,0.0465416391795514,0.09125349839252372
821,SPEI3,0.5351632969389278,0.44770378749709383,0.4962810674007955,0.087459509441834,0.03888222953813236
822,SPEI9,0.49089922156039956,0.45514372257793095,0.39475181694183287,0.0357554989824686,0.09614740461856669
823,SPEI3,0.5125821802192608,0.48005271531071575,0.4537686284683235,0.03252946490854508,0.05881355175093733
824,SPEI3,0.5188552229102306,0.4706293268331882,0.410308813227746,0.04822589607704236,0.10854640968248458
825,SPEI9,0.49203595838043296,0.4585295899217367,0.43233270402650564,0.033506368458696256,0.059703254353927315
826,SPEI3,0.5488720976438672,0.5143043183700448,0.48375099804010047,0.034567779273822485,0.06512109960376677
827,SPEI3,0.5794883740113883,0.5409516877560407,0.4778420434191333,0.03853668625534756,0.10164633059225503
828,SPEI3,0.5452478782534006,0.4910067624208463,0.4979743272326815,0.05424111583255431,0.04727355102071912
829,SPEI9,0.536459544255055,0.4929381538642325,0.5252827690768113,0.043521390390822534,0.01117677517824378
830,SPEI3,0.4996447761890227,0.44124563014020757,0.3184688592149894,0.05839914604881513,0.1811759169740333
831,SPEI3,0.4832598380081016,0.4496669221894085,0.33608518226512263,0.033592915818693114,0.147174655742979
832,SPEI3,0.5060703839775954,0.46436244164663876,0.3487059976240006,0.04170794233095665,0.1573643863535948
833,SPEI3,0.6124650814978783,0.5474733470752726,0.4173352964400876,0.06499173442260564,0.19512978505779066
834,SPEI9,0.5436127456199751,0.5212404285053499,0.4863415836096997,0.022372317114625173,0.05727116201027538
835,SPEI3,0.4224526804429059,0.37379245919225196,0.37494630172504606,0.048660221250653946,0.04750637871785984
836,SPEI3,0.49872315162592973,0.4477925208426481,0.3527343164769148,0.05093063078328164,0.14598883514901495
837,SPEI9,0.5032110409567918,0.4524323424719417,0.487662994150732,0.050778698484850116,0.015548046806059812
838,SPI3,0.484885433504391,0.4421964931808725,0.42307291500394395,0.0426889403235185,0.061812518500447056
839,SPEI3,0.5672033664868928,0.5029314032683079,0.4642049346860486,0.06427196321858497,0.10299843180084423
840,SPEI9,0.5012507559967376,0.47188341696158387,0.44894337540135126,0.02936733903515376,0.052307380595386366
841,SPEI3,0.5447397277533411,0.518573011509385,0.42467652978890863,0.026166716243956167,0.12006319796443249
842,SPEI3,0.5599624128780452,0.5106597708414936,0.5263742958105937,0.04930264203655155,0.03358811706745146
843,SPEI3,0.5303700498360698,0.48094886193443287,0.515217891292616,0.049421187901636965,0.015152158543453864
844,SPEI3,0.5818074253927966,0.4938417582041785,0.5345244098995371,0.08796566718861809,0.04728301549325953
845,SPI3,0.5988638397301251,0.5560785410899667,0.5132707342332548,0.04278529864015845,0.08559310549687038
846,SPI3,0.5342188762152216,0.5009067655453443,0.42550123942612694,0.03331211066987727,0.10871763678909463
847,SPEI3,0.4816006391701875,0.3911409540918591,0.39605361386245247,0.09045968507832836,0.085547025307735
848,SPEI3,0.597179442012501,0.540929822729649,0.5346928143804581,0.05624961928285199,0.062486627632042824
849,SPEI3,0.5143968344652601,0.4808004894043369,0.33448907326872385,0.03359634506092318,0.17990776119653623
850,SPEI6,0.5744759108535469,0.513985233104044,0.562363820108528,0.0604906777495029,0.012112090745018844
851,SPEI3,0.5341891104596155,0.46960427811541006,0.3511718084788932,0.06458483234420542,0.1830173019807223
852,SPEI3,0.4728741060856459,0.4131845874604025,0.4701462669699154,0.05968951862524341,0.0027278391157304904
853,SPEI3,0.5623233559934445,0.5042115231221308,0.4782162888261696,0.05811183287131372,0.0841070671672749
854,SPEI3,0.5223128205333307,0.4695088528762365,0.38578247438755486,0.05280396765709422,0.13653034614577586
855,SPEI3,0.547022360231924,0.47791755035145955,0.5107668218297639,0.06910480988046441,0.036255538402160115
856,SPEI3,0.5164227276985548,0.47971249343610584,0.4634607603790362,0.03671023426244896,0.05296196731951858
857,SPEI3,0.5108968808984105,0.481305346883315,0.39401514374453883,0.029591534015095455,0.11688173715387162
858,SPEI3,0.5302240681460604,0.46591288016417276,0.41784849505994454,0.06431118798188762,0.11237557308611584
859,SPEI9,0.538688094362476,0.47570481505485385,0.5048064286070846,0.06298327930762215,0.03388166575539142
860,SPEI3,0.4863830302723929,0.4419428122233976,0.38851447943548917,0.044440218048995284,0.09786855083690371
861,SPEI9,0.4687279231654869,0.4528431214885406,0.4485576243099551,0.01588480167694628,0.020170298855531787
862,SPEI3,0.5383187505410976,0.47491047334465275,0.4484188566300635,0.06340827719644482,0.08989989391103409
863,SPEI3,0.4565084785981368,0.3993250905660047,0.3520178957745758,0.05718338803213213,0.104490582823561
864,SPEI3,0.5670812866488553,0.5267214302164265,0.45520699270206455,0.04035985643242879,0.11187429394679071
865,SPEI3,0.5228361566667351,0.47350686872742265,0.4516691232257641,0.04932928793931246,0.07116703344097103
866,SPEI9,0.5139184801639625,0.4752259813391594,0.4101753028383117,0.03869249882480308,0.10374317732565075
867,SPEI9,0.47973418213479635,0.42469949670079715,0.3639514675600329,0.0550346854339992,0.11578271457476347
868,SPEI3,0.4680100493900239,0.42248447145822277,0.3238358593370058,0.04552557793180112,0.14417419005301807
869,SPEI3,0.5382599884962509,0.5003892759609906,0.4827052612646329,0.03787071253526031,0.05555472723161797
870,SPEI3,0.4971776248501105,0.4660305768732507,0.41537606006387473,0.0311470479768598,0.08180156478623579
871,SPEI9,0.4780963074589047,0.4255532496594998,0.3788062312545249,0.05254305779940488,0.0992900762043798
872,SPEI3,0.5740338557248059,0.5544149392809569,0.465558163405253,0.019618916443849055,0.1084756923195529
873,SPEI3,0.5823169656526521,0.52843689830625,0.47205244359730436,0.05388006734640216,0.11026452205534776
874,SPEI3,0.5329477734331193,0.4879295456796847,0.45931397249021394,0.04501822775343456,0.07363380094290534
875,SPEI3,0.5139361059142259,0.4677098441263058,0.4113311636035293,0.04622626178792011,0.10260494231069661
876,SPEI3,0.47527198690857314,0.4201417428097377,0.42824720083173007,0.055130244098835435,0.04702478607684307
877,SPEI3,0.5200192219880349,0.4787876842576111,0.4305135474847311,0.04123153773042376,0.08950567450330377
878,SPEI3,0.4826298770879177,0.4274696817484137,0.40933669303565745,0.055160195339504,0.07329318405226026
879,SPI3,0.5437199670304484,0.4829521847444962,0.3637748448322715,0.060767782285952254,0.17994512219817693
880,SPEI3,0.5266139993667421,0.4645038533747469,0.41777703691443135,0.062110145991995214,0.10883696245231078
881,SPEI3,0.5318701294736158,0.4791186684476185,0.4596775465055606,0.05275146102599726,0.0721925829680552
882,SPEI3,0.5115336140644444,0.46115496576889853,0.43481994130920004,0.05037864829554589,0.07671367275524438
883,SPEI3,0.5490249281886106,0.5067235745146057,0.4776735363737228,0.04230135367400489,0.07135139181488781
884,SPEI3,0.5479013420878606,0.48651781842299946,0.46428922764978525,0.061383523664861106,0.08361211443807531
885,SPEI9,0.4400658055760998,0.4247119077383021,0.38280529421720083,0.015353897837797725,0.05726051135889898
886,SPI3,0.4756494852160769,0.4629725297385763,0.353567832645955,0.01267695547750064,0.12208165257012193
887,SPEI9,0.5737685118800069,0.5233668597577734,0.5161923562600903,0.050401652122233465,0.05757615561991658
888,SPEI6,0.5144486419247446,0.43401985066550497,0.5029145701467855,0.08042879125923963,0.011534071777959065
889,SPEI3,0.5648041519238688,0.5238965691686831,0.431179083761982,0.04090758275518569,0.1336250681618868
890,SPEI3,0.5812515886834598,0.5213826791281688,0.5825932879889035,0.059868909555291006,-0.0013416993054436999
891,SPEI3,0.46339484676396153,0.41426793368060055,0.33161854317428624,0.04912691308336098,0.1317763035896753
892,SPEI3,0.5087916539516367,0.4593445518877686,0.38940195410076556,0.0494471020638681,0.11938969985087117
893,SPEI1,0.4740541399128683,0.3936943149945371,0.4265567287997094,0.08035982491833121,0.047497411113158916
894,SPEI9,0.49045548850113224,0.4505215143420126,0.37678716381524374,0.039933974159119645,0.1136683246858885
895,SPEI3,0.5321080956289624,0.4768605070777652,0.42311033012643245,0.05524758855119721,0.10899776550252999
896,SPEI3,0.5829338924730915,0.5011389114941847,0.4861120596442168,0.0817949809789068,0.09682183282887469
897,SPEI3,0.5248830171548983,0.48900588300140035,0.45332656140077343,0.035877134153497914,0.07155645575412484
898,SPI9,0.6249818990847829,0.5563241408494857,0.5880098990729957,0.06865775823529718,0.03697200001178713
899,SPEI9,0.494949259828406,0.46347716848174886,0.43393418222651275,0.03147209134665713,0.06101507760189323
900,SPEI3,0.4796564279156341,0.4258595939448156,0.3704407651875488,0.053796833970818525,0.1092156627280853
901,SPEI3,0.4921832683242848,0.4374920199031409,0.45506422186940654,0.05469124842114387,0.037119046454878235
902,SPEI3,0.5174190954079109,0.47517932603432866,0.4392622731651438,0.0422397693735822,0.07815682224276704
903,SPEI9,0.5289829092561471,0.4971580075786029,0.5000746596856998,0.031824901677544204,0.028908249570447353
904,SPEI3,0.4684552172870059,0.4535497360844316,0.36662171953281186,0.014905481202574289,0.10183349775419404
905,SPEI6,0.4287930642215381,0.3848668602432873,0.4616120877906243,0.04392620397825081,-0.03281902356908617
906,SPEI9,0.5272326381880744,0.5120065074183345,0.5060586744825181,0.015226130769739887,0.021173963705556353
907,SPEI9,0.5517205230759991,0.5307647801441434,0.4511367139390279,0.020955742931855648,0.10058380913697118
908,SPEI3,0.5565077532272173,0.49800548202157846,0.46232601466357304,0.05850227120563889,0.09418173856364431
909,SPEI6,0.5178485642555637,0.4757814686176748,0.49730999513816315,0.04206709563788891,0.02053856911740054
910,SPEI3,0.5488566262389205,0.482240150604554,0.49549691068556806,0.06661647563436651,0.05335971555335245
911,SPEI3,0.4789297123238858,0.43317886254591986,0.47180635030373214,0.04575084977796595,0.0071233620201536785
912,SPEI3,0.5084980247681622,0.46008957887641067,0.4250782261729751,0.04840844589175153,0.08341979859518711
913,SPEI3,0.510242323916839,0.42608406091065953,0.39683134046380286,0.08415826300617946,0.11341098345303613
914,SPEI3,0.5427500428369424,0.5267774866964939,0.4497275578611098,0.015972556140448457,0.0930224849758326
915,SPEI3,0.5122742180139293,0.4523282951272419,0.3820271152588325,0.059945922886687375,0.13024710275509677
916,SPEI3,0.46643862138409314,0.439708101592411,0.3713278694451624,0.026730519791682117,0.09511075193893076
917,SPEI3,0.517636456001427,0.4473357067628482,0.4285583233482634,0.07030074923857887,0.08907813265316367
918,SPEI3,0.5092384218001842,0.4711515562468624,0.43594997495618665,0.0380868655533218,0.07328844684399755
919,SPEI3,0.5784801693689554,0.5210758604260852,0.49496654203240514,0.057404308942870186,0.08351362733655027
920,SPEI9,0.5728485877081084,0.5440064065743682,0.5201503405422202,0.028842181133740263,0.05269824716588822
921,SPEI6,0.5207687543603589,0.4792425628507997,0.49921989012380236,0.04152619150955916,0.021548864236556498
922,SPEI3,0.5557227803873594,0.5298741936206698,0.5113224233353902,0.025848586766689663,0.04440035705196921
923,SPEI3,0.4254438258195943,0.3998221415582115,0.4214164904840667,0.025621684261382782,0.004027335335527571
924,SPEI3,0.5814250078716968,0.5214045249334939,0.5180690564961054,0.060020482938202946,0.06335595137559147
925,SPEI9,0.5095793993960857,0.5006237930883825,0.5384341378356606,0.008955606307703201,-0.02885473843957498
926,SPEI3,0.5025448219946546,0.4705032176341746,0.3584906623610741,0.03204160436047998,0.14405415963358048
927,SPEI3,0.48566729524371877,0.4520648560768385,0.42333846365090405,0.03360243916688027,0.062328831592814715
928,SPEI3,0.49686015294995245,0.4763175034179485,0.39170043146479355,0.020542649532003965,0.1051597214851589
929,SPEI3,0.48973818885590853,0.46285454201313925,0.39772576886093014,0.026883646842769282,0.09201241999497839
930,SPEI6,0.5391608858486022,0.4705015409138506,0.5075304237383174,0.06865934493475162,0.03163046211028486
931,SPEI3,0.4970514841298869,0.41762781865120807,0.4679560292183741,0.07942366547867885,0.02909545491151283
932,SPEI3,0.5303111993997282,0.49481256036924337,0.4179996753035336,0.03549863903048478,0.11231152409619455
933,SPEI3,0.5093594063543032,0.4636029765068326,0.3162300964295735,0.04575642984747064,0.1931293099247297
934,SPEI3,0.5548129225133559,0.5239391349394428,0.4495819942066063,0.030873787573913125,0.10523092830674963
935,SPEI3,0.5164000501964526,0.48808381581791527,0.43758635705590043,0.028316234378537364,0.0788136931405522
936,SPEI6,0.496355021575353,0.4370224788896666,0.5056616622693936,0.059332542685686385,-0.00930664069404058
937,SPEI9,0.5819491674204599,0.5223154596834326,0.47659587202886744,0.05963370773702725,0.10535329539159244
938,SPEI3,0.41586102949066106,0.37848002875732045,0.2863720392488558,0.03738100073334061,0.12948899024180527
939,SPEI3,0.49716985411466275,0.4591605703727888,0.42731766237473273,0.038009283741873956,0.06985219173993001
940,SPI3,0.4962268598013765,0.46533474301636135,0.42400112056512634,0.030892116785015133,0.07222573923625014
941,SPI9,0.49396769930288265,0.4768470588606093,0.45363885521343705,0.01712064044227335,0.04032884408944559
942,SPEI3,0.5800249312368226,0.5289317431058279,0.4729493991576152,0.05109318813099473,0.10707553207920745
943,SPEI3,0.5203021929478526,0.476755708034887,0.41356204796456775,0.043546484912965644,0.10674014498328488
944,SPEI9,0.5022839702210613,0.4816603938904278,0.500152719745863,0.020623576330633497,0.002131250475198354
945,SPEI3,0.5505582976473806,0.4850442923790498,0.524047437159505,0.06551400526833084,0.026510860487875654
946,SPEI3,0.5935799326722833,0.5490283308074542,0.503657486391445,0.04455160186482909,0.08992244628083823
947,SPEI3,0.509903467137763,0.492732761494151,0.40434996662865264,0.017170705643612005,0.10555350050911039
948,SPEI3,0.49974038844294627,0.4651368403060232,0.42160552231601794,0.03460354813692307,0.07813486612692833
949,SPEI3,0.5296792801687911,0.46968511950426123,0.41755417581634297,0.05999416066452984,0.1121251043524481
950,SPEI3,0.4978070259023713,0.4387544115891664,0.35810937285537037,0.05905261431320491,0.13969765304700094
951,SPEI6,0.5810143987070951,0.5320976294902838,0.5795819988556387,0.04891676921681132,0.0014323998514564895
952,SPEI9,0.5156536511547959,0.515945202403505,0.5223185285880478,-0.0002915512487091654,-0.006664877433251948
953,SPEI9,0.5587729419272471,0.47678793372635475,0.38679570618811143,0.08198500820089238,0.1719772357391357
954,SPEI3,0.5252326849866058,0.47745363519692935,0.4526713728842553,0.04777904978967645,0.0725613121023505
955,SPEI3,0.4956923639082755,0.4462843890588691,0.4772501425543693,0.0494079748494064,0.018442221353906163
956,SPEI3,0.53163503040133,0.5173191905133936,0.453363455638985,0.014315839887936388,0.07827157476234498
957,SPEI3,0.4777292833635915,0.45929996621708113,0.31707891834187724,0.01842931714651036,0.16065036502171426
958,SPEI3,0.4770521520709886,0.4641969294545438,0.3504075024433039,0.012855222616444784,0.12664464962768474
959,SPEI3,0.5061563085705763,0.47461039972673924,0.4116711483117346,0.03154590884383701,0.09448516025884163
960,SPEI3,0.43278344048913225,0.3656844287024059,0.2796802621479515,0.06709901178672634,0.15310317834118076
961,SPEI9,0.5638737613391814,0.5198285607846382,0.5155009188187878,0.044045200554543196,0.048372842520393644
962,SPEI9,0.5838715585661657,0.5246751081362546,0.4570405030259361,0.05919645042991106,0.1268310555402296
963,SPEI9,0.45695016364684293,0.43642479126291334,0.44665488178000656,0.020525372383929597,0.01029528186683637
964,SPEI3,0.5194715776796514,0.5070877454698299,0.4590502312750029,0.012383832209821422,0.06042134640464847
965,SPEI9,0.5548303734777801,0.5142158023237883,0.5245523789253517,0.04061457115399181,0.03027799455242841
966,SPEI3,0.5294518485139729,0.49514098454552635,0.4861386278531335,0.034310863968446514,0.04331322066083937
967,SPEI3,0.47711076310720335,0.4892510961909946,0.4008836592566237,-0.012140333083791255,0.07622710385057963
968,SPEI3,0.49811042027075,0.45724006482775126,0.36241984999975724,0.04087035544299872,0.13569057027099274
969,SPEI9,0.4611707704569384,0.43393671376228954,0.3210380302300378,0.027234056694648845,0.1401327402269006
970,SPEI3,0.5337922847288711,0.45346322866937155,0.40526259503091255,0.08032905605949953,0.12852968969795853
971,SPEI9,0.5515007101966891,0.5264773124076993,0.5797648648024188,0.025023397788989765,-0.02826415460572973
972,SPI3,0.48625742868275096,0.44845628288389294,0.3832458258249638,0.037801145798858016,0.10301160285778715
973,SPEI9,0.5197187873100264,0.4940978106951158,0.41748099442147113,0.025620976614910584,0.10223779288855528
974,SPEI3,0.5601208067577748,0.5023441103098802,0.5105216193259599,0.057776696447894516,0.049599187431814906
975,SPEI3,0.46797798762312365,0.4190327354870125,0.37791988818650596,0.04894525213611117,0.09005809943661769
976,SPEI3,0.5249225532013106,0.4807776929066698,0.47827181634547017,0.044144860294640875,0.04665073685584048
977,SPEI6,0.5757103954878069,0.5191716213115731,0.5899090194362409,0.056538774176233764,-0.014198623948433964
978,SPEI3,0.5563668798138156,0.48551324501076387,0.5161465793932305,0.07085363480305173,0.04022030042058511
979,SPEI9,0.5680310837793779,0.5344421461558184,0.5486956383673953,0.03358893762355952,0.01933544541198262
980,SPEI3,0.5067748899278968,0.42825083876653663,0.3618150715217148,0.07852405116136013,0.14495981840618194
981,SPEI3,0.5613009880684665,0.49056418236311516,0.3841757275984479,0.07073680570535135,0.1771252604700186
982,SPEI3,0.5595651891437189,0.49662148040508597,0.48074738633606023,0.06294370873863292,0.07881780280765865
983,SPEI3,0.507658082381193,0.465815344947642,0.35946662899805365,0.04184273743355105,0.14819145338313938
984,SPEI9,0.4641471001942057,0.44326698936237235,0.37453004425847536,0.02088011083183333,0.08961705593573033
985,SPEI9,0.5372564757699234,0.4959064601227894,0.4983319397153364,0.04135001564713403,0.03892453605458701
986,SPEI3,0.5542312472170204,0.5295930603044121,0.5062844523400912,0.02463818691260833,0.04794679487692921
987,SPEI3,0.562889727148896,0.5124504865331527,0.5006292245432268,0.05043924061574323,0.06226050260566918
988,SPEI9,0.5382627050339119,0.5083557058381859,0.5076681305693382,0.029906999195726036,0.0305945744645737
989,SPEI6,0.5435942295089392,0.5116755758109351,0.5773417159692292,0.03191865369800406,-0.03374748646029002
990,SPEI3,0.4946655324345957,0.43559427710111,0.4363108915728585,0.05907125533348573,0.058354640861737195
991,SPEI9,0.5389912539855618,0.5254164518413282,0.5105505617909039,0.013574802144233566,0.028440692194657946
992,SPEI3,0.4989788194368422,0.4367888328593886,0.4577729433855903,0.062189986577453615,0.041205876051251866
993,SPI3,0.548328140971671,0.5139705148568443,0.47384176547406615,0.034357626114826734,0.0744863754976049
994,SPEI3,0.4360198948189794,0.38913452262034753,0.38753298362296085,0.04688537219863187,0.048486911196018556
995,SPEI3,0.5281312622062514,0.5037516284238006,0.42020739878988134,0.024379633782450782,0.10792386341637006
996,SPEI3,0.5138579915322987,0.48127658392282974,0.40704623942710616,0.03258140760946898,0.10681175210519256
997,SPEI9,0.4736410681889625,0.41981061979470896,0.4353617338887824,0.05383044839425355,0.0382793343001801
998,SPEI3,0.5669828627971324,0.4984294043609727,0.469307246633337,0.06855345843615968,0.09767561616379539
999,SPEI3,0.5212795572548717,0.48660132031130954,0.37443124260536087,0.0346782369435622,0.14684831464951087
