name,year,month,NDVI,LST,n_scenes,n_valid,date,NDVI_min,NDVI_max,LST_min,LST_max,VCI,TCI,alpha,VHI,composite,key,VCI_LOO,TCI_LOO,VHI_LOO,SPI1,SPI3,SPI6,SPI9,SPI12,SPEI1,SPEIe1,SPEI3,SPEIe3,SPEI6,SPEIe6,SPEI9,SPEIe9,SPEI12,SPEIe12,drought,detected,threshold
Corlu,1985,6,0.4890398066111431,28.89789863022649,5,1,1985-06-01,0.3398058060169734,0.5550912779270141,24.8281463037949,41.81771643367222,69.31912277690931,76.04558387693015,0.5,72.68235332691972,median,corlu,69.31912277690931,76.04558387693015,72.68235332691972,-0.3151604433884907,-1.1258826675246234,-0.4073408216576852,-1.06992589926419,-1.1620554228865274,-0.2673055651697902,-0.2744148896886049,-1.2587448008889357,-1.2312477796812997,-0.44536119656640494,-0.3179814578594511,-1.132198433633917,-1.0590423035404213,-1.0059614197949571,-0.85768031591492,True,False,28.626458535702124
Corlu,1985,7,0.381123055209963,35.43117982142569,10,8,1985-07-01,0.2411567941070453,0.46871385428598,32.97320114614718,44.767587698768864,61.50820413695719,79.15975820944973,0.5,70.33398117320345,median,corlu,61.50820413695719,79.15975820944973,70.33398117320345,-0.2406265787707673,-1.557157288306554,-1.636677230079708,-0.9609785501612688,-1.2827263978960932,0.0667928512268741,0.18873642550572778,-1.0912389609539195,-1.0696790361613442,-1.151995395922095,-1.1467208607643733,-0.8915544640881616,-0.6862467686859733,-1.0906006822279646,-0.9874746312142068,True,False,28.626458535702124
Corlu,1985,8,0.2449924825422171,38.58075329155045,2,2,1985-08-01,0.2114858986548909,0.3861276906492696,33.698988564166115,46.7417631923928,19.18589101994825,62.5711179826768,0.5,40.87850450131253,median,corlu,19.18589101994824,62.57111798267676,40.8785045013125,-0.5889314238991633,-0.9741649188197166,-1.7342243585973594,-1.1871222493821358,-1.508044682307671,-0.4259923611212769,-0.3621603567878177,-0.5039379083460425,-0.5473111231649045,-1.222888338916542,-1.0696790361613442,-0.9515982628382196,-0.9206378906748918,-1.4036551353568774,-1.2214345945270093,False,False,28.626458535702124
Corlu,1985,9,0.1993734068907274,37.56841129540716,4,2,1985-09-01,0.1993734068907274,0.3480665630985831,27.666430007419827,42.38830436288306,0.0,32.73966990274752,0.5,16.36983495137376,median,corlu,0.0,32.73966990274752,16.36983495137376,-0.2435966139632087,-1.0515383088486026,-1.7341588283196352,-0.9111800352593572,-1.348498613060472,-0.19881272696361846,-0.1887364255057275,-0.416310440382958,-0.3179814578594511,-1.2947181694587582,-1.2312477796812997,-0.6485623985794315,-0.6470008337681493,-1.1647586397125131,-1.1364912754190764,False,True,28.626458535702124
Corlu,1985,10,0.2257719314705443,26.37589180132917,2,2,1985-10-01,0.1847029231834753,0.3357082850914537,18.0578755063624,35.57369742326176,27.19705298418226,52.51141319870632,0.5,39.85423309144429,median,corlu,27.197052984182225,52.51141319870635,39.854233091444286,-0.2572858993808831,-0.9783877181685214,-1.797372035006046,-1.8183054303402155,-1.246612770813054,-0.008907945253170544,0.10442384485535429,-0.5438805412151713,-0.3621603567878177,-1.1877184585693192,-1.3256266131669636,-1.1815871495190386,-1.2312477796812997,-0.9310809173480261,-0.85768031591492,False,False,28.626458535702124
Edirne,1985,6,0.3952913622279526,32.895808698982805,5,2,1985-06-01,0.3257017645778581,0.543975793256036,27.434696048485225,44.3577027483714,31.881758022937763,67.72965497594284,0.5,49.8057064994403,median,edirne,31.88175802293778,67.72965497594284,49.805706499440305,0.4236859002142978,-0.4758239130161121,-0.1990850667374434,-0.5840789156291931,-0.5048604778349608,0.5387187985687368,0.5964147284451815,-0.6136088970225445,-0.5964147284451813,-0.16376188931608848,-0.23136326473860486,-0.6422100142039401,-0.5825199483025973,-0.1857683775339554,-0.12754191328099132,False,False,28.626458535702124
Edirne,1985,7,0.3249957652429943,40.92613706214316,10,3,1985-07-01,0.2414503697484318,0.5612946498717422,31.965500733772664,46.739004736987454,26.120647041852045,39.34657393113632,0.5,32.733610486494186,median,edirne,26.120647041852067,39.34657393113632,32.73361048649419,-0.3943502017457719,-0.948735720636368,-0.4401313701599214,-0.237905785345778,-0.8252296880743937,0.08455752353621278,-0.02084838541615085,-0.5223417663206729,-0.4070579827398848,-0.15948084384789843,-0.06258145102371986,-0.06226054422131922,0.0,-0.5119370869881992,-0.43756036688567534,False,False,28.626458535702124
Edirne,1985,9,0.2455865980006287,33.14489941793622,4,2,1985-09-01,0.2193447657316066,0.3740988588743695,24.89643242742357,42.532933610188266,16.957116762536025,53.23070656115464,0.5,35.09391166184533,median,edirne,16.957116762536053,53.23070656115464,35.09391166184535,-0.6810058472777688,-0.5355072818226889,-0.9794361417983556,-0.559475718327595,-0.8351440592755746,-0.4562181793010707,-0.3179814578594511,-0.2280080937181107,-0.06258145102371986,-0.5736480991537994,-0.4994934456429097,-0.26077252803160583,-0.23136326473860486,-0.6336650035880923,-0.6862467686859733,False,False,28.626458535702124
Edirne,1985,10,0.2464545994549848,26.861066155884863,2,1,1985-10-01,0.2152552748781966,0.3871591272349366,16.775228355909373,32.14921296752098,18.14928760993816,34.39672241926212,0.5,26.273005014600137,median,edirne,18.14928760993816,34.39672241926212,26.273005014600137,-0.6032148122113797,-0.9432832904826288,-1.3217534465203309,-0.993024755383796,-0.7138214824039567,-0.41741685186100863,-0.5473111231649045,-0.4919805130206023,-0.4994934456429097,-0.6420441010617165,-0.6992999406425684,-0.4772026815666045,-0.4994934456429097,-0.3487297549723854,-0.21360832941705765,False,True,28.626458535702124
Kirklareli,1985,6,0.3814204855278659,33.48313671494415,5,2,1985-06-01,0.3012678806275926,0.528383243387792,29.05835330150456,45.33031971721313,35.291582183677605,72.80732211216949,0.5,54.049452147923546,median,kirklareli,35.29158218367762,72.80732211216949,54.04945214792355,0.2530966825317935,-0.3462295046707783,-0.2183266980641046,-0.7295836837779016,-0.9182651296392162,0.4020245822299228,0.407057982739885,-0.523845074131454,-0.5964147284451813,-0.22643297559467188,-0.2744148896886049,-0.8381188289771117,-0.9206378906748918,-0.7673141262721785,-0.7979517139723642,False,False,28.626458535702124
Kirklareli,1985,7,0.3254458620493171,40.8700946999448,10,3,1985-07-01,0.2485369118494177,0.5420576872552342,29.544782826486998,48.64480564115659,26.202216893699084,40.705244264108906,0.5,33.45373057890399,median,kirklareli,26.202216893699084,40.70524426410891,33.453730578904,-0.1839354309149635,-0.9759338398642275,-0.6651477315316391,-0.444876036095135,-0.9132236513442769,0.1754741541445003,0.1464499462086932,-0.6934822616336308,-0.6470008337681493,-0.4037185700036134,-0.4070579827398848,-0.2821947075074505,-0.21360832941705765,-0.7351860764640434,-0.7979517139723642,False,False,28.626458535702124
Kirklareli,1985,9,0.2299792621106564,35.999322341613734,4,2,1985-09-01,0.2264392177848136,0.4263599730650386,25.16473562126994,41.53667351686312,1.7707237654643333,33.82220975037946,0.5,17.796466757921895,median,kirklareli,1.7707237654643606,33.82220975037946,17.79646675792191,-0.8456468251780852,-1.5787430472475363,-1.3637128077923633,-0.8707218649048717,-1.2384261704276698,-0.6076210972418048,-0.6470008337681493,-0.6466978763300106,-0.6992999406425684,-0.9456619680323878,-0.8101899639922557,-0.6548757426801501,-0.6992999406425684,-1.1538385025985756,-1.3162444282273533,False,True,28.626458535702124
Kirklareli,1985,10,0.2308808700630482,23.97816577376858,2,1,1985-10-01,0.1889990885525008,0.4107584921015044,18.62167950061002,31.82191389321756,18.886135532598736,59.421279093662726,0.5,39.15370731313073,median,kirklareli,18.886135532598736,59.42127909366272,39.153707313130724,-0.7786871419639003,-2.026951020124353,-1.8322722670172928,-1.5627842780779155,-1.1734857916820742,-0.5231372867088518,-0.5473111231649045,-1.2454580800904465,-1.1467208607643733,-1.1862751442804962,-1.0696790361613442,-1.0219622997774394,-1.0696790361613442,-0.9182883552638356,-1.0590423035404213,True,False,28.626458535702124
Luleburgaz,1985,7,0.3936148498510329,33.42610043902006,10,2,1985-07-01,0.2861197837054355,0.525676930280443,29.38960752014221,46.93138124376206,44.87241048011887,76.98925443643851,0.5,60.930832458278694,median,luleburgaz,44.872410480118866,76.98925443643851,60.93083245827869,0.4397143763528101,-0.3519894457652675,-0.9010409114064608,-0.7343458500515029,-1.3476412979539107,0.9327684491059944,0.869517382024299,0.20805707081837072,0.231363264738605,-0.27406136441382317,-0.2744148896886049,-0.2910603157701571,-0.3012898176615288,-0.8385046179290315,-0.7979517139723642,False,False,28.626458535702124
Luleburgaz,1985,9,0.2229703121984276,37.45850198817528,4,1,1985-09-01,0.189633865438078,0.3446252064771623,24.782064321464777,44.39046628301203,21.50858656803484,35.35201036999635,0.5,28.430298469015597,median,luleburgaz,21.508586568034872,35.35201036999635,28.43029846901561,-0.810119463448028,-0.5897078869219706,-1.0182154714275444,-0.7838184196407573,-1.3421798016613344,-0.3404029482227172,-0.14644994620869292,0.03799910777080748,0.06258145102371986,-0.4060859798547022,-0.45279189167182926,-0.22790363043823167,-0.23136326473860486,-0.8906153274772978,-0.85768031591492,False,True,28.626458535702124
Luleburgaz,1985,10,0.2326492544837978,26.666101426926588,2,1,1985-10-01,0.1841466817202477,0.3409058538431931,17.02123923135515,33.045756172758225,30.94081967051331,39.81183813003631,0.5,35.37632890027481,median,luleburgaz,30.94081967051331,39.81183813003631,35.37632890027481,-0.4554535018190079,-1.311851320177296,-1.1551999160872155,-1.369808666770015,-1.1748461150651244,-0.21395964677682497,-0.10442384485535401,-0.6148044752416014,-0.5964147284451813,-0.38519421433054035,-0.4070579827398848,-0.5533043130107466,-0.5964147284451813,-0.648625074348044,-0.6335308991018239,False,False,28.626458535702124
Tekirdag,1985,6,0.4879077351521788,30.525605594289104,5,1,1985-06-01,0.3548692843060378,0.5418339664599165,21.08275464126619,42.242382375833,71.15699570288119,55.37326520354197,0.5,63.26513045321158,median,tekirdag,71.15699570288119,55.37326520354197,63.26513045321158,-0.0589292688461261,-0.3076319630920878,0.0032894258378557,-1.2290867315303409,-1.013207504822342,0.012894170015001902,0.02084838541615085,-0.5709051249171873,-0.4994934456429097,-0.03424098817164389,-0.10442384485535401,-1.2734574294555736,-1.3162444282273533,-0.7096388879084311,-0.6335308991018239,False,False,28.626458535702124
Tekirdag,1985,7,0.3932757846744538,34.12461658064574,10,6,1985-07-01,0.2996011031383021,0.5231666607488469,30.02835555617328,43.71619808000098,41.90031887619051,70.07372770879181,0.5,55.98702329249116,median,tekirdag,41.90031887619051,70.07372770879181,55.98702329249116,-0.0979411977379343,-1.4287417831651752,-1.0345706475225591,-0.8537853945657714,-1.5299577487533893,0.3841235457924606,0.4527918916718295,-0.734571018460923,-0.8101899639922557,-0.6065679012694158,-0.5964147284451813,-0.7348252530930818,-0.6335308991018239,-1.1085219501492682,-1.3162444282273533,False,False,28.626458535702124
Tekirdag,1985,9,0.2057421082615974,36.46989853451487,4,2,1985-09-01,0.1910186171295055,0.3434703364482764,26.40771318071996,42.414170237086566,9.65780589283198,37.13671102630016,0.5,23.39725845956607,median,tekirdag,9.657805892831961,37.13671102630016,23.39725845956606,-0.7882244714927743,-0.9502944161624052,-0.988902456637938,-0.5199188631315191,-1.4501071807043928,-0.32044703036300815,-0.3179814578594511,-0.18494679088745336,-0.23136326473860486,-0.6228271761474229,-0.6470008337681493,-0.2839521098161315,-0.4070579827398848,-1.233011085977795,-1.2214345945270093,False,True,28.626458535702124
Tekirdag,1985,10,0.2314494069927432,26.03964163448631,2,2,1985-10-01,0.2011434514005603,0.3288378133341623,13.799725248551244,32.81187913608851,23.73319787442245,35.62056956651028,0.5,29.676883720466364,median,tekirdag,23.73319787442241,35.62056956651028,29.676883720466343,-0.3058626923858284,-0.9039903807657692,-1.4827986195279463,-1.3218786685286674,-1.188428531689236,0.014376325436829368,-0.02084838541615085,-0.4430757433600294,-0.3179814578594511,-0.7948024714607804,-0.8695173820242987,-0.7648569613925525,-0.8695173820242987,-0.8346543188897432,-0.85768031591492,False,False,28.626458535702124
Uzunkopru,1985,6,0.4121345575266553,33.02745127511879,5,3,1985-06-01,0.3278017154225964,0.5030639610561858,25.3569063809869,43.49734916614595,48.11808829630578,57.71577912967332,0.5,52.91693371298955,median,uzunkopru,48.11808829630579,57.71577912967332,52.91693371298956,0.4592890818433637,-0.5833620414937968,-0.5573727507178745,-1.421290553416278,-1.4911782075161444,0.572690440847839,0.6992999406425686,-0.8113031388691813,-0.7535860816623509,-0.5931386963685218,-0.5964147284451813,-1.4002282718713892,-1.4246357618543768,-1.2107266530939254,-1.3162444282273533,False,False,28.626458535702124
Uzunkopru,1985,7,0.3772622547233921,39.07591405292578,10,5,1985-07-01,0.3090066548344354,0.4983037733049914,30.206773300306416,45.06194855960739,36.05738980098285,40.29595344513819,0.5,38.176671623060514,median,uzunkopru,36.05738980098285,40.29595344513819,38.176671623060514,-0.3719359830189395,-0.8664705194355705,-1.3830295486460478,-1.0280762732508713,-1.6854473851044856,0.08227239391382182,0.274414889688605,-0.5789929789561064,-0.6470008337681493,-1.024237680428797,-1.1467208607643733,-0.8928060263610632,-0.7409429851520691,-1.2906105734462345,-1.2214345945270093,False,False,28.626458535702124
Uzunkopru,1985,9,0.2316553365275888,34.640987004136825,4,3,1985-09-01,0.2300308150158601,0.4287520313380586,27.778661706012603,41.08830349723985,0.8174877055375765,48.44094675299698,0.5,24.629217229267276,median,uzunkopru,0.8174877055375765,48.44094675299698,24.629217229267276,-0.5947368160522037,-1.1990529148004383,-1.41337716997649,-1.0490195079703628,-1.7474388168572208,-0.4293048856669414,-0.3621603567878177,-0.533308963262026,-0.45279189167182926,-1.060302948253441,-0.998513120455002,-0.816814146420264,-0.9320757000382391,-1.4790254485664909,-1.3162444282273533,False,True,28.626458535702124
Uzunkopru,1985,10,0.2317554674329412,26.40937726213309,2,2,1985-10-01,0.2078011083839048,0.3833590486590971,17.404481016505297,30.74795713019401,13.644702718365927,32.514614865687705,0.5,23.079658792026816,median,uzunkopru,13.644702718365929,32.514614865687705,23.079658792026816,-0.2813428426405111,-0.97408696400334,-1.3865504473368018,-1.7251550336525414,-1.343323818872484,-0.12544445620260344,-0.1887364255057275,-0.6468284035556987,-0.5473111231649045,-0.8536008269977227,-0.6992999406425684,-1.152552664354319,-1.1467208607643733,-1.029520075113654,-0.9874746312142068,False,True,28.626458535702124
Corlu,1986,6,0.4242219871037334,34.27084670752777,6,6,1986-06-01,0.3398058060169734,0.5550912779270141,24.8281463037949,41.81771643367222,39.21127623606398,44.42060433814488,0.5,41.815940287104425,median,corlu,39.21127623606398,44.42060433814488,41.815940287104425,0.579931097448326,-0.8054031978499335,0.5601501979618935,0.3550651128144302,-0.0300188493942713,0.4454404906184967,0.5473111231649046,-0.704223749123794,-0.6470008337681493,0.45868969913627233,0.5473111231649046,0.2867468181122701,0.43756036688567534,0.03524498613759413,0.17041725549737824,False,False,28.56940075905409
Corlu,1986,7,0.3560899018116946,35.22751300268571,8,6,1986-07-01,0.2411567941070453,0.46871385428598,32.97320114614718,44.767587698768864,50.50737938619617,80.88656967040447,0.5,65.69697452830032,median,corlu,50.50737938619617,80.88656967040447,65.69697452830032,0.0135217233128474,-0.3802147569577311,-0.7270500946349174,0.4871195820131586,0.0125758538748122,0.037191643311285105,0.1464499462086932,-0.15993813889937078,-0.02084838541615085,-0.5477490254755069,-0.5473111231649045,0.3945545764139366,0.30128981766152896,0.03414632729341382,-0.042411701021866303,False,False,28.56940075905409
Corlu,1986,8,0.2681892472731733,38.23003357034157,12,8,1986-08-01,0.2114858986548909,0.3861276906492696,33.698988564166115,46.7417631923928,32.46837310287535,65.26011423696967,0.5,48.86424366992251,median,corlu,32.468373102875354,65.26011423696968,48.864243669922516,-1.2039503815430308,-0.1076001076136084,-1.27169667995906,-0.1738724466493048,-0.0065073506570901,-0.8355823919028097,-0.998513120455002,-0.17026771618740263,-0.1887364255057275,-0.9302469376430126,-0.8695173820242987,-0.3543115843846222,-0.48471925297706436,-0.012323668958322395,-0.17041725549737796,False,False,28.56940075905409
Corlu,1986,9,0.2486994965999392,31.3248618508006,12,6,1986-09-01,0.1993734068907274,0.3480665630985831,27.666430007419827,42.38830436288306,33.173073305579535,75.14968709114719,0.5,54.16138019836336,median,corlu,33.1730733055795,75.14968709114719,54.16138019836335,0.2085209720869166,-0.5742055723900318,-1.168301098592595,0.1362816354101557,0.0798099927887446,0.06088373480835412,0.18873642550572778,-0.43128518309592073,-0.3621603567878177,-0.9844607339930932,-0.9320757000382391,0.060622311490009344,0.02084838541615085,0.030593291815751437,0.0,False,False,28.56940075905409
Corlu,1986,10,0.219251405113695,27.037343192945087,8,4,1986-10-01,0.1847029231834753,0.3357082850914537,18.0578755063624,35.57369742326176,22.878976940748174,48.73510515701664,0.5,35.80704104888241,median,corlu,22.878976940748178,48.735105157016655,35.80704104888242,0.164430058274329,-0.3612673919859347,-0.6069812316476937,-0.8136684953400867,0.2028053032491479,0.24299185796931932,0.3179814578594512,-0.3406502780507513,-0.1887364255057275,-0.3106204356733788,-0.3621603567878177,-0.6416682113541593,-0.6470008337681493,0.11707364638834929,0.042411701021866303,False,False,28.56940075905409
Edirne,1986,6,0.3482174165309722,34.281968160823894,6,1,1986-06-01,0.3257017645778581,0.543975793256036,27.434696048485225,44.3577027483714,10.315314235717446,59.5386787125439,0.5,34.926996474130675,median,edirne,10.31531423571747,59.5386787125439,34.92699647413068,-0.421989969806285,-1.840577324151312,-0.3322623864999963,-1.0000327956501422,-1.2281832662888714,-0.39755487004943774,-0.3621603567878177,-1.5223061000082305,-1.721484142216565,-0.4808691493111165,-0.4994934456429097,-0.9949501995933543,-0.9206378906748918,-1.022311631338,-1.0590423035404213,True,False,28.56940075905409
Edirne,1986,7,0.3261679481670588,38.066703746971335,8,3,1986-07-01,0.2414503697484318,0.5612946498717422,31.965500733772664,46.739004736987454,26.48713254648968,58.70172024273308,0.5,42.59442639461138,median,edirne,26.487132546489697,58.70172024273308,42.59442639461139,-0.0129331636623351,-1.0896145336907437,-0.7614342461829577,-0.7171209467228697,-1.1327499074610383,0.18523995921845,0.231363264738605,-0.5964965411552755,-0.5964147284451813,-0.5599001376968828,-0.5964147284451813,-0.7417521334769037,-0.6862467686859733,-0.9308972327282574,-0.85768031591492,False,False,28.56940075905409
Edirne,1986,8,0.2733298518577055,40.92415298892856,12,4,1986-08-01,0.229021614478841,0.4581346810583013,33.579157128574245,46.14653160875334,19.33902681342604,41.555048972729935,0.5,30.44703789307799,median,edirne,19.339026813426038,41.55504897272988,30.447037893077958,-0.2502795688518208,-0.672037910568881,-2.3301359016658165,-1.066297302884006,-1.2705156907403778,-0.3778626714332561,-0.3621603567878177,-0.5436346518114722,-0.5473111231649045,-1.462390368661966,-1.721484142216565,-0.9944453020374252,-0.85768031591492,-1.0683287374337331,-1.2214345945270093,False,False,28.56940075905409
Edirne,1986,9,0.238711827876441,32.16479434939868,12,4,1986-09-01,0.2193447657316066,0.3740988588743695,24.89643242742357,42.532933610188266,12.514733375722717,58.78796000037619,0.5,35.65134668804945,median,edirne,12.514733375722729,58.78796000037619,35.65134668804946,-2.013260397116025,-0.9786004860464228,-2.384693977192784,-0.8633052885655474,-1.365140055901359,-0.9718832123672515,-1.0696790361613442,-0.7222554289227476,-0.8695173820242987,-1.5223217402573128,-1.721484142216565,-0.7981442669897006,-0.7535860816623509,-1.156662493108618,-1.2214345945270093,False,False,28.56940075905409
Edirne,1986,10,0.2152552748781966,26.689664381300148,8,1,1986-10-01,0.2152552748781966,0.3871591272349366,16.775228355909373,32.14921296752098,0.0,35.51160433774186,0.5,17.75580216887093,median,edirne,0.0,35.51160433774186,17.75580216887093,0.5815367663338016,-0.3664811044849325,-0.986223494632498,-0.9365566256764192,-0.9132833892730272,0.5880930134664207,0.5473111231649046,-0.36724987314712204,-0.3179814578594511,-0.6114241141095362,-0.6470008337681493,-0.7234013584779725,-0.5964147284451813,-0.8549781692911791,-0.85768031591492,False,True,28.56940075905409
Kirklareli,1986,6,0.3286092507048771,29.490418933518768,6,1,1986-06-01,0.3012678806275926,0.528383243387792,29.05835330150456,45.33031971721313,12.038538364378716,97.34472391980172,0.5,54.691631142090216,median,kirklareli,12.038538364378738,97.34472391980171,54.69163114209022,0.1192181033886038,-1.4253098156928383,-0.575398445617987,-0.8219980964670337,-1.251893748188862,0.046378271123271086,0.02084838541615085,-1.3127733873366962,-1.4335644069425781,-0.8154998295362546,-0.6992999406425684,-0.9532911811103323,-1.1364912754190764,-1.124412398279072,-1.4246357618543768,True,False,28.56940075905409
Kirklareli,1986,7,0.3555853155127393,37.69678021515357,8,3,1986-07-01,0.2485369118494177,0.5420576872552342,29.544782826486998,48.64480564115659,36.47046908871048,57.3194363809581,0.5,46.89495273483429,median,kirklareli,36.47046908871048,57.319436380958116,46.8949527348343,-0.1477982510689514,-0.9577844137644576,-1.394073683384438,-0.6745146583164409,-1.259504729027773,0.04723102636555201,-0.02084838541615085,-0.6190301677609116,-0.5473111231649045,-1.1876972975302746,-1.2312477796812997,-0.8490811148884658,-0.7979517139723642,-1.1342716375774327,-1.2214345945270093,False,False,28.56940075905409
Kirklareli,1986,8,0.2670238861671161,39.903595352071946,12,4,1986-08-01,0.2398971291224648,0.4850300345873192,31.684933185315188,45.96482627922851,11.066142667876363,42.44591249594236,0.5,26.75602758190936,median,kirklareli,11.066142667876365,42.44591249594236,26.75602758190936,-1.7126835097748498,-0.6647792840365123,-2.337620918218539,-1.4915935283918662,-1.258781936620588,-1.120997064870486,-1.0696790361613442,-0.6574328071638106,-0.5964147284451813,-1.6761427271424751,-1.721484142216565,-1.4731897047650493,-1.5529586332276093,-1.3008944810172491,-1.3162444282273533,False,True,28.56940075905409
Kirklareli,1986,9,0.2382575167668933,32.335981556126484,12,4,1986-09-01,0.2264392177848136,0.4263599730650386,25.16473562126994,41.53667351686312,5.911491763581124,56.19794076554113,0.5,31.054716264561126,median,kirklareli,5.911491763581137,56.19794076554113,31.054716264561133,-1.1982148140118332,-1.714825045804434,-2.4000928714412795,-1.251296196991999,-1.3557251124246084,-1.1161740914803278,-1.2312477796812997,-1.141674110457973,-1.0696790361613442,-1.8036792274952664,-1.721484142216565,-1.3250948465380907,-1.4335644069425781,-1.4076018518626658,-1.5529586332276093,True,False,28.56940075905409
Kirklareli,1986,10,0.1889990885525008,25.92727700332483,8,1,1986-10-01,0.1889990885525008,0.4107584921015044,18.62167950061002,31.82191389321756,0.0,44.65554712569253,0.5,22.327773562846264,median,kirklareli,0.0,44.655547125692514,22.327773562846257,0.2547972984868559,-0.9191311403749476,-1.2588817628340132,-1.7253262452632812,-1.0935316732410492,0.26423856261517004,0.36216035678781794,-0.9810866392298447,-0.8695173820242987,-1.0161565852414185,-0.8695173820242987,-1.4625034199298128,-1.5613982817308512,-1.275799359508583,-1.5529586332276093,False,True,28.56940075905409
Luleburgaz,1986,6,0.4124820884575784,33.0770593254832,6,1,1986-06-01,0.3409911048494393,0.5448500175709519,20.665396881359143,43.24732335614259,35.068853578063305,45.03718512243061,0.5,40.053019350246956,median,luleburgaz,35.068853578063305,45.037185122430614,40.053019350246956,-0.7839280383026878,-2.083820773940856,1.0754334618470194,0.6356534096187642,0.3001656736716183,-0.6588723679564408,-0.6992999406425684,-1.376064148273425,-1.3256266131669636,1.0225138584552216,0.9320757000382391,0.6603963408665233,0.5825199483025975,0.48175240485349907,0.43756036688567534,True,False,28.56940075905409
Luleburgaz,1986,7,0.3643251443603923,37.69656598902988,8,2,1986-07-01,0.2861197837054355,0.525676930280443,29.38960752014221,46.93138124376206,32.64580571820678,52.64470628929378,0.5,42.645256003750276,median,luleburgaz,32.64580571820678,52.64470628929378,42.645256003750276,-0.5889630409233589,-2.16952689812625,-1.3765718435657492,0.7827834818885825,0.1284041212895615,-0.19075244326095422,-0.1887364255057275,-0.9883133700550842,-1.1467208607643733,-0.9217324521881942,-0.8695173820242987,0.7431139622148905,0.7979517139723645,0.22101234821197108,0.43756036688567534,False,False,28.56940075905409
Luleburgaz,1986,8,0.2498089270155856,37.66136845397784,12,2,1986-08-01,0.1897432281143768,0.4336564687796705,30.05982308745959,48.39365705434462,24.62584595136148,58.538157483872006,0.5,41.58200171761674,median,luleburgaz,24.625845951361473,58.538157483872006,41.58200171761674,0.3430339073814514,-0.9052232397163978,-2.0860232415605067,0.2016634768770748,0.2414662597051922,-0.1264543852100605,-0.06258145102371986,-0.6703603189619143,-0.8101899639922557,-1.2112724711541294,-1.2312477796812997,0.11840564801261055,0.17041725549737824,0.27845404825419523,0.3459716702172352,False,False,28.56940075905409
Luleburgaz,1986,9,0.2418846729605216,39.87435743729813,12,1,1986-09-01,0.189633865438078,0.3446252064771623,24.782064321464777,44.39046628301203,33.712081702207755,23.031498714531377,0.5,28.371790208369568,median,luleburgaz,33.712081702207776,23.031498714531377,28.371790208369575,-1.831962031684166,-1.058180458372755,-2.484054096033813,0.3773402987480288,0.1983694624399664,-0.9040484725784435,-1.1467208607643733,-0.611118800648707,-0.6470008337681493,-1.4597129913016573,-1.3256266131669636,0.37778211164460185,0.3179814578594512,0.17730749443547048,0.12754191328099146,False,True,28.56940075905409
Tekirdag,1986,6,0.4462128643920221,34.41342305309587,6,4,1986-06-01,0.3548692843060378,0.5418339664599165,21.08275464126619,42.242382375833,48.85606149444055,36.99951351198671,0.5,42.92778750321364,median,tekirdag,48.856061494440546,36.99951351198671,42.92778750321363,1.5514198891321396,0.0743635137261095,1.190454655071302,0.6219316506284827,0.2265341572914795,1.606720944375273,1.561398281730852,-0.056692423957214536,0.02084838541615085,1.1400046453783048,1.146720860764374,0.607127703437611,0.8576803159149204,0.36079695657825794,0.3913554652074412,False,False,28.56940075905409
Tekirdag,1986,7,0.3863772487348117,35.044172684844035,8,5,1986-07-01,0.2996011031383021,0.5231666607488469,30.02835555617328,43.71619808000098,38.81463071680979,63.35567771225264,0.5,51.085154214531215,median,tekirdag,38.81463071680979,63.355677712252636,51.085154214531215,-0.4011634961005137,0.394907111983604,0.003312239892436,0.7671732083383289,0.1932209681125254,-0.19802246801703385,-0.1887364255057275,0.49375961016214037,0.5473111231649046,-0.047191745235296303,0.02084838541615085,0.694459153800716,0.6862467686859735,0.17466441066241858,0.17041725549737824,False,False,28.56940075905409
Tekirdag,1986,8,0.2501586556900544,36.27456539203016,12,6,1986-08-01,0.2145976806432795,0.4339782774087779,33.14273610933887,46.82328926867245,16.20971752793024,77.10743676651263,0.5,46.658577147221436,median,tekirdag,16.20971752793022,77.10743676651263,46.65857714722143,-1.213925929626892,0.717966516593775,-0.6693660186433221,0.1685970054824656,0.1583144709085118,-0.6587194197756219,-0.6470008337681493,0.595819610738358,0.5964147284451815,-0.45370264833679225,-0.4070579827398848,0.006148764186496343,0.042411701021866303,0.11236897782547427,0.08489986218558768,False,False,28.56940075905409
Tekirdag,1986,9,0.2409917284383718,35.01110322945912,12,3,1986-09-01,0.1910186171295055,0.3434703364482764,26.40771318071996,42.414170237086566,32.77963117252509,46.25050366584941,0.5,39.51506741918725,median,tekirdag,32.77963117252511,46.25050366584941,39.51506741918726,-0.5347775628293775,-1.2540816615890105,-0.8238123031271264,0.4317990740152236,0.1786143442587226,-0.3885691043982236,-0.4994934456429097,-0.6846222344326826,-0.8695173820242987,-0.6431548903727469,-0.7535860816623509,0.36591260655829605,0.4527918916718295,0.13388662369767776,0.12754191328099146,False,False,28.56940075905409
Tekirdag,1986,10,0.2032391470848702,27.678955753248168,8,2,1986-10-01,0.2011434514005603,0.3288378133341623,13.799725248551244,32.81187913608851,1.6411810612277515,26.99811611668599,0.5,14.31964858895687,median,tekirdag,1.6411810612277515,26.99811611668599,14.31964858895687,-0.0206281538065211,-0.6773009336418194,-0.3754158097952985,-0.5362767695334977,0.2616685876948516,0.13246935887614775,0.18873642550572778,-0.52702280498653,-0.4070579827398848,-0.19659167334721742,-0.10442384485535401,-0.42903984115517607,-0.5473111231649045,0.1462292410391446,0.08489986218558768,False,True,28.56940075905409
Uzunkopru,1986,6,0.369480618669821,31.82755498659956,6,2,1986-06-01,0.3278017154225964,0.5030639610561858,25.3569063809869,43.49734916614595,23.780879388228453,64.33026094100423,0.5,44.05557016461634,median,uzunkopru,23.780879388228477,64.33026094100423,44.055570164616356,1.8137188253165475,0.6483303659474156,0.7456239911142913,0.3119919326663886,-0.1000007695330704,1.8773815711767115,1.9439937268344982,0.42850639922886025,0.3179814578594512,0.6634812829810283,0.6470008337681494,0.19581524440822148,0.2572017876710414,-0.10730830100974895,-0.17041725549737796,False,False,28.56940075905409
Uzunkopru,1986,7,0.4125301716536307,34.13750680462393,8,5,1986-07-01,0.3090066548344354,0.4983037733049914,30.206773300306416,45.06194855960739,54.68837436915224,73.53963561044866,0.5,64.11400498980045,median,uzunkopru,54.68837436915224,73.53963561044866,64.11400498980045,-0.0392276481144062,0.9258995358789645,0.2200845068930143,0.4495951895621736,-0.0670909284409777,0.2531153140372716,0.36216035678781794,1.1455042072738042,1.325626613166965,0.2973907798546924,0.36216035678781794,0.21657232159510167,0.2572017876710414,-0.17781319798550024,-0.12754191328099132,False,False,28.56940075905409
Uzunkopru,1986,8,0.3167617247704855,37.40929228530587,12,6,1986-08-01,0.2544562098730799,0.5451981560310377,32.8374973512725,46.303434212563246,21.429833472861016,66.0491878053025,0.5,43.73951063908176,median,uzunkopru,21.429833472861016,66.0491878053025,43.73951063908176,1.5596229181099397,1.5239788871766071,0.3126425980282679,0.286684243523759,0.3061370187698726,1.3448955159757845,1.2312477796813,1.5853230420245312,1.4335644069425781,0.32322033380653226,0.36216035678781794,0.11907822379806149,0.08489986218558768,0.13582648513595671,0.12754191328099146,False,False,28.56940075905409
Uzunkopru,1986,9,0.26033670911935,28.444796837488887,12,6,1986-09-01,0.2300308150158601,0.4287520313380586,27.778661706012603,41.08830349723985,15.25045723067294,94.9950934673888,0.5,55.12277534903087,median,uzunkopru,15.250457230672913,94.9950934673888,55.12277534903085,-1.3738532963195562,0.2274564140649345,0.477168733822818,0.6136097031720751,0.2662918194081305,-0.9028735196388102,-0.9320757000382391,0.2563046969803518,0.1464499462086932,0.4742893058801676,0.36216035678781794,0.5872635807018936,0.4994934456429099,0.22504147737222613,0.2572017876710414,False,False,28.56940075905409
Uzunkopru,1986,10,0.2206513774041955,26.015149178614653,8,1,1986-10-01,0.2078011083839048,0.3833590486590971,17.404481016505297,30.74795713019401,7.319674063245163,35.46907800677289,0.5,21.394376035009024,median,uzunkopru,7.319674063245163,35.46907800677289,21.394376035009024,0.1166564786843213,0.2121921935669657,0.5895246590112833,0.1781925324616959,0.3693021812374748,0.08616921738177771,0.10442384485535429,0.14428044290378125,0.10442384485535429,0.7398499924388551,0.7535860816623511,0.2934071721619211,0.231363264738605,0.27765181780477777,0.30128981766152896,False,True,28.56940075905409
Corlu,1987,6,0.5550912779270141,31.99504390704268,11,6,1987-06-01,0.3398058060169734,0.5550912779270141,24.8281463037949,41.81771643367222,100.0,57.81589793938164,0.5,78.90794896969082,median,corlu,100.0,57.815897939381614,78.9079489696908,-0.4614395914551886,-0.9551415365071516,-1.370737996895497,-1.5264932105092015,-1.7196154237222756,-0.6437878944656292,-0.7535860816623509,-0.5185029205215155,-0.4994934456429097,-0.872474631978975,-1.1467208607643733,-0.9529665479248605,-0.9206378906748918,-1.0842674054668089,-0.9874746312142068,False,False,28.569080371438698
Corlu,1987,7,0.3467044916289542,36.84790603289381,10,6,1987-07-01,0.2411567941070453,0.46871385428598,32.97320114614718,44.767587698768864,46.38295882312493,67.14788963835215,0.5,56.765424230738546,median,corlu,46.382958823124945,67.14788963835215,56.765424230738546,0.23571875798959,-0.7953671425056715,-1.8762321239021824,-1.6451341420406596,-1.640536752686542,-0.1735826746086105,-0.14644994620869292,-0.7562169972004624,-0.5964147284451813,-1.2090423891965583,-1.2312477796812997,-1.1675136928087708,-1.1364912754190764,-1.1008819280941635,-1.0590423035404213,False,False,28.569080371438698
Corlu,1987,8,0.2789254228131338,38.61094226760096,12,8,1987-08-01,0.2114858986548909,0.3861276906492696,33.698988564166115,46.7417631923928,38.615913973451214,62.33965668007034,0.5,50.47778532676078,median,corlu,38.61591397345123,62.33965668007036,50.477785326760795,-0.0097040607647579,-0.5669713669199028,-1.3315145409318878,-1.5472861023182254,-1.5041554491567708,0.41438407510333103,0.4994934456429099,-0.4941092387329312,-0.4994934456429097,-0.5733786000661794,-0.5473111231649045,-0.9578688701400818,-0.9874746312142068,-0.8993666152788631,-0.7979517139723642,False,False,28.569080371438698
Corlu,1987,9,0.2614550365753938,35.45932634852159,10,6,1987-09-01,0.1993734068907274,0.3480665630985831,27.666430007419827,42.38830436288306,41.75150441886076,47.065868428568336,0.5,44.40868642371455,median,corlu,41.75150441886077,47.065868428568336,44.408686423714556,-1.5685869992272423,-0.9520513092966923,-1.5339041835831364,-1.7417068925870691,-1.740512196936704,-1.2760505905775315,-1.1467208607643733,-0.6319485190917912,-0.6992999406425684,-0.9913815151744332,-0.998513120455002,-1.0932005514393754,-1.2312477796812997,-1.086589862816,-1.0590423035404213,False,False,28.569080371438698
Corlu,1987,10,0.1909580590740615,22.338505349723206,9,3,1987-10-01,0.1847029231834753,0.3357082850914537,18.0578755063624,35.57369742326176,4.142327008492599,75.5613532515375,0.5,39.85184013001505,median,corlu,4.142327008492599,75.56135325153751,39.851840130015056,-0.2871329470072636,-1.2425679311849884,-1.4619015960941155,-2.1341464519232134,-1.922159303659036,-0.1065242141323305,0.02084838541615085,-0.6901672331804243,-0.5964147284451813,-1.0146866728962933,-0.9320757000382391,-1.2998878641421978,-1.3256266131669636,-1.219186547428502,-1.0590423035404213,False,False,28.569080371438698
Edirne,1987,6,0.4360283532058504,30.25867205359528,11,4,1987-06-01,0.3257017645778581,0.543975793256036,27.434696048485225,44.3577027483714,50.544991218656286,83.31279981630541,0.5,66.92889551748085,median,edirne,50.5449912186563,83.31279981630541,66.92889551748085,0.1769666523934885,0.3945871805781433,-0.2405829418802955,-0.6606824907374691,-1.0702614453573835,0.05052154710329769,0.1464499462086932,0.6254073111220627,0.7535860816623511,0.13459543649364408,0.10442384485535429,-0.1632431918310434,-0.08489986218558754,-0.46828275063717006,-0.43756036688567534,False,False,28.569080371438698
Edirne,1987,7,0.3770946546738321,38.5127792511326,10,4,1987-07-01,0.2414503697484318,0.5612946498717422,31.965500733772664,46.739004736987454,42.40947653436383,55.68229097216737,0.5,49.0458837532656,median,edirne,42.409476534363854,55.68229097216737,49.04588375326561,-0.6826970236569215,-1.109116865807678,-0.6396124638914976,-1.040993086140218,-1.1735722168866367,-0.7587037475725356,-0.8101899639922557,-0.7807328190621571,-0.8101899639922557,-0.26879224253428574,-0.3179814578594511,-0.5525660596013722,-0.3913554652074409,-0.6832748733655568,-0.5825199483025973,False,False,28.569080371438698
Edirne,1987,8,0.3144925911625097,37.79852825849945,12,3,1987-08-01,0.229021614478841,0.4581346810583013,33.579157128574245,46.14653160875334,37.30515153924051,66.42599345965318,0.5,51.86557249944685,median,edirne,37.305151539240526,66.42599345965318,51.865572499446856,0.4409842234009625,-0.2343039260445857,-0.1581227114113134,-0.6164290055410131,-1.0056154771816534,0.7652657921969295,0.6992999406425686,-0.15661858931932096,-0.10442384485535401,0.45969526928998544,0.4527918916718295,-0.17638563836216903,0.0,-0.42741189594750106,-0.345971670217235,False,False,28.569080371438698
Edirne,1987,9,0.2791540618613087,34.73048619302362,10,3,1987-09-01,0.2193447657316066,0.3740988588743695,24.89643242742357,42.532933610188266,38.64795748861203,44.240336199957845,0.5,41.44414684428494,median,edirne,38.64795748861205,44.240336199957845,41.444146844284944,-1.3117766632163614,-0.8750865733118365,-0.4877322791525699,-0.7412979573863817,-1.0215340083713365,-1.1173166314649605,-1.2312477796812997,-0.6619074485099339,-0.8101899639922557,-0.07489929025851788,-0.02084838541615085,-0.3077100088776354,-0.3179814578594511,-0.4546252982187086,-0.48471925297706436,False,False,28.569080371438698
Edirne,1987,10,0.3107828448725907,18.4170159722164,9,3,1987-10-01,0.2152552748781966,0.3871591272349366,16.775228355909373,32.14921296752098,55.57034859006677,89.32100130328591,0.5,72.44567494667635,median,edirne,55.570348590066764,89.32100130328591,72.44567494667633,0.3444333596761207,-0.3267244618179817,-0.9653351097560852,-0.816054034947472,-1.179313299558295,0.35747772779524456,0.407057982739885,-0.028546111951719428,0.10442384485535429,-0.5050028804765047,-0.4070579827398848,-0.29121802757918736,-0.4070579827398848,-0.5457718459460782,-0.5329820468077671,False,False,28.569080371438698
Kirklareli,1987,6,0.465711474349827,30.116637580038912,11,3,1987-06-01,0.3012678806275926,0.528383243387792,29.05835330150456,45.33031971721313,72.40531495699074,93.49627296727512,0.5,82.95079396213293,median,kirklareli,72.40531495699075,93.49627296727512,82.95079396213293,0.1404391346547021,0.5993319603236302,0.1073543492827968,-0.084667177122093,-0.563258536422711,0.05304269855787247,0.06258145102371986,0.9157534458042458,0.6992999406425686,0.4844473191728575,0.4994934456429099,0.36785247762937606,0.43756036688567534,-0.21825704436174864,-0.17041725549737796,False,False,28.569080371438698
Kirklareli,1987,7,0.3752703369900837,39.81938999373128,10,4,1987-07-01,0.2485369118494177,0.5420576872552342,29.544782826486998,48.64480564115659,43.17698635316247,46.20630945344752,0.5,44.691647903305,median,kirklareli,43.17698635316247,46.206309453447524,44.691647903305,-0.6176572654610304,-0.231039904172825,-0.0122333167234301,-0.2648361397433931,-0.6317123520777345,-1.0391698529884443,-0.9320757000382391,-0.36376444304354666,-0.1887364255057275,0.19568667476705626,0.06258145102371986,0.06288660147875905,0.08489986218558768,-0.40740043810507076,-0.345971670217235,False,False,28.569080371438698
Kirklareli,1987,8,0.3072052852137469,37.828991628143086,12,3,1987-08-01,0.2398971291224648,0.4850300345873192,31.684933185315188,45.96482627922851,27.45782169213193,56.9740585421697,0.5,42.215940117150815,median,kirklareli,27.45782169213195,56.9740585421697,42.21594011715082,1.028716598865765,0.1243812194588518,0.5281918229619148,0.3334264734974689,-0.287381492826944,1.285825368034347,1.325626613166965,0.04003894365452783,-0.10442384485535401,0.8979837974131014,0.9320757000382391,0.679909220495817,0.7409429851520696,0.06523267981715458,-0.08489986218558754,False,False,28.569080371438698
Kirklareli,1987,9,0.2832147595297225,33.83872111251442,10,3,1987-09-01,0.2264392177848136,0.4263599730650386,25.16473562126994,41.53667351686312,28.39902323564541,47.01918889162626,0.5,37.70910606363583,median,kirklareli,28.399023235645426,47.019188891626264,37.70910606363584,-1.1807634039180843,-0.4187065354358842,0.0496811738598722,-0.1928050109062928,-0.313830550582348,-1.3464092931672305,-1.4335644069425781,-0.39612426840944354,-0.45279189167182926,0.1718631487359453,0.18873642550572778,0.07520916057348849,0.06258145102371986,0.04158768615992387,0.08489986218558768,False,False,28.569080371438698
Kirklareli,1987,10,0.2733449368812117,19.56283581582797,9,3,1987-10-01,0.1889990885525008,0.4107584921015044,18.62167950061002,31.82191389321756,38.034846314903824,92.87015451979384,0.5,65.45250041734883,median,kirklareli,38.034846314903824,92.87015451979383,65.45250041734883,-0.1198298360419169,-0.295477662495999,-0.4129702467094234,-0.2856544674556439,-0.4709999872451479,-0.05873600001040847,-0.10442384485535401,-0.01967674162905876,0.06258145102371986,-0.3413824321022492,-0.4070579827398848,0.07724972791444012,0.274414889688605,-0.0900184240557,-0.17041725549737796,False,False,28.569080371438698
Luleburgaz,1987,6,0.5094836064554769,36.27999904562469,11,2,1987-06-01,0.3409911048494393,0.5448500175709519,20.665396881359143,43.24732335614259,82.6515256834572,30.853542625329577,0.5,56.75253415439339,median,luleburgaz,82.6515256834572,30.853542625329577,56.75253415439339,0.2174756216395976,0.0172667375071758,-0.4422143451685027,-0.7528293027022613,-1.1231104035014725,-0.09877818665659487,-0.02084838541615085,0.20187626263934888,0.1464499462086932,0.09536225853431522,0.231363264738605,-0.09212179324382355,-0.21360832941705765,-0.5419009243129717,-0.48471925297706436,False,False,28.569080371438698
Luleburgaz,1987,7,0.3951303276754438,36.76718711590399,10,2,1987-07-01,0.2861197837054355,0.525676930280443,29.38960752014221,46.93138124376206,45.50502689172588,57.94279579705257,0.5,51.72391134438922,median,luleburgaz,45.505026891725855,57.94279579705257,51.72391134438921,0.4514552230720954,-0.1189436444151705,-0.6010356808884303,-0.7751759778644933,-0.9118545696438746,0.17307493561460618,0.18873642550572778,-0.12100040089855851,-0.02084838541615085,-0.16233693335609772,-0.10442384485535401,-0.1602536921420389,-0.21360832941705765,-0.4418108068123502,-0.48471925297706436,False,False,28.569080371438698
Luleburgaz,1987,8,0.2962217219317532,38.04020286894152,12,2,1987-08-01,0.1897432281143768,0.4336564687796705,30.05982308745959,48.39365705434462,43.65424916127858,56.47184437310677,0.5,50.063046767192674,median,luleburgaz,43.6542491612786,56.47184437310677,50.06304676719269,0.2345377480001285,0.1909864804735413,-0.1020747846946713,-0.5023997762055227,-0.9181553456304972,0.8809568085257375,0.8101899639922558,0.3059635906491793,0.274414889688605,0.5507884312391834,0.5964147284451815,0.11333044923984294,0.08489986218558768,-0.2644048941898478,-0.2572017876710413,False,False,28.569080371438698
Luleburgaz,1987,9,0.2486606871152518,43.40242741199285,10,1,1987-09-01,0.189633865438078,0.3446252064771623,24.782064321464777,44.39046628301203,38.08394796860871,5.038854634644659,0.5,21.561401301626685,median,luleburgaz,38.08394796860874,5.038854634644659,21.5614013016267,-1.5012640413769105,-0.3562283431531113,-0.4048874408169,-0.6441303564958522,-0.8522639066229226,-1.0414988044860993,-1.3256266131669636,-0.11359391023812461,-0.06258145102371986,0.035385497287544344,-0.14644994620869292,-0.0861942552223669,-0.06258145102371986,-0.2681870838652434,-0.17041725549737796,False,True,28.569080371438698
Luleburgaz,1987,10,0.2307706428887177,22.01738815545676,9,1,1987-10-01,0.1841466817202477,0.3409058538431931,17.02123923135515,33.045756172758225,29.742413497758893,68.82184378867049,0.5,49.28212864321469,median,luleburgaz,29.742413497758893,68.82184378867049,49.28212864321469,0.6910667550741829,0.0732031870352046,-0.1266492020310259,-0.4427811541192036,-0.6680916438870521,0.7578576790869143,0.6992999406425686,0.3947923955238008,0.407057982739885,0.16243329741846133,0.06258145102371986,0.07751671530169614,0.06258145102371986,-0.15861512651281376,-0.17041725549737796,False,False,28.569080371438698
Tekirdag,1987,6,0.5418339664599165,34.62635133656459,11,4,1987-06-01,0.3548692843060378,0.5418339664599165,21.08275464126619,42.242382375833,100.0,35.99321847627171,0.5,67.99660923813585,median,tekirdag,100.0,35.99321847627171,67.99660923813585,-0.2249372436309036,-0.2123932322902585,0.2806343780989108,-0.1416645662181009,-0.5508937403901532,-0.2800785517474712,-0.23136326473860486,0.15173020429761364,0.10442384485535429,0.6735707091118801,0.6992999406425686,0.292959598089429,0.21360832941705765,-0.05122539924824089,-0.08489986218558754,False,False,28.569080371438698
Tekirdag,1987,7,0.4703544540886269,33.64762348952945,10,4,1987-07-01,0.2996011031383021,0.5231666607488469,30.02835555617328,43.71619808000098,76.37730640413774,73.55852153430482,0.5,74.96791396922129,median,tekirdag,76.37730640413771,73.55852153430482,74.96791396922126,-0.1195980827935045,-0.4022992210263941,-0.8293583494622097,-0.1081564730463461,-0.5330805636986444,-0.27539274319178086,-0.23136326473860486,-0.13250099439268084,-0.06258145102371986,-0.31261104921274074,-0.2744148896886049,0.2874133293731354,0.21360832941705765,-0.15870857476023698,-0.08489986218558754,False,False,28.569080371438698
Tekirdag,1987,8,0.3208028552697438,36.12690494162135,12,4,1987-08-01,0.2145976806432795,0.4339782774087779,33.14273610933887,46.82328926867245,48.411380127655406,78.18678237987383,0.5,63.29908125376462,median,tekirdag,48.411380127655384,78.18678237987383,63.29908125376461,-0.298205665239051,-0.6417040770850775,-0.4034349347199175,0.0389274238856849,-0.4681633081700167,0.35624298338767796,0.407057982739885,-0.33685759962287926,-0.4070579827398848,0.2988013914079024,0.274414889688605,0.49522182603610077,0.4847192529770645,-0.0071939944433213445,-0.042411701021866303,False,False,28.569080371438698
Tekirdag,1987,9,0.2450630548883425,40.68686396149169,10,2,1987-09-01,0.1910186171295055,0.3434703364482764,26.40771318071996,42.414170237086566,35.45019892221231,10.791309216725365,0.5,23.120754069468838,median,tekirdag,35.45019892221228,10.791309216725365,23.120754069468823,-1.5065074765888158,-1.1514303768046503,-1.008615412868075,-0.3362676398812589,-0.50486950074403,-1.1448750312279077,-1.3256266131669636,-0.5363383824823578,-0.5964147284451813,-0.41960476724599366,-0.3621603567878177,0.07239168055633172,0.10442384485535429,-0.07838940436203076,-0.08489986218558754,False,True,28.569080371438698
Tekirdag,1987,10,0.2013349337638984,21.508659714140418,9,3,1987-10-01,0.2011434514005603,0.3288378133341623,13.799725248551244,32.81187913608851,0.1499536553052112,59.452598000258725,0.5,29.801275827781968,median,tekirdag,0.14995365530521126,59.452598000258725,29.801275827781968,-0.322245092376151,-1.031909662150863,-1.033980650028649,-1.2534568927245997,-0.5933942836952557,-0.063537315468977,-0.1887364255057275,-0.5389184578118157,-0.45279189167182926,-0.5311357284724838,-0.5964147284451813,-0.6165375687251133,-0.5964147284451813,-0.1512540266253481,-0.345971670217235,False,False,28.569080371438698
Uzunkopru,1987,6,0.4099591794409396,32.314976817939055,11,6,1987-06-01,0.3278017154225964,0.5030639610561858,25.3569063809869,43.49734916614595,46.87687512010148,61.64332635449974,0.5,54.26010073730061,median,uzunkopru,46.876875120101495,61.64332635449974,54.26010073730062,0.6135346801219581,0.3649124392880429,-0.3127666031314756,-0.8074776396062509,-0.6879489573538727,0.5724280026347712,0.6470008337681494,0.6273619484297522,0.7535860816623511,0.028829546827570298,-0.02084838541615085,-0.3730142186998022,-0.43756036688567534,-0.254980580900873,-0.2572017876710413,False,False,28.569080371438698
Uzunkopru,1987,7,0.4373190832145641,37.427407932208304,10,6,1987-07-01,0.3090066548344354,0.4983037733049914,30.206773300306416,45.06194855960739,67.78361414946046,51.393137368870974,0.5,59.588375759165714,median,uzunkopru,67.78361414946043,51.393137368870974,59.5883757591657,-0.2618000546314266,-0.2838839609682709,-0.4878334130627355,-0.8823862054917136,-0.7418013647070579,-0.42242173774780295,-0.4994934456429097,-0.058429705275669826,-0.02084838541615085,-0.15185066635028885,-0.14644994620869292,-0.5566583981447603,-0.5329820468077671,-0.4603237273895664,-0.3913554652074409,False,False,28.569080371438698
Uzunkopru,1987,8,0.3448630814930292,35.71049175760357,12,6,1987-08-01,0.2544562098730799,0.5451981560310377,32.8374973512725,46.303434212563246,31.095228196220443,78.66472688885247,0.5,54.87997754253646,median,uzunkopru,31.095228196220425,78.66472688885247,54.87997754253645,0.4923909599015907,0.2286020573943852,0.0116510938485562,-0.4639643153998049,-1.0196488325863498,0.8193033146913384,0.7535860816623511,0.34099798175778967,0.274414889688605,0.5089877567892324,0.4994934456429099,-0.14438571859479118,-0.21360832941705765,-0.6021627525706774,-0.5825199483025973,False,False,28.569080371438698
Uzunkopru,1987,9,0.2808288081203935,36.3243809935118,10,4,1987-09-01,0.2300308150158601,0.4287520313380586,27.778661706012603,41.08830349723985,25.562440712003127,35.79301816272837,0.5,30.67772943736575,median,uzunkopru,25.5624407120031,35.793018162728316,30.677729437365706,-0.88336016335595,-0.5809926836798321,-0.2687962168635282,-0.6409237430556488,-1.0245171500057335,-0.9552765256645909,-1.0696790361613442,-0.37017766726845597,-0.23136326473860486,0.08326486532536971,0.1464499462086932,-0.25873715649190654,-0.2744148896886049,-0.5330716475436061,-0.6862467686859733,False,False,28.569080371438698
Uzunkopru,1987,10,0.259252494639304,21.34414949051421,9,5,1987-10-01,0.2078011083839048,0.3833590486590971,17.404481016505297,30.74795713019401,29.30735355788956,70.47494640495282,0.5,49.89114998142119,median,uzunkopru,29.307353557889556,70.47494640495282,49.89114998142119,0.4655551327278706,0.0180491681273784,-0.2752277490155705,-0.4611008485019273,-0.8026290255348753,0.5145569796603509,0.407057982739885,0.1628559272892017,0.18873642550572778,0.08041045256901815,0.06258145102371986,-0.03712974416970051,-0.02084838541615085,-0.36144691268648393,-0.5825199483025973,False,False,28.569080371438698
Corlu,1988,6,0.4298282690896308,30.89408293642248,11,7,1988-06-01,0.3398058060169734,0.5550912779270141,24.8281463037949,41.81771643367222,41.81539157007038,64.29611469709751,0.5,53.05575313358395,median,corlu,41.81539157007038,64.29611469709751,53.05575313358395,0.579931097448326,0.3476189129085533,-0.3877254532403805,0.1323637006936945,-0.2280118981311512,0.41893945510956343,0.4994934456429099,0.40429201117970054,0.407057982739885,-0.4661289605300617,-0.3621603567878177,0.11124140897003984,0.17041725549737824,-0.2004929593612817,-0.2572017876710413,False,False,28.419083962855343
Corlu,1988,7,0.4031049623142705,37.58551183574705,10,6,1988-07-01,0.2411567941070453,0.46871385428598,32.97320114614718,44.767587698768864,71.168158034684,60.89401793792632,0.5,66.03108798630515,median,corlu,71.168158034684,60.894017937926314,66.03108798630515,-0.031445012769754,-0.1581317342873117,0.0848485921956328,0.2514605484968719,-0.2751264927592014,-0.5113347736196734,-0.5964147284451813,-0.37005944298934446,-0.2744148896886049,-0.024650340785101383,-0.02084838541615085,0.089012974094077,0.0,-0.2533492861045078,-0.345971670217235,False,False,28.419083962855343
Corlu,1988,8,0.3001174268262007,37.22596802183996,10,6,1988-08-01,0.2114858986548909,0.3861276906492696,33.698988564166115,46.7417631923928,50.75046880769673,72.95836539227712,0.5,61.85441709998692,median,corlu,50.75046880769674,72.95836539227713,61.85441709998693,-1.241435696039271,-0.1309612100763376,-0.2481055535110086,-0.1225428108966763,-0.3451958683652636,-0.5842872951593657,-0.6470008337681493,-0.3781225723223319,-0.23136326473860486,-0.3162778639058007,-0.3179814578594511,-0.3023444163977423,-0.345971670217235,-0.40675058434565087,-0.48471925297706436,False,False,28.419083962855343
Corlu,1988,9,0.2263541481964559,32.08042617482385,11,7,1988-09-01,0.1993734068907274,0.3480665630985831,27.666430007419827,42.38830436288306,18.1452475647316,70.01743079157578,0.5,44.08133917815369,median,corlu,18.14524756473161,70.01743079157578,44.08133917815369,0.0011682952570589,-0.804831007003317,-0.3538460267323647,-0.8045436789966497,-0.1808793925617633,-0.08327957184333817,0.06258145102371986,-0.7255779925337403,-0.8101899639922557,-0.34594880955674695,-0.3621603567878177,-0.8153284272552679,-0.7535860816623509,-0.21684184965689185,-0.2572017876710413,False,False,28.419083962855343
Corlu,1988,10,0.2179549522055033,21.78064027299805,9,4,1988-10-01,0.1847029231834753,0.3357082850914537,18.0578755063624,35.57369742326176,22.020429342298165,78.74627417258733,0.5,50.38335175744275,median,corlu,22.020429342298147,78.74627417258733,50.38335175744274,-0.5506002883457279,-1.1505032456325954,-0.9200381439873636,-0.5859943581935954,-0.238616715983852,-0.2982288240446814,-0.45279189167182926,-0.7513401326660725,-0.6992999406425684,-0.7463763815663929,-0.5964147284451813,-0.4927615621976946,-0.4994934456429097,-0.27074879445246886,-0.345971670217235,False,False,28.419083962855343
Edirne,1988,6,0.3938499822838132,33.57494728857379,11,3,1988-06-01,0.3257017645778581,0.543975793256036,27.434696048485225,44.3577027483714,31.22140463464503,63.71654665757556,0.5,47.468975646110295,median,edirne,31.22140463464505,63.716546657575556,47.4689756461103,-0.5034190763393704,-1.2741240241887066,-0.8691053909745688,0.2619839573463576,-0.1708284217273094,-0.34719987766825666,-0.23136326473860486,-0.7009733199250601,-0.6470008337681493,-0.7273142745624208,-0.5964147284451813,0.3420964288931047,0.30128981766152896,0.054330921650205734,0.12754191328099146,False,False,28.419083962855343
Edirne,1988,7,0.3464264478282897,41.85564292444644,10,3,1988-07-01,0.2414503697484318,0.5612946498717422,31.965500733772664,46.739004736987454,32.820995904440174,33.05486505759478,0.5,32.937930481017474,median,edirne,32.820995904440196,33.05486505759478,32.93793048101749,-0.9403683031293278,-1.7276174710125942,-0.5207150806811559,0.0540875923791617,-0.1962787503127966,-1.1694074588528163,-1.0696790361613442,-1.2109171947755937,-1.4335644069425781,-0.46862198442513414,-0.5473111231649045,-0.04205839862322778,0.042411701021866303,-0.03548860081682842,-0.042411701021866303,True,False,28.419083962855343
Edirne,1988,8,0.3044599025494981,36.5641269713453,10,3,1988-08-01,0.229021614478841,0.4581346810583013,33.579157128574245,46.14653160875334,32.9262268612226,76.24826213718015,0.5,54.587244499201375,median,edirne,32.92622686122262,76.24826213718015,54.58724449920138,-2.128045234184984,-1.7309461081950093,-0.7335534652970527,-0.6759379673285245,-0.4167650145226961,-0.746098833584223,-0.7535860816623509,-1.2672993468562117,-1.2312477796812997,-0.5643729922378194,-0.5473111231649045,-0.6479310412805266,-0.5329820468077671,-0.44164386707104836,-0.3913554652074409,True,False,28.419083962855343
Edirne,1988,9,0.2418691880267388,33.98756410638697,11,3,1988-09-01,0.2193447657316066,0.3740988588743695,24.89643242742357,42.532933610188266,14.554976761973611,48.45274816839677,0.5,31.50386246518519,median,edirne,14.554976761973641,48.45274816839677,31.503862465185204,0.2924681319868064,-0.966431248804638,-1.93742403887676,-1.3374007627418216,-0.1960559269059623,0.12603354645573558,0.1464499462086932,-0.9556130589295603,-1.0696790361613442,-1.2152737519992187,-1.4335644069425781,-1.123107998325976,-1.2312477796812997,-0.18686183018917715,-0.042411701021866303,False,False,28.419083962855343
Edirne,1988,10,0.2265869764226305,22.60434000309016,9,2,1988-10-01,0.2152552748781966,0.3871591272349366,16.775228355909373,32.14921296752098,6.59188342150591,62.0845747251614,0.5,34.33822907333366,median,edirne,6.5918834215058935,62.084574725161374,34.338229073333636,-0.5545341996484308,-1.1223194037613582,-1.916421172546896,-1.1450170269660225,-0.4990771966590386,-0.48110823417338305,-0.5964147284451813,-0.7512895700910729,-0.8101899639922557,-1.309383466027127,-1.4335644069425781,-0.8529080097354171,-0.7535860816623509,-0.43813706651584244,-0.3913554652074409,False,False,28.419083962855343
Kirklareli,1988,6,0.3993371004752523,29.05835330150456,11,3,1988-06-01,0.3012678806275926,0.528383243387792,29.05835330150456,45.33031971721313,43.18035497722205,100.0,0.5,71.59017748861103,median,kirklareli,43.180354977222066,100.0,71.59017748861103,1.231558236801115,0.9610487509105472,0.3550973417654241,0.5495790055736272,0.3038265952536865,1.191387080373413,0.9985131204550027,1.1688465847026328,1.146720860764374,0.4063234994171908,0.407057982739885,0.6991468014878843,0.6335308991018241,0.3018808039733463,0.5329820468077673,False,False,28.419083962855343
Kirklareli,1988,7,0.3647265819123008,41.10156426831129,10,3,1988-07-01,0.2485369118494177,0.5420576872552342,29.544782826486998,48.64480564115659,39.58481981462517,39.49336315479047,0.5,39.539091484707825,median,kirklareli,39.58481981462517,39.49336315479048,39.539091484707825,-0.4768407942514686,0.9421920119347807,0.8265554345395426,0.6121044755862016,0.3195263247558829,-1.0644091042141508,-1.0696790361613442,0.7089538105622452,0.6470008337681494,0.7765895692933883,0.8101899639922558,0.5772972517278775,0.5329820468077673,0.29949093470420385,0.30128981766152896,False,False,28.419083962855343
Kirklareli,1988,8,0.3116297558578089,35.186032912921604,10,3,1988-08-01,0.2398971291224648,0.4850300345873192,31.684933185315188,45.96482627922851,29.262748956250835,75.48231135498676,0.5,52.3725301556188,median,kirklareli,29.262748956250856,75.48231135498676,52.37253015561881,0.8512313460248048,0.941191951905215,0.999129728600214,0.409759587543553,0.2750665346846358,0.6033071178110202,0.6992999406425686,0.6531789014082424,0.8101899639922558,0.8175558471245109,0.7535860816623511,0.290151994796133,0.08489986218558768,0.14066176410811337,0.042411701021866303,False,False,28.419083962855343
Kirklareli,1988,9,0.2328601914131279,33.59002673120798,11,3,1988-09-01,0.2264392177848136,0.4263599730650386,25.16473562126994,41.53667351686312,3.211759389020955,48.53821726134286,0.5,25.874988325181906,median,kirklareli,3.2117593890209815,48.53821726134286,25.87498832518192,-0.2723545548012424,-0.2486877688437934,0.4552535305739135,0.1047243009547131,0.3551161126625845,-0.34699962775551535,-0.2744148896886049,-0.48772266845643875,-0.6470008337681493,0.2960466873110165,0.274414889688605,-0.0457257310775647,-0.14644994620869292,0.3214402114144149,0.43756036688567534,False,True,28.419083962855343
Kirklareli,1988,10,0.2335115986020162,21.976364224662262,9,2,1988-10-01,0.1889990885525008,0.4107584921015044,18.62167950061002,31.82191389321756,20.072434060131837,74.58617306120755,0.5,47.32930356066969,median,kirklareli,20.072434060131833,74.58617306120755,47.329303560669686,-1.142792683123648,-0.7355054156664214,0.1561570874924886,0.1822894555199221,0.1706313765068227,-0.7984593644236025,-0.7535860816623509,-0.563024049259306,-0.5964147284451813,0.03281351485166222,0.02084838541615085,0.21793738732021478,0.407057982739885,0.10461408811921612,0.042411701021866303,False,False,28.419083962855343
Luleburgaz,1988,6,0.4658453751970476,32.218445497747034,11,1,1988-06-01,0.3409911048494393,0.5448500175709519,20.665396881359143,43.24732335614259,61.2454313038396,48.83940203556667,0.5,55.04241666970314,median,luleburgaz,61.2454313038396,48.83940203556667,55.04241666970314,0.3207932400997426,-0.099631789049595,-1.0325311567187796,0.3258104467414801,0.0759657600324261,0.25534698276441514,0.3179814578594512,0.1710426799847674,0.06258145102371986,-0.6529490950662946,-0.7535860816623509,0.6305763060219864,0.5329820468077673,0.37864598291901447,0.3459716702172352,False,False,28.419083962855343
Luleburgaz,1988,7,0.4430395187784205,36.63174909391168,10,1,1988-07-01,0.2861197837054355,0.525676930280443,29.38960752014221,46.93138124376206,65.5040925793679,58.71488432199996,0.5,62.10948845068393,median,luleburgaz,65.5040925793679,58.71488432199996,62.10948845068393,0.4514552230720954,-0.0834306138460367,-0.1677331104947297,0.1745261224563668,0.0763144251290259,0.004830783744506496,-0.06258145102371986,-0.11495502987729259,0.02084838541615085,0.018987444371729917,0.02084838541615085,0.3679171479086912,0.3913554652074412,0.33564784061340164,0.5329820468077673,False,False,28.419083962855343
Luleburgaz,1988,8,0.336986511173802,36.11299658882378,10,1,1988-08-01,0.1897432281143768,0.4336564687796705,30.05982308745959,48.39365705434462,60.36707259425804,66.98359158102137,0.5,63.6753320876397,median,luleburgaz,60.367072594258055,66.98359158102137,63.67533208763972,-0.0631935930134874,0.1764734150807809,0.0616245310195745,-0.4659727107169524,0.0450212830762823,-0.04389936338789357,0.02084838541615085,0.0188569902913303,0.02084838541615085,0.23464967760785002,0.10442384485535429,-0.24974541801931802,-0.2572017876710413,0.18368275796819267,0.2572017876710414,False,False,28.419083962855343
Luleburgaz,1988,9,0.2169540196181676,36.46955197059904,11,1,1988-09-01,0.189633865438078,0.3446252064771623,24.782064321464777,44.39046628301203,17.626890635909913,40.39551171965045,0.5,29.01120117778018,median,luleburgaz,17.62689063590994,40.39551171965045,29.011201177780194,0.2612786595390229,0.1246008388128831,-0.1421566262341309,-0.836408746334,0.2409805110336998,0.14776787414048612,0.231363264738605,-0.06294175106046787,-0.02084838541615085,0.056858068224358266,-0.06258145102371986,-0.5639630892535489,-0.7535860816623509,0.38198420464175936,0.4847192529770645,False,False,28.419083962855343
Luleburgaz,1988,10,0.1841466817202477,20.59837257637149,9,1,1988-10-01,0.1841466817202477,0.3409058538431931,17.02123923135515,33.045756172758225,0.0,77.67712213668057,0.5,38.83856106834028,median,luleburgaz,0.0,77.67712213668057,38.83856106834028,-0.7791341370124771,-0.6853935591990115,-0.6264026222228459,-0.574756518231569,-0.2197416163465277,-0.6032362132345093,-0.45279189167182926,-0.4866228893375968,-0.4994934456429097,-0.4795619528660673,-0.5964147284451813,-0.28685699815250465,-0.3179814578594511,-0.1295743059434967,-0.12754191328099132,False,False,28.419083962855343
Tekirdag,1988,6,0.4976705405799682,30.07846689510412,11,4,1988-06-01,0.3548692843060378,0.5418339664599165,21.08275464126619,42.242382375833,76.3787334745927,57.48643422898057,0.5,66.93258385178663,median,tekirdag,76.37873347459268,57.48643422898057,66.93258385178663,0.4185310348134221,0.4537074691891871,0.0721564745749017,0.4034980009449358,-0.0149284686617862,0.30188441976192465,0.407057982739885,0.5453566505087104,0.5964147284451815,0.04417172874899078,-0.02084838541615085,0.4919039816336795,0.6335308991018241,0.14902166273664105,0.17041725549737824,False,False,28.419083962855343
Tekirdag,1988,7,0.5231666607488469,32.465092569594574,10,2,1988-07-01,0.2996011031383021,0.5231666607488469,30.02835555617328,43.71619808000098,100.0,82.19780064550393,0.5,91.09890032275197,median,tekirdag,100.0,82.19780064550393,91.09890032275197,0.5111508765302297,0.4287119987996289,0.9635988458655268,0.6986371687022668,0.0937272688617688,0.008477201457506496,0.06258145102371986,0.24726205972045476,0.3179814578594512,0.8385638323478947,0.8101899639922558,0.6589716443631096,0.6335308991018241,0.10730623212796495,0.12754191328099146,False,False,28.419083962855343
Tekirdag,1988,8,0.4339782774087779,33.513937659987874,10,2,1988-08-01,0.2145976806432795,0.4339782774087779,33.14273610933887,46.82328926867245,100.0,97.28664808852592,0.5,98.64332404426295,median,tekirdag,100.0,97.28664808852592,98.64332404426295,0.7542454230187102,0.5289597496716747,1.031994220359966,0.5655342382773801,0.2230289718983036,0.5580662540474116,0.5473111231649046,0.24379028732779298,0.3179814578594512,0.8626637983620548,0.7535860816623511,0.5067087123324445,0.5329820468077673,0.14731548387854046,0.17041725549737824,False,False,28.419083962855343
Tekirdag,1988,9,0.2242417283468691,32.96710469052662,11,4,1988-09-01,0.1910186171295055,0.3434703364482764,26.40771318071996,42.414170237086566,21.792546103002817,59.020341061686445,0.5,40.40644358234463,median,tekirdag,21.792546103002813,59.020341061686445,40.40644358234463,0.2300698203094331,0.3678481656717203,0.416571152452892,0.1426608413027584,0.3946505522486403,0.2293155641837187,0.407057982739885,0.1955612285363247,0.274414889688605,0.36923690941424575,0.3179814578594512,0.04886922194587622,0.02084838541615085,0.4238073766659459,0.4847192529770645,False,False,28.419083962855343
Tekirdag,1988,10,0.2149780165357915,19.360971324641923,9,2,1988-10-01,0.2011434514005603,0.3288378133341623,13.799725248551244,32.81187913608851,10.83412370424377,70.74899504292276,0.5,40.79155937358326,median,tekirdag,10.834123704243751,70.74899504292276,40.791559373583254,-0.9231860813105236,-0.434208897547835,-0.2059083112337226,0.2077170871589796,0.2850099266426369,-0.48958724264421377,-0.7535860816623509,-0.24775417037230976,-0.23136326473860486,-0.13525734102321063,-0.02084838541615085,0.28719028708141037,0.36216035678781794,0.24210520348347894,0.21360832941705765,False,False,28.419083962855343
Uzunkopru,1988,6,0.3782740629294583,32.231131706696566,11,5,1988-06-01,0.3278017154225964,0.5030639610561858,25.3569063809869,43.49734916614595,28.79818601228098,62.10552627009984,0.5,45.451856141190405,median,uzunkopru,28.798186012281008,62.10552627009984,45.45185614119042,-0.2439283373715427,-0.7413443343142898,-1.4510910681364697,0.0308715133880136,-0.2343789231468847,-0.25908086035859024,-0.3179814578594511,-0.47432429419185423,-0.4070579827398848,-1.2791762183376554,-1.1467208607643733,0.060546904919663025,0.12754191328099146,-0.15735518209558788,-0.21360832941705765,False,False,28.419083962855343
Uzunkopru,1988,7,0.4026797830358467,39.67640456885773,10,4,1988-07-01,0.3090066548344354,0.4983037733049914,30.206773300306416,45.06194855960739,49.48470898989494,36.25365501748435,0.5,42.869182003689644,median,uzunkopru,49.48470898989492,36.25365501748435,42.86918200368963,0.4192027688213864,-0.8014109496818603,-0.7400896801791617,-0.0372874228027009,-0.1329073862885261,-0.1457706363374591,-0.14644994620869292,-0.8188767294081154,-0.8101899639922557,-0.7139871449330055,-0.6992999406425684,-0.26778052155734117,-0.3012898176615288,-0.2138987350309368,-0.17041725549737796,False,False,28.419083962855343
Uzunkopru,1988,8,0.3707306054333778,35.549725350864165,10,4,1988-08-01,0.2544562098730799,0.5451981560310377,32.8374973512725,46.303434212563246,39.99230145385592,79.85860154009598,0.5,59.92545149697595,median,uzunkopru,39.992301453855916,79.85860154009598,59.925451496975946,0.9479206541113856,0.2756633779531658,-0.3394083379758967,-0.3035299891685908,-0.0403120651126089,0.7959024555052197,0.6992999406425686,0.01358487433916969,0.10442384485535429,-0.31927385634761685,-0.1887364255057275,-0.42857514944127595,-0.3913554652074409,-0.25124626095609537,-0.21360832941705765,False,False,28.419083962855343
Uzunkopru,1988,9,0.2499280536797621,33.25251955858428,11,4,1988-09-01,0.2300308150158601,0.4287520313380586,27.778661706012603,41.08830349723985,10.012639330690025,58.87298893213151,0.5,34.44281413141077,median,uzunkopru,10.012639330689998,58.87298893213151,34.442814131410756,0.218092301494871,0.4411171134317077,-0.3261862208053974,-1.0013108568258255,0.1070288392123755,0.11383069356544324,0.18873642550572778,0.15315965774729898,0.06258145102371986,-0.2865845179517857,-0.2744148896886049,-0.9524655471302623,-0.998513120455002,0.06155194263803061,0.042411701021866303,False,False,28.419083962855343
Uzunkopru,1988,10,0.2305296787071926,21.180789179532766,9,4,1988-10-01,0.2078011083839048,0.3833590486590971,17.404481016505297,30.74795713019401,12.946478118654236,71.69921742391058,0.5,42.32284777128241,median,uzunkopru,12.946478118654206,71.69921742391058,42.3228477712824,-1.1580678481046165,-0.4022041148249465,-0.9059015206757424,-0.9132861360451928,-0.2943613740310983,-0.866652188577361,-0.8101899639922557,-0.31817839656806396,-0.3621603567878177,-0.717188438373198,-0.5964147284451813,-0.7666489009417539,-0.8101899639922557,-0.32644282708614825,-0.5329820468077671,False,False,28.419083962855343
Corlu,1989,6,0.4493443536817493,24.8281463037949,10,6,1989-06-01,0.3398058060169734,0.5550912779270141,24.8281463037949,41.81771643367222,50.88060364358805,100.0,0.5,75.44030182179402,median,corlu,50.88060364358805,100.0,75.44030182179402,0.8993311715382936,0.3986264462494857,-1.0306476198159449,-0.0825149049825994,-0.4032824012114925,1.0390436203756703,0.9985131204550027,0.26252179702502654,0.274414889688605,-1.155745728804197,-1.3256266131669636,-0.017021787275359457,-0.042411701021866303,-0.34833743817450324,-0.345971670217235,False,False,28.44816282840626
Corlu,1989,7,0.3725228057766685,33.63253403177973,8,6,1989-07-01,0.2411567941070453,0.46871385428598,32.97320114614718,44.767587698768864,57.72882263741952,94.40977381323844,0.5,76.06929822532898,median,corlu,57.72882263741952,94.40977381323843,76.06929822532898,-0.8127230283808552,0.6055298446199862,-0.6522372118494695,-0.0067993960456809,-0.4887798983035058,-0.20760534596151858,-0.23136326473860486,0.9291612272136484,0.8101899639922558,-0.691109187938617,-0.6992999406425684,0.08419009470155282,-0.042411701021866303,-0.2807425969871009,-0.3913554652074409,False,False,28.44816282840626
Corlu,1989,8,0.2824274212768053,39.89748865398879,11,7,1989-08-01,0.2114858986548909,0.3861276906492696,33.698988564166115,46.7417631923928,40.62116049759603,52.475602266345135,0.5,46.548381381970586,median,corlu,40.621160497596044,52.47560226634516,46.5483813819706,0.4168111203444841,0.3165555631391601,0.078231389730958,-0.8854148903514102,-0.324522983630621,0.4300578754080356,0.5473111231649046,0.6756958767945027,0.6992999406425686,0.03428208827276145,-0.06258145102371986,-0.8087519510956643,-0.7979517139723642,-0.11017332040762114,-0.3012898176615288,False,False,28.44816282840626
Corlu,1989,9,0.2269070081713984,33.254416964392135,12,8,1989-09-01,0.1993734068907274,0.3480665630985831,27.666430007419827,42.38830436288306,18.51706022177797,62.04296530422006,0.5,40.280012762999014,median,corlu,18.51706022177794,62.04296530422006,40.280012762999,-0.0833355654900371,-0.6478795594072247,-0.2288767179965592,-1.308679111168758,-0.3402915886332716,-0.13557015198954625,-0.06258145102371986,-0.15026971645626863,0.02084838541615085,-0.04944080103086008,-0.06258145102371986,-1.0726504591116606,-0.998513120455002,-0.124781652886971,-0.17041725549737796,False,False,28.44816282840626
Corlu,1989,10,0.2242930948806137,25.24791446909342,6,4,1989-10-01,0.1847029231834753,0.3357082850914537,18.0578755063624,35.57369742326176,26.21772577934315,58.95117570364178,0.5,42.58445074149247,median,corlu,26.217725779343095,58.951175703641795,42.58445074149245,-0.1854001056534561,-0.4523362510888412,0.0510748674858834,-0.8124503336517723,-0.2501233944762429,-0.06291504783355857,0.06258145102371986,-0.21000641086126537,-0.10442384485535401,0.49639673713562826,0.36216035678781794,-0.6690152627189933,-0.6992999406425684,-0.05759971941548502,-0.12754191328099132,False,False,28.44816282840626
Edirne,1989,6,0.4649883131605457,28.359424191014902,10,3,1989-06-01,0.3257017645778581,0.543975793256036,27.434696048485225,44.3577027483714,63.81269884748907,94.53567466509426,0.5,79.17418675629166,median,edirne,63.812698847489074,94.53567466509426,79.17418675629168,0.9112108209004672,0.4550085949598892,-0.2103707779040841,-0.0231447327297299,-0.4658762585656696,1.1427948992136523,0.9320757000382391,0.5175921691547755,0.4994934456429099,-0.3027004595499052,-0.45279189167182926,0.13741613127920216,0.17041725549737824,-0.3071861402441238,-0.3012898176615288,False,False,28.44816282840626
Edirne,1989,7,0.4089226050073188,34.55883627118432,8,3,1989-07-01,0.2414503697484318,0.5612946498717422,31.965500733772664,46.739004736987454,52.36055345254916,82.44603624944136,0.5,67.40329485099527,median,edirne,52.360553452549176,82.44603624944136,67.40329485099527,-0.9318692703620498,0.4771767145777522,0.2726560854598084,0.0828332376397698,-0.4585203096630266,-0.16772931586721054,-0.2744148896886049,1.0360137824850506,0.8101899639922558,0.315250943691424,0.36216035678781794,0.3071987402955209,0.3459716702172352,-0.06254842419274609,-0.08489986218558754,False,False,28.44816282840626
Edirne,1989,8,0.3096143195441963,36.57158151952611,11,4,1989-08-01,0.229021614478841,0.4581346810583013,33.579157128574245,46.14653160875334,35.17595319575733,76.18894546612394,0.5,55.682449330940635,median,edirne,35.175953195757344,76.18894546612394,55.68244933094064,0.1828391957081569,0.1592384098924366,0.8651358004206927,-0.6133684497542145,-0.2607570407967283,0.20626736048045613,0.1464499462086932,0.5689011832262447,0.5473111231649046,1.0135804472311327,1.0696790361613444,-0.4496687177551441,-0.3913554652074409,0.08420690822194246,0.12754191328099146,False,False,28.44816282840626
Edirne,1989,9,0.2694710893462254,33.190397721717474,12,4,1989-09-01,0.2193447657316066,0.3740988588743695,24.89643242742357,42.532933610188266,32.390951732938355,52.97272850014493,0.5,42.68184011654164,median,edirne,32.39095173293834,52.97272850014493,42.681840116541636,0.0702938392304674,-0.5712487308548339,-0.2501964815439537,-0.5857091948141777,-0.3400544848130261,-0.0011387940078139078,0.10442384485535429,-0.2201685803101726,0.02084838541615085,0.2418831640890582,0.3179814578594512,-0.3582935999963381,-0.4070579827398848,0.0009898949122229546,0.042411701021866303,False,False,28.44816282840626
Edirne,1989,10,0.2731229588797912,22.697541232444145,6,3,1989-10-01,0.2152552748781966,0.3871591272349366,16.775228355909373,32.14921296752098,33.662819772942534,61.47834783142824,0.5,47.57058380218538,median,edirne,33.662819772942534,61.47834783142824,47.57058380218538,0.0916542563320099,-0.2894926373419825,0.0125062247749329,-0.0621608549897724,-0.1631988934249148,0.03153716471981236,0.06258145102371986,-0.06810087253248108,0.06258145102371986,0.53956044305002,0.5964147284451815,0.1644829548107576,0.18873642550572778,0.14354721033485401,0.08489986218558768,False,False,28.44816282840626
Kirklareli,1989,6,0.4861151477984936,29.2183467022735,10,2,1989-06-01,0.3012678806275926,0.528383243387792,29.05835330150456,45.33031971721313,81.3891517176109,99.01675435727002,0.5,90.20295303744047,median,kirklareli,81.38915171761089,99.01675435727002,90.20295303744045,1.5139532365858923,0.5097115556855351,-1.0747947572116243,-0.413156629312517,-0.5318047292992402,1.6847146806096445,1.7214841422165659,0.5728670478694472,0.5473111231649046,-1.226126146016592,-1.0696790361613442,-0.2998009467307903,-0.17041725549737796,-0.5265265117062106,-0.5329820468077671,False,False,28.44816282840626
Kirklareli,1989,7,0.399306183716144,36.46925649978614,8,3,1989-07-01,0.2485369118494177,0.5420576872552342,29.544782826486998,48.64480564115659,51.36579230491452,63.74625443912627,0.5,57.55602337202039,median,kirklareli,51.36579230491452,63.74625443912628,57.556023372020405,-1.4648455977513202,0.5225511624324648,-0.6990300321471842,-0.3064464089304531,-0.6078190704436666,-0.387197622453825,-0.45279189167182926,0.9975925485227095,1.2312477796813,-0.7187223085374105,-0.6470008337681493,-0.13590884095269168,-0.08489986218558754,-0.40189775692212554,-0.2572017876710413,False,False,28.44816282840626
Kirklareli,1989,8,0.3033162422050641,37.08645267500685,11,4,1989-08-01,0.2398971291224648,0.4850300345873192,31.684933185315188,45.96482627922851,25.87131783158011,62.17395008374387,0.5,44.02263395766199,median,kirklareli,25.87131783158011,62.17395008374387,44.02263395766199,0.4050016609199988,0.8977425968860759,0.0423490344535423,-0.9662684309612346,-0.7123797522837215,0.29643344590738163,0.274414889688605,1.2873708179483967,1.146720860764374,0.0615372100827899,0.10442384485535429,-0.8502114499266491,-0.7979517139723642,-0.5459146961446247,-0.43756036688567534,False,False,28.44816282840626
Kirklareli,1989,9,0.2709160946939023,33.90823531439925,12,4,1989-09-01,0.2264392177848136,0.4263599730650386,25.16473562126994,41.53667351686312,22.247253341328324,46.59459528317176,0.5,34.420924312250044,median,kirklareli,22.247253341328346,46.59459528317176,34.42092431225005,-0.5453652080782071,-1.0105036768896585,-0.3429015534821964,-1.5190645496032396,-0.8007595313336202,-0.3857489792712209,-0.3621603567878177,-0.3739247231891351,-0.4070579827398848,-0.0498311573016463,-0.06258145102371986,-1.313732217607188,-1.3256266131669636,-0.5679442201048863,-0.5329820468077671,False,False,28.44816282840626
Kirklareli,1989,10,0.2664510642722532,23.014715229347484,6,3,1989-10-01,0.1889990885525008,0.4107584921015044,18.62167950061002,31.82191389321756,34.92612916531286,66.7200172506204,0.5,50.82307320796663,median,kirklareli,34.92612916531286,66.72001725062039,50.82307320796662,0.0936592256012034,-0.3871928999646098,0.0274943391850855,-0.8748288407736119,-0.54795109393695,0.07502080955312834,-0.02084838541615085,-0.17740091746571893,-0.1887364255057275,0.4271434742738772,0.4994934456429099,-0.727569702294045,-0.8695173820242987,-0.34548831855903755,-0.2572017876710413,False,False,28.44816282840626
Luleburgaz,1989,6,0.4772074925471781,20.665396881359143,10,1,1989-06-01,0.3409911048494393,0.5448500175709519,20.665396881359143,43.24732335614259,66.81895134201034,100.0,0.5,83.40947567100517,median,luleburgaz,66.81895134201034,100.0,83.40947567100517,0.5222381473664964,-0.3945570369975783,-1.906238261178728,-0.4589111106296784,-0.4624291430388831,0.8373955303780822,0.869517382024299,-0.20208935367201644,-0.10442384485535401,-1.7501509414043408,-1.5613982817308512,-0.029585670606127212,-0.12754191328099132,-0.23298429167486623,-0.08489986218558754,False,False,28.44816282840626
Luleburgaz,1989,7,0.4387767656445148,34.9822527188512,8,2,1989-07-01,0.2861197837054355,0.525676930280443,29.38960752014221,46.93138124376206,63.724661994703226,68.11813168483333,0.5,65.92139683976828,median,luleburgaz,63.724661994703204,68.11813168483333,65.92139683976826,-0.1642867739266634,0.116109522145321,-1.1564369943796415,-0.250727191939763,-0.601486605995241,0.2118178834904578,0.231363264738605,0.886607979204328,0.6992999406425686,-0.750620433713673,-0.7535860816623509,0.2167386131566783,0.17041725549737824,-0.17533100569403876,-0.08489986218558754,False,False,28.44816282840626
Luleburgaz,1989,8,0.2965741641695537,37.42251844672833,11,2,1989-08-01,0.1897432281143768,0.4336564687796705,30.05982308745959,48.39365705434462,43.79874407956969,59.84094012977645,0.5,51.81984210467307,median,luleburgaz,43.79874407956968,59.84094012977645,51.819842104673064,-0.3388133827039675,-0.0589182467931864,-0.5224452390737673,-1.5630878119947929,-0.619654368911175,-0.08592899890165105,-0.02084838541615085,0.5168838722545981,0.6470008337681494,-0.13298977110816898,-0.06258145102371986,-1.0034714987268596,-0.9206378906748918,-0.1759159552022997,-0.08489986218558754,False,False,28.44816282840626
Luleburgaz,1989,9,0.2155089479833889,35.267581309061626,12,2,1989-09-01,0.189633865438078,0.3446252064771623,24.782064321464777,44.39046628301203,16.694534270005406,46.5253873917961,0.5,31.609960830900754,median,luleburgaz,16.694534270005416,46.5253873917961,31.60996083090076,-0.7418330895352846,-0.8889060130364134,-1.0518257687575885,-2.073000822926239,-0.7461790549684941,-0.536316943692327,-0.2744148896886049,-0.2728132485456999,-0.3621603567878177,-0.408434218002117,-0.4994934456429097,-1.274616697276008,-1.2312477796812997,-0.2880878243909468,-0.3012898176615288,False,False,28.44816282840626
Luleburgaz,1989,10,0.2335465894160362,24.36221381415914,6,2,1989-10-01,0.1841466817202477,0.3409058538431931,17.02123923135515,33.045756172758225,31.51324865191586,54.18910529629213,0.5,42.85117697410399,median,luleburgaz,31.513248651915827,54.189105296292134,42.85117697410398,-0.0579343021061549,-0.7248805754078064,-0.5146783412843153,-1.2896265859724318,-0.5885800925321408,-0.06275865053605113,-0.02084838541615085,-0.4578494854028433,-0.45279189167182926,0.15816145387971595,0.02084838541615085,-0.7795625546975459,-0.8695173820242987,-0.23438457675302074,-0.3012898176615288,False,False,28.44816282840626
Tekirdag,1989,6,0.5306308064296409,21.08275464126619,10,4,1989-06-01,0.3548692843060378,0.5418339664599165,21.08275464126619,42.242382375833,94.00787362553582,100.0,0.5,97.0039368127679,median,tekirdag,94.00787362553582,100.0,97.0039368127679,1.2120536082230124,0.9280979031159514,-0.7661587986076693,0.2631440699974987,0.2790032286371285,1.4948121270457322,1.325626613166965,0.7817288000825374,0.7535860816623511,-0.8792543531194549,-0.7535860816623509,0.41344458341932444,0.5329820468077673,0.37473457399085125,0.43756036688567534,False,False,28.44816282840626
Tekirdag,1989,7,0.4232009487969516,33.366955104821365,8,5,1989-07-01,0.2996011031383021,0.5231666607488469,30.02835555617328,43.71619808000098,55.28572781052554,75.60901549797732,0.5,65.44737165425144,median,tekirdag,55.28572781052554,75.60901549797732,65.44737165425144,-0.0662445740868391,1.436031967100257,-0.0193113155526959,0.577897638184994,0.1801425969069973,0.07845286985341607,0.10442384485535429,1.8237451722340998,1.7214841422165659,-0.21879255306490378,-0.1887364255057275,0.756040176385463,0.7409429851520696,0.3097024678109615,0.43756036688567534,False,False,28.44816282840626
Tekirdag,1989,8,0.288632922827914,38.55503418109701,11,5,1989-08-01,0.2145976806432795,0.4339782774087779,33.14273610933887,46.82328926867245,33.74739757125041,60.43801731755569,0.5,47.09270744440305,median,tekirdag,33.74739757125041,60.43801731755569,47.09270744440305,1.2478763607094845,1.0740553602304528,1.007046400333436,-0.0284927493635826,0.2801397266846184,1.1066582060966654,0.9985131204550027,1.3738177174570472,1.2312477796813,0.8561380535293154,0.6992999406425686,-0.03900237326511583,-0.042411701021866303,0.4211547053483196,0.4847192529770645,False,False,28.44816282840626
Tekirdag,1989,9,0.2253936844144246,33.64607836463347,12,6,1989-09-01,0.1910186171295055,0.3434703364482764,26.40771318071996,42.414170237086566,22.548166356223334,54.77846747457189,0.5,38.663316915397616,median,tekirdag,22.548166356223312,54.77846747457189,38.6633169153976,-0.6928739605556393,-0.0307847426647714,0.4410989517312967,-0.7458935295936419,0.1302026203725078,-0.45757463231243656,-0.5473111231649045,0.1423023457483828,0.18873642550572778,0.47151225725509305,0.407057982739885,-0.7269300623170409,-0.8101899639922557,0.3308516278501877,0.43756036688567534,False,False,28.44816282840626
Tekirdag,1989,10,0.2396310344554209,24.075797445421664,6,4,1989-10-01,0.2011434514005603,0.3288378133341623,13.799725248551244,32.81187913608851,30.140393414451037,45.94998411197097,0.5,38.045188763211,median,tekirdag,30.140393414450987,45.94998411197097,38.04518876321098,-0.4281803270825115,-0.3212267190194459,0.4206817377995323,-0.3477428367107349,0.2261471098211012,-0.17514924241305202,-0.4994934456429097,-0.1478369221235,-0.14644994620869292,0.6792124367332866,0.6992999406425686,-0.2940277810883891,-0.3621603567878177,0.36144200804498544,0.43756036688567534,False,False,28.44816282840626
Uzunkopru,1989,6,0.5030639610561858,25.3569063809869,10,4,1989-06-01,0.3278017154225964,0.5030639610561858,25.3569063809869,43.49734916614595,100.0,100.0,0.5,100.0,median,uzunkopru,100.0,100.0,100.0,1.8313638485929344,0.8812921556411476,-0.9040180521292852,-0.0630426756073146,0.0301634043490422,2.1523228167561217,2.3528647678133265,0.9653787721034304,1.0696790361613444,-0.940786387197242,-0.7535860816623509,0.06438530558615893,0.17041725549737824,0.05590808930836348,0.0,False,False,28.44816282840626
Uzunkopru,1989,7,0.4686957129701942,34.294594338184844,8,5,1989-07-01,0.3090066548344354,0.4983037733049914,30.206773300306416,45.06194855960739,84.35894821114111,72.4821756288671,0.5,78.4205619200041,median,uzunkopru,84.35894821114111,72.4821756288671,78.4205619200041,1.0280663424706655,1.692651203252137,0.2211803456163915,0.5269743972597094,0.1862596433324747,1.2774287695319546,1.325626613166965,2.0489939561240416,1.9439937268344982,0.2874506602385229,0.3179814578594512,0.663952236149327,0.7409429851520696,0.2793411140439402,0.2572017876710414,False,False,28.44816282840626
Uzunkopru,1989,8,0.3500812009258073,35.35821063975611,11,6,1989-08-01,0.2544562098730799,0.5451981560310377,32.8374973512725,46.303434212563246,32.88998794854842,81.28081755878671,0.5,57.085402753667566,median,uzunkopru,32.8899879485484,81.28081755878671,57.08540275366755,1.3049338616522093,1.7740770122330434,1.240683476761732,-0.0753560655011204,0.2702552688424345,1.2076746346721268,1.146720860764374,2.05214993925662,1.9439937268344982,1.3491934659992422,1.146720860764374,-0.04235704625278891,-0.08489986218558754,0.35790941393008585,0.3459716702172352,False,False,28.44816282840626
Uzunkopru,1989,9,0.287054199356219,31.70378744322697,12,6,1989-09-01,0.2300308150158601,0.4287520313380586,27.778661706012603,41.08830349723985,28.695166724374094,70.50915570243575,0.5,49.60216121340492,median,uzunkopru,28.69516672437407,70.50915570243575,49.60216121340491,-0.4308871162711741,0.7345329024357361,1.0488523325230945,-0.3790334064068912,0.1662040316808994,-0.3316332245337741,-0.23136326473860486,0.8705519812707577,0.9320757000382391,1.378000787777452,1.4335644069425781,-0.21801717979810722,-0.14644994620869292,0.41824888632007057,0.43756036688567534,False,False,28.44816282840626
Uzunkopru,1989,10,0.2845840093552964,22.23586265056636,6,5,1989-10-01,0.2078011083839048,0.3833590486590971,17.404481016505297,30.74795713019401,43.736501380132445,63.7921813409275,0.5,53.76434136052997,median,uzunkopru,43.736501380132445,63.7921813409275,53.76434136052997,0.0981865381890383,0.1785023851544044,1.0759558510910523,0.1573892036211113,0.4175010222561027,0.10869479317636808,0.18873642550572778,0.24676969495964776,0.274414889688605,1.3705152012313726,1.4335644069425781,0.3572826071641661,0.3179814578594512,0.6457145974482987,0.6335308991018241,False,False,28.44816282840626
Corlu,1990,6,0.4518152720953715,33.4694501601475,10,6,1990-06-01,0.3398058060169734,0.5550912779270141,24.8281463037949,41.81771643367222,52.02834407943815,49.1375956525452,0.5,50.58296986599167,median,corlu,52.02834407943813,49.137595652545194,50.58296986599166,1.184738579386953,1.104526120988106,-0.953779104398342,-1.0458284442479442,-1.2888087035808915,1.301104951319299,1.146720860764374,1.1683729592661596,1.146720860764374,-0.8660158596770379,-1.0696790361613442,-0.8362071162885285,-0.85768031591492,-0.8714045205299543,-0.7979517139723642,False,False,28.873171491993887
Corlu,1990,7,0.3008613448973719,39.04946397694836,12,8,1990-07-01,0.2411567941070453,0.46871385428598,32.97320114614718,44.767587698768864,26.23717793830664,48.48173914182479,0.5,37.35945854006572,median,corlu,26.237177938306623,48.48173914182479,37.3594585400657,-0.6814964447219028,0.6101104885130015,-0.5801170392126338,-1.147691715322936,-1.2600326425943733,-0.37761087097116386,-0.4070579827398848,0.8346748087624962,0.6992999406425686,-0.45971622969797166,-0.45279189167182926,-0.9770425837778322,-0.9206378906748918,-0.8816327744402673,-0.7979517139723642,False,False,28.873171491993887
Corlu,1990,8,0.2400782583604916,35.579771475893665,10,6,1990-08-01,0.2114858986548909,0.3861276906492696,33.698988564166115,46.7417631923928,16.37200316091638,85.5798864479554,0.5,50.97594480443589,median,corlu,16.372003160916385,85.5798864479554,50.9759448044359,-1.1693679854711605,0.3005782411200032,-0.1497565750501828,-1.1786415078078254,-1.403033527335657,-0.13428458403732843,-0.14644994620869292,0.5677562472618966,0.5964147284451815,0.05586341440598675,0.10442384485535429,-0.8797589636561444,-0.85768031591492,-0.9718787833196031,-0.9206378906748918,False,False,28.873171491993887
Corlu,1990,9,0.2232040484799045,38.65556705799968,10,8,1990-09-01,0.1993734068907274,0.3480665630985831,27.666430007419827,42.38830436288306,16.02672389028088,25.3550411772002,0.5,20.69088253374054,median,corlu,16.026723890280888,25.355041177200196,20.69088253374054,0.851966363426018,-0.1499466886527652,0.6416031734246381,-0.9899348354824552,-1.048361976591086,1.0328534578173167,0.9320757000382391,0.284211406465865,0.3179814578594512,1.1020115264687247,1.2312477796813,-0.5939301015312588,-0.5964147284451813,-0.6453106926962916,-0.7979517139723642,False,True,28.873171491993887
Corlu,1990,10,0.2351874549408708,18.0578755063624,11,6,1990-10-01,0.1847029231834753,0.3357082850914537,18.0578755063624,35.57369742326176,33.43227758240823,100.0,0.5,66.71613879120412,median,corlu,33.43227758240823,100.0,66.71613879120412,0.3046563209224862,0.2626258748996276,0.4837825072856296,-0.3163595588683103,-0.8693191281751941,0.24726473016377248,0.36216035678781794,0.47336117023851765,0.4527918916718295,0.8596063534353848,0.8101899639922558,-0.08591704881945947,-0.06258145102371986,-0.5578236061562712,-0.5825199483025973,False,False,28.873171491993887
Edirne,1990,6,0.4049302314637045,34.186535499858344,10,3,1990-06-01,0.3257017645778581,0.543975793256036,27.434696048485225,44.3577027483714,36.29770677053861,60.10260132191208,0.5,48.20015404622535,median,edirne,36.29770677053863,60.102601321912076,48.20015404622535,-0.1391602064991275,0.3907840281036525,-1.888047480100508,-1.2925089325949382,-1.5087298184711713,-0.012678000703746105,0.02084838541615085,0.488760847279819,0.4527918916718295,-1.6340575745039194,-1.721484142216565,-1.0423728973887432,-0.9874746312142068,-1.0670779697725628,-1.1364912754190764,False,False,28.873171491993887
Edirne,1990,7,0.2999270088824356,39.878877449483866,12,4,1990-07-01,0.2414503697484318,0.5612946498717422,31.965500733772664,46.739004736987454,18.28284661256381,46.435343206397,0.5,32.359094909480405,median,edirne,18.282846612563837,46.435343206397,32.35909490948042,-0.218651199287376,-0.1045919686701443,-1.226425153864688,-1.318142434367512,-1.3722916287443785,-0.128370180164774,-0.14644994620869292,0.15229467594578455,0.274414889688605,-0.9925482122162577,-0.8695173820242987,-1.0312342198564952,-0.85768031591492,-0.9909858657542683,-0.9874746312142068,False,False,28.873171491993887
Edirne,1990,8,0.261622079146248,38.02019898415129,10,4,1990-08-01,0.229021614478841,0.4581346810583013,33.579157128574245,46.14653160875334,14.22898534514642,64.66213477937391,0.5,39.44556006226017,median,edirne,14.228985345146441,64.66213477937391,39.44556006226018,-1.074848946153004,-0.8677218211321605,-0.9447016558203286,-1.565952798958013,-1.5109362538238742,-0.25520331574481026,-0.2744148896886049,-0.4334369929892129,-0.3179814578594511,-0.5657495655630516,-0.5964147284451813,-1.1331931455934163,-1.1364912754190764,-1.0491779963968269,-1.1364912754190764,False,False,28.873171491993887
Edirne,1990,9,0.2408850387067566,37.72950102364394,10,3,1990-09-01,0.2193447657316066,0.3740988588743695,24.89643242742357,42.532933610188266,13.919032794356353,27.23574555274313,0.5,20.57738917354974,median,edirne,13.91903279435638,27.235745552743126,20.577389173549754,0.7965164809871278,-0.0297023415789904,0.0920809852437091,-1.6449049984051616,-1.234339639237226,0.8465867061217961,0.8101899639922558,0.15282749468777376,0.274414889688605,0.5480488930168912,0.5473111231649046,-1.10968088114531,-1.1467208607643733,-0.7744396633612682,-0.9206378906748918,False,True,28.873171491993887
Edirne,1990,10,0.248716268697506,20.188456457360093,11,4,1990-10-01,0.2152552748781966,0.3871591272349366,16.775228355909373,32.14921296752098,19.46494703904025,77.79867622039384,0.5,48.63181162971705,median,edirne,19.46494703904025,77.79867622039384,48.63181162971705,0.902833567682914,0.6912863684241811,0.3784458474979022,-0.478752532399934,-0.7958825070018053,0.9531003537421229,0.8101899639922558,0.8812806673564879,0.9320757000382391,0.684295350826822,0.8101899639922558,-0.21535807017459682,-0.3179814578594511,-0.4423748355845667,-0.43756036688567534,False,False,28.873171491993887
Kirklareli,1990,6,0.3852707710073939,35.80357769213006,10,3,1990-06-01,0.3012678806275926,0.528383243387792,29.05835330150456,45.33031971721313,36.98688162653974,58.546962190667855,0.5,47.7669219086038,median,kirklareli,36.986881626539756,58.546962190667855,47.766921908603805,-0.1229427480131302,0.4908259152007176,-1.3213713751751677,-1.2956168602338844,-1.5749275742744724,-0.006915833657550932,-0.02084838541615085,0.6963632225528144,0.6470008337681494,-1.3410012995489469,-1.3256266131669636,-1.1697518687169128,-1.3162444282273533,-1.2196766486584265,-1.5529586332276093,False,False,28.873171491993887
Kirklareli,1990,7,0.287830864335885,39.17341176924809,12,4,1990-07-01,0.2485369118494177,0.5420576872552342,29.544782826486998,48.64480564115659,13.387111161770475,49.58839035853968,0.5,31.487750760155077,median,kirklareli,13.387111161770475,49.5883903585397,31.487750760155087,0.3320391894430565,-0.1927084487492652,-0.5616528453979032,-1.3651511966907697,-1.3476292884990544,0.23663628068395218,0.274414889688605,0.004855882571428638,0.18873642550572778,-0.6333534882779587,-0.5964147284451813,-1.2396981142962837,-1.4246357618543768,-1.0726009884505996,-1.1364912754190764,False,False,28.873171491993887
Kirklareli,1990,8,0.2515516198504955,38.22432912703032,10,4,1990-08-01,0.2398971291224648,0.4850300345873192,31.684933185315188,45.96482627922851,4.754355889483657,54.20556793592183,0.5,29.47996191270274,median,kirklareli,4.754355889483657,54.20556793592178,29.479961912702716,-0.90711028433767,-0.5046885075059119,-0.4275702908261916,-1.5175564546069975,-1.5325101955207798,-0.23497281283683738,-0.23136326473860486,-0.2505538427679005,-0.3179814578594511,-0.2577088945611449,-0.23136326473860486,-1.2537856110827885,-1.3162444282273533,-1.2795743606166865,-1.2214345945270093,False,False,28.873171491993887
Kirklareli,1990,9,0.2306966685138076,36.05450755155795,10,3,1990-09-01,0.2264392177848136,0.4263599730650386,25.16473562126994,41.53667351686312,2.129569150049659,33.48513780265928,0.5,17.80735347635447,median,kirklareli,2.129569150049686,33.48513780265928,17.807353476354482,0.8018451600581762,0.1992124344207212,0.3768459222490046,-1.1187844030984255,-1.212049093748611,0.9868668937823901,0.9320757000382391,0.4905760993840905,0.4994934456429099,0.7221079032488991,0.6470008337681494,-0.9065430729998423,-0.9320757000382391,-0.9637408292940134,-0.9874746312142068,False,True,28.873171491993887
Kirklareli,1990,10,0.2739250135282413,19.99746412752592,11,4,1990-10-01,0.1889990885525008,0.4107584921015044,18.62167950061002,31.82191389321756,38.296425593052206,89.57757426120882,0.5,63.936999927130515,median,kirklareli,38.296425593052184,89.57757426120878,63.936999927130486,0.6365351967969183,0.461719480758748,0.1279394748620096,-0.2009466094897098,-1.0145815170491317,0.6446899142203522,0.6470008337681494,0.769672664211844,0.869517382024299,0.4331610102284284,0.5473111231649046,0.0034093733183961556,0.10442384485535429,-0.8171390374759584,-0.7409429851520691,False,False,28.873171491993887
Luleburgaz,1990,6,0.4732971486384746,33.40075965279852,10,1,1990-06-01,0.3409911048494393,0.5448500175709519,20.665396881359143,43.24732335614259,64.90078948364443,43.60373644090741,0.5,54.25226296227592,median,luleburgaz,64.90078948364443,43.60373644090741,54.25226296227592,0.392060462871465,1.382448633488877,-0.7759456775101095,-0.3820147427910033,-0.7326394566204709,0.5132411068848716,0.6470008337681494,1.669891936406088,1.9439937268344982,-0.45654865856014326,-0.6470008337681493,0.028998204615712946,0.042411701021866303,-0.2806233795069487,-0.21360832941705765,False,False,28.873171491993887
Luleburgaz,1990,7,0.3191224149229846,38.97124313967636,12,2,1990-07-01,0.2861197837054355,0.525676930280443,29.38960752014221,46.93138124376206,13.776517081370278,45.37818255726011,0.5,29.577349819315195,median,luleburgaz,13.776517081370256,45.37818255726011,29.577349819315184,0.1337080160857684,0.6199471435453868,0.0095069598402994,-0.3186988493980499,-0.6742369845420829,0.0816656263223913,0.06258145102371986,1.0414754618127,0.9985131204550027,0.1882901328189045,0.274414889688605,0.05214817672243038,-0.12754191328099132,-0.2933401087749001,-0.21360832941705765,False,False,28.873171491993887
Luleburgaz,1990,8,0.1938086909231527,36.50216553421271,10,2,1990-08-01,0.1897432281143768,0.4336564687796705,30.05982308745959,48.39365705434462,1.6667659359889877,64.86090984357438,0.5,33.26383788978168,median,luleburgaz,1.6667659359889648,64.86090984357438,33.26383788978167,0.3701068463310791,0.1710079858277766,0.5238341613155215,-0.7348137497384021,-0.5841835705579882,0.4194360821313103,0.36216035678781794,0.44328114776747723,0.4527918916718295,0.7829648594640422,0.8101899639922558,-0.3832871544203061,-0.48471925297706436,-0.20120453944752395,-0.17041725549737796,False,False,28.873171491993887
Luleburgaz,1990,9,0.2316844743352661,40.02409372801297,10,2,1990-09-01,0.189633865438078,0.3446252064771623,24.782064321464777,44.39046628301203,27.13094074499566,22.267865395464995,0.5,24.699403070230325,median,luleburgaz,27.13094074499565,22.267865395464995,24.699403070230325,1.1979483597222995,0.73207782170797,1.3941249335400634,-0.2238252437510915,-0.0809371869794148,1.4306231739221609,1.2312477796813,0.9045980938091994,0.9320757000382391,1.7910058772663489,1.9439937268344982,0.15115749224948682,0.231363264738605,0.2609072625208376,0.30128981766152896,False,True,28.873171491993887
Luleburgaz,1990,10,0.2412568460143128,17.65942433862179,11,2,1990-10-01,0.1841466817202477,0.3409058538431931,17.02123923135515,33.045756172758225,36.4317848331541,96.0174455829134,0.5,66.22461520803375,median,luleburgaz,36.43178483315406,96.0174455829134,66.22461520803373,0.8416796329066477,1.0843659712232725,1.087818188204221,0.6720521089927639,0.2799255758035127,0.8256678648748087,0.7535860816623511,1.432787640657368,1.325626613166965,1.5720344779637896,1.325626613166965,0.9453319535494478,0.9320757000382391,0.5083364088517555,0.5329820468077673,False,False,28.873171491993887
Tekirdag,1990,6,0.5048633232156552,32.4097944396404,10,4,1990-06-01,0.3548692843060378,0.5418339664599165,21.08275464126619,42.242382375833,80.22586789207965,46.468624398953295,0.5,63.34724614551647,median,tekirdag,80.22586789207965,46.468624398953295,63.34724614551647,0.8502884755467798,0.8655737296789461,-1.6328726437658465,-1.46264898763142,-1.4162895815787948,1.0340247258330344,1.0696790361613444,0.9425962439339365,0.9320757000382391,-1.3505927416801375,-1.3256266131669636,-1.187840015068835,-1.1364912754190764,-0.9729238819978846,-0.9874746312142068,False,False,28.873171491993887
Tekirdag,1990,7,0.2996011031383021,37.275466422324655,12,6,1990-07-01,0.2996011031383021,0.5231666607488469,30.02835555617328,43.71619808000098,0.0,47.05439623859162,0.5,23.52719811929581,median,tekirdag,0.0,47.05439623859162,23.52719811929581,0.3207176959191987,0.6253580032078011,-0.8313544325589325,-1.249107556155144,-1.3747968870375855,0.17163087505903593,0.1464499462086932,0.8403232840469843,0.8101899639922558,-0.6934349149390664,-0.7535860816623509,-1.0438539779265554,-0.9874746312142068,-0.9643635043118065,-0.9206378906748918,False,True,28.873171491993887
Tekirdag,1990,8,0.2145976806432795,36.62948624593636,10,5,1990-08-01,0.2145976806432795,0.4339782774087779,33.14273610933887,46.82328926867245,0.0,74.51309098405387,0.5,37.25654549202694,median,tekirdag,0.0,74.51309098405387,37.25654549202694,0.0239655226326927,0.4915430280636871,-0.0726244861313592,-1.179352684887647,-1.585854760998766,0.1355374324396874,0.18873642550572778,0.6209965478737982,0.6992999406425686,0.07477736380937652,0.1464499462086932,-0.9639748857287316,-0.9874746312142068,-1.1286514811073816,-1.1364912754190764,False,False,28.873171491993887
Tekirdag,1990,9,0.2374153272468799,37.45991339616631,10,6,1990-09-01,0.1910186171295055,0.3434703364482764,26.40771318071996,42.414170237086566,30.433707356465195,30.951614235891704,0.5,30.69266079617845,median,tekirdag,30.433707356465156,30.951614235891704,30.69266079617843,0.4836195661844642,0.2069163278939679,0.5617058943472941,-1.2371906913087964,-1.2422248052772766,0.611139106822001,0.6992999406425686,0.37097083320928953,0.407057982739885,0.7665695854124986,0.7535860816623511,-0.9181311567496531,-0.9320757000382391,-0.9185191413823329,-0.9206378906748918,False,False,28.873171491993887
Tekirdag,1990,10,0.2340361018610892,16.471896917354222,11,5,1990-10-01,0.2011434514005603,0.3288378133341623,13.799725248551244,32.81187913608851,25.758890183132973,85.94492930885319,0.5,55.85190974599308,median,tekirdag,25.758890183132973,85.94492930885319,55.85190974599308,0.3148286115104005,0.2233527930711635,0.3625714131653518,-0.4257810100577071,-0.951844131891727,0.35450056858139894,0.36216035678781794,0.3777769123343916,0.4994934456429099,0.6186100417615179,0.5964147284451815,-0.21962241480181632,-0.23136326473860486,-0.656701049677469,-0.5825199483025973,False,False,28.873171491993887
Uzunkopru,1990,6,0.4118262996637424,35.21602329397162,10,4,1990-06-01,0.3278017154225964,0.5030639610561858,25.3569063809869,43.49734916614595,47.94220451608917,45.65117825541393,0.5,46.79669138575155,median,uzunkopru,47.942204516089184,45.65117825541393,46.79669138575156,-0.3179491829054762,0.4139820319277212,-1.8214143621643653,-1.447424234539329,-0.9449742439508372,-0.1351907299974864,-0.06258145102371986,0.599551472861325,0.6470008337681494,-1.5117454656874125,-1.5613982817308512,-1.1321447903122825,-1.0590423035404213,-0.5824922460201619,-0.48471925297706436,False,False,28.873171491993887
Uzunkopru,1990,7,0.3148618145151679,38.94595577233011,12,6,1990-07-01,0.3090066548344354,0.4983037733049914,30.206773300306416,45.06194855960739,3.093105551758971,41.17078849977212,0.5,22.131947025765548,median,uzunkopru,3.093105551758971,41.17078849977212,22.131947025765548,-0.4331281918376995,-0.473601839308277,-1.206820760606904,-1.577797234347656,-1.3254536180949303,-0.37589358272614515,-0.3621603567878177,-0.068638982695946,-0.10442384485535401,-0.9930977577304005,-1.0696790361613442,-1.2096654029623322,-1.2214345945270093,-0.965343514143662,-0.85768031591492,False,True,28.873171491993887
Uzunkopru,1990,8,0.2814022070545863,37.8876944975844,10,5,1990-08-01,0.2544562098730799,0.5451981560310377,32.8374973512725,46.303434212563246,9.268011560625268,62.496503597687145,0.5,35.8822575791562,median,uzunkopru,9.268011560625267,62.496503597687145,35.8822575791562,-0.7266321020561867,-0.8692860925996434,-0.859561873245433,-1.7819835142579925,-1.6955614979181064,-0.15060840770201372,-0.10442384485535401,-0.47830262670058293,-0.45279189167182926,-0.535616614268763,-0.4070579827398848,-1.3421970686622378,-1.3162444282273533,-1.1807500744924586,-1.1364912754190764,False,False,28.873171491993887
Uzunkopru,1990,9,0.2453689577232111,35.784922004111365,10,5,1990-09-01,0.2300308150158601,0.4287520313380586,27.778661706012603,41.08830349723985,7.718422316056262,39.846162476168885,0.5,23.782292396112574,median,uzunkopru,7.718422316056262,39.846162476168885,23.782292396112574,0.5129400077276163,-0.2685767520104741,-0.0474623998903991,-1.762260950947671,-1.4980142358240292,0.5514195510169612,0.5473111231649046,-0.08522894575136569,-0.10442384485535401,0.29818452672872364,0.231363264738605,-1.2707108034164663,-1.2312477796812997,-1.068047359713024,-0.9874746312142068,False,True,28.873171491993887
Uzunkopru,1990,10,0.2686674122886291,17.66178981983566,11,6,1990-10-01,0.2078011083839048,0.3833590486590971,17.404481016505297,30.74795713019401,34.670208484625974,98.07165088663515,0.5,66.37092968563056,median,uzunkopru,34.670208484625974,98.07165088663517,66.37092968563057,0.4935939245551855,0.2478171018667452,-0.1742058792768047,-0.7844387462853543,-1.2123917743688504,0.45201473684391924,0.3179814578594512,0.32807183326241807,0.407057982739885,0.2025863550909962,0.274414889688605,-0.5566285607052855,-0.5964147284451813,-0.9006172082280836,-0.9206378906748918,False,False,28.873171491993887
Corlu,1991,6,0.4393409885083024,31.270506780569924,10,6,1991-06-01,0.3398058060169734,0.5550912779270141,24.8281463037949,41.81771643367222,46.23404524617475,62.0804974609352,0.5,54.157271353554975,median,corlu,46.23404524617473,62.0804974609352,54.15727135355496,-0.5833238915637328,2.2131438311431104,0.649590048615892,0.7212031791073701,0.5566593762322437,-0.6075787615186472,-0.5964147284451813,2.212100467411969,1.9439937268344982,0.8654903176589235,0.9985131204550027,0.74317328340041,0.7979517139723645,0.7310517428694525,0.7409429851520696,False,False,28.489160725719774
Corlu,1991,7,0.344093349278796,35.2088082479063,9,7,1991-07-01,0.2411567941070453,0.46871385428598,32.97320114614718,44.767587698768864,45.23549174471171,81.04515998534761,0.5,63.14032586502966,median,corlu,45.235491744711716,81.04515998534761,63.140325865029666,0.9748451054510668,1.475549839673154,1.4614516269850255,0.950833995122831,0.8585448757179691,1.0357233894355498,0.9320757000382391,1.75293635026326,1.561398281730852,1.814273371238269,1.7214841422165659,1.087945999841871,1.2214345945270098,1.042640053597807,1.1364912754190772,False,False,28.489160725719774
Corlu,1991,8,0.3089181910851271,36.70247664240852,10,6,1991-08-01,0.2114858986548909,0.3861276906492696,33.698988564166115,46.7417631923928,55.78979196077667,76.97201581830319,0.5,66.38090388953992,median,corlu,55.789791960776654,76.9720158183032,66.38090388953992,-0.0938688443325556,-0.0286939512033326,1.657603652979169,1.078297936174852,0.9045399007006724,0.10346745101401957,0.3179814578594512,0.10534541255767729,0.1464499462086932,1.9570485569918168,1.9439937268344982,1.4346455253060526,1.5529586332276095,1.0840694112649192,0.9874746312142068,False,False,28.489160725719774
Corlu,1991,9,0.2334177435921088,35.05098556446008,8,4,1991-09-01,0.1993734068907274,0.3480665630985831,27.666430007419827,42.38830436288306,22.89569847706468,49.83956948185834,0.5,36.36763397946151,median,corlu,22.895698477064656,49.83956948185834,36.3676339794615,-0.2480479634141173,0.1280251368453659,1.7295266271876542,0.517137327141485,0.61390141814238,-0.3558410445034832,-0.4070579827398848,0.29583968835199304,0.407057982739885,1.9756940977778692,1.7214841422165659,0.7858802680239755,0.7535860816623511,0.6959168948240451,0.6862467686859735,False,False,28.489160725719774
Corlu,1991,10,0.2187732204204095,22.548479045319283,8,4,1991-10-01,0.1847029231834753,0.3357082850914537,18.0578755063624,35.57369742326176,22.562309580567344,74.36258737807601,0.5,48.46244847932168,median,corlu,22.562309580567344,74.36258737807601,48.46244847932168,1.3643158955876074,0.8233232963007686,1.4512386779546709,1.4413463729678735,1.0684736843835403,1.3362108638717218,1.2312477796813,0.7966980079379282,0.6992999406425686,1.5604486417476355,1.7214841422165659,1.7417428080645214,1.7214841422165659,1.1849064947976342,1.2214345945270098,False,False,28.489160725719774
Edirne,1991,6,0.4389166647061845,32.08977228608288,10,4,1991-06-01,0.3257017645778581,0.543975793256036,27.434696048485225,44.3577027483714,51.86824140917373,72.49261717996625,0.5,62.18042929456999,median,edirne,51.868241409173734,72.49261717996625,62.18042929456999,-1.254027955917134,0.1564758885045949,-1.2471376860426766,-0.2830046944870993,-0.3635795754825074,-0.8549369114446188,-0.9320757000382391,0.4031300861775053,0.3179814578594512,-0.8676264681191699,-0.6992999406425684,-0.18803841823992956,-0.12754191328099132,0.011531769188954879,0.0,False,False,28.489160725719774
Edirne,1991,7,0.3293980985734124,36.86724796228165,9,3,1991-07-01,0.2414503697484318,0.5612946498717422,31.965500733772664,46.739004736987454,27.49704599721897,66.82068636227166,0.5,47.15886617974532,median,edirne,27.497045997218997,66.82068636227166,47.15886617974533,-0.2812676694224507,0.0980769115212784,-0.7614342461829585,-0.797205822147459,-0.3693938997406766,-0.1552887029872653,-0.23136326473860486,0.2880107253620151,0.407057982739885,-0.3326281099130358,-0.3621603567878177,-0.6027390046904861,-0.5825199483025973,0.002864740747390508,0.0,False,False,28.489160725719774
Edirne,1991,8,0.2750155788418448,36.46402141260917,10,4,1991-08-01,0.229021614478841,0.4581346810583013,33.579157128574245,46.14653160875334,20.074788858474932,77.04481322980507,0.5,48.55980104414,median,edirne,20.074788858474953,77.04481322980507,48.559801044140016,0.4373159529764326,-0.8014144025844953,-0.4834001378768557,-0.416007505775185,-0.1595812622888411,0.525345917302314,0.4994934456429099,-0.5177491932993628,-0.4994934456429097,0.04409146059191557,0.06258145102371986,-0.1671471429072144,0.042411701021866303,0.13659804789519867,0.21360832941705765,False,False,28.489160725719774
Edirne,1991,9,0.2474986326866439,33.75541563997469,8,4,1991-09-01,0.2193447657316066,0.3740988588743695,24.89643242742357,42.532933610188266,18.19264769240378,49.769043639967656,0.5,33.980845666185715,median,edirne,18.19264769240381,49.769043639967656,33.98084566618573,-0.2409941145532754,-0.3859252372850525,-0.3659243410969435,-1.3716361398711772,-0.5081145843674427,-0.3379848812220514,-0.1887364255057275,-0.22788240132184492,-0.02084838541615085,0.1527157693661649,0.1464499462086932,-0.7791496973857388,-0.6470008337681493,-0.26608109817526404,-0.21360832941705765,False,False,28.489160725719774
Edirne,1991,10,0.2258671532213635,23.503515524668963,8,1,1991-10-01,0.2152552748781966,0.3871591272349366,16.775228355909373,32.14921296752098,6.173147487785681,56.23589239397396,0.5,31.204519940879823,median,edirne,6.173147487785681,56.235892393973955,31.20451994087982,1.1605210078938786,0.7588799064562254,0.5379011024288822,-0.1123378467265605,-0.3364832761307368,1.216614814575721,1.2312477796813,0.7865681970955241,0.7535860816623511,0.685933685533264,0.869517382024299,0.2485079161745939,0.3179814578594512,-0.14852228266946557,-0.12754191328099132,False,False,28.489160725719774
Kirklareli,1991,6,0.4337691896911095,32.50601494582092,10,4,1991-06-01,0.3012678806275926,0.528383243387792,29.05835330150456,45.33031971721313,58.340971501526695,78.81226179899149,0.5,68.5766166502591,median,kirklareli,58.34097150152671,78.81226179899149,68.5766166502591,-1.4226246536894631,0.0358191355283918,-1.2599794985478936,-0.6700472685019353,-0.5940668754055797,-1.047083790791909,-1.1467208607643733,0.4591567893821992,0.4527918916718295,-0.9507134891909856,-0.7535860816623509,-0.574923838512044,-0.5329820468077671,-0.3264102705360813,-0.3012898176615288,False,False,28.489160725719774
Kirklareli,1991,7,0.3296796324206608,37.92775581934569,9,3,1991-07-01,0.2485369118494177,0.5420576872552342,29.544782826486998,48.64480564115659,27.644625992506544,56.110141468416295,0.5,41.87738373046142,median,kirklareli,27.644625992506544,56.11014146841631,41.877383730461425,0.9728917866755568,0.5856400060496789,-0.2882045322135041,-0.7179747362040115,-0.4192189481385756,0.852523148556781,0.869517382024299,0.7620040893557136,0.6992999406425686,0.0475771615369245,-0.10442384485535401,-0.622851894324766,-0.6335308991018239,-0.1676474898426439,-0.042411701021866303,False,False,28.489160725719774
Kirklareli,1991,8,0.2903333766811146,35.243885872064915,10,4,1991-08-01,0.2398971291224648,0.4850300345873192,31.684933185315188,45.96482627922851,20.57506211294061,75.07717555485974,0.5,47.826118833900175,median,kirklareli,20.57506211294061,75.07717555485974,47.826118833900175,-0.7796170545853713,-0.6339064311011169,-0.2309153752615512,-0.5926402602053542,-0.4090733898670802,-0.17967633248325113,-0.1887364255057275,-0.47699106783114253,-0.4994934456429097,0.1856644637229958,0.3179814578594512,-0.28088663663809854,-0.3913554652074409,-0.19347920507803087,-0.21360832941705765,False,False,28.489160725719774
Kirklareli,1991,9,0.2595081153111189,32.61016934056136,8,4,1991-09-01,0.2264392177848136,0.4263599730650386,25.16473562126994,41.53667351686312,16.54100269877096,54.52319837289693,0.5,35.53210053583395,median,kirklareli,16.541002698770953,54.52319837289693,35.53210053583394,-0.1571699376144344,-0.0211202166267843,-0.1387942571965364,-1.203757542872954,-0.7318051999305798,-0.22992635213844256,-0.10442384485535401,0.1537146937238429,0.231363264738605,0.27370181601493376,0.231363264738605,-0.7827676689450376,-0.8695173820242987,-0.5696743186982791,-0.5825199483025973,False,False,28.489160725719774
Kirklareli,1991,10,0.2700265441808593,23.265275271359748,8,1,1991-10-01,0.1889990885525008,0.4107584921015044,18.62167950061002,31.82191389321756,36.53845308546447,64.82186881961539,0.5,50.68016095253993,median,kirklareli,36.53845308546447,64.82186881961537,50.68016095253992,0.5371242687127634,-0.1899700430901625,0.178797498812279,-0.4393012038716304,-0.827356404508002,0.41777526128797965,0.407057982739885,-0.06281612439079272,-0.02084838541615085,0.3452752394923032,0.36216035678781794,-0.06556728209141327,-0.02084838541615085,-0.7115894437364351,-0.6335308991018239,False,False,28.489160725719774
Luleburgaz,1991,6,0.4697431964203687,32.00639956619182,10,2,1991-06-01,0.3409911048494393,0.5448500175709519,20.665396881359143,43.24732335614259,63.1574503425391,49.778409306677936,0.5,56.46792982460852,median,luleburgaz,63.1574503425391,49.778409306677936,56.46792982460852,-0.789614938687953,0.7660245103497196,-0.5468733181409534,0.0777385474134887,0.2951206528717973,-0.7220897442319713,-0.8101899639922557,0.9549633477717783,0.9320757000382391,-0.09699141847446009,-0.06258145102371986,0.29729594519632,0.30128981766152896,0.515433232320987,0.5329820468077673,False,False,28.489160725719774
Luleburgaz,1991,7,0.3426993736954602,36.65429406474943,9,2,1991-07-01,0.2861197837054355,0.525676930280443,29.38960752014221,46.93138124376206,23.61841038723056,58.58636270729351,0.5,41.102386547262036,median,luleburgaz,23.618410387230558,58.58636270729351,41.102386547262036,-0.3194059642287994,-0.3769568768459331,-0.1055783473985765,-0.3992569166022496,0.2226038492919894,-0.3363268164057404,-0.3621603567878177,-0.13823221314865974,-0.06258145102371986,0.2349156904248684,0.3179814578594512,-0.17091387702496363,-0.2572017876710413,0.41790621504934183,0.6862467686859735,False,False,28.489160725719774
Luleburgaz,1991,8,0.2576395370351468,37.673676896961936,10,2,1991-08-01,0.1897432281143768,0.4336564687796705,30.05982308745959,48.39365705434462,27.83625388091976,58.47102235541866,0.5,43.15363811816921,median,luleburgaz,27.836253880919774,58.47102235541866,43.15363811816922,-0.2226606572825056,-1.0372795911625554,-0.070122044063866,-0.1579266114711761,0.15935444786108,-0.15031989936639048,-0.10442384485535401,-0.7860988894774573,-0.8695173820242987,0.26507449543452927,0.1464499462086932,0.09462537031372893,0.042411701021866303,0.3251773037959897,0.43756036688567534,False,False,28.489160725719774
Luleburgaz,1991,9,0.2352384658545007,36.61567570767775,8,2,1991-09-01,0.189633865438078,0.3446252064771623,24.782064321464777,44.39046628301203,29.42396659754209,39.65030189905791,0.5,34.5371342483,median,luleburgaz,29.42396659754208,39.65030189905791,34.53713424829999,-0.5191104006442843,-0.844607005813223,-0.0575379932142683,-0.9346155350811988,-0.2588995050198762,-0.6035851750704364,-0.4994934456429097,-0.5741070020431467,-0.5473111231649045,0.19785552151790306,0.18873642550572778,-0.5072954231630462,-0.5964147284451813,-0.14624403725513951,0.0,False,False,28.489160725719774
Luleburgaz,1991,10,0.2187537434604665,25.128645919224084,8,1,1991-10-01,0.1841466817202477,0.3409058538431931,17.02123923135515,33.045756172758225,22.07657853224477,49.40623347639541,0.5,35.74140600432009,median,luleburgaz,22.07657853224477,49.406233476395414,35.74140600432009,1.4110404881151528,0.8766504782477036,0.4216743108096865,0.4412401577301631,0.0850576326843097,1.446447353596791,1.2312477796813,0.8450009363189247,0.9320757000382391,0.49421075199055003,0.5964147284451815,0.598697040021359,0.6470008337681494,0.030430155079382,0.08489986218558768,False,False,28.489160725719774
Tekirdag,1991,6,0.4453540908617083,28.606127956817545,10,4,1991-06-01,0.3548692843060378,0.5418339664599165,21.08275464126619,42.242382375833,48.39673756201623,64.444680171471,0.5,56.42070886674362,median,tekirdag,48.39673756201623,64.444680171471,56.42070886674362,-1.1916000733147138,1.5934034942376458,-0.1072239178376827,0.4379001645322098,0.371659361867343,-0.8491680895036818,-1.0696790361613442,1.75851002811951,1.561398281730852,0.07723113882299827,0.02084838541615085,0.5154514433578007,0.6862467686859735,0.5218096510367795,0.6335308991018241,False,False,28.489160725719774
Tekirdag,1991,7,0.4076897589860688,33.62621990464804,9,6,1991-07-01,0.2996011031383021,0.5231666607488469,30.02835555617328,43.71619808000098,48.347633241458,73.71489084410767,0.5,61.031262042782835,median,tekirdag,48.347633241458,73.71489084410767,61.031262042782835,0.5756957616233561,1.1583001212838275,0.6942525935376032,0.5154247223574279,0.4297488196442476,0.43994159813231476,0.5473111231649046,1.2465031908608206,1.146720860764374,0.880313348111081,0.869517382024299,0.5773659664177299,0.5825199483025975,0.5104499721189499,0.6335308991018241,False,False,28.489160725719774
Tekirdag,1991,8,0.3489722383815973,34.7290347320845,10,4,1991-08-01,0.2145976806432795,0.4339782774087779,33.14273610933887,46.82328926867245,61.25179697726606,88.40471869616341,0.5,74.82825783671474,median,tekirdag,61.25179697726606,88.40471869616341,74.82825783671474,-0.8680013675626749,-0.7143170290450251,0.7904063817337171,0.5286960699055813,0.3709801208818253,-0.3358634853736528,-0.3179814578594511,-0.5442976540734829,-0.6470008337681493,0.8876141366433303,0.8101899639922558,0.6720052325837955,0.6862467686859735,0.44526781946529387,0.5329820468077673,False,False,28.489160725719774
Tekirdag,1991,9,0.2606843068879117,33.918773989466274,8,4,1991-09-01,0.1910186171295055,0.3434703364482764,26.40771318071996,42.414170237086566,45.6968869027563,53.074807358704206,0.5,49.385847130730255,median,tekirdag,45.696886902756304,53.074807358704206,49.385847130730255,-0.2690962658900996,-0.309507968846941,0.7620110579416707,-0.3683564887059644,0.2003042286462837,-0.12758751912772806,0.02084838541615085,-0.13223740649921709,-0.10442384485535401,0.8605861478583019,0.9985131204550027,-0.1584611825361108,-0.23136326473860486,0.2860081256641631,0.3913554652074412,False,False,28.489160725719774
Tekirdag,1991,10,0.2030343783233459,23.01980281852928,8,3,1991-10-01,0.2011434514005603,0.3288378133341623,13.799725248551244,32.81187913608851,1.4808225626819935,51.50429759554005,0.5,26.492560079111023,median,tekirdag,1.4808225626819937,51.50429759554005,26.492560079111023,1.2361310404815449,0.6399696656693425,0.9387193431421824,0.7592556036572163,0.6403768034196278,1.1484981263442438,1.146720860764374,0.6328621291112774,0.7535860816623511,1.008147718681088,0.869517382024299,1.0029265216736032,0.9985131204550027,0.6690933464116603,0.7979517139723645,False,True,28.489160725719774
Uzunkopru,1991,6,0.4080729711829949,33.18874033633716,10,6,1991-06-01,0.3278017154225964,0.5030639610561858,25.3569063809869,43.49734916614595,45.80065459632247,56.82666598547642,0.5,51.31366029089944,median,uzunkopru,45.80065459632245,56.82666598547642,51.313660290899435,-0.8433716969689117,-0.2194512666181561,-1.8339208997192264,-0.6986390913324491,-0.7871894754196412,-0.7613978009423128,-0.8101899639922557,-0.005580614426025743,0.02084838541615085,-1.3596265877207572,-1.3256266131669636,-0.6069857164866492,-0.5825199483025973,-0.5890769494986855,-0.5329820468077671,False,False,28.489160725719774
Uzunkopru,1991,7,0.3577381355041037,35.5629999557635,9,5,1991-07-01,0.3090066548344354,0.4983037733049914,30.206773300306416,45.06194855960739,25.74338218320433,63.94369933735047,0.5,44.8435407602774,median,uzunkopru,25.743382183204332,63.943699337350466,44.8435407602774,0.2837303069394699,-0.2080946045669701,-1.092904866293368,-0.8570328257396735,-0.7002133575002549,0.30085363609476545,0.5473111231649046,0.12414125807134009,0.274414889688605,-0.6617272667339821,-0.6470008337681493,-0.7573680999121891,-0.6862467686859733,-0.5461012005440911,-0.5329820468077671,False,False,28.489160725719774
Uzunkopru,1991,8,0.3186931848773304,35.8448085179784,10,6,1991-08-01,0.2544562098730799,0.5451981560310377,32.8374973512725,46.303434212563246,22.094154576977044,77.66727114731445,0.5,49.88071286214575,median,uzunkopru,22.094154576977022,77.66727114731445,49.880712862145735,1.8366947113110537,0.6151311500915971,-0.0062970836218964,-0.2392766510371003,-0.1923775330584542,1.774345752423885,1.7214841422165659,0.6654978327278014,0.7535860816623511,0.32158505113542035,0.3179814578594512,-0.10405305294379279,-0.17041725549737796,-0.1721597918220625,-0.08489986218558754,False,False,28.489160725719774
Uzunkopru,1991,9,0.257296539872106,32.89449381472667,8,6,1991-09-01,0.2300308150158601,0.4287520313380586,27.778661706012603,41.08830349723985,13.720590765727982,61.56296173135135,0.5,37.641776248539664,median,uzunkopru,13.720590765727982,61.56296173135135,37.641776248539664,-0.3496356668702973,0.7073366680429514,0.2665482955907933,-1.059688272959083,-0.3864868219974299,-0.38059427716191196,-0.2744148896886049,0.7219124307985899,0.6470008337681494,0.6066675108707905,0.5473111231649046,-0.6416060584947948,-0.6470008337681493,-0.23663489925991546,-0.43756036688567534,False,False,28.489160725719774
Uzunkopru,1991,10,0.2527009607623891,22.634516752836436,8,2,1991-10-01,0.2078011083839048,0.3833590486590971,17.404481016505297,30.74795713019401,25.575517864986605,60.80454829183691,0.5,43.19003307841176,median,uzunkopru,25.575517864986605,60.80454829183689,43.190033078411744,1.2951872036219307,1.3493916873335117,0.9876674611806232,0.2739048730717408,0.0663354965621627,1.312577904467866,1.146720860764374,1.3953364183911086,1.2312477796813,1.0819636899683553,1.0696790361613444,0.556632836977275,0.5964147284451815,0.13861412053915842,0.042411701021866303,False,False,28.489160725719774
Corlu,1992,6,0.3822138433304696,25.93477921481256,10,7,1992-06-01,0.3398058060169734,0.5550912779270141,24.8281463037949,41.81771643367222,19.69851329829485,93.48639840468022,0.5,56.59245585148753,median,corlu,19.698513298294852,93.48639840468022,56.592455851487536,0.3610820515790223,-0.5476627864489119,-1.116733882142627,-0.8277767603909616,-0.7955080884509713,0.15208303102286724,0.231363264738605,-0.33539375388343284,-0.3621603567878177,-0.833907860973243,-0.8101899639922557,-0.6310890169963135,-0.6335308991018239,-0.4986030999806186,-0.6335308991018239,False,False,28.419033218483577
Corlu,1992,7,0.3955464599286693,32.97320114614718,11,6,1992-07-01,0.2411567941070453,0.46871385428598,32.97320114614718,44.767587698768864,67.84657250371531,100.0,0.5,83.92328625185766,median,corlu,67.84657250371531,100.0,83.92328625185766,1.0640745324040797,0.164153213442173,0.0581450295226282,-1.366032346432617,-0.7462673017171537,1.4389351784851565,1.325626613166965,0.493466933815853,0.5473111231649046,0.4436449735811371,0.4527918916718295,-0.926608249379798,-0.7979517139723642,-0.36564026026261226,-0.48471925297706436,False,False,28.419033218483577
Corlu,1992,8,0.3259764276076069,35.79431193424159,10,6,1992-08-01,0.2114858986548909,0.3861276906492696,33.698988564166115,46.7417631923928,65.55734892848623,83.93498753293754,0.5,74.74616823071189,median,corlu,65.55734892848625,83.93498753293754,74.7461682307119,-1.44107944971035,0.4103685675872204,0.0292938663625782,-1.2825588529610292,-0.8058338580743711,-0.9718658591511914,-1.0696790361613442,0.5031098277740137,0.5473111231649046,0.21866757354864697,0.3179814578594512,-0.7985424897503379,-0.7409429851520691,-0.508255710204335,-0.5825199483025973,False,False,28.419033218483577
Corlu,1992,9,0.2450336481157486,31.69266623213863,12,8,1992-09-01,0.1993734068907274,0.3480665630985831,27.666430007419827,42.38830436288306,30.70769522249799,72.65133414737585,0.5,51.67951468493692,median,corlu,30.707695222498,72.65133414737585,51.679514684936926,-2.5442934137758635,-0.3585606239245365,-0.8186890110236025,-1.2401187060844254,-0.929435507382931,-0.8146288773941628,-0.8101899639922557,0.0425819755518319,0.18873642550572778,-0.38000193453136744,-0.4070579827398848,-0.7104684934894193,-0.6992999406425684,-0.5701716822206301,-0.5825199483025973,False,False,28.419033218483577
Corlu,1992,10,0.2357462248520059,26.35822186189979,8,6,1992-10-01,0.1847029231834753,0.3357082850914537,18.0578755063624,35.57369742326176,33.80231074154578,52.61229307470195,0.5,43.20730190812387,median,corlu,33.80231074154573,52.612293074701974,43.20730190812385,0.2550314769042482,-0.956511731901916,-0.5633323172476831,-0.5279765221456799,-1.5852874869834466,-0.1851247774642103,-0.3179814578594511,-1.1362154829577609,-1.0696790361613442,-0.3392880480716111,-0.4070579827398848,-0.35382379995633906,-0.45279189167182926,-1.1812303436755858,-0.9874746312142068,True,False,28.419033218483577
Edirne,1992,6,0.4130137056583222,35.20944572171436,10,3,1992-06-01,0.3257017645778581,0.543975793256036,27.434696048485225,44.3577027483714,40.00106728647793,54.05810674718088,0.5,47.0295870168294,median,edirne,40.00106728647794,54.05810674718088,47.02958701682941,1.613522841944112,1.281024212515506,-0.4820879743187414,-0.00618486824016,-0.2603668322984018,1.8020058122181153,1.9439937268344982,1.6102964217051265,1.4335644069425781,-0.18391680520393008,-0.2744148896886049,0.22642486359796934,0.21360832941705765,0.18356218079115338,0.30128981766152896,False,False,28.419033218483577
Edirne,1992,7,0.3977198375342966,33.079792728472086,11,4,1992-07-01,0.2414503697484318,0.5612946498717422,31.965500733772664,46.739004736987454,48.85798418080756,92.4574969184227,0.5,70.65774054961514,median,edirne,48.85798418080758,92.4574969184227,70.65774054961514,-0.1319203571007902,1.2229984290038636,0.1464551616592449,-0.678492494664519,-0.2315051548015985,0.3600140149565117,0.5964147284451815,1.764783527662289,1.9439937268344982,0.6201560389028877,0.6470008337681494,-0.1867141416969309,-0.08489986218558754,0.29563072019018866,0.21360832941705765,False,False,28.419033218483577
Edirne,1992,8,0.3269054335887251,40.56668999809864,10,3,1992-08-01,0.229021614478841,0.4581346810583013,33.579157128574245,46.14653160875334,42.72293176955767,44.39942184785748,0.5,43.56117680870757,median,edirne,42.72293176955769,44.39942184785748,43.561176808707586,-0.3497953876569529,0.847857673525055,0.3938233163765564,-1.0874262528615288,-0.3515015559583269,-0.5465665993356681,-0.5473111231649045,0.9884195615458475,1.0696790361613444,0.7818087837320105,0.869517382024299,-0.5757045211988159,-0.48471925297706436,0.005740644096738923,0.042411701021866303,False,False,28.419033218483577
Edirne,1992,9,0.242301370516168,32.98257517369998,12,4,1992-09-01,0.2193447657316066,0.3740988588743695,24.89643242742357,42.532933610188266,14.834247235957474,54.15109458230521,0.5,34.49267090913134,median,edirne,14.834247235957505,54.15109458230521,34.49267090913136,-0.7907579297340944,-0.9573642324422402,0.2522222447125891,-0.9893528782154434,-0.4425165920038824,-0.40164751783680674,-0.23136326473860486,-0.47604264984261435,-0.6470008337681493,0.7816970746430165,0.7535860816623511,-0.42807619800575153,-0.5473111231649045,-0.04996550070584725,0.0,False,False,28.419033218483577
Edirne,1992,10,0.2568209184262946,25.20348469587689,8,1,1992-10-01,0.2152552748781966,0.3871591272349366,16.775228355909373,32.14921296752098,24.179588169926383,45.17845208715863,0.5,34.679020128542504,median,edirne,24.179588169926383,45.178452087158625,34.679020128542504,0.4277686839855047,-0.4861158427793745,0.4155500988662103,-0.2719047308440431,-0.9341207922961308,-0.009446756964432158,0.02084838541615085,-0.6736235233397869,-0.6992999406425684,0.6123104110281484,0.6470008337681494,0.060155951650169105,0.06258145102371986,-0.5261091552904524,-0.48471925297706436,False,False,28.419033218483577
Kirklareli,1992,6,0.4012612679435042,30.746880266402137,10,3,1992-06-01,0.3012678806275926,0.528383243387792,29.05835330150456,45.33031971721313,44.02757528185796,89.62309212199754,0.5,66.82533370192775,median,kirklareli,44.02757528185798,89.62309212199754,66.82533370192776,1.462722471196278,0.716280399626884,-0.5885909981740658,-0.625805348646457,-0.6422209867739652,1.4171559613188676,1.2312477796813,0.9544734085252127,0.8101899639922558,-0.4422502140088284,-0.45279189167182926,-0.4492850123399154,-0.3913554652074409,-0.3834936993656351,-0.43756036688567534,False,False,28.419033218483577
Kirklareli,1992,7,0.3719871151095246,29.544782826486998,11,4,1992-07-01,0.2485369118494177,0.5420576872552342,29.544782826486998,48.64480564115659,42.0584209378116,100.0,0.5,71.0292104689058,median,kirklareli,42.058420937811604,100.0,71.0292104689058,0.2674065786019557,0.7273071951131425,0.1754506865550245,-0.863041706229557,-0.8546294587086596,0.6253330150661961,0.6470008337681494,1.133392932741426,1.325626613166965,0.6177618145892219,0.7535860816623511,-0.4532119192270893,-0.43756036688567534,-0.43235858014686696,-0.43756036688567534,False,False,28.419033218483577
Kirklareli,1992,8,0.3569934882292236,39.75363908230836,10,3,1992-08-01,0.2398971291224648,0.4850300345873192,31.684933185315188,45.96482627922851,47.76851923845339,43.496034291514505,0.5,45.63227676498395,median,kirklareli,47.76851923845342,43.496034291514505,45.63227676498396,-1.30247319370578,0.8684504547596998,0.4556193859753848,-1.2673576076841306,-0.8782120074963411,-1.0928832188264217,-0.998513120455002,0.977940434340854,0.9985131204550027,0.6366681101719565,0.6470008337681494,-0.8013712450038838,-0.6335308991018239,-0.6671924196789907,-0.6862467686859733,False,False,28.419033218483577
Kirklareli,1992,9,0.2726374170656575,30.67961328931859,12,4,1992-09-01,0.2264392177848136,0.4263599730650386,25.16473562126994,41.53667351686312,23.10825567664984,66.31505871071572,0.5,44.71165719368278,median,kirklareli,23.10825567664986,66.31505871071572,44.71165719368279,-1.4123395591264218,-1.237552576943594,-0.2546471950287476,-1.1376862948480604,-1.0653728811741514,-0.5313672027855293,-0.4994934456429097,-0.4723042915110944,-0.5473111231649045,0.14762653448917762,0.06258145102371986,-0.7343459737638582,-0.7535860816623509,-0.744481126998514,-0.7979517139723642,False,False,28.419033218483577
Kirklareli,1992,10,0.2642839332645153,21.439619686628227,8,1,1992-10-01,0.1889990885525008,0.4107584921015044,18.62167950061002,31.82191389321756,33.94888492084997,78.65234735834447,0.5,56.300616139597224,median,kirklareli,33.94888492084997,78.65234735834446,56.30061613959721,0.4694615729797133,-0.6447890241418603,0.040893790518523,-0.3171815928844267,-1.160895200619033,0.10892940158588023,0.02084838541615085,-0.8625503944849201,-0.7535860816623509,0.15023905779161392,0.231363264738605,-0.07465562438876742,-0.06258145102371986,-0.9145653433587332,-0.9874746312142068,False,False,28.419033218483577
Luleburgaz,1992,6,0.4406684620681548,31.00109576085269,10,2,1992-06-01,0.3409911048494393,0.5448500175709519,20.665396881359143,43.24732335614259,48.895265793398366,54.23021640321471,0.5,51.56274109830654,median,luleburgaz,48.895265793398345,54.230216403214726,51.56274109830653,0.9871082838601872,0.23935636064561,-0.380611828791406,0.4024647015234072,0.0190773205675985,0.9499173280630733,0.9320757000382391,0.3682937204083386,0.36216035678781794,0.013842071833248539,0.06258145102371986,0.6636710750634378,0.6335308991018241,0.19916007827870563,0.2572017876710414,False,False,28.419033218483577
Luleburgaz,1992,7,0.42411508805783,29.38960752014221,11,2,1992-07-01,0.2861197837054355,0.525676930280443,29.38960752014221,46.93138124376206,57.604336303608015,100.0,0.5,78.80216815180401,median,luleburgaz,57.604336303607994,100.0,78.802168151804,1.0513203174168575,0.7647794026291632,0.6260904927025042,-0.0472699756818275,0.3485564691074794,1.502544541034045,1.561398281730852,1.3158755695151427,1.325626613166965,1.094815498697129,1.0696790361613444,0.46170963380832275,0.4847192529770645,0.6215032189184775,0.7979517139723645,False,False,28.419033218483577
Luleburgaz,1992,8,0.306942904806181,39.4035436982544,10,1,1992-08-01,0.1897432281143768,0.4336564687796705,30.05982308745959,48.39365705434462,48.0497394779112,49.03564291205188,0.5,48.54269119498154,median,luleburgaz,48.04973947791122,49.03564291205188,48.54269119498154,0.645645022891404,1.1584148818522224,0.9471333527345318,-0.3580199117156819,0.4490573417214163,0.18512568683393815,0.18873642550572778,1.4288320367443164,1.325626613166965,1.2160721391262337,1.2312477796813,0.11659781310010109,0.12754191328099146,0.6798108473391502,0.7979517139723645,False,False,28.419033218483577
Luleburgaz,1992,9,0.2292453115218768,31.12499494798019,12,2,1992-09-01,0.189633865438078,0.3446252064771623,24.782064321464777,44.39046628301203,25.557199401100725,67.6519757247219,0.5,46.604587562911306,median,luleburgaz,25.557199401100696,67.6519757247219,46.60458756291129,-0.8012649413967083,0.3977812726150823,0.3173758903771641,-0.1725147317019186,0.4112644656121613,-0.3909673630509968,-0.1887364255057275,0.5726205484108702,0.5473111231649046,0.7496744903002786,0.7535860816623511,0.27272070556063743,0.274414889688605,0.6861438501248711,0.6862467686859735,False,False,28.419033218483577
Luleburgaz,1992,10,0.2451186215819125,24.30485573362543,8,1,1992-10-01,0.1841466817202477,0.3409058538431931,17.02123923135515,33.045756172758225,38.89529335728108,54.54704482572351,0.5,46.7211690915023,median,luleburgaz,38.895293357281076,54.54704482572351,46.72116909150229,0.8183279496934414,0.3942788231362722,0.6284390163244371,0.5599865864114758,0.0662538205297138,0.4488993587576793,0.36216035678781794,0.10249290020403565,0.231363264738605,0.8451957175734138,0.9985131204550027,0.7480799600533202,0.8101899639922558,0.19806251340226796,0.2572017876710414,False,False,28.419033218483577
Tekirdag,1992,6,0.4862224105016594,30.913065685164003,10,6,1992-06-01,0.3548692843060378,0.5418339664599165,21.08275464126619,42.242382375833,70.25558232838497,53.5421361509172,0.5,61.89885923965109,median,tekirdag,70.25558232838497,53.5421361509172,61.89885923965109,1.8269781521664976,1.252316065617317,-0.3187566663820182,-0.2999957019545868,-0.4784646547403081,2.077432696048633,1.9439937268344982,1.4560683756721868,1.2312477796813,-0.011249659170648262,-0.06258145102371986,-0.03762863975835518,0.0,-0.09125221213255577,-0.12754191328099132,False,False,28.419033218483577
Tekirdag,1992,7,0.4882537100522791,30.02835555617328,11,4,1992-07-01,0.2996011031383021,0.5231666607488469,30.02835555617328,43.71619808000098,84.38357362837314,100.0,0.5,92.19178681418657,median,tekirdag,84.38357362837311,100.0,92.19178681418656,0.0285616614137548,1.1806052328626269,0.4945629493181117,-1.0902097215276705,-0.612941894953168,0.4871392272589138,0.6470008337681494,1.7149685463751638,1.561398281730852,1.0772610827146318,1.146720860764374,-0.6019681680621971,-0.5329820468077671,-0.175780358987362,-0.12754191328099132,False,False,28.419033218483577
Tekirdag,1992,8,0.2936040202086615,35.96925739069697,10,4,1992-08-01,0.2145976806432795,0.4339782774087779,33.14273610933887,46.82328926867245,36.01336705717594,79.33913016207464,0.5,57.67624860962529,median,tekirdag,36.01336705717594,79.33913016207464,57.67624860962529,-0.0511835239649537,1.2077129505484303,1.0195339999352002,-0.8208914108220497,-0.5314210136047102,-0.5142034725528506,-0.4994934456429097,1.3924545866141218,1.325626613166965,1.203302525484896,1.146720860764374,-0.38184314501128674,-0.43756036688567534,-0.19159525472621855,-0.21360832941705765,False,False,28.419033218483577
Tekirdag,1992,9,0.2332496172090818,30.88801659505536,12,6,1992-09-01,0.1910186171295055,0.3434703364482764,26.40771318071996,42.414170237086566,27.7012291289893,72.00939971563943,0.5,49.855314422314365,median,tekirdag,27.701229128989254,72.00939971563946,49.85531442231436,-0.4045988517406616,-0.5858198293233123,0.3698565469062623,-0.6625803457521336,-0.5294343586225583,-0.20021023281657435,-0.14644994620869292,-0.20184037814828756,-0.2744148896886049,0.6212764677550481,0.5473111231649046,-0.2764837072329714,-0.3621603567878177,-0.2125469074017888,-0.2572017876710413,False,False,28.419033218483577
Tekirdag,1992,10,0.2377180524974785,26.352315611994136,8,4,1992-10-01,0.2011434514005603,0.3288378133341623,13.799725248551244,32.81187913608851,28.64229911414264,33.97596906854781,0.5,31.30913409134523,median,tekirdag,28.64229911414264,33.97596906854781,31.30913409134523,0.022858989026261,-0.4360633454064173,0.2096441517110647,-0.0930465713882551,-1.1927858830461038,-0.25700698947806433,-0.5473111231649045,-0.7227376646183307,-0.6992999406425684,0.287810429134413,0.407057982739885,0.10233142916149668,0.18873642550572778,-0.8488452817413981,-0.9206378906748918,False,False,28.419033218483577
Uzunkopru,1992,6,0.4026930043664065,36.47980277342209,10,5,1992-06-01,0.3278017154225964,0.5030639610561858,25.3569063809869,43.49734916614595,42.73098788222817,38.684537504591766,0.5,40.70776269340997,median,uzunkopru,42.73098788222819,38.684537504591766,40.707762693409975,0.9968060231684478,0.1967744499915431,-1.6787186509072602,-0.33920834019222,-0.0736139301668988,1.097071360887007,1.0696790361613444,0.44369198334238524,0.407057982739885,-1.217697675942552,-0.998513120455002,-0.1435998119587124,-0.2572017876710413,0.14737946437346097,0.12754191328099146,False,False,28.419033218483577
Uzunkopru,1992,7,0.4757807107858802,30.206773300306416,11,6,1992-07-01,0.3090066548344354,0.4983037733049914,30.206773300306416,45.06194855960739,88.10174042738295,100.0,0.5,94.05087021369147,median,uzunkopru,88.10174042738291,100.0,94.05087021369145,0.4717960562255628,0.3939841231454997,-0.7549061499049053,-0.9993331583391012,-0.040834343409234,0.8360690106967386,0.9320757000382391,1.012103571766029,1.0696790361613444,-0.20110986793064328,-0.1887364255057275,-0.610479462215456,-0.5825199483025973,0.16352283411621657,0.08489986218558768,False,False,28.419033218483577
Uzunkopru,1992,8,0.3618640535842524,37.54701638434782,10,4,1992-08-01,0.2544562098730799,0.5451981560310377,32.8374973512725,46.303434212563246,36.94267206040461,65.02642867268058,0.5,50.98455036654259,median,uzunkopru,36.94267206040461,65.02642867268058,50.98455036654259,-1.5458691864306304,0.4311329864932586,-0.4685931181942155,-1.941714771808184,-0.5444122326880394,-0.776490918664512,-0.7535860816623509,0.6517978832656951,0.6470008337681494,-0.0011166029504754685,0.06258145102371986,-1.2023741903860783,-1.0590423035404213,-0.36975033601050467,-0.3012898176615288,False,False,28.419033218483577
Uzunkopru,1992,9,0.255646381857086,30.463167741750944,12,6,1992-09-01,0.2300308150158601,0.4287520313380586,27.778661706012603,41.08830349723985,12.890202322279425,79.8303660019778,0.5,46.36028416212861,median,uzunkopru,12.890202322279398,79.8303660019778,46.36028416212859,-1.8339146358159144,-0.8279643808665376,-0.5410150193148894,-1.922992444022401,-0.6542638414388394,-0.6108761920110677,-0.5964147284451813,-0.2534801452954309,-0.14644994620869292,0.04158224134081611,0.10442384485535429,-1.1422669941288341,-1.0696790361613442,-0.2889482244963095,-0.5329820468077671,False,False,28.419033218483577
Uzunkopru,1992,10,0.2587363781182455,24.231235663534893,8,2,1992-10-01,0.2078011083839048,0.3833590486590971,17.404481016505297,30.74795713019401,29.013367127968245,48.838259319652,0.5,38.925813223810124,median,uzunkopru,29.01336712796821,48.838259319652,38.92581322381011,0.3802119375298398,-0.4897544306453569,-0.2315410277250547,-0.9760830727590882,-1.1366050874248737,-0.006827493751719279,-0.06258145102371986,-0.7057520233176234,-0.5964147284451813,0.12811854112594692,0.1464499462086932,-0.6134937311477805,-0.6992999406425684,-0.7890848305732957,-0.85768031591492,False,False,28.419033218483577
Corlu,1993,6,0.5317218941958806,27.774422035338574,10,6,1993-06-01,0.3398058060169734,0.5550912779270141,24.8281463037949,41.81771643367222,89.14493229673265,82.65832679096188,0.5,85.90162954384726,median,corlu,89.14493229673265,82.6583267909619,85.90162954384726,-0.9038388244903444,-0.2735455744091059,-0.1322195699174874,-0.4486661336670193,-0.6262084567174351,-0.7079054093704752,-0.8695173820242987,-0.052502967639877,-0.06258145102371986,0.11576814231885971,0.06258145102371986,-0.3451478386688594,-0.43756036688567534,-0.3513820503513294,-0.3913554652074409,False,False,28.986929716755814
Corlu,1993,7,0.275035335123222,38.48824089496982,9,5,1993-07-01,0.2411567941070453,0.46871385428598,32.97320114614718,44.767587698768864,14.887932279287217,53.24013059757871,0.5,34.06403143843296,median,corlu,14.887932279287229,53.240130597578705,34.06403143843297,-1.0834497841957438,-0.338105715504657,-0.1894745435878271,-0.7087478812268828,-1.0679052922405985,-0.3360555111352213,-0.3179814578594511,-0.0950249197118314,0.02084838541615085,0.21360451054508908,0.1464499462086932,-0.3766186160619481,-0.345971670217235,-0.7692140007893483,-0.7409429851520691,False,False,28.986929716755814
Corlu,1993,8,0.2532541397896571,36.961690254744425,12,6,1993-08-01,0.2114858986548909,0.3861276906492696,33.698988564166115,46.7417631923928,23.91652115898505,74.98460424580752,0.5,49.45056270239628,median,corlu,23.91652115898503,74.98460424580753,49.45056270239628,-0.067198649515544,-1.5592613559992434,-0.9367289694339668,-0.7339377358939319,-0.9555889925639578,0.06621655626338718,0.231363264738605,-0.7636054200183315,-0.8695173820242987,-0.42612853825120156,-0.4070579827398848,-0.340640417199619,-0.43756036688567534,-0.6168175229189009,-0.6862467686859733,False,False,28.986929716755814
Corlu,1993,9,0.2212069149238216,36.51572136985055,10,6,1993-09-01,0.1993734068907274,0.3480665630985831,27.666430007419827,42.38830436288306,14.68359983062939,39.8901855241905,0.5,27.286892677409945,median,corlu,14.683599830629396,39.8901855241905,27.28689267740995,-0.2435966139632087,-1.1697434568490426,-1.073665634675149,-0.6962138493775882,-0.7995035429835886,-0.4816707861629793,-0.5473111231649045,-0.5686376796614369,-0.5473111231649045,-0.6167148036740367,-0.6470008337681493,-0.279184764567163,-0.2744148896886049,-0.5511461176402164,-0.5329820468077671,False,True,28.986929716755814
Corlu,1993,10,0.1847029231834753,29.318635905494464,6,3,1993-10-01,0.1847029231834753,0.3357082850914537,18.0578755063624,35.57369742326176,0.0,35.7109220877176,0.5,17.8554610438588,median,corlu,0.0,35.71092208771763,17.855461043858813,-1.3897715367286272,-1.5720194441672437,-1.2734329690498902,-0.956961975405688,-1.194869594472825,-2.2376322462854965,-1.9439937268344964,-1.5227535336258173,-1.9439937268344964,-1.0285047877635147,-0.998513120455002,-0.6973445008819286,-0.7535860816623509,-0.8865260861748081,-0.7979517139723642,True,True,28.986929716755814
Edirne,1993,6,0.5346151234500134,27.529426225033884,10,4,1993-06-01,0.3257017645778581,0.543975793256036,27.434696048485225,44.3577027483714,95.71150545820367,99.4402284521385,0.5,97.57586695517108,median,edirne,95.71150545820369,99.4402284521385,97.5758669551711,1.2159947155258646,1.4459572850491025,-0.2141379739767566,-0.2597859221411909,-0.6867059115604186,1.2808743557830464,1.146720860764374,1.6260853677277969,1.561398281730852,0.07205442783788114,-0.06258145102371986,-0.13803920295855837,0.0,-0.29796390935324096,-0.2572017876710413,False,False,28.986929716755814
Edirne,1993,7,0.3000220510380321,41.59440877650151,9,3,1993-07-01,0.2414503697484318,0.5612946498717422,31.965500733772664,46.739004736987454,18.312561746303217,34.82312631699598,0.5,26.5678440316496,median,edirne,18.31256174630324,34.82312631699598,26.56784403164961,-0.8582239382036577,1.4478270935642423,0.1592072272983034,-0.5343272863994981,-0.7857574620398593,-0.22918061070042695,-0.3179814578594511,1.7157493717986192,1.561398281730852,0.5326181533138756,0.4994934456429099,-0.14116730331635627,-0.042411701021866303,-0.43891814597542333,-0.345971670217235,False,True,28.986929716755814
Edirne,1993,8,0.2568285657321058,39.436096153042975,12,4,1993-08-01,0.229021614478841,0.4581346810583013,33.579157128574245,46.14653160875334,12.136781052433276,53.3956831340856,0.5,32.76623209325944,median,edirne,12.136781052433275,53.395683134085594,32.76623209325943,0.5881857694356957,0.6185454398975768,0.620149899436885,-0.8053880998049061,-0.5858230423614583,0.5375739767857034,0.5473111231649046,0.8143975477908657,0.869517382024299,0.9866421411906611,0.9985131204550027,-0.3460700728192556,-0.3012898176615288,-0.23269441530211044,-0.17041725549737796,False,False,28.986929716755814
Edirne,1993,9,0.2433276406811455,33.56736556145135,10,3,1993-09-01,0.2193447657316066,0.3740988588743695,24.89643242742357,42.532933610188266,15.497409123398311,50.8352986560539,0.5,33.1663538897261,median,edirne,15.497409123398343,50.8352986560539,33.166353889726125,-1.038685272957601,-0.7830767390064585,0.4844101933127307,-0.6807572543832181,-0.625178636108032,-0.691741208807161,-0.7535860816623509,-0.4063748053333307,-0.3179814578594511,0.849334939345164,0.869517382024299,-0.19670991704680543,-0.1887364255057275,-0.3114111001757779,-0.3012898176615288,False,False,28.986929716755814
Edirne,1993,10,0.2349964616688242,27.804545542417056,6,1,1993-10-01,0.2152552748781966,0.3871591272349366,16.775228355909373,32.14921296752098,11.48385363095884,28.25986583739976,0.5,19.871859734179303,median,edirne,11.48385363095884,28.259865837399758,19.8718597341793,0.0786146806802754,-0.4780704083143474,0.581527903930368,-0.2571162508077826,-0.8012128474348633,-0.38575414379334855,-0.4994934456429097,-0.5079882610945214,-0.5964147284451813,0.6666118444255491,0.7535860816623511,0.08023518152854976,0.10442384485535429,-0.4204284537323306,-0.3012898176615288,False,True,28.986929716755814
Kirklareli,1993,6,0.482339263840865,31.858945143789,10,4,1993-06-01,0.3012678806275926,0.528383243387792,29.05835330150456,45.33031971721313,79.72661162708633,82.78885433551035,0.5,81.25773298129835,median,kirklareli,79.72661162708633,82.78885433551032,81.25773298129832,0.2255458099187298,1.5820387222134242,0.0002489167774153,-0.3140545261219198,-0.7023516060345113,0.24665183094508436,0.231363264738605,1.7974052217777978,1.9439937268344982,0.28368380504780033,0.06258145102371986,-0.15238643025934584,-0.042411701021866303,-0.4047396485813707,-0.48471925297706436,False,False,28.986929716755814
Kirklareli,1993,7,0.3138690079186583,42.00986910792704,9,3,1993-07-01,0.2485369118494177,0.5420576872552342,29.544782826486998,48.64480564115659,22.25808240623296,34.73784611468447,0.5,28.497964260458716,median,kirklareli,22.25808240623296,34.73784611468448,28.49796426045872,-0.1226568000203825,1.6277696011465432,0.5488576770439839,-0.5581064556394725,-0.7881353278671976,0.20299087736325983,0.18873642550572778,2.0985310415673277,1.7214841422165659,0.9990109701564934,1.146720860764374,-0.12117550556624435,-0.042411701021866303,-0.4945706842882238,-0.5329820468077671,False,True,28.986929716755814
Kirklareli,1993,8,0.2614672600757639,38.34953090668362,12,4,1993-08-01,0.2398971291224648,0.4850300345873192,31.684933185315188,45.96482627922851,8.799361681939375,53.32879820921659,0.5,31.064079945577983,median,kirklareli,8.799361681939375,53.32879820921659,31.064079945577983,0.3809472506931446,-0.0411392247265397,0.9386281822885868,-0.5916030522309664,-0.6040938884029314,0.348797771601134,0.407057982739885,0.20956813803258426,0.231363264738605,1.2425840008339972,1.146720860764374,-0.13947082212441603,-0.3012898176615288,-0.3014011874513559,-0.2572017876710413,False,False,28.986929716755814
Kirklareli,1993,9,0.2656358640483078,32.69598094099633,10,3,1993-09-01,0.2264392177848136,0.4263599730650386,25.16473562126994,41.53667351686312,19.606091527892133,53.99906005169023,0.5,36.80257578979118,median,kirklareli,19.606091527892154,53.99906005169023,36.80257578979119,-0.8765085477215838,-0.6835411748024305,0.7650199232958389,-0.3946202357238781,-0.6165749604096937,-0.76623263763569,-0.8101899639922557,-0.1905078712259178,-0.23136326473860486,1.0297366557130962,0.9985131204550027,0.030578929070924493,-0.02084838541615085,-0.34888401825013965,-0.2572017876710413,False,False,28.986929716755814
Kirklareli,1993,10,0.3208692635857534,25.161378583090325,6,2,1993-10-01,0.1889990885525008,0.4107584921015044,18.62167950061002,31.82191389321756,59.46542645895618,50.45770485603879,0.5,54.96156565749749,median,kirklareli,59.46542645895618,50.457704856038774,54.961565657497474,-0.8080018798655546,-1.1909699454991096,0.51048129417183,-0.2331219447412587,-1.075371323650404,-1.5545085291005898,-1.721484142216565,-1.3184223981747552,-1.5613982817308512,0.5479735661030879,0.6470008337681494,0.020073503482548907,0.1464499462086932,-0.8147676036628928,-0.6862467686859733,True,False,28.986929716755814
Luleburgaz,1993,6,0.5066310781563298,32.66811679422616,10,2,1993-06-01,0.3409911048494393,0.5448500175709519,20.665396881359143,43.24732335614259,81.25225975926196,46.8481135731706,0.5,64.05018666621628,median,luleburgaz,81.25225975926196,46.8481135731706,64.05018666621628,-1.2743431377590242,0.0663312628063753,-0.55568258885489,-0.2803882497412375,-0.180957788144342,-0.8413871842146313,-0.9320757000382391,0.18020236134746084,0.10442384485535429,-0.05889755924952554,-0.02084838541615085,0.011841472552347935,0.0,0.09970896108477058,0.21360832941705765,False,False,28.986929716755814
Luleburgaz,1993,7,0.2870991453597047,44.87126188943459,9,1,1993-07-01,0.2861197837054355,0.525676930280443,29.38960752014221,46.93138124376206,0.4088217230298989,11.744076664000833,0.5,6.076449193515366,median,luleburgaz,0.4088217230298989,11.744076664000833,6.076449193515366,-0.8611898045063797,0.3100918384931981,-0.3185735371814938,-0.8854164408511961,-0.5998242941925923,-0.4477943932070562,-0.45279189167182926,0.5372578794410654,0.5473111231649046,0.11181322821447592,0.18873642550572778,-0.34586339000751987,-0.3913554652074409,-0.34337251203092717,-0.345971670217235,False,True,28.986929716755814
Luleburgaz,1993,8,0.1897432281143768,30.05982308745959,12,2,1993-08-01,0.1897432281143768,0.4336564687796705,30.05982308745959,48.39365705434462,0.0,100.0,0.5,50.0,median,luleburgaz,0.0,100.0,50.0,1.1821811986666324,-0.6059970022083301,0.0852171913785516,-0.924759229407985,-0.4741412557504557,0.9382038290112306,0.9320757000382391,-0.434235406399618,-0.45279189167182926,0.3577129000069879,0.3179814578594512,-0.41763360775759045,-0.5329820468077671,-0.2092974023084493,-0.21360832941705765,False,False,28.986929716755814
Luleburgaz,1993,9,0.2275267624019231,43.13768867479408,10,1,1993-09-01,0.189633865438078,0.3446252064771623,24.782064321464777,44.39046628301203,24.44839609090779,6.388983715627076,0.5,15.418689903267433,median,luleburgaz,24.448396090907817,6.388983715627076,15.418689903267447,-0.9146564190799176,-0.3709610140691272,-0.3762851603549627,-0.742353802797458,-0.4484822271179693,-0.8744503217049935,-0.998513120455002,-0.3146213979073157,-0.4070579827398848,-0.1587857373711837,-0.2744148896886049,-0.3216582945999418,-0.2744148896886049,-0.2734413518512179,-0.21360832941705765,False,True,28.986929716755814
Luleburgaz,1993,10,0.1979314541727636,30.436421610125976,6,1,1993-10-01,0.1841466817202477,0.3409058538431931,17.02123923135515,33.045756172758225,8.793598655716655,16.28338983430087,0.5,12.538494245008764,median,luleburgaz,8.793598655716655,16.28338983430087,12.538494245008764,-1.2830977010467002,-0.7943892503341135,-0.4183084464361883,-0.7323759270297335,-1.141041400894058,-1.664262846468687,-1.5613982817308512,-0.9925748517438321,-0.998513120455002,-0.4819867014719313,-0.6470008337681493,-0.5222776365459133,-0.4994934456429097,-0.8390785805419335,-0.9206378906748918,False,True,28.986929716755814
Tekirdag,1993,6,0.5292299923838797,30.09014972706981,10,4,1993-06-01,0.3548692843060378,0.5418339664599165,21.08275464126619,42.242382375833,93.258633699779,57.43122138633397,0.5,75.34492754305649,median,tekirdag,93.25863369977901,57.43122138633399,75.3449275430565,-0.7482093279054255,-0.4700492514789564,0.0323132544440609,-0.3843330548112731,-0.6380670405168687,-0.7149881505102003,-0.8101899639922557,-0.35727510425037085,-0.2744148896886049,0.240521646582898,0.1464499462086932,-0.3471841833975492,-0.48471925297706436,-0.3625688492194382,-0.43756036688567534,False,False,28.986929716755814
Tekirdag,1993,7,0.3388081587935642,41.53804925030578,9,2,1993-07-01,0.2996011031383021,0.5231666607488469,30.02835555617328,43.71619808000098,17.537162733967037,15.913017890902022,0.5,16.72509031243453,median,tekirdag,17.537162733967037,15.913017890902022,16.72509031243453,-0.754513693999954,-0.4980363547860628,0.201663935765412,-0.4700596851345689,-0.7556079971650371,-0.11524725389087022,0.02084838541615085,-0.10214876165396451,-0.02084838541615085,0.48856926281198615,0.4527918916718295,-0.1681848286893423,-0.17041725549737796,-0.559836617899876,-0.5329820468077671,False,True,28.986929716755814
Tekirdag,1993,8,0.2606724811656191,34.58292649591806,12,3,1993-08-01,0.2145976806432795,0.4339782774087779,33.14273610933887,46.82328926867245,21.002222257417834,89.47271817297376,0.5,55.2374702151958,median,tekirdag,21.002222257417834,89.47271817297376,55.2374702151958,0.3873235697754923,-0.9379666274682956,-0.4879487258292874,-0.3981308185020755,-0.6674239412692939,0.3975473990956173,0.4527918916718295,-0.46062421366523604,-0.4994934456429097,-0.05894773103336523,-0.06258145102371986,-0.01428083903134789,0.0,-0.4165479632857157,-0.43756036688567534,False,False,28.986929716755814
Tekirdag,1993,9,0.2381423627578382,39.61307849905472,10,2,1993-09-01,0.1910186171295055,0.3434703364482764,26.40771318071996,42.414170237086566,30.91060293639504,17.49976105372864,0.5,24.205181995061842,median,tekirdag,30.91060293639503,17.49976105372864,24.205181995061835,-0.4552459829789327,-0.7571676749847842,-1.0046638227500706,-0.4331164177529452,-0.6468711564820772,-0.2193632623775571,-0.1887364255057275,-0.16065834975485158,-0.1887364255057275,-0.4723456970930546,-0.45279189167182926,-0.0445641721357803,-0.14644994620869292,-0.4507068119650038,-0.5329820468077671,False,True,28.986929716755814
Tekirdag,1993,10,0.2223120083045665,27.26961890892284,6,3,1993-10-01,0.2011434514005603,0.3288378133341623,13.799725248551244,32.81187913608851,16.577518837529666,29.15114331574339,0.5,22.864331076636528,median,tekirdag,16.577518837529666,29.15114331574339,22.864331076636528,-1.5238904988498034,-1.2800516311024777,-1.228183265398914,-0.6654085256901248,-0.9726793328465064,-2.4691845415177003,-1.9439937268344964,-1.0636390099606468,-1.2312477796812997,-0.8291387770174327,-0.9320757000382391,-0.3842680251505852,-0.45279189167182926,-0.6588706390302006,-0.6335308991018239,True,True,28.986929716755814
Uzunkopru,1993,6,0.4606106389171335,31.17962800651565,10,6,1993-06-01,0.3278017154225964,0.5030639610561858,25.3569063809869,43.49734916614595,75.77725768286285,67.90198731922685,0.5,71.83962250104486,median,uzunkopru,75.77725768286287,67.90198731922685,71.83962250104486,-1.272074433378155,-0.7436002447114758,-1.2731035708694178,-1.2319565031978033,-1.4210903818630642,-0.7960125574863038,-0.8695173820242987,-0.5183582213878459,-0.4994934456429097,-0.9047397071212258,-0.6992999406425684,-1.0170662425421286,-0.9206378906748918,-0.9889863281149185,-0.85768031591492,False,False,28.986929716755814
Uzunkopru,1993,7,0.3260167390590889,42.35891808837691,9,4,1993-07-01,0.3090066548344354,0.4983037733049914,30.206773300306416,45.06194855960739,8.985918202077286,18.19588408785741,0.5,13.590901144967349,median,uzunkopru,8.985918202077286,18.195884087857415,13.59090114496735,-0.7919148360078619,-0.4073249640481762,-0.9593052830910924,-1.5487979137958154,-1.6768862087815224,-0.18772004380615226,-0.1887364255057275,0.000369589080673585,0.06258145102371986,-0.5012972787853575,-0.4070579827398848,-1.046028144917056,-0.9206378906748918,-1.1852999011319452,-1.0590423035404213,False,True,28.986929716755814
Uzunkopru,1993,8,0.2544562098730799,38.44727283514379,12,5,1993-08-01,0.2544562098730799,0.5451981560310377,32.8374973512725,46.303434212563246,0.0,58.340993711346,0.5,29.170496855673,median,uzunkopru,0.0,58.340993711345995,29.170496855672997,-1.3367550788516818,-1.846704001437145,-1.076540074148342,-1.9533573984424697,-1.6497953685854527,-0.4708671002236222,-0.4070579827398848,-0.8343032017759399,-0.9320757000382391,-0.5483262626964435,-0.4994934456429097,-1.2594201213386622,-1.1364912754190764,-1.1492347823709776,-1.0590423035404213,False,False,28.986929716755814
Uzunkopru,1993,9,0.2350593030484873,36.27032209262791,10,4,1993-09-01,0.2300308150158601,0.4287520313380586,27.778661706012603,41.08830349723985,2.5304233366175883,36.19918161725139,0.5,19.36480247693449,median,uzunkopru,2.5304233366175746,36.19918161725139,19.364802476934482,-0.8191391322438449,-1.7411335527649652,-1.7612105814116203,-1.815157594228815,-1.6520831848862143,-0.6424095577295037,-0.6992999406425684,-0.7462610542198359,-0.7535860816623509,-1.008621044144662,-0.9320757000382391,-1.1597070659540616,-1.1467208607643733,-1.228391447808447,-1.1364912754190764,False,True,28.986929716755814
Uzunkopru,1993,10,0.2078011083839048,30.07732228989302,6,4,1993-10-01,0.2078011083839048,0.3833590486590971,17.404481016505297,30.74795713019401,0.0,5.02593802834484,0.5,2.51296901417242,median,uzunkopru,0.0,5.02593802834484,2.51296901417242,-0.5528387087907682,-1.3731550691599774,-1.3157704612518155,-1.5624168677776415,-1.917665816577096,-0.9935827002902035,-0.998513120455002,-1.2726014677550013,-1.2312477796812997,-0.954785969881074,-0.8101899639922557,-1.0918146435054061,-1.0696790361613442,-1.4046843963984856,-1.1364912754190764,True,True,28.986929716755814
Corlu,1994,7,0.2411567941070453,35.53851528368824,10,6,1994-07-01,0.2411567941070453,0.46871385428598,32.97320114614718,44.767587698768864,0.0,78.24970272005511,0.5,39.124851360027556,median,corlu,0.0,78.24970272005511,39.124851360027556,0.1261946597436785,-0.8533319507592984,-1.3385993944110113,-0.9577951893158414,-1.4783731900146375,-0.1844567518179997,-0.1887364255057275,-0.8552444382468545,-0.8101899639922557,-1.2782655705802863,-1.3256266131669636,-1.080470744332196,-0.9874746312142068,-1.4684099527727685,-1.3162444282273533,False,False,28.633232437414303
Corlu,1994,8,0.2275971773623279,41.770559905043456,12,8,1994-08-01,0.2114858986548909,0.3861276906492696,33.698988564166115,46.7417631923928,9.225328326885016,38.1146146356838,0.5,23.669971481284406,median,corlu,9.225328326885004,38.11461463568383,23.669971481284417,-0.067198649515544,-0.7770806297247055,-1.5016422073184093,-1.2800899211918413,-1.4442215394961662,-0.5331381026501791,-0.5473111231649045,-0.8198273253459668,-0.998513120455002,-1.4027254485502167,-1.5613982817308512,-1.3370220916920446,-1.2214345945270093,-1.5471487410808837,-1.4246357618543768,False,True,28.633232437414303
Corlu,1994,9,0.2113230491040846,38.0547710891756,12,8,1994-09-01,0.1993734068907274,0.3480665630985831,27.666430007419827,42.38830436288306,8.036443988486594,29.436015884073218,0.5,18.736229936279905,median,corlu,8.036443988486578,29.436015884073218,18.736229936279898,-2.0862106103214435,-1.137353969384835,-1.8159707216126049,-1.903457947294716,-1.5668800976271675,-2.6706075137177905,-2.3528647678133234,-1.5941078153820363,-1.5613982817308512,-1.801735763183635,-1.9439937268344964,-1.9791800704861355,-1.5613982817308512,-1.7445762848695499,-1.7135929008532067,True,True,28.633232437414303
Edirne,1994,6,0.3967191063278372,27.434696048485225,4,2,1994-06-01,0.3257017645778581,0.543975793256036,27.434696048485225,44.3577027483714,32.53586428951044,100.0,0.5,66.26793214475522,median,edirne,32.535864289510464,100.0,66.26793214475524,0.3892425752571284,-0.0173941185780684,-1.5202175464669057,-1.2705779766993128,-1.5718748436144423,0.41353047955094974,0.4527918916718295,-0.13900763415536926,0.06258145102371986,-1.4554577652872243,-1.2312477796812997,-1.2622469243916474,-1.2214345945270093,-1.4132602754104537,-1.7135929008532067,False,False,28.633232437414303
Edirne,1994,7,0.29629543687334,40.041208654009175,10,3,1994-07-01,0.2414503697484318,0.5612946498717422,31.965500733772664,46.739004736987454,17.147427836997295,45.33654359535019,0.5,31.241985716173744,median,edirne,17.147427836997316,45.33654359535019,31.241985716173755,0.1823468158907371,0.0634939859926617,-1.0162546177389975,-1.1795342830570543,-1.34732893297149,0.030901841356649126,-0.06258145102371986,0.03268129455050855,0.1464499462086932,-0.8859702837088022,-0.7535860816623509,-1.0629375756758082,-0.9874746312142068,-1.255658511648888,-1.3162444282273533,False,False,28.633232437414303
Edirne,1994,8,0.2673433596107764,40.63817717226799,12,4,1994-08-01,0.229021614478841,0.4581346810583013,33.579157128574245,46.14653160875334,16.726128153256024,43.83059043217797,0.5,30.278359292717,median,edirne,16.72612815325604,43.830590432177964,30.278359292717003,-0.5322294288255184,-0.1037415238559399,-0.7219037021870571,-1.472557231399247,-1.5362198266650116,-0.6767659981566603,-0.6992999406425684,-0.25492417160823033,-0.23136326473860486,-0.7307877462500754,-0.8101899639922557,-1.363527273696372,-1.7135929008532067,-1.390010241935638,-1.4246357618543768,False,False,28.633232437414303
Edirne,1994,9,0.2372038023553534,39.07752619427593,12,4,1994-09-01,0.2193447657316066,0.3740988588743695,24.89643242742357,42.532933610188266,11.540267698943207,19.5923634745033,0.5,15.566315586723254,median,edirne,11.540267698943238,19.5923634745033,15.56631558672327,-2.2110941720740187,-0.954353163353992,-0.8890216579857277,-1.9030892580617231,-1.6047117414354206,-2.722697995576921,-2.3528647678133234,-1.2392647650528028,-1.1467208607643733,-1.0861224583527282,-1.2312477796812997,-1.8337963394985086,-1.9439937268344964,-1.6214579421750273,-1.7135929008532067,True,True,28.633232437414303
Edirne,1994,10,0.2938106887575074,18.141848257098346,4,2,1994-10-01,0.2152552748781966,0.3871591272349366,16.775228355909373,32.14921296752098,45.6972969496287,91.11082822239332,0.5,68.40406258601101,median,edirne,45.6972969496287,91.11082822239332,68.40406258601101,1.175800732830442,0.3313799369507658,0.1855498940039406,-0.6334786334775928,-0.9241465438812618,1.2056101989761228,1.146720860764374,-0.25325978833961227,-0.10442384485535401,-0.1378888472618593,-0.10442384485535401,-0.9079400657454252,-0.9320757000382391,-1.0693279886620806,-1.0590423035404213,False,False,28.633232437414303
Kirklareli,1994,6,0.3732576383185483,29.285741656329023,4,2,1994-06-01,0.3012678806275926,0.528383243387792,29.05835330150456,45.33031971721313,31.6974408142378,98.60257605617382,0.5,65.1500084352058,median,kirklareli,31.69744081423782,98.60257605617383,65.15000843520582,-0.2997061692667149,-1.1803835611569666,-2.1729936738713223,-2.549968681951082,-2.609874452409536,-0.09010186172142602,-0.06258145102371986,-1.0697837412290674,-1.1467208607643733,-1.915176032357747,-1.9439937268344964,-2.1131081671616423,-1.9367654674157944,-2.155308674953061,-1.9367654674157944,True,False,28.633232437414303
Kirklareli,1994,7,0.2790258162529062,41.87475989961116,10,3,1994-07-01,0.2485369118494177,0.5420576872552342,29.544782826486998,48.64480564115659,10.387307120368252,35.4452233237426,0.5,22.91626522205543,median,kirklareli,10.387307120368252,35.4452233237426,22.91626522205543,0.0312655710130314,-1.1504084850197578,-1.9492801506086264,-2.483683038270226,-2.59869124694188,-0.25902617398993627,-0.23136326473860486,-0.969276084715461,-1.1467208607643733,-1.656380650824191,-1.5613982817308512,-2.049833544596442,-1.9367654674157944,-2.221610702162864,-1.9367654674157944,False,True,28.633232437414303
Kirklareli,1994,8,0.2470341211425449,41.15275307181968,12,4,1994-08-01,0.2398971291224648,0.4850300345873192,31.684933185315188,45.96482627922851,2.911478573856079,33.69824392774999,0.5,18.304861250803036,median,kirklareli,2.911478573856068,33.69824392774994,18.304861250803004,-1.2114704955727502,-0.8994344947785278,-1.7586860284998849,-2.309821343057276,-2.847926294670149,-1.238483160875416,-1.4335644069425781,-0.9375261421825634,-0.9320757000382391,-1.5843600628370051,-1.4335644069425781,-2.1720814337699195,-1.9367654674157944,-2.34192743840652,-1.9367654674157944,False,True,28.633232437414303
Kirklareli,1994,9,0.2282119764834688,39.40094107396936,12,4,1994-09-01,0.2264392177848136,0.4263599730650386,25.16473562126994,41.53667351686312,0.8867306929539689,13.045080286241667,0.5,6.965905489597818,median,kirklareli,0.8867306929539964,13.045080286241667,6.965905489597832,-1.234820507705641,-1.4450599166865956,-2.049871151977888,-2.705700057798798,-3.0246432950873867,-2.957662407635883,-2.3528647678133234,-2.1663710921183617,-1.9439937268344964,-2.068214854902629,-2.3528647678133234,-2.385700263794139,-2.3528647678133234,-2.5499647450175456,-2.346620887656016,True,True,28.633232437414303
Kirklareli,1994,10,0.2945594589774715,18.62167950061002,4,2,1994-10-01,0.1889990885525008,0.4107584921015044,18.62167950061002,31.82191389321756,47.601305169295486,100.0,0.5,73.80065258464774,median,kirklareli,47.601305169295486,100.0,73.80065258464774,0.7659570873337963,-0.2499621459479704,-0.9131290720787558,-1.704711195125161,-2.375837760227796,0.6341509109018413,0.5964147284451815,-1.16420551911289,-1.0696790361613442,-1.3236615858434286,-1.2312477796812997,-1.8674940424096815,-1.721484142216565,-2.2902168815558284,-1.9367654674157944,True,False,28.633232437414303
Luleburgaz,1994,7,0.2883370459629279,42.02684024624287,10,1,1994-07-01,0.2861197837054355,0.525676930280443,29.38960752014221,46.93138124376206,0.9255671513845524,27.95920797288172,0.5,14.442387562133137,median,luleburgaz,0.9255671513845523,27.959207972881718,14.442387562133135,-0.4637075980111537,-0.3497296281476026,-1.4770421609778337,-1.3688523562504846,-1.5992655854280855,-1.0754911515714416,-1.1467208607643733,-0.6686305407957677,-0.6992999406425684,-1.4663255913527289,-1.4335644069425781,-1.6667273484488465,-1.5529586332276093,-1.6157400455478481,-1.7135929008532067,False,True,28.633232437414303
Luleburgaz,1994,8,0.2165618170894382,43.76558876194836,12,2,1994-08-01,0.1897432281143768,0.4336564687796705,30.05982308745959,48.39365705434462,10.995134541245662,25.243319541104068,0.5,18.119227041174867,median,luleburgaz,10.995134541245674,25.243319541104068,18.11922704117487,-0.0631935930134874,-0.164248305041367,-1.159742422562309,-1.362681729444739,-1.8533627386495304,-1.0213905229887288,-0.998513120455002,-0.8414386332643518,-0.9320757000382391,-1.3803575303218278,-1.4335644069425781,-1.646092392755303,-1.5529586332276093,-1.9304801683511377,-1.9367654674157944,False,True,28.633232437414303
Luleburgaz,1994,9,0.189633865438078,37.83199070981188,12,2,1994-09-01,0.189633865438078,0.3446252064771623,24.782064321464777,44.39046628301203,0.0,33.447272174762375,0.5,16.723636087381188,median,luleburgaz,0.0,33.44727217476235,16.723636087381173,0.2864337029121754,-0.3271448449377144,-0.6648287343263034,-1.5283280493228308,-1.5199798315317083,-0.8498178278200861,-0.8695173820242987,-1.294354263107591,-1.4335644069425781,-1.4079136463794848,-1.2312477796812997,-1.8930292070279329,-1.721484142216565,-1.8288368936377857,-1.9367654674157944,True,True,28.633232437414303
Tekirdag,1994,7,0.3610848868965808,33.43740520736,10,4,1994-07-01,0.2996011031383021,0.5231666607488469,30.02835555617328,43.71619808000098,27.50145613457353,75.09432443241313,0.5,51.29789028349333,median,tekirdag,27.50145613457353,75.09432443241313,51.29789028349333,-0.6225061789600623,0.1804070676952877,0.3415382892488547,0.0996913421646059,-0.5298105763715932,-0.6112170131829493,-0.8101899639922557,0.28604292451826074,0.36216035678781794,0.21277520963994637,0.18873642550572778,0.07942580183798281,0.0,-0.5048490311221958,-0.48471925297706436,False,False,28.633232437414303
Tekirdag,1994,8,0.2604603343615512,39.3161497035816,12,6,1994-08-01,0.2145976806432795,0.4339782774087779,33.14273610933887,46.82328926867245,20.90551962865497,54.87453232085933,0.5,37.89002597475715,median,tekirdag,20.90551962865497,54.87453232085933,37.89002597475715,-0.2881561370380465,-0.1714287560746658,-0.215920253066555,-0.0967344505333749,-0.5817374425854285,-0.3568347009687441,-0.3621603567878177,-0.12387984400540741,-0.14644994620869292,-0.19212512885252542,-0.2744148896886049,-0.24614459397917363,-0.3012898176615288,-0.6076181621335931,-0.5825199483025973,False,False,28.633232437414303
Tekirdag,1994,9,0.1910186171295055,36.35122690407265,12,6,1994-09-01,0.1910186171295055,0.3434703364482764,26.40771318071996,42.414170237086566,0.0,37.87810951332524,0.5,18.93905475666262,median,tekirdag,0.0,37.87810951332524,18.93905475666262,0.4344737680136546,-0.2679972444805492,-0.0788197799878632,-0.0741702945221882,-0.3627276432143817,-0.17135205312367915,-0.10442384485535401,-0.6538425609357617,-0.8101899639922557,-0.3386321314412891,-0.3179814578594511,-0.4011900956971837,-0.5964147284451813,-0.6439420839980355,-0.6335308991018239,False,True,28.633232437414303
Uzunkopru,1994,6,0.4052531696824263,31.12072424600342,4,2,1994-06-01,0.3278017154225964,0.5030639610561858,25.3569063809869,43.49734916614595,44.19175047075064,68.22669692642795,0.5,56.2092236985893,median,uzunkopru,44.191750470750655,68.22669692642795,56.2092236985893,0.0571844903213541,-0.503275566572152,-1.5655942204362046,-1.55613707844807,-1.8797746671124769,0.22681316804976445,0.274414889688605,-0.5135072762034008,-0.45279189167182926,-1.483899605821162,-1.4335644069425781,-1.4674457988553433,-1.5529586332276093,-1.5339111781886452,-1.7135929008532067,False,False,28.633232437414303
Uzunkopru,1994,7,0.3786434779124177,37.6073592999168,10,4,1994-07-01,0.3090066548344354,0.4983037733049914,30.206773300306416,45.06194855960739,36.787048656957694,50.18176581271366,0.5,43.48440723483567,median,uzunkopru,36.787048656957694,50.181765812713614,43.48440723483566,-0.1338239197123686,-0.442455204982243,-1.3533870171237912,-1.3647721503477943,-1.8517790813969848,-0.32234056953973483,-0.23136326473860486,-0.33179441347062477,-0.5473111231649045,-1.1987463703560706,-1.3256266131669636,-1.2041400545955714,-1.1364912754190764,-1.4836559481380178,-1.7135929008532067,False,False,28.633232437414303
Uzunkopru,1994,8,0.2706547937100079,40.715131276159504,12,6,1994-08-01,0.2544562098730799,0.5451981560310377,32.8374973512725,46.303434212563246,5.5714643349492645,41.49954803715076,0.5,23.53550618605001,median,uzunkopru,5.5714643349492645,41.49954803715076,23.53550618605001,-0.7134329496477866,-0.4678478571995194,-1.0518413836092095,-1.6779737907282226,-1.7996441649443642,-0.9750059515584324,-0.998513120455002,-0.5303310069399474,-0.5473111231649045,-1.0044274922288872,-1.1467208607643733,-1.5584310998311115,-1.5529586332276093,-1.4966168699363345,-1.5529586332276093,False,True,28.633232437414303
Uzunkopru,1994,9,0.2363495458034359,38.211414728966986,12,6,1994-09-01,0.2300308150158601,0.4287520313380586,27.778661706012603,41.08830349723985,3.1796961112249607,21.61507284267485,0.5,12.397384476949904,median,uzunkopru,3.1796961112249185,21.615072842674852,12.397384476949885,-0.6553197470977912,-1.0191367364219606,-1.256718086787132,-1.8970637511396804,-1.833891791300839,-2.716574260757166,-2.3528647678133234,-1.454139507566702,-1.4335644069425781,-1.392543790535525,-1.5613982817308512,-1.9095636741553856,-1.9439937268344964,-1.8447620333878694,-1.5529586332276093,True,True,28.633232437414303
Uzunkopru,1994,10,0.3093568907334798,21.01029151886507,4,1,1994-10-01,0.2078011083839048,0.3833590486590971,17.404481016505297,30.74795713019401,57.84744466150791,72.97697787564763,0.5,65.41221126857778,median,uzunkopru,57.84744466150791,72.97697787564763,65.41221126857778,1.1638168045018742,0.502492177108227,0.0730441580737367,-0.6639417127795568,-0.8914432226094777,1.1483658432055701,0.9985131204550027,-0.06376975307738811,-0.06258145102371986,-0.241972033534837,-0.2744148896886049,-0.9555037509376674,-0.998513120455002,-1.0833487003717879,-1.0590423035404213,False,False,28.633232437414303
Corlu,1995,6,0.380456686729627,36.18765293740951,12,8,1995-06-01,0.3398058060169734,0.5550912779270141,24.8281463037949,41.81771643367222,18.882314887295323,33.13835166648423,0.5,26.010333276889778,median,corlu,18.882314887295323,33.13835166648423,26.010333276889778,0.0431509197274746,-0.8860304631352587,1.1055295082817904,0.9817153697707176,0.5745164233401802,-0.5662218046271176,-0.5473111231649045,-1.0362350397377136,-0.9320757000382391,0.8015889521165861,0.9320757000382391,0.8433178784990475,0.8576803159149204,0.1547071730335146,0.30128981766152896,True,True,28.419083962855343
Corlu,1995,7,0.4091734934931903,33.80460116193501,12,8,1995-07-01,0.2411567941070453,0.46871385428598,32.97320114614718,44.767587698768864,73.83497539211862,92.95088377781695,0.5,83.39292958496779,median,corlu,73.83497539211864,92.95088377781697,83.3929295849678,1.0620511197908176,-0.0732207865671372,-0.018189626029193,1.198017662794136,0.8103206533745251,1.0153486918737051,0.869517382024299,-0.4405899309195309,-0.3621603567878177,-0.3851890612006117,-0.2744148896886049,1.1756222844583804,1.3162444282273542,0.4349928153367857,0.4847192529770645,False,False,28.419083962855343
Corlu,1995,8,0.3396418325832274,33.698988564166115,12,7,1995-08-01,0.2114858986548909,0.3861276906492696,33.698988564166115,46.7417631923928,73.38216841731759,100.0,0.5,86.6910842086588,median,corlu,73.38216841731762,100.0,86.69108420865881,0.3239479676364287,0.4959507860890255,0.0723250000771799,1.1425598466646425,0.8477026028710416,0.4879680257375076,0.6470008337681494,0.3030128464292641,0.407057982739885,-0.1099515503425655,-0.14644994620869292,1.0656802558587464,1.1364912754190772,0.6080273770569813,0.5329820468077673,False,False,28.419083962855343
Corlu,1995,9,0.2903738189426467,34.011199893759084,6,4,1995-09-01,0.1993734068907274,0.3480665630985831,27.666430007419827,42.38830436288306,61.20013480964201,56.90243148974617,0.5,59.051283149694086,median,corlu,61.20013480964204,56.90243148974617,59.0512831496941,0.8710569534096675,1.030247806826938,0.1711602531536577,1.396091081973826,1.1803008589607666,0.8888799605702896,0.8101899639922558,1.0586158422573146,0.869517382024299,0.07920812103359813,0.10442384485535429,1.248621183963416,1.2312477796813,1.136481541317932,1.0590423035404217,False,False,28.419083962855343
Corlu,1995,10,0.2403050790552021,23.195705889183543,6,2,1995-10-01,0.1847029231834753,0.3357082850914537,18.0578755063624,35.57369742326176,36.82131228267935,70.66748904392469,0.5,53.74440066330202,median,corlu,36.821312282679315,70.6674890439247,53.74440066330201,-0.7178523910250509,-0.0661432610255434,-0.2006225016448451,-0.1361877265240185,0.91187272475872,-0.4233949628392795,-0.6470008337681493,0.18290135706541735,0.18873642550572778,-0.143950668752921,-0.14644994620869292,-0.21774287891264738,-0.2744148896886049,0.9662990971278156,0.9206378906748922,False,False,28.419083962855343
Edirne,1995,6,0.4280674782026819,36.40096761915712,12,4,1995-06-01,0.3257017645778581,0.543975793256036,27.434696048485225,44.3577027483714,46.89779826062186,47.01726631868436,0.5,46.95753228965311,median,edirne,46.89779826062187,47.01726631868436,46.957532289653116,-0.0405378694346197,-1.0776904089015484,0.614802653547593,1.1697726832470527,0.6706603721763497,-0.4878905300840536,-0.6470008337681493,-0.9837749923207146,-1.0696790361613442,0.4017195724050807,0.36216035678781794,1.1192099051870448,1.0590423035404217,0.43755951285982386,0.5825199483025975,False,False,28.419083962855343
Edirne,1995,7,0.4264502589801011,31.965500733772664,12,4,1995-07-01,0.2414503697484318,0.5612946498717422,31.965500733772664,46.739004736987454,57.84061205044711,100.0,0.5,78.92030602522355,median,edirne,57.84061205044712,100.0,78.92030602522357,1.1735719871976331,-0.1866220278600095,-0.0155378364080261,0.9793638527131686,0.912247911710032,1.1583604073137383,0.9985131204550027,-0.3024469307014452,-0.06258145102371986,-0.18751097716426968,-0.1887364255057275,0.9691969323273716,0.7409429851520696,0.6846755315294134,0.7409429851520696,False,False,28.419083962855343
Edirne,1995,8,0.4008296230133106,34.42821440581294,12,4,1995-08-01,0.229021614478841,0.4581346810583013,33.579157128574245,46.14653160875334,74.98830647220363,93.24395657519554,0.5,84.11613152369958,median,edirne,74.98830647220362,93.24395657519554,84.11613152369958,0.8703198584666061,0.8275644088037257,0.4817453478657775,1.167147699839605,1.113676843404524,0.9466252992390168,0.9320757000382391,0.7199051248076129,0.6992999406425686,0.5606408146710611,0.5964147284451815,1.2178276220001543,0.9874746312142068,1.0430099316349728,0.7979517139723645,False,False,28.419083962855343
Edirne,1995,9,0.3558058141152324,33.413588006954015,6,1,1995-09-01,0.2193447657316066,0.3740988588743695,24.89643242742357,42.532933610188266,88.17928211936757,51.7072264432253,0.5,69.94325428129643,median,edirne,88.17928211936758,51.7072264432253,69.94325428129645,0.3465030864210303,0.8930666717584487,0.0449867566877291,0.9369417555594824,1.3403765106155494,0.2101227713960657,0.274414889688605,0.9813007309516216,0.8101899639922558,0.23200890930275375,0.274414889688605,0.8990698807032595,0.9985131204550027,1.3729461507036775,1.1364912754190772,False,False,28.419083962855343
Edirne,1995,10,0.3038021226808927,24.646686341937038,6,2,1995-10-01,0.2152552748781966,0.3871591272349366,16.775228355909373,32.14921296752098,51.50951918107165,48.8001439777523,0.5,50.154831579411976,median,edirne,51.50951918107165,48.80014397775228,50.15483157941196,-0.3240144183017589,-0.0475114225978068,-0.2381344597657158,-0.1515543349521463,0.7502022055638443,-0.32026713489962355,-0.45279189167182926,0.2327534614838012,0.18873642550572778,-0.026008915890159547,-0.06258145102371986,-0.05092184386484873,-0.14644994620869292,0.8359322895983275,0.9206378906748922,False,False,28.419083962855343
Kirklareli,1995,6,0.4138623319445176,33.65038406584427,12,4,1995-06-01,0.3012678806275926,0.528383243387792,29.05835330150456,45.33031971721313,49.57588511342065,71.77949703788306,0.5,60.67769107565185,median,kirklareli,49.57588511342066,71.77949703788306,60.677691075651865,0.4130854451145905,-0.3668322481447206,0.53059551969197,0.6529046565649054,0.1881844384799113,0.10338011817392259,0.1464499462086932,-0.456154885711705,-0.3621603567878177,0.37521594616630105,0.274414889688605,0.6845098818045826,0.5825199483025975,-0.20871256589622472,-0.12754191328099132,False,False,28.419083962855343
Kirklareli,1995,7,0.4087088084973391,33.989580113704605,12,4,1995-07-01,0.2485369118494177,0.5420576872552342,29.544782826486998,48.64480564115659,54.5691855802952,76.72883781162908,0.5,65.64901169596214,median,kirklareli,54.569185580295176,76.72883781162909,65.64901169596213,1.1194397651942491,0.2657162924425442,0.4261479942398379,0.7465535563488253,0.4487122483802073,1.0747340969801975,1.146720860764374,0.04849200302250977,0.231363264738605,0.23061702020498262,0.1464499462086932,0.8770499208324608,0.9206378906748922,0.11253198737798877,0.12754191328099146,False,False,28.419083962855343
Kirklareli,1995,8,0.3835438997443854,31.684933185315188,12,4,1995-08-01,0.2398971291224648,0.4850300345873192,31.684933185315188,45.96482627922851,58.59954637649239,100.0,0.5,79.29977318824619,median,kirklareli,58.59954637649239,100.0,79.29977318824619,0.2182847815728483,0.725533378378221,0.4960560932269046,0.7967035895024488,0.5678528924430769,0.25930955343892675,0.1464499462086932,0.5970087825939949,0.6992999406425686,0.4265376419154703,0.407057982739885,0.7789841381846517,0.9874746312142068,0.40485960771333096,0.43756036688567534,False,False,28.419083962855343
Kirklareli,1995,9,0.3437480340745941,32.25844857487511,6,1,1995-09-01,0.2264392177848136,0.4263599730650386,25.16473562126994,41.53667351686312,58.67765761756503,56.6715131779569,0.5,57.674585397760964,median,kirklareli,58.67765761756503,56.6715131779569,57.674585397760964,0.631515226175486,0.8315946612080525,0.3076671260332524,0.802975785251254,0.8585384339899824,0.6505913070854504,0.5964147284451815,0.8632863541640208,0.8101899639922558,0.32156695667706686,0.3179814578594512,0.8628064479040761,0.9985131204550027,0.9986633507606342,0.9206378906748922,False,False,28.419083962855343
Kirklareli,1995,10,0.3151930932282244,24.20411796586994,6,2,1995-10-01,0.1889990885525008,0.4107584921015044,18.62167950061002,31.82191389321756,56.90581894437578,57.70955045778412,0.5,57.30768470107995,median,kirklareli,56.90581894437578,57.70955045778411,57.30768470107995,-0.5977971339110227,-0.2617510035892664,-0.0745641362090407,0.0808865827365777,0.4637867612194929,-0.5518754168387275,-0.6470008337681493,-0.016974519497212556,0.10442384485535429,-0.07881241216914976,-0.1887364255057275,0.10623027947151253,0.3179814578594512,0.6451411050949807,0.7409429851520696,False,False,28.419083962855343
Luleburgaz,1995,6,0.4074351176517646,34.97600848441256,12,2,1995-06-01,0.3409911048494393,0.5448500175709519,20.665396881359143,43.24732335614259,32.593136064201985,36.628030300985856,0.5,34.61058318259392,median,luleburgaz,32.593136064201964,36.628030300985856,34.61058318259391,-0.2270325049861622,-1.359261889461983,1.0652834349155995,1.599829628911877,1.2734608987687823,-1.0578666519388409,-1.2312477796812997,-1.4756896929542995,-1.721484142216565,0.6177884165565796,0.6470008337681494,1.2917415338037948,1.0590423035404217,0.6168940163099197,0.6862467686859735,True,False,28.419083962855343
Luleburgaz,1995,7,0.4096533953179344,35.53640753014967,12,2,1995-07-01,0.2861197837054355,0.525676930280443,29.38960752014221,46.93138124376206,51.5674916731484,64.95907365552867,0.5,58.26328266433853,median,luleburgaz,51.56749167314838,64.95907365552867,58.263282664338526,1.2306901743195453,-0.2257172972353954,0.3863132845888473,1.2788074811143266,1.6235116586038625,1.059375790501134,1.146720860764374,-0.8324003554781391,-0.8695173820242987,-0.24510251873245117,-0.14644994620869292,1.0172187026237869,1.0590423035404217,1.0484184252768964,0.8576803159149204,False,False,28.419083962855343
Luleburgaz,1995,8,0.3652595902798183,35.327221872229345,12,2,1995-08-01,0.1897432281143768,0.4336564687796705,30.05982308745959,48.39365705434462,71.95852168037534,71.26951845269329,0.5,71.61402006653432,median,luleburgaz,71.95852168037536,71.26951845269329,71.61402006653432,0.7800940494345185,0.7156506556797642,0.3434953851290782,1.551683517250846,1.703804683624452,0.48802416963729656,0.4527918916718295,0.13350882457808444,0.06258145102371986,-0.14491984605010225,-0.10442384485535401,1.2479355739887177,1.0590423035404217,1.301671725801631,1.1364912754190772,False,False,28.419083962855343
Luleburgaz,1995,9,0.3179771852702457,36.74372030827914,6,1,1995-09-01,0.189633865438078,0.3446252064771623,24.782064321464777,44.39046628301203,82.80676776633814,38.99729304676854,0.5,60.90203040655334,median,luleburgaz,82.80676776633815,38.99729304676854,60.90203040655335,0.8909440606001174,1.20743937373068,0.2092358828947642,1.4395121861129874,1.7588370603908654,0.9498339577946795,0.9320757000382391,1.1025987758124633,0.9985131204550027,-0.15863151208119444,-0.23136326473860486,1.0696316910335395,1.0696790361613444,1.6017768255662301,1.4246357618543775,False,False,28.419083962855343
Luleburgaz,1995,10,0.2705227972160367,23.578632801714487,6,1,1995-10-01,0.1841466817202477,0.3409058538431931,17.02123923135515,33.045756172758225,55.101155693808266,59.078993804694456,0.5,57.09007474925136,median,luleburgaz,55.101155693808266,59.078993804694456,57.09007474925136,-1.015357350752378,-0.0030430987362627,-0.2458073382889922,0.1627085547755739,0.9426050968137182,-0.6044956020774964,-0.4994934456429097,0.16509331797388377,0.274414889688605,-0.44670548499219687,-0.5473111231649045,-0.10367784258408043,-0.14644994620869292,0.7714659913276655,0.8576803159149204,False,False,28.419083962855343
Tekirdag,1995,6,0.4183670989793339,34.73402728241635,12,6,1995-06-01,0.3548692843060378,0.5418339664599165,21.08275464126619,42.242382375833,33.96246496492589,35.4843439951018,0.5,34.72340448001385,median,tekirdag,33.962464964925864,35.4843439951018,34.72340448001383,0.774123132113351,-0.0407845188675419,2.075529679305924,1.7542664846507487,1.4371518551096003,0.38759131731083724,0.4527918916718295,-0.3468953736744075,-0.23136326473860486,2.048909174195382,2.3528647678133265,1.7945099231199442,1.5529586332276095,1.1337212583893597,1.1364912754190772,False,False,28.419083962855343
Tekirdag,1995,7,0.4821701700437176,32.07967441012168,12,6,1995-07-01,0.2996011031383021,0.5231666607488469,30.02835555617328,43.71619808000098,81.66242996314045,85.01357061657102,0.5,83.33800028985573,median,tekirdag,81.66242996314043,85.01357061657102,83.33800028985573,1.9137972179557607,1.5549276265834948,1.3814572745656402,2.1621389767497083,1.977678004553588,2.180377903349645,2.3528647678133265,1.2300765436591554,1.0696790361613444,1.0005403612866106,0.9985131204550027,2.18831433400692,2.346620887656017,1.7889075556080591,1.5529586332276095,False,False,28.419083962855343
Tekirdag,1995,8,0.3201471563053532,33.14273610933887,12,6,1995-08-01,0.2145976806432795,0.4339782774087779,33.14273610933887,46.82328926867245,48.11249363812162,100.0,0.5,74.05624681906082,median,tekirdag,48.11249363812162,100.0,74.05624681906082,1.5072491136530255,1.9155124339114469,1.988716476608692,2.3814683441540776,2.139576392925912,1.3927680340038275,1.4335644069425781,1.9589531768987354,1.9439937268344982,1.6924534977635706,1.7214841422165659,2.292531349870003,2.346620887656017,2.0950728343977647,1.9367654674157966,False,False,28.419083962855343
Tekirdag,1995,9,0.3090824693798309,35.71818748373896,6,3,1995-09-01,0.1910186171295055,0.3434703364482764,26.40771318071996,42.414170237086566,77.44343768498817,41.83300982702018,0.5,59.63822375600417,median,tekirdag,77.44343768498817,41.83300982702018,59.63822375600417,0.9425980922021944,1.8236706675876648,1.6101406313068305,2.644114699374987,2.195237957387833,0.8549677886078296,0.869517382024299,1.751888292649145,1.7214841422165659,1.4570057813730382,1.4335644069425781,2.4887271413035954,2.3528647678133265,2.242894877853318,1.9367654674157966,False,False,28.419083962855343
Tekirdag,1995,10,0.2545503216688547,22.195077019902225,6,2,1995-10-01,0.2011434514005603,0.3288378133341623,13.799725248551244,32.81187913608851,41.82398459852496,55.84218484127538,0.5,48.83308471990017,median,tekirdag,41.82398459852496,55.84218484127538,48.83308471990017,-0.7289008711944861,0.4525964464299521,0.9875190385931032,1.012492661335863,1.8539390638783064,-0.31971616365252614,-0.5964147284451813,0.5439295953452161,0.6470008337681494,0.9268687768076705,0.8101899639922558,0.9793532767891184,0.9320757000382391,2.0474706155215006,1.9367654674157966,False,False,28.419083962855343
Uzunkopru,1995,6,0.3630129696068628,34.12155547810447,12,6,1995-06-01,0.3278017154225964,0.5030639610561858,25.3569063809869,43.49734916614595,20.09060996392828,51.684480908657584,0.5,35.88754543629293,median,uzunkopru,20.0906099639283,51.684480908657584,35.88754543629294,0.7476293804400118,-0.3869972151499609,1.2923082626283668,1.456987196414333,0.9693352545315842,0.328776667708004,0.407057982739885,-0.6047299863867998,-0.6470008337681493,1.2330378891997644,1.325626613166965,1.492915630347532,1.4246357618543775,0.6558304119494337,0.6862467686859735,False,False,28.419083962855343
Uzunkopru,1995,7,0.4558252509924156,32.88459778266924,12,6,1995-07-01,0.3090066548344354,0.4983037733049914,30.206773300306416,45.06194855960739,77.55986849890532,81.97379407768206,0.5,79.76683128829369,median,uzunkopru,77.55986849890529,81.97379407768206,79.76683128829367,0.7385149662380828,0.1948302145475504,0.4556126971410787,1.1653554647349704,1.1344612754795396,0.7574859810497118,0.869517382024299,0.10575295002195921,0.18873642550572778,0.25291544699992186,0.231363264738605,1.3399564424813413,1.1364912754190772,0.8527499432600414,0.8576803159149204,False,False,28.419083962855343
Uzunkopru,1995,8,0.4352215855161245,34.24666756139173,12,6,1995-08-01,0.2544562098730799,0.5451981560310377,32.8374973512725,46.303434212563246,62.17382047268688,89.53529765782552,0.5,75.8545590652562,median,uzunkopru,62.17382047268687,89.53529765782552,75.8545590652562,1.1351812062820654,0.9746650193965644,0.9309227865202993,1.431591107654281,1.3308843858161812,1.1741209197487876,1.0696790361613444,0.9219961503256854,1.0696790361613444,0.8728254418372877,0.9985131204550027,1.8853459345982526,1.7135929008532076,1.4421753440736917,1.4246357618543775,False,False,28.419083962855343
Uzunkopru,1995,9,0.361271961140032,34.20988927406269,6,2,1995-09-01,0.2300308150158601,0.4287520313380586,27.778661706012603,41.08830349723985,66.04284562720412,51.67993497549208,0.5,58.861390301348095,median,uzunkopru,66.04284562720412,51.67993497549208,58.861390301348095,1.1981921998280152,1.2446640251405308,0.7271831008645468,1.639550320007463,1.724591015763783,1.1901339165652998,1.0696790361613444,1.3091028161943548,1.4335644069425781,0.8004589588513759,0.8101899639922558,1.764740607717017,1.7214841422165659,1.890918792912826,2.346620887656017,False,False,28.419083962855343
Uzunkopru,1995,10,0.3113598108806319,21.749239720909543,6,3,1995-10-01,0.2078011083839048,0.3833590486590971,17.404481016505297,30.74795713019401,58.98833304514496,67.43907908714226,0.5,63.213706066143615,median,uzunkopru,58.98833304514496,67.43907908714226,63.213706066143615,-0.8418472314553908,0.4550632471667925,0.3486532296159057,0.5083227144081804,1.067089502253562,-0.638993552343171,-0.5964147284451813,0.5824758778838286,0.5473111231649046,0.4802450940926733,0.4527918916718295,0.5737082727105138,0.6470008337681494,1.1999547901713215,1.2214345945270098,False,False,28.419083962855343
Corlu,1996,6,0.3430487798450172,36.60516005198907,12,8,1996-06-01,0.3398058060169734,0.5550912779270141,24.8281463037949,41.81771643367222,1.5063598111250858,30.68091977510669,0.5,16.093639793115887,median,corlu,1.50635981112506,30.680919775106695,16.093639793115877,-1.6463700601238838,-1.881871981868752,-1.1103063784195168,-0.9141679265474132,-0.419834295425122,-1.145262478257162,-1.1467208607643733,-1.667520956307885,-1.721484142216565,-0.8453467672298679,-0.8695173820242987,-0.588847072781219,-0.5329820468077671,-0.08275851497947213,0.0,True,True,28.29237686351272
Corlu,1996,7,0.2745620492428147,37.41611503258329,12,8,1996-07-01,0.2411567941070453,0.46871385428598,32.97320114614718,44.767587698768864,14.679946695348368,62.330267313067424,0.5,38.50510700420789,median,corlu,14.679946695348354,62.330267313067424,38.505107004207886,1.014847539399888,-1.125852648013878,-0.1569640114444179,-0.380042592056147,-0.4309805079776375,1.0594920432728678,0.9985131204550027,-1.1713366471793427,-1.4335644069425781,0.030621770188445693,0.02084838541615085,-0.1546669387802239,-0.21360832941705765,-0.0633846991521297,-0.21360832941705765,True,False,28.29237686351272
Corlu,1996,8,0.2527293083593557,40.07074076185424,10,6,1996-08-01,0.2114858986548909,0.3861276906492696,33.698988564166115,46.7417631923928,23.616002351712226,51.14726444863489,0.5,37.381633400173556,median,corlu,23.616002351712197,51.147264448634914,37.381633400173556,0.8543112738231035,0.1595259119044177,-0.2449524119406997,-0.4597738819849073,-0.3039189628075869,0.8228941568327324,0.8101899639922558,0.20778900989069518,0.274414889688605,-0.059224067275868264,-0.10442384485535401,-0.30214461015872657,-0.3012898176615288,0.016897945512267892,-0.12754191328099132,False,False,28.29237686351272
Corlu,1996,9,0.2526922938373416,29.33798862779899,9,6,1996-09-01,0.1993734068907274,0.3480665630985831,27.666430007419827,42.38830436288306,35.85833289602155,88.64574863214443,0.5,62.25204076408299,median,corlu,35.85833289602152,88.64574863214443,62.25204076408298,1.0666246515874631,1.3431424673851495,0.0249278986504025,-0.0517367859316565,-0.2188196838438248,1.211455595213848,1.0696790361613444,1.4196193334007043,1.4335644069425781,0.09076743531810512,0.18873642550572778,0.22182446524210298,0.231363264738605,0.11801309631940428,0.2572017876710414,False,False,28.29237686351272
Corlu,1996,10,0.3034611731797042,24.64054427173847,11,6,1996-10-01,0.1847029231834753,0.3357082850914537,18.0578755063624,35.57369742326176,78.64505504685282,62.41872749902146,0.5,70.53189127293714,median,corlu,78.64505504685282,62.41872749902147,70.53189127293714,-1.0403415619878835,0.2561026261060471,-0.561933428586963,-0.035029575580943,-0.2662693321768895,-0.7007041691768161,-0.7535860816623509,0.44718967768408907,0.36216035678781794,-0.467344771985947,-0.4994934456429097,0.24442698509803967,0.407057982739885,0.062050852569466006,0.0,False,False,28.29237686351272
Edirne,1996,6,0.3532368505820923,37.14746711572985,12,4,1996-06-01,0.3257017645778581,0.543975793256036,27.434696048485225,44.3577027483714,12.614916291682029,42.60611462554136,0.5,27.610515458611694,median,edirne,12.614916291682052,42.60611462554136,27.610515458611705,-2.436393551935516,-0.6547398432954051,0.0314285956716728,-0.050910811913692,0.3274664243345743,-1.2281720478037548,-1.2312477796812997,-0.9073719659114571,-0.998513120455002,0.05286976277879247,-0.14644994620869292,0.10763701766735499,0.12754191328099146,0.687803522765325,0.8576803159149204,False,True,28.29237686351272
Edirne,1996,7,0.277026689161352,38.91076083401487,12,4,1996-07-01,0.2414503697484318,0.5612946498717422,31.965500733772664,46.739004736987454,11.123012548232625,52.98840343678197,0.5,32.0557079925073,median,edirne,11.123012548232648,52.98840343678193,32.05570799250729,-1.8339146358159144,-2.449381217305436,0.1349526664572166,-0.0722951874817587,-0.1811247020577196,-0.9666458995020966,-0.998513120455002,-1.8405251637055404,-1.9439937268344964,0.10647011069500871,0.18873642550572778,0.024152266790219614,0.08489986218558768,0.15728505365452738,0.08489986218558768,True,False,28.29237686351272
Edirne,1996,8,0.2745990658072249,37.32105639622543,10,4,1996-08-01,0.229021614478841,0.4581346810583013,33.579157128574245,46.14653160875334,19.89299519614122,70.22529030584073,0.5,45.05914275099097,median,edirne,19.892995196141218,70.22529030584073,45.05914275099097,0.7424037254524413,-1.2902326626137843,-0.7302221282697055,-0.2101400128011053,-0.2040931732837037,0.7486192508045346,0.6470008337681494,-0.9435187092910837,-0.9320757000382391,-0.5273578144890407,-0.45279189167182926,-0.1786936252124373,-0.042411701021866303,0.04785219579148155,0.08489986218558768,False,False,28.29237686351272
Edirne,1996,9,0.3263285512135792,24.89643242742357,9,2,1996-09-01,0.2193447657316066,0.3740988588743695,24.89643242742357,42.532933610188266,69.13147388177866,100.0,0.5,84.56573694088934,median,edirne,69.13147388177867,100.0,84.56573694088934,0.9503404718509716,0.3750272510863711,-0.2800581714841135,0.1334036669161567,0.033140952315755,1.0627537216325456,0.869517382024299,0.44067740449805887,0.4527918916718295,-0.19574315093756534,-0.14644994620869292,0.30981147919086577,0.3179814578594512,0.29451980636928815,0.43756036688567534,False,False,28.29237686351272
Edirne,1996,10,0.3360586807224355,16.775228355909373,11,2,1996-10-01,0.2152552748781966,0.3871591272349366,16.775228355909373,32.14921296752098,70.27382120183329,100.0,0.5,85.13691060091665,median,edirne,70.27382120183326,100.0,85.13691060091662,-1.07979759242159,0.1326518248454221,-1.125326601486068,0.0798494660473944,-0.0997408954997764,-0.9143414150783877,-0.8695173820242987,0.4341740231240271,0.36216035678781794,-0.8667058373115202,-0.998513120455002,0.3342237232516445,0.4527918916718295,0.16408449335551714,0.12754191328099146,False,False,28.29237686351272
Kirklareli,1996,6,0.3505208299668858,37.29164912275673,12,4,1996-06-01,0.3012678806275926,0.528383243387792,29.05835330150456,45.33031971721313,21.686313396288,49.40196156437526,0.5,35.54413748033163,median,kirklareli,21.686313396288018,49.40196156437526,35.54413748033164,-1.385554786258965,-1.6752743798186425,-0.9066434305805828,-0.6074731017540433,-0.251284103691937,-1.3088715720563013,-1.4335644069425781,-1.6075654180955266,-1.9439937268344964,-0.9661447758587797,-0.8101899639922557,-0.5003967086370965,-0.48471925297706436,-0.07229995557518198,0.08489986218558768,True,False,28.29237686351272
Kirklareli,1996,7,0.2696436864594107,39.149420957075726,12,4,1996-07-01,0.2485369118494177,0.5420576872552342,29.544782826486998,48.64480564115659,7.190896310767503,49.7139965549571,0.5,28.452446432862303,median,kirklareli,7.190896310767503,49.713996554957106,28.452446432862303,-1.745336891548138,-2.946001792248637,-0.9342166159352094,-0.6344381156390296,-0.7006311231257004,-1.1639232634728556,-1.1467208607643733,-2.293454474949152,-2.3528647678133234,-1.0074994212852204,-0.7535860816623509,-0.6211780844327692,-0.5825199483025973,-0.5331822932613633,-0.5825199483025973,True,False,28.29237686351272
Kirklareli,1996,8,0.2609731500591727,37.00875307608084,10,4,1996-08-01,0.2398971291224648,0.4850300345873192,31.684933185315188,45.96482627922851,8.597793469114514,62.7180689956644,0.5,35.65793123238946,median,kirklareli,8.597793469114514,62.71806899566436,35.65793123238944,0.1907371877662365,-1.7740534154459806,-1.6354150023093976,-1.3902883100634165,-0.7023775662734871,0.09807542862964015,-0.06258145102371986,-1.3917706557772502,-1.4335644069425781,-1.3644680082605307,-1.2312477796812997,-1.2834139731063845,-1.4246357618543768,-0.6545515590252851,-0.6335308991018239,True,False,28.29237686351272
Kirklareli,1996,9,0.3007024633986405,25.854478483936862,9,2,1996-09-01,0.2264392177848136,0.4263599730650386,25.16473562126994,41.53667351686312,37.14634106385481,95.7870420284664,0.5,66.4666915461606,median,kirklareli,37.1463410638548,95.78704202846642,66.4666915461606,0.4668008087134005,-0.3876580396094203,-1.6983998725806388,-1.096193342315919,-0.8086644144176145,0.6929680548059309,0.6470008337681494,-0.16912795709699519,-0.1887364255057275,-1.4282820428229028,-1.4335644069425781,-0.9919158112891084,-0.998513120455002,-0.6582562072106516,-0.7409429851520691,False,False,28.29237686351272
Kirklareli,1996,10,0.2648213771475808,20.4253244722762,11,3,1996-10-01,0.1889990885525008,0.4107584921015044,18.62167950061002,31.82191389321756,34.1912394160661,86.33626556907002,0.5,60.26375249256806,median,kirklareli,34.1912394160661,86.33626556907002,60.26375249256806,-1.4178013869292778,-0.7233431486023321,-2.1158622365475104,-1.252784590752722,-0.9834634666896968,-1.038568118608299,-0.8695173820242987,-0.3143328251310209,-0.3179814578594511,-1.7335251855305682,-1.721484142216565,-1.025977519349595,-1.1467208607643733,-0.827650456404088,-0.7979517139723642,False,False,28.29237686351272
Luleburgaz,1996,6,0.4423692013026684,35.25877729684842,12,2,1996-06-01,0.3409911048494393,0.5448500175709519,20.665396881359143,43.24732335614259,49.72953848317616,35.37583947151158,0.5,42.55268897734387,median,luleburgaz,49.72953848317616,35.37583947151158,42.55268897734387,-1.0628004947856258,-1.2667366127136437,-0.3621169564632927,-0.6513463573447975,-0.0398298495700623,-0.7962476535633413,-0.8695173820242987,-1.0482477008316642,-0.7535860816623509,0.028412471136094183,0.10442384485535429,-0.06556662150548045,-0.17041725549737796,0.2814436645169209,0.30128981766152896,True,False,28.29237686351272
Luleburgaz,1996,7,0.3355304989730027,38.49829718103713,12,2,1996-07-01,0.2861197837054355,0.525676930280443,29.38960752014221,46.93138124376206,20.625857326321213,48.07429508322669,0.5,34.35007620477395,median,luleburgaz,20.62585732632119,48.074295083226694,34.35007620477394,0.7184297644246557,-0.7604424092967302,0.2051441060406056,-0.1491500047729332,-0.2272652848034944,0.6555360500310855,0.5964147284451815,-0.8734617709188629,-0.9320757000382391,0.46466876150939207,0.4994934456429099,0.30286375290101436,0.30128981766152896,0.18053127588051956,0.2572017876710414,False,False,28.29237686351272
Luleburgaz,1996,8,0.2586254488455319,44.24297485045462,10,2,1996-08-01,0.1897432281143768,0.4336564687796705,30.05982308745959,48.39365705434462,28.240459822219183,22.639466526134424,0.5,25.439963174176803,median,luleburgaz,28.2404598222192,22.639466526134424,25.43996317417681,1.530986269385206,0.4448999797532583,0.0036575780470588,-0.0086023541435442,-0.0448997720246026,1.5924578399560765,1.4335644069425781,0.5080046301968025,0.5964147284451815,0.27819042892825574,0.18873642550572778,0.27715070548993326,0.30128981766152896,0.37067525941323587,0.4847192529770645,False,True,28.29237686351272
Luleburgaz,1996,9,0.313026741372631,29.33049342175697,9,1,1996-09-01,0.189633865438078,0.3446252064771623,24.782064321464777,44.39046628301203,79.61275456248673,76.80367268474087,0.5,78.2082136236138,median,luleburgaz,79.61275456248673,76.80367268474087,78.2082136236138,0.5160536785901336,1.001920139863726,0.013922415608769,0.2727788074711872,-0.1469664237382391,0.6372865396101164,0.5473111231649046,1.1184265379534555,1.146720860764374,0.1787112020425505,0.1464499462086932,0.6166419128678109,0.4527918916718295,0.27830402311459856,0.3459716702172352,False,False,28.29237686351272
Luleburgaz,1996,10,0.2836632572610954,17.350681456957446,11,1,1996-10-01,0.1841466817202477,0.3409058538431931,17.02123923135515,33.045756172758225,63.48373380206256,97.94413630808984,0.5,80.7139350550762,median,luleburgaz,63.48373380206256,97.94413630808985,80.7139350550762,-1.2511549292769333,0.0591089325192445,-0.485339843489412,0.0767620923332948,-0.1834538884539643,-0.845788646072628,-0.998513120455002,0.270712951105352,0.3179814578594512,-0.39724556463279415,-0.45279189167182926,0.42349179123604136,0.407057982739885,0.137808942617286,0.17041725549737824,False,False,28.29237686351272
Tekirdag,1996,6,0.4554805003703462,35.26007203854181,12,4,1996-06-01,0.3548692843060378,0.5418339664599165,21.08275464126619,42.242382375833,53.81295274874522,32.998266438708406,0.5,43.40560959372681,median,tekirdag,53.81295274874519,32.998266438708406,43.405609593726794,-0.5948961343028499,-0.8754861515724407,0.1739550932514238,0.0230955063060133,0.8857263971130426,-0.6581828895077886,-0.6470008337681493,-0.8268014527988833,-0.6470008337681493,0.3170070912890653,0.274414889688605,0.30269153913492786,0.2572017876710414,1.08192102591186,0.9874746312142068,False,False,28.29237686351272
Tekirdag,1996,7,0.3874913105014234,35.65340213063027,12,4,1996-07-01,0.2996011031383021,0.5231666607488469,30.02835555617328,43.71619808000098,39.3129461901406,58.90479770887963,0.5,49.10887194951012,median,tekirdag,39.3129461901406,58.90479770887963,49.10887194951012,1.5182934508100256,0.2067381055722027,1.155965830037566,0.748340107756451,0.7544978235291947,1.6498962522516227,1.325626613166965,-0.15331518002511135,-0.10442384485535401,1.4767914994158693,1.4335644069425781,1.0393913214004629,1.2214345945270098,0.9695322029057655,1.0590423035404217,False,False,28.29237686351272
Tekirdag,1996,8,0.2885666987422438,42.63451401444965,10,4,1996-08-01,0.2145976806432795,0.4339782774087779,33.14273610933887,46.82328926867245,33.71721072398746,30.618464074056828,0.5,32.16783739902215,median,tekirdag,33.71721072398744,30.618464074056828,32.16783739902213,0.8728370293772797,0.8382769617504577,0.7440105862283501,0.7336687933193182,0.6082870556993403,0.7614200141116583,0.6992999406425686,0.8545036258725981,0.8101899639922558,0.7715080294516804,0.6470008337681494,0.9224240623619405,0.9206378906748922,0.8333865710139122,0.8576803159149204,False,False,28.29237686351272
Tekirdag,1996,9,0.3149714064589558,27.556707856018072,9,2,1996-09-01,0.1910186171295055,0.3434703364482764,26.40771318071996,42.414170237086566,81.30625871805987,92.82168020535752,0.5,87.0639694617087,median,tekirdag,81.30625871805988,92.82168020535752,87.0639694617087,0.6899369269889618,1.2446387180682714,0.5788559873922113,0.8521452995004583,0.5011096412586272,0.7347539507412262,0.8101899639922558,1.2530963211336341,0.9985131204550027,0.5578741593374603,0.4994934456429099,1.1391613571654122,1.2312477796813,0.8751140108110479,0.8576803159149204,False,False,28.29237686351272
Tekirdag,1996,10,0.2899263755001544,13.799725248551244,11,2,1996-10-01,0.2011434514005603,0.3288378133341623,13.799725248551244,32.81187913608851,69.52767745983893,100.0,0.5,84.76383872991946,median,tekirdag,69.52767745983888,100.0,84.76383872991944,-0.6687465504865029,0.0344159820163001,0.0181339273841687,0.5973835346521633,0.5148300557581034,-0.3577676442134911,-0.6992999406425684,0.21792543521628766,0.36216035678781794,0.021168758154222103,0.1464499462086932,0.8974248318137866,0.869517382024299,0.770129980908738,0.9874746312142068,False,False,28.29237686351272
Uzunkopru,1996,6,0.369632992704661,36.61000194402295,12,6,1996-06-01,0.3278017154225964,0.5030639610561858,25.3569063809869,43.49734916614595,23.86781998076119,37.96680876917535,0.5,30.91731437496827,median,uzunkopru,23.867819980761183,37.96680876917535,30.917314374968267,-2.646772339931597,-0.7323383638324106,-0.1495987192731121,-0.1242382423083316,0.3918999617097273,-1.4227300087417303,-1.3256266131669636,-0.9721809333558864,-0.9320757000382391,-0.1256364578887161,-0.1887364255057275,0.012054664620986958,-0.042411701021866303,0.5797782892583431,0.5825199483025975,False,False,28.29237686351272
Uzunkopru,1996,7,0.3361704931745697,37.88840142790244,12,6,1996-07-01,0.3090066548344354,0.4983037733049914,30.206773300306416,45.06194855960739,14.349842490792868,48.28988555495851,0.5,31.319864022875688,median,uzunkopru,14.349842490792836,48.28988555495851,31.319864022875674,0.6038179212520204,-1.0723052818376706,0.497811481256826,0.2872201436315947,0.3651079106981948,0.4131215201446093,0.6992999406425686,-1.4227965897257828,-1.4335644069425781,0.4838076356391326,0.5964147284451815,0.2323947477626443,0.3459716702172352,0.4166298803466618,0.3459716702172352,True,False,28.29237686351272
Uzunkopru,1996,8,0.2894669516734186,38.57469323425126,10,6,1996-08-01,0.2544562098730799,0.5451981560310377,32.8374973512725,46.303434212563246,12.041861266663492,57.394751348709136,0.5,34.71830630768631,median,uzunkopru,12.041861266663492,57.394751348709136,34.71830630768631,1.27217556014765,0.1877363727633864,-0.1056355210777263,0.0535227418238121,0.3952463604694054,1.1727048659926411,0.9985131204550027,0.056356845019834734,0.18873642550572778,-0.11588803956404224,-0.10442384485535401,-0.018739629016046103,-0.042411701021866303,0.38995532694957513,0.3913554652074412,False,False,28.29237686351272
Uzunkopru,1996,9,0.3189526905982943,27.778661706012603,9,3,1996-09-01,0.2300308150158601,0.4287520313380586,27.778661706012603,41.08830349723985,44.74704675632614,100.0,0.5,72.37352337816307,median,uzunkopru,44.74704675632614,100.0,72.37352337816307,1.1560512067607862,1.218319593437883,0.5156612976703089,0.5403387630397282,0.3851540611950774,1.283008042646126,1.2312477796813,1.225961888575916,1.325626613166965,0.44903462128947846,0.3179814578594512,0.6673630729491431,0.5964147284451815,0.5702736447084303,0.5329820468077673,False,False,28.29237686351272
Uzunkopru,1996,10,0.2853331746531902,17.404481016505297,11,4,1996-10-01,0.2078011083839048,0.3833590486590971,17.404481016505297,30.74795713019401,44.163235310092816,100.0,0.5,72.08161765504641,median,uzunkopru,44.163235310092816,100.0,72.08161765504641,-1.0618425241303628,0.4293008729251259,-0.2645306448803505,0.5214169521548094,0.3427721076824433,-0.8792685149579755,-0.8695173820242987,0.5479151125504301,0.4994934456429099,-0.24434830490926399,-0.3179814578594511,0.7161925736282935,0.7535860816623511,0.49337069983233856,0.4847192529770645,False,False,28.29237686351272
Corlu,1997,6,0.4344544052071717,34.70186423713292,10,5,1997-06-01,0.3398058060169734,0.5550912779270141,24.8281463037949,41.81771643367222,43.96422961125228,41.88365062883839,0.5,42.92394012004533,median,corlu,43.96422961125228,41.88365062883839,42.92394012004533,-0.7513131042592246,-0.4161436449569639,-0.8872630775163687,-0.7379537118305854,-0.0880009266206188,-0.827872354825649,-0.998513120455002,-0.18133077378186332,-0.2744148896886049,-0.672681648390844,-0.5964147284451813,-0.6379262125186662,-0.6862467686859733,0.07842530520995843,0.21360832941705765,False,False,28.489215379310313
Corlu,1997,7,0.3656215951692437,38.850600267990416,10,8,1997-07-01,0.2411567941070453,0.46871385428598,32.97320114614718,44.767587698768864,54.69608412251774,50.16782690968534,0.5,52.43195551610154,median,corlu,54.69608412251772,50.16782690968534,52.431955516101524,0.8895980448757438,-0.8406139642354439,-0.3118962005073926,-0.2003360615323215,-0.1292757118827828,0.6549973361927977,0.6470008337681494,-0.9555455926968476,-0.8695173820242987,-0.13980734538468742,-0.10442384485535401,-0.26829633237545425,-0.2572017876710413,-0.023593511972411534,-0.17041725549737796,False,False,28.489215379310313
Corlu,1997,8,0.2997290572067179,33.87905890114464,12,7,1997-08-01,0.2114858986548909,0.3861276906492696,33.698988564166115,46.7417631923928,50.52808811917556,98.61938627239006,0.5,74.57373719578281,median,corlu,50.52808811917557,98.61938627239006,74.57373719578281,0.5732535190737247,0.0984266682776217,0.1819330294537602,0.0395720932903758,-0.1848120889051732,0.8164509263451383,0.7535860816623511,0.0978421742528654,0.10442384485535429,0.4236186610181622,0.4527918916718295,0.08155233004392722,0.0,-0.018942072008277883,-0.21360832941705765,False,False,28.489215379310313
Corlu,1997,9,0.2696818685449256,30.77028916549292,12,8,1997-09-01,0.1993734068907274,0.3480665630985831,27.666430007419827,42.38830436288306,47.284262065104826,78.91668490621738,0.5,63.100473485661105,median,corlu,47.28426206510484,78.91668490621738,63.10047348566111,-1.2188765983189032,0.0569614852143571,-0.4101535965661273,-0.8158712367994475,-0.7004409882679407,-0.24950953219550356,-0.3179814578594511,0.4410413507421246,0.4527918916718295,0.0874350074807316,0.1464499462086932,-0.3435265923068253,-0.3621603567878177,-0.4102255919012316,-0.48471925297706436,False,False,28.489215379310313
Corlu,1997,10,0.2536426702588721,26.27208446390512,9,3,1997-10-01,0.1847029231834753,0.3357082850914537,18.0578755063624,35.57369742326176,45.65384050230495,53.10406216440458,0.5,49.37895133335476,median,corlu,45.653840502304945,53.104062164404596,49.37895133335477,1.9735267682457829,1.5172093439170384,0.6895375377574076,0.8076675863590632,0.5604341952954245,2.109635160829655,2.3528647678133265,1.9430564641970034,2.3528647678133265,0.8492457431016134,0.6992999406425686,1.200527386910974,0.9985131204550027,0.7669944181957811,0.6862467686859735,False,False,28.489215379310313
Edirne,1997,6,0.3570891629047636,40.81478476845408,10,3,1997-06-01,0.3257017645778581,0.543975793256036,27.434696048485225,44.3577027483714,14.37981353850526,20.935511299780725,0.5,17.657662419142994,median,edirne,14.379813538505278,20.935511299780725,17.657662419143,-0.248301837291143,-0.2380547935730929,-1.043338428615651,-0.3268860524498312,-0.2024386453936168,-0.45223578036670614,-0.4070579827398848,-0.24492724690570408,-0.14644994620869292,-0.9413065011523545,-0.7535860816623509,-0.33755830847271723,-0.2572017876710413,0.031440449713304175,0.042411701021866303,False,True,28.489215379310313
Edirne,1997,7,0.3347786423442406,37.31914420457947,10,2,1997-07-01,0.2414503697484318,0.5612946498717422,31.965500733772664,46.739004736987454,29.17928454428753,63.761857243604304,0.5,46.47057089394592,median,edirne,29.179284544287533,63.761857243604304,46.47057089394592,0.3204134311314196,-0.504448668529856,-0.517814802198792,0.1016281095684652,0.0568087030549239,0.2822675050537078,0.407057982739885,-0.631773526521244,-0.6470008337681493,-0.34815469709757746,-0.45279189167182926,0.07769413534114265,0.17041725549737824,0.3097120827758464,0.30128981766152896,False,False,28.489215379310313
Edirne,1997,8,0.2915531180869621,33.579157128574245,12,4,1997-08-01,0.229021614478841,0.4581346810583013,33.579157128574245,46.14653160875334,27.292857863448887,100.0,0.5,63.646428931724444,median,edirne,27.29285786344888,100.0,63.646428931724444,1.719817850085413,0.7983451294875888,0.5916999884123954,0.0242666848849461,0.3611592288107472,1.964246318171485,1.9439937268344982,0.9433992319728444,0.9985131204550027,0.9303400017945079,0.9320757000382391,0.15891652390028263,0.3459716702172352,0.6699502288075042,0.6335308991018241,False,False,28.489215379310313
Edirne,1997,9,0.2840568256982891,31.498519387149518,12,4,1997-09-01,0.2193447657316066,0.3740988588743695,24.89643242742357,42.532933610188266,41.81605710873486,62.56577826117889,0.5,52.19091768495687,median,edirne,41.816057108734874,62.56577826117886,52.19091768495687,-1.0984322796694592,0.5360038897838456,0.1561468265342779,-0.5868049766786583,-0.1161629132741999,-0.22401038768158127,-0.06258145102371986,0.9389538498053769,0.7535860816623511,0.7123444241865764,0.6992999406425686,-0.1162089096254838,-0.10442384485535401,0.1737506537455294,0.30128981766152896,False,False,28.489215379310313
Edirne,1997,10,0.3027961373641472,19.41898205541189,9,1,1997-10-01,0.2152552748781966,0.3871591272349366,16.775228355909373,32.14921296752098,50.92431687003917,82.80371831837431,0.5,66.86401759420674,median,edirne,50.92431687003917,82.80371831837431,66.86401759420674,0.6588522157914934,0.7327772381098501,0.2169061948987637,0.0328961428851965,0.3828269225477457,0.7216256348465135,0.6470008337681494,1.1650303674527018,1.2312477796813,0.4950356951366127,0.5473111231649046,0.5640621021149755,0.6470008337681494,0.6596240667017327,0.8576803159149204,False,False,28.489215379310313
Kirklareli,1997,6,0.37416013060308,41.11699367983096,10,3,1997-06-01,0.3012678806275926,0.528383243387792,29.05835330150456,45.33031971721313,32.09481256116124,25.893158391199247,0.5,28.993985476180242,median,kirklareli,32.094812561161255,25.893158391199247,28.99398547618025,-0.593042071780114,-0.1477104297677031,-0.4274491126931903,-0.7015972084150562,-0.8405883297109318,-0.6840940003244838,-0.6470008337681493,-0.17795492901877524,-0.06258145102371986,-0.5179346181718886,-0.5964147284451813,-0.7644888220351028,-0.7979517139723642,-0.7809745398846601,-0.85768031591492,False,False,28.489215379310313
Kirklareli,1997,7,0.3342108127319843,34.55695718092509,10,3,1997-07-01,0.2485369118494177,0.5420576872552342,29.544782826486998,48.64480564115659,29.188360096185832,73.75828079855202,0.5,51.47332044736893,median,kirklareli,29.188360096185832,73.75828079855204,51.473320447368934,0.779828078630315,-0.2108088761135949,0.3357504391793598,-0.1919609401440271,-0.5067153658645724,0.681651733476638,0.7535860816623511,-0.5317080489562485,-0.45279189167182926,0.3860943349506831,0.36216035678781794,-0.2723033663456202,-0.17041725549737796,-0.4047112669998043,-0.3012898176615288,False,False,28.489215379310313
Kirklareli,1997,8,0.3435469588898157,33.34372976048071,12,4,1997-08-01,0.2398971291224648,0.4850300345873192,31.684933185315188,45.96482627922851,42.28311559021254,88.38369052025625,0.5,65.3334030552344,median,kirklareli,42.28311559021256,88.38369052025625,65.33340305523441,1.556293481196458,0.6914933842220937,1.141099818046888,0.1149375929968113,-0.1421792535796633,1.8940034863376185,1.9439937268344982,0.8854022764973513,0.869517382024299,1.3759458127817215,1.4335644069425781,0.25684249467405235,0.042411701021866303,0.06002690307776859,-0.12754191328099132,False,False,28.489215379310313
Kirklareli,1997,9,0.3059116302639482,29.13011345038305,12,4,1997-09-01,0.2264392177848136,0.4263599730650386,25.16473562126994,41.53667351686312,39.75195690299371,75.77942297117761,0.5,57.76568993708566,median,kirklareli,39.751956902993726,75.77942297117761,57.76568993708567,-1.9401296587317407,0.6652780994857861,0.2972875006367114,-0.0929604801761177,-0.448444910183099,-0.23829078637516665,-0.14644994620869292,1.081755178983785,1.2312477796813,0.7255306724579483,0.6992999406425686,0.32812033150382636,0.4527918916718295,-0.19779573945187304,-0.17041725549737796,False,False,28.489215379310313
Kirklareli,1997,10,0.3260755989383529,19.84640979387781,9,1,1997-10-01,0.1889990885525008,0.4107584921015044,18.62167950061002,31.82191389321756,61.81316696929222,90.72190495379635,0.5,76.26753596154428,median,kirklareli,61.81316696929222,90.72190495379635,76.26753596154428,0.9873111534318646,0.9275349634174682,0.4727470292759781,0.7755828809556446,0.2376104075529586,1.124479667025685,1.0696790361613444,1.4272284357700578,1.2312477796813,0.670940823549668,0.8101899639922558,1.3187208967619084,1.2312477796813,0.5848519391702469,0.6335308991018241,False,False,28.489215379310313
Luleburgaz,1997,6,0.4237712252534022,40.04461893051767,10,1,1997-06-01,0.3409911048494393,0.5448500175709519,20.665396881359143,43.24732335614259,40.606574075594686,14.18260053765244,0.5,27.394587306623563,median,luleburgaz,40.606574075594686,14.18260053765244,27.394587306623563,-0.2385719320639585,0.4740915171284909,-0.5424738200421926,-0.1413984046352044,0.2546226262089363,-0.5760222120599795,-0.6470008337681493,0.4544395022833501,0.4527918916718295,-0.1691921846527374,-0.1887364255057275,0.19105021253822577,0.21360832941705765,0.5152537909022292,0.4847192529770645,False,True,28.489215379310313
Luleburgaz,1997,7,0.3646698260291148,42.11827659985623,10,2,1997-07-01,0.2861197837054355,0.525676930280443,29.38960752014221,46.93138124376206,32.78968857607617,27.43795878192765,0.5,30.11382367900191,median,luleburgaz,32.78968857607617,27.437958781927655,30.113823679001914,-0.0503212937780063,-0.5383961900627804,-0.1454557829940035,0.1826669595866859,0.0763144251290259,-0.6275546795168936,-0.5964147284451813,-0.9707379251890698,-1.0696790361613442,-0.04305637667229648,-0.02084838541615085,0.3117819350704053,0.3459716702172352,0.23407627716335,0.4847192529770645,False,False,28.489215379310313
Luleburgaz,1997,8,0.2967338902132802,37.7041777855417,12,2,1997-08-01,0.1897432281143768,0.4336564687796705,30.05982308745959,48.39365705434462,43.86422885739103,58.30465841520377,0.5,51.0844436362974,median,luleburgaz,43.86422885739105,58.30465841520377,51.08444363629741,2.077303961733674,0.6786273487920508,0.8586350029452688,0.7938696973405519,0.2465193299715222,2.8373692102415875,2.3528647678133265,0.4741472209076209,0.5473111231649046,0.9529094248581882,0.9320757000382391,0.942626434741215,0.9206378906748922,0.4475334166527575,0.5825199483025975,False,False,28.489215379310313
Luleburgaz,1997,9,0.2651823441405688,32.98872041957874,12,2,1997-09-01,0.189633865438078,0.3446252064771623,24.782064321464777,44.39046628301203,48.74367703124762,58.14724670471619,0.5,53.445461867981905,median,luleburgaz,48.74367703124761,58.14724670471619,53.4454618679819,1.2247048776617604,1.3786109637504766,1.3668230368611751,0.4619953662203906,0.4676869676367737,1.558132903711976,1.4335644069425781,1.5924709924574447,1.9439937268344982,1.5642346043912663,1.561398281730852,0.7647538446334764,0.6992999406425686,0.6876265827161759,0.7409429851520696,False,False,28.489215379310313
Tekirdag,1997,6,0.4329216825886692,38.63925081495311,10,3,1997-06-01,0.3548692843060378,0.5418339664599165,21.08275464126619,42.242382375833,41.74713501151593,17.02833152869577,0.5,29.387733270105848,median,tekirdag,41.74713501151593,17.02833152869577,29.387733270105848,0.200600906462224,0.373058500618852,-0.5984722183359246,-0.7302846410178774,-0.0943934608924557,0.024408779388865823,0.06258145102371986,0.36528107992349934,0.407057982739885,-0.5139140989976179,-0.5473111231649045,-0.7541645763244297,-0.7409429851520691,0.07268587215908176,0.0,False,False,28.489215379310313
Tekirdag,1997,7,0.4191935622067034,39.26129514766171,10,4,1997-07-01,0.2996011031383021,0.5231666607488469,30.02835555617328,43.71619808000098,53.49323945360739,32.54642157508901,0.5,43.0198305143482,median,tekirdag,53.49323945360739,32.54642157508901,43.0198305143482,1.0339296905332036,-0.1153184027391527,0.2769749109491083,-0.192850062065034,-0.2785898316257392,0.9129032729196173,0.9320757000382391,-0.3010742196347361,-0.3179814578594511,0.28429958177158,0.274414889688605,-0.28678746985954684,-0.2572017876710413,-0.20036127918901,-0.17041725549737796,False,False,28.489215379310313
Tekirdag,1997,8,0.3280121523785455,34.495800753480474,12,4,1997-08-01,0.2145976806432795,0.4339782774087779,33.14273610933887,46.82328926867245,51.69758556929157,90.10957650335598,0.5,70.90358103632377,median,tekirdag,51.69758556929154,90.10957650335598,70.90358103632376,1.136869408922781,0.8926178100835666,1.077450008423953,0.1507890693034938,-0.2053161490965596,1.3673981094114966,1.325626613166965,1.053034295340887,0.9985131204550027,1.244913369447488,1.325626613166965,0.2566242931465584,0.21360832941705765,-0.06354811624719904,-0.08489986218558754,False,False,28.489215379310313
Tekirdag,1997,9,0.2799435094918832,31.377787519415435,12,4,1997-09-01,0.1910186171295055,0.3434703364482764,26.40771318071996,42.414170237086566,58.329871752012856,68.9495662831981,0.5,63.63971901760547,median,tekirdag,58.329871752012856,68.9495662831981,63.63971901760547,-1.5065074765888158,0.4142849650911812,0.4042548004262385,-0.3316991035292027,-0.539445493730451,-0.15660798282553542,-0.06258145102371986,0.7128857890157659,0.6470008337681494,0.7270777460944444,0.6470008337681494,0.01575721839464243,-0.02084838541615085,-0.34547421294235503,-0.43756036688567534,False,False,28.489215379310313
Uzunkopru,1997,6,0.4125765186137864,39.66936151643589,10,5,1997-06-01,0.3278017154225964,0.5030639610561858,25.3569063809869,43.49734916614595,48.37025959853541,21.101952664803694,0.5,34.73610613166955,median,uzunkopru,48.370259598535434,21.101952664803694,34.736106131669565,-0.6889825477517258,0.0949130113087871,0.2571730570773045,0.0611420580186096,0.5226295581371346,-0.8559476214084161,-0.9320757000382391,-0.014959036172878078,-0.06258145102371986,0.2612714208294761,0.18873642550572778,0.015514775996516654,0.0,0.5369504544169073,0.5329820468077673,False,False,28.489215379310313
Uzunkopru,1997,7,0.388494780069393,38.02262921401496,10,5,1997-07-01,0.3090066548344354,0.4983037733049914,30.206773300306416,45.06194855960739,41.99119663161775,47.38630963768023,0.5,44.68875313464899,median,uzunkopru,41.99119663161775,47.38630963768023,44.68875313464899,0.4545044087354442,-0.8611971745092932,0.5694350458704243,0.4634839538410865,0.4999056591872993,0.33213074830779754,0.6470008337681494,-1.0260509145103787,-1.0696790361613442,0.5992026353656265,0.6992999406425686,0.28015862778509126,0.43756036688567534,0.43622425102935947,0.3913554652074412,True,False,28.489215379310313
Uzunkopru,1997,8,0.3771069714148929,32.8374973512725,12,6,1997-08-01,0.2544562098730799,0.5451981560310377,32.8374973512725,46.303434212563246,42.18543734834114,100.0,0.5,71.09271867417057,median,uzunkopru,42.18543734834114,100.0,71.09271867417057,1.6889098929304782,0.6177872055711935,1.3749741209905642,0.7473013721276796,0.6077134890011544,1.8421390807509135,1.9439937268344982,0.7006073833150994,0.8101899639922558,1.5924601428155123,1.4335644069425781,0.8671941520112163,0.8576803159149204,0.6610764810428579,0.6862467686859735,False,False,28.489215379310313
Uzunkopru,1997,9,0.2985963285335576,30.63169507494069,12,6,1997-09-01,0.2300308150158601,0.4287520313380586,27.778661706012603,41.08830349723985,34.50336848106255,78.56416112709657,0.5,56.53376480407956,median,uzunkopru,34.50336848106252,78.5641611270966,56.53376480407956,-1.3516441330368707,0.5269619289440192,0.3088082406468005,0.3743954138747283,0.1724667895217696,-0.2513269652211242,-0.10442384485535401,0.8271876997216128,0.7535860816623511,0.7049294126037504,0.6992999406425686,0.6641168555748335,0.5473111231649046,0.3532330540339686,0.3913554652074412,False,False,28.489215379310313
Uzunkopru,1997,10,0.3111463801648694,18.80743250650317,9,1,1997-10-01,0.2078011083839048,0.3833590486590971,17.404481016505297,30.74795713019401,58.86676023822551,89.4858620194282,0.5,74.17631112882685,median,uzunkopru,58.86676023822551,89.4858620194282,74.17631112882685,0.7755145632125501,0.7663461897675137,0.1542005839430492,0.8055680686827935,0.6611374272892341,0.8218986169418137,0.869517382024299,1.1103449176443756,0.9985131204550027,0.42144831854233994,0.3179814578594512,1.2005355572281036,1.2312477796813,0.8449551662676631,0.9874746312142068,False,False,28.489215379310313
Corlu,1998,6,0.4640270901764686,33.8900541218683,12,8,1998-06-01,0.3398058060169734,0.5550912779270141,24.8281463037949,41.81771643367222,57.70072780916793,46.661935830045394,0.5,52.18133181960666,median,corlu,57.70072780916791,46.661935830045394,52.181331819606655,0.2218932232978838,0.7707345350306771,0.4476618499739792,1.4564895487993916,1.3246706040298613,-0.03659782596245762,-0.06258145102371986,0.5584867377424794,0.5473111231649046,0.3544235017792378,0.36216035678781794,1.5338015201133772,1.3162444282273542,1.512967358655009,1.4246357618543775,False,False,28.44816282840626
Corlu,1998,7,0.3818911155407655,35.4011850313356,12,8,1998-07-01,0.2411567941070453,0.46871385428598,32.97320114614718,44.767587698768864,61.84572841776771,79.41407232707053,0.5,70.62990037241912,median,corlu,61.84572841776771,79.41407232707053,70.62990037241912,0.5093561224890351,1.0289325021364888,0.8702835069414587,0.6227135446183136,1.2169526449829826,0.24868383231786664,0.407057982739885,0.931965225435857,0.869517382024299,0.7927703973156797,0.7535860816623511,0.553135767789048,0.3913554652074412,1.396583541659376,1.4246357618543775,False,False,28.44816282840626
Corlu,1998,8,0.2822936382220502,38.58674398813771,11,7,1998-08-01,0.2114858986548909,0.3861276906492696,33.698988564166115,46.7417631923928,40.544556236252106,62.52518683107733,0.5,51.53487153366471,median,corlu,40.54455623625212,62.52518683107735,51.534871533664734,0.4125420958684422,0.2392840373816155,1.1392844935552384,0.9114817850666715,1.1731481150722254,0.07379739209415431,0.274414889688605,-0.05684897880821012,0.02084838541615085,0.9670352364474419,0.9320757000382391,0.7670248874506639,0.7409429851520696,1.2482033629555902,1.1364912754190772,False,False,28.44816282840626
Corlu,1998,9,0.2464890083256347,31.94999644697565,10,5,1998-09-01,0.1993734068907274,0.3480665630985831,27.666430007419827,42.38830436288306,31.68646267017505,70.90338949967871,0.5,51.29492608492688,median,corlu,31.686462670175064,70.90338949967871,51.294926084926885,1.1152798580282042,0.9225627101923044,1.1285732435494835,0.798875379073177,1.5466023439569092,1.2236487456639855,1.146720860764374,0.7756832473433534,0.5964147284451815,0.9965193311374468,0.9320757000382391,0.6918502456664892,0.6470008337681494,1.5805267965868501,1.4246357618543775,False,False,28.44816282840626
Corlu,1998,10,0.2973715241364275,27.25140684557168,9,2,1998-10-01,0.1847029231834753,0.3357082850914537,18.0578755063624,35.57369742326176,74.61231808550725,47.512989211546426,0.5,61.06265364852684,median,corlu,74.61231808550721,47.51298921154645,61.06265364852683,1.1941382802445315,1.4453222938128023,1.5839417805948297,1.4686542332764525,1.1296370092898806,1.1257397775865359,0.9320757000382391,1.3804025102428197,1.146720860764374,1.4970546369626885,1.561398281730852,1.4360709167503516,1.2312477796813,1.0627315405187872,1.0590423035404217,False,False,28.44816282840626
Edirne,1998,6,0.4197917872586048,34.86066382031167,12,4,1998-06-01,0.3257017645778581,0.543975793256036,27.434696048485225,44.3577027483714,43.10637561900344,56.11909926221094,0.5,49.61273744060719,median,edirne,43.10637561900346,56.11909926221094,49.6127374406072,-0.8539582457481248,1.3376317537803335,1.050327817968855,1.493534356448759,1.4828474856215963,-0.7877076064933786,-0.8695173820242987,1.100342418633239,0.9985131204550027,1.0441652238620232,0.869517382024299,1.5691468807592661,1.4246357618543775,1.6528998896996532,1.4246357618543775,False,False,28.44816282840626
Edirne,1998,7,0.3674648463540824,41.55535435538475,12,4,1998-07-01,0.2414503697484318,0.5612946498717422,31.965500733772664,46.739004736987454,39.39869631467784,35.08748080668415,0.5,37.243088560680995,median,edirne,39.39869631467786,35.08748080668415,37.243088560681,0.7770671676958081,1.7708869362585302,1.624355603577079,1.498159825824793,1.5560625803613473,0.5626331278209653,0.6992999406425686,1.7182252051107612,1.7214841422165659,1.581603519093783,1.4335644069425781,1.4807724511745237,1.5529586332276095,1.6207757560825489,1.5529586332276095,False,False,28.44816282840626
Edirne,1998,8,0.312779332260809,39.130137730512565,11,4,1998-08-01,0.229021614478841,0.4581346810583013,33.579157128574245,46.14653160875334,36.55737275591806,55.83022841649886,0.5,46.19380058620846,median,edirne,36.55737275591805,55.83022841649886,46.193800586208454,1.6095194563543176,0.762917842157484,2.01127614300375,1.7814581841372852,1.4956018385556915,1.2322647923506507,1.325626613166965,0.3844867255075986,0.36216035678781794,1.7796309381842097,1.4335644069425781,2.091847217133704,1.9367654674157966,1.5728858401602273,1.5529586332276095,False,False,28.44816282840626
Edirne,1998,9,0.3213548132194544,26.995599879403144,10,2,1998-09-01,0.2193447657316066,0.3740988588743695,24.89643242742357,42.532933610188266,65.91751172212427,88.09759696537208,0.5,77.00755434374818,median,edirne,65.91751172212425,88.09759696537208,77.00755434374815,1.7806976783242066,2.060459263919383,2.760349028223359,2.1464366325103765,2.296392914384192,2.0294663122666847,2.3528647678133265,2.370472981399346,2.3528647678133265,2.386849411302973,2.3528647678133265,2.22615834548992,1.9439937268344982,2.404731870194649,2.346620887656017,False,False,28.44816282840626
Edirne,1998,10,0.3871591272349366,19.930730350378493,9,3,1998-10-01,0.2152552748781966,0.3871591272349366,16.775228355909373,32.14921296752098,100.0,79.47505429343383,0.5,89.73752714671691,median,edirne,100.0,79.47505429343383,89.73752714671691,1.1173184341336366,2.309981703077116,2.659215460216274,2.786092869407771,2.547044861317211,1.147724462738171,0.9320757000382391,2.13909305343184,1.9439937268344982,2.4454038679488046,2.3528647678133265,2.5488905940469966,2.3528647678133265,2.628564824718786,2.346620887656017,False,False,28.44816282840626
Kirklareli,1998,6,0.4492187999742142,33.67133462071709,12,4,1998-06-01,0.3012678806275926,0.528383243387792,29.05835330150456,45.33031971721313,65.14351013006379,71.65074459126669,0.5,68.39712736066524,median,kirklareli,65.1435101300638,71.65074459126669,68.39712736066525,0.921920808166439,0.8216580643920284,0.3967673791055702,0.7757694459887741,0.8701471278285884,0.7627799392839871,0.6992999406425686,0.6909206770507844,0.5964147284451815,0.3594716341056059,0.18873642550572778,0.8651092824294564,0.7409429851520696,1.1451140791326102,0.9874746312142068,False,False,28.44816282840626
Kirklareli,1998,7,0.3658563191131965,40.8749414986633,12,4,1998-07-01,0.2485369118494177,0.5420576872552342,29.544782826486998,48.64480564115659,39.9697115482116,40.67986838489906,0.5,40.32478996655533,median,kirklareli,39.96971154821158,40.67986838489911,40.32478996655534,-0.1326487526035921,0.9084154994397212,0.5138717261328529,0.4231141880243896,0.7064962654545518,-0.37427582349055327,-0.3621603567878177,0.7636821888785704,0.7535860816623511,0.41415138742147156,0.4527918916718295,0.3579734484883849,0.3913554652074412,0.9050914645724325,0.7979517139723645,False,False,28.44816282840626
Kirklareli,1998,8,0.2845959740781887,39.84480397719172,11,4,1998-08-01,0.2398971291224648,0.4850300345873192,31.684933185315188,45.96482627922851,18.23453480101328,42.85761988404101,0.5,30.54607734252714,median,kirklareli,18.2345348010133,42.85761988404101,30.546077342527155,0.9191131618842984,0.7955376358465636,0.8004432983102976,0.6483250937200128,0.5289621925952468,0.5089519532539774,0.5473111231649046,0.4557253382949138,0.4994934456429099,0.5837615172634727,0.5964147284451815,0.4953636324857071,0.3913554652074412,0.5908351914495941,0.5825199483025975,False,False,28.44816282840626
Kirklareli,1998,9,0.2725316968411555,25.16473562126994,10,2,1998-09-01,0.2264392177848136,0.4263599730650386,25.16473562126994,41.53667351686312,23.055374611672992,100.0,0.5,61.527687305836494,median,kirklareli,23.055374611673013,100.0,61.52768730583651,1.476709286154864,1.23941620417849,1.4789756696785852,0.9459867531294316,1.1610167266235152,1.6004204143913385,1.561398281730852,1.0388805261443141,0.9985131204550027,1.2486122469448455,1.2312477796813,0.9882663526436556,1.0696790361613444,1.2544383797062797,1.1364912754190772,False,False,28.44816282840626
Kirklareli,1998,10,0.3315202413186797,20.120124001476967,9,3,1998-10-01,0.1889990885525008,0.4107584921015044,18.62167950061002,31.82191389321756,64.26836945143798,88.64834929214506,0.5,76.45835937179152,median,kirklareli,64.26836945143798,88.64834929214506,76.45835937179152,1.595333740353756,2.1361470110723144,1.9760511671830885,1.882240723819102,1.5431319482143135,1.744421866695974,1.7214841422165659,2.078892656051591,1.9439937268344982,2.2132928700640297,1.9439937268344982,1.907139438006094,1.7214841422165659,1.6015147308514046,1.4246357618543775,False,False,28.44816282840626
Luleburgaz,1998,6,0.4682647747556421,35.358465417363455,12,2,1998-06-01,0.3409911048494393,0.5448500175709519,20.665396881359143,43.24732335614259,62.432232276284495,34.93438855886978,0.5,48.68331041757713,median,luleburgaz,62.432232276284495,34.93438855886978,48.68331041757713,0.5940698006193628,0.4759324929826863,0.6242019141843801,1.1485123627776144,1.5545078478962442,0.05483787051709893,0.1464499462086932,-0.3034203260423672,-0.3179814578594511,0.23796218656942375,0.36216035678781794,0.8981548192293491,0.7979517139723645,1.4768374333772574,1.2214345945270098,False,False,28.44816282840626
Luleburgaz,1998,7,0.39806862453108,39.93819757551637,12,2,1998-07-01,0.2861197837054355,0.525676930280443,29.38960752014221,46.93138124376206,46.73158051270757,39.8658868733977,0.5,43.29873369305264,median,luleburgaz,46.73158051270755,39.8658868733977,43.298733693052625,0.4746531936653889,0.945038177253214,1.1858349686932392,0.6312285138006345,1.6492586340857898,-0.21562204229756118,-0.23136326473860486,0.2857495187842632,0.3179814578594512,0.5153892092272793,0.6470008337681494,0.22171130807696213,0.21360832941705765,1.5123281708875795,1.2214345945270098,False,False,28.44816282840626
Luleburgaz,1998,8,0.276861457546757,38.8424449957423,11,2,1998-08-01,0.1897432281143768,0.4336564687796705,30.05982308745959,48.39365705434462,35.71689228299289,52.09609771668016,0.5,43.906494999836525,median,luleburgaz,35.71689228299291,52.09609771668016,43.90649499983654,1.7760325984013112,1.0857170826571458,1.6194444941442252,1.2230344225411791,1.5567647109966414,0.9046573804243309,0.869517382024299,0.19697632599813938,0.10442384485535429,0.7031329794932114,0.6992999406425686,0.5748412091469093,0.5825199483025975,1.1841347106136062,0.8576803159149204,False,False,28.44816282840626
Luleburgaz,1998,9,0.2570727008631358,24.782064321464777,10,2,1998-09-01,0.189633865438078,0.3446252064771623,24.782064321464777,44.39046628301203,43.5113568106051,100.0,0.5,71.75567840530255,median,luleburgaz,43.51135681060508,100.0,71.75567840530255,1.7432574038923363,1.7379355091606032,1.736024434983502,1.5379979293408326,1.6730080466999755,1.8237203944111524,1.7214841422165659,1.2608742942149158,1.4335644069425781,0.8420874526176905,0.869517382024299,0.8609787784169424,0.8101899639922558,1.2220572431089665,1.1364912754190772,False,False,28.44816282840626
Luleburgaz,1998,10,0.2943151663305361,17.02123923135515,9,1,1998-10-01,0.1841466817202477,0.3409058538431931,17.02123923135515,33.045756172758225,70.27881247285731,100.0,0.5,85.13940623642866,median,luleburgaz,70.27881247285731,100.0,85.13940623642866,1.5866776726045586,2.299006697516079,2.324767295828931,2.348922444335804,1.820388882473435,1.6612736008936788,1.9439937268344982,2.3832232469037824,1.9439937268344982,1.9593259964548102,1.7214841422165659,1.9296101242709696,2.3528647678133265,1.444937202440147,1.3162444282273542,False,False,28.44816282840626
Tekirdag,1998,6,0.4781013927670577,34.751429401145884,12,4,1998-06-01,0.3548692843060378,0.5418339664599165,21.08275464126619,42.242382375833,65.91197173784695,35.4021019115083,0.5,50.65703682467763,median,tekirdag,65.91197173784693,35.4021019115083,50.65703682467762,-0.3229317803509761,0.0124019979665707,0.9838765944064756,2.385311312523533,2.2134284584534507,-0.6715243695075426,-0.6992999406425684,-0.2754004825969632,-0.1887364255057275,0.9172608796832241,0.8101899639922558,2.4888878983497444,2.346620887656017,2.1843726932510505,2.346620887656017,False,False,28.44816282840626
Tekirdag,1998,7,0.4397169188654461,37.7550120275186,12,4,1998-07-01,0.2996011031383021,0.5231666607488469,30.02835555617328,43.71619808000098,62.6732566611304,43.55095437506083,0.5,53.11210551809562,median,tekirdag,62.67325666113037,43.55095437506083,53.1121055180956,1.041092770632905,0.97540502712612,1.760129793068204,1.4623644194764047,2.271519745452066,0.9032808086155792,0.869517382024299,0.7603822655129628,0.7535860816623511,2.3952043761118866,1.9439937268344982,1.4994326201335313,1.4246357618543775,2.6009015872322747,2.346620887656017,False,False,28.44816282840626
Tekirdag,1998,8,0.3343260805602442,35.08328046430737,11,3,1998-08-01,0.2145976806432795,0.4339782774087779,33.14273610933887,46.82328926867245,54.57565604352216,85.81530781418321,0.5,70.19548192885269,median,tekirdag,54.57565604352216,85.81530781418321,70.19548192885269,0.5849197316196088,0.4260372936932732,1.556603013423705,1.799256755404321,2.1322001739400425,-0.05687647578427075,-0.10442384485535401,-0.058930668183769984,-0.10442384485535401,1.2063293629395266,1.2312477796813,1.7172152002550163,1.9367654674157966,2.3228122918829515,2.346620887656017,False,False,28.44816282840626
Tekirdag,1998,9,0.252390503666524,35.898874639895865,10,3,1998-09-01,0.1910186171295055,0.3434703364482764,26.40771318071996,42.414170237086566,40.25660504929573,40.70417066217178,0.5,40.48038785573375,median,tekirdag,40.25660504929574,40.70417066217178,40.48038785573376,2.024323307299822,1.9516931577244223,1.781096790255675,2.001367626964697,2.769513625957041,1.9248989427986063,2.3528647678133265,1.7632489557214068,1.9439937268344982,1.51589718624757,1.561398281730852,1.9295014051954738,1.7214841422165659,2.767454041522424,2.346620887656017,False,False,28.44816282840626
Tekirdag,1998,10,0.2735025332117082,16.029701708698873,9,2,1998-10-01,0.2011434514005603,0.3288378133341623,13.799725248551244,32.81187913608851,56.66583920813425,88.27078471309129,0.5,72.46831196061277,median,tekirdag,56.66583920813425,88.27078471309129,72.46831196061277,1.250516135701652,1.9322051358448435,2.0206280908726506,2.4722990268806653,2.189074139378321,1.1431867982283692,1.0696790361613444,1.828871317604547,1.4335644069425781,1.9976334753586762,1.9439937268344982,2.3780545297317968,2.3528647678133265,2.3438222856561834,2.346620887656017,False,False,28.44816282840626
Uzunkopru,1998,6,0.4267482705257422,37.07333488318372,12,6,1998-06-01,0.3278017154225964,0.5030639610561858,25.3569063809869,43.49734916614595,56.45628626145056,35.41266527528097,0.5,45.934475768365765,median,uzunkopru,56.456286261450536,35.41266527528097,45.93447576836576,-0.5567674850576706,0.6409519493220972,1.4655487319524654,1.5616530733896932,1.4475427299129269,-0.7137363436582074,-0.7535860816623509,0.39442092672896295,0.274414889688605,1.642095273723986,1.561398281730852,1.6764479530042165,1.7135929008532076,1.679121076468065,1.7135929008532076,False,False,28.44816282840626
Uzunkopru,1998,7,0.4223124108495433,38.59179504076637,12,6,1998-07-01,0.3090066548344354,0.4983037733049914,30.206773300306416,45.06194855960739,59.85603844927618,43.55487839020943,0.5,51.705458419742804,median,uzunkopru,59.85603844927618,43.55487839020943,51.705458419742804,0.5140436011098728,1.0931641810694643,1.9712054995251005,1.4286985159489671,1.4913536058442982,0.28024968212780066,0.4527918916718295,1.0257321805271296,1.146720860764374,2.196985852417985,1.9439937268344982,1.8046324331619772,1.7135929008532076,2.39005027547337,2.346620887656017,False,False,28.44816282840626
Uzunkopru,1998,8,0.3513341943394427,38.85264454294123,11,5,1998-08-01,0.2544562098730799,0.5451981560310377,32.8374973512725,46.303434212563246,33.320952049254615,55.33064462109651,0.5,44.32579833517556,median,uzunkopru,33.320952049254615,55.33064462109651,44.32579833517556,0.9535620114220148,0.2206532054070034,1.8917330826558287,1.6858832826331267,1.3119778291230042,0.5614679588113334,0.5964147284451815,-0.10593694381125003,-0.10442384485535401,1.801948268667038,1.9439937268344982,2.413785956135234,2.346620887656017,1.6818512207451919,1.7135929008532076,False,False,28.44816282840626
Uzunkopru,1998,9,0.2953473793839429,27.791268399824222,10,4,1998-09-01,0.2300308150158601,0.4287520313380586,27.778661706012603,41.08830349723985,32.868440308950824,99.90528149435298,0.5,66.3868609016519,median,uzunkopru,32.868440308950795,99.90528149435299,66.38686090165189,1.153004553395046,1.0535732984412225,1.160185866278264,1.6551093395137144,1.7220974271258365,1.209272144426833,1.146720860764374,0.8657784152811109,0.869517382024299,1.0186348858037784,0.9320757000382391,1.7408283376840188,1.561398281730852,1.8008457257726669,1.7135929008532076,False,False,28.44816282840626
Uzunkopru,1998,10,0.3461585151369912,17.91792211925545,9,4,1998-10-01,0.2078011083839048,0.3833590486590971,17.404481016505297,30.74795713019401,78.81011051747763,96.15211884537771,0.5,87.48111468142767,median,uzunkopru,78.81011051747763,96.15211884537771,87.48111468142767,1.3634920314367869,1.5757444557392564,1.781318700848174,2.361384297632169,1.8760368362791275,1.3836769521001282,1.325626613166965,1.5686103130631373,1.561398281730852,1.564577980443574,1.9439937268344982,2.3495061296248925,1.9439937268344982,1.9703520765499138,1.9367654674157966,False,False,28.44816282840626
Corlu,1999,6,0.3600933804396774,36.38458810260869,10,6,1999-06-01,0.3398058060169734,0.5550912779270141,24.8281463037949,41.81771643367222,9.423568735367985,31.979198352458617,0.5,20.701383543913302,median,corlu,9.423568735367983,31.979198352458617,20.701383543913302,0.5600694096045193,0.4712327034784772,0.3857336834768859,0.989605460300736,1.2054543776288311,0.30390145980905814,0.3179814578594512,0.22111486989190926,0.231363264738605,0.15462141223613188,0.10442384485535429,0.9301589516736811,0.9874746312142068,1.1332868772870577,1.0590423035404217,False,True,28.448278082337815
Corlu,1999,7,0.3733115461571545,38.21003815834658,18,10,1999-07-01,0.2411567941070453,0.46871385428598,32.97320114614718,44.767587698768864,58.0754347705987,55.59890301343956,0.5,56.83716889201913,median,corlu,58.07543477059868,55.59890301343956,56.83716889201912,0.6913492415876911,0.7300084650051095,0.986269354717365,0.7024262889445821,1.238171572705424,0.3103507180481155,0.4527918916718295,0.4357590634195002,0.4527918916718295,0.6774666331390133,0.6470008337681494,0.6200718441250301,0.5825199483025975,1.131945383999701,1.2214345945270098,False,False,28.448278082337815
Corlu,1999,8,0.303558041946088,43.14071985521152,21,13,1999-08-01,0.2114858986548909,0.3861276906492696,33.698988564166115,46.7417631923928,52.72056719056149,27.60948831691097,0.5,40.165027753736226,median,corlu,52.72056719056151,27.609488316911012,40.16502775373626,0.2333200577879992,0.5271361345688794,0.5150059576080395,0.5078110796319337,1.194657987516195,-0.005640657169548008,0.10442384485535429,0.1813114149260819,0.231363264738605,0.10189778178906861,0.1464499462086932,0.25138662661829997,0.17041725549737824,1.1208420335400133,1.0590423035404217,False,False,28.448278082337815
Corlu,1999,9,0.2823667606620803,34.85283263738885,19,11,1999-09-01,0.1993734068907274,0.3480665630985831,27.666430007419827,42.38830436288306,55.81518066328339,51.18554569580214,0.5,53.50036317954277,median,corlu,55.815180663283414,51.18554569580214,53.500363179542774,1.4800921735903267,1.302457891013577,1.2514279376419646,1.006694654951315,1.3069276059825836,1.5690330838426565,1.325626613166965,1.0636566610039953,0.9320757000382391,0.9985456538576368,0.9985131204550027,0.7394359357053795,0.6992999406425686,1.2125463974736657,1.1364912754190772,False,False,28.448278082337815
Corlu,1999,10,0.2708715484405807,28.66786219070675,21,11,1999-10-01,0.1847029231834753,0.3357082850914537,18.0578755063624,35.57369742326176,57.06328846098589,39.4262699479276,0.5,48.24477920445675,median,corlu,57.06328846098589,39.42626994792762,48.244779204456755,-0.8741852601361116,0.4773559922781285,0.707661077133326,0.897641959471597,0.7107614554456473,-0.931075434056473,-0.9320757000382391,0.3263449732795994,0.3179814578594512,0.5268088118299946,0.4994934456429099,0.6250551126683033,0.6992999406425686,0.5798994806697333,0.3913554652074412,False,False,28.448278082337815
Edirne,1999,6,0.3714698331397293,36.716862086894416,10,3,1999-06-01,0.3257017645778581,0.543975793256036,27.434696048485225,44.3577027483714,20.968169616437223,45.150609445355705,0.5,33.05938953089647,median,edirne,20.968169616437244,45.150609445355705,33.059389530896475,0.0492080447389249,0.1141639735109063,0.546142053153022,1.6622932708469809,2.48260541394565,-0.2599379374947412,-0.14644994620869292,-0.15361537067805894,-0.02084838541615085,0.4197747814912414,0.407057982739885,1.790287967205446,1.7135929008532076,2.212034812442403,2.346620887656017,False,False,28.448278082337815
Edirne,1999,7,0.4263601105741401,39.1195724906678,18,6,1999-07-01,0.2414503697484318,0.5612946498717422,31.965500733772664,46.739004736987454,57.812426958024574,51.57498346134829,0.5,54.69370520968643,median,edirne,57.812426958024574,51.57498346134829,54.69370520968643,1.912529088411016,1.5845717223456728,1.3998146839408223,1.816736530934019,2.754970611697583,1.8861576040326997,1.7214841422165659,1.3441171156584397,1.0696790361613444,1.2135742485450756,1.0696790361613444,1.9304127141708356,1.7135929008532076,2.3181356044693926,2.346620887656017,False,False,28.448278082337815
Edirne,1999,8,0.3524889147447143,38.37473974605759,21,7,1999-08-01,0.229021614478841,0.4581346810583013,33.579157128574245,46.14653160875334,53.889244340873375,61.84101440561986,0.5,57.86512937324662,median,edirne,53.88924434087338,61.84101440561986,57.86512937324662,1.3269888344049343,1.6104722705170624,1.6894680899850971,1.4931544155104346,2.633438165479994,1.0844930006420748,1.146720860764374,1.3539618860131624,1.325626613166965,1.397070463638276,1.2312477796813,1.6107306850259204,1.4246357618543775,2.5376901845458537,2.346620887656017,False,False,28.448278082337815
Edirne,1999,9,0.314033536935511,35.44063618421928,19,7,1999-09-01,0.2193447657316066,0.3740988588743695,24.89643242742357,42.532933610188266,61.18660209946926,40.21374394202376,0.5,50.70017302074651,median,edirne,61.186602099469276,40.213743942023754,50.70017302074652,-0.696726158562579,1.2572966848921707,1.1422261599533408,1.144833846466978,1.9501963185242488,-0.663852091216139,-0.6992999406425684,1.067185508993511,0.9320757000382391,0.8787269911575784,0.9320757000382391,0.9651593142196465,1.0696790361613444,1.9572735858173806,1.9367654674157966,False,False,28.448278082337815
Edirne,1999,10,0.263464070384733,27.527110815216787,21,5,1999-10-01,0.2152552748781966,0.3871591272349366,16.775228355909373,32.14921296752098,28.04404604411778,30.06443852437077,0.5,29.054242284244275,median,edirne,28.04404604411778,30.06443852437077,29.054242284244275,-1.1188504958248695,-0.5267922986145637,0.6577888447777,0.7700096662368003,1.3447311117075318,-1.2676871087201294,-1.0696790361613442,-0.5733864707442693,-0.6470008337681493,0.43724332602233734,0.36216035678781794,0.5960587961533927,0.6992999406425686,1.258169895805723,1.1364912754190772,False,False,28.448278082337815
Kirklareli,1999,6,0.3909282351216588,37.13933717205956,10,3,1999-06-01,0.3012678806275926,0.528383243387792,29.05835330150456,45.33031971721313,39.47789062104726,50.3380005581021,0.5,44.90794558957468,median,kirklareli,39.477890621047266,50.3380005581021,44.90794558957468,0.8156379122440626,1.0546830484059273,0.9587144160055332,1.617150121182649,1.8456392619783364,0.6261167087857065,0.5964147284451815,0.9675643827827529,0.869517382024299,1.0230314955052824,1.4335644069425781,1.812050622906796,1.7135929008532076,2.0463229046865083,1.9367654674157966,False,False,28.448278082337815
Kirklareli,1999,7,0.3656282639644843,40.505259904837786,18,6,1999-07-01,0.2485369118494177,0.5420576872552342,29.544782826486998,48.64480564115659,39.89201512335141,42.61537179980382,0.5,41.25369346157761,median,kirklareli,39.89201512335139,42.61537179980383,41.25369346157761,0.684566456885487,1.1779009189276386,1.0112850211782445,1.2097110038670793,1.9910311103192424,0.22342112618067161,0.231363264738605,0.9569461206187748,1.0696790361613444,0.8525962810914441,0.9320757000382391,1.3503666177097189,1.2214345945270098,2.1502228057876196,1.9367654674157966,False,False,28.448278082337815
Kirklareli,1999,8,0.3345202515334103,40.58232308882456,21,7,1999-08-01,0.2398971291224648,0.4850300345873192,31.684933185315188,45.96482627922851,38.60074282214711,37.692881557343,0.5,38.146812189745056,median,kirklareli,38.60074282214714,37.692881557343,38.14681218974507,-0.1058896133596362,0.6539288356847445,0.8912677701970653,0.9304657708764708,1.8378939080706105,-0.49742674863639874,-0.4070579827398848,0.1649371228728091,0.18873642550572778,0.4875143396165491,0.4994934456429099,0.8253442110730592,1.0590423035404217,1.9487373978222449,1.9367654674157966,False,False,28.448278082337815
Kirklareli,1999,9,0.3118590418326905,34.24629738574119,19,7,1999-09-01,0.2264392177848136,0.4263599730650386,25.16473562126994,41.53667351686312,42.72684140680919,44.52970795280305,0.5,43.628274679806125,median,kirklareli,42.72684140680921,44.52970795280305,43.628274679806125,-0.2434197745478614,-0.1251183239945494,0.6087854356583928,0.7097638375739398,1.4345144820892126,-0.49293245292391186,-0.45279189167182926,-0.4680534250095306,-0.4994934456429097,0.15996043182892727,0.10442384485535429,0.5134649233835178,0.5473111231649046,1.4657358775079252,1.3162444282273542,False,False,28.448278082337815
Kirklareli,1999,10,0.2675188430624741,27.30722523126739,21,5,1999-10-01,0.1889990885525008,0.4107584921015044,18.62167950061002,31.82191389321756,35.40763244009279,34.201579514970646,0.5,34.80460597753172,median,kirklareli,35.40763244009279,34.20157951497063,34.80460597753171,-0.1701937942599976,-0.7355054156664208,0.3316144741253819,0.3378261286652191,0.7338241391341477,-0.45128152701305896,-0.4994934456429097,-1.023832834241153,-0.998513120455002,-0.038943786059291545,-0.10442384485535401,0.03820636863891059,0.231363264738605,0.6640901070461165,0.8576803159149204,True,False,28.448278082337815
Luleburgaz,1999,6,0.3409911048494393,42.90433352116499,10,1,1999-06-01,0.3409911048494393,0.5448500175709519,20.665396881359143,43.24732335614259,0.0,1.5188687969584895,0.5,0.7594343984792448,median,luleburgaz,0.0,1.5188687969584895,0.7594343984792448,1.0434995202669892,0.6296074316507091,0.9617765757564832,1.8545761657126767,2.351211057074165,0.3595488573653033,0.407057982739885,-0.2740115648283177,-0.1887364255057275,0.4997890347067745,0.5964147284451815,1.4595895005458734,1.3162444282273542,2.0378429597782515,2.346620887656017,False,True,28.448278082337815
Luleburgaz,1999,7,0.4408612204265041,38.97710367852466,18,3,1999-07-01,0.2861197837054355,0.525676930280443,29.38960752014221,46.93138124376206,64.59479040113614,45.344773513564576,0.5,54.96978195735036,median,luleburgaz,64.59479040113614,45.344773513564576,54.96978195735036,1.8778698983234352,1.9899721584924257,1.86801505683588,1.8740929211675064,2.754064287944222,1.6050028939477476,1.7214841422165659,1.2039709422870681,1.2312477796813,1.0692419239225435,0.9985131204550027,1.3714819274133032,1.1364912754190772,2.400728200082644,2.346620887656017,False,False,28.448278082337815
Luleburgaz,1999,8,0.37069568140082,39.730111015040194,21,3,1999-08-01,0.1897432281143768,0.4336564687796705,30.05982308745959,48.39365705434462,74.18722033821544,47.25441527916482,0.5,60.72081780869013,median,luleburgaz,74.18722033821545,47.25441527916482,60.720817808690136,1.0122031159865337,1.862182090459555,1.8025696270681288,2.035080634237368,2.5921610246356925,-0.47117860016469015,-0.4070579827398848,0.8863085974874556,0.9985131204550027,0.5054045029540386,0.4994934456429099,1.3798149080036999,1.2214345945270098,2.1610667605101233,2.346620887656017,False,False,28.448278082337815
Luleburgaz,1999,9,0.3100781843170674,34.56799062221256,19,4,1999-09-01,0.189633865438078,0.3446252064771623,24.782064321464777,44.39046628301203,77.71035341168954,50.09319821197912,0.5,63.90177581183433,median,luleburgaz,77.71035341168951,50.09319821197912,63.90177581183431,1.530784625691484,2.0454572678976475,2.147345728181061,2.020872433762142,2.397233583030844,1.3913395072276717,1.0696790361613444,1.3510435766001203,1.561398281730852,0.9342662791401456,0.9985131204550027,1.1236801181672318,1.2312477796813,1.9147451209374264,2.346620887656017,False,False,28.448278082337815
Luleburgaz,1999,10,0.2617508974673272,32.23033632186533,21,1,1999-10-01,0.1841466817202477,0.3409058538431931,17.02123923135515,33.045756172758225,49.50537483459974,5.08857679688345,0.5,27.296975815741597,median,luleburgaz,49.50537483459974,5.08857679688345,27.296975815741597,-0.1680661500828373,0.8631348695463591,1.7065235510953465,1.6680603309727662,1.8074652781872151,-0.6470290018585735,-0.5964147284451813,0.0751882242237779,0.18873642550572778,0.7516068717489841,0.8101899639922558,0.7162892785679608,0.7535860816623511,1.167754301730049,1.1364912754190772,False,True,28.448278082337815
Tekirdag,1999,6,0.3548692843060378,33.1425654035796,10,2,1999-06-01,0.3548692843060378,0.5418339664599165,21.08275464126619,42.242382375833,0.0,43.00556269894936,0.5,21.50278134947468,median,tekirdag,0.0,43.00556269894932,21.50278134947466,-0.4338026241455948,-1.015327172945735,0.3201502081178068,1.2383848825800092,1.933340212764211,-0.7681656432704587,-0.8695173820242987,-1.0359019993559457,-0.9320757000382391,0.1063365283506541,0.06258145102371986,1.3339718874140356,1.2214345945270098,1.7404119624158412,1.7135929008532076,True,True,28.448278082337815
Tekirdag,1999,7,0.3993990990690144,38.68284714953219,18,7,1999-07-01,0.2996011031383021,0.5231666607488469,30.02835555617328,43.71619808000098,44.63925346880228,36.772419917213135,0.5,40.70583669300771,median,tekirdag,44.63925346880228,36.772419917213135,40.70583669300771,-0.7326968171667495,-0.8240661761286349,0.5330663731901618,0.6613025370754361,1.7398146503474905,-1.1359487865724711,-1.1467208607643733,-0.9778765563067906,-1.0696790361613442,0.006899454611763568,0.06258145102371986,0.563039462726865,0.5329820468077673,1.6106847155175412,1.2214345945270098,False,False,28.448278082337815
Tekirdag,1999,8,0.3044220599736121,40.07475849321364,21,8,1999-08-01,0.2145976806432795,0.4339782774087779,33.14273610933887,46.82328926867245,40.94454142922597,49.32937065380735,0.5,45.13695604151666,median,tekirdag,40.94454142922594,49.32937065380728,45.13695604151661,-0.3830808600851167,-1.1254206084829712,-0.6252546576714885,0.1667250946895675,1.611104379757729,-0.4773623489986889,-0.45279189167182926,-1.2461325314595277,-1.1467208607643733,-0.8560599265148879,-0.998513120455002,-0.07385148244794144,-0.08489986218558754,1.5477379425302114,1.3162444282273542,True,False,28.448278082337815
Tekirdag,1999,9,0.2751598563147162,35.90393325599685,19,7,1999-09-01,0.1910186171295055,0.3434703364482764,26.40771318071996,42.414170237086566,55.19205658105728,40.67256706567839,0.5,47.93231182336784,median,tekirdag,55.192056581057294,40.672567065678386,47.93231182336784,0.4006347381705489,-0.3521584393954426,-1.098748564062545,-0.0372632772852028,0.9034238783474964,0.3537951483897574,0.4994934456429099,-0.5400006325140934,-0.6470008337681493,-1.1582388460738158,-1.2312477796812997,-0.3898831624293996,-0.5473111231649045,0.8522616147526643,0.7979517139723645,False,False,28.448278082337815
Tekirdag,1999,10,0.2196569371359064,28.362516574410783,21,8,1999-10-01,0.2011434514005603,0.3288378133341623,13.799725248551244,32.81187913608851,14.498279685185048,23.40272747631369,0.5,18.95050358074937,median,tekirdag,14.498279685185048,23.40272747631369,18.95050358074937,0.2642371704987236,0.075611915485217,-0.3920079637116997,0.2461603060170756,0.4627162296955175,0.24382619852864199,0.274414889688605,-0.01706426932533093,0.10442384485535429,-0.598554657136299,-0.6992999406425684,-0.04004371567550412,-0.02084838541615085,0.28421645074725194,0.2572017876710414,False,True,28.448278082337815
Uzunkopru,1999,6,0.3278017154225964,37.42604675080608,10,4,1999-06-01,0.3278017154225964,0.5030639610561858,25.3569063809869,43.49734916614595,0.0,33.4683253724484,0.5,16.7341626862242,median,uzunkopru,0.0,33.4683253724484,16.7341626862242,0.0571844903213541,-1.3835298739671071,0.5111136576526927,1.3347704253034889,1.4727136979045323,-0.4197529131684574,-0.4070579827398848,-1.4770032112107612,-1.721484142216565,0.3053258073300816,0.3179814578594512,1.338945771234389,1.3162444282273542,1.4241076332803515,1.4246357618543775,True,True,28.448278082337815
Uzunkopru,1999,7,0.3700175180199903,40.88942051778885,18,9,1999-07-01,0.3090066548344354,0.4983037733049914,30.206773300306416,45.06194855960739,32.23021231305469,28.088043183509917,0.5,30.159127748282305,median,uzunkopru,32.23021231305469,28.088043183509914,30.1591277482823,-0.3089703004315861,-1.019376977976235,-0.0652838531312598,0.7103340768093679,1.3985614678134946,-0.6955993228654416,-0.8695173820242987,-1.3532067990676944,-1.3256266131669636,-0.4104074184467088,-0.3179814578594511,0.4757264886450346,0.5825199483025975,1.423195505206205,1.5529586332276095,True,False,28.448278082337815
Uzunkopru,1999,8,0.3207021541141684,41.01225468149768,21,10,1999-08-01,0.2544562098730799,0.5451981560310377,32.8374973512725,46.303434212563246,22.78513476177176,39.29306653943715,0.5,31.039100650604453,median,uzunkopru,22.785134761771744,39.29306653943715,31.039100650604446,-0.5293710326032722,-0.5053354123566255,-0.6684740556713067,0.2712736860599354,1.218215183838795,-0.5987993720323179,-0.6470008337681493,-0.9321703618795727,-1.0696790361613442,-0.9708182184126529,-0.998513120455002,-0.05379608643715336,-0.12754191328099132,1.1899107441414705,0.9206378906748922,False,False,28.448278082337815
Uzunkopru,1999,9,0.296685344709912,34.919120861682934,19,11,1999-09-01,0.2300308150158601,0.4287520313380586,27.778661706012603,41.08830349723985,33.54172791795967,46.35122967489023,0.5,39.94647879642495,median,uzunkopru,33.54172791795967,46.35122967489023,39.94647879642495,-0.1893782498047243,-0.7753146082219707,-1.8447892304720868,0.0248735167844531,0.9268955892643884,-0.32189744485342253,-0.1887364255057275,-0.8840224680310981,-0.998513120455002,-1.6600605723426924,-1.721484142216565,-0.3058008082552136,-0.3179814578594511,0.7475529053172772,0.6862467686859735,False,False,28.448278082337815
Uzunkopru,1999,10,0.2644666740541335,23.901537609911287,21,9,1999-10-01,0.2078011083839048,0.3833590486590971,17.404481016505297,30.74795713019401,32.27741541134723,51.30911512075302,0.5,41.79326526605013,median,uzunkopru,32.27741541134723,51.30911512075302,41.79326526605013,-0.5558484583522174,-0.960055947637674,-1.4714120920933331,-0.6629905279258222,0.1772753871823947,-0.7542914524094647,-0.6470008337681493,-1.0389028291070137,-0.9320757000382391,-1.6465278596173762,-1.5613982817308512,-0.9281936513302849,-0.9320757000382391,-0.026111414022491623,-0.042411701021866303,True,False,28.448278082337815
Corlu,2000,6,0.4501146613988388,34.87021337655688,16,8,2000-06-01,0.3398058060169734,0.5550912779270141,24.8281463037949,41.81771643367222,51.23841121427792,40.892753636524816,0.5,46.06558242540137,median,corlu,51.238411214277924,40.89275363652477,46.065582425401345,-1.0453728331866263,0.5715720793983763,-0.0711255813332796,0.0416677591394124,0.5487877071010615,-0.6144446591711711,-0.6992999406425684,0.6206628643067988,0.6470008337681494,0.03601357371275298,-0.02084838541615085,0.05639873829040841,0.042411701021866303,0.49978043220163176,0.6862467686859735,False,False,28.95051299268792
Corlu,2000,7,0.2939720210236947,42.140865271538246,20,16,2000-07-01,0.2411567941070453,0.46871385428598,32.97320114614718,44.767587698768864,23.209663051157023,22.27095419936652,0.5,22.740308625261772,median,corlu,23.209663051157033,22.270954199366518,22.740308625261775,0.2920219844902235,0.100289831001991,0.4493165369159358,0.3605790365340171,0.4487202728677379,-0.3764972886648627,-0.3621603567878177,0.07649653229821048,0.1464499462086932,0.32055431918437893,0.18873642550572778,0.31960150472023674,0.21360832941705765,0.35786786203600923,0.3459716702172352,False,True,28.95051299268792
Corlu,2000,8,0.2394716410750488,39.695326827246674,21,14,2000-08-01,0.2114858986548909,0.3861276906492696,33.698988564166115,46.7417631923928,16.02465372152085,54.02559321922568,0.5,35.02512347037326,median,corlu,16.024653721520856,54.025593219225705,35.02512347037328,-0.2477956886095674,-0.9260279044163509,0.1120589378230928,0.0619606837124708,0.3900705046340751,-0.05538621397326725,0.02084838541615085,-0.7800691483871609,-0.9320757000382391,0.0489895264517134,0.02084838541615085,-0.07981893445546308,-0.08489986218558754,0.3546389090183812,0.3913554652074412,False,False,28.95051299268792
Corlu,2000,9,0.2203750611121176,38.2991789143037,21,13,2000-09-01,0.1993734068907274,0.3480665630985831,27.666430007419827,42.38830436288306,14.124156589986107,27.77584803297753,0.5,20.950002311481818,median,corlu,14.124156589986114,27.775848032977535,20.950002311481825,0.4021058406987325,-0.0473741787038719,0.2686271613712573,-0.1890746838949969,-0.0506457841032052,0.3887754863746247,0.407057982739885,-0.1520945634527226,-0.02084838541615085,0.26798550662748916,0.36216035678781794,-0.12880548556041643,-0.14644994620869292,-0.06334393061415719,-0.12754191328099132,False,True,28.95051299268792
Corlu,2000,10,0.2280467143241674,23.83752376650191,16,9,2000-10-01,0.1847029231834753,0.3357082850914537,18.0578755063624,35.57369742326176,28.703478203049176,67.00327117071637,0.5,47.85337468688277,median,corlu,28.703478203049176,67.00327117071637,47.85337468688277,0.1666470592550112,-0.0902209889206019,-0.0996303661082149,0.1874752497142737,0.1942311712491707,0.23323796689808615,0.274414889688605,0.07747735207914092,0.06258145102371986,0.13324583405835783,0.10442384485535429,0.2175957950585082,0.36216035678781794,0.24007082988909165,0.12754191328099146,False,False,28.95051299268792
Edirne,2000,6,0.3706683068261041,41.24811857054752,16,7,2000-06-01,0.3257017645778581,0.543975793256036,27.434696048485225,44.3577027483714,20.6009585842869,18.374891843804555,0.5,19.487925214045728,median,edirne,20.60095858428692,18.374891843804555,19.487925214045738,-0.7150789051154315,-0.1617644159560688,-1.0271061954066751,-1.5337158472356447,-0.6042059486003465,-0.5066592733558954,-0.6992999406425684,-0.36189041872438965,-0.3179814578594511,-1.0144384244277005,-0.8695173820242987,-1.4131938718422759,-1.5529586332276093,-0.6581972973482603,-0.6862467686859733,False,True,28.95051299268792
Edirne,2000,7,0.2663216204863767,45.13564099564155,20,6,2000-07-01,0.2414503697484318,0.5612946498717422,31.965500733772664,46.739004736987454,7.776049872880708,10.852968537437034,0.5,9.31450920515887,median,edirne,7.776049872880715,10.852968537437034,9.314509205158874,-1.7217321665685843,-1.140036330694111,-1.1349558640322217,-1.392190532877448,-1.5549916928366982,-1.4811902250119506,-1.3256266131669636,-1.0221307315038854,-0.9320757000382391,-1.1899540629311987,-1.3256266131669636,-1.3685863134360152,-1.3162444282273533,-1.5885400698721663,-1.9367654674157944,True,True,28.95051299268792
Edirne,2000,8,0.234208521238205,43.38024212502526,21,6,2000-08-01,0.229021614478841,0.4581346810583013,33.579157128574245,46.14653160875334,2.2639070031237374,22.011673863072936,0.5,12.137790433098337,median,edirne,2.263907003123749,22.011673863072936,12.137790433098342,0.4914995323603319,-1.0159812557875127,-0.7602863158943147,-1.115358554757662,-1.8107726271434028,0.26372699642212244,0.274414889688605,-1.0577290166855715,-1.0696790361613442,-0.8671730790213182,-0.9320757000382391,-1.1487348676937779,-1.3162444282273533,-1.5894527942614116,-1.5529586332276093,True,True,28.95051299268792
Edirne,2000,9,0.2484115431199059,34.85769853437247,21,7,2000-09-01,0.2193447657316066,0.3740988588743695,24.89643242742357,42.532933610188266,18.78255805582133,43.519034735282055,0.5,31.150796395551694,median,edirne,18.782558055821358,43.519034735282055,31.15079639555171,0.5412518110466856,-0.1365315999928595,-0.4159034380657244,-1.041582741124503,-1.4949604572381276,0.4699205494540511,0.4994934456429099,-0.44691781072553177,-0.45279189167182926,-0.5870044937782305,-0.5964147284451813,-1.021922013152566,-0.8695173820242987,-1.3627747714726968,-1.3162444282273533,False,False,28.95051299268792
Edirne,2000,10,0.2745732973272463,27.013747707814872,16,4,2000-10-01,0.2152552748781966,0.3871591272349366,16.775228355909373,32.14921296752098,34.506511422414896,33.403606088088665,0.5,33.955058755251784,median,edirne,34.50651142241487,33.403606088088665,33.95505875525177,-0.0049889963100061,0.095114754849552,-0.6326774248044599,-0.8996415852780918,-1.245724638605231,-0.0712132371000452,-0.06258145102371986,0.18209411575688328,0.1464499462086932,-0.5116663556892547,-0.45279189167182926,-0.882341714225032,-0.8101899639922557,-1.1148039414198578,-1.1364912754190764,False,False,28.95051299268792
Kirklareli,2000,6,0.3816407739007267,40.74429055457959,16,7,2000-06-01,0.3012678806275926,0.528383243387792,29.05835330150456,45.33031971721313,35.38857622678573,28.183619886323594,0.5,31.786098056554664,median,kirklareli,35.388576226785744,28.183619886323594,31.78609805655467,-0.9481904887915588,-0.8744090966480014,-1.0281967481964558,-0.7897615096113739,-0.8278844112274295,-0.7315214311374026,-0.7535860816623509,-0.9901576791907399,-1.0696790361613442,-1.134152575092545,-0.9320757000382391,-0.9125375974843911,-1.0590423035404213,-1.0243276578340346,-1.1364912754190764,False,False,28.95051299268792
Kirklareli,2000,7,0.2837000394667452,44.713650098406745,20,6,2000-07-01,0.2485369118494177,0.5420576872552342,29.544782826486998,48.64480564115659,11.97977470886402,20.581941607580465,0.5,16.280858158222244,median,kirklareli,11.979774708864003,20.581941607580468,16.280858158222237,0.3285240129555183,-0.7727066429142164,-0.7282500571159422,-0.6951706969358279,-0.9357845704735994,-0.5693488604712936,-0.5964147284451813,-1.0123570659217418,-1.3256266131669636,-1.112727322020758,-0.8101899639922557,-0.9818910553074053,-1.1364912754190764,-1.165766638600954,-1.4246357618543768,True,True,28.95051299268792
Kirklareli,2000,8,0.2453506030359626,41.018464914236944,21,6,2000-08-01,0.2398971291224648,0.4850300345873192,31.684933185315188,45.96482627922851,2.224700883447765,34.63864422836547,0.5,18.43167255590662,median,kirklareli,2.2247008834477655,34.63864422836547,18.43167255590662,0.5986868070130201,-0.4075650859307284,-0.5642866883009722,-0.8681978556937703,-0.7955536965785709,0.3722395462360695,0.4527918916718295,-0.8221138988529872,-0.8101899639922557,-0.8586753233585602,-0.8695173820242987,-1.1102236254058995,-1.0590423035404213,-1.1205269488961633,-1.0590423035404213,False,True,28.95051299268792
Kirklareli,2000,9,0.2411875620781224,35.85395756275282,21,7,2000-09-01,0.2264392177848136,0.4263599730650386,25.16473562126994,41.53667351686312,7.377095125834371,34.710099625041416,0.5,21.043597375437894,median,kirklareli,7.377095125834397,34.710099625041416,21.043597375437905,-0.3226755412691073,-0.0603737542368618,-0.8487589052969098,-1.0302427706890065,-0.859853432555541,-0.27926680037982277,-0.23136326473860486,-0.3712545653245664,-0.3621603567878177,-1.0854850144588644,-1.0696790361613442,-1.2374588865117782,-1.1467208607643733,-1.1164301638791585,-1.2214345945270093,False,True,28.95051299268792
Kirklareli,2000,10,0.2719056328261398,24.00673707053052,16,5,2000-10-01,0.1889990885525008,0.4107584921015044,18.62167950061002,31.82191389321756,37.38580774786337,59.20483371919317,0.5,48.29532073352827,median,kirklareli,37.38580774786337,59.20483371919316,48.295320733528264,-0.5618381803222606,-0.6753871447122434,-0.9903904171005128,-1.062990405651487,-1.020255792048715,-0.5270974099782494,-0.5964147284451813,-0.503778086512905,-0.4994934456429097,-1.0255109933773767,-0.9320757000382391,-1.2006124474941822,-1.2312477796812997,-1.2101216525367704,-1.3162444282273533,False,False,28.95051299268792
Luleburgaz,2000,6,0.4455051442094966,36.79627775245593,16,3,2000-06-01,0.3409911048494393,0.5448500175709519,20.665396881359143,43.24732335614259,51.2678292868322,28.567295225632527,0.5,39.917562256232365,median,luleburgaz,51.2678292868322,28.567295225632527,39.917562256232365,-0.7503250185750395,0.3184348375940682,-0.3820369723451769,-0.2486433361703431,0.8627025508874039,-1.7548913083935949,-1.721484142216565,-1.3031573054652326,-1.2312477796812997,-2.0091551980150464,-1.9439937268344964,-1.507790633188363,-1.7135929008532067,-0.5059579502171235,-0.3913554652074409,True,False,28.95051299268792
Luleburgaz,2000,7,0.3104332062602755,45.8159647533713,20,4,2000-07-01,0.2861197837054355,0.525676930280443,29.38960752014221,46.93138124376206,10.149320486762113,6.3586300220533465,0.5,8.25397525440773,median,luleburgaz,10.149320486762113,6.358630022053387,8.25397525440775,1.0166041840217923,1.0313776038093638,0.6494237118054692,0.1736209719617479,0.5101133181510771,0.0646146216053319,0.02084838541615085,-0.4642160272798381,-0.4994934456429097,-1.095293608387492,-1.0696790361613442,-1.1286914862649648,-0.9874746312142068,-0.8518918142045157,-0.85768031591492,False,True,28.95051299268792
Luleburgaz,2000,8,0.2468556258844607,39.53989683314016,21,3,2000-08-01,0.1897432281143768,0.4336564687796705,30.05982308745959,48.39365705434462,23.41504610996313,48.29191884903242,0.5,35.85348247949777,median,luleburgaz,23.415046109963143,48.29191884903242,35.853482479497785,0.0682380261415664,0.1156432193279932,0.4666729530695572,0.1863281477103805,0.3666522467521223,0.9432824332415385,0.9985131204550027,-0.6029850043946314,-0.6470008337681493,-0.7848581454452253,-0.7535860816623509,-0.8589086306461644,-0.85768031591492,-0.6036856555599687,-0.6335308991018239,False,False,28.95051299268792
Luleburgaz,2000,9,0.2170509641398681,38.36773178082257,21,2,2000-09-01,0.189633865438078,0.3446252064771623,24.782064321464777,44.39046628301203,17.68943898283733,30.715070580459603,0.5,24.202254781648467,median,luleburgaz,17.689438982837306,30.715070580459603,24.202254781648456,1.2493612931297493,1.1339008541826416,1.0322850447430223,0.3637624518104278,0.2416654141286169,1.5713091293856585,1.561398281730852,1.1990285652341424,1.2312477796813,0.057220543004359505,-0.02084838541615085,-0.4874629408963383,-0.4994934456429097,-0.5127722633428642,-0.6335308991018239,False,True,28.95051299268792
Luleburgaz,2000,10,0.2445011577357684,26.99370396601529,16,2,2000-10-01,0.1841466817202477,0.3409058538431931,17.02123923135515,33.045756172758225,38.50140007640833,37.76745488724248,0.5,38.134427481825405,median,luleburgaz,38.501400076408274,37.76745488724248,38.13442748182538,-0.1706815935145872,0.4024079027076163,0.7960611669952267,0.5803777642370753,0.2419858846378039,0.060367506640546686,0.10442384485535429,1.1603557279806824,1.2312477796813,0.5557896202433625,0.6470008337681494,-0.0854642814432055,-0.10442384485535401,-0.4065759570473734,-0.43756036688567534,False,False,28.95051299268792
Tekirdag,2000,6,0.5085003787482631,33.56849562764074,16,5,2000-06-01,0.3548692843060378,0.5418339664599165,21.08275464126619,42.242382375833,82.17118477797928,40.99262452534747,0.5,61.58190465166338,median,tekirdag,82.17118477797928,40.99262452534747,61.58190465166338,-0.7883312374723406,0.3686552504579214,-0.1185348968255226,0.4652847094922074,0.2145790080399537,-0.5314111474545435,-0.5473111231649045,0.22151532666183305,0.1464499462086932,-0.07510715401963489,-0.1887364255057275,0.5248755096752458,0.7409429851520696,0.1722861731050393,0.21360832941705765,False,False,28.95051299268792
Tekirdag,2000,7,0.3781464777575108,42.817203887789226,20,11,2000-07-01,0.2996011031383021,0.5231666607488469,30.02835555617328,43.71619808000098,35.133039032799566,6.567829741223204,0.5,20.850434387011386,median,tekirdag,35.133039032799566,6.567829741223204,20.850434387011386,-0.317888382776313,-0.0659454927676048,0.2486280093112362,0.3993758974908411,0.2524606593349933,-0.5058974250526987,-0.5964147284451813,0.028246897409681816,0.06258145102371986,0.04654735839449992,0.1464499462086932,0.4202276134824765,0.30128981766152896,0.17499557117261247,0.21360832941705765,False,True,28.95051299268792
Tekirdag,2000,8,0.2657635901198646,38.18507563839604,21,7,2000-08-01,0.2145976806432795,0.4339782774087779,33.14273610933887,46.82328926867245,23.322896478068053,63.14228328101609,0.5,43.232589879542076,median,tekirdag,23.322896478068053,63.14228328101609,43.232589879542076,0.5476110806972029,-0.6729065479610457,0.0897853560774588,0.2429771378271895,0.3470228444457077,0.21767393034864665,0.3179814578594512,-0.6366272449370751,-0.6992999406425684,-0.015001482794394142,0.02084838541615085,0.16991364256851277,0.12754191328099146,0.278882786015854,0.3459716702172352,False,False,28.95051299268792
Tekirdag,2000,9,0.2293682533532716,36.575630143135,21,8,2000-09-01,0.1910186171295055,0.3434703364482764,26.40771318071996,42.414170237086566,25.155266464118004,36.47615505037245,0.5,30.815710757245228,median,tekirdag,25.155266464118018,36.47615505037245,30.815710757245235,0.043155559180696,-0.204229801517661,-0.0634541118922705,-0.3271344375389443,0.2541833678149859,0.07619593194123898,0.18873642550572778,-0.23487917793162857,-0.3179814578594511,-0.16822340171736255,-0.06258145102371986,-0.3493499369528155,-0.4994934456429097,0.2477524814110283,0.30128981766152896,False,False,28.95051299268792
Tekirdag,2000,10,0.2471830054566264,25.01063510281394,16,4,2000-10-01,0.2011434514005603,0.3288378133341623,13.799725248551244,32.81187913608851,36.05449242935693,41.03293124714499,0.5,38.54371183825096,median,tekirdag,36.05449242935686,41.03293124714499,38.54371183825093,0.6532338295159101,0.3990160376046339,0.201176510215436,0.317500612974761,0.4153620555783984,0.6757036277834971,0.6992999406425686,0.38531290965009984,0.5473111231649046,0.24880455513732197,0.36216035678781794,0.3213596927223627,0.4994934456429099,0.40307142809673374,0.4847192529770645,False,False,28.95051299268792
Uzunkopru,2000,6,0.4341092791257503,39.16490707441249,16,9,2000-06-01,0.3278017154225964,0.5030639610561858,25.3569063809869,43.49734916614595,60.6562829997083,23.88278027743564,0.5,42.26953163857197,median,uzunkopru,60.656282999708324,23.88278027743564,42.26953163857198,-0.2887127527111885,-0.0765963079020356,-0.477954668829718,-0.0725871009089929,-0.3719229311669874,-0.17915944960036148,-0.1887364255057275,-0.2453395811037788,-0.1887364255057275,-0.510775939281289,-0.4994934456429097,-0.13805507932368408,-0.21360832941705765,-0.4989304717937337,-0.43756036688567534,False,False,28.95051299268792
Uzunkopru,2000,7,0.33192332307401,42.672228290765645,20,10,2000-07-01,0.3090066548344354,0.4983037733049914,30.206773300306416,45.06194855960739,12.10618968990762,16.08678610065886,0.5,14.09648789528324,median,uzunkopru,12.106189689907591,16.08678610065886,14.096487895283225,-0.9549260091470804,-0.6069796221753205,-0.3897414040983984,0.0465339034091094,-0.4342439685084421,-1.228859990921814,-1.2312477796812997,-0.6637809786953527,-0.7535860816623509,-0.6126869063682873,-0.5473111231649045,-0.21799863717969392,-0.21360832941705765,-0.6380108706292033,-0.5825199483025973,False,True,28.95051299268792
Uzunkopru,2000,8,0.2731970448492794,40.19636621727996,21,9,2000-08-01,0.2544562098730799,0.5451981560310377,32.8374973512725,46.303434212563246,6.445865560113504,45.35197259715883,0.5,25.898919078636165,median,uzunkopru,6.4458655601135035,45.35197259715883,25.898919078636165,0.3389404288070724,-0.5656993372426756,-0.3909024860576603,-0.2392766510371003,-0.3331741900077196,0.2781513083154181,0.4527918916718295,-0.6535598354219272,-0.6470008337681493,-0.5309223206096728,-0.3179814578594511,-0.46788253768950344,-0.48471925297706436,-0.5516611939499175,-0.5329820468077671,False,True,28.95051299268792
Uzunkopru,2000,9,0.2461534136035472,33.90073413751548,21,11,2000-09-01,0.2300308150158601,0.4287520313380586,27.778661706012603,41.08830349723985,8.113174267988871,54.00272578681943,0.5,31.057950027404154,median,uzunkopru,8.113174267988871,54.002725786819425,31.057950027404146,0.4785747999304275,-0.0884022554662329,-0.3205486553190815,-0.5652229785787634,-0.196234249233078,0.4417485422409432,0.4527918916718295,-0.2907422914132544,-0.1887364255057275,-0.4958759860069088,-0.45279189167182926,-0.6256818285722968,-0.5964147284451813,-0.2993470560137451,-0.5825199483025973,False,False,28.95051299268792
Uzunkopru,2000,10,0.2702344913010744,22.52397471107052,16,8,2000-10-01,0.2078011083839048,0.3833590486590971,17.404481016505297,30.74795713019401,35.5628363031051,61.63298340742504,0.5,48.59790985526507,median,uzunkopru,35.562836303105065,61.632983407425066,48.597909855265065,-0.2525842712755554,-0.1047364897416322,-0.5510289576489773,-0.4702138976263097,-0.1037947460049052,-0.24972659291250746,-0.2744148896886049,-0.049749082189845736,-0.02084838541615085,-0.40584924311038756,-0.45279189167182926,-0.5293957780718808,-0.5473111231649045,-0.16445427254163292,-0.345971670217235,False,False,28.95051299268792
Corlu,2001,6,0.3687498653156587,39.10338579442702,22,14,2001-06-01,0.3398058060169734,0.5550912779270141,24.8281463037949,41.81771643367222,13.444501870883258,15.976452720671617,0.5,14.710477295777437,median,corlu,13.444501870883258,15.976452720671617,14.710477295777437,-0.225825993277228,-0.0534121867879053,-0.4326650557691441,-1.2959508371300874,-1.2983791769045816,-0.3063464650425758,-0.3179814578594511,0.03397294437340896,0.06258145102371986,-0.7876499878293045,-0.6992999406425684,-1.462491441231009,-1.4246357618543768,-1.434884024656079,-1.4246357618543768,False,True,29.008050689456166
Corlu,2001,7,0.2911779172113424,42.8573114399594,24,16,2001-07-01,0.2411567941070453,0.46871385428598,32.97320114614718,44.767587698768864,21.981793518058293,16.19648678027125,0.5,19.08914014916477,median,corlu,21.981793518058304,16.19648678027125,19.089140149164777,-0.3181118973597968,-0.9100943184392654,-0.3469148765629104,-1.5331380010519435,-1.41111398900065,-1.1392331993287477,-1.3256266131669636,-0.9628752702139264,-0.9320757000382391,-0.8510116793254405,-0.8101899639922557,-1.7980368599896748,-1.7135929008532067,-1.5284480705141827,-1.4246357618543768,False,True,29.008050689456166
Corlu,2001,8,0.2379264226310979,42.8478154988468,20,14,2001-08-01,0.2114858986548909,0.3861276906492696,33.698988564166115,46.7417631923928,15.13986066809143,29.85520952818476,0.5,22.497535098138094,median,corlu,15.139860668091435,29.8552095281848,22.49753509813812,-0.0097040607647579,-0.7309085491524158,-0.9458965078556432,-1.2321772002904208,-1.346068155388845,-0.2889500782337175,-0.23136326473860486,-0.9915535879730231,-1.3256266131669636,-1.2393087457965137,-1.1467208607643733,-1.465861514777538,-1.3162444282273533,-1.552873459650648,-1.5529586332276093,False,True,29.008050689456166
Corlu,2001,9,0.2374414420236595,35.59584743458674,19,12,2001-09-01,0.1993734068907274,0.3480665630985831,27.666430007419827,42.38830436288306,25.601739921182,46.138533479438834,0.5,35.87013670031042,median,corlu,25.60173992118199,46.138533479438834,35.87013670031041,0.8824092792173649,0.2009359376371533,-0.0345483860479837,-0.3574986373147577,-1.1198814877317134,0.7862994236657421,0.6992999406425686,-0.2808736898828204,-0.1887364255057275,-0.342582221038522,-0.3179814578594511,-0.8503063931005597,-0.8101899639922557,-1.3959678286526804,-1.5529586332276093,False,False,29.008050689456166
Corlu,2001,10,0.2244242135270561,22.48983108909515,21,10,2001-10-01,0.1847029231834753,0.3357082850914537,18.0578755063624,35.57369742326176,26.304556236742595,74.69741583489852,0.5,50.50098603582056,median,corlu,26.30455623674256,74.69741583489854,50.500986035820546,-1.93734460650596,-0.5047525725053371,-1.0502125465847507,-0.618762225842011,-1.545622379482251,-1.3570390484815649,-1.2312477796812997,-0.6289656419336812,-0.5473111231649045,-1.1430214749454213,-1.1467208607643733,-1.0139225472328028,-0.998513120455002,-1.7944659842728723,-1.7135929008532067,False,False,29.008050689456166
Edirne,2001,6,0.3257017645778581,41.88581079512549,22,6,2001-06-01,0.3257017645778581,0.543975793256036,27.434696048485225,44.3577027483714,0.0,14.606694880422957,0.5,7.303347440211478,median,edirne,0.0,14.606694880423,7.3033474402115,-0.7150789051154315,-0.8680137759588378,-1.4843793247518722,-1.8037143843193253,-1.7550374930827168,-0.4805370522654571,-0.5964147284451813,-0.5116734539605593,-0.45279189167182926,-1.4617129939942661,-1.3256266131669636,-1.681811842066656,-1.7135929008532067,-1.870816792821345,-1.9367654674157944,False,True,29.008050689456166
Edirne,2001,7,0.2414503697484318,45.35697656611654,24,8,2001-07-01,0.2414503697484318,0.5612946498717422,31.965500733772664,46.739004736987454,0.0,9.35477575645002,0.5,4.67738787822501,median,edirne,0.0,9.354775756450021,4.6773878782250105,0.1787417031386799,-1.109116865807678,-1.3958020913271534,-1.6745422910073775,-1.4487880185761637,-0.6389492024321902,-0.5964147284451813,-1.0237307048729087,-0.998513120455002,-1.423543746724257,-1.721484142216565,-1.7663459654416318,-1.9367654674157944,-1.5695529807760042,-1.7135929008532067,True,True,29.008050689456166
Edirne,2001,8,0.229021614478841,44.688351151686064,20,6,2001-08-01,0.229021614478841,0.4581346810583013,33.579157128574245,46.14653160875334,0.0,11.602904483884672,0.5,5.801452241942336,median,edirne,0.0,11.602904483884673,5.801452241942337,-0.5631605548435222,-0.8205423821688131,-1.3480320341340823,-1.8521092690044128,-1.615712873012898,-0.9739974109500115,-0.8695173820242987,-1.1976195339041633,-1.1467208607643733,-1.3875060996010427,-1.4335644069425781,-1.8132775229220435,-1.9367654674157944,-1.5940665957859916,-1.7135929008532067,True,True,29.008050689456166
Edirne,2001,9,0.2193447657316066,33.734598519488635,19,6,2001-09-01,0.2193447657316066,0.3740988588743695,24.89643242742357,42.532933610188266,0.0,49.88707793866632,0.5,24.94353896933316,median,edirne,0.0,49.887077938666316,24.943538969333158,0.9034106520252558,0.3287658751782005,-0.4647622625917558,-1.0726928859893492,-1.4559086229438376,0.6892820335552838,0.6992999406425686,-0.44916805504193175,-0.4994934456429097,-0.6914606558133526,-0.6992999406425684,-1.352759839460101,-1.5613982817308512,-1.5812266212872015,-1.4246357618543768,False,True,29.008050689456166
Edirne,2001,10,0.2351892101339624,30.6969581442046,21,5,2001-10-01,0.2152552748781966,0.3871591272349366,16.775228355909373,32.14921296752098,11.595979370141348,9.446183666786856,0.5,10.521081518464102,median,edirne,11.595979370141347,9.446183666786856,10.5210815184641,-1.302475825355092,-0.4660571033563364,-1.0741967164744368,-1.492554759986156,-1.8028568612015297,-1.377788790691938,-1.3256266131669636,-0.8317985174497733,-0.9320757000382391,-1.221110945030634,-1.3256266131669636,-1.5460394966490953,-1.721484142216565,-1.8897491529961394,-1.9367654674157944,False,True,29.008050689456166
Kirklareli,2001,6,0.3012678806275926,44.17666978309664,22,6,2001-06-01,0.3012678806275926,0.528383243387792,29.05835330150456,45.33031971721313,0.0,7.089800363665868,0.5,3.544900181832934,median,kirklareli,0.0,7.089800363665825,3.5449001818329124,-1.080446656143628,-1.5699966033196282,-2.220540705096251,-2.9422048746899248,-2.6516196846688747,-0.7969442042187123,-0.8101899639922557,-1.1816583203946762,-1.2312477796812997,-2.0578519299536144,-2.3528647678133234,-2.3243453863898083,-2.346620887656016,-2.4959791239580644,-2.346620887656016,True,True,29.008050689456166
Kirklareli,2001,7,0.2485369118494177,48.64480564115659,24,7,2001-07-01,0.2485369118494177,0.5420576872552342,29.544782826486998,48.64480564115659,0.0,0.0,0.5,0.0,median,kirklareli,0.0,0.0,0.0,-0.1528921249448779,-1.7460479769394754,-2.057770170072688,-3.053691133268393,-2.8215802466819047,-1.3247049585048125,-1.3256266131669636,-1.6719950457338242,-1.721484142216565,-2.042468003428775,-1.9439937268344964,-2.5933084363238104,-2.346620887656016,-2.5799037016129485,-2.346620887656016,True,True,29.008050689456166
Kirklareli,2001,8,0.2398971291224648,44.57795032206709,20,6,2001-08-01,0.2398971291224648,0.4850300345873192,31.684933185315188,45.96482627922851,0.0,9.712089215517766,0.5,4.856044607758883,median,kirklareli,0.0,9.712089215517766,4.856044607758883,-0.7563609341265822,-1.5325622775553294,-1.9916963752754129,-2.7799166396517445,-3.1199377576922607,-1.2143584709377078,-1.1467208607643733,-1.659483206394595,-1.5613982817308512,-2.105051932739351,-2.3528647678133234,-2.7531774052686284,-2.346620887656016,-2.580228592713173,-2.346620887656016,True,True,29.008050689456166
Kirklareli,2001,9,0.2264392177848136,34.56714521502024,19,6,2001-09-01,0.2264392177848136,0.4263599730650386,25.16473562126994,41.53667351686312,0.0,42.56996542674927,0.5,21.284982713374635,median,kirklareli,0.0,42.56996542674927,21.284982713374635,0.7401766958106092,-0.0802637748420436,-1.3470159804029471,-2.025505607499761,-2.8156629839463685,0.5610320352646466,0.4994934456429099,-0.9297738148477004,-0.9320757000382391,-1.5838540744035203,-1.5613982817308512,-2.200388275379975,-1.9439937268344964,-2.5213313314862895,-1.9367654674157944,False,True,29.008050689456166
Kirklareli,2001,10,0.2409508132388324,25.043332537614795,21,5,2001-10-01,0.1889990885525008,0.4107584921015044,18.62167950061002,31.82191389321756,23.42706728774706,51.35197719973019,0.5,37.389522243738625,median,kirklareli,23.42706728774706,51.35197719973018,37.38952224373862,-1.2325011824128165,-0.720919166913436,-1.5811638253004408,-2.115597721879032,-3.129825959425237,-1.4507459291112075,-1.4335644069425781,-1.245831396458461,-1.2312477796812997,-1.8057928606487534,-2.3528647678133234,-2.177165485153678,-2.3528647678133234,-2.7593784624041278,-2.346620887656016,True,False,29.008050689456166
Luleburgaz,2001,6,0.378078259656367,42.05159857596633,22,3,2001-06-01,0.3409911048494393,0.5448500175709519,20.665396881359143,43.24732335614259,18.192559899302363,5.295052136103118,0.5,11.743806017702742,median,luleburgaz,18.192559899302363,5.295052136103118,11.743806017702742,-1.199220230204776,0.1982588686217345,-0.4378949621072475,-1.465201835199915,-0.7360303548743828,-0.6926030246143129,-0.7535860816623509,0.5833635326515898,0.4994934456429099,-0.13298270674505694,-0.14644994620869292,-0.9734831260971233,-0.85768031591492,-0.3100523926097022,-0.2572017876710413,False,True,29.008050689456166
Luleburgaz,2001,7,0.2958411584298172,45.7597901517896,24,4,2001-07-01,0.2861197837054355,0.525676930280443,29.38960752014221,46.93138124376206,4.058060827393359,6.678863326089549,0.5,5.368462076741454,median,luleburgaz,4.0580608273933585,6.678863326089549,5.368462076741453,-1.0523291307798648,-1.1974884499855196,-0.945594244066044,-1.674210203127128,-1.196884360078247,-1.3380963708910536,-1.3256266131669636,-0.915246246231668,-0.998513120455002,-0.7721630186082858,-0.8101899639922557,-1.5157366679796174,-1.2214345945270093,-0.5569197159222792,-0.6335308991018239,False,True,29.008050689456166
Luleburgaz,2001,8,0.2210915279521803,42.97962197904565,20,3,2001-08-01,0.1897432281143768,0.4336564687796705,30.05982308745959,48.39365705434462,12.852233750122934,29.53029401857744,0.5,21.191263884350185,median,luleburgaz,12.852233750122949,29.530294018577436,21.191263884350192,-0.6456663845722433,-1.8392083362021028,-0.8531709243799481,-1.2781617877675928,-1.2519004845246915,-0.7207025142262259,-0.6470008337681493,-1.4098566555668557,-1.3256266131669636,-0.729516631926962,-0.6992999406425684,-1.1173512933775593,-1.0590423035404213,-0.8280380467345003,-0.7979517139723642,True,True,29.008050689456166
Luleburgaz,2001,9,0.2193674966943998,33.84036300241284,19,3,2001-09-01,0.189633865438078,0.3446252064771623,24.782064321464777,44.39046628301203,19.18405961067451,53.80399331515286,0.5,36.49402646291368,median,luleburgaz,19.184059610674538,53.80399331515286,36.494026462913695,0.3943087936782747,-0.545144782174459,-0.3778690641964639,-0.7258577780876218,-1.529310274404103,0.12466182015973234,0.18873642550572778,-0.8819508442412283,-0.8695173820242987,-0.35373815716171114,-0.4070579827398848,-0.7207279504317108,-0.9320757000382391,-1.1576639035529614,-1.0590423035404213,False,False,29.008050689456166
Luleburgaz,2001,10,0.2193589018861078,30.008068804152032,21,1,2001-10-01,0.1841466817202477,0.3409058538431931,17.02123923135515,33.045756172758225,22.46262192444046,18.95649884307975,0.5,20.709560383760106,median,luleburgaz,22.46262192444046,18.95649884307975,20.709560383760106,-1.7986220179429782,-1.0475954575483604,-1.580357381461887,-1.295837960985952,-1.886820822181776,-1.2709624759755433,-1.2312477796812997,-1.0519524938848954,-1.0696790361613442,-1.3288954822763845,-1.2312477796812997,-1.14366433581334,-1.2312477796812997,-1.4607483329122146,-1.3162444282273533,True,True,29.008050689456166
Tekirdag,2001,6,0.4386471550433499,39.16488735420358,22,9,2001-06-01,0.3548692843060378,0.5418339664599165,21.08275464126619,42.242382375833,44.809463355415886,14.54418319752367,0.5,29.67682327646978,median,tekirdag,44.809463355415886,14.54418319752367,29.67682327646978,-0.982075359605574,0.5349880179361111,0.2181935736566556,-0.7470885431518841,-0.8494253873583364,-0.692592154178656,-0.7535860816623509,0.553558676038951,0.6470008337681494,-0.1312278737228447,-0.23136326473860486,-1.0243730261862811,-0.9206378906748918,-0.9953380510827938,-1.0590423035404213,False,False,29.008050689456166
Tekirdag,2001,7,0.3082956654206178,42.31304951215848,24,12,2001-07-01,0.2996011031383021,0.5231666607488469,30.02835555617328,43.71619808000098,3.889043721780156,10.25105720934405,0.5,7.070050465562104,median,tekirdag,3.8890437217801557,10.25105720934405,7.070050465562103,0.2508007131192229,-0.0944416632621882,0.4168714939654601,-1.0761968308381746,-0.7794484907876666,-0.4752763271466518,-0.5473111231649045,-0.24917599897858625,-0.23136326473860486,-0.21357839169271778,-0.14644994620869292,-1.421253802169687,-1.4246357618543768,-0.995111125412753,-0.9874746312142068,False,True,29.008050689456166
Tekirdag,2001,8,0.240749672181689,43.79638382976105,20,9,2001-08-01,0.2145976806432795,0.4339782774087779,33.14273610933887,46.82328926867245,11.920831615917262,22.125607083703983,0.5,17.023219349810624,median,tekirdag,11.920831615917262,22.125607083703983,17.023219349810624,-0.0054497524121721,-0.6982734384532817,-0.2264424757938702,-0.5623215785788663,-0.8260630844598222,-0.6363133207781411,-0.5964147284451813,-1.019890526448005,-1.0696790361613442,-0.6822943097310151,-0.8101899639922557,-1.0532714931518024,-1.1364912754190764,-1.1007126638386713,-1.0590423035404213,True,True,29.008050689456166
Tekirdag,2001,9,0.2155920116314157,34.71553127538196,19,9,2001-09-01,0.1910186171295055,0.3434703364482764,26.40771318071996,42.414170237086566,16.118804439671898,48.09708316208833,0.5,32.107943800880115,median,tekirdag,16.118804439671912,48.09708316208833,32.10794380088012,0.7801060948145797,0.4175605850268516,0.5085132257840589,0.2854638466154087,-0.5517921917270902,0.6153008998091316,0.7535860816623511,-0.11148092426545436,-0.02084838541615085,0.12929826672470945,0.10442384485535429,-0.3132246582366945,-0.45279189167182926,-0.9935883123003786,-0.9874746312142068,False,False,29.008050689456166
Tekirdag,2001,10,0.2011434514005603,24.44990915464598,21,5,2001-10-01,0.2011434514005603,0.3288378133341623,13.799725248551244,32.81187913608851,0.0,43.98223384318343,0.5,21.991116921591715,median,tekirdag,0.0,43.98223384318343,21.991116921591715,-1.9250377245826047,-0.4907458232279609,-0.5188518147329706,-0.1723654921715817,-1.2067547561460723,-1.7560600476791317,-1.721484142216565,-0.7682743595481094,-0.7535860816623509,-0.7410016523785384,-0.8101899639922557,-0.6772385571693652,-0.8101899639922557,-1.5181944014970532,-1.4246357618543768,False,True,29.008050689456166
Uzunkopru,2001,6,0.3755586922921339,40.65486678716455,22,9,2001-06-01,0.3278017154225964,0.5030639610561858,25.3569063809869,43.49734916614595,27.24886737408364,15.6693109018644,0.5,21.45908913797402,median,uzunkopru,27.24886737408366,15.6693109018644,21.45908913797403,-0.7344178473890252,-0.4090944118046884,-1.0168314762005808,-1.7935990057283395,-1.6535514735721997,-0.5882714418610941,-0.5964147284451813,-0.27458260242210786,-0.23136326473860486,-1.1435072340770007,-0.9320757000382391,-1.6940471260286207,-1.7135929008532067,-1.553722161302919,-1.9367654674157944,False,True,29.008050689456166
Uzunkopru,2001,7,0.3090066548344354,43.00302625377465,24,12,2001-07-01,0.3090066548344354,0.4983037733049914,30.206773300306416,45.06194855960739,0.0,13.859966441955144,0.5,6.929983220977572,median,uzunkopru,0.0,13.859966441955144,6.929983220977572,-0.828620130321395,-1.3687070494896327,-1.4413866968787934,-1.817213582155038,-1.6931646478366928,-1.3664403245359786,-1.3256266131669636,-1.3394656836045389,-1.2312477796812997,-1.5315054360439908,-1.5613982817308512,-1.6933936735534845,-1.7135929008532067,-1.4951515813884497,-1.9367654674157944,True,True,29.008050689456166
Uzunkopru,2001,8,0.2568865111776517,43.58570929792313,20,9,2001-08-01,0.2544562098730799,0.5451981560310377,32.8374973512725,46.303434212563246,0.8358963461197553,20.182219348231925,0.5,10.509057847175841,median,uzunkopru,0.8358963461197553,20.182219348231925,10.509057847175841,-1.0468770820622055,-1.4042249519398506,-1.3008867941985278,-1.6572494580853427,-1.8205479410054977,-1.251459724066177,-1.5613982817308512,-1.4731258742785505,-1.5613982817308512,-1.4073348534427297,-1.5613982817308512,-1.7051286493695081,-1.7135929008532067,-1.6080193041625597,-1.9367654674157944,True,True,29.008050689456166
Uzunkopru,2001,9,0.2300308150158601,30.19382531701176,19,9,2001-09-01,0.2300308150158601,0.4287520313380586,27.778661706012603,41.08830349723985,0.0,81.85402996652353,0.5,40.92701498326176,median,uzunkopru,0.0,81.85402996652353,40.92701498326176,0.7075186142909992,-0.2062358520625321,-0.6657134647538419,-1.072523301339716,-1.7790293630280614,0.46100687497041076,0.4994934456429099,-0.8598169904626364,-0.9320757000382391,-0.9194678077384082,-0.8101899639922557,-1.3952076187415632,-1.3256266131669636,-1.8501304813389172,-1.7135929008532067,False,False,29.008050689456166
Uzunkopru,2001,10,0.2249617552955566,25.55870955310319,21,7,2001-10-01,0.2078011083839048,0.3833590486590971,17.404481016505297,30.74795713019401,9.774919257284497,38.88977304622527,0.5,24.332346151754884,median,uzunkopru,9.774919257284495,38.88977304622527,24.332346151754884,-1.8661224552176567,-0.8520950012733944,-1.5880437392225994,-1.7044460208347505,-1.969428147364704,-1.6169268852904568,-1.5613982817308512,-1.1719691939292898,-1.0696790361613442,-1.7488748571136625,-1.9439937268344964,-1.6791605018968647,-1.9439937268344964,-2.0228373517441782,-1.9367654674157944,True,True,29.008050689456166
Corlu,2002,6,0.4271741490087831,36.30154321204086,17,11,2002-06-01,0.3398058060169734,0.5550912779270141,24.8281463037949,41.81771643367222,40.58255404633968,32.46799759771902,0.5,36.52527582202935,median,corlu,40.58255404633968,32.46799759771902,36.52527582202935,0.6928861080337844,-0.0892447259706928,-0.4623603313195186,0.4140338285348653,0.3835755301746754,0.4469231340476841,0.5964147284451815,0.039530170263099663,0.10442384485535429,-0.5802463889255373,-0.4070579827398848,0.47072358280965537,0.5825199483025975,0.2518053671268832,0.3459716702172352,False,False,28.325251599483803
Corlu,2002,7,0.3505545442004115,44.10807202925139,20,12,2002-07-01,0.2411567941070453,0.46871385428598,32.97320114614718,44.767587698768864,48.07486526998706,5.59177593997779,0.5,26.833320604982426,median,corlu,48.07486526998704,5.59177593997779,26.83332060498242,0.7876775000291504,0.2863217116188563,0.1831860571255505,0.9811560832461846,0.6042096353830457,-0.1582412675505316,-0.10442384485535401,-0.30055063659404635,-0.23136326473860486,-0.34637661739776454,-0.23136326473860486,0.9244326908831512,1.0590423035404217,0.41919791404866263,0.43756036688567534,False,True,28.325251599483803
Corlu,2002,8,0.3260069618439447,36.72629513362055,10,7,2002-08-01,0.2114858986548909,0.3861276906492696,33.698988564166115,46.7417631923928,65.57483285142877,76.78939753430335,0.5,71.18211519286606,median,corlu,65.57483285142878,76.78939753430338,71.18211519286608,1.640211241116519,1.342933262091911,0.9460381399241772,1.1548476824915797,0.9478465621662142,1.5303650193024652,1.561398281730852,0.9517294995646942,1.0696790361613444,0.5297194364639433,0.4994934456429099,1.001008754097762,0.9874746312142068,0.8332445357881718,0.8576803159149204,False,False,28.325251599483803
Corlu,2002,9,0.3122578427608613,27.666430007419827,11,6,2002-09-01,0.1993734068907274,0.3480665630985831,27.666430007419827,42.38830436288306,75.91770781456452,100.0,0.5,87.95885390728226,median,corlu,75.91770781456455,100.0,87.95885390728228,1.838283948985184,2.217083216174798,1.8326080850706337,1.1472239560004374,1.324402982158583,1.9595575434382726,1.9439937268344982,1.8733703823760495,1.9439937268344982,1.6489284406720088,1.561398281730852,0.8144871561306951,0.869517382024299,1.2796255025160725,1.2214345945270098,False,False,28.325251599483803
Corlu,2002,10,0.3357082850914537,23.194645564720098,10,8,2002-10-01,0.1847029231834753,0.3357082850914537,18.0578755063624,35.57369742326176,100.0,70.67354256780999,0.5,85.336771283905,median,corlu,100.0,70.67354256781,85.336771283905,-0.0114625107054128,1.7278399017582338,1.3886575006324864,1.2699735781083987,1.559351866981483,-0.13729944804177366,-0.14644994620869292,1.7678645436226228,1.561398281730852,1.0949503544250792,1.146720860764374,0.9205369010696028,0.869517382024299,1.5683702782657776,1.9367654674157966,False,False,28.325251599483803
Edirne,2002,6,0.3989439948437035,39.41325726313045,17,5,2002-06-01,0.3257017645778581,0.543975793256036,27.434696048485225,44.3577027483714,33.55517406692179,29.217299106040127,0.5,31.386236586480962,median,edirne,33.555174066921815,29.217299106040127,31.38623658648097,-0.2758617018220813,-1.6678329341885785,-1.207206545958415,-1.0356762578466607,-0.8370142856056402,-0.4540640529467139,-0.45279189167182926,-1.1534493194613384,-1.2312477796812997,-1.2075134388757038,-1.1467208607643733,-0.9381404659096663,-0.85768031591492,-1.1003734643453673,-1.2214345945270093,True,False,28.325251599483803
Edirne,2002,7,0.3484401509344017,44.18076608347039,20,7,2002-07-01,0.2414503697484318,0.5612946498717422,31.965500733772664,46.739004736987454,33.45058449840711,17.31639733512361,0.5,25.38349091676536,median,edirne,33.45058449840713,17.31639733512361,25.38349091676537,0.3564689700710569,-0.9779718894814486,-0.6888799920435527,-0.536306182352376,-0.7787659711964868,-0.2723705274801862,-0.4070579827398848,-1.0631323180771104,-1.1467208607643733,-0.88338413739863,-0.6992999406425684,-0.5826997066355815,-0.5329820468077671,-0.9390608610045595,-0.9206378906748918,True,True,28.325251599483803
Edirne,2002,8,0.3255467503971933,36.371443877559,10,3,2002-08-01,0.229021614478841,0.4581346810583013,33.579157128574245,46.14653160875334,42.129913129540206,77.78146299858676,0.5,59.95568806406348,median,edirne,42.12991312954022,77.78146299858676,59.955688064063494,-0.3241305880338225,-0.3721463787738613,-0.4392337204521863,-0.6215337229638119,-0.7262907533888944,-0.08868832055244698,-0.14644994620869292,-0.6836718192926893,-0.8695173820242987,-0.48213091372934214,-0.2744148896886049,-0.6669977237100427,-0.6335308991018239,-0.7556364760252827,-0.7409429851520691,False,False,28.325251599483803
Edirne,2002,9,0.2974749271333441,32.672312774297964,11,3,2002-09-01,0.2193447657316066,0.3740988588743695,24.89643242742357,42.532933610188266,50.48665260805818,55.91030065264085,0.5,53.19847663034952,median,edirne,50.48665260805819,55.91030065264085,53.19847663034952,1.62784783499295,1.1839958129661072,0.114010170565784,-0.1597374664912221,-0.2761147431880855,1.767117181886467,1.7214841422165659,0.9862602356611647,0.869517382024299,0.1142902405778179,0.06258145102371986,-0.28321478627063407,-0.2744148896886049,-0.2895135459209686,-0.2572017876710413,False,False,28.325251599483803
Edirne,2002,10,0.338410511191034,23.21199382440276,10,3,2002-10-01,0.2152552748781966,0.3871591272349366,16.775228355909373,32.14921296752098,71.64192926710098,58.13209372128647,0.5,64.88701149419373,median,edirne,71.64192926710098,58.13209372128647,64.88701149419373,0.6776115091067659,1.3178451309721684,0.5518309680857013,0.4210941920276612,0.2601336465376557,0.6041204878662981,0.5964147284451815,1.3129631979799978,1.325626613166965,0.39080859454797406,0.3179814578594512,0.2733040180854947,0.407057982739885,0.22209025324483486,0.17041725549737824,False,False,28.325251599483803
Kirklareli,2002,6,0.3925885300151077,38.31653394954482,17,5,2002-06-01,0.3012678806275926,0.528383243387792,29.05835330150456,45.33031971721313,40.2089265462576,43.10349215628523,0.5,41.656209351271414,median,kirklareli,40.208926546257615,43.10349215628523,41.65620935127142,-0.5407906179183256,-1.6623417363584534,-1.806263721464628,-1.9977914337519629,-1.869398889048166,-0.6011443327760023,-0.4994934456429097,-1.2677087764964674,-1.3256266131669636,-1.7802907623924207,-1.721484142216565,-1.7346923416532374,-1.7135929008532067,-1.9822797773559961,-1.7135929008532067,True,False,28.325251599483803
Kirklareli,2002,7,0.3513134399240774,44.0887261015376,20,7,2002-07-01,0.2485369118494177,0.5420576872552342,29.544782826486998,48.64480564115659,35.015077870574146,23.85379108615373,0.5,29.43443447836394,median,kirklareli,35.015077870574146,23.853791086153738,29.43443447836394,1.154424772957745,-0.0610198626422653,-0.7658300123026178,-1.3442883969309445,-1.471496093285131,0.573437967670011,0.5473111231649046,-0.5477303166596329,-0.4994934456429097,-1.207714131587583,-1.3256266131669636,-1.4220761826745119,-1.7135929008532067,-1.596524706946281,-1.7135929008532067,False,False,28.325251599483803
Kirklareli,2002,8,0.3720447202819654,36.90997071239778,10,3,2002-08-01,0.2398971291224648,0.4850300345873192,31.684933185315188,45.96482627922851,53.908548470432514,63.40982742153919,0.5,58.65918794598585,median,kirklareli,53.908548470432535,63.40982742153919,58.65918794598586,0.7232544172409259,0.4419915813697712,-0.3023821571775441,-0.9963853001801912,-1.206716793688813,0.7841545198917791,0.8101899639922558,0.0760091145922288,0.06258145102371986,-0.4836127232299026,-0.45279189167182926,-1.0714638799263227,-0.9206378906748918,-1.345395577706628,-1.5529586332276093,False,False,28.325251599483803
Kirklareli,2002,9,0.3229232751911064,30.35085908557667,11,2,2002-09-01,0.2264392177848136,0.4263599730650386,25.16473562126994,41.53667351686312,48.26115091004582,68.32309347018307,0.5,58.29212219011444,median,kirklareli,48.261150910045835,68.32309347018307,58.292122190114455,2.281005177323972,2.408622982977449,1.44383490873737,0.4071117102287446,-0.2854645548461936,2.316024855888459,2.3528647678133265,2.211176078860216,2.3528647678133265,1.3183925270966703,1.325626613166965,0.23255813864017358,0.407057982739885,-0.4139974516105575,-0.48471925297706436,False,False,28.325251599483803
Kirklareli,2002,10,0.4107584921015044,23.51343358093233,10,3,2002-10-01,0.1889990885525008,0.4107584921015044,18.62167950061002,31.82191389321756,100.0,62.94191500825311,0.5,81.47095750412656,median,kirklareli,100.0,62.9419150082531,81.47095750412655,0.3254613744301678,1.8947002131386352,1.3359223207517188,0.9042473598771316,0.0653388085074427,0.21768073629201148,0.18873642550572778,2.008615527610951,1.7214841422165659,1.2972217935501762,1.2312477796813,0.7807226434754514,0.8101899639922558,0.022728473736669978,0.0,False,False,28.325251599483803
Luleburgaz,2002,6,0.4499540330158473,37.06044192938283,17,3,2002-06-01,0.3409911048494393,0.5448500175709519,20.665396881359143,43.24732335614259,53.45016644686024,27.39749167843788,0.5,40.42382906264906,median,luleburgaz,53.450166446860244,27.39749167843788,40.42382906264906,0.356756359138374,-1.4483225919276796,-1.643502358175619,-0.1060583065328258,-0.3818581073485426,-0.14913309675708236,-0.1887364255057275,-1.103127301049501,-0.998513120455002,-1.65181975435669,-1.2312477796812997,0.15609511632396253,0.12754191328099146,-0.4520161091639592,-0.345971670217235,True,False,28.325251599483803
Luleburgaz,2002,7,0.4027188081324864,43.63403577681881,20,3,2002-07-01,0.2861197837054355,0.525676930280443,29.38960752014221,46.93138124376206,48.67273888259588,18.79710409502889,0.5,33.73492148881238,median,luleburgaz,48.67273888259588,18.79710409502889,33.73492148881238,1.6468686979382687,0.6318098313730298,-0.0441027070821693,0.8912919647154045,0.2873239840761316,1.146189499511319,1.325626613166965,-0.13890155358698497,-0.10442384485535401,-0.544673846860905,-0.6992999406425684,0.8177750415807504,0.8576803159149204,0.08182578814592632,0.08489986218558768,False,False,28.325251599483803
Luleburgaz,2002,8,0.3647470802025159,36.59383890311917,10,2,2002-08-01,0.1897432281143768,0.4336564687796705,30.05982308745959,48.39365705434462,71.74840185420088,64.3608869401705,0.5,68.05464439718568,median,luleburgaz,71.7484018542009,64.3608869401705,68.05464439718571,0.2640177869229143,1.1558936660960957,0.0006670784442756,0.8052201041891599,0.3616897492085865,-0.4297909687578673,-0.2744148896886049,0.28833950228638844,0.231363264738605,-0.5274186533751573,-0.45279189167182926,0.5116459606057173,0.4847192529770645,0.13574610521347708,0.12754191328099146,False,False,28.325251599483803
Luleburgaz,2002,9,0.3446252064771623,26.46271045174389,11,1,2002-09-01,0.189633865438078,0.3446252064771623,24.782064321464777,44.39046628301203,100.0,91.4289490108632,0.5,95.71447450543161,median,luleburgaz,100.0,91.42894901086319,95.7144745054316,0.8109294604657133,1.3275825358530773,0.3133153895195713,-0.2756057380360907,0.4643817342249702,0.6645717772214745,0.5964147284451815,0.638852868313016,0.6470008337681494,-0.2860246717256842,-0.3621603567878177,-0.6731312399994948,-0.8101899639922557,0.25098424183882356,0.2572017876710414,False,False,28.325251599483803
Luleburgaz,2002,10,0.3409058538431931,26.180096266566213,10,2,2002-10-01,0.1841466817202477,0.3409058538431931,17.02123923135515,33.045756172758225,100.0,42.84472306589772,0.5,71.42236153294886,median,luleburgaz,100.0,42.84472306589772,71.42236153294886,-0.2323863340294629,0.0903075563853925,0.3341105406402567,-0.069731146525179,0.6648920937291871,-0.46046881496074404,-0.3621603567878177,-0.2797798182188179,-0.23136326473860486,-0.34271480459208997,-0.2744148896886049,-0.5446103441755443,-0.5473111231649045,0.35289759170280305,0.3913554652074412,False,False,28.325251599483803
Tekirdag,2002,6,0.4706682229792422,35.00940532439573,17,8,2002-06-01,0.3548692843060378,0.5418339664599165,21.08275464126619,42.242382375833,61.93626375803838,34.182912583198856,0.5,48.05958817061862,median,tekirdag,61.93626375803835,34.182912583198856,48.0595881706186,0.4936703502904105,-0.6256656753667632,-1.3341877379235942,0.2686325512600606,0.3047253607821429,0.2500708709062598,0.3179814578594512,-0.4342971877693937,-0.3179814578594511,-1.2806272167280588,-1.1467208607643733,0.3757896824442492,0.3459716702172352,0.22162542781308006,0.2572017876710414,False,False,28.325251599483803
Tekirdag,2002,7,0.418970511913769,40.12504629950611,20,9,2002-07-01,0.2996011031383021,0.5231666607488469,30.02835555617328,43.71619808000098,53.39346992948285,26.236068790559344,0.5,39.814769360021096,median,tekirdag,53.39346992948285,26.236068790559344,39.814769360021096,0.9381147192423764,0.0357113722754593,-0.3450542198741596,0.9158843182980252,0.4646282305333317,0.2605693897925942,0.231363264738605,-0.4147908140814839,-0.45279189167182926,-0.749118152193933,-0.8695173820242987,0.9776583404727517,1.0590423035404217,0.26273325065629055,0.3913554652074412,False,False,28.325251599483803
Tekirdag,2002,8,0.316951829684421,35.26038526842585,10,6,2002-08-01,0.2145976806432795,0.4339782774087779,33.14273610933887,46.82328926867245,46.655971653933705,84.52073439996678,0.5,65.58835302695024,median,tekirdag,46.65597165393367,84.52073439996678,65.58835302695023,1.0905202651929684,0.962427411808406,0.2726709369465839,0.7996383863807653,0.6128910859786102,0.8032952090934684,0.8101899639922558,0.4792761616237701,0.5473111231649046,-0.0546492877993096,-0.02084838541615085,0.7309841252433553,0.7409429851520696,0.4885426586731553,0.6335308991018241,False,False,28.325251599483803
Tekirdag,2002,9,0.2185655690919262,26.40771318071996,11,5,2002-09-01,0.1910186171295055,0.3434703364482764,26.40771318071996,42.414170237086566,18.06929569932959,100.0,0.5,59.03464784966479,median,tekirdag,18.069295699329604,100.0,59.0346478496648,1.9716571724001468,1.9824450124581043,1.5611506795367305,0.6288046460049111,1.144348248819718,1.8647231697587943,1.9439937268344982,1.719142418207158,1.561398281730852,1.361045231917336,1.325626613166965,0.403199328002025,0.5473111231649046,1.2285255108330482,1.1364912754190772,False,False,28.325251599483803
Tekirdag,2002,10,0.3009146090996686,23.420968022732595,10,4,2002-10-01,0.2011434514005603,0.3288378133341623,13.799725248551244,32.81187913608851,78.13278220614542,49.39425153460276,0.5,63.76351687037409,median,tekirdag,78.13278220614542,49.39425153460276,63.76351687037409,-0.2217738250878992,1.2813035557327592,1.065835498375716,0.8104645861965786,1.3412704966461788,-0.16722233929513172,-0.45279189167182926,1.219493412669632,0.9985131204550027,0.8309678499289589,0.7535860816623511,0.5995316421085686,0.5964147284451815,1.387542607205267,1.4246357618543775,False,False,28.325251599483803
Uzunkopru,2002,6,0.4114545402984694,38.0255468638775,17,8,2002-06-01,0.3278017154225964,0.5030639610561858,25.3569063809869,43.49734916614595,47.73008845884649,30.16355425869212,0.5,38.946821358769306,median,uzunkopru,47.730088458846474,30.16355425869212,38.9468213587693,-0.0521587949587866,-1.573847211561708,-1.293755015222379,-0.9397138381705364,-0.9742945648039208,-0.23846445231195876,-0.2744148896886049,-1.1646067452057611,-1.3256266131669636,-1.3194466791682662,-1.2312477796812997,-0.8794718564113075,-0.7409429851520691,-1.0937833481571388,-0.9874746312142068,True,False,28.325251599483803
Uzunkopru,2002,7,0.4037848592735783,41.636349039057095,20,10,2002-07-01,0.3090066548344354,0.4983037733049914,30.206773300306416,45.06194855960739,50.06848767953384,23.05997378526713,0.5,36.56423073240048,median,uzunkopru,50.06848767953384,23.059973785267132,36.56423073240049,2.0337233396199585,0.9684874398902856,0.269161359089491,0.284006777636404,-0.1843784474684121,1.955785898627119,1.561398281730852,0.758105453922476,0.7535860816623511,-0.03819453832327618,-0.06258145102371986,0.07549293160519163,0.08489986218558768,-0.4621087887106879,-0.43756036688567534,False,False,28.325251599483803
Uzunkopru,2002,8,0.4021539855857065,38.570627212572326,10,5,2002-08-01,0.2544562098730799,0.5451981560310377,32.8374973512725,46.303434212563246,50.80029822473003,57.42494621536278,0.5,54.112622220046404,median,uzunkopru,50.80029822473003,57.42494621536278,54.112622220046404,0.0552879197460864,1.2079799587026478,0.4626849657174265,0.4184812063521348,-0.1050109494136836,0.18498464000288634,0.274414889688605,1.0162405412809585,1.2312477796813,0.28172106406156605,0.231363264738605,0.25223043459412614,0.30128981766152896,-0.3296603539049882,-0.2572017876710413,False,False,28.325251599483803
Uzunkopru,2002,9,0.3443129488901563,31.99975809389059,11,5,2002-09-01,0.2300308150158601,0.4287520313380586,27.778661706012603,41.08830349723985,57.50877334053944,68.28542455094299,0.5,62.89709894574122,median,uzunkopru,57.508773340539435,68.28542455094299,62.89709894574121,1.114492530383215,1.651685532336916,0.6833787350972714,0.162065901721789,0.0389856952992899,1.1177263214092878,0.9985131204550027,1.5454006326177374,1.7214841422165659,0.6790674657617055,0.5964147284451815,0.016850383429406125,0.10442384485535429,-0.005900042775222487,-0.042411701021866303,False,False,28.325251599483803
Uzunkopru,2002,10,0.343135938173266,24.133460070630093,10,5,2002-10-01,0.2078011083839048,0.3833590486590971,17.404481016505297,30.74795713019401,77.08841284946713,49.57101885001527,0.5,63.329715849741206,median,uzunkopru,77.08841284946713,49.57101885001527,63.329715849741206,-0.110809254082938,0.3397630671862163,0.7076952363753851,0.2973609304066272,0.2954148063295169,-0.2567051568542293,-0.3179814578594511,0.32129589726026236,0.36216035678781794,0.6296176843604154,0.5473111231649046,0.1630579808220634,0.10442384485535429,0.25496191564255843,0.2572017876710414,False,False,28.325251599483803
Corlu,2003,6,0.3694958415604902,41.81771643367222,2,2,2003-06-01,0.3398058060169734,0.5550912779270141,24.8281463037949,41.81771643367222,13.79100748420362,0.0,0.5,6.89550374210181,median,corlu,13.79100748420362,0.0,6.89550374210181,-2.544207566561174,-1.4840602939075815,0.1070210265506587,-0.0487017750608499,1.026272240297167,-1.7495196552621144,-1.5613982817308512,-1.2984851230871377,-1.3256266131669636,0.1938105086179191,0.18873642550572778,-0.007059310606669685,0.0,0.9268261553497256,0.9206378906748922,True,True,28.829165287063226
Corlu,2003,7,0.3021926802289463,39.82187628757548,14,10,2003-07-01,0.2411567941070453,0.46871385428598,32.97320114614718,44.767587698768864,26.822233541735315,41.93275664764474,0.5,34.377495094690026,median,corlu,26.822233541735297,41.932756647644744,34.37749509469002,-0.0360515580886894,-2.2880653848599994,-0.5801170392126329,-0.0321343790343779,0.8449939313387408,-0.5136679504989056,-0.6470008337681493,-1.919895707713072,-1.9439937268344964,-0.42398864967439087,-0.3621603567878177,-0.039621861221857325,-0.12754191328099132,0.8500966584351197,0.7979517139723645,True,False,28.829165287063226
Corlu,2003,8,0.2797169669290997,41.264333152947465,14,8,2003-08-01,0.2114858986548909,0.3861276906492696,33.698988564166115,46.7417631923928,39.06915263238081,41.995895778121344,0.5,40.53252420525108,median,corlu,39.0691526323808,41.99589577812137,40.532524205251086,-0.8201850195192489,-1.8864739279365104,-2.03369842474146,-0.5908366559579882,0.417701942400885,-1.088081060175304,-1.3256266131669636,-1.6210490909597475,-1.5613982817308512,-1.569185762523453,-1.721484142216565,-0.6128957399299372,-0.5825199483025973,0.3433048048168316,0.3459716702172352,True,False,28.829165287063226
Corlu,2003,9,0.2351820335955418,32.35791979539468,17,12,2003-09-01,0.1993734068907274,0.3480665630985831,27.666430007419827,42.38830436288306,24.08222921487936,68.13252392529857,0.5,46.10737657008897,median,corlu,24.082229214879334,68.13252392529857,46.10737657008895,-0.2843846182382213,-0.9955293841347386,-1.9853447276769136,-0.4217823772726817,-0.390982727956423,-0.10369973897630218,-0.02084838541615085,-0.9213098551082085,-0.9320757000382391,-1.5877981470792444,-1.5613982817308512,-0.3814683781623654,-0.45279189167182926,-0.3788596261254821,-0.43756036688567534,False,False,28.829165287063226
Corlu,2003,10,0.2043799845603193,28.202059895311343,13,5,2003-10-01,0.1847029231834753,0.3357082850914537,18.0578755063624,35.57369742326176,13.030703763244556,42.08559303082557,0.5,27.558148397035062,median,corlu,13.030703763244555,42.085593030825585,27.55814839703507,1.239123932636958,0.5694962529237038,-0.7178696267427521,-0.0997745362437493,0.1619749394637155,1.2249343713575103,1.146720860764374,0.4494562187428551,0.407057982739885,-1.0540628395296456,-1.0696790361613442,-0.07616339444538302,0.02084838541615085,0.1473916635197021,0.08489986218558768,False,True,28.829165287063226
Edirne,2003,6,0.3487806070452495,44.3577027483714,2,1,2003-06-01,0.3257017645778581,0.543975793256036,27.434696048485225,44.3577027483714,10.573334174089338,0.0,0.5,5.286667087044669,median,edirne,10.57333417408936,0.0,5.28666708704468,-1.6382061117816162,0.0468306684712726,0.2086515491032132,0.5814144395305212,1.0334453507945118,-1.4931291304689767,-1.5613982817308512,-0.33651940358938076,-0.2744148896886049,0.13921392528469256,0.1464499462086932,0.5464678958536281,0.6335308991018241,1.0180741590889102,0.9206378906748922,False,True,28.829165287063226
Edirne,2003,7,0.2945819390819868,43.60450980476272,14,3,2003-07-01,0.2414503697484318,0.5612946498717422,31.965500733772664,46.739004736987454,16.61169907839872,21.217003979168727,0.5,18.914351528783723,median,edirne,16.61169907839874,21.217003979168727,18.914351528783733,0.6790566572814344,0.2054287979268108,-0.4444159518623333,0.529700206937947,1.0880815372914654,0.4377633386851995,0.6470008337681494,-0.43471002450639873,-0.2744148896886049,-0.4072036108570037,-0.4994934456429097,0.47790531458819735,0.43756036688567534,1.0995334705147888,1.0590423035404217,False,True,28.829165287063226
Edirne,2003,8,0.2835843803636488,41.95437106299969,14,5,2003-08-01,0.229021614478841,0.4581346810583013,33.579157128574245,46.14653160875334,23.814777000457312,33.35748888811587,0.5,28.58613294428659,median,edirne,23.81477700045733,33.35748888811587,28.586132944286597,-0.2866411379180736,-0.5964063120904218,-0.5311551788168191,0.0233548528523267,1.0753588872855255,-0.6610766923121926,-0.6470008337681493,-1.0455093091495626,-0.998513120455002,-0.6570892655249769,-0.6992999406425684,-0.14348306274549383,0.08489986218558768,1.0601491221103012,0.9206378906748922,True,True,28.829165287063226
Edirne,2003,9,0.2491674552943807,34.96251693834783,17,6,2003-09-01,0.2193447657316066,0.3740988588743695,24.89643242742357,42.532933610188266,19.27101826977996,42.92470821388676,0.5,31.09786324183336,median,edirne,19.271018269779933,42.92470821388676,31.097863241833345,0.11563597767506,0.0368723695405503,-0.1126417243878215,0.0790568686381976,0.4313201291440787,0.14858386712883342,0.18873642550572778,-0.1929494527779966,0.10442384485535429,-0.3486219580231885,-0.1887364255057275,-0.01605651941954224,0.02084838541615085,0.3450841882872755,0.4847192529770645,False,False,28.829165287063226
Edirne,2003,10,0.2220003315798835,25.91149205192821,13,3,2003-10-01,0.2152552748781966,0.3871591272349366,16.775228355909373,32.14921296752098,3.923737955382965,40.57322205774531,0.5,22.24848000656414,median,edirne,3.923737955382965,40.57322205774531,22.24848000656414,1.0834189246319843,0.601270534424971,0.4705939536615372,-0.0194961733994094,0.6695901798068035,1.1614809658391945,0.9985131204550027,0.5286774243379638,0.4527918916718295,0.10550454254841284,0.06258145102371986,-0.01740268755777144,-0.06258145102371986,0.5900110468434395,0.7409429851520696,False,True,28.829165287063226
Kirklareli,2003,6,0.3185591909579132,45.33031971721313,2,1,2003-06-01,0.3012678806275926,0.528383243387792,29.05835330150456,45.33031971721313,7.613448126174385,0.0,0.5,3.8067240630871924,median,kirklareli,7.613448126174408,0.0,3.806724063087204,-0.593042071780114,0.4642584614057317,0.5868294831137609,0.2417801074262893,1.3280621328226336,-0.9939552972511482,-0.998513120455002,0.02414931397525137,0.10442384485535429,0.5627265832576515,0.6992999406425686,0.19778650780396995,0.21360832941705765,1.3435049861974657,1.1364912754190772,False,True,28.829165287063226
Kirklareli,2003,7,0.302997364381897,41.15969907421704,14,4,2003-07-01,0.2485369118494177,0.5420576872552342,29.544782826486998,48.64480564115659,18.55420709392149,39.18899280680798,0.5,28.871599950364736,median,kirklareli,18.55420709392147,39.18899280680799,28.87159995036473,0.7068149491331661,0.1153937628736233,-0.0623076446746072,0.3577501920746627,1.2276504699054185,0.37319954156298996,0.4527918916718295,-0.6488628413970408,-0.5964147284451813,-0.21622253218594387,-0.3179814578594511,0.28209094700622267,0.30128981766152896,1.284974316689663,1.3162444282273542,False,False,28.829165287063226
Kirklareli,2003,8,0.2975080006551711,42.73624892347126,14,5,2003-08-01,0.2398971291224648,0.4850300345873192,31.684933185315188,45.96482627922851,23.501892340180376,22.609254386739103,0.5,23.05557336345974,median,kirklareli,23.5018923401804,22.609254386739106,23.055573363459754,-0.7449719876434246,-0.5046885075059119,-0.300817603930522,0.0763460109405771,1.0503279465485702,-1.2926479106524922,-1.721484142216565,-1.1345080738564566,-1.1467208607643733,-0.6682121399987149,-0.6470008337681493,-0.1539681789716541,-0.345971670217235,1.013335862385446,0.9874746312142068,True,True,28.829165287063226
Kirklareli,2003,9,0.2596075366904049,34.56160716893369,17,6,2003-09-01,0.2264392177848136,0.4263599730650386,25.16473562126994,41.53667351686312,16.590733092769632,42.60379188102651,0.5,29.59726248689807,median,kirklareli,16.590733092769657,42.60379188102651,29.59726248689808,-0.0899562301061858,-0.2129841726247356,0.0667618716194593,0.3319624410156839,0.0678760260572204,0.14882067108837502,0.231363264738605,-0.3650218727391025,-0.3179814578594511,-0.4014735898779983,-0.4070579827398848,0.16160874476094508,0.3179814578594512,-0.1050602232517869,-0.08489986218558754,False,False,28.829165287063226
Kirklareli,2003,10,0.2325293210464674,24.477749561723247,13,3,2003-10-01,0.1889990885525008,0.4107584921015044,18.62167950061002,31.82191389321756,19.62948664061835,55.63662063157931,0.5,37.63305363609883,median,kirklareli,19.62948664061835,55.636620631579305,37.63305363609883,1.019635719357273,0.366485810507533,0.2332338600807512,0.0893153078692542,0.3919983207062036,1.066416335521661,0.9320757000382391,0.2789719791273592,0.274414889688605,-0.33305800938795693,-0.3621603567878177,-0.04111744849244813,0.02084838541615085,0.26903036977039874,0.21360832941705765,False,False,28.829165287063226
Luleburgaz,2003,6,0.3937672237357794,43.023223968673314,2,1,2003-06-01,0.3409911048494393,0.5448500175709519,20.665396881359143,43.24732335614259,25.88855114636879,0.9923838327944182,0.5,13.440467489581604,median,luleburgaz,25.88855114636879,0.9923838327944182,13.440467489581604,-3.474983638165931,-0.5178909858593358,-0.7652570171975376,-0.7739145399593841,-0.0580633817909321,-2.523273779027825,-2.3528647678133234,-1.0872731201399521,-0.9320757000382391,-0.9446272951724668,-0.998513120455002,-0.878004248320557,-0.6862467686859733,-0.5163072264053754,-0.43756036688567534,True,True,28.829165287063226
Luleburgaz,2003,7,0.3059504507717834,40.9505230231193,14,2,2003-07-01,0.2861197837054355,0.525676930280443,29.38960752014221,46.93138124376206,8.278052794446161,34.094945670115344,0.5,21.186499232280752,median,luleburgaz,8.278052794446161,34.094945670115344,21.186499232280752,-0.4572337901152081,-2.053505595370472,-1.237842250575783,-0.8036040764353669,-0.711362902341546,-1.8070009146181434,-1.9439937268344964,-2.389801716136592,-2.3528647678133234,-1.597455141243496,-1.5613982817308512,-1.2603171093412455,-1.1364912754190764,-1.079539934866585,-1.0590423035404213,True,True,28.829165287063226
Luleburgaz,2003,8,0.2854387011199644,42.76897608775319,14,2,2003-08-01,0.1897432281143768,0.4336564687796705,30.05982308745959,48.39365705434462,39.23340641310419,30.679240232844123,0.5,34.95632332297416,median,luleburgaz,39.233406413104184,30.679240232844123,34.95632332297416,-0.7242651151482244,-2.0857063924259585,-1.5643233085109645,-1.5669921722764837,-0.7959383901187578,-1.898813111113298,-1.9439937268344964,-2.476538325151041,-2.3528647678133234,-2.188751004563786,-1.9439937268344964,-2.053023076239805,-1.9367654674157944,-1.31487305323735,-1.3162444282273533,True,False,28.829165287063226
Luleburgaz,2003,9,0.2419849806720917,34.12396968216627,17,3,2003-09-01,0.189633865438078,0.3446252064771623,24.782064321464777,44.39046628301203,33.77679997027204,52.35764046952277,0.5,43.06722021989741,median,luleburgaz,33.77679997027206,52.35764046952277,43.067220219897415,-0.7838406773788182,-1.2343804027288807,-1.3260623359373538,-1.246113474083815,-1.100763966617704,-0.8165647132834292,-0.8101899639922557,-1.8720658635158556,-1.721484142216565,-2.0914850391416855,-1.9439937268344964,-1.841664025857888,-1.5613982817308512,-1.5297337901967527,-1.4246357618543768,True,False,28.829165287063226
Luleburgaz,2003,10,0.2267557941812338,27.346515192851875,13,1,2003-10-01,0.1841466817202477,0.3409058538431931,17.02123923135515,33.045756172758225,27.181256371759847,35.56575839850143,0.5,31.373507385130637,median,luleburgaz,27.181256371759847,35.56575839850143,31.373507385130637,0.9061184755700497,0.2269916638662998,-0.8847355474056643,-0.7301808768344725,-0.6071452110188658,0.7126136116024157,0.6470008337681494,-0.6331390211636062,-0.6470008337681493,-1.978308136887236,-1.721484142216565,-1.438816339878582,-1.3256266131669636,-1.1810702106147342,-1.1364912754190764,False,False,28.829165287063226
Tekirdag,2003,6,0.3984218283568322,41.79903440086145,2,2,2003-06-01,0.3548692843060378,0.5418339664599165,21.08275464126619,42.242382375833,23.29453004121341,2.0952541345861637,0.5,12.694892087899786,median,tekirdag,23.29453004121338,2.0952541345861633,12.694892087899772,-0.9340524031159582,-0.5165980540672509,0.4602901748448599,-0.1948082183763864,0.8316474504268052,-1.3006553064047859,-1.3256266131669636,-0.5396090846337016,-0.4070579827398848,0.5739274525093204,0.4527918916718295,-0.15335747112551856,-0.17041725549737796,0.7776966180372723,0.7409429851520696,False,True,28.829165287063226
Tekirdag,2003,7,0.3487035123618136,38.73226666638776,14,4,2003-07-01,0.2996011031383021,0.5231666607488469,30.02835555617328,43.71619808000098,21.963315704044533,36.4113731213464,0.5,29.187344412695467,median,tekirdag,21.963315704044508,36.411373121346394,29.187344412695452,0.7288365665888992,-1.2322583510710086,0.201663935765412,0.1092850765458936,0.7989553482518458,0.41218190453128745,0.4994934456429099,-1.337993225447106,-1.2312477796812997,0.24788621295687813,0.231363264738605,0.13967660021865588,0.17041725549737824,0.7794543588093413,0.7409429851520696,True,False,28.829165287063226
Tekirdag,2003,8,0.3097707781474659,42.41341622079407,14,5,2003-08-01,0.2145976806432795,0.4339782774087779,33.14273610933887,46.82328926867245,43.38264135816869,32.23461066608798,0.5,37.808626012128336,median,tekirdag,43.38264135816869,32.23461066608798,37.808626012128336,1.6511741794990966,0.6038603162938581,-0.0454709285899989,0.4024264379230998,0.9046869261281588,1.2301513328749798,1.146720860764374,0.01521653164728285,0.06258145102371986,-0.10921442284455321,-0.14644994620869292,0.4270939118560059,0.3459716702172352,0.8692932060283574,0.9206378906748922,False,False,28.829165287063226
Tekirdag,2003,9,0.2385468807572895,32.915284242086486,17,8,2003-09-01,0.1910186171295055,0.3434703364482764,26.40771318071996,42.414170237086566,31.175944646714168,59.34408821108776,0.5,45.26001642890096,median,tekirdag,31.17594464671413,59.34408821108776,45.26001642890094,0.4973284288789519,1.0278693351957495,0.5004783618113468,0.884581824410788,0.2077417574871135,0.539354235976636,0.6470008337681494,0.8085789874470654,0.869517382024299,0.26101022855327516,0.18873642550572778,0.9497990074803266,0.9985131204550027,0.22961026067145326,0.2572017876710414,False,False,28.829165287063226
Tekirdag,2003,10,0.2089637961907161,26.51951419993304,13,3,2003-10-01,0.2011434514005603,0.3288378133341623,13.799725248551244,32.81187913608851,6.124267878187272,33.09653905273826,0.5,19.610403465462767,median,tekirdag,6.124267878187272,33.09653905273826,19.610403465462767,0.9674761516446012,1.1479700267230024,0.5561267781273755,0.944529567328062,0.6641810490772877,0.8763612398296655,0.869517382024299,1.0423165480291923,0.869517382024299,0.22361000500795136,0.3179814578594512,1.061994549119421,1.0696790361613444,0.6418547052857092,0.6862467686859735,False,True,28.829165287063226
Uzunkopru,2003,6,0.3750354172645579,43.49734916614595,2,2,2003-06-01,0.3278017154225964,0.5030639610561858,25.3569063809869,43.49734916614595,26.95030048896572,0.0,0.5,13.47515024448286,median,uzunkopru,26.950300488965706,0.0,13.475150244482853,0.3368990365833292,0.7630101502759119,0.2420862777939625,0.2320426973249206,0.915512041636978,-0.17951001792295526,-0.23136326473860486,0.5473468850288148,0.5473111231649046,0.2766352971954078,0.231363264738605,0.2401608552444052,0.43756036688567534,0.899231341935937,0.9874746312142068,False,True,28.829165287063226
Uzunkopru,2003,7,0.3309077724955495,41.45207937180863,14,6,2003-07-01,0.3090066548344354,0.4983037733049914,30.206773300306416,45.06194855960739,11.569704725600808,24.30041466887833,0.5,17.935059697239566,median,uzunkopru,11.569704725600808,24.30041466887833,17.935059697239566,-0.2170740305201708,0.1930690269207719,-0.2742382469003492,0.2904258976263371,0.3070544847771927,-0.4510218827556541,-0.5473111231649045,-0.3079684885176037,-0.45279189167182926,-0.229905596895076,-0.23136326473860486,0.1491566615920408,0.17041725549737824,0.2033889403834038,0.12754191328099146,False,True,28.829165287063226
Uzunkopru,2003,8,0.3006419859374207,41.74839118562409,14,7,2003-08-01,0.2544562098730799,0.5451981560310377,32.8374973512725,46.303434212563246,15.885487689226805,33.82641010320724,0.5,24.855948896217022,median,uzunkopru,15.885487689226805,33.82641010320724,24.855948896217022,-0.5192170775932549,-0.2651334580521774,-0.4190043249130356,-0.4859757131539689,0.2570417381928387,-0.9628266895375037,-0.9320757000382391,-0.816098998157654,-0.8695173820242987,-0.5414772966555077,-0.45279189167182926,-0.5999272015711369,-0.5825199483025973,0.017671909538690175,0.08489986218558768,False,True,28.829165287063226
Uzunkopru,2003,9,0.2544669769066856,33.8856142288814,17,9,2003-09-01,0.2300308150158601,0.4287520313380586,27.778661706012603,41.08830349723985,12.296705074110324,54.116326955590495,0.5,33.20651601485041,median,uzunkopru,12.296705074110323,54.116326955590495,33.20651601485041,0.1777701715181006,-0.44363146646675,0.1508440907523195,-0.1054182795333224,-0.0278722577814463,0.2833080283286478,0.3179814578594512,-0.5432590610169682,-0.4994934456429097,-0.11162013950810765,-0.06258145102371986,-0.16112243876554713,-0.06258145102371986,-0.07331882374082069,-0.21360832941705765,False,False,28.829165287063226
Uzunkopru,2003,10,0.2295694453282965,25.03310638137333,13,5,2003-10-01,0.2078011083839048,0.3833590486590971,17.404481016505297,30.74795713019401,12.399517168103698,42.82880038251778,0.5,27.614158775310738,median,uzunkopru,12.399517168103698,42.828800382517784,27.61415877531074,0.6997151662500268,0.2912685603079148,0.2121190397192113,-0.1212332223960301,0.2769406966584075,0.66238687783008,0.6470008337681494,0.15604376612031973,0.1464499462086932,-0.053065789244101456,-0.06258145102371986,-0.10174702232933786,-0.06258145102371986,0.23142112398067818,0.17041725549737824,False,True,28.829165287063226
Corlu,2004,6,0.4669255419996164,29.76653862368704,16,11,2004-06-01,0.3398058060169734,0.5550912779270141,24.8281463037949,41.81771643367222,59.04705731177314,70.93280005238248,0.5,64.9899286820778,median,corlu,59.04705731177314,70.93280005238248,64.9899286820778,0.7439814603290993,-0.2558175047711001,0.151657732917146,0.0847084469235796,-0.2845516440639864,0.6842399856600044,0.8101899639922558,-0.07775052629922162,-0.14644994620869292,0.17266950847922913,0.1464499462086932,0.08431236033550112,0.08489986218558768,-0.32304334508752947,-0.3012898176615288,False,False,28.56938624718485
Corlu,2004,7,0.3827571476184113,37.94124492942712,19,13,2004-07-01,0.2411567941070453,0.46871385428598,32.97320114614718,44.767587698768864,62.226306404214185,57.87789588619486,0.5,60.05210114520452,median,corlu,62.22630640421419,57.87789588619486,60.052101145204524,-0.1329263648166371,0.0092700291468972,-0.5468974905290359,-0.5961215358654469,-0.294399023730608,-0.07921097630286682,-0.02084838541615085,0.09695908094939741,0.231363264738605,-0.3889870754815517,-0.3179814578594511,-0.5414175709433146,-0.48471925297706436,-0.230488824591126,-0.3012898176615288,False,False,28.56938624718485
Corlu,2004,8,0.3056931214760272,41.28198106874126,15,10,2004-08-01,0.2114858986548909,0.3861276906492696,33.698988564166115,46.7417631923928,53.94311507303395,41.860587791156654,0.5,47.9018514320953,median,corlu,53.94311507303394,41.86058779115668,47.90185143209531,2.748835016735664,1.838064634656425,1.3074185577380182,0.822591566834081,0.6620650645188414,2.6635684434593454,2.3528647678133265,2.1254310723291416,1.7214841422165659,1.3543024796446423,1.325626613166965,0.946411661791596,0.9206378906748922,0.79606127572942,0.7409429851520696,False,False,28.56938624718485
Corlu,2004,9,0.2776128419254081,33.75014458702216,18,12,2004-09-01,0.1993734068907274,0.3480665630985831,27.666430007419827,42.38830436288306,52.61804714489421,58.67567924634073,0.5,55.64686319561747,median,corlu,52.6180471448942,58.67567924634073,55.64686319561746,-1.464483452795828,1.2878912378758365,0.7891278240152803,0.8181279171523889,0.5488196078600966,-1.0610837797321655,-1.0696790361613442,1.2693878279249378,1.2312477796813,0.9796932614205675,0.8101899639922558,0.9100197198892666,0.9985131204550027,0.6051781120518747,0.6335308991018241,False,False,28.56938624718485
Corlu,2004,10,0.2689022846545856,26.22228171046983,9,7,2004-10-01,0.1847029231834753,0.3357082850914537,18.0578755063624,35.57369742326176,55.75918656611731,53.388392261339625,0.5,54.57378941372846,median,corlu,55.75918656611731,53.38839226133965,54.57378941372848,-0.8353164741938593,0.8138872288641346,0.4985955737600512,0.1036274681031164,-0.1473341151565753,-1.2633328264088224,-1.0696790361613442,0.6130103501584243,0.5964147284451815,0.5105648433823103,0.407057982739885,0.05635809369092261,0.231363264738605,-0.1460074192950893,-0.2572017876710413,False,False,28.56938624718485
Edirne,2004,6,0.4484000632408921,34.645012464959215,16,5,2004-06-01,0.3257017645778581,0.543975793256036,27.434696048485225,44.3577027483714,56.21296285502649,57.393408013467926,0.5,56.80318543424721,median,edirne,56.2129628550265,57.393408013467926,56.80318543424721,1.397002564214012,0.6117449073357701,-0.365763247809501,-0.498775039995128,-0.5244392831253619,1.4774188645843709,1.4335644069425781,0.7345231948721286,0.8101899639922558,-0.2640885521396635,-0.3179814578594511,-0.35739578639640046,-0.3012898176615288,-0.3484258373568555,-0.345971670217235,False,False,28.56938624718485
Edirne,2004,7,0.3702759045613344,41.71111166269225,19,7,2004-07-01,0.2414503697484318,0.5612946498717422,31.965500733772664,46.739004736987454,40.277579690728295,34.033179083317755,0.5,37.155379387023025,median,edirne,40.27757969072832,34.033179083317755,37.15537938702303,0.3629437508774026,1.1696369231733277,-0.3411676662152872,-1.023773911514778,-0.6072849226667891,0.3470291434778881,0.5473111231649046,1.3466754858698382,1.146720860764374,-0.1471596249146177,-0.02084838541615085,-0.7415386385262435,-0.6335308991018239,-0.35413424043320396,-0.3012898176615288,False,False,28.56938624718485
Edirne,2004,8,0.3255108662531295,43.933125999788594,15,6,2004-08-01,0.229021614478841,0.4581346810583013,33.579157128574245,46.14653160875334,42.11425093069687,17.612315225074806,0.5,29.86328307788584,median,edirne,42.11425093069688,17.612315225074806,29.863283077885846,0.2872781263743326,1.0249253572384367,0.2233971592154612,-0.4347406553727489,-0.4908904232840421,0.33952307623548017,0.36216035678781794,1.133770226132295,1.146720860764374,0.48164823807949403,0.5473111231649046,-0.24005771697195716,-0.12754191328099132,-0.1831273119554236,-0.12754191328099132,False,False,28.56938624718485
Edirne,2004,9,0.2747500661590033,37.10611677643742,18,6,2004-09-01,0.2193447657316066,0.3740988588743695,24.89643242742357,42.532933610188266,35.80215508502543,30.770370934197626,0.5,33.28626300961153,median,edirne,35.802155085025454,30.770370934197626,33.28626300961154,-1.7275947258008484,-0.4166798905407373,-0.0174835809840609,-0.6463048360866587,-0.7133273937901399,-0.9477226691068553,-0.998513120455002,-0.3192756342605401,-0.1887364255057275,0.3092934011188503,0.36216035678781794,-0.3907702761911014,-0.4994934456429097,-0.44705506254076066,-0.43756036688567534,False,False,28.56938624718485
Edirne,2004,10,0.254242547997117,28.32189406128357,9,1,2004-10-01,0.2152552748781966,0.3871591272349366,16.775228355909373,32.14921296752098,22.6796971588588,24.894775186302244,0.5,23.78723617258052,median,edirne,22.679697158858797,24.894775186302244,23.78723617258052,-1.2614096335369729,-1.6833894333753314,-0.1131062021706534,-1.2050793148455057,-1.682676280266579,-1.6742916245106465,-1.721484142216565,-1.3692252176039759,-1.3256266131669636,0.05329555708322627,0.02084838541615085,-0.8980400073027517,-0.8695173820242987,-1.2468050191241011,-1.3162444282273533,True,True,28.56938624718485
Kirklareli,2004,6,0.4358283739946663,33.68852595793413,16,5,2004-06-01,0.3012678806275926,0.528383243387792,29.05835330150456,45.33031971721313,59.24764037611577,71.54509456238974,0.5,65.39636746925275,median,kirklareli,59.24764037611578,71.54509456238974,65.39636746925277,1.6080980205751685,0.8970646155795329,0.1760592579145742,-0.2715995842337059,-0.391095731752796,1.6057058834460536,1.4335644069425781,1.1366238586280115,0.9985131204550027,0.3034691006586603,0.10442384485535429,-0.17210803512267564,-0.08489986218558754,-0.3797216732028705,-0.3913554652074409,False,False,28.56938624718485
Kirklareli,2004,7,0.4141303301967073,39.57067368285736,19,7,2004-07-01,0.2485369118494177,0.5420576872552342,29.544782826486998,48.64480564115659,56.41625132610909,47.50848753609825,0.5,51.96236943110367,median,kirklareli,56.41625132610909,47.508487536098265,51.96236943110368,0.5228781737937478,1.318974328059372,0.0218453144437717,-0.6879330036902518,-0.4463763178937861,0.590542270170019,0.5964147284451815,1.6500984775317267,1.561398281730852,0.2349244646395717,0.18873642550572778,-0.4984196176961501,-0.48471925297706436,-0.31835427048396425,-0.17041725549737796,False,False,28.56938624718485
Kirklareli,2004,8,0.3762365814194833,40.86250257124543,15,6,2004-08-01,0.2398971291224648,0.4850300345873192,31.684933185315188,45.96482627922851,55.6185845545595,35.730825675143905,0.5,45.674705114851704,median,kirklareli,55.61858455455952,35.730825675143905,45.67470511485171,1.8089149381980327,2.032638367288955,1.3066107464943175,0.3826704238974294,0.1101152128973364,1.8770007851706147,1.7214841422165659,2.3398240793293805,2.3528647678133265,1.5235139953188193,1.561398281730852,0.6201072297312031,0.6335308991018241,0.4094553199616379,0.4847192529770645,False,False,28.56938624718485
Kirklareli,2004,9,0.3127953253337598,36.08692753652828,18,6,2004-09-01,0.2264392177848136,0.4263599730650386,25.16473562126994,41.53667351686312,43.19516871967722,33.28711613181567,0.5,38.241142425746446,median,kirklareli,43.195168719677234,33.28711613181567,38.24114242574645,-1.4394634658542138,0.7409784039426327,1.1051975866373882,0.4519489472026499,-0.0254901595867893,-0.9211407237042016,-0.998513120455002,0.8352481718307513,0.7535860816623511,1.3622318524192534,1.4335644069425781,0.7851522206510606,0.8101899639922558,0.20983638524656403,0.30128981766152896,False,False,28.56938624718485
Kirklareli,2004,10,0.2494992873633285,27.4239151730251,9,2,2004-10-01,0.1889990885525008,0.4107584921015044,18.62167950061002,31.82191389321756,27.281909061167983,33.317580501869344,0.5,30.299744781518662,median,kirklareli,27.281909061167983,33.31758050186933,30.299744781518655,-0.9692572786016976,-0.0797660804868244,0.7411008833213641,-0.1338476645365587,-0.747073786472462,-1.420080023390505,-1.3256266131669636,-0.13833640230907968,-0.14644994620869292,0.8628273703012594,0.9985131204550027,0.03258135530280814,0.18873642550572778,-0.6404943671444209,-0.5825199483025973,False,False,28.56938624718485
Luleburgaz,2004,6,0.5312479588396016,32.341584742694124,16,2,2004-06-01,0.3409911048494393,0.5448500175709519,20.665396881359143,43.24732335614259,93.32770956650214,48.29410203609764,0.5,70.8109058012999,median,luleburgaz,93.32770956650214,48.29410203609764,70.8109058012999,0.5547490797856758,-0.5297424058696086,-0.772889664036421,-0.8366615584323742,-1.2410661797302178,-0.01074939993334347,0.02084838541615085,-0.67701746649365,-0.5964147284451813,-0.9039835594759578,-0.9320757000382391,-1.0538844820914486,-1.0590423035404213,-1.7906582774701931,-1.9367654674157944,False,False,28.56938624718485
Luleburgaz,2004,7,0.3938515997570844,37.60530207994792,19,4,2004-07-01,0.2861197837054355,0.525676930280443,29.38960752014221,46.93138124376206,44.97123863425092,53.164972429536334,0.5,49.06810553189363,median,luleburgaz,44.971238634250916,53.164972429536334,49.06810553189362,0.5720398917550118,0.3687867355675163,-1.0587083707656408,-1.2744012757996748,-1.0044498275016662,-0.11034860011749106,-0.10442384485535401,-0.19616681800234553,-0.1887364255057275,-1.2821922420017504,-1.2312477796812997,-1.6219489458763645,-1.4246357618543768,-1.4238142001028868,-1.3162444282273533,False,False,28.56938624718485
Luleburgaz,2004,8,0.3015351851015186,42.472235155661565,15,4,2004-08-01,0.1897432281143768,0.4336564687796705,30.05982308745959,48.39365705434462,45.83267258563737,32.297782937155745,0.5,39.06522776139656,median,luleburgaz,45.83267258563739,32.297782937155745,39.06522776139657,0.4928551415296651,0.5534561623684127,-0.2855246938090703,-0.7147135345404447,-0.8601756785006743,-0.6655564060656245,-0.5473111231649045,-0.4939092689948839,-0.5473111231649045,-0.8361655889868467,-0.8101899639922557,-1.1145210121788045,-0.9874746312142068,-1.2027906938149149,-1.2214345945270093,False,False,28.56938624718485
Luleburgaz,2004,9,0.252424202876359,37.667614968449584,18,3,2004-09-01,0.189633865438078,0.3446252064771623,24.782064321464777,44.39046628301203,40.51215830337715,34.28556456434434,0.5,37.398861433860745,median,luleburgaz,40.51215830337717,34.28556456434434,37.39886143386076,-2.256591195537411,-0.1820524444339878,-0.69039181254558,-0.8184215137237009,-0.86215812159264,-1.9163977957043195,-1.9439937268344964,-1.1040972213516163,-0.998513120455002,-1.3865131202208314,-1.1467208607643733,-1.3494486033912088,-1.3256266131669636,-1.2935736376311986,-1.3162444282273533,True,False,28.56938624718485
Luleburgaz,2004,10,0.234306316619188,29.908126866078582,9,1,2004-10-01,0.1841466817202477,0.3409058538431931,17.02123923135515,33.045756172758225,31.997894744940574,19.580180283455817,0.5,25.789037514198196,median,luleburgaz,31.997894744940574,19.580180283455817,25.789037514198196,-0.8795209816568051,-1.2715928135761445,-0.6015474368528144,-1.4708782636412836,-1.6236431624150804,-1.6417997864825604,-1.4335644069425781,-1.7604018817411462,-1.9439937268344964,-1.4912220790078445,-1.4335644069425781,-1.9711093938216637,-1.721484142216565,-1.8265678807837378,-1.9367654674157944,True,True,28.56938624718485
Tekirdag,2004,6,0.5095459474970175,28.15575595072184,16,5,2004-06-01,0.3548692843060378,0.5418339664599165,21.08275464126619,42.242382375833,82.73041807097835,66.57312974414458,0.5,74.65177390756146,median,tekirdag,82.73041807097835,66.57312974414458,74.65177390756146,1.7397846602299905,1.1032866294100367,1.6130652309846467,0.892207235628808,1.1295783825395913,1.9888632879243042,1.7214841422165659,1.1659633043078421,1.0696790361613444,1.8867400717775629,1.9439937268344982,1.0702628390635418,0.9874746312142068,1.0999220450877456,1.0590423035404217,False,False,28.56938624718485
Tekirdag,2004,7,0.4229170161759056,37.021921319369255,19,8,2004-07-01,0.2996011031383021,0.5231666607488469,30.02835555617328,43.71619808000098,55.15872585902614,48.90673419845659,0.5,52.03273002874137,median,tekirdag,55.15872585902612,48.90673419845659,52.032730028741355,0.1978429923555579,1.3030219752223169,0.695813706752844,0.5730519381137398,1.0578159200763342,0.18555908137339416,0.18873642550572778,1.4621390022028158,1.4335644069425781,0.7334895398964243,0.6992999406425686,0.7561970204455957,0.7979517139723645,1.0924550123046948,1.1364912754190772,False,False,28.56938624718485
Tekirdag,2004,8,0.3015991459484311,41.54420129115347,15,7,2004-08-01,0.2145976806432795,0.4339782774087779,33.14273610933887,46.82328926867245,39.65777584156621,38.58826405654008,0.5,39.123019949053145,median,tekirdag,39.65777584156621,38.588264056540076,39.123019949053145,1.895957385007404,1.846526789643113,1.5426761247250451,1.409147602306422,1.0948884487582005,1.9199334515831379,1.9439937268344982,2.181302127702432,2.3528647678133265,1.6316848560081323,1.561398281730852,1.642227494706409,1.5529586332276095,1.2676310522483274,1.1364912754190772,False,False,28.56938624718485
Tekirdag,2004,9,0.2442951535924958,36.10397939779917,18,7,2004-09-01,0.1910186171295055,0.3434703364482764,26.40771318071996,42.414170237086566,34.94649761974217,39.42278304977866,0.5,37.18464033476042,median,tekirdag,34.946497619742175,39.42278304977866,37.18464033476042,-1.6448536269514729,0.4257261576941026,0.8817633143275414,1.381075217584468,0.8355011332507782,-0.7804454742301934,-0.9320757000382391,0.5278439302194363,0.5473111231649046,1.0471525128319612,1.2312477796813,1.6233781475334754,1.561398281730852,1.077241348373003,1.0590423035404217,False,False,28.56938624718485
Tekirdag,2004,10,0.2188093521594078,26.85344037775268,9,4,2004-10-01,0.2011434514005603,0.3288378133341623,13.799725248551244,32.81187913608851,13.834518996252452,31.34015637355885,0.5,22.587337684905652,median,tekirdag,13.834518996252429,31.340156373558855,22.58733768490564,-1.000314522307996,-0.2514158771808643,0.3867358806783296,0.138783218674885,0.2496285910372577,-1.202471983930594,-0.998513120455002,-0.2344823202733728,-0.1887364255057275,0.45837672977676913,0.5473111231649046,0.24168387982685277,0.3179814578594512,0.3204364108464147,0.3459716702172352,False,True,28.56938624718485
Uzunkopru,2004,6,0.4679503015912182,34.19973305583858,16,8,2004-06-01,0.3278017154225964,0.5030639610561858,25.3569063809869,43.49734916614595,79.96507500059218,51.25352352432038,0.5,65.60929926245628,median,uzunkopru,79.96507500059217,51.25352352432038,65.60929926245628,0.5086587582976592,-0.670071119383772,-0.5139999099759832,-1.0169504521953816,-1.121834969326608,0.5431080464562805,0.5964147284451815,-0.4041766209367788,-0.3621603567878177,-0.4006274128312759,-0.4070579827398848,-0.8327768208452629,-0.6862467686859733,-0.9471299270349408,-0.7979517139723642,False,False,28.56938624718485
Uzunkopru,2004,7,0.4053003282375502,39.89996614888954,19,11,2004-07-01,0.3090066548344354,0.4983037733049914,30.206773300306416,45.06194855960739,50.86906455900049,34.74871430739856,0.5,42.808889433199525,median,uzunkopru,50.86906455900049,34.74871430739856,42.808889433199525,-0.1388110314697424,-0.1051051011654415,-1.290148637261904,-1.440307708604577,-1.1437589575179548,0.013382755043333253,0.231363264738605,0.27841296057722986,0.407057982739885,-0.9119818471071981,-0.8695173820242987,-1.0908895893066046,-0.9874746312142068,-0.9027711212572864,-0.7409429851520691,False,False,28.56938624718485
Uzunkopru,2004,8,0.3082993632024451,45.969483436482776,15,9,2004-08-01,0.2544562098730799,0.5451981560310377,32.8374973512725,46.303434212563246,18.51922436403885,2.479966893654815,0.5,10.499595628846832,median,uzunkopru,18.51922436403885,2.479966893654815,10.499595628846832,-0.5396571719695507,-0.1133754494913535,-0.7959042655841488,-1.017325143910641,-1.128511474221082,-0.2509118834680579,-0.2744148896886049,0.04803971905173259,0.1464499462086932,-0.4207028795729642,-0.2744148896886049,-0.789310751158513,-0.6862467686859733,-0.8425601597275664,-0.7409429851520691,False,True,28.56938624718485
Uzunkopru,2004,9,0.2491716397333385,36.45369206461626,18,9,2004-09-01,0.2300308150158601,0.4287520313380586,27.778661706012603,41.08830349723985,9.631998571528596,34.82145879897675,0.5,22.226728685252674,median,uzunkopru,9.631998571528595,34.82145879897675,22.226728685252674,-1.5356645490544638,-1.2433126106843542,-1.5116477952159757,-1.020335680943988,-1.3751151053573167,-1.0617719064463726,-1.2312477796812997,-0.7067248814842263,-0.6992999406425684,-0.9075808514280049,-0.7535860816623509,-0.7574763952421082,-0.6992999406425684,-1.0557973766980544,-0.9206378906748918,False,True,28.56938624718485
Uzunkopru,2004,10,0.2285710655596063,27.626781432057964,9,4,2004-10-01,0.2078011083839048,0.3833590486590971,17.404481016505297,30.74795713019401,11.830827556500129,23.39102398462808,0.5,17.610925770564105,median,uzunkopru,11.830827556500129,23.39102398462808,17.610925770564105,-1.2185739053956128,-2.046193922338373,-1.3517390304420045,-2.0537383693218705,-1.9694281473647024,-1.5934540963745158,-1.4335644069425781,-1.6342578371241079,-1.721484142216565,-0.9940749352353848,-0.998513120455002,-1.483898633066716,-1.721484142216565,-1.5625239842717058,-1.3162444282273533,True,True,28.56938624718485
Corlu,2005,6,0.4541561412776292,33.72370088986712,20,14,2005-06-01,0.3398058060169734,0.5550912779270141,24.8281463037949,41.81771643367222,53.11567670875551,47.64108498290501,0.5,50.37838084583026,median,corlu,53.11567670875548,47.641084982905014,50.37838084583025,-0.046502846617609,-0.0013028708883578,-0.3085825344012643,-1.2364743080225056,-0.5318656456068461,0.13579632723610127,0.18873642550572778,0.10303532188072824,0.18873642550572778,-0.2962461401570983,-0.23136326473860486,-1.2284338059700768,-1.2214345945270093,-0.5396905920988357,-0.7409429851520691,False,False,28.419033218483577
Corlu,2005,7,0.3625448024032798,39.71336609568686,16,11,2005-07-01,0.2411567941070453,0.46871385428598,32.97320114614718,44.767587698768864,53.3439868667593,42.85277221101883,0.5,48.09837953888906,median,corlu,53.34398686675931,42.85277221101883,48.09837953888907,0.3942462101727528,0.5438415212130847,-0.1770675734951574,-0.9228965429169974,-0.4121054903111677,0.08046211832791057,0.274414889688605,0.5262880214722923,0.5964147284451815,-0.14057072791627034,-0.14644994620869292,-0.966554944895465,-0.85768031591492,-0.49178375305536054,-0.5825199483025973,False,False,28.419033218483577
Corlu,2005,8,0.286346895555053,42.67287495223969,19,12,2005-08-01,0.2114858986548909,0.3861276906492696,33.698988564166115,46.7417631923928,42.865453935889335,31.196492741255938,0.5,37.030973338572636,median,corlu,42.86545393588935,31.196492741255973,37.030973338572664,1.6361225065941718,0.746468581084671,0.4164762527883011,-0.0133226184144262,-0.9776794495212194,1.3983532186688412,1.4335644069425781,0.7584226161077333,0.9320757000382391,0.26921858234371804,0.407057982739885,-0.1849375536944215,-0.17041725549737796,-1.0366146123860116,-0.9874746312142068,False,False,28.419033218483577
Corlu,2005,9,0.26320606014388,36.74698246695032,16,12,2005-09-01,0.1993734068907274,0.3480665630985831,27.666430007419827,42.38830436288306,42.92911313545729,38.31931831315537,0.5,40.62421572430633,median,corlu,42.92911313545727,38.31931831315533,40.624215724306296,-0.7498987347927782,0.5406051115820357,0.2743845052199241,-0.0495294693758936,-0.9105690549065424,-0.8351730354542571,-0.8695173820242987,0.2882294107958573,0.36216035678781794,0.18151008095453178,0.274414889688605,-0.13977551555895032,-0.1887364255057275,-0.9754879151773315,-0.9206378906748918,False,False,28.419033218483577
Corlu,2005,10,0.272301811941687,24.50200637553148,11,9,2005-10-01,0.1847029231834753,0.3357082850914537,18.0578755063624,35.57369742326176,58.01044919954158,63.20965753281752,0.5,60.61005336617956,median,corlu,58.01044919954158,63.20965753281754,60.61005336617956,0.1125690560631443,0.3317989111444985,0.4837825072856287,0.0007387760615944,-0.6583422589713421,0.14698440222493445,0.18873642550572778,0.21753012433153096,0.231363264738605,0.5120444111484239,0.4527918916718295,-0.022940399361727638,0.10442384485535429,-0.6686187807469672,-0.6335308991018239,False,False,28.419033218483577
Edirne,2005,6,0.4694861538445873,34.86049326859462,20,7,2005-06-01,0.3257017645778581,0.543975793256036,27.434696048485225,44.3577027483714,65.8733382699983,56.12010707199367,0.5,60.996722670995986,median,edirne,65.8733382699983,56.12010707199367,60.996722670995986,-0.8058935114452812,-1.1942543169941064,0.5010200985507941,-0.0437340712145413,-0.3064100817148954,-0.3161749503462914,-0.1887364255057275,-0.8568373894650736,-0.6992999406425684,0.5410099496268093,0.5964147284451815,-0.1452299275181886,-0.042411701021866303,-0.21415587484397555,-0.17041725549737796,False,False,28.419033218483577
Edirne,2005,7,0.4366250802858125,39.93491249814831,16,6,2005-07-01,0.2414503697484318,0.5612946498717422,31.965500733772664,46.739004736987454,61.02179174882679,46.05604897361209,0.5,53.53892036121944,median,edirne,61.021791748826814,46.05604897361209,53.53892036121945,1.9332984886327909,0.9993473909785964,1.1486988344090188,0.9958179385361388,0.2636285914235086,2.1382653035329846,2.3528647678133265,1.055551657480621,0.869517382024299,1.2455494365018,1.146720860764374,1.0465472105011255,0.9206378906748922,0.3269897276817316,0.3459716702172352,False,False,28.419033218483577
Edirne,2005,8,0.3941057758160006,38.76632658906591,19,5,2005-08-01,0.229021614478841,0.4581346810583013,33.579157128574245,46.14653160875334,72.05357765132335,58.72511423390206,0.5,65.3893459426127,median,edirne,72.05357765132335,58.72511423390206,65.3893459426127,1.0357481894017395,1.236860334263315,0.3655557640733335,1.4663375418364817,0.4327952627149308,0.7669898334380056,0.7535860816623511,1.3006879117660177,1.2312477796813,0.4464984425904439,0.407057982739885,1.7385188362952921,1.5529586332276095,0.4032841750262955,0.5329820468077673,False,False,28.419033218483577
Edirne,2005,9,0.3599231614052937,34.25976013782687,16,6,2005-09-01,0.2193447657316066,0.3740988588743695,24.89643242742357,42.532933610188266,90.8398561994748,46.90938064544439,0.5,68.87461842245959,median,edirne,90.83985619947478,46.90938064544439,68.87461842245958,0.6867675348217479,1.5955499812702365,0.8605166405887216,1.3750054228419055,0.7784978107071474,0.5278477964522083,0.5473111231649046,1.6736646816976204,1.7214841422165659,0.9098181219973864,0.9985131204550027,1.4272399396952418,1.325626613166965,0.6825160340438746,0.7979517139723645,False,False,28.419033218483577
Edirne,2005,10,0.2890224686262849,25.10584391931908,11,2,2005-10-01,0.2152552748781966,0.3871591272349366,16.775228355909373,32.14921296752098,42.911890999978525,45.81355599173823,0.5,44.362723495858376,median,edirne,42.911890999978525,45.813555991738205,44.36272349585836,0.4039569402527652,0.7365203118296921,1.0230437570397453,1.2565173003731864,1.143375153987762,0.31572268234323037,0.36216035678781794,0.6764480793070776,0.5473111231649046,0.9970157192307653,1.0696790361613444,1.3510800767086164,1.2312477796813,1.1433427994604215,1.0590423035404217,False,False,28.419033218483577
Kirklareli,2005,6,0.4118479442682727,36.61134161348744,20,7,2005-06-01,0.3012678806275926,0.528383243387792,29.05835330150456,45.33031971721313,48.68894041194231,53.58281771838342,0.5,51.13587906516287,median,kirklareli,48.68894041194232,53.58281771838342,51.13587906516287,-0.5848843622366825,-0.6740195642340354,0.1521129548229114,-0.7062519122811697,-0.3793210844509644,-0.2796717427277652,-0.1887364255057275,-0.6539397191394394,-0.6470008337681493,0.1500119022716248,-0.06258145102371986,-0.843142396209528,-0.9874746312142068,-0.37233236213769116,-0.345971670217235,False,False,28.419033218483577
Kirklareli,2005,7,0.4304738822264696,37.013970539458,16,6,2005-07-01,0.2485369118494177,0.5420576872552342,29.544782826486998,48.64480564115659,61.9843587308289,60.89435187881365,0.5,61.43935530482128,median,kirklareli,61.9843587308289,60.89435187881365,61.43935530482128,1.308857417000805,0.6822345442397043,0.4221892537993554,-0.0356464266640686,-0.1349942082645787,1.1305517319423888,1.2312477796813,0.5208346668170016,0.36216035678781794,0.40216726522096563,0.407057982739885,-0.10360453119951815,0.0,-0.2204857639170322,-0.12754191328099132,False,False,28.419033218483577
Kirklareli,2005,8,0.3783445383703551,40.44733568261241,19,5,2005-08-01,0.2398971291224648,0.4850300345873192,31.684933185315188,45.96482627922851,56.47850866261606,38.63817859370306,0.5,47.55834362815956,median,kirklareli,56.478508662616086,38.63817859370306,47.55834362815958,0.9220069565437587,0.6507777644338609,0.0642357548959571,0.455796187807468,-0.4329098658234023,0.7164440494715187,0.7535860816623511,0.6064825656117944,0.7535860816623511,-0.040509240561869456,-0.02084838541615085,0.39666153047797786,0.30128981766152896,-0.6389922827241653,-0.5825199483025973,False,False,28.419033218483577
Kirklareli,2005,9,0.3477621732336559,36.547483119445495,16,5,2005-09-01,0.2264392177848136,0.4263599730650386,25.16473562126994,41.53667351686312,60.685522760648965,30.47403691141877,0.5,45.579779836033865,median,kirklareli,60.68552276064898,30.47403691141877,45.57977983603388,0.6868293341035869,1.2766354302962108,0.5736229734922742,0.7759685641322142,-0.1146789296642443,0.6402159777682251,0.5473111231649046,1.0627329068032005,1.0696790361613444,0.39199257269227916,0.4527918916718295,0.8488557450961872,0.9320757000382391,-0.2901934451679346,-0.21360832941705765,False,False,28.419033218483577
Kirklareli,2005,10,0.2966494855891894,24.41620184257431,11,2,2005-10-01,0.1889990885525008,0.4107584921015044,18.62167950061002,31.82191389321756,48.54378002189227,56.10288295176512,0.5,52.32333148682869,median,kirklareli,48.54378002189224,56.10288295176511,52.32333148682868,-0.1198298360419169,0.3741651427895068,0.5790879957460264,0.4539085275178219,0.0532730737487879,-0.13550140179390233,-0.23136326473860486,0.43191640531481856,0.4994934456429099,0.5110497546663484,0.5964147284451815,0.5448436794896574,0.5964147284451815,0.01936775309779296,-0.042411701021866303,False,False,28.419033218483577
Luleburgaz,2005,6,0.4682639165401216,35.24559045728061,20,4,2005-06-01,0.3409911048494393,0.5448500175709519,20.665396881359143,43.24732335614259,62.43181129124687,35.43423501886461,0.5,48.93302315505574,median,luleburgaz,62.43181129124684,35.43423501886461,48.93302315505572,-0.1412430063881976,0.1567449607629832,0.4850380863271626,-0.6457072010996384,-0.7555650237055536,-0.5516212369259338,-0.5473111231649045,-0.6077204561435581,-0.5473111231649045,0.048195897000445916,0.18873642550572778,-1.3479989377019952,-1.4246357618543768,-1.581438607697255,-1.7135929008532067,False,False,28.419033218483577
Luleburgaz,2005,7,0.4300473360767411,37.72353913595134,16,4,2005-07-01,0.2861197837054355,0.525676930280443,29.38960752014221,46.93138124376206,60.08067570893388,52.49094106950221,0.5,56.28580838921805,median,luleburgaz,60.08067570893385,52.49094106950221,56.28580838921803,1.320746088996998,1.406975093299046,0.6442462625084682,0.1062961692174111,-0.4658292938539661,0.2905966513041022,0.36216035678781794,0.3039000978391319,0.36216035678781794,-0.38387006637379995,-0.45279189167182926,-0.608001783423879,-0.6335308991018239,-1.4367852878859633,-1.4246357618543768,False,False,28.419033218483577
Luleburgaz,2005,8,0.2972178592403374,42.02209623466323,19,3,2005-08-01,0.1897432281143768,0.4336564687796705,30.05982308745959,48.39365705434462,44.062647371177775,34.75301909676854,0.5,39.40783323397316,median,luleburgaz,44.06264737117778,34.75301909676854,39.407833233973165,0.7310483169899797,0.8039316241923006,0.4994105551377436,0.6418436761182518,-0.4170475414818496,-1.3380190869630721,-1.4335644069425781,-0.8707660748081636,-0.998513120455002,-1.0581154402129962,-1.1467208607643733,-0.5191689636405988,-0.6335308991018239,-1.536127107077854,-1.5529586332276093,False,False,28.419033218483577
Luleburgaz,2005,9,0.2722326920294639,38.57321067048807,16,3,2005-09-01,0.189633865438078,0.3446252064771623,24.782064321464777,44.39046628301203,53.29254269150224,29.66715810871174,0.5,41.47985040010699,median,luleburgaz,53.292542691502256,29.66715810871174,41.479850400107,0.4619541347050738,1.037114774449844,0.8395006405635868,0.8989816360806878,-0.1222116682757328,-0.4488342938714371,-0.23136326473860486,-0.6694178708626589,-0.6992999406425684,-1.021433552973208,-0.9320757000382391,-0.46048554053236335,-0.4070579827398848,-1.2447758977996055,-1.1364912754190764,False,False,28.419033218483577
Luleburgaz,2005,10,0.2701929296011544,24.946088138972613,11,2,2005-10-01,0.1841466817202477,0.3409058538431931,17.02123923135515,33.045756172758225,54.89072614738042,50.54547393474452,0.5,52.71810004106247,median,luleburgaz,54.89072614738042,50.54547393474452,52.71810004106247,-0.2078776545353396,0.0322357350817299,0.800750661013714,0.3579578390896609,0.0073119760871932,-0.4163178687810013,-0.3179814578594511,-1.091953997224314,-1.3256266131669636,-0.6987880968787055,-0.8101899639922557,-0.9121106947168265,-0.998513120455002,-1.0352802967478947,-1.0590423035404213,True,False,28.419033218483577
Tekirdag,2005,6,0.5408653939270447,31.58491724532115,20,10,2005-06-01,0.3548692843060378,0.5418339664599165,21.08275464126619,42.242382375833,99.4819489318979,50.36697839963221,0.5,74.92446366576506,median,tekirdag,99.4819489318979,50.36697839963221,74.92446366576506,-0.7351528069817197,-0.1895781204263371,-0.4433208588673026,-1.3607879637857332,-1.1018523138835925,-0.4141042769511704,-0.4070579827398848,-0.09338120268433123,-0.06258145102371986,-0.378053175887664,-0.45279189167182926,-1.325821514003092,-1.4246357618543768,-0.8999402215919571,-0.85768031591492,False,False,28.419033218483577
Tekirdag,2005,7,0.4368739247933546,36.50612657858527,16,10,2005-07-01,0.2996011031383021,0.5231666607488469,30.02835555617328,43.71619808000098,61.401596525965886,52.67500330212356,0.5,57.03829991404472,median,tekirdag,61.40159652596586,52.67500330212356,57.03829991404471,-0.5858939164942503,0.1466091238809723,-0.6718635233761655,-1.1597474167450883,-1.2601376635812105,-0.6019595566613655,-0.7535860816623509,0.1857240118041668,0.274414889688605,-0.5245291393742252,-0.4994934456429097,-1.104844109147312,-1.1364912754190764,-1.0560415023905296,-1.0590423035404213,False,False,28.419033218483577
Tekirdag,2005,8,0.288739350452459,41.39928969925938,19,6,2005-08-01,0.2145976806432795,0.4339782774087779,33.14273610933887,46.82328926867245,33.79591035046343,39.64751648739095,0.5,36.721713418927195,median,tekirdag,33.79591035046343,39.647516487390995,36.72171341892721,-0.5567096135661455,-1.3585336745067522,-1.1080865601436818,-0.9138594207455604,-1.7682331593243634,-0.6613429679321832,-0.6992999406425684,-0.9522354398371261,-0.998513120455002,-0.8093290939882426,-0.8695173820242987,-0.912287885818557,-0.85768031591492,-1.5331528737856845,-1.5529586332276093,False,False,28.419033218483577
Tekirdag,2005,9,0.2564847501965674,38.03812211378357,16,8,2005-09-01,0.1910186171295055,0.3434703364482764,26.40771318071996,42.414170237086566,42.94220711947151,27.339267571160665,0.5,35.14073734531609,median,tekirdag,42.942207119471476,27.339267571160665,35.14073734531607,-0.4211252455724822,-1.1328980204546657,-0.9830103874703786,-0.9551655302723584,-1.60889982765429,-0.5121337880988084,-0.6470008337681493,-0.9467282406032023,-0.998513120455002,-0.8201912700366778,-0.998513120455002,-0.9680728651283375,-0.998513120455002,-1.5178962042424147,-1.5529586332276093,False,False,28.419033218483577
Tekirdag,2005,10,0.240547662945912,22.73305257612012,11,5,2005-10-01,0.2011434514005603,0.3288378133341623,13.799725248551244,32.81187913608851,30.85822345534797,53.01254460482355,0.5,41.935384030085764,median,tekirdag,30.858223455347975,53.01254460482355,41.935384030085764,-0.0609041037073167,-0.6140711739582629,-0.4737627504713813,-0.929909022423224,-1.3297744558463245,0.07862090530879497,0.10442384485535429,-0.6225235965168618,-0.4994934456429097,-0.41577162381356225,-0.3621603567878177,-0.8105559921801929,-0.9320757000382391,-1.1952670681013893,-1.1364912754190764,False,False,28.419033218483577
Uzunkopru,2005,6,0.4958704590964674,31.972287609368102,20,11,2005-06-01,0.3278017154225964,0.5030639610561858,25.3569063809869,43.49734916614595,95.89557811854274,63.53241590225495,0.5,79.71399701039884,median,uzunkopru,95.89557811854274,63.53241590225495,79.71399701039884,0.3731101678058716,0.2383377332555482,0.4407280032747202,-0.4767238566945451,-0.824959163428314,0.6049111460590016,0.8101899639922558,0.20712289490663213,0.18873642550572778,0.4956435526835624,0.5473111231649046,-0.5552158053920432,-0.48471925297706436,-0.7787844541190923,-0.7409429851520691,False,False,28.419033218483577
Uzunkopru,2005,7,0.4544368684386166,39.45222357950206,16,10,2005-07-01,0.3090066548344354,0.4983037733049914,30.206773300306416,45.06194855960739,76.82642756487705,37.76276538099423,0.5,57.29459647293564,median,uzunkopru,76.82642756487702,37.76276538099423,57.29459647293562,-1.1423551786277204,0.1543865082031416,0.2014183570974709,-0.2405354192415952,-0.9335686684437844,-0.5821685216795415,-0.7535860816623509,0.31213507396862034,0.4527918916718295,0.26297510963026755,0.274414889688605,-0.35123359945970173,-0.345971670217235,-0.9094349126065584,-0.7979517139723642,False,False,28.419033218483577
Uzunkopru,2005,8,0.3379767522253696,41.0876182995093,19,8,2005-08-01,0.2544562098730799,0.5451981560310377,32.8374973512725,46.303434212563246,28.72669164390668,38.7334053826389,0.5,33.73004851327279,median,uzunkopru,28.72669164390668,38.7334053826389,33.73004851327279,-1.6448536269514729,-0.5706279516702493,-1.0930920445007786,-0.1083649339480692,-0.9563983118203112,-0.8769572608910621,-0.8695173820242987,-0.3798483453991842,-0.3621603567878177,-0.8635044617387623,-0.8101899639922557,-0.22715413331712006,-0.345971670217235,-0.9786392131131372,-0.7979517139723642,False,False,28.419033218483577
Uzunkopru,2005,9,0.2904201563375092,37.5110803429603,16,9,2005-09-01,0.2300308150158601,0.4287520313380586,27.778661706012603,41.08830349723985,30.388975288746376,26.87693035162973,0.5,28.632952820188052,median,uzunkopru,30.388975288746376,26.87693035162973,28.632952820188052,-0.2931477047040604,-1.3780427714496526,-0.7155800814289345,-0.1753581837472782,-0.8854559257335566,-0.45333988615006715,-0.4070579827398848,-0.9941510149730417,-1.0696790361613442,-0.6749302502624214,-0.6470008337681493,-0.21169184245366707,-0.10442384485535401,-0.9173499800237405,-0.85768031591492,False,False,28.419033218483577
Uzunkopru,2005,10,0.2716135186443165,22.44942564534668,11,4,2005-10-01,0.2078011083839048,0.3833590486590971,17.404481016505297,30.74795713019401,36.34834753721984,62.19167639783228,0.5,49.27001196752606,median,uzunkopru,36.34834753721981,62.19167639783228,49.270011967526045,-0.4191928603731893,-1.0242235942961613,-0.7145596141587874,-0.4683898668109508,-0.6748338469263485,-0.41820445210467433,-0.4070579827398848,-0.9710606835727369,-0.8695173820242987,-0.5316259974489856,-0.5473111231649045,-0.4094286335030989,-0.2744148896886049,-0.6572680419299343,-0.7409429851520691,False,False,28.419033218483577
Corlu,2006,6,0.4368478649312372,32.848539295043935,16,8,2006-06-01,0.3398058060169734,0.5550912779270141,24.8281463037949,41.81771643367222,45.07599052239522,52.79225471900182,0.5,48.93412262069852,median,corlu,45.07599052239522,52.79225471900182,48.93412262069852,0.7918355145626189,-0.5572404385270808,-0.679388654044715,-0.2658328748987461,-0.1029714543425295,0.6769735073535779,0.7535860816623511,-0.6399956187620738,-0.5473111231649045,-0.7233043748979217,-0.6470008337681493,-0.2534012808509759,-0.3012898176615288,-0.1626335590390829,-0.21360832941705765,False,False,28.62636539446204
Corlu,2006,7,0.4305386907798188,35.671069897130856,18,11,2006-07-01,0.2411567941070453,0.46871385428598,32.97320114614718,44.767587698768864,83.22391602521893,77.12582389133257,0.5,80.17486995827575,median,corlu,83.22391602521893,77.12582389133257,80.17486995827575,1.9454087166361729,1.400383816735776,1.019387959590104,0.5137984632988218,0.5116251040341695,2.3842859818383237,2.3528647678133265,1.5005191104503854,1.325626613166965,0.9737931497339418,1.0696790361613444,0.6030172759379611,0.5329820468077673,0.5240987753831124,0.5329820468077673,False,False,28.62636539446204
Corlu,2006,8,0.3065591239913966,44.52110810128883,22,14,2006-08-01,0.2114858986548909,0.3861276906492696,33.698988564166115,46.7417631923928,54.43898865831947,17.02594083239088,0.5,35.73246474535517,median,corlu,54.43898865831948,17.025940832390926,35.7324647453552,0.6069119602312415,1.732932153813863,1.3273635683885054,0.4451339671206009,0.2305427623762093,-0.21441557333044836,-0.1887364255057275,1.7716077563015138,1.4335644069425781,0.9889006728121353,0.9985131204550027,0.2207365854423477,0.12754191328099146,0.17299299793590703,0.17041725549737824,False,False,28.62636539446204
Corlu,2006,9,0.2574354343556877,36.45182462175623,19,12,2006-09-01,0.1993734068907274,0.3480665630985831,27.666430007419827,42.38830436288306,39.04821778333655,40.3242114270852,0.5,39.68621460521088,median,corlu,39.04821778333656,40.3242114270852,39.68621460521088,0.5300841058696787,1.6296753583125814,0.969096594793884,0.4868560445824086,0.4530517133832043,0.5778048319609138,0.4994934456429099,1.4781774866913655,1.561398281730852,0.8085594739759421,0.6992999406425686,0.36599825730843916,0.36216035678781794,0.4347022223948542,0.5329820468077673,False,False,28.62636539446204
Corlu,2006,10,0.2805328524681438,31.37116617717555,9,2,2006-10-01,0.1847029231834753,0.3357082850914537,18.0578755063624,35.57369742326176,63.4612758605662,23.99277216920996,0.5,43.72702401488808,median,corlu,63.4612758605662,23.992772169209985,43.72702401488809,-0.1143610058025543,0.0929337685241664,0.9641203378385892,0.7033471908133445,0.3941406290584736,-0.22176572936708233,-0.3621603567878177,-0.1861412627371117,-0.06258145102371986,0.8525467777003989,0.7535860816623511,0.5242171453312616,0.5473111231649046,0.33921499750295536,0.2572017876710414,False,False,28.62636539446204
Edirne,2006,6,0.4230875251982461,32.63813409421987,16,5,2006-06-01,0.3257017645778581,0.543975793256036,27.434696048485225,44.3577027483714,44.61628403989971,69.2522839586795,0.5,56.934283999289605,median,edirne,44.616284039899725,69.2522839586795,56.93428399928961,1.2682883863794805,0.2122638015232716,0.8900249131334758,1.0476505220111636,1.6771546067663663,1.2389458298109532,1.0696790361613444,0.038613447894037194,0.1464499462086932,0.9213276404607789,0.8101899639922558,1.1025887756065007,0.9874746312142068,1.6355159740401781,1.3162444282273542,False,False,28.62636539446204
Edirne,2006,7,0.4597121414949568,37.454973136785554,18,5,2006-07-01,0.2414503697484318,0.5612946498717422,31.965500733772664,46.739004736987454,68.2400109398167,62.842448197676376,0.5,65.54122956874653,median,edirne,68.24001093981673,62.842448197676376,65.54122956874656,1.1016528142468327,1.1331994377268706,1.3543433968265242,1.2736095565716354,1.365873819931442,1.2435828934108015,1.146720860764374,1.214823288573496,0.9320757000382391,1.416432637697535,1.2312477796813,1.4257219742927676,1.4246357618543775,1.3718472904875767,1.4246357618543775,False,False,28.62636539446204
Edirne,2006,8,0.3533463605529189,43.81371267945877,22,7,2006-08-01,0.229021614478841,0.4581346810583013,33.579157128574245,46.14653160875334,54.26349004453657,18.56250032951457,0.5,36.41299518702557,median,edirne,54.263490044536574,18.56250032951457,36.41299518702557,0.8266770259338463,1.4894206217522905,1.5902771067116404,1.2170706209305353,1.2960236464021713,0.24245774765221212,0.231363264738605,1.4030495289631029,1.4335644069425781,1.4036465516130385,1.325626613166965,1.2552852312976222,1.1364912754190772,1.3652335140329828,1.3162444282273542,False,False,28.62636539446204
Edirne,2006,9,0.3174638062004641,36.63611335469266,19,5,2006-09-01,0.2193447657316066,0.3740988588743695,24.89643242742357,42.532933610188266,63.40319566109391,33.43531800546859,0.5,48.41925683328125,median,edirne,63.40319566109393,33.43531800546859,48.41925683328126,1.243329741278545,1.4362010140041566,1.3994441382826266,1.5366036538220569,1.5423185864226965,1.2555107269857446,1.0696790361613444,1.4343390859933964,1.325626613166965,1.281765393504665,1.146720860764374,1.5602705229764158,1.561398281730852,1.5772434889763731,1.4246357618543775,False,False,28.62636539446204
Edirne,2006,10,0.2908767169688662,21.050427462475728,9,4,2006-10-01,0.2152552748781966,0.3871591272349366,16.775228355909373,32.14921296752098,43.99054532747626,72.19199046591085,0.5,58.09126789669355,median,edirne,43.99054532747626,72.19199046591085,58.09126789669355,0.3797467199624466,1.0624819732267337,1.3386956887160888,1.6337677067538348,1.561448582388788,0.18448711686347988,0.231363264738605,0.8454722361343211,0.869517382024299,1.185200895407352,1.2312477796813,1.5688522064684762,1.325626613166965,1.5582448420306272,1.4246357618543775,False,False,28.62636539446204
Kirklareli,2006,6,0.3854269193727315,35.09762132069022,16,4,2006-06-01,0.3012678806275926,0.528383243387792,29.05835330150456,45.33031971721313,37.05563451205129,62.885444420807694,0.5,49.97053946642949,median,kirklareli,37.05563451205128,62.885444420807694,49.970539466429486,0.8365280400949409,-0.3737223979400294,0.2719094151929327,1.1034707751070774,1.415827157033255,0.7821695759584585,0.8101899639922558,-0.48367523396757883,-0.4070579827398848,0.251007126443352,0.02084838541615085,1.3242532929622663,1.1364912754190772,1.5523369066305013,1.4246357618543775,False,False,28.62636539446204
Kirklareli,2006,7,0.4641162908713268,37.11496020829141,18,4,2006-07-01,0.2485369118494177,0.5420576872552342,29.544782826486998,48.64480564115659,73.44603758417202,60.36561078874623,0.5,66.90582418645913,median,kirklareli,73.44603758417202,60.36561078874624,66.90582418645913,1.5684565069191905,1.0532338577456997,1.334532501431951,1.7420362387536608,1.5119199914332622,1.789431866942352,1.7214841422165659,1.1788387268359974,1.4335644069425781,1.419843775647045,1.4335644069425781,2.028538336661513,1.9367654674157966,1.739880487289247,1.7135929008532076,False,False,28.62636539446204
Kirklareli,2006,8,0.3508786461858225,43.45942033788741,22,7,2006-08-01,0.2398971291224648,0.4850300345873192,31.684933185315188,45.96482627922851,45.27401853818824,17.54499088238279,0.5,31.409504710285514,median,kirklareli,45.27401853818826,17.54499088238279,31.409504710285525,0.3105138419775176,1.3562632532907712,1.5567340558196228,1.2299156609346702,1.4009676184901196,-0.392396486118633,-0.3179814578594511,1.349726585105888,1.2312477796813,1.358530153083274,1.325626613166965,1.2742028374015573,1.5529586332276095,1.5869109680304212,1.7135929008532076,False,False,28.62636539446204
Kirklareli,2006,9,0.3314601789903483,37.13535754829913,19,5,2006-09-01,0.2264392177848136,0.4263599730650386,25.16473562126994,41.53667351686312,52.53129474142335,26.88329259878688,0.5,39.707293670105116,median,kirklareli,52.53129474142336,26.883292598786877,39.707293670105116,1.3770435095284763,1.713241208752936,1.2134858398506665,1.1780708199171033,1.694168440646635,1.434011301888399,1.2312477796813,1.5381385138971493,1.561398281730852,1.031213307779751,1.0696790361613444,1.3120499708873914,1.2312477796813,1.8996308814097007,1.9367654674157966,False,False,28.62636539446204
Kirklareli,2006,10,0.3102675782415185,21.83365973810104,9,5,2006-10-01,0.1889990885525008,0.4107584921015044,18.62167950061002,31.82191389321756,54.68471133501234,75.66724845969547,0.5,65.1759798973539,median,kirklareli,54.68471133501234,75.66724845969547,65.1759798973539,-0.4248952958801139,0.5495029434781098,0.9213691514304768,1.257317148316777,1.70624345944114,-0.6454706580471575,-0.6992999406425684,0.3474747168894909,0.407057982739885,0.869617921609736,1.0696790361613444,1.2823973071322343,1.0696790361613444,1.8814505215162565,1.5529586332276095,False,False,28.62636539446204
Luleburgaz,2006,6,0.3724565217672892,31.25405576091364,16,3,2006-06-01,0.3409911048494393,0.5448500175709519,20.665396881359143,43.24732335614259,15.434898821830853,53.11002853818281,0.5,34.27246368000683,median,luleburgaz,15.434898821830851,53.11002853818281,34.27246368000683,1.5287504581371103,0.249081299782207,0.3465176702661638,0.6056971986877222,0.9076940519662382,1.630468165907042,1.561398281730852,-0.3313801144324185,-0.3621603567878177,-0.2173232405781725,-0.3179814578594511,0.33068361847369404,0.3913554652074412,-0.18814179733301853,0.0,False,False,28.62636539446204
Luleburgaz,2006,7,0.4332305369809336,38.10852821737731,18,2,2006-07-01,0.2861197837054355,0.525676930280443,29.38960752014221,46.93138124376206,61.40946132426752,50.29624236062771,0.5,55.85285184244761,median,luleburgaz,61.40946132426752,50.29624236062771,55.85285184244761,0.1952361611680294,0.8407788414823438,0.9511448785642568,0.8141912825501915,0.5901705216067697,0.471686149998129,0.4994934456429099,1.011223453187418,0.869517382024299,0.48997757852709106,0.5473111231649046,0.6004583251157728,0.6862467686859735,-0.13577412548402654,-0.042411701021866303,False,False,28.62636539446204
Luleburgaz,2006,8,0.307049935380687,45.7322082449012,22,3,2006-08-01,0.1897432281143768,0.4336564687796705,30.05982308745959,48.39365705434462,48.0936200701308,14.51659709720611,0.5,31.305108583668453,median,luleburgaz,48.09362007013082,14.51659709720611,31.305108583668463,0.2043263817307152,1.004565192963489,0.8369316840653271,0.5681154599513532,0.5138468808750436,-0.291635390790922,-0.14644994620869292,1.1257030656789877,1.0696790361613444,0.31579673060780394,0.231363264738605,0.17836640673372142,0.21360832941705765,0.04642641995955519,0.08489986218558768,False,False,28.62636539446204
Luleburgaz,2006,9,0.2715417645425887,40.96792259110004,19,3,2006-09-01,0.189633865438078,0.3446252064771623,24.782064321464777,44.39046628301203,52.8467581191235,17.454475375523792,0.5,35.150616747323646,median,luleburgaz,52.846758119123514,17.454475375523792,35.15061674732365,0.6459430979932413,0.3004067214749786,0.2451084288032553,0.321866375925793,0.5445480932929715,0.8171108492984203,0.8101899639922558,0.42231149006755503,0.36216035678781794,0.10576116624102516,0.06258145102371986,0.016853964117385205,0.06258145102371986,0.3088052501932548,0.3913554652074412,False,False,28.62636539446204
Luleburgaz,2006,10,0.2549166649326901,24.30525148906764,9,1,2006-10-01,0.1841466817202477,0.3409058538431931,17.02123923135515,33.045756172758225,45.14567297978448,54.54457513853321,0.5,49.84512405915885,median,luleburgaz,45.14567297978448,54.54457513853321,49.84512405915885,0.5652946624997908,0.5276185381270716,0.7706450820908171,0.8566613260862979,0.8067826176407875,0.4504970341397573,0.407057982739885,0.522687462437293,0.4994934456429099,0.9311987994210933,1.146720860764374,0.5804584226935986,0.5964147284451815,0.5154624022008533,0.5825199483025975,False,False,28.62636539446204
Tekirdag,2006,6,0.4986330791516437,29.134679101095223,16,6,2006-06-01,0.3548692843060378,0.5418339664599165,21.08275464126619,42.242382375833,76.89355721594686,61.94675747213058,0.5,69.42015734403871,median,tekirdag,76.89355721594683,61.94675747213058,69.4201573440387,-0.0100325586457712,-1.8373302136694605,-0.9623994627056848,-0.4922209887626578,-0.8638060447766649,-0.1807037832397032,-0.06258145102371986,-1.364462774419223,-1.5613982817308512,-0.8831548373747147,-0.8101899639922557,-0.4387595520775611,-0.5329820468077671,-0.7337633694409543,-0.6862467686859733,True,False,28.62636539446204
Tekirdag,2006,7,0.4754426865285001,34.29209046647805,18,5,2006-07-01,0.2996011031383021,0.5231666607488469,30.02835555617328,43.71619808000098,78.65325288455978,68.85020482313053,0.5,73.75172885384515,median,tekirdag,78.65325288455978,68.85020482313053,73.75172885384515,-0.8875160803956159,-1.4328241048796522,-0.6061959624106716,-0.5622993436669855,-0.915877767008092,-0.6004642607267987,-0.6992999406425684,-0.9947268843530479,-1.1467208607643733,-0.6248631040131113,-0.6470008337681493,-0.5287344181286627,-0.48471925297706436,-0.7799838287784278,-0.6335308991018239,False,False,28.62636539446204
Tekirdag,2006,8,0.2839144173480011,44.02869152412194,22,7,2006-08-01,0.2145976806432795,0.4339782774087779,33.14273610933887,46.82328926867245,31.59656675508821,20.42752008637816,0.5,26.012043420733185,median,tekirdag,31.596566755088215,20.42752008637816,26.012043420733185,0.0941647577435621,-0.62324300873848,-0.8003266522079779,-0.9494541498157902,-0.820198713362079,-0.6959706992519457,-0.8101899639922557,-0.8493059006431465,-0.9320757000382391,-0.8503318841864115,-0.9320757000382391,-1.0042177114573014,-1.0590423035404213,-0.7723715792889553,-0.6862467686859733,False,True,28.62636539446204
Tekirdag,2006,9,0.2351120366134239,38.338875065830855,19,9,2006-09-01,0.1910186171295055,0.3434703364482764,26.40771318071996,42.414170237086566,28.922874521159496,25.460319900303933,0.5,27.191597210731715,median,tekirdag,28.92287452115951,25.460319900303933,27.19159721073172,1.628355892386035,1.021669641195349,-0.077280558901916,-0.1069404845179238,-0.0315504101425935,1.53005320190318,1.325626613166965,0.755950593304435,0.7535860816623511,-0.30284255844312263,-0.2744148896886049,-0.24671761237396964,-0.3179814578594511,-0.04413489397546993,0.042411701021866303,False,True,28.62636539446204
Tekirdag,2006,10,0.2438382884072332,29.22556490341444,9,2,2006-10-01,0.2011434514005603,0.3288378133341623,13.799725248551244,32.81187913608851,33.435177841973314,18.863271641331234,0.5,26.149224741652276,median,tekirdag,33.435177841973314,18.863271641331213,26.14922474165226,-0.1258945545959804,0.8236178393573609,0.1563638461318221,0.2308164727243226,-0.0463085314111483,-0.09985275542386617,-0.2744148896886049,0.6281535129399425,0.6992999406425686,-0.0279662991876038,0.06258145102371986,0.06738706224661212,0.10442384485535429,-0.11310067844477437,-0.3012898176615288,False,True,28.62636539446204
Uzunkopru,2006,6,0.501725193768231,33.34662045472734,16,6,2006-06-01,0.3278017154225964,0.5030639610561858,25.3569063809869,43.49734916614595,99.23613480866058,55.95634479067434,0.5,77.59623979966746,median,uzunkopru,99.23613480866058,55.95634479067434,77.59623979966746,1.3295233624605511,0.287563864741636,1.0593791167169189,0.7969093436249889,0.3200628904207985,1.3444995881495898,1.2312477796813,0.12061395074292644,0.10442384485535429,1.1678780552585342,1.2312477796813,0.8534420590372452,0.7409429851520696,0.27180079314026195,0.2572017876710414,False,False,28.62636539446204
Uzunkopru,2006,7,0.4983037733049914,34.980689120810055,18,8,2006-07-01,0.3090066548344354,0.4983037733049914,30.206773300306416,45.06194855960739,100.0,67.86361832039212,0.5,83.93180916019605,median,uzunkopru,100.0,67.86361832039212,83.93180916019605,0.1899764128307239,0.7088396521492004,1.2500546425607553,1.0080668432178133,0.4374509952938022,0.29150977624459157,0.4994934456429099,0.8312151524017928,0.8101899639922558,1.3651525298055989,1.2312477796813,1.1838540884833872,1.0590423035404217,0.3292493093460237,0.30128981766152896,False,False,28.62636539446204
Uzunkopru,2006,8,0.3214243676630545,43.46999892179458,22,10,2006-08-01,0.2544562098730799,0.5451981560310377,32.8374973512725,46.303434212563246,23.033538392011497,21.041501382006857,0.5,22.037519887009175,median,uzunkopru,23.033538392011497,21.04150138200691,22.037519887009204,0.2547386151048222,0.7768492651065801,1.2864775685437135,0.7134183553928611,0.5333606105739622,-0.4758094545601656,-0.45279189167182926,0.6137999761155329,0.5473111231649046,1.0570414470207325,1.0696790361613444,0.6012523975615953,0.5825199483025975,0.35126952782827164,0.30128981766152896,False,True,28.62636539446204
Uzunkopru,2006,9,0.2903679073159299,38.33153092901198,19,8,2006-09-01,0.2300308150158601,0.4287520313380586,27.778661706012603,41.08830349723985,30.36268266506669,20.71259776536534,0.5,25.537640215216015,median,uzunkopru,30.36268266506666,20.71259776536534,25.537640215216,1.4015162933147545,0.9126890436213624,0.7931623646497287,1.2464298709213049,0.992988701617053,1.4376624736955428,1.325626613166965,0.7124169758149893,0.5964147284451815,0.6860930387667724,0.6470008337681494,1.2719906253172244,1.325626613166965,1.0133195149436522,1.0590423035404217,False,True,28.62636539446204
Uzunkopru,2006,10,0.3150715782543949,22.366424005222136,9,4,2006-10-01,0.2078011083839048,0.3833590486590971,17.404481016505297,30.74795713019401,61.10260219636917,62.8137155083111,0.5,61.958158852340134,median,uzunkopru,61.10260219636917,62.8137155083111,61.958158852340134,0.7257418443115043,1.094045725660358,1.1646216049223046,1.5134286656584457,1.269324551911378,0.6606937465329275,0.5964147284451815,0.9157660179337862,0.869517382024299,1.0602387492896908,0.9320757000382391,1.5380647749685354,1.325626613166965,1.306842558994979,1.4246357618543775,False,False,28.62636539446204
Corlu,2007,6,0.3719453955279369,39.94760889231858,18,10,2007-06-01,0.3398058060169734,0.5550912779270141,24.8281463037949,41.81771643367222,14.928824144897892,11.007385867079243,0.5,12.968105005988567,median,corlu,14.928824144897867,11.007385867079288,12.968105005988576,-1.6044188834961863,-0.4439334069225744,-1.6173013309852855,-2.054979323528868,-0.9308057876569592,-2.0301939730319147,-1.9439937268344964,-0.9236393766537221,-0.8695173820242987,-1.9023486188982117,-1.721484142216565,-2.0329565590245027,-2.346620887656016,-1.1401887372391015,-1.1364912754190764,False,True,28.57007446761369
Corlu,2007,7,0.2472310965583198,44.767587698768864,20,12,2007-07-01,0.2411567941070453,0.46871385428598,32.97320114614718,44.767587698768864,2.6693535443365697,0.0,0.5,1.3346767721682848,median,corlu,2.6693535443365692,0.0,1.3346767721682846,-1.4936468452413862,-0.2863641748495704,-1.569518232914916,-2.360230019640306,-1.9670603023062707,-1.5865206901092235,-1.721484142216565,-1.178836174695629,-1.5613982817308512,-1.9305046321919113,-1.9439937268344964,-2.1739366904704633,-2.346620887656016,-2.0689210421711275,-1.9367654674157944,True,True,28.57007446761369
Corlu,2007,8,0.2114858986548909,46.7417631923928,20,16,2007-08-01,0.2114858986548909,0.3861276906492696,33.698988564166115,46.7417631923928,0.0,0.0,0.5,0.0,median,corlu,0.0,0.0,0.0,-0.5077960229487498,-2.496002542443998,-1.3536638236509386,-2.356513486078634,-2.131329680723556,-1.3405742983132374,-1.721484142216565,-2.0510207522769135,-1.9439937268344964,-1.8089799921626395,-1.9439937268344964,-2.188509558361605,-2.346620887656016,-2.193443653962762,-1.9367654674157944,True,True,28.57007446761369
Corlu,2007,9,0.2063004134987545,32.72791323549582,9,4,2007-09-01,0.1993734068907274,0.3480665630985831,27.666430007419827,42.38830436288306,4.658591413813247,65.61930155179124,0.5,35.13894648280224,median,corlu,4.658591413813249,65.61930155179124,35.13894648280225,0.5672926578444646,-0.5116869521760574,-0.8425714161052018,-1.7447107479125574,-2.067905352787593,0.6380118729498659,0.6470008337681494,-0.954718264722828,-0.998513120455002,-1.4144726273350225,-1.4335644069425781,-2.058143344772411,-1.9439937268344964,-2.1032726446864336,-1.9367654674157944,False,False,28.57007446761369
Corlu,2007,10,0.2495549461895101,28.38694773166446,5,5,2007-10-01,0.1847029231834753,0.3357082850914537,18.0578755063624,35.57369742326176,42.94683459356574,41.03004543945199,0.5,41.98844001650886,median,corlu,42.94683459356574,41.03004543945201,41.988440016508875,-0.0775194819695977,-0.2083236176158893,-0.4396272075760395,-1.2963372724389102,-2.0565135236308025,-0.17702453591169226,-0.2744148896886049,-0.4446552563694081,-0.2744148896886049,-1.1852839655189855,-1.2312477796812997,-1.6790400233032796,-1.721484142216565,-2.1382816443791186,-1.9367654674157944,False,False,28.57007446761369
Edirne,2007,6,0.4288593482278871,38.45685043331583,18,5,2007-06-01,0.3257017645778581,0.543975793256036,27.434696048485225,44.3577027483714,47.26058536360459,34.868817460760454,0.5,41.06470141218252,median,edirne,47.2605853636046,34.868817460760454,41.06470141218253,-1.3083242450802053,0.19043141940919,0.1713143842193677,-0.5616704701647299,0.2768539349919919,-1.5336184539454574,-1.721484142216565,-0.300676593468571,-0.1887364255057275,-0.2832312468493777,-0.3621603567878177,-0.8164562502221406,-0.7409429851520691,0.13343755077324376,0.21360832941705765,False,False,28.57007446761369
Edirne,2007,7,0.29153544765785,45.3686041412391,20,7,2007-07-01,0.2414503697484318,0.5612946498717422,31.965500733772664,46.739004736987454,15.659207002266452,9.27607015539539,0.5,12.467638578830922,median,edirne,15.659207002266475,9.27607015539539,12.467638578830933,-1.7217321665685843,0.2276271502265309,-0.6410982278938515,-0.9067577521278286,-0.2018705074256165,-1.6847708263000523,-1.9439937268344964,-0.6741174808448162,-0.6992999406425684,-1.1137649981398718,-1.0696790361613442,-1.2386769911858726,-1.2214345945270093,-0.6089779050323133,-0.5329820468077671,False,True,28.57007446761369
Edirne,2007,8,0.2602238198867815,44.223029402956,20,6,2007-08-01,0.229021614478841,0.4581346810583013,33.579157128574245,46.14653160875334,13.618693108068106,15.305521521866329,0.5,14.462107314967216,median,edirne,13.618693108068127,15.30552152186627,14.462107314967199,-0.5869589652687925,-2.2554435777922,-0.746901580077205,-0.6574003592974409,-0.4443593114935987,-0.9437268538327966,-0.8101899639922557,-1.9456609381757641,-1.721484142216565,-1.2505449097963623,-1.3256266131669636,-1.139948066037209,-1.2214345945270093,-0.8624395911115756,-0.9874746312142068,True,True,28.57007446761369
Edirne,2007,9,0.2700909574215709,34.74603730684905,9,4,2007-09-01,0.2193447657316066,0.3740988588743695,24.89643242742357,42.532933610188266,32.791502091741265,44.15216046904461,0.5,38.471831280392934,median,edirne,32.79150209174126,44.15216046904461,38.471831280392934,0.6150032155345331,-0.5097318474707714,-0.4272600740231099,-0.2240878473153181,-0.8053425256799677,0.629663997122626,0.5964147284451815,-0.8856008380421927,-0.998513120455002,-0.9103178512851023,-1.0696790361613442,-0.7529701597338483,-0.5964147284451813,-1.0907321177734308,-1.1364912754190764,False,False,28.57007446761369
Edirne,2007,10,0.2810650222213624,27.47346655768875,5,1,2007-10-01,0.2152552748781966,0.3871591272349366,16.775228355909373,32.14921296752098,38.28288106458224,30.4133673081782,0.5,34.34812418638022,median,edirne,38.282881064582234,30.413367308178202,34.34812418638022,0.1024180827493901,-0.1168839736752112,-0.0365615758346139,-0.6822467823477424,-0.9541164877085668,-0.11431100276683495,-0.10442384485535401,-0.21990959998021328,-0.02084838541615085,-0.5656660352495942,-0.5473111231649045,-1.0563027225257258,-1.0696790361613442,-1.19909570872793,-1.2214345945270093,False,False,28.57007446761369
Kirklareli,2007,6,0.4245771840973531,37.37714252705359,18,5,2007-06-01,0.3012678806275926,0.528383243387792,29.05835330150456,45.33031971721313,54.29368668466391,48.87655853616886,0.5,51.585122610416384,median,kirklareli,54.29368668466392,48.87655853616886,51.58512261041639,-0.00491425548964,0.1370768209291586,0.0119967263783537,-0.9479967355200374,-0.0206656401187835,-0.46958872209220126,-0.4070579827398848,-0.2877989658806726,-0.14644994620869292,-0.4678091118264679,-0.5473111231649045,-1.1773814171141497,-1.4246357618543768,-0.25500374111276686,-0.21360832941705765,False,False,28.57007446761369
Kirklareli,2007,7,0.3197655435842456,43.27368881804976,20,7,2007-07-01,0.2485369118494177,0.5420576872552342,29.544782826486998,48.64480564115659,24.26698131890272,28.12099689735233,0.5,26.193989108127525,median,kirklareli,24.26698131890272,28.12099689735234,26.193989108127532,-1.635683994503085,0.3879607691258167,-0.5727003818179073,-1.0632939263521672,-0.632537966438853,-1.6535424338158116,-1.721484142216565,-0.4203202219466049,-0.2744148896886049,-1.1268974393984923,-0.9320757000382391,-1.4106459440888837,-1.5529586332276093,-0.994616346324595,-1.0590423035404213,False,True,28.57007446761369
Kirklareli,2007,8,0.3025383276001877,43.078156264121056,20,6,2007-08-01,0.2398971291224648,0.4850300345873192,31.684933185315188,45.96482627922851,25.553973816340203,20.21492735360794,0.5,22.884450584974072,median,kirklareli,25.553973816340203,20.21492735360794,22.884450584974072,0.8391555407254305,-0.2633043136334144,-0.0804615274223934,-0.586419960227802,-0.5082113807654604,0.2666002990573743,0.18873642550572778,-1.0962431343016588,-1.0696790361613442,-0.725606846934003,-0.7535860816623509,-1.1091267539604952,-0.9874746312142068,-0.9862031267114186,-0.9874746312142068,True,True,28.57007446761369
Kirklareli,2007,9,0.3134726815931203,33.542051052926624,9,4,2007-09-01,0.2264392177848136,0.4263599730650386,25.16473562126994,41.53667351686312,43.533981094816106,48.831253300126434,0.5,46.182617197471274,median,kirklareli,43.5339810948161,48.831253300126434,46.18261719747127,0.7917345045845123,0.3143012334369297,0.1984198345895772,0.0693679776967911,-0.8421535669282362,0.9093012167764862,0.8101899639922558,-0.07600114427863348,-0.06258145102371986,-0.391150691103098,-0.3621603567878177,-0.5220955339843175,-0.5473111231649045,-1.2367481654340424,-1.4246357618543768,False,False,28.57007446761369
Kirklareli,2007,10,0.2965966883536586,25.46381777263648,5,1,2007-10-01,0.1889990885525008,0.4107584921015044,18.62167950061002,31.82191389321756,48.51997168065131,48.16653955888672,0.5,48.34325561976901,median,kirklareli,48.51997168065131,48.166539558886704,48.34325561976901,0.3951224022781717,0.7296358472824874,0.6427399671435631,-0.0029978647239408,-0.5973898688829686,0.2600341420870538,0.274414889688605,0.6462199596223352,0.5964147284451815,0.06981729147563197,0.06258145102371986,-0.5154092916269019,-0.6470008337681493,-1.0576217769403364,-1.2214345945270093,False,False,28.57007446761369
Luleburgaz,2007,6,0.4189716405578386,43.24732335614259,18,1,2007-06-01,0.3409911048494393,0.5448500175709519,20.665396881359143,43.24732335614259,38.25220819014516,0.0,0.5,19.12610409507258,median,luleburgaz,38.25220819014516,0.0,19.12610409507258,-1.550589532862199,-1.7285554922747672,-0.99739861976413,-0.9672139043909525,-0.8274519425704409,-1.6584739255488767,-1.5613982817308512,-1.472258050933781,-1.5613982817308512,-1.1964569621824475,-1.1467208607643733,-0.9536782386664621,-0.7409429851520691,-0.6618265778926031,-0.6335308991018239,True,True,28.57007446761369
Luleburgaz,2007,7,0.2861197837054355,44.9283004608465,20,3,2007-07-01,0.2861197837054355,0.525676930280443,29.38960752014221,46.93138124376206,0.0,11.41891814633562,0.5,5.70945907316781,median,luleburgaz,0.0,11.418918146335619,5.709459073167809,-2.010026783768084,-1.3380592663930195,-0.8721171734411871,-1.5806148171575969,-1.041003290475343,-1.480307140317698,-1.5613982817308512,-1.6276026096334522,-1.721484142216565,-1.1145462047185828,-1.1467208607643733,-1.8228553010794257,-1.7135929008532067,-1.0087928099785597,-0.9874746312142068,True,True,28.57007446761369
Luleburgaz,2007,8,0.2300395681211134,46.82043093237482,20,4,2007-08-01,0.1897432281143768,0.4336564687796705,30.05982308745959,48.39365705434462,16.52076775201913,8.580999068778512,0.5,12.550883410398821,median,luleburgaz,16.520767752019108,8.580999068778512,12.55088341039881,-0.0175815022070436,-1.8920122434573925,-0.6728446153723687,-1.7309832589452934,-1.058972297678261,-0.79870882169292,-0.6992999406425684,-1.8452024637962858,-1.721484142216565,-1.0271894429867303,-1.0696790361613442,-1.8163966919447387,-1.7135929008532067,-1.0827842198587885,-1.0590423035404213,True,True,28.57007446761369
Luleburgaz,2007,9,0.2241198684275549,31.5964763569094,9,2,2007-09-01,0.189633865438078,0.3446252064771623,24.782064321464777,44.39046628301203,22.25027718211724,65.24748906714622,0.5,43.74888312463173,median,luleburgaz,22.250277182117248,65.24748906714623,43.74888312463174,0.6677954647943165,-0.2177725339904376,-1.5316793707427874,-1.013536678062669,-0.9864981725333992,0.6739388437605781,0.6470008337681494,-0.680778937450719,-0.7535860816623509,-1.5626900302750815,-1.5613982817308512,-1.2528301785670635,-1.1467208607643733,-1.061389372470817,-0.9874746312142068,False,False,28.57007446761369
Luleburgaz,2007,10,0.2463098280243745,29.031426361940404,5,1,2007-10-01,0.1841466817202477,0.3409058538431931,17.02123923135515,33.045756172758225,39.6551892066466,25.05117518048774,0.5,32.353182193567164,median,luleburgaz,39.6551892066466,25.05117518048774,32.353182193567164,-0.5346780446432049,-0.2479884944807186,-1.0390055792295845,-0.8243906806819606,-1.462370086694574,-0.7231261306718347,-0.8695173820242987,-0.5642937525202653,-0.5473111231649045,-1.4358423999507237,-1.3256266131669636,-1.0802092993559451,-1.0696790361613442,-1.3907344003246673,-1.2214345945270093,False,False,28.57007446761369
Tekirdag,2007,6,0.4230913250543652,42.242382375833,18,5,2007-06-01,0.3548692843060378,0.5418339664599165,21.08275464126619,42.242382375833,36.48926629478511,0.0,0.5,18.244633147392555,median,tekirdag,36.48926629478511,0.0,18.244633147392555,-2.0772855464765083,-1.912248071132852,-3.351739370789449,-2.88999474825356,-1.8883450614941544,-2.1343116188335176,-1.721484142216565,-1.770032307100021,-2.3528647678133234,-2.9604396845417567,-2.3528647678133234,-2.2706661451670946,-2.346620887656016,-2.1302832863181864,-1.9367654674157944,True,True,28.57007446761369
Tekirdag,2007,7,0.3085406957365583,42.39021412649946,20,8,2007-07-01,0.2996011031383021,0.5231666607488469,30.02835555617328,43.71619808000098,3.998644824275256,9.687311577359669,0.5,6.842978200817463,median,tekirdag,3.9986448242752557,9.687311577359669,6.842978200817463,-1.6448536269514729,-1.858864929244256,-3.8170193184195256,-3.2863788701045173,-1.978019963690064,-1.5648290032756476,-1.5613982817308512,-2.1312667449951483,-1.9439937268344964,-2.6086773364499156,-2.3528647678133234,-2.462355863899875,-2.346620887656016,-1.9467644010467031,-1.9367654674157944,True,True,28.57007446761369
Tekirdag,2007,8,0.2401802448092039,45.94170170418308,20,9,2007-08-01,0.2145976806432795,0.4339782774087779,33.14273610933887,46.82328926867245,11.66127020488976,6.444092970669836,0.5,9.052681587779798,median,tekirdag,11.66127020488976,6.4440929706698356,9.052681587779798,-0.7846847335717907,-2.98501197266948,-3.313220053144233,-3.5329810505351285,-1.9952997852344263,-1.2000454427737015,-1.1467208607643733,-2.0371191382524616,-1.721484142216565,-2.5528805495347258,-2.3528647678133234,-2.562401027223599,-2.346620887656016,-1.9840946819605407,-1.9367654674157944,True,True,28.57007446761369
Tekirdag,2007,9,0.2181541674001159,29.758989652125848,9,4,2007-09-01,0.1910186171295055,0.3434703364482764,26.40771318071996,42.414170237086566,17.79943866285361,79.06297152702564,0.5,48.43120509493963,median,tekirdag,17.79943866285363,79.06297152702564,48.431205094939635,-0.3569492653074838,-1.4628106494736288,-2.457146238832157,-3.5336078052114384,-3.0598489281817964,0.10778725691408979,0.274414889688605,-1.2056061811477812,-1.1467208607643733,-1.9969378896322423,-1.5613982817308512,-2.533205798344796,-2.3528647678133234,-2.3352067960028773,-2.346620887656016,True,False,28.57007446761369
Tekirdag,2007,10,0.2627938048118762,25.243669094902643,5,3,2007-10-01,0.2011434514005603,0.3288378133341623,13.799725248551244,32.81187913608851,48.2796205547216,39.80722061242589,0.5,44.04342058357375,median,tekirdag,48.279620554721596,39.807220612425894,44.04342058357375,-0.0745830617816636,-0.6306883561902153,-1.43877367063486,-2.7639254242615205,-3.0176457854851377,-0.10834614739721384,-0.3179814578594511,-0.6373973988988806,-0.5964147284451813,-1.783134902241804,-1.721484142216565,-2.1648318344641604,-2.3528647678133234,-2.5542650528007798,-2.346620887656016,False,False,28.57007446761369
Uzunkopru,2007,6,0.4114275004553895,41.210373092091,18,6,2007-06-01,0.3278017154225964,0.5030639610561858,25.3569063809869,43.49734916614595,47.71466023984693,12.60705761783258,0.5,30.160858928839755,median,uzunkopru,47.714660239846914,12.60705761783258,30.160858928839748,-0.8625514679198749,-0.6134201893738097,-1.7318513364863497,-1.8136408110672533,-1.1135304220037874,-1.5460636396399945,-1.5613982817308512,-0.9515967587740235,-0.8695173820242987,-1.930327224129022,-2.3528647678133234,-1.772662667069204,-1.9367654674157944,-1.1816902557774058,-1.1364912754190764,False,False,28.57007446761369
Uzunkopru,2007,7,0.316144380544374,42.921104105560566,20,10,2007-07-01,0.3090066548344354,0.4983037733049914,30.206773300306416,45.06194855960739,3.770646784065453,14.411438550389484,0.5,9.091042667227468,median,uzunkopru,3.770646784065453,14.411438550389484,9.091042667227468,-1.475678071142554,-0.3619425811557116,-1.80389155644268,-2.528905160992848,-1.3038975323906778,-1.4593553634830867,-1.5613982817308512,-1.254189489485789,-1.1467208607643733,-1.956099586162468,-1.721484142216565,-2.0475555971300143,-1.9367654674157944,-1.3933598093038624,-1.4246357618543768,True,True,28.57007446761369
Uzunkopru,2007,8,0.2609093000279254,44.79331075568968,20,10,2007-08-01,0.2544562098730799,0.5451981560310377,32.8374973512725,46.303434212563246,2.21952499118913,11.214395793096145,0.5,6.716960392142638,median,uzunkopru,2.21952499118913,11.214395793096092,6.716960392142611,-0.4063548735061215,-1.408756877583845,-1.953621759580597,-2.119848886434036,-1.3706603228683134,-1.0079425450461559,-1.0696790361613442,-1.8391329311888818,-1.721484142216565,-1.970191249538267,-1.9439937268344964,-2.0567806596971354,-2.346620887656016,-1.41576677048413,-1.3162444282273533,True,True,28.57007446761369
Uzunkopru,2007,9,0.2638759143275087,33.64256050032499,9,6,2007-09-01,0.2300308150158601,0.4287520313380586,27.778661706012603,41.08830349723985,17.03144734016398,55.94247473904636,0.5,36.48696103960517,median,uzunkopru,17.03144734016398,55.94247473904636,36.48696103960517,0.8622917663013281,-0.0106588083274276,-0.6595290353445165,-1.5308267102478563,-1.7073506657816082,0.8641204006780931,0.7535860816623511,-0.5037357216851296,-0.4070579827398848,-1.130439571528,-1.1467208607643733,-1.8174770465713768,-1.721484142216565,-1.7877560714589151,-1.4246357618543768,False,False,28.57007446761369
Uzunkopru,2007,10,0.2834532264277739,26.394146905895767,5,2,2007-10-01,0.2078011083839048,0.3833590486590971,17.404481016505297,30.74795713019401,43.09239327214832,32.62875570955448,0.5,37.860574490851405,median,uzunkopru,43.092393272148286,32.628755709554476,37.86057449085138,-0.0459628197505579,0.1082299776778956,-0.2404536436695462,-1.281449752853834,-2.006626626679688,-0.1760332325961962,-0.23136326473860486,-0.12081112809942497,-0.23136326473860486,-0.7776898003064355,-0.6470008337681493,-1.4703132850932743,-1.5613982817308512,-1.979607695369349,-1.7135929008532067,False,False,28.57007446761369
Corlu,2008,6,0.3950316584654239,36.55080673940341,17,10,2008-06-01,0.3398058060169734,0.5550912779270141,24.8281463037949,41.81771643367222,25.65238237326445,31.00084142215337,0.5,28.32661189770891,median,corlu,25.652382373264455,31.00084142215337,28.326611897708915,0.6531475238428515,0.309430858728713,-0.565433456616919,0.3912974003533532,0.1340851914684406,0.41693162377354637,0.4527918916718295,0.04292849045650648,0.1464499462086932,-0.8337655822376671,-0.7535860816623509,0.27811050092197626,0.3913554652074412,-0.1598204108019833,-0.17041725549737796,False,True,29.007892185784346
Corlu,2008,7,0.3181927718623739,40.87740945979167,17,10,2008-07-01,0.2411567941070453,0.46871385428598,32.97320114614718,44.767587698768864,33.85347731894277,32.98330287565889,0.5,33.41839009730083,median,corlu,33.85347731894276,32.98330287565889,33.41839009730083,-0.275552694052196,0.4522797416768337,-0.2237348055821295,0.4233150477964953,0.2089616423609168,-0.4598319814785351,-0.4994934456429097,0.21946384750488704,0.3179814578594512,-0.5965434634569446,-0.5964147284451813,0.32498413613785593,0.2572017876710414,0.021742925281747254,-0.12754191328099132,False,False,29.007892185784346
Corlu,2008,8,0.2707823859593072,43.30515183041285,17,12,2008-08-01,0.2114858986548909,0.3861276906492696,33.698988564166115,46.7417631923928,33.95320594644663,26.34877516431632,0.5,30.150990555381476,median,corlu,33.95320594644661,26.348775164316358,30.150990555381483,-0.7388659681458518,-0.1118296604128362,-0.0035999748543752,-1.0353260487855975,0.1969963929415056,-1.0819067662063102,-1.2312477796812997,-0.5074387634168916,-0.5964147284451813,-0.5237585960848977,-0.4994934456429097,-1.153041806554354,-1.1364912754190764,0.05463142719114608,-0.08489986218558754,False,False,29.007892185784346
Corlu,2008,9,0.2251831416229649,35.13662760263193,13,8,2008-09-01,0.1993734068907274,0.3480665630985831,27.666430007419827,42.38830436288306,17.35771530477066,49.25783623170278,0.5,33.30777576823672,median,corlu,17.35771530477065,49.25783623170278,33.307775768236716,0.4724372755754306,-0.4029898724168251,-0.1652899909923438,-0.7894760821047112,0.1576599084403997,0.5392930718163919,0.4527918916718295,-0.44835241282734717,-0.4070579827398848,-0.45780190758664696,-0.45279189167182926,-0.9726130769308725,-0.8695173820242987,0.01734557527329602,-0.042411701021866303,False,False,29.007892185784346
Corlu,2008,10,0.3107772885461539,22.02336275567009,5,4,2008-10-01,0.1847029231834753,0.3357082850914537,18.0578755063624,35.57369742326176,83.48999252060165,77.36054141152366,0.5,80.42526696606265,median,corlu,83.48999252060165,77.36054141152368,80.42526696606267,-0.3584227902399127,-0.5336507551948401,-0.1119511234644439,-0.5430007082584404,0.0904284897389324,-0.4014511542204683,-0.5964147284451813,-0.5960595820066233,-0.45279189167182926,-0.20712321372984888,-0.23136326473860486,-0.8161140188725116,-0.8101899639922557,-0.03714417567260221,-0.042411701021866303,False,False,29.007892185784346
Edirne,2008,6,0.4303802990612511,35.752308818045414,17,6,2008-06-01,0.3257017645778581,0.543975793256036,27.434696048485225,44.3577027483714,47.9573933359385,50.85026604866774,0.5,49.40382969230312,median,edirne,47.95739333593851,50.85026604866774,49.40382969230313,0.3568822542721035,-0.2756230793163945,-1.566239127824396,-0.2514477549355385,-0.5321164258060047,0.03897492822510549,0.06258145102371986,-0.4537184493150262,-0.3621603567878177,-1.5892192704468453,-1.5613982817308512,-0.3280892169158394,-0.21360832941705765,-0.7350437776403778,-0.7409429851520691,False,False,29.007892185784346
Edirne,2008,7,0.3142244563319016,42.73982528473406,17,7,2008-07-01,0.2414503697484318,0.5612946498717422,31.965500733772664,46.739004736987454,22.752974214643757,27.069945297900567,0.5,24.911459756272162,median,edirne,22.75297421464378,27.069945297900567,24.911459756272173,0.3597094055194361,-0.1188054119408542,-1.159723786878318,-0.1156029463656986,-0.2516035764030324,0.10001051187831166,0.02084838541615085,-0.2690839575921407,-0.02084838541615085,-1.2008918381427243,-1.4335644069425781,-0.20079410890148,-0.12754191328099132,-0.27573603097446764,-0.2572017876710413,False,True,29.007892185784346
Edirne,2008,8,0.2878415390023078,44.544991905515786,17,6,2008-08-01,0.229021614478841,0.4581346810583013,33.579157128574245,46.14653160875334,25.6728808188978,12.743629990205658,0.5,19.20825540455173,median,edirne,25.672880818897795,12.743629990205658,19.20825540455173,-0.6704214071329969,-0.0577029617333539,-0.7519165504979213,-1.1075223962803369,-0.2473334278530284,-1.0807516024645283,-0.998513120455002,-0.6032696271212263,-0.6470008337681493,-1.0372817543121877,-1.1467208607643733,-1.1788304788273312,-1.5529586332276093,-0.34962119897647054,-0.21360832941705765,False,True,29.007892185784346
Edirne,2008,9,0.2652942844469251,38.51374543630016,13,4,2008-09-01,0.2193447657316066,0.3740988588743695,24.89643242742357,42.532933610188266,29.691956950650354,22.78903356305087,0.5,26.240495256850615,median,edirne,29.691956950650344,22.78903356305083,26.240495256850586,1.0460631833536271,0.5288464239702699,0.1242122702988245,-0.9728427095496168,-0.0566676393579839,1.0677783335617124,0.9320757000382391,0.14921451239466493,0.231363264738605,-0.12891757978992938,-0.06258145102371986,-1.078874534975709,-1.0696790361613442,-0.19816551961407677,-0.08489986218558754,False,True,29.007892185784346
Edirne,2008,10,0.3076297569028433,25.34260125619761,5,1,2008-10-01,0.2152552748781966,0.3871591272349366,16.775228355909373,32.14921296752098,53.736132587039634,44.2735691707568,0.5,49.00485087889822,median,edirne,53.736132587039634,44.273569170756794,49.00485087889821,-0.5624689990694126,-0.092972582783263,-0.2308774828190853,-1.0562208549996523,-0.250102918898555,-0.7428350169465473,-0.8101899639922557,-0.2504564245633599,-0.06258145102371986,-0.3232408702461444,-0.23136326473860486,-1.1341261869178316,-1.2312477796812997,-0.35815628339914374,-0.2572017876710413,False,False,29.007892185784346
Kirklareli,2008,6,0.4063735873834888,37.07822558657099,17,6,2008-06-01,0.3012678806275926,0.528383243387792,29.05835330150456,45.33031971721313,46.27855442208569,50.71356417424612,0.5,48.4960592981659,median,kirklareli,46.27855442208568,50.71356417424612,48.4960592981659,0.6371088083494936,0.0106661680314933,-1.0674827322763076,-0.5600850570692367,-0.4495226099711317,0.4488445761561404,0.4527918916718295,-0.15491497121995126,-0.02084838541615085,-1.2806324422911097,-1.1467208607643733,-0.6439571740204275,-0.5825199483025973,-0.6417945236629105,-0.6335308991018239,False,False,29.007892185784346
Kirklareli,2008,7,0.3462945904590479,40.91062464979974,17,7,2008-07-01,0.2485369118494177,0.5420576872552342,29.544782826486998,48.64480564115659,33.30519908666507,40.49304582723681,0.5,36.89912245695094,median,kirklareli,33.30519908666507,40.49304582723682,36.89912245695095,-0.384578501916069,-0.3784812670409562,-0.9443985542771391,-0.853471941857996,-0.3715872521832032,-0.3770096906831849,-0.4070579827398848,-0.43989090471823256,-0.3179814578594511,-1.1187509763306718,-0.8695173820242987,-0.8976015264551659,-0.9206378906748918,-0.4347262597380992,-0.48471925297706436,False,False,29.007892185784346
Kirklareli,2008,8,0.3244984367143336,43.30819326333135,17,6,2008-08-01,0.2398971291224648,0.4850300345873192,31.684933185315188,45.96482627922851,34.51242395688831,18.604011937803165,0.5,26.55821794734574,median,kirklareli,34.51242395688831,18.604011937803165,26.55821794734574,1.2817172169706788,0.7131980915247742,0.2879990110666404,-0.8420601361232407,-0.2409154680401076,0.8309639363495518,0.9320757000382391,0.3502111531164774,0.36216035678781794,-0.13642534280268864,-0.10442384485535401,-0.9821466905152704,-0.85768031591492,-0.3705417472984308,-0.3012898176615288,False,True,29.007892185784346
Kirklareli,2008,9,0.2782019019971638,35.51148351976208,13,4,2008-09-01,0.2264392177848136,0.4263599730650386,25.16473562126994,41.53667351686312,25.89160096949186,36.80193533303613,0.5,31.346768151263994,median,kirklareli,25.89160096949188,36.801935333036134,31.34676815126401,1.3535573102715146,1.248763182951793,0.95544469720073,-0.1684719794923086,-0.0068663940428611,1.4943922014072282,1.4335644069425781,1.0702054503548395,1.146720860764374,0.7283021297016279,0.7535860816623511,-0.3901860936986394,-0.4070579827398848,-0.08563250448261307,-0.042411701021866303,False,False,29.007892185784346
Kirklareli,2008,10,0.2942378043292615,22.22464921756816,5,1,2008-10-01,0.1889990885525008,0.4107584921015044,18.62167950061002,31.82191389321756,47.45625849120099,72.70525954466467,0.5,60.080759017932834,median,kirklareli,47.45625849120099,72.70525954466466,60.08075901793282,-1.2484279901090969,0.7364003720202684,0.239588102455073,-0.2453736754157518,-0.4233535106474448,-1.1656484807752991,-0.998513120455002,0.6995688854719125,0.7535860816623511,0.09765876580689879,0.1464499462086932,-0.4666114431408474,-0.5964147284451813,-0.533108842350776,-0.43756036688567534,False,False,29.007892185784346
Luleburgaz,2008,6,0.4251352265612708,36.2264374861721,17,2,2008-06-01,0.3409911048494393,0.5448500175709519,20.665396881359143,43.24732335614259,41.27566491379213,31.090730358238016,0.5,36.18319763601507,median,luleburgaz,41.275664913792134,31.090730358238016,36.18319763601507,1.3074260463020435,1.3703604492909054,-0.2370595906088057,-0.347950658208875,-0.4982136538542741,1.2850412785277796,1.325626613166965,1.2873961387354385,1.325626613166965,-0.25401825521098503,-0.45279189167182926,-0.1994890497651743,-0.2572017876710413,-0.6619391741872716,-0.6862467686859733,False,False,29.007892185784346
Luleburgaz,2008,7,0.3165721693386896,41.603149471157394,17,4,2008-07-01,0.2861197837054355,0.525676930280443,29.38960752014221,46.93138124376206,12.711950392061972,30.374532567537617,0.5,21.543241479799796,median,luleburgaz,12.711950392061949,30.374532567537617,21.543241479799782,0.4129382907356824,1.1278143020821445,0.2771822670740835,-0.0444625893132062,-0.2523710260839113,0.16012570603193377,0.1464499462086932,1.182473164964117,1.0696790361613444,0.0716885027022423,0.10442384485535429,0.06995383441771816,-0.08489986218558754,-0.32729513891940226,-0.3012898176615288,False,True,29.007892185784346
Luleburgaz,2008,8,0.2617175844631809,48.39365705434462,17,3,2008-08-01,0.1897432281143768,0.4336564687796705,30.05982308745959,48.39365705434462,29.50817928230874,0.0,0.5,14.75408964115437,median,luleburgaz,29.508179282308753,0.0,14.754089641154376,-0.4484718087095541,0.8096228985745615,0.7531649675094791,-0.4510385698980876,-0.2847899437627884,-0.8958126141943193,-0.8101899639922557,0.4574132899691768,0.4994934456429099,0.3158747676202935,0.274414889688605,-0.566475087025455,-0.6862467686859733,-0.3362674404702365,-0.345971670217235,False,True,29.007892185784346
Luleburgaz,2008,9,0.2419467759061139,36.54466239044091,13,1,2008-09-01,0.189633865438078,0.3446252064771623,24.782064321464777,44.39046628301203,33.75215035712483,40.012459495460206,0.5,36.88230492629252,median,luleburgaz,33.75215035712486,40.012459495460206,36.882304926292534,0.0813424604688942,-0.0873484852895291,0.8297852308338143,-0.3464947155017693,-0.4109892637177111,0.06223396957378309,0.06258145102371986,-0.34882773480404683,-0.4994934456429097,0.6376228394627438,0.6992999406425686,-0.4792018892923998,-0.45279189167182926,-0.4485747713692649,-0.48471925297706436,False,False,29.007892185784346
Tekirdag,2008,6,0.4364053910457995,35.38383702670839,17,6,2008-06-01,0.3548692843060378,0.5418339664599165,21.08275464126619,42.242382375833,43.61043262312749,32.41335544821683,0.5,38.01189403567216,median,tekirdag,43.61043262312746,32.41335544821683,38.01189403567214,0.5045397551887137,-0.657028177306708,-1.7167542188218723,0.2032327133719257,-0.249729137957973,0.14397893993682098,0.1464499462086932,-0.9156670854269368,-0.7535860816623509,-1.7993292115865664,-1.9439937268344964,0.05802803397145646,0.08489986218558768,-0.40093838743175436,-0.48471925297706436,False,False,29.007892185784346
Tekirdag,2008,7,0.3540719579649239,40.22138034360097,17,9,2008-07-01,0.2996011031383021,0.5231666607488469,30.02835555617328,43.71619808000098,24.364600437027512,25.53227603485542,0.5,24.948438235941467,median,tekirdag,24.364600437027512,25.53227603485542,24.948438235941467,-0.1305924662501388,-0.3766828391242471,-1.4267235123276447,0.2811003250809253,-0.1629626605900467,-0.4484576187753792,-0.4994934456429097,-0.6094992043363031,-0.6470008337681493,-1.4871868609011127,-1.4335644069425781,0.11845153740746746,0.042411701021866303,-0.3238196880103338,-0.3012898176615288,False,True,29.007892185784346
Tekirdag,2008,8,0.269435436286571,44.1861327061698,17,9,2008-08-01,0.2145976806432795,0.4339782774087779,33.14273610933887,46.82328926867245,24.99662980765296,19.276680787599894,0.5,22.136655297626426,median,tekirdag,24.99662980765296,19.276680787599894,22.136655297626426,-0.9146716669233196,-0.1690149909795733,-0.8122397340500289,-1.6920303205240643,-0.1544376686500223,-1.1265683070899781,-1.0696790361613442,-0.748359263182675,-0.8101899639922557,-1.210821401357972,-1.2312477796812997,-1.6677273824180423,-1.7135929008532067,-0.30730203307618803,-0.3012898176615288,False,True,29.007892185784346
Tekirdag,2008,9,0.2078484886681772,35.577053422582075,13,5,2008-09-01,0.1910186171295055,0.3434703364482764,26.40771318071996,42.414170237086566,11.039476375783634,42.71474187215597,0.5,26.877109123969802,median,tekirdag,11.03947637578365,42.71474187215597,26.87710912396981,0.2215740213339523,-0.4065430215406257,-0.905387520197476,-1.705092873223782,-0.0343670966998668,0.28616995225666825,0.4527918916718295,-0.528052117571812,-0.5473111231649045,-1.0758836502040523,-1.1467208607643733,-1.714169211882684,-1.4335644069425781,-0.27173997829680613,-0.3012898176615288,False,True,29.007892185784346
Uzunkopru,2008,6,0.4100581513582421,36.72464905075392,17,8,2008-06-01,0.3278017154225964,0.5030639610561858,25.3569063809869,43.49734916614595,46.93334587736278,37.33481147953496,0.5,42.13407867844887,median,uzunkopru,46.933345877362804,37.33481147953496,42.13407867844889,-0.3521106724128548,-1.101802336598535,-1.774848139458965,-0.5074606328273225,-0.5304427748962507,-0.5776166798925937,-0.5473111231649045,-1.1364737895364336,-1.2312477796812997,-1.787760917938619,-1.721484142216565,-0.5762211391422719,-0.5329820468077671,-0.7243059451268293,-0.6862467686859733,True,False,29.007892185784346
Uzunkopru,2008,7,0.351599601276468,42.41730323810586,17,11,2008-07-01,0.3090066548344354,0.4983037733049914,30.206773300306416,45.06194855960739,22.500578342748344,17.802855067937955,0.5,20.151716705343148,median,uzunkopru,22.500578342748344,17.802855067937955,20.151716705343148,0.4831965252379362,-0.6235808155958205,-1.236927172205994,-0.3429236422285296,-0.348885973296837,0.30990339720144516,0.5964147284451815,-0.6391155698271129,-0.6992999406425684,-1.338408025666958,-1.4335644069425781,-0.5099096383624192,-0.48471925297706436,-0.534637110973194,-0.48471925297706436,False,True,29.007892185784346
Uzunkopru,2008,8,0.3070529247399481,43.95508394613901,17,9,2008-08-01,0.2544562098730799,0.5451981560310377,32.8374973512725,46.303434212563246,18.090514823166536,17.439189642829934,0.5,17.764852232998237,median,uzunkopru,18.090514823166536,17.439189642829934,17.764852232998237,0.3601914559960413,-0.0193536745439501,-0.6327695900464252,-1.4024816516188645,-0.2554840961253977,-0.22479094931815904,-0.1887364255057275,-0.3779712298745459,-0.3179814578594511,-0.9378146034187881,-0.9320757000382391,-1.3904819298128854,-1.4246357618543768,-0.47836046283004635,-0.48471925297706436,False,True,29.007892185784346
Uzunkopru,2008,9,0.2708240202210366,35.19440215550908,13,5,2008-09-01,0.2300308150158601,0.4287520313380586,27.778661706012603,41.08830349723985,20.527856038801637,44.28294490701923,0.5,32.40540047291043,median,uzunkopru,20.527856038801634,44.28294490701923,32.40540047291043,0.1630358504129698,0.1842455113057026,-0.8078009012331971,-1.4299946526084362,-0.4783495093400884,0.2046784933095904,0.231363264738605,-0.0130597892592497,-0.02084838541615085,-0.8961614156265391,-0.6992999406425684,-1.438428324124569,-1.5613982817308512,-0.5593004539971054,-0.7409429851520691,False,False,29.007892185784346
Uzunkopru,2008,10,0.2657763554904954,26.780082493875565,5,1,2008-10-01,0.2078011083839048,0.3833590486590971,17.404481016505297,30.74795713019401,33.0234263489949,29.73643900968136,0.5,31.379932679338133,median,uzunkopru,33.0234263489949,29.736439009681362,31.379932679338133,-0.8654233663143351,-0.6305952670116278,-0.9850769552914038,-1.4218061795332817,-0.6380928845799926,-0.9578639230281929,-0.9320757000382391,-0.7427809766681267,-0.6470008337681493,-0.967197629127682,-0.9320757000382391,-1.3947190954995992,-1.3256266131669636,-0.7123449913791973,-0.7979517139723642,False,False,29.007892185784346
Corlu,2009,6,0.3398058060169734,37.17956608095058,20,14,2009-06-01,0.3398058060169734,0.5550912779270141,24.8281463037949,41.81771643367222,0.0,27.29998650504485,0.5,13.649993252522425,median,corlu,0.0,27.299986505044846,13.649993252522423,-0.1452635303076809,0.0439933867049115,1.079412655997124,-0.1395781429037377,-0.3456881276168547,-0.5519368631720423,-0.45279189167182926,-0.04964085312366021,-0.02084838541615085,1.002871862243851,1.146720860764374,-0.27952335296030467,-0.345971670217235,-0.48544818178776783,-0.5825199483025973,False,True,28.44825887334922
Corlu,2009,7,0.3192190962834051,40.11371406508197,23,15,2009-07-01,0.2411567941070453,0.46871385428598,32.97320114614718,44.767587698768864,34.30449581084285,39.458378042157854,0.5,36.881436926500356,median,corlu,34.30449581084286,39.458378042157854,36.881436926500356,1.230026817454841,0.681066321309063,1.4946299061267918,0.3945661468976131,0.0660285369324613,0.9933270665151211,0.8101899639922558,0.20485705608827973,0.274414889688605,1.336650195339453,1.325626613166965,0.17960040078911726,0.08489986218558768,-0.14860412469829945,-0.2572017876710413,False,False,28.44825887334922
Corlu,2009,8,0.2671328353459926,39.24322609108738,23,16,2009-08-01,0.2114858986548909,0.3861276906492696,33.698988564166115,46.7417631923928,31.86347096855995,57.49188585285653,0.5,44.67767841070824,median,corlu,31.86347096855993,57.491885852856555,44.67767841070824,-1.6448536269514729,0.2483929125805835,0.8640365366469791,0.5429635949476701,0.0490908612120025,-0.38604816240629225,-0.3179814578594511,-0.09197164458092019,-0.02084838541615085,0.6496845751676464,0.6470008337681494,0.3154106762568465,0.21360832941705765,-0.05602575919416349,-0.2572017876710413,False,False,28.44825887334922
Corlu,2009,9,0.2888976169156584,32.25497451979896,17,11,2009-09-01,0.1993734068907274,0.3480665630985831,27.666430007419827,42.38830436288306,60.2073506999788,68.83179137664399,0.5,64.5195710383114,median,corlu,60.207350699978825,68.83179137664399,64.51957103831141,1.268016398534578,1.2397269713213468,0.923728419542644,1.5063985690170356,0.3412536618552999,1.4048461155293774,1.2312477796813,1.1316536472958956,0.9985131204550027,0.8621807936900698,0.7535860816623511,1.4627423082934077,1.325626613166965,0.22423608905196732,0.43756036688567534,False,False,28.44825887334922
Corlu,2009,10,0.3319483386042446,24.311560534671045,17,10,2009-10-01,0.1847029231834753,0.3357082850914537,18.0578755063624,35.57369742326176,97.51005762994012,64.29693646134265,0.5,80.90349704564139,median,corlu,97.51005762994008,64.29693646134267,80.90349704564137,1.239123932636958,1.377652080321791,1.324359274466722,1.825656958005932,0.918923366043876,1.1429967748636058,0.9985131204550027,1.401384573589275,1.2312477796813,1.1194343424599935,1.2312477796813,1.8369376216011597,1.9439937268344982,0.7954898695215123,0.7979517139723645,False,False,28.44825887334922
Edirne,2009,6,0.3960255898308701,37.23173166676688,20,6,2009-06-01,0.3257017645778581,0.543975793256036,27.434696048485225,44.3577027483714,32.218136843342485,42.10818566686766,0.5,37.163161255105074,median,edirne,32.218136843342506,42.10818566686762,37.16316125510507,-0.3829800812563063,-1.500557009549769,-0.1417701283049446,-1.1514146438284336,-0.8146885386381111,-0.5636079569479748,-0.7535860816623509,-1.3107600876310102,-1.5613982817308512,-0.3006301744710348,-0.4070579827398848,-1.1801692104531964,-1.1364912754190764,-0.9817080569620108,-0.9874746312142068,True,False,28.44825887334922
Edirne,2009,7,0.3766372420371945,42.31796478687762,23,8,2009-07-01,0.2414503697484318,0.5612946498717422,31.965500733772664,46.739004736987454,42.266465492721565,29.92546622079493,0.5,36.09596585675825,median,edirne,42.266465492721586,29.925466220794988,36.09596585675828,1.63973080496013,0.5809365393554662,0.3408522981028983,-0.2237801743612439,-0.3342430333118015,1.408750053579174,1.2312477796813,0.09609290052956143,0.18873642550572778,0.06091736305947566,0.10442384485535429,-0.43665992459329034,-0.3012898176615288,-0.5122408273351617,-0.48471925297706436,False,False,28.44825887334922
Edirne,2009,8,0.3261652035427922,41.14660908782838,23,8,2009-08-01,0.229021614478841,0.4581346810583013,33.579157128574245,46.14653160875334,42.3998467281918,39.784940989947394,0.5,41.092393859069595,median,edirne,42.39984672819181,39.784940989947394,41.0923938590696,-0.0828084826992203,0.6725327330542541,-0.192436950750838,0.0488329642496011,-0.2497002829958346,-0.20181193810028006,-0.23136326473860486,0.20959604642427815,0.1464499462086932,-0.4054352333833243,-0.1887364255057275,-0.2327602153505185,-0.08489986218558754,-0.3871549720891518,-0.2572017876710413,False,False,28.44825887334922
Edirne,2009,9,0.3250098512876775,30.27365146134324,17,6,2009-09-01,0.2193447657316066,0.3740988588743695,24.89643242742357,42.532933610188266,68.27934784160657,69.51085151076015,0.5,68.89509967618335,median,edirne,68.27934784160657,69.51085151076016,68.89509967618336,1.081985343021007,1.3469964158632088,0.4007567382304985,0.7133445338794723,-0.2439750349518331,1.0906233308220388,0.9985131204550027,1.1930095296307661,1.0696790361613444,0.18540182424224194,0.231363264738605,0.5118610256691589,0.6992999406425686,-0.38599581804184036,-0.3913554652074409,False,False,28.44825887334922
Edirne,2009,10,0.3659150851748315,21.750195644428487,17,4,2009-10-01,0.2152552748781966,0.3871591272349366,16.775228355909373,32.14921296752098,87.64190460605919,67.64035209999079,0.5,77.64112835302498,median,edirne,87.64190460605919,67.64035209999079,77.64112835302498,1.438683572466408,1.5715430946481426,1.4524463874490934,1.3082209928279402,0.6860696999421939,1.5821998958809869,1.7214841422165659,1.4673601760410668,1.4335644069425781,1.1173454339620192,1.146720860764374,1.144581149856918,1.146720860764374,0.4593935532030281,0.5329820468077673,False,False,28.44825887334922
Kirklareli,2009,6,0.3561512170668564,40.6618154384706,20,6,2009-06-01,0.3012678806275926,0.528383243387792,29.05835330150456,45.33031971721313,24.16540024956944,28.69047390753996,0.5,26.4279370785547,median,kirklareli,24.165400249569455,28.690473907539957,26.427937078554706,0.0205967571371748,-0.6963437982855329,0.7880230551623763,-0.4861500904651278,0.0674975562998837,-0.16424278204620382,-0.10442384485535401,-0.8059137847119761,-0.8101899639922557,0.7891452480022078,1.0696790361613444,-0.645584868301902,-0.6335308991018239,-0.07517391558060657,0.042411701021866303,False,True,28.44825887334922
Kirklareli,2009,7,0.4141232033684765,37.9700812122142,23,8,2009-07-01,0.2485369118494177,0.5420576872552342,29.544782826486998,48.64480564115659,56.413823277116336,55.88854281757072,0.5,56.15118304734353,median,kirklareli,56.413823277116336,55.88854281757072,56.15118304734353,1.7559773602070778,0.9378026602495302,1.3583838410958684,0.4378415861894246,0.6196282972023812,1.7211788716978167,1.561398281730852,0.6014098489711084,0.5473111231649046,1.2744467374798272,1.325626613166965,0.33665192532737637,0.3459716702172352,0.4611197726172095,0.5825199483025975,False,False,28.44825887334922
Kirklareli,2009,8,0.3710284925910486,40.84951689691839,23,8,2009-08-01,0.2398971291224648,0.4850300345873192,31.684933185315188,45.96482627922851,53.49398654575347,35.82176245066203,0.5,44.65787449820775,median,kirklareli,53.49398654575347,35.82176245066203,44.65787449820775,-1.8339146358159144,0.7070121464503006,0.310281557378404,0.6834561581530544,0.25155438668271,-0.7117674789234107,-0.5473111231649045,0.46705140978758286,0.5473111231649046,0.12355742653693343,0.18873642550572778,0.5648270768609948,0.4847192529770645,0.18587462559842097,0.17041725549737824,False,False,28.44825887334922
Kirklareli,2009,9,0.3605182617748407,29.014996455734742,17,6,2009-09-01,0.2264392177848136,0.4263599730650386,25.16473562126994,41.53667351686312,67.06609516460216,76.48255900420207,0.5,71.77432708440212,median,kirklareli,67.06609516460217,76.4825590042021,71.77432708440213,2.0692067421095475,2.201423943958011,1.6021913974061273,1.928903998247928,0.6638707540379453,2.1251520376315574,1.9439937268344982,2.055511723737185,1.9439937268344982,1.45211707447945,1.7214841422165659,2.050765024505031,1.7214841422165659,0.6606312030556436,0.6335308991018241,False,False,28.44825887334922
Kirklareli,2009,10,0.3988398078148408,22.02389663833243,17,4,2009-10-01,0.1889990885525008,0.4107584921015044,18.62167950061002,31.82191389321756,94.62539847423886,74.22608541233377,0.5,84.42574194328631,median,kirklareli,94.62539847423884,74.22608541233377,84.42574194328631,0.8856757379028086,1.6919155500071936,1.6463534857353204,2.064498119611968,1.241469494449753,0.7828147259498354,0.869517382024299,1.6947795318719616,1.561398281730852,1.6648796595859063,1.561398281730852,2.079156305801991,1.9439937268344982,1.2813412792761123,1.3162444282273542,False,False,28.44825887334922
Luleburgaz,2009,6,0.393626009533229,41.86611022800585,20,3,2009-06-01,0.3409911048494393,0.5448500175709519,20.665396881359143,43.24732335614259,25.819280590244876,6.116453924686606,0.5,15.967867257465741,median,luleburgaz,25.819280590244873,6.116453924686606,15.96786725746574,-0.5745408056445322,-1.362291600095732,0.5903026766289732,-0.7032914964684877,-0.7700444294296294,-0.5625154895868585,-0.5964147284451813,-1.17893809067053,-1.1467208607643733,0.2595093568368569,0.407057982739885,-0.9541762478862496,-0.7979517139723642,-1.022610612150747,-0.9874746312142068,True,True,28.44825887334922
Luleburgaz,2009,7,0.3818091531048748,38.82479696553796,23,4,2009-07-01,0.2861197837054355,0.525676930280443,29.38960752014221,46.93138124376206,39.94427666530838,46.2130250107414,0.5,43.078650838024885,median,luleburgaz,39.94427666530836,46.21302501074136,43.078650838024856,0.4861142858217722,-0.7500904403173972,0.4468275220271779,-0.2410756309800651,-0.7504203850934527,0.0622885333280329,-0.02084838541615085,-0.7580106877540099,-0.8101899639922557,-0.101325979266685,-0.06258145102371986,-0.5304338331648122,-0.5825199483025973,-1.0030001708455287,-0.9206378906748918,False,False,28.44825887334922
Luleburgaz,2009,8,0.2679236752265809,41.17791236664111,23,4,2009-08-01,0.1897432281143768,0.4336564687796705,30.05982308745959,48.39365705434462,32.05256381283786,39.357532640127246,0.5,35.70504822648255,median,luleburgaz,32.052563812837874,39.357532640127246,35.70504822648256,-1.874905174354596,-0.5235867432958172,-0.665980978241301,-0.0304230098590555,-0.7848740214693437,-0.4781874278751097,-0.45279189167182926,-0.6370146667608547,-0.6992999406425684,-0.8538620233100874,-0.9320757000382391,-0.37841286130382074,-0.43756036688567534,-0.9215401201649751,-0.85768031591492,False,False,28.44825887334922
Luleburgaz,2009,9,0.2708147546566154,30.214714285214235,17,3,2009-09-01,0.189633865438078,0.3446252064771623,24.782064321464777,44.39046628301203,52.37769327904965,72.29427479912403,0.5,62.33598403908684,median,luleburgaz,52.377693279049666,72.29427479912403,62.335984039086846,2.0871792951014383,1.4179092807540103,0.4599320881663947,1.2574971981283052,0.0687569392260246,2.4361033013578828,2.3528647678133265,1.4466036619676035,1.7214841422165659,0.3681883414633037,0.407057982739885,0.9910070852394793,0.9985131204550027,-0.15302919370339818,-0.08489986218558754,False,False,28.44825887334922
Luleburgaz,2009,10,0.3200901241660587,23.9752746351694,17,3,2009-10-01,0.1841466817202477,0.3409058538431931,17.02123923135515,33.045756172758225,86.72120463815111,56.60377514502869,0.5,71.6624898915899,median,luleburgaz,86.72120463815111,56.60377514502869,71.6624898915899,1.4203977632521594,1.9341174796847933,1.3213866106320429,1.63344943462586,0.9578134055812632,1.5133163272426051,1.325626613166965,2.3166408234644513,1.7214841422165659,1.4376742573289736,1.2312477796813,1.4602436708489979,1.325626613166965,0.6632765615266543,0.6862467686859735,False,False,28.44825887334922
Tekirdag,2009,6,0.3828772075390332,37.958328375561095,20,8,2009-06-01,0.3548692843060378,0.5418339664599165,21.08275464126619,42.242382375833,14.980328322085906,20.24635808348078,0.5,17.61334320278334,median,tekirdag,14.980328322085906,20.24635808348078,17.61334320278334,-0.722247421267419,-1.5701085280748304,-0.5401536266986912,-1.018395397992252,-1.1668454325787034,-0.9400500455125023,-1.2312477796812997,-1.2229994830999904,-1.1467208607643733,-0.6421445886537901,-0.6470008337681493,-1.0987427357999264,-0.9874746312142068,-1.2156172621541426,-1.2214345945270093,True,True,28.44825887334922
Tekirdag,2009,7,0.3947070647356709,37.2085030090072,23,11,2009-07-01,0.2996011031383021,0.5231666607488469,30.02835555617328,43.71619808000098,42.540524852690005,47.5436144130474,0.5,45.0420696328687,median,tekirdag,42.540524852690005,47.5436144130474,45.0420696328687,1.3382632399326748,-0.104863844523362,-0.0140832226768641,-0.7596213029943791,-0.7777423047027757,0.9945950530909008,1.0696790361613444,-0.5603425097558026,-0.5964147284451813,-0.37383695580151316,-0.3179814578594511,-0.9792912233801052,-0.9206378906748918,-0.8961949933024896,-0.7409429851520691,False,False,28.44825887334922
Tekirdag,2009,8,0.2915338436519831,40.09402743473651,23,12,2009-08-01,0.2145976806432795,0.4339782774087779,33.14273610933887,46.82328926867245,35.069720906513275,49.18852151343667,0.5,42.12912120997497,median,tekirdag,35.069720906513275,49.18852151343667,42.12912120997497,-1.2815515655446004,0.1772656201054947,-0.2865009209699972,-0.662686892514388,-0.7536166868552145,-0.5725055900796013,-0.5473111231649045,-0.3360757353555016,-0.3621603567878177,-0.46177293703707595,-0.4994934456429097,-0.8617265818839586,-0.7409429851520691,-0.8186489813751767,-0.7409429851520691,False,False,28.44825887334922
Tekirdag,2009,9,0.2510468374052954,28.864637993090387,17,9,2009-09-01,0.1910186171295055,0.3434703364482764,26.40771318071996,42.414170237086566,39.37523338144391,84.65041449386091,0.5,62.01282393765241,median,tekirdag,39.37523338144393,84.65041449386091,62.01282393765241,1.910632380898128,1.8005595956371965,1.0032890561095544,0.8938180779750706,0.0869084370485462,1.8375939608566074,1.7214841422165659,1.6034879927502028,1.4335644069425781,0.727141380953346,0.6992999406425686,0.775549745924329,0.869517382024299,-0.06328131607316438,-0.042411701021866303,False,False,28.44825887334922
Tekirdag,2009,10,0.3288378133341623,23.843120599711728,17,8,2009-10-01,0.2011434514005603,0.3288378133341623,13.799725248551244,32.81187913608851,100.0,47.173816230553065,0.5,73.58690811527653,median,tekirdag,100.0,47.173816230553065,73.58690811527653,1.5921937271534403,1.9532958497651216,1.7095637397955483,1.6741602098119053,0.738757351632608,1.434118407956099,1.561398281730852,1.9094450292544496,1.561398281730852,1.5345731086298176,1.325626613166965,1.6068793693908319,1.325626613166965,0.561606459687733,0.5825199483025975,False,False,28.44825887334922
Uzunkopru,2009,6,0.3753203116023487,38.14120548954124,20,9,2009-06-01,0.3278017154225964,0.5030639610561858,25.3569063809869,43.49734916614595,27.11285365993577,29.52598092581646,0.5,28.319417292876114,median,uzunkopru,27.11285365993579,29.52598092581646,28.319417292876125,-1.2626431387309012,-1.6492188665201906,-0.0592635043991463,-1.2220792169599966,-1.0535203542608025,-1.2283416936658305,-1.2312477796812997,-1.4160636705578895,-1.5613982817308512,-0.2164549904413936,-0.23136326473860486,-1.2482211063138458,-1.2214345945270093,-1.0809990730765733,-0.9206378906748918,True,True,28.44825887334922
Uzunkopru,2009,7,0.3848817739089306,42.41310407521152,23,12,2009-07-01,0.3090066548344354,0.4983037733049914,30.206773300306416,45.06194855960739,40.08255365297445,17.831122407912392,0.5,28.95683803044342,median,uzunkopru,40.082553652974426,17.831122407912343,28.956838030443386,0.4251550748617596,-1.1206273187790778,-0.3205805796818866,-0.8170607290361507,-1.100613112493064,-0.07688329046307603,-0.10442384485535401,-1.4545424096368165,-1.5613982817308512,-0.5730221133182517,-0.45279189167182926,-0.9847889387486696,-0.85768031591492,-1.1474746430025569,-0.9874746312142068,True,False,28.44825887334922
Uzunkopru,2009,8,0.3171203418672916,40.39331505816018,23,12,2009-08-01,0.2544562098730799,0.5451981560310377,32.8374973512725,46.303434212563246,21.553178969286662,43.889401942707245,0.5,32.72129045599695,median,uzunkopru,21.553178969286666,43.889401942707245,32.72129045599696,0.0875164826120518,-0.4841432298275013,-0.5419077860505683,-0.485120589348439,-1.128511474221082,-0.060765966662400625,0.02084838541615085,-0.802385313512729,-0.8101899639922557,-0.713393997592266,-0.6470008337681493,-0.7394246647087862,-0.6335308991018239,-1.1235484705818108,-0.9874746312142068,False,False,28.44825887334922
Uzunkopru,2009,9,0.324733737868932,28.9882283610893,17,9,2009-09-01,0.2300308150158601,0.4287520313380586,27.778661706012603,41.08830349723985,47.65617109525157,90.91210211326684,0.5,69.2841366042592,median,uzunkopru,47.65617109525157,90.91210211326684,69.2841366042592,1.5567188111908778,1.0854184811787435,-0.0671905186078318,0.5047165390329774,-0.5822732405355858,1.645346859131205,1.561398281730852,0.8447167510289432,0.8101899639922558,-0.3010952202159961,-0.3179814578594511,0.31371196575002147,0.36216035678781794,-0.7233332267123644,-0.7979517139723642,False,False,28.44825887334922
Uzunkopru,2009,10,0.3833590486590971,22.390619674666382,17,7,2009-10-01,0.2078011083839048,0.3833590486590971,17.404481016505297,30.74795713019401,100.0,62.63238592643831,0.5,81.31619296321915,median,uzunkopru,100.0,62.63238592643831,81.31619296321915,1.0164596101867154,1.366072254994341,0.6949365430489669,0.7241496056378934,0.1063234219415058,0.9724436182317931,0.9320757000382391,1.3574884426735299,1.146720860764374,0.4750914478341047,0.407057982739885,0.5888263930325637,0.6992999406425686,-0.10114114390676557,-0.2572017876710413,False,False,28.44825887334922
Corlu,2010,6,0.3773595867679009,38.18265275839149,14,10,2010-06-01,0.3398058060169734,0.5550912779270141,24.8281463037949,41.81771643367222,17.443713418163103,21.395854324108093,0.5,19.4197838711356,median,corlu,17.443713418163078,21.39585432410805,19.419783871135564,0.8691813709472133,0.2358915586688072,1.5035602798038905,1.6455573072262362,1.94101297487558,0.7488878606618474,0.869517382024299,0.02883110611903945,0.02084838541615085,1.4942272446887253,1.4335644069425781,1.5927192410062814,1.4246357618543775,1.917651962462205,1.9367654674157966,False,True,28.48920020345403
Corlu,2010,7,0.4313693350717886,38.29386526826946,20,12,2010-07-01,0.2411567941070453,0.46871385428598,32.97320114614718,44.767587698768864,83.5889428414894,54.88816566776349,0.5,69.23855425462645,median,corlu,83.58894284148937,54.88816566776349,69.23855425462642,0.368654569565905,0.1851456178926371,1.4614516269850255,1.3290934193545976,1.7059343235764826,-0.0025486904912069984,0.02084838541615085,-0.2195286778301558,-0.14644994620869292,1.2616073896469704,1.146720860764374,1.2308853473755077,1.4246357618543775,1.652981824928372,1.7135929008532076,False,False,28.48920020345403
Corlu,2010,8,0.3176762171175913,39.73394471282314,14,10,2010-08-01,0.2114858986548909,0.3861276906492696,33.698988564166115,46.7417631923928,60.80464317848868,53.72950679070695,0.5,57.26707498459781,median,corlu,60.80464317848869,53.72950679070697,57.267074984597826,-1.241435696039271,0.3447130017164614,0.1383750193817274,1.4228485773592128,1.6814273087338345,-2.9137613770433832,-2.3528647678133234,-0.4224196251569076,-0.3621603567878177,-0.45210520962157763,-0.45279189167182926,1.0426093973276898,1.0590423035404217,1.4161092300302158,1.5529586332276095,False,False,28.48920020345403
Corlu,2010,9,0.2992724042721546,36.98032668986789,14,10,2010-09-01,0.1993734068907274,0.3480665630985831,27.666430007419827,42.38830436288306,67.18466399474367,36.734301233920576,0.5,51.959482614332124,median,corlu,67.1846639947437,36.734301233920625,51.95948261433216,0.6907581894082676,0.1218435639750119,0.1224186407778154,1.2588469085439384,1.444950380555015,0.579742403083983,0.5964147284451815,-0.5995114637672014,-0.5964147284451813,-0.573763912601423,-0.5964147284451813,0.7987141245108783,0.8101899639922558,1.0781433568934122,0.9874746312142068,False,False,28.48920020345403
Corlu,2010,10,0.2759344701515837,23.218179327425627,13,7,2010-10-01,0.1847029231834753,0.3357082850914537,18.0578755063624,35.57369742326176,60.41609769042787,70.53918539737755,0.5,65.4776415439027,median,corlu,60.41609769042787,70.53918539737757,65.47764154390272,1.6719027213407598,1.438613136829907,1.096611678934745,1.8459930279547008,1.670232278475406,1.863599569521453,1.9439937268344982,1.1770246569595884,1.0696790361613444,0.7173244552635567,0.6470008337681494,1.6190907469063949,1.561398281730852,1.5054209548126447,1.7135929008532076,False,False,28.48920020345403
Edirne,2010,6,0.3873581813802863,39.446757876667085,14,3,2010-06-01,0.3257017645778581,0.543975793256036,27.434696048485225,44.3577027483714,28.247252857248583,29.019340113700643,0.5,28.633296485474613,median,edirne,28.247252857248604,29.019340113700643,28.633296485474624,0.5751750262345501,-0.8448581082633286,1.6046046039241686,2.156072109679985,2.46774931043183,0.3660465518303825,0.407057982739885,-0.9065984871046646,-0.9320757000382391,1.709361788065463,1.7214841422165659,2.257176647362507,2.346620887656017,2.0992723388463,1.9367654674157966,False,False,28.48920020345403
Edirne,2010,7,0.4580835476482312,36.53137896941867,20,8,2010-07-01,0.2414503697484318,0.5612946498717422,31.965500733772664,46.739004736987454,67.73082758155947,69.09414154791953,0.5,68.4124845647395,median,edirne,67.73082758155948,69.09414154791953,68.41248456473951,1.4713069423673577,0.4840677384653069,1.8729240616171576,1.9271274173642383,2.373797715407335,1.4345897475866922,1.325626613166965,0.2134207918355993,0.3179814578594512,1.8395117302144526,1.9439937268344982,1.969984023202539,1.9367654674157966,2.009710228734784,1.9367654674157966,False,False,28.48920020345403
Edirne,2010,8,0.3729864070816048,38.7535681168374,14,6,2010-08-01,0.229021614478841,0.4581346810583013,33.579157128574245,46.14653160875334,62.8356971307153,58.82663481999293,0.5,60.83116597535412,median,edirne,62.83569713071531,58.82663481999293,60.831165975354125,0.0420723491323753,1.0180801063055098,0.3830716278709823,1.975160697616181,2.343389400409025,-1.1805814058718247,-1.1467208607643733,0.4035448424605461,0.407057982739885,-0.06369213138368363,-0.06258145102371986,2.1193258854032635,2.346620887656017,2.0998350493658444,1.9367654674157966,False,False,28.48920020345403
Edirne,2010,9,0.3289377013623976,35.532721016316735,14,5,2010-09-01,0.2193447657316066,0.3740988588743695,24.89643242742357,42.532933610188266,70.81747138648532,39.69161752282535,0.5,55.25454445465533,median,edirne,70.81747138648532,39.69161752282535,55.25454445465533,0.4499089714007683,0.847822733319965,0.1212994213938525,1.7020495784769674,2.1703033861106897,0.19385703810257496,0.231363264738605,0.22658019886702793,0.36216035678781794,-0.3845674244527836,-0.2744148896886049,1.3983569025323306,1.2312477796813,1.9310611182706021,1.7135929008532076,False,False,28.48920020345403
Edirne,2010,10,0.3133706264604659,25.98229583806125,13,2,2010-10-01,0.2152552748781966,0.3871591272349366,16.775228355909373,32.14921296752098,57.07571426535419,40.11267921266165,0.5,48.59419673900792,median,edirne,57.07571426535419,40.11267921266165,48.59419673900792,0.99473268255347,0.7502045389913469,0.7384374615425665,1.8304056851529549,1.9615780829870344,1.1705305229218077,1.0696790361613444,0.4132537411323884,0.274414889688605,0.38960731125912884,0.274414889688605,1.5753852415629865,1.4335644069425781,1.7549925252156178,1.7135929008532076,False,False,28.48920020345403
Kirklareli,2010,6,0.3634121837676011,37.59668242631436,14,3,2010-06-01,0.3012678806275926,0.528383243387792,29.05835330150456,45.33031971721313,27.36243924001908,47.52736758006642,0.5,37.44490341004275,median,kirklareli,27.3624392400191,47.52736758006642,37.444903410042755,0.2128918168256997,-0.7869147540735341,0.8022716288415785,0.807758403394234,1.6451749617457627,0.10827760636045254,0.18873642550572778,-0.9075205430705481,-0.998513120455002,0.8136519892088206,1.146720860764374,0.732194784101728,0.6862467686859735,1.6613427560485339,1.5529586332276095,False,False,28.48920020345403
Kirklareli,2010,7,0.4813717400721647,34.95221738943778,20,7,2010-07-01,0.2485369118494177,0.5420576872552342,29.544782826486998,48.64480564115659,79.32482050063878,71.68885809498796,0.5,75.50683929781337,median,kirklareli,79.32482050063878,71.68885809498798,75.50683929781337,0.8625819205867052,-0.1587912903617663,1.261292927596788,0.7663724499398186,1.3963946170930164,0.6269707517886145,0.6992999406425686,-0.44197265419178017,-0.3621603567878177,1.1474291017707738,1.2312477796813,0.6978153058827413,0.6335308991018241,1.334942339806369,1.4246357618543775,False,False,28.48920020345403
Kirklareli,2010,8,0.4036185053589064,38.57640540895164,14,6,2010-08-01,0.2398971291224648,0.4850300345873192,31.684933185315188,45.96482627922851,66.78882050778569,51.74002929634057,0.5,59.264424902063126,median,kirklareli,66.7888205077857,51.74002929634057,59.26442490206314,-1.8339146358159144,0.0651845646932194,-0.3102123099629191,0.8781055815381303,1.391909415918149,-2.7878252094053066,-2.3528647678133234,-0.8132537948973769,-0.7535860816623509,-0.8915812457409097,-0.9320757000382391,0.3992122841339355,0.3459716702172352,1.1524107488933812,1.1364912754190772,False,False,28.48920020345403
Kirklareli,2010,9,0.3438454914669157,35.10338214164723,14,5,2010-09-01,0.2264392177848136,0.4263599730650386,25.16473562126994,41.53667351686312,58.72640562883828,39.29462361903738,0.5,49.01051462393783,median,kirklareli,58.72640562883829,39.29462361903738,49.01051462393784,0.0891244033017326,-0.0802637748420444,-0.8023418762103327,0.5845245405209656,0.6582495119162386,-0.11952364408724397,0.02084838541615085,-0.9077972700148508,-0.8695173820242987,-1.3688281767069361,-1.3256266131669636,0.08590866830983,0.1464499462086932,0.1826443570645805,0.2572017876710414,False,False,28.48920020345403
Kirklareli,2010,10,0.2797549728312816,23.44303831699338,13,4,2010-10-01,0.1889990885525008,0.4107584921015044,18.62167950061002,31.82191389321756,40.92538256612233,63.47520299273292,0.5,52.20029277942763,median,kirklareli,40.92538256612233,63.47520299273291,52.20029277942762,0.5209064123066472,-0.1728316412727807,-0.2900594477377585,0.8009603474731282,0.5167875597843109,0.6733509115764237,0.6992999406425686,-0.7532741304329601,-0.6992999406425684,-0.7928838224875097,-0.7535860816623509,0.43508996487029983,0.4994934456429099,0.13165716766145769,0.12754191328099146,False,False,28.48920020345403
Luleburgaz,2010,6,0.3987535349897713,37.62591169939732,14,2,2010-06-01,0.3409911048494393,0.5448500175709519,20.665396881359143,43.24732335614259,28.3345130066695,24.8934105025208,0.5,26.613961754595152,median,luleburgaz,28.3345130066695,24.893410502520798,26.61396175459515,0.0212264574952115,-0.6874452465129649,1.2851215176307575,1.1825712184951036,1.6050326141803988,-0.23066170974764694,-0.2744148896886049,-0.799508932990698,-0.6470008337681493,1.1999887454910256,1.0696790361613444,1.0879963939120583,0.9874746312142068,1.6376530008746182,1.5529586332276095,False,True,28.48920020345403
Luleburgaz,2010,7,0.4667324202248779,38.27487893430351,20,4,2010-07-01,0.2861197837054355,0.525676930280443,29.38960752014221,46.93138124376206,75.39438463919545,49.347930522001,0.5,62.37115758059822,median,luleburgaz,75.39438463919544,49.347930522001,62.37115758059822,1.1916206342860514,0.2125628741567071,1.7479218622309187,0.9149108462171603,1.7931439539929508,1.0144718514828985,1.0696790361613444,-0.18804725938067146,-0.14644994620869292,1.6220724533955295,1.4335644069425781,0.8184795694045357,0.9206378906748922,1.8050370261594968,1.9367654674157966,False,False,28.48920020345403
Luleburgaz,2010,8,0.3120093735129456,38.15518717061491,14,3,2010-08-01,0.1897432281143768,0.4336564687796705,30.05982308745959,48.39365705434462,50.12689965705743,55.844674399379095,0.5,52.98578702821826,median,luleburgaz,50.12689965705744,55.844674399379095,52.98578702821827,-0.2503783717868696,0.5172484948963997,-0.0670894715789814,1.200019908579491,1.8197566543975203,-1.4946624654779268,-1.5613982817308512,-0.3297186269689077,-0.2744148896886049,-0.5916977647669844,-0.5473111231649045,0.7927146340867626,0.7979517139723645,1.6292236119228067,1.4246357618543775,False,False,28.48920020345403
Luleburgaz,2010,9,0.2862621456722324,39.37098693513499,14,3,2010-09-01,0.189633865438078,0.3446252064771623,24.782064321464777,44.39046628301203,62.3443087764416,25.59861511264618,0.5,43.97146194454389,median,luleburgaz,62.34430877644161,25.59861511264618,43.97146194454389,0.0886104598347004,0.5452330266553674,-0.1541656432774836,1.1888896635654351,1.127266302565277,-0.1585162004084426,-0.06258145102371986,-0.23549707871980793,-0.23136326473860486,-0.8071192070052573,-0.8101899639922557,0.7723440904672926,0.7535860816623511,0.7921714608813892,0.7979517139723645,False,False,28.48920020345403
Luleburgaz,2010,10,0.2342940702392343,27.084824130270416,13,2,2010-10-01,0.1841466817202477,0.3409058538431931,17.02123923135515,33.045756172758225,31.99008251948176,37.19882517697835,0.5,34.59445384823006,median,luleburgaz,31.990082519481703,37.19882517697835,34.59445384823003,1.3943116498862371,0.998611061300766,0.8091783263829316,1.676507219769929,1.138378006501794,1.6244377355889292,1.561398281730852,0.725160362985572,0.8101899639922558,0.3722260934109187,0.4994934456429099,1.4451168721626517,1.2312477796813,0.8436555618462828,0.9206378906748922,False,False,28.48920020345403
Tekirdag,2010,6,0.4450297317523547,38.178310730063856,14,5,2010-06-01,0.3548692843060378,0.5418339664599165,21.08275464126619,42.242382375833,48.22325072716759,19.20672564163307,0.5,33.714988184400326,median,tekirdag,48.22325072716759,19.20672564163307,33.714988184400326,0.5684347188584641,-0.5889470599911013,1.0273641129443838,1.7261045304803784,2.244836385456889,0.16924202667871377,0.231363264738605,-0.9123229168843732,-0.6992999406425684,0.7957877530180676,0.7535860816623511,1.6775184661789455,1.4246357618543775,1.9014491328041223,1.9367654674157966,False,False,28.48920020345403
Tekirdag,2010,7,0.4671230563841288,37.9257832448624,20,11,2010-07-01,0.2996011031383021,0.5231666607488469,30.02835555617328,43.71619808000098,74.93191484247004,42.3033419989941,0.5,58.61762842073207,median,tekirdag,74.93191484247004,42.3033419989941,58.61762842073207,0.8946612233218215,0.2752389277468526,1.4307657760365822,1.2582650086763736,2.197348089125767,0.30561565576182714,0.3179814578594512,-0.47036695876695506,-0.4994934456429097,0.7969328039939146,0.7535860816623511,1.0340082801937358,1.1364912754190772,2.049595701217057,1.9367654674157966,False,False,28.48920020345403
Tekirdag,2010,8,0.2902133637666231,38.93298870000797,14,9,2010-08-01,0.2145976806432795,0.4339782774087779,33.14273610933887,46.82328926867245,34.467808109835325,57.67530359897261,0.5,46.07155585440397,median,tekirdag,34.467808109835325,57.675303598972604,46.07155585440397,-1.2815515655446004,0.4553692174918877,-0.4198526103409281,1.2514023251682382,2.135889202051605,-2.6721172380691613,-2.3528647678133234,-0.7806436173981891,-0.8695173820242987,-1.187470544053478,-1.1467208607643733,0.6607676075977177,0.6335308991018241,1.8265957773808463,1.7135929008532076,False,False,28.48920020345403
Tekirdag,2010,9,0.2693883584350383,36.64860038648509,14,8,2010-09-01,0.1910186171295055,0.3434703364482764,26.40771318071996,42.414170237086566,51.40626924755407,36.02027500713035,0.5,43.71327212734221,median,tekirdag,51.40626924755408,36.02027500713035,43.713272127342215,0.6859748026299151,0.5274271722914442,-0.0557932936670925,0.9763289244100044,1.591956046821572,0.5070347261659305,0.5964147284451815,-0.38442269940238233,-0.45279189167182926,-0.9771333643714769,-1.0696790361613442,0.26313711417440916,0.3179814578594512,1.2347389984062669,1.2214345945270098,False,False,28.48920020345403
Tekirdag,2010,10,0.2484989402428162,25.35999138398265,13,6,2010-10-01,0.2011434514005603,0.3288378133341623,13.799725248551244,32.81187913608851,37.08502718928159,39.19538941345662,0.5,38.1402083013691,median,tekirdag,37.08502718928156,39.195389413456596,38.14020830136908,2.052482489088223,1.6906609712727645,1.551261143994091,2.0766534175435543,1.870611024592604,1.9664734483115978,1.9439937268344982,1.4122531799695295,1.325626613166965,1.0097948130259915,0.9320757000382391,1.665549646920451,1.4335644069425781,1.586277665333498,1.5529586332276095,False,False,28.48920020345403
Uzunkopru,2010,6,0.3881434977200874,36.6856987315393,14,5,2010-06-01,0.3278017154225964,0.5030639610561858,25.3569063809869,43.49734916614595,34.42942436310215,37.54952685156815,0.5,35.98947560733515,median,uzunkopru,34.429424363102164,37.549526851568146,35.98947560733515,-0.165822659760605,-0.8847082879357471,1.1833763768215868,1.3979057453782722,1.5398816944136595,-0.4024236231607631,-0.3621603567878177,-1.0905017354892454,-0.998513120455002,1.1451927067683623,1.146720860764374,1.2913341300206294,0.9874746312142068,1.3748033103941109,1.3162444282273542,True,False,28.48920020345403
Uzunkopru,2010,7,0.4509762936135032,38.37962611160026,20,12,2010-07-01,0.3090066548344354,0.4983037733049914,30.206773300306416,45.06194855960739,74.99830949679792,44.98312763979853,0.5,59.99071856829822,median,uzunkopru,74.99830949679792,44.98312763979853,59.99071856829822,1.3729468619413137,0.2381604556461233,1.5440285128343407,1.3879215640772022,1.7962930390026182,1.1937471007045248,1.2312477796813,-0.1373345516762254,-0.1887364255057275,1.4192236035745962,1.325626613166965,1.400326729193328,1.2214345945270098,2.357272802843479,1.9367654674157966,False,False,28.48920020345403
Uzunkopru,2010,8,0.3361968972724107,39.8737240644188,14,8,2010-08-01,0.2544562098730799,0.5451981560310377,32.8374973512725,46.303434212563246,28.11451477143301,47.74796001477872,0.5,37.93123739310587,median,uzunkopru,28.114514771432994,47.747960014778656,37.931237393105825,-1.6448536269514729,0.4268020679433549,-0.0178723766145764,1.510145113686986,1.7083470584699283,-2.806424378592778,-2.3528647678133234,-0.34119968343218515,-0.23136326473860486,-0.6306484823867806,-0.5473111231649045,1.2670800956186978,1.3162444282273542,1.9003203017605497,1.9367654674157966,False,False,28.48920020345403
Uzunkopru,2010,9,0.3109817121825516,34.382137324127974,14,8,2010-09-01,0.2300308150158601,0.4287520313380586,27.778661706012603,41.08830349723985,40.73591067168242,50.38577505167791,0.5,45.560842861680165,median,uzunkopru,40.73591067168239,50.38577505167791,45.56084286168015,0.918907766291259,0.9464770523703172,0.1283208657736294,1.3655854474756128,1.5300501567497482,0.7958652318081373,0.6992999406425686,0.30147536928328383,0.18873642550572778,-0.5982044692832807,-0.5473111231649045,0.9816893663422557,0.9320757000382391,1.187417573548091,1.1364912754190772,False,False,28.48920020345403
Uzunkopru,2010,10,0.309461592266501,20.16261174044051,13,5,2010-10-01,0.2078011083839048,0.3833590486590971,17.404481016505297,30.74795713019401,57.90708396512306,79.3297436107693,0.5,68.61841378794618,median,uzunkopru,57.90708396512306,79.3297436107693,68.61841378794618,1.4308404732305204,1.228265552820034,1.0589186892069005,1.813901020594448,1.640478210709874,1.613964994254226,1.7214841422165659,0.9669795057796796,0.9320757000382391,0.6610814093050236,0.5964147284451815,1.6013440476372056,1.4335644069425781,1.4410652933060726,1.5529586332276095,False,False,28.48920020345403
Corlu,2011,6,0.4100302049899392,35.62504263603699,16,14,2011-06-01,0.3398058060169734,0.5550912779270141,24.8281463037949,41.81771643367222,32.6192001484939,36.44985570732593,0.5,34.53452792790992,median,corlu,32.6192001484939,36.44985570732593,34.53452792790992,0.6908145900531878,1.8084671747790737,0.7319766678097207,1.4992373404788315,1.3854818172967995,0.5871579451921678,0.6992999406425686,1.8674971683680999,1.7214841422165659,0.9110855440944464,1.0696790361613444,1.6682598150709407,1.9367654674157966,1.210048256608022,1.1364912754190772,False,False,28.82551003477887
Corlu,2011,7,0.3554323346495431,40.30970753918806,15,12,2011-07-01,0.2411567941070453,0.46871385428598,32.97320114614718,44.767587698768864,50.21841135258104,37.7966258752974,0.5,44.007518613939226,median,corlu,50.218411352581036,37.7966258752974,44.00751861393922,-0.0641384378987687,0.8244068347189237,0.9065950926571058,0.7875838578313831,1.3020983248185178,-0.9586228285867113,-0.9320757000382391,0.47900265956794813,0.4994934456429099,0.8858731194123586,0.9985131204550027,0.6239725374062264,0.6335308991018241,1.0238795729294914,0.9874746312142068,False,False,28.82551003477887
Corlu,2011,8,0.3166780753243877,40.109450436401225,22,16,2011-08-01,0.2114858986548909,0.3861276906492696,33.698988564166115,46.7417631923928,60.2331065595586,50.85047426671139,0.5,55.54179041313499,median,corlu,60.233106559558586,50.85047426671141,55.541790413135,-0.7090167969146166,0.0117757051940627,0.8818012682015256,0.8191484381402185,1.2968920229663046,-0.47972234441234507,-0.4994934456429097,-0.4060477774038364,-0.3179814578594511,0.7622661025693058,0.7535860816623511,0.7196741327450209,0.6862467686859735,1.250742086739281,1.2214345945270098,False,False,28.82551003477887
Corlu,2011,9,0.2614012980509107,37.17807397909135,22,16,2011-09-01,0.1993734068907274,0.3480665630985831,27.666430007419827,42.38830436288306,41.71536386884917,35.39108036102898,0.5,38.553222114939075,median,corlu,41.71536386884919,35.39108036102898,38.55322211493909,0.5111214907885151,-0.2552893659528458,1.1855261763695613,0.415632765803705,1.2103374084119822,0.028222888776059607,0.1464499462086932,-0.8352961128681569,-0.8695173820242987,1.004159149400918,1.0696790361613444,0.22592789221378518,0.274414889688605,1.0654948059011664,0.9206378906748922,False,False,28.82551003477887
Corlu,2011,10,0.2720627252459401,21.280767329399463,18,9,2011-10-01,0.1847029231834753,0.3357082850914537,18.0578755063624,35.57369742326176,57.85211926163341,81.60011081222743,0.5,69.72611503693042,median,corlu,57.85211926163341,81.60011081222743,69.72611503693042,1.4109663718384724,1.100329132535781,1.203822857761169,1.2452428950301877,1.073486839900757,1.545026014849716,1.561398281730852,0.9901279089290899,0.9320757000382391,0.9929969186198564,0.9985131204550027,1.2190109831114064,1.0696790361613444,0.9097388324397722,0.8576803159149204,False,False,28.82551003477887
Edirne,2011,6,0.4112152290309701,36.99651949899464,16,5,2011-06-01,0.3257017645778581,0.543975793256036,27.434696048485225,44.3577027483714,39.17711372762198,43.49808151660353,0.5,41.33759762211275,median,edirne,39.17711372762199,43.49808151660353,41.33759762211276,0.5034130387789171,-0.329252148586551,-1.1751973033550165,-0.7804305069832191,-0.3055851110400085,0.3023090443258181,0.36216035678781794,-0.19906827755311446,-0.10442384485535401,-0.9416002586581478,-0.8101899639922557,-0.6909508446346662,-0.6335308991018239,-0.43234237004706183,-0.3913554652074409,False,False,28.82551003477887
Edirne,2011,7,0.359275372573179,43.99803414530946,15,5,2011-07-01,0.2414503697484318,0.5612946498717422,31.965500733772664,46.739004736987454,36.83823977696952,18.553286959421023,0.5,27.695763368195273,median,edirne,36.838239776969544,18.553286959421026,27.695763368195287,-0.1953040871891609,-0.6639197938931937,-1.3836165259181434,-1.4197822453005404,-0.8138011713227199,-0.8210819934977409,-0.8695173820242987,-0.867523309661939,-0.8695173820242987,-1.1444575280681537,-1.1467208607643733,-1.3968894276155184,-1.4246357618543768,-1.061403153216491,-1.2214345945270093,False,True,28.82551003477887
Edirne,2011,8,0.3152773645208581,45.116060820232136,22,7,2011-08-01,0.229021614478841,0.4581346810583013,33.579157128574245,46.14653160875334,37.64767820961538,8.199570961670918,0.5,22.923624585643147,median,edirne,37.64767820961539,8.199570961670918,22.923624585643154,0.0843903674171165,0.0088861514170759,-1.1311126288200422,-1.2114693999048294,-0.7818337102734733,-0.10579328495396563,-0.1887364255057275,-0.5065530643076995,-0.45279189167182926,-0.9768897044970222,-1.0696790361613442,-1.0924706551601326,-1.0590423035404213,-0.8311385470431909,-0.9206378906748918,False,True,28.82551003477887
Edirne,2011,9,0.2748704961905287,41.88828330339442,22,7,2011-09-01,0.2193447657316066,0.3740988588743695,24.89643242742357,42.532933610188266,35.87997534107146,3.6552051912872328,0.5,19.767590266179344,median,edirne,35.87997534107148,3.6552051912872328,19.767590266179354,0.2462783657376241,-0.2189292148077747,-0.6109979091015443,-1.2125792182942687,-0.8809990556642603,-0.44920857864582814,-0.2744148896886049,-0.8650663499468628,-0.9320757000382391,-0.8270493331348496,-0.8695173820242987,-1.2252915326451825,-1.3256266131669636,-0.9793013227572337,-1.0590423035404213,False,True,28.82551003477887
Edirne,2011,10,0.2819411210048653,18.48779017762662,18,7,2011-10-01,0.2152552748781966,0.3871591272349366,16.775228355909373,32.14921296752098,38.79252571273402,88.86065086585431,0.5,63.826588289294165,median,edirne,38.79252571273402,88.86065086585431,63.826588289294165,1.5940891471909788,1.325095010055754,0.6800206050004219,0.0087736475688406,-0.3938591730872472,1.9432306326386255,2.3528647678133265,1.1238647051591082,1.146720860764374,0.3317464313571603,0.18873642550572778,-0.12398749231419742,-0.23136326473860486,-0.583189522969183,-0.5825199483025973,False,False,28.82551003477887
Kirklareli,2011,6,0.3846607725616103,39.4212897795081,16,5,2011-06-01,0.3012678806275926,0.528383243387792,29.05835330150456,45.33031971721313,36.71829634090776,36.31417240389946,0.5,36.516234372403616,median,kirklareli,36.71829634090778,36.31417240389946,36.516234372403616,-0.4083762459916266,-1.3153918478652722,-1.993656660744316,-0.7718282076543637,-0.7949841869636943,-0.35312865504601415,-0.3179814578594511,-0.8712911649897289,-0.9320757000382391,-1.5780198715978113,-1.4335644069425781,-0.7548070703737159,-0.7409429851520691,-1.0412233569929386,-1.2214345945270093,False,False,28.82551003477887
Kirklareli,2011,7,0.3747455354086448,43.55070216910992,15,5,2011-07-01,0.2485369118494177,0.5420576872552342,29.544782826486998,48.64480564115659,42.99819097463659,26.670666948806943,0.5,34.83442896172177,median,kirklareli,42.99819097463659,26.67066694880695,34.83442896172177,0.6676843280529954,-0.6891357366687981,-1.6820908942724229,-0.8875685228553469,-0.8666448224345414,0.14258966888805935,0.10442384485535429,-0.8439632625701247,-0.998513120455002,-1.3492313420432196,-1.4335644069425781,-1.0599622435973102,-1.2214345945270093,-1.1374000423545498,-1.3162444282273533,False,False,28.82551003477887
Kirklareli,2011,8,0.3441679416889508,43.057945927102175,22,7,2011-08-01,0.2398971291224648,0.4850300345873192,31.684933185315188,45.96482627922851,42.53644053569774,20.35645738388173,0.5,31.446448959789734,median,kirklareli,42.53644053569777,20.356457383881732,31.446448959789752,-0.4496729287237878,-0.3524725261334475,-1.5197304501328908,-1.3927053345098923,-0.7947076260975302,-0.4065776404898782,-0.3621603567878177,-0.6128225553571532,-0.5473111231649045,-1.1361949460386325,-1.1467208607643733,-1.2408704887453765,-1.2214345945270093,-0.9189995815939505,-0.9206378906748918,False,False,28.82551003477887
Kirklareli,2011,9,0.2804312792914048,40.67697103529768,22,7,2011-09-01,0.2264392177848136,0.4263599730650386,25.16473562126994,41.53667351686312,27.006731457627584,5.251073434604468,0.5,16.128902446116026,median,kirklareli,27.006731457627605,5.251073434604468,16.128902446116037,0.6382632990188409,0.3403889808133892,-0.7765474485258597,-1.5504895935338343,-0.6696247490626155,0.17556035270843295,0.3179814578594512,-0.14319885977761027,-0.14644994620869292,-0.8352852765433861,-0.6992999406425684,-1.4945014323422154,-1.5613982817308512,-0.8786983524221151,-0.9206378906748918,False,True,28.82551003477887
Kirklareli,2011,10,0.286036243752081,19.43194147812584,18,7,2011-10-01,0.1889990885525008,0.4107584921015044,18.62167950061002,31.82191389321756,43.7578536227156,93.8617606822983,0.5,68.80980715250695,median,kirklareli,43.7578536227156,93.8617606822983,68.80980715250695,1.3465461311536435,1.0883550611172428,0.3819386986271453,-0.3887638658933372,-0.2159561436294657,1.6178907923338015,1.561398281730852,1.0315762540090545,0.9985131204550027,0.10979195820706512,0.18873642550572778,-0.397754678392377,-0.45279189167182926,-0.4626963688044721,-0.345971670217235,False,False,28.82551003477887
Luleburgaz,2011,6,0.400305930837054,36.90147198771158,16,4,2011-06-01,0.3409911048494393,0.5448500175709519,20.665396881359143,43.24732335614259,29.09601802332944,28.10146147414494,0.5,28.598739748737188,median,luleburgaz,29.09601802332944,28.10146147414494,28.598739748737188,0.5916339914537175,0.6526387793394322,-0.6192213442808779,0.9938943731913664,1.0137430571359722,0.4836280955975947,0.5964147284451815,0.7893894738959796,0.6992999406425686,-0.24530364025316131,-0.4070579827398848,1.075132757716608,0.9206378906748922,0.835356726280349,0.7979517139723645,False,True,28.82551003477887
Luleburgaz,2011,7,0.3980697449188151,40.405456939769216,15,3,2011-07-01,0.2861197837054355,0.525676930280443,29.38960752014221,46.93138124376206,46.73204820392491,37.20219178979457,0.5,41.967119996859736,median,luleburgaz,46.73204820392491,37.20219178979457,41.967119996859736,-1.4379343216954643,-0.4930775692866742,-0.6953149592222181,0.1709047836984258,0.5936301955512168,-1.2927293770280803,-1.2312477796812997,-0.6464285908144998,-0.6470008337681493,-0.5139649671957564,-0.5964147284451813,0.1912394544527339,0.12754191328099146,0.3399036457399845,0.5825199483025975,False,False,28.82551003477887
Luleburgaz,2011,8,0.3290522393944717,41.379852800202094,22,4,2011-08-01,0.1897432281143768,0.4336564687796705,30.05982308745959,48.39365705434462,57.11416522535553,38.256069444127256,0.5,47.68511733474139,median,luleburgaz,57.11416522535552,38.256069444127256,47.68511733474139,-1.2534769293911154,-0.4180503760283786,-0.4843409961082461,-0.1630013074653888,0.5484254186536403,-0.49170696355974686,-0.4994934456429097,-0.6685497424672675,-0.7535860816623509,-0.32992179992310233,-0.2744148896886049,-0.09910135629484254,-0.12754191328099132,0.5120687043291539,0.7409429851520696,False,False,28.82551003477887
Luleburgaz,2011,9,0.2614677450412664,39.4248071882804,22,4,2011-09-01,0.189633865438078,0.3446252064771623,24.782064321464777,44.39046628301203,46.34702759625392,25.32413964416612,0.5,35.83558362021002,median,luleburgaz,46.347027596253895,25.324139644166117,35.83558362021,0.6410463990486491,-0.4261261411991,0.057111388292267,-0.8196187619061562,0.6526971051616316,0.21426363345291813,0.36216035678781794,-0.7370830239461299,-0.8101899639922557,-0.07144964248936408,-0.1887364255057275,-0.7103054096446786,-0.8695173820242987,0.5633810829814334,0.5825199483025975,False,False,28.82551003477887
Luleburgaz,2011,10,0.2648207185026535,20.84481799216804,18,3,2011-10-01,0.1841466817202477,0.3409058538431931,17.02123923135515,33.045756172758225,51.463678769069766,76.13919486749842,0.5,63.80143681828409,median,luleburgaz,51.463678769069766,76.13919486749842,63.80143681828409,1.215334095476148,0.9585521796023664,0.446331920832947,0.168205251389023,0.5563062379506766,1.395015009597705,1.146720860764374,0.9994513282891083,0.9985131204550027,0.31161303776879373,0.36216035678781794,0.19739897143748758,0.18873642550572778,0.38569926830179335,0.43756036688567534,False,False,28.82551003477887
Tekirdag,2011,6,0.427411831359243,35.310879533120634,16,11,2011-06-01,0.3548692843060378,0.5418339664599165,21.08275464126619,42.242382375833,38.800133917003656,32.75815118140723,0.5,35.779142549205446,median,tekirdag,38.800133917003656,32.75815118140723,35.779142549205446,1.5614165342314354,1.9461670802733944,0.5884800901950153,1.415785538165737,1.372601766199952,1.5626164825989977,1.4335644069425781,2.0238451860029,1.9439937268344982,0.648874841169994,0.6470008337681494,1.5693948833216411,1.3162444282273542,1.024781465916747,0.8576803159149204,False,False,28.82551003477887
Tekirdag,2011,7,0.4065741537878387,39.23726156034094,15,8,2011-07-01,0.2996011031383021,0.5231666607488469,30.02835555617328,43.71619808000098,47.84862739719753,32.722005033759984,0.5,40.28531621547876,median,tekirdag,47.84862739719753,32.722005033759984,40.28531621547876,-0.4381830724185983,1.1601634225381074,0.7378269959531784,0.2009558667689762,1.2008368574909043,-1.1915270113834424,-1.2312477796812997,0.6139237227559131,0.6470008337681494,0.4278391363196609,0.36216035678781794,-0.05146173345118573,-0.08489986218558754,0.801150800254565,0.8576803159149204,False,False,28.82551003477887
Tekirdag,2011,8,0.3546005141154104,39.32901310213207,22,12,2011-08-01,0.2145976806432795,0.4339782774087779,33.14273610933887,46.82328926867245,63.81732730072912,54.78050543173687,0.5,59.298916366232994,median,tekirdag,63.81732730072912,54.78050543173682,59.29891636623297,0.3819889211957119,0.950413213774556,0.914618576474696,0.5725253319596291,1.259602927487974,0.03290815006645135,-0.02084838541615085,0.39379382756602016,0.4994934456429099,0.5729430755404203,0.5473111231649046,0.42432971890432414,0.30128981766152896,1.0984005984777216,1.0590423035404217,False,False,28.82551003477887
Tekirdag,2011,9,0.2567568402297287,38.289567186154,22,11,2011-09-01,0.1910186171295055,0.3434703364482764,26.40771318071996,42.414170237086566,43.12068331795394,25.76836982979936,0.5,34.44452657387665,median,tekirdag,43.120683317953954,25.76836982979936,34.44452657387666,1.9291021332441225,1.4434117045225123,2.252878276631908,1.3011165538256753,1.7232551045740874,1.6621006347594034,1.4335644069425781,0.9268823140118044,0.9320757000382391,1.9710322282555262,1.9439937268344982,1.098447198145808,1.146720860764374,1.6794862830703214,1.7135929008532076,False,False,28.82551003477887
Tekirdag,2011,10,0.2777759200038152,20.68146127366463,18,8,2011-10-01,0.2011434514005603,0.3288378133341623,13.799725248551244,32.81187913608851,60.01241358103342,63.80349083107063,0.5,61.90795220605203,median,tekirdag,60.01241358103338,63.80349083107063,61.907952206052,1.5457724490361522,2.032374911492152,2.181365816867788,2.090673029911561,1.4123232782124244,1.516233490117911,1.7214841422165659,1.9405384958360359,1.9439937268344982,2.0697686319474693,2.3528647678133265,2.013054513731323,1.7214841422165659,1.2652092619388877,1.2214345945270098,False,False,28.82551003477887
Uzunkopru,2011,6,0.3823604149967345,37.92356668823467,16,9,2011-06-01,0.3278017154225964,0.5030639610561858,25.3569063809869,43.49734916614595,31.12975037886984,30.725724525706,0.5,30.92773745228792,median,uzunkopru,31.129750378869858,30.725724525706,30.92773745228793,0.4220730527182039,0.5633324623424975,-0.6874520116542128,0.0532283576116614,0.3680464788510028,0.2503779707367461,0.3179814578594512,0.59462043568183,0.5964147284451815,-0.5931300267449537,-0.5473111231649045,0.025950475513103366,0.042411701021866303,0.08931303310614018,0.042411701021866303,False,False,28.82551003477887
Uzunkopru,2011,7,0.3883149702779137,41.7549016431912,15,8,2011-07-01,0.3090066548344354,0.4983037733049914,30.206773300306416,45.06194855960739,41.896208502410055,22.2619178750221,0.5,32.07906318871608,median,uzunkopru,41.896208502410026,22.26191787502215,32.07906318871609,-0.2675559208887978,0.0387399993755214,-0.9508281825706963,-0.8257251253513785,-0.010237438121681,-0.8871065936357962,-0.998513120455002,-0.2593083079886668,-0.4070579827398848,-0.9258363808949651,-0.9320757000382391,-0.964625014313857,-0.7979517139723642,-0.41072283942969395,-0.3012898176615288,False,False,28.82551003477887
Uzunkopru,2011,8,0.3445749960156307,41.81805000546563,22,11,2011-08-01,0.2544562098730799,0.5451981560310377,32.8374973512725,46.303434212563246,30.996141882324054,33.30911360494588,0.5,32.152627743634966,median,uzunkopru,30.996141882324054,33.30911360494588,32.152627743634966,-0.1484380643420002,-0.130471069641356,-0.6416672853204545,-0.8601587312234281,0.0529709827983594,-0.26552293611480143,-0.3179814578594511,-0.519322949271046,-0.4994934456429097,-0.6794768814717124,-0.5964147284451813,-0.9211131026433954,-0.85768031591492,-0.23319810078499398,-0.17041725549737796,False,False,28.82551003477887
Uzunkopru,2011,9,0.2772876105115697,40.4704688050329,22,11,2011-09-01,0.2300308150158601,0.4287520313380586,27.778661706012603,41.08830349723985,23.78044799156692,4.642008416892031,0.5,14.211228204229474,median,uzunkopru,23.780447991566916,4.642008416892031,14.211228204229474,0.7773266216036774,0.1383236286497476,0.3458830264503912,-0.6126418449561951,0.0005044705648539,0.33146712660262284,0.407057982739885,-0.4623498320362834,-0.3621603567878177,-0.013975878899132321,0.02084838541615085,-0.7800496112776814,-0.7535860816623509,-0.22638914428618775,-0.3913554652074409,False,True,28.82551003477887
Uzunkopru,2011,10,0.304801484037879,18.258001092592654,18,10,2011-10-01,0.2078011083839048,0.3833590486590971,17.404481016505297,30.74795713019401,55.25262799388237,93.603465327811,0.5,74.42804666084669,median,uzunkopru,55.25262799388237,93.603465327811,74.42804666084669,1.6834073937071872,1.4703969342214718,1.205249248125241,0.4692213557029125,0.1796259282194599,1.9093604023677544,2.3528647678133265,1.406718581486171,1.325626613166965,0.9455399621150763,0.869517382024299,0.369938629816044,0.36216035678781794,-0.050800010452394184,-0.08489986218558754,False,False,28.82551003477887
Corlu,2012,6,0.4482117707896503,36.01793950845456,10,8,2012-06-01,0.3398058060169734,0.5550912779270141,24.8281463037949,41.81771643367222,50.3545194252474,34.13727881801055,0.5,42.24589912162898,median,corlu,50.35451942524736,34.13727881801055,42.24589912162895,-1.6907295563139608,0.3400091974776687,-0.417175102731623,-0.0092099485650594,-0.1743556042850589,-1.8577965444064433,-1.721484142216565,-0.20529428541821743,-0.3179814578594511,-0.6040418679365719,-0.45279189167182926,-0.031351804976382576,-0.08489986218558754,-0.3984618210935237,-0.43756036688567534,False,False,28.28687850373402
Corlu,2012,7,0.3051072232201798,42.80603941094203,12,8,2012-07-01,0.2411567941070453,0.46871385428598,32.97320114614718,44.767587698768864,28.10303009840627,16.63120230183417,0.5,22.36711620012022,median,corlu,28.10303009840628,16.63120230183417,22.367116200120222,-1.6448536269514729,-0.5352637772265624,-0.5851175636581613,-0.9865106101476976,-0.2807415991762771,-2.256097680132519,-1.9439937268344964,-1.3144429846889572,-1.721484142216565,-1.1518711398215147,-1.0696790361613442,-1.264747211431301,-1.2214345945270093,-0.5580276883295984,-0.6862467686859733,True,True,28.28687850373402
Corlu,2012,8,0.2573325733881449,42.18268816073925,10,6,2012-08-01,0.2114858986548909,0.3861276906492696,33.698988564166115,46.7417631923928,26.25183480408272,34.95479421830207,0.5,30.603314511192394,median,corlu,26.251834804082694,34.954794218302105,30.6033145111924,0.3007608558300196,-1.7265225989129611,-0.4035838007680144,-0.531375455842872,-0.1638902872882059,-0.5445720378827654,-0.5964147284451813,-1.9854138410286855,-1.721484142216565,-1.2216789942070168,-0.998513120455002,-1.0524473060148651,-1.0590423035404213,-0.5586671484020514,-0.6335308991018239,True,False,28.28687850373402
Corlu,2012,9,0.2518330960651637,37.18225191953871,8,4,2012-09-01,0.1993734068907274,0.3480665630985831,27.666430007419827,42.38830436288306,35.280500133512355,35.362701227051346,0.5,35.32160068028185,median,corlu,35.28050013351237,35.362701227051346,35.32160068028186,0.1411655178381947,-0.6329082038040734,-0.2706889213094834,-0.7619575710767383,-0.2692653530216102,-0.23646510822595684,-0.2744148896886049,-1.616217986937019,-1.721484142216565,-1.306394837630181,-1.3256266131669636,-1.2999432712669563,-1.3256266131669636,-0.5975901921637454,-0.6335308991018239,True,False,28.28687850373402
Corlu,2012,10,0.274039618564882,35.57369742326176,11,6,2012-10-01,0.1847029231834753,0.3357082850914537,18.0578755063624,35.57369742326176,59.161273647917135,0.0,0.5,29.580636823958567,median,corlu,59.161273647917135,0.0,29.580636823958567,0.887058015358975,0.5694962529237038,0.0023003601766257,-0.1029779836936021,-0.5799396968561868,0.6001542352736947,0.5964147284451815,-0.08352602219345384,-0.02084838541615085,-1.0094490271917336,-0.8695173820242987,-0.9218133664789953,-0.8695173820242987,-1.0573428409568133,-0.9206378906748918,False,False,28.28687850373402
Edirne,2012,6,0.483264596683511,40.35312129710952,10,3,2012-06-01,0.3257017645778581,0.543975793256036,27.434696048485225,44.3577027483714,72.185790063903,23.66353404143496,0.5,47.92466205266898,median,edirne,72.18579006390301,23.66353404143496,47.924662052668985,-1.8820353910242749,0.5238896945755642,0.2191079917033233,0.5346860349026057,0.2995608880681072,-1.810484021044745,-1.9439937268344964,-0.1482087485766353,0.02084838541615085,-0.044016160497790204,-0.1887364255057275,0.505495973869567,0.4847192529770645,0.09356744851505015,0.17041725549737824,False,False,28.28687850373402
Edirne,2012,7,0.3450810504946481,45.19090830371104,12,4,2012-07-01,0.2414503697484318,0.5612946498717422,31.965500733772664,46.739004736987454,32.40035454323687,10.47887104467254,0.5,21.439612793954705,median,edirne,32.400354543236894,10.47887104467254,21.439612793954716,-1.4739159053225197,-0.1556283563279041,-0.8042603743350071,-0.671403899291003,0.1651593380718779,-2.4018825406843054,-2.3528647678133234,-1.1762823559198976,-1.3256266131669636,-1.382286521258403,-1.5613982817308512,-1.0356759047720214,-0.9206378906748918,-0.21037812342796477,-0.21360832941705765,True,True,28.28687850373402
Edirne,2012,8,0.3062822498682794,42.73967168502969,10,3,2012-08-01,0.229021614478841,0.4581346810583013,33.579157128574245,46.14653160875334,33.72161899925645,27.10876427766876,0.5,30.415191638462606,median,edirne,33.721618999256464,27.10876427766876,30.415191638462613,-1.9887919583457088,-3.3111427367210027,-1.2096507599706658,-0.2664223688954774,0.0177841694410744,-1.9164580609637065,-1.9439937268344964,-2.3777936572026985,-1.9439937268344964,-1.8066097519718247,-1.9439937268344964,-0.9505816757147745,-0.7409429851520691,-0.5557253960283194,-0.5825199483025973,True,False,28.28687850373402
Edirne,2012,9,0.2768007450400073,40.61508639489153,8,3,2012-09-01,0.2193447657316066,0.3740988588743695,24.89643242742357,42.532933610188266,37.12727601679438,10.87430661797567,0.5,24.000791317385026,median,edirne,37.127276016794404,10.87430661797567,24.000791317385037,-0.8692995025428728,-2.551821453737102,-0.9593909306282836,-0.6986248730584496,-0.1849243558797105,-1.1347271642025474,-1.3256266131669636,-2.2441907460994632,-2.3528647678133234,-1.7922752293371387,-1.9439937268344964,-1.4118447683608524,-1.721484142216565,-0.6739754847715458,-0.7409429851520691,True,True,28.28687850373402
Edirne,2012,10,0.2542238453072297,29.353763158191576,11,3,2012-10-01,0.2152552748781966,0.3871591272349366,16.775228355909373,32.14921296752098,22.668817420196238,18.182988209953503,0.5,20.42590281507487,median,edirne,22.668817420196234,18.182988209953503,20.42590281507487,0.5538633799608438,-0.5913878944363922,-0.5884218291252268,-1.1065976242777562,-0.9741755457497244,0.12419557924323836,0.1464499462086932,-1.4180643848019487,-1.4335644069425781,-1.7310120210714839,-1.5613982817308512,-1.7385885933478713,-1.9439937268344964,-1.506472263180163,-1.4246357618543768,True,True,28.28687850373402
Kirklareli,2012,6,0.4687499324890047,41.07743208950588,10,3,2012-06-01,0.3012678806275926,0.528383243387792,29.05835330150456,45.33031971721313,73.74316286928095,26.136285677197623,0.5,49.939724273239285,median,kirklareli,73.74316286928097,26.136285677197623,49.93972427323929,-0.8373114747719222,1.0174368410804575,0.5931602224608777,0.7289581248492307,0.7060929729855014,-1.3416881422874103,-1.5613982817308512,0.5693061838604554,0.4994934456429099,0.5141733007979875,0.5964147284451815,0.8792791107715555,0.7979517139723645,0.5548035134082322,0.5825199483025975,False,False,28.28687850373402
Kirklareli,2012,7,0.3939444559640138,43.01365891052279,12,4,2012-07-01,0.2485369118494177,0.5420576872552342,29.544782826486998,48.64480564115659,49.53909784190174,29.482408399579736,0.5,39.51075312074074,median,kirklareli,49.53909784190174,29.482408399579743,39.510753120740745,-1.1878147093768463,0.5160194210475558,-0.5964524807048317,0.0023788819703399,0.4750804035192461,-2.1716623443073737,-1.9439937268344964,-0.3511714643594888,-0.14644994620869292,-1.1556324272220266,-0.998513120455002,-0.3118810017239191,-0.3012898176615288,0.19715774246036985,0.21360832941705765,False,False,28.28687850373402
Kirklareli,2012,8,0.3415402258539173,40.63614282621906,10,3,2012-08-01,0.2398971291224648,0.4850300345873192,31.684933185315188,45.96482627922851,41.46448496528973,37.31598981844449,0.5,39.39023739186711,median,kirklareli,41.464484965289756,37.31598981844449,39.390237391867124,-0.129728270331667,-1.5405067018618084,-0.2494606892489394,0.5100722935801522,0.5056557258735404,-0.8198405433422534,-0.7535860816623509,-1.916785153892127,-1.9439937268344964,-1.0193781395369246,-1.0696790361613442,-0.0022384501530423847,-0.12754191328099132,0.14427631666294183,0.08489986218558768,True,False,28.28687850373402
Kirklareli,2012,9,0.2653555182501859,39.741471918371104,8,3,2012-09-01,0.2264392177848136,0.4263599730650386,25.16473562126994,41.53667351686312,19.46586306700574,10.965113659362382,0.5,15.215488363184061,median,kirklareli,19.46586306700576,10.965113659362382,15.215488363184072,-0.1272112490082056,-1.072770381429614,0.08687643689135,0.0449999204471703,0.3264175740474725,-0.5567760960131873,-0.5473111231649045,-2.006847834403524,-1.721484142216565,-0.9165362936948617,-0.7535860816623509,-0.6202048927547424,-0.6470008337681493,-0.011407015756824668,0.042411701021866303,True,True,28.28687850373402
Kirklareli,2012,10,0.2538284408621827,29.71117126614332,11,3,2012-10-01,0.1889990885525008,0.4107584921015044,18.62167950061002,31.82191389321756,29.23409391988022,15.990190509467846,0.5,22.612142214674034,median,kirklareli,29.23409391988022,15.990190509467823,22.612142214674023,1.4350586816975173,0.9186377864850476,0.8490784560099688,0.1333712305346821,0.392765799751129,1.366859258586289,1.2312477796813,0.41875278344058803,0.4527918916718295,-0.05001881526318916,-0.14644994620869292,-0.7067052536427363,-0.8101899639922557,-0.17348552631937794,-0.21360832941705765,False,True,28.28687850373402
Luleburgaz,2012,6,0.4583500344232701,39.39567894306147,10,2,2012-06-01,0.3409911048494393,0.5448500175709519,20.665396881359143,43.24732335614259,57.56870180807472,17.056314559265495,0.5,37.312508183670104,median,luleburgaz,57.568701808074685,17.056314559265495,37.31250818367009,-0.5082509131269913,1.166405273514985,0.0452381151074431,0.0425804834160343,-0.2081581922606448,-1.0045137848539059,-1.1467208607643733,0.7545692164999319,0.6470008337681494,0.10353444712268979,0.274414889688605,0.31050177543531143,0.3459716702172352,-0.23931832449377569,-0.12754191328099132,False,False,28.28687850373402
Luleburgaz,2012,7,0.3237063750716291,46.93138124376206,12,2,2012-07-01,0.2861197837054355,0.525676930280443,29.38960752014221,46.93138124376206,15.690031336395522,0.0,0.5,7.845015668197761,median,luleburgaz,15.690031336395498,0.0,7.845015668197749,-0.9868682392491336,0.3468903638322236,-0.0820800337376857,-0.8364086561637214,-0.1882344292515141,-1.760926893373786,-1.721484142216565,-0.43405945578254096,-0.45279189167182926,-0.50029824250187,-0.5473111231649045,-0.9045107491451102,-0.85768031591492,-0.2997263367406638,-0.2572017876710413,False,True,28.28687850373402
Luleburgaz,2012,8,0.2468941076119317,40.12925779777373,10,1,2012-08-01,0.1897432281143768,0.4336564687796705,30.05982308745959,48.39365705434462,23.43082291952297,45.07731046053012,0.5,34.25406669002655,median,luleburgaz,23.430822919522985,45.07731046053012,34.254066690026555,-0.5476264630026689,-1.2477999255595762,-0.0974976623155175,-0.3068487342725059,-0.158333350675696,-0.9288023746141489,-0.9320757000382391,-1.7413765329862625,-1.4335644069425781,-0.7254300542416894,-0.6470008337681493,-0.6737380945301434,-0.7409429851520691,-0.3660254126102499,-0.3913554652074409,True,False,28.28687850373402
Luleburgaz,2012,9,0.23895153033149,41.00671133297389,8,1,2012-09-01,0.189633865438078,0.3446252064771623,24.782064321464777,44.39046628301203,31.81962589831097,17.256658429757803,0.5,24.538142164034387,median,luleburgaz,31.819625898310996,17.256658429757803,24.538142164034397,-0.5714794306569424,-1.3327658965516926,0.1168826674317032,-0.5761943918910143,-0.3820773102468073,-0.888919343587573,-1.0696790361613442,-1.5194110897580133,-1.5613982817308512,-0.769580486061497,-0.7535860816623509,-0.9384941196064547,-0.998513120455002,-0.5383754161312965,-0.6862467686859733,True,True,28.28687850373402
Luleburgaz,2012,10,0.2447278513306188,25.969038510067143,11,2,2012-10-01,0.1841466817202477,0.3409058538431931,17.02123923135515,33.045756172758225,38.64601272763653,44.16181585110208,0.5,41.403914289369304,median,luleburgaz,38.64601272763651,44.16181585110208,41.4039142893693,1.215334095476148,0.6197086432896768,0.5613768456017263,0.2625807186298551,-0.3990063389589622,1.08611627058136,0.9985131204550027,0.07025698179994036,0.1464499462086932,-0.26642379569718794,-0.14644994620869292,-0.3241436742740481,-0.3621603567878177,-0.7385941709351342,-0.7409429851520691,False,False,28.28687850373402
Tekirdag,2012,6,0.5297658180865005,37.54102773865364,10,5,2012-06-01,0.3548692843060378,0.5418339664599165,21.08275464126619,42.242382375833,93.54522563599282,22.21851299160208,0.5,57.88186931379745,median,tekirdag,93.54522563599282,22.21851299160208,57.88186931379745,-3.022668857099742,0.2773606244324182,-0.8739136410778529,-0.2253964246142056,0.4365274106392972,-2.1388876720397385,-1.9439937268344964,-0.500785341088919,-0.3621603567878177,-1.0797946433318988,-0.9320757000382391,-0.2832293312367064,-0.2572017876710413,0.23733367500698985,0.30128981766152896,False,False,28.28687850373402
Tekirdag,2012,7,0.3482163060987427,43.71619808000098,12,4,2012-07-01,0.2996011031383021,0.5231666607488469,30.02835555617328,43.71619808000098,21.745390247065316,0.0,0.5,10.872695123532658,median,tekirdag,21.745390247065313,0.0,10.872695123532656,-0.5858939164942503,-0.6427533927481818,-0.9544502360685556,-1.4337760723549309,0.4318468884584081,-2.032592323048681,-1.9439937268344964,-1.65557360016554,-1.5613982817308512,-1.4691743347181045,-1.3256266131669636,-1.6067382756191315,-1.5529586332276093,0.04608553871323413,0.042411701021866303,True,True,28.28687850373402
Tekirdag,2012,8,0.2661162329329023,41.34229005242395,10,2,2012-08-01,0.2145976806432795,0.4339782774087779,33.14273610933887,46.82328926867245,23.48364123774006,40.06416372505434,0.5,31.7739024813972,median,tekirdag,23.48364123774006,40.06416372505434,31.7739024813972,-0.0668913712493514,-1.7899811734857174,-0.82817266360652,-0.8717001606349427,0.3784905611565743,-1.0848831593415718,-0.9320757000382391,-2.119223165605129,-1.9439937268344964,-1.6325004351142096,-1.4335644069425781,-1.4243383497045363,-1.4246357618543768,-0.09103483270922941,-0.12754191328099132,True,False,28.28687850373402
Tekirdag,2012,9,0.2350259186560448,37.98820544547618,8,2,2012-09-01,0.1910186171295055,0.3434703364482764,26.40771318071996,42.414170237086566,28.86638584542405,27.651120894676342,0.5,28.258753370050194,median,tekirdag,28.866385845424066,27.651120894676346,28.258753370050208,-0.5543886123478192,-1.0191700153174434,-0.5721145709893245,-1.287880834564057,-0.5579760577819688,-0.9803802204353761,-1.0696790361613442,-2.160729256796678,-2.3528647678133234,-1.5997794079498557,-1.4335644069425781,-1.7961281653840937,-1.721484142216565,-0.9954636556392918,-1.0590423035404213,True,True,28.28687850373402
Tekirdag,2012,10,0.2524893046744598,26.979459447386056,11,4,2012-10-01,0.2011434514005603,0.3288378133341623,13.799725248551244,32.81187913608851,40.20996111057602,30.67732211301785,0.5,35.443641611796934,median,tekirdag,40.209961110575975,30.67732211301785,35.44364161179691,0.5567209050286358,0.0040392961050329,-0.3830622222665232,-0.6723026390127732,-1.2269031285263488,0.3071152828761017,0.3179814578594512,-0.6457653415262063,-0.6470008337681493,-1.4859310414547053,-1.4335644069425781,-1.466191217160136,-1.3256266131669636,-1.6403089394310424,-1.5529586332276093,False,False,28.28687850373402
Uzunkopru,2012,6,0.4323950270719345,39.33358271956863,10,5,2012-06-01,0.3278017154225964,0.5030639610561858,25.3569063809869,43.49734916614595,59.67817613612304,22.952948259806284,0.5,41.31556219796467,median,uzunkopru,59.67817613612306,22.952948259806284,41.31556219796467,-1.4953854839223713,2.464231153499357,1.026218439324488,1.2578908149940462,1.0516096101190728,-1.9481970349954838,-1.9439937268344964,2.595150692944867,2.3528647678133265,0.9002548486882691,0.6992999406425686,1.303499432187031,1.0590423035404217,0.8189923071164336,0.8576803159149204,False,False,28.28687850373402
Uzunkopru,2012,7,0.3904936775123383,42.66498453203305,12,6,2012-07-01,0.3090066548344354,0.4983037733049914,30.206773300306416,45.06194855960739,43.04715430233964,16.135548626890632,0.5,29.591351464615137,median,uzunkopru,43.047154302339635,16.135548626890632,29.591351464615133,-1.3063927675421616,1.8193695464297943,1.0515182509966678,0.3174851363285697,1.0237592875660486,-2.3359000152243774,-2.3528647678133234,1.1294815103409195,1.2312477796813,0.4526950377128092,0.4994934456429099,-0.1696806509613346,-0.17041725549737796,0.5945552772239912,0.6335308991018241,False,False,28.28687850373402
Uzunkopru,2012,8,0.339982441334468,38.02787185271839,10,4,2012-08-01,0.2544562098730799,0.5451981560310377,32.8374973512725,46.303434212563246,29.416543636576733,61.45552622954763,0.5,45.43603493306218,median,uzunkopru,29.416543636576733,61.45552622954763,45.43603493306218,-0.4608514716938295,-1.8200288272438567,1.216635860037066,0.802446726804496,0.990888602313394,-1.1391687934922499,-1.2312477796812997,-2.2643026361024265,-1.9439937268344964,0.25630399788869346,0.18873642550572778,0.16427831481784752,0.17041725549737824,0.4573349962064835,0.4847192529770645,True,False,28.28687850373402
Uzunkopru,2012,9,0.2766157279308154,38.04854820383672,8,4,2012-09-01,0.2300308150158601,0.4287520313380586,27.778661706012603,41.08830349723985,23.442344897599877,22.838746084111083,0.5,23.14054549085548,median,uzunkopru,23.442344897599874,22.83874608411114,23.14054549085551,-1.2533506844711335,-1.8281266709363573,1.360116330666047,0.3064345573521173,0.7258165547814026,-1.6149402951171048,-1.721484142216565,-2.369693230610538,-2.3528647678133234,0.33145848890514,0.274414889688605,-0.4087251668373584,-0.45279189167182926,0.30629123163728456,0.3459716702172352,True,True,28.28687850373402
Uzunkopru,2012,10,0.2613329234113591,29.023013100372268,11,5,2012-10-01,0.2078011083839048,0.3833590486590971,17.404481016505297,30.74795713019401,30.492391824341063,12.927246357133043,0.5,21.709819090737053,median,uzunkopru,30.492391824341066,12.927246357133045,21.709819090737057,-0.0176009954861114,-0.7777076237603401,0.6778576319152259,0.3284704434495062,-0.1167574263733289,-0.3748428690611492,-0.3621603567878177,-1.3792842377221741,-1.3256266131669636,-0.17676102087890172,-0.1887364255057275,-0.46502904215242286,-0.45279189167182926,-0.6415330322505337,-0.6862467686859733,True,True,28.28687850373402
Corlu,2013,6,0.3935093098809296,34.4259713498211,22,16,2013-06-01,0.3398058060169734,0.5550912779270141,24.8281463037949,41.81771643367222,24.945252174933945,43.507546261292575,0.5,34.22639921811326,median,corlu,24.94525217493392,43.507546261292575,34.226399218113244,0.5930572026520051,-0.6692502316837132,0.8030280581256233,1.539080464991487,1.2256748146014909,0.40301109632102616,0.36216035678781794,-1.2525243755413986,-1.1467208607643733,0.2396035904187826,0.231363264738605,1.1784780960705272,1.1364912754190772,0.4496676291134298,0.5329820468077673,True,False,27.680758881038706
Corlu,2013,7,0.3611877822857959,41.79495323047893,24,16,2013-07-01,0.2411567941070453,0.46871385428598,32.97320114614718,44.767587698768864,52.74764407852991,25.20380737927549,0.5,38.9757257289027,median,corlu,52.74764407852991,25.20380737927543,38.97572572890267,-1.215354509099016,-0.7217437941172068,0.0058671359747764,1.2190353628309198,1.221458784419984,-0.884483098295236,-0.8695173820242987,-1.1222488106405093,-1.2312477796812997,-0.6294311405165943,-0.6470008337681493,0.905812748005824,0.9206378906748922,0.6312260854268653,0.6335308991018241,True,False,27.680758881038706
Corlu,2013,8,0.2864929524282965,40.15113436971868,22,12,2013-08-01,0.2114858986548909,0.3861276906492696,33.698988564166115,46.7417631923928,42.9490861934238,50.530880204055066,0.5,46.73998319873944,median,corlu,42.94908619342378,50.530880204055094,46.73998319873944,-0.1860878486795934,-0.2515807017552766,-0.7134794913161411,1.4620823538474563,1.1496664260114766,-0.8016252007341713,-0.9320757000382391,-0.6155340294501637,-0.7535860816623509,-1.2548241560667601,-1.2312477796812997,1.0658991151819912,1.2214345945270098,0.6027721644080364,0.4847192529770645,False,False,27.680758881038706
Corlu,2013,9,0.2494752031318897,33.96320638516895,15,9,2013-09-01,0.1993734068907274,0.3480665630985831,27.666430007419827,42.38830436288306,33.694756045884056,57.22843283598318,0.5,45.46159444093362,median,corlu,33.69475604588407,57.22843283598318,45.461594440933624,-0.1025874220121592,-1.1253770892114647,-1.3940662991934445,0.1842536656699612,1.0719585696978893,-0.4730699026342451,-0.4994934456429097,-1.2365420620706113,-1.4335644069425781,-1.711345435769474,-1.721484142216565,-0.4805372123408318,-0.5473111231649045,0.5304112591551583,0.5825199483025975,True,False,27.680758881038706
Corlu,2013,10,0.2460253138942255,21.958808213973697,13,7,2013-10-01,0.1847029231834753,0.3357082850914537,18.0578755063624,35.57369742326176,40.609412762521394,77.72909129746485,0.5,59.16925202999312,median,corlu,40.609412762521394,77.72909129746488,59.16925202999313,1.4994206604445586,1.0025562771243215,0.2772247925039479,0.5924823568788882,1.3678904121046584,1.6578461564859475,1.7214841422165659,0.8515301387340962,0.7535860816623511,-0.10733049132585526,-0.02084838541615085,0.04840814790683901,0.1464499462086932,1.0613838261901651,0.9874746312142068,False,False,27.680758881038706
Edirne,2013,6,0.4204947157494508,37.63365957036928,22,7,2013-06-01,0.3257017645778581,0.543975793256036,27.434696048485225,44.3577027483714,43.42841507330903,39.733147290235046,0.5,41.58078118177204,median,edirne,43.42841507330904,39.733147290235046,41.58078118177204,1.5645913652931915,0.2379273211591326,1.5601292917877312,1.6241705618164508,0.8884910961139865,1.530623704226921,1.561398281730852,-0.4723047017075389,-0.4070579827398848,1.1993353675530432,1.2312477796813,1.213525033265061,1.2214345945270098,-0.009115520547436891,-0.042411701021866303,False,False,27.680758881038706
Edirne,2013,7,0.398129061163581,42.01130236914346,24,8,2013-07-01,0.2414503697484318,0.5612946498717422,31.965500733772664,46.739004736987454,48.985928825972586,32.00122575399325,0.5,40.49357728998292,median,edirne,48.98592882597259,32.00122575399325,40.49357728998292,-0.4547814241588213,0.1998578929475005,0.726629005440458,1.4336527958458625,0.954395679100846,-0.567023076555886,-0.5473111231649045,-0.3874335976372616,-0.14644994620869292,0.10370517198076445,0.1464499462086932,1.0680671688857484,1.0590423035404217,0.32724392279432674,0.3913554652074412,False,False,27.680758881038706
Edirne,2013,8,0.3451622735884534,42.42727198600254,22,8,2013-08-01,0.229021614478841,0.4581346810583013,33.579157128574245,46.14653160875334,50.69141661954615,29.594563515368417,0.5,40.14299006745728,median,edirne,50.69141661954617,29.594563515368417,40.14299006745729,-1.1160452506533782,0.5762267207228929,-0.236027287015187,1.6568401953124965,0.9651375840590182,-1.4370097680444323,-1.4335644069425781,-0.0074515422921679,-0.06258145102371986,-0.930611940249763,-0.998513120455002,1.2313110411048807,1.0590423035404217,0.3464338562542883,0.43756036688567534,False,False,27.680758881038706
Edirne,2013,9,0.2920055657023264,34.80658406201787,15,4,2013-09-01,0.2193447657316066,0.3740988588743695,24.89643242742357,42.532933610188266,46.95242529300286,43.80885680273696,0.5,45.380641047869915,median,edirne,46.95242529300284,43.80885680273696,45.3806410478699,-0.5284996706823334,-1.345666582583782,-0.8693673394596916,0.7702020513318981,1.0025990266096871,-0.6375547244519483,-0.6470008337681493,-1.2886487557185893,-1.2312477796812997,-1.324282646706725,-1.5613982817308512,0.09132362794405592,0.10442384485535429,0.35824362727350634,0.5329820468077673,True,False,27.680758881038706
Edirne,2013,10,0.2655856749791758,27.77241332750019,13,4,2013-10-01,0.2152552748781966,0.3871591272349366,16.775228355909373,32.14921296752098,29.278226991988547,28.46886965604934,0.5,28.87354832401894,median,edirne,29.278226991988547,28.46886965604934,28.87354832401894,0.1994029531563403,-0.8692886896182349,-0.5106473568247175,0.041916428565586,0.8796130342648625,0.246511512262169,0.274414889688605,-0.9328095454104103,-1.0696790361613442,-0.8224940027349924,-0.9320757000382391,-0.49897778855661007,-0.5473111231649045,0.4050400608889432,0.43756036688567534,False,False,27.680758881038706
Kirklareli,2013,6,0.4362149537386389,38.90132740605149,22,7,2013-06-01,0.3012678806275926,0.528383243387792,29.05835330150456,45.33031971721313,59.41785331956195,39.50962131383973,0.5,49.46373731670084,median,kirklareli,59.41785331956196,39.50962131383973,49.46373731670084,1.1860786566002448,0.2917400567163425,1.1476235192050814,2.156067649791506,1.6924949744048228,1.1346766251984082,0.9320757000382391,-0.311510953787167,-0.23136326473860486,0.8735948349015809,1.325626613166965,2.0170013776669573,1.9367654674157966,1.1390923583478658,0.9206378906748922,False,False,27.680758881038706
Kirklareli,2013,7,0.4502624726027586,39.74419812715644,24,8,2013-07-01,0.2485369118494177,0.5420576872552342,29.544782826486998,48.64480564115659,68.72616102708193,46.59998367731855,0.5,57.66307235220024,median,kirklareli,68.72616102708193,46.59998367731856,57.663072352200246,-0.6501737110559789,0.3419647326665403,0.728301204258819,1.736269882129057,1.7370860078880468,-0.4280529185297379,-0.4994934456429097,-0.05452807267267399,0.1464499462086932,0.24852317488801076,0.231363264738605,1.6642930653444856,1.5529586332276095,1.3720785929692,1.5529586332276095,False,False,27.680758881038706
Kirklareli,2013,8,0.3762645775367402,40.89282713471778,22,8,2013-08-01,0.2398971291224648,0.4850300345873192,31.684933185315188,45.96482627922851,55.6300053457437,35.518467198277705,0.5,45.5742362720107,median,kirklareli,55.63000534574372,35.518467198277754,45.57423627201074,-1.4090791317988771,0.291176906581767,-0.2170512074963873,1.7253969329963206,1.664115706081691,-1.2419638767114072,-1.5613982817308512,0.05876689501893954,-0.02084838541615085,-0.7217910297626725,-0.6992999406425684,1.5484877372801902,1.7135929008532076,1.3952790263315629,1.3162444282273542,False,False,27.680758881038706
Kirklareli,2013,9,0.3120819169269097,32.835864671787505,15,4,2013-09-01,0.2264392177848136,0.4263599730650386,25.16473562126994,41.53667351686312,42.83832312560662,53.144648486710935,0.5,47.99148580615878,median,kirklareli,42.838323125606635,53.144648486710935,47.991485806158785,-0.0618880063340238,-1.279422334280934,-0.6585960795284538,0.533149943563152,1.7343747370441664,-0.14925637683710896,-0.02084838541615085,-1.0142414447136225,-0.998513120455002,-1.0259978357373647,-0.9320757000382391,0.08844960638780164,0.18873642550572778,1.5136915065089207,1.4246357618543775,True,False,27.680758881038706
Kirklareli,2013,10,0.2755079480864498,27.599481747848102,13,5,2013-10-01,0.1889990885525008,0.4107584921015044,18.62167950061002,31.82191389321756,39.01023277907247,31.987554309900183,0.5,35.49889354448632,median,kirklareli,39.01023277907247,31.987554309900165,35.498893544486315,0.399015649987927,-0.3623761420060396,-0.0814689332865701,0.2728236104536513,1.3469244021511118,0.47117247609281676,0.4527918916718295,-0.40276134429933474,-0.4070579827398848,-0.3650313062127272,-0.45279189167182926,-0.11590405213861432,-0.10442384485535401,1.230328096616252,1.2214345945270098,False,False,27.680758881038706
Luleburgaz,2013,6,0.4449879267808236,34.57646031999263,22,4,2013-06-01,0.3409911048494393,0.5448500175709519,20.665396881359143,43.24732335614259,51.01411586230339,38.397357487778784,0.5,44.70573667504109,median,luleburgaz,51.01411586230336,38.397357487778784,44.705736675041074,1.0114403961252554,1.668305954139964,2.4852669251654445,2.3572479445046457,1.809663249030638,0.9748109559830762,0.9985131204550027,1.486906874333918,1.561398281730852,2.118801422025428,2.3528647678133265,1.8710580287076988,2.346620887656017,1.3388793689911296,0.9874746312142068,False,False,27.680758881038706
Luleburgaz,2013,7,0.4104181638186167,40.50691018589546,24,4,2013-07-01,0.2861197837054355,0.525676930280443,29.38960752014221,46.93138124376206,51.88673428878995,36.62383952208949,0.5,44.25528690543972,median,luleburgaz,51.886734288789924,36.62383952208954,44.25528690543973,-0.5172198750149835,1.2001249024102931,2.0594868112631834,1.9996352511237112,1.8445909312193856,-0.5753444022024135,-0.5473111231649045,1.0379609124823554,0.9320757000382391,1.9057102332335998,1.7214841422165659,1.705359614391912,1.5529586332276095,1.5004209585139692,1.1364912754190772,False,False,27.680758881038706
Luleburgaz,2013,8,0.2935716925350963,41.25963213735136,22,4,2013-08-01,0.1897432281143768,0.4336564687796705,30.05982308745959,48.39365705434462,42.56778522458179,38.91180060798463,0.5,40.73979291628321,median,luleburgaz,42.56778522458178,38.91180060798463,40.73979291628321,-1.7413326115487515,0.1268214440378379,1.5235262834090355,2.310210010806057,1.8058658402742265,-1.05877554785672,-1.0696790361613442,-0.24515407106432488,-0.23136326473860486,1.080613222554651,1.146720860764374,2.298977604444658,2.346620887656017,1.475419932694734,1.2214345945270098,False,False,27.680758881038706
Luleburgaz,2013,9,0.2567979508472953,34.6835142328176,15,2,2013-09-01,0.189633865438078,0.3446252064771623,24.782064321464777,44.39046628301203,43.33408883292417,49.50404458879462,0.5,46.4190667108594,median,luleburgaz,43.33408883292419,49.50404458879462,46.419066710859404,-0.6863554503349338,-1.362417121114493,0.5599123967079074,1.5388059192882664,1.7149494340682494,-0.7387713321334591,-0.6992999406425684,-1.0673943407946846,-0.9320757000382391,0.16430737571143333,0.10442384485535429,1.2177929396012626,1.325626613166965,1.430702803649873,1.2214345945270098,True,False,27.680758881038706
Luleburgaz,2013,10,0.2361691379280219,24.336120923423334,13,2,2013-10-01,0.1841466817202477,0.3409058538431931,17.02123923135515,33.045756172758225,33.18622795926306,54.351936355919214,0.5,43.769082157591136,median,luleburgaz,33.18622795926306,54.351936355919214,43.769082157591136,0.6139066670545221,-0.1244727101322972,0.5693254227601791,1.27465492126671,1.4944409789900834,0.7103686935474693,0.5964147284451815,-0.2888402717352936,-0.2744148896886049,0.3843002771065739,0.5473111231649046,1.070543591507348,1.146720860764374,1.4600176857492855,1.4246357618543775,False,False,27.680758881038706
Tekirdag,2013,6,0.452954724444866,35.71025577946695,22,9,2013-06-01,0.3548692843060378,0.5418339664599165,21.08275464126619,42.242382375833,52.46201529019278,30.87070660366598,0.5,41.66636094692938,median,tekirdag,52.46201529019278,30.87070660366598,41.66636094692938,0.2294423343445723,-1.540152197428226,0.3004250113895875,0.803617672113985,0.3874258104619326,-0.17938583766774252,-0.02084838541615085,-1.7165986645024796,-1.9439937268344964,-0.3070337809584715,-0.3179814578594511,0.4014003047403889,0.43756036688567534,-0.35328888008193854,-0.3913554652074409,True,False,27.680758881038706
Tekirdag,2013,7,0.3940877875884305,40.53652303998803,24,10,2013-07-01,0.2996011031383021,0.5231666607488469,30.02835555617328,43.71619808000098,42.26352460548773,23.22992125660264,0.5,32.746722931045184,median,tekirdag,42.2635246054877,23.229921256602637,32.74672293104517,-1.5346474243076431,-1.5327775213289778,-0.6061959624106716,0.5560624502762034,0.3530527248817365,-1.123103465500919,-1.0696790361613442,-1.6765909494042153,-1.721484142216565,-1.185587585532679,-1.1467208607643733,0.12275864845581179,0.12754191328099146,-0.3240917235540287,-0.345971670217235,True,False,27.680758881038706
Tekirdag,2013,8,0.267761162313849,39.06634696968126,22,8,2013-08-01,0.2145976806432795,0.4339782774087779,33.14273610933887,46.82328926867245,24.23344746727869,56.70050186310631,0.5,40.4669746651925,median,tekirdag,24.233447467278665,56.70050186310631,40.46697466519249,-1.1659483879068624,-0.8104397782168415,-1.7789025275749344,0.9631692727980432,0.2974468567343078,-1.4558860246238559,-1.4335644069425781,-1.2593707020879155,-1.2312477796812997,-1.938174735269171,-1.721484142216565,0.4441797626174658,0.3913554652074412,-0.3551392649903702,-0.345971670217235,True,False,27.680758881038706
Tekirdag,2013,9,0.244453318244566,35.08910080262359,15,5,2013-09-01,0.1910186171295055,0.3434703364482764,26.40771318071996,42.414170237086566,35.05024499155074,45.763215486524,0.5,40.40673023903737,median,tekirdag,35.050244991550755,45.763215486524,40.40673023903737,-0.3884046231427424,-1.5822215410482372,-2.2256634217545805,-0.406423569147506,0.3089069269942212,-0.5621803726438732,-0.6992999406425684,-1.5866817603523056,-1.4335644069425781,-2.14033182303385,-2.3528647678133234,-1.1623998895181056,-1.1467208607643733,-0.3309772678993738,-0.3913554652074409,True,False,27.680758881038706
Tekirdag,2013,10,0.2346522083552669,25.85525519457414,13,5,2013-10-01,0.2011434514005603,0.3288378133341623,13.799725248551244,32.81187913608851,26.24137545879304,36.59040413129904,0.5,31.41588979504604,median,tekirdag,26.24137545879304,36.59040413129904,31.41588979504604,0.851364838638171,0.2220444110367687,-0.5002009280557257,-0.3027840137912141,0.4478364376146758,0.9329601610131204,0.9985131204550027,0.05676528713859852,0.18873642550572778,-0.9233469567748465,-1.0696790361613442,-0.8567955364558519,-0.998513120455002,0.010900483725044754,-0.08489986218558754,False,False,27.680758881038706
Uzunkopru,2013,6,0.4328706843147912,36.46531736167267,22,11,2013-06-01,0.3278017154225964,0.5030639610561858,25.3569063809869,43.49734916614595,59.94957357322488,38.764388982976136,0.5,49.356981278100506,median,uzunkopru,59.94957357322489,38.764388982976136,49.35698127810051,1.7915090749012612,0.4218335881719789,1.381193540108342,1.7654076482479208,1.1721184633390676,1.8131066129614433,1.4335644069425781,-0.2411370594343671,-0.14644994620869292,1.0664490747608886,1.0696790361613444,1.5332318583715272,1.5529586332276095,0.4711320706756042,0.4847192529770645,False,False,27.680758881038706
Uzunkopru,2013,7,0.465263981496359,39.66342134828752,24,12,2013-07-01,0.3090066548344354,0.4983037733049914,30.206773300306416,45.06194855960739,82.5460672219522,36.34105365360669,0.5,59.443560437779446,median,uzunkopru,82.54606722195216,36.34105365360665,59.443560437779404,-0.3918145726107089,0.4856526210399332,0.7297016186378847,1.8033708057279527,1.2371080268428374,-0.5738314614303827,-0.6992999406425684,-0.027246008885137157,0.02084838541615085,0.16407024285570948,0.10442384485535429,2.2725343190754614,2.346620887656017,0.61518374206909,0.6862467686859735,False,False,27.680758881038706
Uzunkopru,2013,8,0.3502894782452406,39.72157579230627,22,12,2013-08-01,0.2544562098730799,0.5451981560310377,32.8374973512725,46.303434212563246,32.961624436570034,48.87783514845689,0.5,40.919729792513465,median,uzunkopru,32.961624436570034,48.87783514845689,40.919729792513465,-0.355145717756662,0.8525908883539085,-0.3077009707842741,1.952271734761592,1.2290995139316414,-1.1316905462797653,-1.1467208607643733,0.4396169877812623,0.3179814578594512,-0.9714894318921414,-1.0696790361613442,2.332672353770298,1.9367654674157966,0.5997437146832102,0.6335308991018241,False,False,27.680758881038706
Uzunkopru,2013,9,0.3040001999695905,35.14767521134379,15,7,2013-09-01,0.2300308150158601,0.4287520313380586,27.778661706012603,41.08830349723985,37.22269132743201,44.63402080296176,0.5,40.92835606519688,median,uzunkopru,37.22269132743201,44.63402080296176,40.92835606519688,-0.4203133481749742,-0.9164019906476312,-0.3773087907698343,0.7746240808101394,1.3095512960204871,-0.6580180591859093,-0.7535860816623509,-1.1694841929054136,-1.2312477796812997,-1.0802661248060268,-1.0696790361613442,0.14485853534859028,0.231363264738605,0.8200369073681258,0.7979517139723645,True,False,27.680758881038706
Uzunkopru,2013,10,0.2737709158223342,22.66234426342968,13,7,2013-10-01,0.2078011083839048,0.3833590486590971,17.404481016505297,30.74795713019401,37.57722797101616,60.59600060639009,0.5,49.086614288703124,median,uzunkopru,37.57722797101616,60.59600060639009,49.086614288703124,0.6438813954284465,0.0636172954161467,0.2072555897706225,0.4677116447990438,1.4401131101354687,0.7439236427473195,0.7535860816623511,-0.18044683954067095,-0.2744148896886049,-0.1664990936665867,-0.10442384485535401,-0.025960851674022394,0.02084838541615085,1.1449198687547222,1.1364912754190772,False,False,27.680758881038706
Corlu,2014,6,0.4581932100241971,34.306389973688866,20,12,2014-06-01,0.3398058060169734,0.5550912779270141,24.8281463037949,41.81771643367222,54.99089323439955,44.2113979492287,0.5,49.601145591814124,median,corlu,54.99089323439955,44.2113979492287,49.601145591814124,1.753141637700979,1.4935055261130308,0.7961877022816558,0.6920309711174669,0.2890474694538727,2.082040872055885,2.3528647678133265,1.296449127091754,1.325626613166965,0.3799926228006902,0.407057982739885,0.49084018173218374,0.6335308991018241,-0.05739582053754118,0.042411701021866303,False,False,28.569080371438698
Corlu,2014,7,0.4262107789060915,37.68742746965141,22,13,2014-07-01,0.2411567941070453,0.46871385428598,32.97320114614718,44.767587698768864,81.32201420317739,60.02991505771583,0.5,70.67596463044661,median,corlu,81.32201420317739,60.029915057715826,70.6759646304466,1.638459210899836,2.1061010469367507,1.815556564300704,0.5717814929059102,0.8882657922971363,1.7456844125181248,1.7214841422165659,2.4593315690487483,2.3528647678133265,1.5631062566012206,1.561398281730852,0.25825699115692186,0.17041725549737824,0.5719115072624557,0.5825199483025975,False,False,28.569080371438698
Corlu,2014,8,0.370544870851145,37.4643158787744,22,14,2014-08-01,0.2114858986548909,0.3861276906492696,33.698988564166115,46.7417631923928,91.07726757715236,71.13093324130966,0.5,81.10410040923101,median,corlu,91.07726757715234,71.13093324130969,81.10410040923102,1.4657574448128767,2.43037822501215,2.607708363378748,0.9267450172037808,1.177581915622882,1.168853342246003,1.0696790361613444,2.645301429429775,2.3528647678133265,2.4831620823491702,2.3528647678133265,0.536381925855623,0.4847192529770645,0.9420325757932844,0.9206378906748922,False,False,28.569080371438698
Corlu,2014,9,0.3480665630985831,34.10064620258375,22,12,2014-09-01,0.1993734068907274,0.3480665630985831,27.666430007419827,42.38830436288306,100.0,56.294857300040704,0.5,78.14742865002034,median,corlu,100.0,56.294857300040704,78.14742865002034,1.879315949960889,2.6111169809600163,3.108442095127077,2.328069557054288,1.775760551095278,2.0406828428517296,2.3528647678133265,2.5222307564105493,2.3528647678133265,2.877840921079497,2.3528647678133265,2.1740644116987218,2.3528647678133265,1.7113157623183142,1.7135929008532076,False,False,28.569080371438698
Corlu,2014,10,0.2870169633410107,27.16973053586085,19,7,2014-10-01,0.1847029231834753,0.3357082850914537,18.0578755063624,35.57369742326176,67.75523654576243,47.97928939487969,0.5,57.867262970321065,median,corlu,67.75523654576243,47.979289394879714,57.86726297032107,0.2820938242823163,1.812718779382915,2.536556599682286,2.3419212724057985,1.3039253909508162,0.3006251854006184,0.4527918916718295,1.9060961853152467,1.9439937268344982,2.5519537339874034,2.3528647678133265,2.3786927301948166,2.3528647678133265,1.1326438699833588,1.1364912754190772,False,False,28.569080371438698
Edirne,2014,6,0.4475790509248003,35.15742195189005,20,6,2014-06-01,0.3257017645778581,0.543975793256036,27.434696048485225,44.3577027483714,55.83682451137486,54.365521208138695,0.5,55.10117285975677,median,edirne,55.83682451137487,54.365521208138695,55.10117285975679,1.2807480440181864,1.5460763393869437,1.5443044042988547,0.8136297079652638,0.2441797426795271,1.3182888880754202,1.2312477796813,1.550926752900425,1.325626613166965,1.4555025511237494,1.325626613166965,0.7012662527407005,0.7409429851520696,0.042251343303184336,0.08489986218558768,False,False,28.569080371438698
Edirne,2014,7,0.4734334129664155,37.877677967457245,22,6,2014-07-01,0.2414503697484318,0.5612946498717422,31.965500733772664,46.739004736987454,72.52999588691931,59.98121209160629,0.5,66.2556039892628,median,edirne,72.52999588691932,59.98121209160629,66.25560398926281,1.7845785617119656,2.275941728424847,1.960332684598418,1.3982262338352796,0.8375596806048385,1.8209152579903836,1.561398281730852,2.48452336828322,2.3528647678133265,1.83537725465133,1.7214841422165659,1.2593164698321664,1.1364912754190772,0.6471446123025925,0.6862467686859735,False,False,28.569080371438698
Edirne,2014,8,0.4581346810583013,37.38918013522839,22,7,2014-08-01,0.229021614478841,0.4581346810583013,33.579157128574245,46.14653160875334,100.0,69.68322211880287,0.5,84.84161105940143,median,edirne,100.0,69.68322211880287,84.84161105940143,-0.3304948146789346,1.5861144537492062,2.4575389604060187,1.1336555557729937,0.8847031038878302,-0.525280946312376,-0.4994934456429097,1.4724954670756674,1.561398281730852,2.1067736701543147,1.9439937268344982,0.9028669575041464,0.6862467686859735,0.7830694276239355,0.6862467686859735,False,False,28.569080371438698
Edirne,2014,9,0.3740988588743695,33.0727862623914,22,7,2014-09-01,0.2193447657316066,0.3740988588743695,24.89643242742357,42.532933610188266,100.0,53.63959239852976,0.5,76.81979619926489,median,edirne,100.0,53.63959239852976,76.81979619926489,1.4779260355138188,1.7020050361980847,2.5102409342901817,2.2263432054479044,1.5216713049602015,1.5785809471742311,1.325626613166965,1.7596602871954796,1.9439937268344982,2.2556554045950445,1.9439937268344982,2.1536977137713267,1.7214841422165659,1.4088481054283246,1.2214345945270098,False,False,28.569080371438698
Edirne,2014,10,0.3342395512770028,24.556330924034395,19,5,2014-10-01,0.2152552748781966,0.3871591272349366,16.775228355909373,32.14921296752098,69.21559625777697,49.38786030624658,0.5,59.30172828201177,median,edirne,69.21559625777697,49.38786030624658,59.30172828201177,1.2588569336197335,1.6562571129266237,2.435228460013351,2.507101132848374,2.024481131940377,1.4213696141311336,1.4335644069425781,1.5571609887631668,1.561398281730852,2.269252116128465,1.9439937268344982,2.2633194277537476,1.9439937268344982,1.9270240969294274,1.9367654674157966,False,False,28.569080371438698
Kirklareli,2014,6,0.4087519707242703,36.136129538606696,20,6,2014-06-01,0.3012678806275926,0.528383243387792,29.05835330150456,45.33031971721313,47.32576818687741,56.50325193475437,0.5,51.914510060815886,median,kirklareli,47.32576818687742,56.503251934754374,51.9145100608159,2.141669930789824,3.028771590581868,2.2329723513413016,1.350715003514681,0.8856284636023851,2.2011800697404675,2.3528647678133265,2.9856015858928204,2.3528647678133265,2.285414010679484,1.7214841422165659,1.4291632370143368,1.4246357618543775,0.7512306720519639,0.7409429851520696,False,False,28.569080371438698
Kirklareli,2014,7,0.4553793864968021,38.501695169795326,22,6,2014-07-01,0.2485369118494177,0.5420576872552342,29.544782826486998,48.64480564115659,70.46944951729833,53.10522699256119,0.5,61.787338254929765,median,kirklareli,70.46944951729832,53.10522699256119,61.78733825492975,0.0356435021044337,2.306885579895224,2.1615064359530933,1.4060500540541885,0.9703331473870624,-0.15903588390635454,-0.10442384485535401,2.7933395514910604,2.3528647678133265,2.0154876674147295,1.9439937268344982,1.4077372413344096,1.4246357618543775,0.7991527956736089,0.7409429851520696,False,False,28.569080371438698
Kirklareli,2014,8,0.4831752389139133,38.225168435802246,22,6,2014-08-01,0.2398971291224648,0.4850300345873192,31.684933185315188,45.96482627922851,99.24335100182138,54.199690379511495,0.5,76.72152069066644,median,kirklareli,99.24335100182141,54.199690379511495,76.72152069066645,-0.711700794686182,1.5303916486410492,2.399344315133407,1.1891781519624582,0.9943130527849084,-1.0721273582244693,-0.9320757000382391,1.4726993167347764,1.561398281730852,2.273699597697718,1.9439937268344982,0.9837816936942937,1.1364912754190772,0.9149125202702173,0.8576803159149204,False,False,28.569080371438698
Kirklareli,2014,9,0.4263599730650386,30.61032244722565,22,6,2014-09-01,0.2264392177848136,0.4263599730650386,25.16473562126994,41.53667351686312,100.0,66.7382880347873,0.5,83.36914401739365,median,kirklareli,100.0,66.7382880347873,83.36914401739365,1.6781653939388497,1.0318601170221655,2.97349123042274,2.38207296465018,1.5902492766362817,1.744929052289243,1.7214841422165659,0.7614801286688881,0.6992999406425686,3.1570674178840012,2.3528647678133265,2.303582199505804,2.3528647678133265,1.6003282427523011,1.5529586332276095,False,False,28.569080371438698
Kirklareli,2014,10,0.3492031910459717,23.11251772751751,19,5,2014-10-01,0.1889990885525008,0.4107584921015044,18.62167950061002,31.82191389321756,72.24230401488683,65.97910239061763,0.5,69.11070320275223,median,kirklareli,72.24230401488683,65.97910239061761,69.11070320275222,1.2064600501387326,1.639942568597235,2.391605680225112,2.592059488058511,1.9924218570447607,1.355325555697353,1.146720860764374,1.5933516093660727,1.4335644069425781,2.9442297208150814,2.3528647678133265,2.481536950386161,2.3528647678133265,1.9876342429884928,1.9367654674157966,False,False,28.569080371438698
Luleburgaz,2014,6,0.4317995244648941,36.19938182842117,20,3,2014-06-01,0.3409911048494393,0.5448500175709519,20.665396881359143,43.24732335614259,44.54473851702836,31.21054147258713,0.5,37.877639994807744,median,luleburgaz,44.54473851702836,31.210541472587135,37.877639994807744,0.4866351285998535,0.916754422675344,0.536664934374072,-0.1069178796092486,-0.5671099339167013,0.4359507196622785,0.4994934456429099,0.9027816253900066,0.8101899639922558,0.3862336502775895,0.4994934456429099,0.0026213673898864338,-0.08489986218558754,-0.6749433189880838,-0.7409429851520691,False,False,28.569080371438698
Luleburgaz,2014,7,0.525676930280443,34.45275111600435,22,2,2014-07-01,0.2861197837054355,0.525676930280443,29.38960752014221,46.93138124376206,100.0,71.13664971607369,0.5,85.56832485803685,median,luleburgaz,100.0,71.13664971607369,85.56832485803685,2.192549921275805,2.270799641427098,1.7008275087640103,0.6346135038720419,0.3721796237474823,2.798492809758472,2.3528647678133265,2.3999086426127603,2.3528647678133265,1.6287232029373517,1.561398281730852,0.5555899034805195,0.5825199483025975,0.19845187300411396,0.3459716702172352,False,False,28.569080371438698
Luleburgaz,2014,8,0.4336564687796705,36.19000085903938,22,4,2014-08-01,0.1897432281143768,0.4336564687796705,30.05982308745959,48.39365705434462,100.0,66.5635797583187,0.5,83.28178987915935,median,luleburgaz,100.0,66.5635797583187,83.28178987915935,0.5266662329078544,1.732842024250747,2.284006923554464,0.7535511277148101,0.5041332190140875,-0.03368833590714545,0.06258145102371986,1.827952828505342,1.9439937268344982,2.222393505518472,2.3528647678133265,0.5832499902591802,0.6335308991018241,0.3751510653503954,0.5329820468077673,False,False,28.569080371438698
Luleburgaz,2014,9,0.3073788041690914,25.15415574337093,22,4,2014-09-01,0.189633865438078,0.3446252064771623,24.782064321464777,44.39046628301203,75.96872053731155,98.10238783029928,0.5,87.03555418380542,median,luleburgaz,75.96872053731153,98.1023878302993,87.03555418380542,1.9758581212994464,2.415237820340319,2.700746940259112,2.083166713222582,1.1939414611514092,2.2739097550751115,1.9439937268344982,3.0367244720910587,2.3528647678133265,2.596463922888699,2.3528647678133265,2.061375940169891,1.9439937268344982,1.1506665292767693,0.9206378906748922,False,False,28.569080371438698
Luleburgaz,2014,10,0.2933004695430542,26.627385895133564,19,2,2014-10-01,0.1841466817202477,0.3409058538431931,17.02123923135515,33.045756172758225,69.63151587531846,40.05343999506971,0.5,54.84247793519408,median,luleburgaz,69.63151587531846,40.05343999506971,54.84247793519408,-0.4587826536648572,0.9737773635452086,1.9572203740277736,1.6299068493856332,0.9120874564726936,-0.5095929557017336,-0.4070579827398848,1.0549584912717074,1.0696790361613444,2.132392019110834,1.9439937268344982,1.6486534130452792,1.561398281730852,0.7511879222490626,0.7979517139723645,False,False,28.569080371438698
Tekirdag,2014,6,0.390480815974256,36.922267133666416,20,6,2014-06-01,0.3548692843060378,0.5418339664599165,21.08275464126619,42.242382375833,19.047197180753447,25.14276389407142,0.5,22.094980537412432,median,tekirdag,19.047197180753418,25.14276389407142,22.094980537412418,0.8906676095158759,1.1553318884049404,0.0447076669464306,-0.5550730578995586,-0.9923554166545928,0.8157656890932772,0.6992999406425686,0.8820822005072971,0.8101899639922558,-0.3864788285613786,-0.4994934456429097,-0.7427083508006073,-0.6862467686859733,-1.235235597322849,-1.3162444282273533,False,True,28.569080371438698
Tekirdag,2014,7,0.3163651428139034,38.5455424139652,22,6,2014-07-01,0.2996011031383021,0.5231666607488469,30.02835555617328,43.71619808000098,7.498489416157971,37.77553443528258,0.5,22.637011925720277,median,tekirdag,7.498489416157971,37.77553443528253,22.637011925720252,1.751627843298866,2.2055860312979707,1.261707176815746,-0.3821521283024041,-0.3305231978311619,1.728720901455401,1.4335644069425781,2.08768398384143,2.3528647678133265,0.7037131779910835,0.6470008337681494,-0.7500434584041278,-0.6862467686859733,-0.6290693392063118,-0.5825199483025973,False,True,28.569080371438698
Tekirdag,2014,8,0.4102331550638163,35.66455631382656,22,9,2014-08-01,0.2145976806432795,0.4339782774087779,33.14273610933887,46.82328926867245,89.17628874428516,81.56638715469504,0.5,85.3713379494901,median,tekirdag,89.17628874428516,81.56638715469504,85.3713379494901,-0.1933649426274808,1.387805117929883,1.720052049962857,-0.1578846223062968,-0.2657432714962127,-0.7443798937178118,-0.8695173820242987,1.092774499831588,1.0696790361613444,1.1415964579610494,1.0696790361613444,-0.6017164341869811,-0.5329820468077671,-0.5395587795600122,-0.48471925297706436,False,False,28.569080371438698
Tekirdag,2014,9,0.3434703364482764,32.436747992179406,22,6,2014-09-01,0.1910186171295055,0.3434703364482764,26.40771318071996,42.414170237086566,100.0,62.33373325384718,0.5,81.16686662692359,median,tekirdag,100.0,62.33373325384718,81.16686662692359,1.4098274751562432,1.657955129607852,2.0108565151654,1.1239291153458306,0.3182000037660056,1.3085410011391407,1.146720860764374,1.3518843758200887,1.2312477796813,1.7305516640447702,1.7214841422165659,0.7173384133219661,0.7535860816623511,0.08370912781886417,0.08489986218558768,False,False,28.569080371438698
Tekirdag,2014,10,0.268693026998399,25.46242056243125,19,4,2014-10-01,0.2011434514005603,0.3288378133341623,13.799725248551244,32.81187913608851,52.899419030703086,38.65663310496832,0.5,45.778026067835704,median,tekirdag,52.899419030703044,38.65663310496834,45.7780260678357,1.2327985627355924,1.421496160401703,2.046487132129806,1.738846561342439,0.5269898652308066,1.1879834191457705,1.325626613166965,1.3164110760156063,1.0696790361613444,1.9969380496405773,1.7214841422165659,1.5405576927824054,1.2312477796813,0.22093819969138925,0.17041725549737824,False,False,28.569080371438698
Uzunkopru,2014,6,0.3872693897438671,37.64485421410468,20,9,2014-06-01,0.3278017154225964,0.5030639610561858,25.3569063809869,43.49734916614595,33.930681480366445,32.2621394712001,0.5,33.09641047578327,median,uzunkopru,33.93068148036647,32.2621394712001,33.09641047578329,1.4231571068784636,1.0014449035652415,0.7281407243984312,0.2460244966728575,-0.1132383900077021,1.5143781071362818,1.325626613166965,0.8637289638868826,0.9320757000382391,0.3829565697864066,0.407057982739885,0.04469437890331161,0.08489986218558768,-0.43972580672810246,-0.3913554652074409,False,False,28.569080371438698
Uzunkopru,2014,7,0.4674601817523967,36.80834538787887,22,8,2014-07-01,0.3090066548344354,0.4983037733049914,30.206773300306416,45.06194855960739,83.70625406144666,55.5604563908518,0.5,69.63335522614923,median,uzunkopru,83.70625406144666,55.56045639085175,69.6333552261492,3.184710483881155,3.1869539184269464,2.244880305351216,1.4846682941917746,1.2192282168425352,3.559332015830059,2.3528647678133265,2.961169126414124,2.3528647678133265,2.37945550898063,2.3528647678133265,1.648485360610167,1.4246357618543775,0.9557408949507002,0.9206378906748922,False,False,28.569080371438698
Uzunkopru,2014,8,0.5451981560310377,33.99129090765907,22,11,2014-08-01,0.2544562098730799,0.5451981560310377,32.8374973512725,46.303434212563246,100.0,91.4317617238852,0.5,95.7158808619426,median,uzunkopru,100.0,91.43176172388519,95.7158808619426,-0.4063548735061215,2.645877473021306,2.784863319522293,1.3398071084591272,1.2021161322550689,-0.4946966107062082,-0.5473111231649045,2.6644149601464675,2.3528647678133265,2.9095743886623304,2.3528647678133265,1.3076057722100063,1.5529586332276095,1.0760772079930736,0.8576803159149204,False,False,28.569080371438698
Uzunkopru,2014,9,0.4287520313380586,32.913441298834535,22,9,2014-09-01,0.2300308150158601,0.4287520313380586,27.778661706012603,41.08830349723985,100.0,61.42060264757533,0.5,80.71030132378766,median,uzunkopru,100.0,61.42060264757533,80.71030132378766,1.7999774085168392,2.805679688388385,3.204369956089974,2.514903923576483,1.814295499633195,1.9520246227446854,1.9439937268344982,3.0368807261838464,2.3528647678133265,3.0907533800072002,2.3528647678133265,2.7338635852354862,2.3528647678133265,1.8421239008354713,1.9367654674157966,False,False,28.569080371438698
Uzunkopru,2014,10,0.3269427576272945,23.690963641686334,19,8,2014-10-01,0.2078011083839048,0.3833590486590971,17.404481016505297,30.74795713019401,67.86457454253089,52.88721940505512,0.5,60.375896973793004,median,uzunkopru,67.86457454253089,52.887219405055156,60.37589697379302,1.4082833392371272,1.7485817491222675,3.10932821317092,2.676270601171186,2.025568991972476,1.5365190661462245,1.4335644069425781,1.87449290962163,2.3528647678133265,2.694460609750432,2.3528647678133265,2.597180693452954,2.3528647678133265,2.1191735345877785,2.346620887656017,False,False,28.569080371438698
Corlu,2015,6,0.4358502143205885,33.6297492751222,21,15,2015-06-01,0.3398058060169734,0.5550912779270141,24.8281463037949,41.81771643367222,44.61258228504536,48.19408081521096,0.5,46.40333155012816,median,corlu,44.612582285045356,48.19408081521096,46.40333155012816,0.8231231673232227,0.4285642294750298,0.7100378400284054,0.3637481901200997,1.6158925729308984,0.903932649625172,0.9320757000382391,0.4772457619952159,0.4994934456429099,0.7283525407809366,0.8101899639922558,0.3752757558346513,0.5329820468077673,1.710749526144128,1.5529586332276095,False,False,28.124785686344236
Corlu,2015,7,0.3774317223355133,40.25112442358393,24,16,2015-07-01,0.2411567941070453,0.46871385428598,32.97320114614718,44.767587698768864,59.88604709575308,38.29332924636935,0.5,49.08968817106121,median,corlu,59.88604709575308,38.29332924636935,49.08968817106121,-1.6448536269514729,-0.7120889510523017,0.4186134095298114,0.1729844020222712,1.0541581122686787,-1.0576118045022367,-1.0696790361613442,-0.7849175366386528,-0.6470008337681493,0.35266400006637216,0.274414889688605,0.10440476279021631,0.042411701021866303,1.0358789892262277,1.0590423035404217,False,False,28.124785686344236
Corlu,2015,8,0.2924220303616861,43.47711052009073,24,16,2015-08-01,0.2114858986548909,0.3861276906492696,33.698988564166115,46.7417631923928,46.344079949317255,25.030354087671075,0.5,35.68721701849417,median,corlu,46.34407994931727,25.030354087671117,35.687217018494195,-0.6012973883232517,-0.1245659895014401,-0.4841095821203797,0.2795439320572262,0.7014953325625973,-1.2407613077827895,-1.5613982817308512,-0.4262717194528436,-0.4070579827398848,-0.6046064604932974,-0.5964147284451813,-0.012678662214429927,-0.042411701021866303,0.6236364094831651,0.5825199483025975,False,False,28.124785686344236
Corlu,2015,9,0.2395291325258236,37.75822615776863,20,11,2015-09-01,0.1993734068907274,0.3480665630985831,27.666430007419827,42.38830436288306,27.00576587328819,31.450330938303544,0.5,29.228048405795867,median,corlu,27.005765873288198,31.450330938303544,29.22804840579587,1.0751049259149466,0.0885885741020448,0.2469761708660852,0.5502814600936491,0.2818106353598704,0.82054733500442,0.7535860816623511,-0.538141947442959,-0.4994934456429097,-0.1516037735942855,-0.1887364255057275,0.22135578958932334,0.18873642550572778,0.06872600612776396,0.08489986218558768,False,False,28.124785686344236
Corlu,2015,10,0.283774359130688,23.88274541233661,16,6,2015-10-01,0.1847029231834753,0.3357082850914537,18.0578755063624,35.57369742326176,65.6078927896522,66.7450951853173,0.5,66.17649398748475,median,corlu,65.60789278965217,66.74509518531733,66.17649398748475,0.8279731756928703,0.918772727265343,0.2085847091485564,0.797589581761634,0.5000167526739062,0.8248240205643467,0.7535860816623511,0.5065726833714851,0.4994934456429099,-0.1434253335539586,-0.10442384485535401,0.5113226237627833,0.4994934456429099,0.2800688204479887,0.21360832941705765,False,False,28.124785686344236
Edirne,2015,6,0.4346472835071875,37.05796061177245,21,6,2015-06-01,0.3257017645778581,0.543975793256036,27.434696048485225,44.3577027483714,49.912268348681145,43.13501888909639,0.5,46.52364361888877,median,edirne,49.91226834868117,43.13501888909639,46.523643618888784,0.9070570185327268,-0.482827325272849,0.5263755202347367,1.2214912824826176,1.888335323725694,0.8993621750250064,0.6992999406425686,-0.5835073787020719,-0.5473111231649045,0.3808933361948075,0.274414889688605,1.190333528440908,1.1364912754190772,1.714655970206386,1.5529586332276095,False,False,28.124785686344236
Edirne,2015,7,0.4173983724836915,42.66690323161826,24,8,2015-07-01,0.2414503697484318,0.5612946498717422,31.965500733772664,46.739004736987454,55.01052032802527,27.563545550758167,0.5,41.28703293939172,median,edirne,55.01052032802526,27.563545550758217,41.287032939391736,-1.0018222202754263,-0.7026583056655852,0.1439011556632291,0.4944330943848946,1.2858685905158151,-1.2107140403634717,-1.1467208607643733,-1.0277026397366917,-1.0696790361613442,-0.17771939370318962,-0.10442384485535401,0.2399481900821056,0.30128981766152896,1.0933616735882867,0.9874746312142068,True,False,28.124785686344236
Edirne,2015,8,0.3372757490147046,43.83558831698278,24,8,2015-08-01,0.229021614478841,0.4581346810583013,33.579157128574245,46.14653160875334,47.24921897822848,18.388433442604235,0.5,32.818826210416354,median,edirne,47.24921897822846,18.388433442604235,32.81882621041635,0.5915398273855178,0.332763063362247,-0.0028096858283944,0.8058135097597828,1.3952255073634774,-0.07025933170323986,-0.10442384485535401,-0.25380124129212717,-0.1887364255057275,-0.44776682125860795,-0.23136326473860486,0.35376140312408255,0.43756036688567534,1.234368173693436,1.0590423035404217,False,False,28.124785686344236
Edirne,2015,9,0.3390174521827781,39.05982984184025,20,5,2015-09-01,0.2193447657316066,0.3740988588743695,24.89643242742357,42.532933610188266,77.33086991164215,19.692702834630914,0.5,48.51178637313653,median,edirne,77.33086991164215,19.692702834630914,48.51178637313653,1.0947307219774371,0.5474131974284173,0.00938233597646,0.6408770505784133,1.2168635593885415,0.7944352509859489,0.7535860816623511,-0.26688138513205184,-0.10442384485535401,-0.5861098059879575,-0.5473111231649045,0.11651704229934928,0.1464499462086932,0.8305768738867315,0.9206378906748922,False,False,28.124785686344236
Edirne,2015,10,0.3388679334001865,21.57927194992415,16,6,2015-10-01,0.2152552748781966,0.3871591272349366,16.775228355909373,32.14921296752098,71.90802115677154,68.75212434916583,0.5,70.33007275296868,median,edirne,71.90802115677154,68.75212434916583,70.33007275296868,0.7832003214379005,1.150936760037458,0.502874671209626,0.8266061307191892,0.9648862703436148,0.8158038367117604,0.7535860816623511,0.816504186931319,0.8101899639922558,-0.018510203690651955,-0.02084838541615085,0.3992113512983084,0.4994934456429099,0.5638133456213282,0.6862467686859735,False,False,28.124785686344236
Kirklareli,2015,6,0.4352995393337684,34.70972427286618,21,7,2015-06-01,0.3012678806275926,0.528383243387792,29.05835330150456,45.33031971721313,59.01479190013828,65.26928075573015,0.5,62.142036327934214,median,kirklareli,59.01479190013829,65.26928075573015,62.14203632793422,0.4652168029817506,0.4509183119007324,0.4087709980136169,1.2530250461202168,1.4396864538919054,0.4657389073779167,0.5473111231649046,0.3819936747397122,0.36216035678781794,0.38410413248920855,0.3179814578594512,1.4156571858960176,1.3162444282273542,1.4756592319899926,1.3162444282273542,False,False,28.124785686344236
Kirklareli,2015,7,0.4893377355798888,39.83114463607468,24,8,2015-07-01,0.2485369118494177,0.5420576872552342,29.544782826486998,48.64480564115659,82.0387665566583,46.14476689688905,0.5,64.09176672677367,median,kirklareli,82.0387665566583,46.144766896889024,64.09176672677367,-1.255900883402871,-0.4537837450074942,0.3236800564664832,0.7465535563488253,1.3507640272952848,-1.2772605410195639,-1.2312477796812997,-0.8424520124361004,-0.9320757000382391,0.09067089604415104,-0.06258145102371986,0.7163378379399105,0.6862467686859735,1.2750622664635178,1.1364912754190772,False,False,28.124785686344236
Kirklareli,2015,8,0.3949334143645846,42.06523276045958,24,8,2015-08-01,0.2398971291224648,0.4850300345873192,31.684933185315188,45.96482627922851,63.24580739094119,27.30828230381569,0.5,45.27704484737844,median,kirklareli,63.24580739094121,27.308282303815695,45.27704484737845,0.1192333898652951,-0.2371632363186098,-0.1376848937774676,0.6734388274516289,1.4190500667804096,-0.7398849807327567,-0.6470008337681493,-0.750913517147391,-0.6470008337681493,-0.5288238134256534,-0.4994934456429097,0.36405990878117117,0.2572017876710414,1.4075250355798754,1.4246357618543775,False,False,28.124785686344236
Kirklareli,2015,9,0.320877507429769,38.28997297567936,20,6,2015-09-01,0.2264392177848136,0.4263599730650386,25.16473562126994,41.53667351686312,47.23786157799528,19.830887228430477,0.5,33.53437440321288,median,kirklareli,47.237861577995304,19.830887228430473,33.53437440321289,0.3992360244691638,-0.4449520419715173,-0.0906248008459974,0.0754441958778739,0.9905805255347268,-0.184962671092984,-0.06258145102371986,-1.2552440704003005,-1.2312477796812997,-0.7074711337921883,-0.6470008337681493,-0.45144166036591776,-0.4994934456429097,0.7791877522986987,0.7409429851520696,True,False,28.124785686344236
Kirklareli,2015,10,0.3472256570425661,24.48009102505168,16,5,2015-10-01,0.1889990885525008,0.4107584921015044,18.62167950061002,31.82191389321756,71.3505564850155,55.618882588005285,0.5,63.4847195365104,median,kirklareli,71.3505564850155,55.61888258800528,63.48471953651039,0.6651560823511439,0.4288334520940626,-0.0356787552370006,0.4161227650346629,0.7645229718664431,0.683580763904435,0.8101899639922558,-0.0396015195930185,0.02084838541615085,-0.6563678239966597,-0.6992999406425684,-0.01727050188595955,0.06258145102371986,0.4859564807996597,0.43756036688567534,False,False,28.124785686344236
Luleburgaz,2015,6,0.5122019708364615,34.93632227098755,21,4,2015-06-01,0.3409911048494393,0.5448500175709519,20.665396881359143,43.24732335614259,83.98497946514105,36.80377355951308,0.5,60.39437651232707,median,luleburgaz,83.98497946514105,36.80377355951308,60.39437651232707,0.258336086431738,-0.2026861879983432,-0.0671571733445536,-0.3829137503892821,1.0532698445976074,0.17776835834666263,0.231363264738605,-0.2989526835280215,-0.2744148896886049,-0.04251919838674399,0.02084838541615085,-0.2762283402748065,-0.345971670217235,1.015660721500919,0.9206378906748922,False,False,28.124785686344236
Luleburgaz,2015,7,0.455698492850174,38.28153441004175,24,4,2015-07-01,0.2861197837054355,0.525676930280443,29.38960752014221,46.93138124376206,70.78841586203393,49.30998979922632,0.5,60.04920283063012,median,luleburgaz,70.78841586203393,49.309989799226315,60.04920283063012,-0.8933680733982542,-1.4063953042065247,-0.2035626866643352,-0.3529583658084476,0.1808208944186049,-1.0043562859300625,-1.0696790361613442,-1.3727029419972707,-1.3256266131669636,-0.3652488312462258,-0.4070579827398848,-0.3879679134621796,-0.43756036688567534,0.06372513523823863,0.042411701021866303,True,False,28.124785686344236
Luleburgaz,2015,8,0.3197799497731647,44.863893046187,24,4,2015-08-01,0.1897432281143768,0.4336564687796705,30.05982308745959,48.39365705434462,53.31269483530368,19.252732486468265,0.5,36.282713660885975,median,luleburgaz,53.312694835303695,19.252732486468226,36.28271366088596,-0.8313874877689269,-0.608630205859884,-0.6522838123595782,-0.2201297184969039,0.0591448047821589,-1.1271683166087474,-1.2312477796812997,-0.9986124791457983,-1.0696790361613442,-0.8476595114622671,-0.8695173820242987,-0.504453300055213,-0.5825199483025973,-0.11503099593035573,0.0,False,False,28.124785686344236
Luleburgaz,2015,9,0.2648039326155202,39.0907213721903,20,3,2015-09-01,0.189633865438078,0.3446252064771623,24.782064321464777,44.39046628301203,48.49952692420828,27.027928748169845,0.5,37.76372783618906,median,luleburgaz,48.4995269242083,27.027928748169845,37.76372783618907,1.0795278776507649,0.1246008388128831,-0.2147164816827174,-0.0985067353248953,-0.3593520894320961,0.7095979075244001,0.6992999406425686,-0.6071347826837464,-0.5964147284451813,-0.7607973437285568,-0.6992999406425684,-0.4884957507884944,-0.5473111231649045,-0.6139782237356317,-0.7409429851520691,False,False,28.124785686344236
Luleburgaz,2015,10,0.3091006861929543,26.61752632418393,16,2,2015-10-01,0.1841466817202477,0.3409058538431931,17.02123923135515,33.045756172758225,79.71080912235604,40.11496803354777,0.5,59.912888577951904,median,luleburgaz,79.71080912235604,40.11496803354779,59.91288857795192,0.9414489804961454,0.9520014625359622,0.0856834337960782,0.4429797441346043,0.1675681936680304,0.9448455787590422,0.869517382024299,0.5836433655359838,0.5473111231649046,-0.5113548030420864,-0.6992999406425684,0.04957569895807939,-0.06258145102371986,-0.23218743537227346,-0.2572017876710413,False,False,28.124785686344236
Tekirdag,2015,6,0.4792887069873651,32.73913302193306,21,9,2015-06-01,0.3548692843060378,0.5418339664599165,21.08275464126619,42.242382375833,66.54701906690889,44.912176495313474,0.5,55.72959778111118,median,tekirdag,66.54701906690889,44.912176495313474,55.72959778111118,0.8951060082243324,0.4342299048035004,0.3750374309474739,0.5302185384464975,1.1788806593311545,0.9202542443061472,0.9320757000382391,0.29128873021818835,0.274414889688605,0.3062823880414961,0.231363264738605,0.5790391337346494,0.7979517139723645,1.0359543893489778,0.9206378906748922,False,False,28.124785686344236
Tekirdag,2015,7,0.4490953298771237,37.59310701336472,24,9,2015-07-01,0.2996011031383021,0.5231666607488469,30.02835555617328,43.71619808000098,66.86818324638504,44.733792458360206,0.5,55.80098785237263,median,tekirdag,66.86818324638504,44.733792458360206,55.80098785237263,-1.4198817191616582,-0.5695471121911538,0.169597624686046,-0.2112262392440853,0.6734503926238028,-1.2123204098686338,-1.3256266131669636,-0.8142627992775707,-0.8695173820242987,-0.15461751815023272,-0.06258145102371986,-0.38538369734800426,-0.3012898176615288,0.484281134687971,0.5825199483025975,False,False,28.124785686344236
Tekirdag,2015,8,0.3123471092449464,42.53220700273122,24,9,2015-08-01,0.2145976806432795,0.4339782774087779,33.14273610933887,46.82328926867245,44.55700733923784,31.36629210795932,0.5,37.96164972359858,median,tekirdag,44.55700733923784,31.36629210795932,37.96164972359858,-1.2815515655446004,-0.100222113577226,-0.7353559089844792,0.0827971169371132,0.6188056816606337,-1.5979966294763754,-1.721484142216565,-0.7112395115280655,-0.7535860816623509,-0.9326941234263817,-1.0696790361613442,-0.295616258802751,-0.345971670217235,0.3937106126283846,0.43756036688567534,False,False,28.124785686344236
Tekirdag,2015,9,0.2538865743479834,38.635250281301154,20,6,2015-09-01,0.1910186171295055,0.3434703364482764,26.40771318071996,42.414170237086566,41.23794569152964,23.608722045596824,0.5,32.42333386856323,median,tekirdag,41.23794569152961,23.608722045596824,32.42333386856322,0.4416098054805387,-0.5331113576864033,-0.2166596660077632,-0.0643769065135064,0.2259579443923686,0.017489002658355363,0.1464499462086932,-1.2722451497918508,-1.2312477796812997,-0.7521006675695069,-0.9320757000382391,-0.5945842340406705,-0.6992999406425684,-0.0905938999952473,-0.17041725549737796,True,False,28.124785686344236
Tekirdag,2015,10,0.2746322128140909,22.54540953370749,16,6,2015-10-01,0.2011434514005603,0.3288378133341623,13.799725248551244,32.81187913608851,57.55051382123119,53.99950822568732,0.5,55.77501102345926,median,tekirdag,57.55051382123119,53.999508225687336,55.775011023459264,0.6751495329070848,0.3711201911829228,-0.0224696415298069,0.2509461714497589,-0.0745566677552325,0.6431271137338944,0.5964147284451815,-0.0818676519166809,0.02084838541615085,-0.5631510327562034,-0.6470008337681493,-0.20042973844367554,-0.14644994620869292,-0.41466546783543606,-0.48471925297706436,False,False,28.124785686344236
Uzunkopru,2015,6,0.4423552592045267,34.76354116662761,21,11,2015-06-01,0.3278017154225964,0.5030639610561858,25.3569063809869,43.49734916614595,65.36122104781238,48.1455061651725,0.5,56.75336360649244,median,uzunkopru,65.36122104781239,48.1455061651725,56.75336360649244,-0.8690159870979196,-1.1250189598139309,0.2390738312161273,1.1131687977779108,2.3539915456817013,-0.5051371630907913,-0.45279189167182926,-1.0932985176498586,-1.0696790361613442,0.09373252633765196,0.10442384485535429,1.0937607259272961,0.8576803159149204,2.590451519650122,2.346620887656017,True,False,28.124785686344236
Uzunkopru,2015,7,0.4555396568818667,39.91035397695579,24,12,2015-07-01,0.3090066548344354,0.4983037733049914,30.206773300306416,45.06194855960739,77.40899768118956,34.678786973086254,0.5,56.04389232713791,median,uzunkopru,77.40899768118953,34.678786973086254,56.0438923271379,-1.6448536269514729,-2.7114076473502338,-0.0513649214939673,0.3620739264999368,1.2596549466488065,-0.8746191470326253,-0.9320757000382391,-2.1116465785462823,-1.9439937268344964,-0.24198802452765922,-0.2744148896886049,0.07089764126527219,0.042411701021866303,1.2641186682295504,1.0590423035404217,True,False,28.124785686344236
Uzunkopru,2015,8,0.3542241743194634,42.31585647360031,24,12,2015-08-01,0.2544562098730799,0.5451981560310377,32.8374973512725,46.303434212563246,34.314953781103334,29.612330579283004,0.5,31.96364218019317,median,uzunkopru,34.31495378110332,29.612330579282947,31.963642180193133,-1.2305121634286016,-1.7137231674091853,-0.6849408250070878,0.2002711366939638,1.216140014734857,-1.179151623607103,-1.3256266131669636,-1.22903741246428,-1.2312477796812997,-0.8399307410702719,-0.7535860816623509,-0.16045608475916975,-0.2572017876710413,1.1949690618139757,0.9874746312142068,True,False,28.124785686344236
Uzunkopru,2015,9,0.3236579269312113,38.34418270630607,20,8,2015-09-01,0.2300308150158601,0.4287520313380586,27.778661706012603,41.08830349723985,47.11480417045557,20.617540531725684,0.5,33.866172351090626,median,uzunkopru,47.11480417045557,20.617540531725684,33.866172351090626,-1.0984667694960342,-2.347543782079345,-2.26992235972676,-0.4688964189833425,0.559900641068392,-1.596736291109934,-1.5613982817308512,-1.6720370811309728,-1.721484142216565,-1.8055984157775686,-1.9439937268344964,-0.7936958228650999,-0.8101899639922557,0.29469392316371146,0.30128981766152896,True,False,28.124785686344236
Uzunkopru,2015,10,0.330242723112883,22.80480192245121,16,9,2015-10-01,0.2078011083839048,0.3833590486590971,17.404481016505297,30.74795713019401,69.7442761842884,59.52838031159009,0.5,64.63632824793925,median,uzunkopru,69.7442761842884,59.52838031159009,64.63632824793925,0.7704673553759235,-0.0051102769506985,-1.2248390208573416,-0.1586802115122241,0.2007392116720707,0.7850010826444893,0.8101899639922558,-0.36646988545413806,-0.4070579827398848,-1.4840828646325366,-1.4335644069425781,-0.4507933508623369,-0.3621603567878177,-0.06722105069295772,-0.12754191328099132,False,False,28.124785686344236
Corlu,2016,6,0.4153095441968939,36.83167868331749,18,12,2016-06-01,0.3398058060169734,0.5550912779270141,24.8281463037949,41.81771643367222,35.07145071613126,29.347639241245066,0.5,32.209544978688164,median,corlu,35.07145071613126,29.347639241245062,32.20954497868816,0.5083327532891093,0.163001641188782,-0.1899376824532608,-0.6243868085266185,-0.6253521089156724,0.010632558161652369,0.02084838541615085,-0.3717287687707393,-0.4070579827398848,-0.851153656370566,-0.9320757000382391,-1.0497536331674884,-0.9874746312142068,-1.2102882219822866,-1.2214345945270093,False,False,28.25281936818787
Corlu,2016,7,0.3431938424470038,43.14497031314046,24,16,2016-07-01,0.2411567941070453,0.46871385428598,32.97320114614718,44.767587698768864,44.840203270214445,13.75753947345166,0.5,29.29887137183305,median,corlu,44.84020327021443,13.75753947345166,29.298871371833044,-1.123643318215429,-0.0410723343581379,-0.5767859180503886,-1.2585676665460417,-0.6034840367173171,-1.0075251109598409,-0.998513120455002,-0.425628793364316,-0.3179814578594511,-1.2913408585864024,-1.4335644069425781,-1.6521250948121275,-1.5529586332276093,-1.1750066710112392,-1.1364912754190764,False,False,28.25281936818787
Corlu,2016,8,0.2701020046870404,43.22255465006855,24,16,2016-08-01,0.2114858986548909,0.3861276906492696,33.698988564166115,46.7417631923928,33.563619201775126,26.982054375976965,0.5,30.272836788876045,median,corlu,33.56361920177513,26.982054375976947,30.27283678887604,-0.2319662585483181,-0.3436826742475026,-0.8604639903262106,-1.253008359418533,-0.5550251965319967,-0.6481929768448104,-0.7535860816623509,-0.8748007443809706,-1.0696790361613442,-1.3474338656874338,-1.3256266131669636,-1.5432697244884541,-1.4246357618543768,-1.097132436101003,-1.0590423035404213,False,False,28.25281936818787
Corlu,2016,9,0.2501965899365631,38.3729202329824,20,12,2016-09-01,0.1993734068907274,0.3480665630985831,27.666430007419827,42.38830436288306,34.179907362239874,27.274951768696305,0.5,30.72742956546809,median,corlu,34.17990736223985,27.27495176869626,30.727429565468057,-0.2480479634141173,-1.2799259769356175,-0.7334571267547656,-0.7819575515942744,-0.9855475425146212,-0.4369065515001332,-0.45279189167182926,-1.216189433278654,-1.3256266131669636,-1.222249563630065,-1.1467208607643733,-1.33685256575902,-1.4335644069425781,-1.3490694274173303,-1.4246357618543768,True,False,28.25281936818787
Corlu,2016,10,0.2382745893405329,26.964498926912675,20,12,2016-10-01,0.1847029231834753,0.3357082850914537,18.0578755063624,35.57369742326176,35.47666485492339,49.15098210745612,0.5,42.31382348118976,median,corlu,35.47666485492336,49.150982107456144,42.31382348118975,-0.3712252696427366,-0.9811387607818248,-0.7384266810738035,-1.02759994399343,-1.502424678374472,-0.3073533946060075,-0.4994934456429097,-0.9552057465019628,-0.9320757000382391,-0.9295890946785812,-0.7535860816623509,-1.4939715427531446,-1.4335644069425781,-1.7686753725377575,-1.5529586332276093,False,False,28.25281936818787
Edirne,2016,6,0.4409603960381794,39.8265145934505,18,6,2016-06-01,0.3257017645778581,0.543975793256036,27.434696048485225,44.3577027483714,52.80455588706708,26.77531383918541,0.5,39.78993486312625,median,edirne,52.804555887067096,26.77531383918545,39.78993486312628,-0.8478441084081476,0.9578179766138132,1.8019917142371624,0.9156428653193276,0.973731411456479,-1.166205529012045,-1.1467208607643733,0.4551845273627771,0.407057982739885,1.5549897638722854,1.4335644069425781,0.5311321465087364,0.5329820468077673,0.4286797664361407,0.5329820468077673,False,False,28.25281936818787
Edirne,2016,7,0.3642212217168209,42.6090866737882,24,8,2016-07-01,0.2414503697484318,0.5612946498717422,31.965500733772664,46.739004736987454,38.38457011676336,27.95489859616625,0.5,33.16973435646481,median,edirne,38.38457011676338,27.95489859616625,33.169734356464815,-0.1143164266904699,-0.3613204990484332,0.757634544822021,0.6195486398598462,1.055385798953807,-0.6789884974575379,-0.6992999406425684,-0.7125638229357005,-0.7535860816623509,0.014564502099960139,0.06258145102371986,0.049058974419017215,0.12754191328099146,0.5024351007178387,0.5329820468077673,False,False,28.25281936818787
Edirne,2016,8,0.3159026524444713,42.63915514341282,24,7,2016-08-01,0.229021614478841,0.4581346810583013,33.579157128574245,46.14653160875334,37.92059495458695,27.908585606900264,0.5,32.91459028074361,median,edirne,37.92059495458696,27.908585606900264,32.91459028074361,-1.944498413049253,-1.411909440209896,0.0603493851401607,0.620119742307493,0.8202426902302906,-1.4750852361562374,-1.5613982817308512,-1.6303146067191057,-1.5613982817308512,-0.6685501172391083,-0.7535860816623509,-0.06047404237137579,0.17041725549737824,0.23262255905834484,0.30128981766152896,True,False,28.25281936818787
Edirne,2016,9,0.2753247887130495,37.13991278164969,20,7,2016-09-01,0.2193447657316066,0.3740988588743695,24.89643242742357,42.532933610188266,36.17353301912375,30.57874559501016,0.5,33.37613930706696,median,edirne,36.173533019123774,30.578745595010158,33.376139307066964,-0.712831953928001,-1.3186875551954684,-0.2003037126775511,1.0027813483477968,0.3370248039248685,-0.8363100075808079,-0.8695173820242987,-1.4211100226236533,-1.5613982817308512,-0.8496217253169567,-0.9320757000382391,0.27187331097401096,0.231363264738605,-0.257626389136796,-0.17041725549737796,True,False,28.25281936818787
Edirne,2016,10,0.2613482609149149,25.85470017768203,20,3,2016-10-01,0.2152552748781966,0.3871591272349366,16.775228355909373,32.14921296752098,26.813236239211665,40.94262449752196,0.5,33.87793036836681,median,edirne,26.813236239211662,40.94262449752196,33.87793036836681,-2.5753789450716726,-3.1873568288106746,-1.7432117090160362,-0.4655969568171355,-0.2968574663187405,-1.2918692929221198,-1.1467208607643733,-2.099591531484507,-1.9439937268344964,-1.78404787762999,-1.721484142216565,-1.0815718942589099,-1.1467208607643733,-0.8478956384898243,-0.7979517139723642,True,False,28.25281936818787
Kirklareli,2016,6,0.4608447614315342,39.63991795875359,18,6,2016-06-01,0.3012678806275926,0.528383243387792,29.05835330150456,45.33031971721313,70.26247756407014,34.97058445847187,0.5,52.61653101127101,median,kirklareli,70.26247756407014,34.970584458471826,52.61653101127098,-0.8470322130893956,0.0525088459272854,1.1303464282425946,0.2789268224979299,0.0448399042696635,-1.2395688682769324,-1.3256266131669636,-0.5041661687124251,-0.4994934456429097,0.7455033142693295,0.9985131204550027,-0.1736478563906206,-0.12754191328099132,-0.6762611538044498,-0.7409429851520691,False,False,28.25281936818787
Kirklareli,2016,7,0.4176656953002022,40.45768061749945,24,8,2016-07-01,0.2485369118494177,0.5420576872552342,29.544782826486998,48.64480564115659,57.62071976573044,42.86447771868154,0.5,50.24259874220599,median,kirklareli,57.62071976573043,42.86447771868155,50.242598742205985,-1.8339146358159144,-0.4342454620278467,-0.0150826092596003,-0.1199178690304735,0.0287888042683253,-1.3836662037629028,-1.4335644069425781,-0.7737079954488569,-0.8695173820242987,-0.8756716299324431,-0.6992999406425684,-0.8062657629519401,-0.7409429851520691,-0.6779861260209668,-0.6862467686859733,False,False,28.25281936818787
Kirklareli,2016,8,0.3484236220107408,42.12538057311768,24,8,2016-08-01,0.2398971291224648,0.4850300345873192,31.684933185315188,45.96482627922851,44.27251114348488,26.88707598061337,0.5,35.579793562049126,median,kirklareli,44.272511143484905,26.887075980613325,35.57979356204912,0.0171979190041353,-1.5444919100534185,-0.7752186483810768,0.0291415610973145,0.0145510915605826,-0.658825471031601,-0.4994934456429097,-1.6800031596288574,-1.721484142216565,-1.3767264155619183,-1.3256266131669636,-0.6390339394517571,-0.5825199483025973,-0.7647961661292085,-0.7409429851520691,True,False,28.25281936818787
Kirklareli,2016,9,0.2781819163908413,38.55694232304684,20,7,2016-09-01,0.2264392177848136,0.4263599730650386,25.16473562126994,41.53667351686312,25.88160420537673,18.200235139044413,0.5,22.04091967221057,median,kirklareli,25.881604205376753,18.200235139044413,22.040919672210585,-0.0384175026411941,-0.9890655989610236,-0.7362962677096433,0.5863846858657982,-0.1068067261488292,-0.26469123846516207,-0.1887364255057275,-1.3158965512847436,-1.3256266131669636,-1.3126449209122473,-1.2312477796812997,-0.16605988293167032,-0.23136326473860486,-0.8033497547972627,-0.85768031591492,True,True,28.25281936818787
Kirklareli,2016,10,0.273921417477089,24.619844851343046,20,4,2016-10-01,0.1889990885525008,0.4107584921015044,18.62167950061002,31.82191389321756,38.2948039927526,54.56016027948605,0.5,46.42748213611932,median,kirklareli,38.2948039927526,54.56016027948604,46.42748213611932,0.6040062785068874,0.1202254932972647,-0.2524331142896761,-0.0383948497285098,-0.1493134736825,0.6180630885740019,0.4994934456429099,-0.10342946647474946,-0.06258145102371986,-0.6508372683210041,-0.6470008337681493,-0.8073639256748789,-0.9320757000382391,-0.8903116876505213,-0.9206378906748918,False,False,28.25281936818787
Luleburgaz,2016,6,0.45259168968915,37.17925643168438,18,3,2016-06-01,0.3409911048494393,0.5448500175709519,20.665396881359143,43.24732335614259,54.74403024613691,26.871343023963146,0.5,40.807686635050025,median,luleburgaz,54.74403024613691,26.871343023963146,40.807686635050025,0.1756864446279421,-0.4221241388546164,-0.0644563861700926,-0.6852949564178031,-0.6635407558715067,-0.37804549180394914,-0.45279189167182926,-0.8666078322995286,-0.6992999406425684,-0.5455117829705691,-0.6992999406425684,-0.9985660483511652,-0.9874746312142068,-1.1686084309036215,-1.0590423035404213,False,False,28.25281936818787
Luleburgaz,2016,7,0.3511190184108966,44.578349240327626,24,4,2016-07-01,0.2861197837054355,0.525676930280443,29.38960752014221,46.93138124376206,27.133081035054506,13.413877299455171,0.5,20.273479167254838,median,luleburgaz,27.133081035054506,13.413877299455173,20.27347916725484,-0.6672258168131775,-0.3587787971183938,-0.7084520091759962,-1.4625212266888683,-0.644865550361865,-0.9094164015520021,-0.998513120455002,-0.7338300111646929,-0.7535860816623509,-1.2948232665995358,-1.3256266131669636,-2.111461428444576,-2.346620887656016,-1.1063972763211998,-1.1364912754190764,False,True,28.25281936818787
Luleburgaz,2016,8,0.2716935384003619,43.22985435849002,24,4,2016-08-01,0.1897432281143768,0.4336564687796705,30.05982308745959,48.39365705434462,33.598139265608864,28.165427401500263,0.5,30.881783333554566,median,luleburgaz,33.59813926560888,28.165427401500263,30.881783333554573,-0.8313874877689269,-0.619199624240621,-1.4666996854490024,-1.1973709795549126,-0.6370528484587377,-0.8747308551851245,-0.7535860816623509,-1.1587836971650376,-1.1467208607643733,-1.6567934052380022,-1.5613982817308512,-1.5092422415859863,-1.2214345945270093,-1.052118838634057,-0.9874746312142068,True,False,28.25281936818787
Luleburgaz,2016,9,0.24739130302645,31.24356346414532,20,3,2016-09-01,0.189633865438078,0.3446252064771623,24.782064321464777,44.39046628301203,37.264944738949765,67.04729352574593,0.5,52.15611913234785,median,luleburgaz,37.264944738949794,67.04729352574593,52.15611913234786,-0.7667802214724984,-1.3928310041563303,-1.309946918098338,-0.6848387021871298,-1.0493056107908818,-0.745982942530081,-0.7535860816623509,-1.1371086819283622,-1.0696790361613442,-1.521091325859045,-1.4335644069425781,-1.152617134634704,-1.0696790361613442,-1.2796151007305654,-1.2214345945270093,True,False,28.25281936818787
Luleburgaz,2016,10,0.2369638891944807,30.49903264512632,20,3,2016-10-01,0.1841466817202477,0.3409058538431931,17.02123923135515,33.045756172758225,33.69321664496208,15.892669569663289,0.5,24.792943107312684,median,luleburgaz,33.69321664496208,15.892669569663287,24.79294310731268,-0.7218647653765436,-1.4624017015708182,-1.2302242039700086,-1.278468283925263,-1.8371512213020729,-0.7044548299150456,-0.8101899639922557,-1.1837878609770942,-1.4335644069425781,-1.3237494824145444,-1.1467208607643733,-1.5731957236667102,-1.4335644069425781,-1.7411277712557633,-1.7135929008532067,True,True,28.25281936818787
Tekirdag,2016,6,0.4703402451976415,34.53512997806142,18,6,2016-06-01,0.3548692843060378,0.5418339664599165,21.08275464126619,42.242382375833,61.76084143879479,36.42432888921224,0.5,49.092585164003516,median,tekirdag,61.760841438794785,36.424328889212234,49.09258516400351,0.2326158137277944,-0.6570281773067078,-0.3172904542304504,-0.8119884729247485,-1.018433080484695,-0.5762388470726844,-0.5964147284451813,-1.3446588241690758,-1.4335644069425781,-1.1099489593491438,-0.998513120455002,-1.3295600548944753,-1.5529586332276093,-1.8242939623729308,-1.7135929008532067,True,False,28.25281936818787
Tekirdag,2016,7,0.351743294732538,42.25134816484953,24,8,2016-07-01,0.2996011031383021,0.5231666607488469,30.02835555617328,43.71619808000098,23.322998475940818,10.701832027958,0.5,17.01241525194941,median,tekirdag,23.322998475940793,10.701832027958,17.012415251949395,-1.5826713518149098,-0.7817338388936101,-1.0325020135681766,-1.3992820479289398,-1.0538956447631571,-1.5875897075757093,-1.721484142216565,-1.3742551521134958,-1.3256266131669636,-1.7556051353519928,-1.721484142216565,-1.8489098245540014,-1.9367654674157944,-1.663766742415798,-1.7135929008532067,True,True,28.25281936818787
Tekirdag,2016,8,0.2682005012397521,39.65919830341117,24,9,2016-08-01,0.2145976806432795,0.4339782774087779,33.14273610933887,46.82328926867245,24.43371081434792,52.36696851233359,0.5,38.40033966334076,median,tekirdag,24.433710814347922,52.36696851233359,38.40033966334076,-1.213925929626892,-0.8138532245071282,-1.6560421280590851,-1.458753794471911,-1.0119212742813593,-1.3277965290375817,-1.3256266131669636,-1.536218809849752,-1.5613982817308512,-2.109465590033934,-1.9439937268344964,-1.9002245583825186,-1.9367654674157944,-1.6177433545375344,-1.7135929008532067,True,False,28.25281936818787
Tekirdag,2016,9,0.2428112381608667,33.40270619100952,20,7,2016-09-01,0.1910186171295055,0.3434703364482764,26.40771318071996,42.414170237086566,33.973130157400675,56.298929952726255,0.5,45.136030055063465,median,tekirdag,33.97313015740068,56.298929952726255,45.13603005506347,-0.8367871700305021,-2.227004539311709,-1.676207821969454,-1.0329957245263943,-1.2378194416335528,-0.9816744686610334,-1.1467208607643733,-2.0169284166768913,-1.721484142216565,-2.0750813663357723,-1.9439937268344964,-1.783189777725831,-1.5613982817308512,-1.738733790129833,-1.7135929008532067,True,False,28.25281936818787
Tekirdag,2016,10,0.2325139759118379,28.33049818093961,20,7,2016-10-01,0.2011434514005603,0.3288378133341623,13.799725248551244,32.81187913608851,24.566883013667837,23.571137608382735,0.5,24.069010311025288,median,tekirdag,24.566883013667834,23.571137608382738,24.069010311025288,0.5080750599158039,-0.2166812951618782,-0.631980867663467,-0.8851699213127238,-1.327087087331546,0.5406611269772614,0.4994934456429099,-0.4512103716471933,-0.3621603567878177,-1.169476952211276,-1.2312477796812997,-1.5624322535110897,-1.5613982817308512,-1.7960698676656341,-1.7135929008532067,False,True,28.25281936818787
Uzunkopru,2016,6,0.4763518462294382,38.30218469652819,18,9,2016-06-01,0.3278017154225964,0.5030639610561858,25.3569063809869,43.49734916614595,84.75877407014798,28.638575866891195,0.5,56.69867496851958,median,uzunkopru,84.75877407014798,28.638575866891195,56.69867496851958,0.3813609227492917,-0.3650575560767938,0.2951832330147007,-0.5066704907988475,-0.9566832875033706,-0.14073900274596696,-0.14644994620869292,-0.8892395557446904,-0.8101899639922557,-0.28368408793598376,-0.3179814578594511,-0.883912446308432,-0.7979517139723642,-1.3344722972685001,-1.4246357618543768,False,False,28.25281936818787
Uzunkopru,2016,7,0.4117622756096671,42.050048516488346,24,12,2016-07-01,0.3090066548344354,0.4983037733049914,30.206773300306416,45.06194855960739,54.28271788047041,20.2750892570807,0.5,37.278903568775554,median,uzunkopru,54.28271788047038,20.2750892570807,37.27890356877554,-1.6448536269514729,-0.0246869267414158,-0.1307770397287937,-1.0289770222545362,-0.9859349673979224,-1.0808506871973598,-1.1467208607643733,-0.3838017432516814,-0.5964147284451813,-0.8414756520884897,-0.8101899639922557,-1.3512699680316653,-1.5529586332276093,-1.3221227475543103,-1.3162444282273533,False,False,28.25281936818787
Uzunkopru,2016,8,0.3109888167655759,44.57446174188775,24,12,2016-08-01,0.2544562098730799,0.5451981560310377,32.8374973512725,46.303434212563246,19.444255512337502,12.83960030768906,0.5,16.14192791001328,median,uzunkopru,19.444255512337488,12.83960030768901,16.141927910013248,0.4418716336259762,-0.1247549010788312,-0.9851048095382028,-0.6734833467468472,-0.8190358860573248,-0.05546767704111182,0.06258145102371986,-0.7310220844687721,-0.7535860816623509,-1.404583475062869,-1.4335644069425781,-1.1482825743237315,-0.9206378906748918,-1.2017617038025743,-1.2214345945270093,False,True,28.25281936818787
Uzunkopru,2016,9,0.2800107488474971,36.387400377775805,20,8,2016-09-01,0.2300308150158601,0.4287520313380586,27.778661706012603,41.08830349723985,25.15077894380516,35.31953145848403,0.5,30.235155201144593,median,uzunkopru,25.15077894380516,35.31953145848403,30.235155201144593,-0.76845090357025,-0.8763160341450226,-1.0618709559824877,-0.1967966869405503,-0.8216101380208535,-0.6868185320724725,-0.8101899639922557,-0.9959533680471734,-1.1467208607643733,-1.3852162863196023,-1.4335644069425781,-0.804580587411517,-0.8695173820242987,-1.2003797336316597,-1.0590423035404213,False,False,28.25281936818787
Uzunkopru,2016,10,0.2537305872247644,27.6233642709527,20,8,2016-10-01,0.2078011083839048,0.3833590486590971,17.404481016505297,30.74795713019401,26.16200598438544,23.41663321176013,0.5,24.789319598072787,median,uzunkopru,26.16200598438541,23.416633211760132,24.789319598072773,-0.6113761868594557,-0.8630055394284675,-0.7512916024217342,-0.6753714430776302,-1.3062287582583956,-0.5988641439831796,-0.5473111231649045,-0.9009378125535954,-0.8101899639922557,-0.9352538129683615,-0.7535860816623509,-1.1531715589183849,-1.2312477796812997,-1.576286991074804,-1.4246357618543768,False,True,28.25281936818787
Corlu,2017,6,0.5009978900216729,35.64919048282668,22,13,2017-06-01,0.3398058060169734,0.5550912779270141,24.8281463037949,41.81771643367222,74.87364687202646,36.30772234782893,0.5,55.59068460992769,median,corlu,74.87364687202646,36.30772234782893,55.59068460992769,1.212523935631062,0.7291810109678466,0.6856980659750374,0.0008322486646747,-0.425637690677428,1.1376925708984058,1.0696790361613444,0.7217949463037836,0.7535860816623511,0.6721181605564018,0.6992999406425686,0.0992766211040495,0.12754191328099146,-0.4030248133402432,-0.48471925297706436,False,False,28.633230017687186
Corlu,2017,7,0.429072178879008,41.18782844945769,21,12,2017-07-01,0.2411567941070453,0.46871385428598,32.97320114614718,44.767587698768864,82.57945704879447,30.3513814248818,0.5,56.46541923683813,median,corlu,82.57945704879444,30.351381424881797,56.465419236838116,1.3094943419729907,1.2122025372026652,0.6640480987985437,0.573430634844537,0.0910771922189557,1.302306515105413,1.0696790361613444,1.1575172878590085,1.146720860764374,0.524477178475339,0.5473111231649046,0.6991306473207708,0.7409429851520696,0.11109628613399129,0.17041725549737824,False,False,28.633230017687186
Corlu,2017,8,0.3481335813069013,38.00759752313945,22,16,2017-08-01,0.2114858986548909,0.3861276906492696,33.698988564166115,46.7417631923928,78.24454908044507,66.96554926550054,0.5,72.6050491729728,median,corlu,78.24454908044505,66.96554926550056,72.6050491729728,-0.2970721701548273,1.316885675098158,0.8283344524750781,0.4250177158010885,0.088617030388354,-0.4687193397251483,-0.45279189167182926,1.2497325593895074,1.146720860764374,0.6255578498182778,0.5473111231649046,0.38721841524282946,0.3459716702172352,0.14041579958999192,0.12754191328099146,False,False,28.633230017687186
Corlu,2017,9,0.2853880491290023,42.38830436288306,24,16,2017-09-01,0.1993734068907274,0.3480665630985831,27.666430007419827,42.38830436288306,57.847075435022994,0.0,0.5,28.923537717511497,median,corlu,57.847075435023015,0.0,28.923537717511508,-0.134117165630245,0.4595390157464185,0.7408573927303544,0.7193423554121328,0.1000858364367733,-0.7422078674097329,-0.7535860816623509,0.1195501518100378,0.231363264738605,0.5764420835340435,0.4994934456429099,0.5277676622928098,0.5473111231649046,0.07846913840409743,0.12754191328099146,False,False,28.633230017687186
Corlu,2017,10,0.2956247243961506,29.191417570500505,23,14,2017-10-01,0.1847029231834753,0.3357082850914537,18.0578755063624,35.57369742326176,73.45553814193055,36.43722734246113,0.5,54.94638274219584,median,corlu,73.45553814193055,36.43722734246115,54.94638274219585,1.3019234683721068,0.7539102254871469,1.2217473436548292,0.8487262254221762,0.7331859087800835,1.3661377032798028,1.325626613166965,0.5245473338695232,0.5473111231649046,1.075541138992478,1.0696790361613444,0.6448487438144618,0.7535860816623511,0.735022037125231,0.5825199483025975,False,False,28.633230017687186
Edirne,2017,6,0.543975793256036,35.44738611122866,22,8,2017-06-01,0.3257017645778581,0.543975793256036,27.434696048485225,44.3577027483714,100.0,52.65208952025453,0.5,76.32604476012726,median,edirne,100.0,52.65208952025453,76.32604476012726,1.3594096065587746,1.3438831881675917,0.9783549810203336,-0.56167047016473,-1.0693333245582308,1.0602295770117147,0.8101899639922558,1.1119765885839725,1.0696790361613444,0.8209117589242297,0.7535860816623511,-0.5994106971978047,-0.48471925297706436,-1.350390257063077,-1.5529586332276093,False,False,28.633230017687186
Edirne,2017,7,0.4002441336275504,40.20166973896153,21,7,2017-07-01,0.2414503697484318,0.5612946498717422,31.965500733772664,46.739004736987454,49.64721076703276,44.25040258968603,0.5,46.9488066783594,median,edirne,49.64721076703278,44.25040258968603,46.948806678359404,1.3905016419605982,1.7594595338447163,1.1229046400036586,0.3273446639989441,-0.5725190479417184,1.0621571096844444,0.9320757000382391,1.3772372662999894,1.2312477796813,0.7214367075138076,0.869517382024299,0.14608178315004003,0.2572017876710414,-0.764336519814442,-0.6862467686859733,False,False,28.633230017687186
Edirne,2017,8,0.3507940605767399,40.76424086073633,22,7,2017-08-01,0.229021614478841,0.4581346810583013,33.579157128574245,46.14653160875334,53.14949859294303,42.82748760694453,0.5,47.98849309994378,median,edirne,53.14949859294304,42.82748760694453,47.98849309994378,-0.4728814522581333,1.3530098443839846,1.273771992326073,0.4593645538248207,-0.4696234332338023,-1.0480971558809233,-0.9320757000382391,0.6813336702964403,0.6470008337681494,0.6780449459566151,0.8101899639922558,0.05898225562027339,0.21360832941705765,-0.7092296106696446,-0.6862467686859733,False,False,28.633230017687186
Edirne,2017,9,0.305934489510197,42.532933610188266,24,7,2017-09-01,0.2193447657316066,0.3740988588743695,24.89643242742357,42.532933610188266,55.95310729436418,0.0,0.5,27.97655364718209,median,edirne,55.953107294364195,0.0,27.976553647182097,-0.285339200678359,0.3240895272659759,1.110644553265189,0.8824133309235251,-0.4284868428811814,-0.7705605685998274,-0.8101899639922557,-0.4142144789066494,-0.3621603567878177,0.49306980425267627,0.4994934456429099,0.3500666260392098,0.407057982739885,-0.6885289199053369,-0.7979517139723642,False,True,28.633230017687186
Edirne,2017,10,0.299396778826451,26.61064201621065,23,7,2017-10-01,0.2152552748781966,0.3871591272349366,16.775228355909373,32.14921296752098,48.94684022184763,36.02560488532802,0.5,42.48622255358782,median,edirne,48.94684022184763,36.02560488532802,42.48622255358782,1.3705528042656778,0.7687636964028783,1.510749864444028,1.2581648914793728,0.5931580150410117,1.579360332639619,1.561398281730852,0.41129385923352263,0.231363264738605,0.9896984549614091,0.9985131204550027,0.8033371546949831,0.869517382024299,0.25206391641765413,0.2572017876710414,False,False,28.633230017687186
Kirklareli,2017,6,0.4845831572515599,38.32295312723504,22,7,2017-06-01,0.3012678806275926,0.528383243387792,29.05835330150456,45.33031971721313,80.71460882085792,43.06404285110462,0.5,61.88932583598127,median,kirklareli,80.71460882085792,43.06404285110462,61.88932583598127,-0.3619077075113917,0.1554289790763232,0.3241888902846979,-0.3018930612538993,-0.6373059770909186,-0.6562406772930174,-0.5964147284451813,-0.027562100990605822,0.06258145102371986,0.13696585327223895,-0.10442384485535401,-0.3424871183514139,-0.2572017876710413,-0.8264015978963124,-0.9874746312142068,False,False,28.633230017687186
Kirklareli,2017,7,0.4432222884400998,37.57477047815825,21,7,2017-07-01,0.2485369118494177,0.5420576872552342,29.544782826486998,48.64480564115659,66.32763092204075,57.958230052458894,0.5,62.14293048724983,median,kirklareli,66.32763092204075,57.95823005245891,62.14293048724983,1.276424570763088,0.2181007123735064,0.5617632312885524,-0.1548890913461903,-0.1448969275750395,1.014289942558815,0.9985131204550027,-0.1819012595222979,0.02084838541615085,0.17646354694373848,0.02084838541615085,-0.28523159145897703,-0.2572017876710413,-0.3315735547308931,-0.21360832941705765,False,False,28.633230017687186
Kirklareli,2017,8,0.3878979152583529,38.44487248293357,22,7,2017-08-01,0.2398971291224648,0.4850300345873192,31.684933185315188,45.96482627922851,60.37573203614944,52.66113511382137,0.5,56.51843357498541,median,kirklareli,60.375732036149465,52.66113511382137,56.51843357498542,-0.1916162651408684,0.2607604991485356,0.347674651248619,-0.0957878827541486,-0.1711016831590378,-0.922536907153183,-0.8695173820242987,-0.462605274927826,-0.45279189167182926,-0.21887004043786,-0.1887364255057275,-0.3718877943863279,-0.43756036688567534,-0.438690270996326,-0.345971670217235,False,False,28.633230017687186
Kirklareli,2017,9,0.3197297265547452,41.53667351686312,24,7,2017-09-01,0.2264392177848136,0.4263599730650386,25.16473562126994,41.53667351686312,46.66374366141629,0.0,0.5,23.331871830708145,median,kirklareli,46.6637436614163,0.0,23.33187183070815,0.5359837871305642,0.7631257486954044,0.5933413482538193,0.589173856767214,-0.0418291384479981,0.08072359255438681,0.1464499462086932,0.12388714219990339,0.10442384485535429,-0.06596235004505069,-0.10442384485535401,0.11688289640635366,0.231363264738605,-0.36791637784265396,-0.3913554652074409,False,True,28.633230017687186
Kirklareli,2017,10,0.318166797530147,26.722056268864648,23,7,2017-10-01,0.1889990885525008,0.4107584921015044,18.62167950061002,31.82191389321756,58.24677867565745,38.634598997794775,0.5,48.44068883672611,median,kirklareli,58.24677867565745,38.63459899779476,48.44068883672611,1.240726435938249,0.9728954511592152,0.7270561058916839,0.9685435311931748,0.2961892196130661,1.3961239155039231,1.325626613166965,0.6552601321619786,0.6992999406425686,0.2274894251018952,0.274414889688605,0.5401796140147801,0.5473111231649046,-0.0005264774364705494,-0.12754191328099132,False,False,28.633230017687186
Luleburgaz,2017,6,0.5448500175709519,37.13722019940177,22,4,2017-06-01,0.3409911048494393,0.5448500175709519,20.665396881359143,43.24732335614259,100.0,27.05749291834684,0.5,63.52874645917342,median,luleburgaz,100.0,27.05749291834684,63.52874645917342,0.1574784629039649,-0.3854131018789771,0.2843751042565704,-0.92862356029924,-1.359606341011841,-0.12045656326146008,-0.10442384485535401,-0.27715147227941905,-0.23136326473860486,0.3859050009663413,0.4527918916718295,-0.6042340535941548,-0.5825199483025973,-1.1728216019878706,-1.1364912754190764,False,False,28.633230017687186
Luleburgaz,2017,7,0.4033682325065879,39.6497072393953,21,3,2017-07-01,0.2861197837054355,0.525676930280443,29.38960752014221,46.93138124376206,48.94383260006013,41.51047732739849,0.5,45.227154963729305,median,luleburgaz,48.94383260006013,41.51047732739849,45.227154963729305,1.7200156550549188,0.9528243075780132,0.5634272460584001,0.0336599195857229,-0.5749433867768163,1.939683223454388,1.9439937268344982,0.8932805737564057,0.7535860816623511,0.44258628248804543,0.4527918916718295,0.2553183613445338,0.2572017876710414,-0.47692462176663064,-0.5329820468077671,False,False,28.633230017687186
Luleburgaz,2017,8,0.3296524316011692,39.87528821568104,22,4,2017-08-01,0.1897432281143768,0.4336564687796705,30.05982308745959,48.39365705434462,57.36023313255907,46.46256126268868,0.5,51.91139719762387,median,luleburgaz,57.36023313255909,46.46256126268868,51.911397197623884,0.0332917940654625,1.0844257445503585,0.56026444178017,0.1632548851709994,-0.5024817272319608,-0.3718727452163722,-0.1887364255057275,0.8695028666518738,0.9320757000382391,0.3685570109998987,0.36216035678781794,0.20217595189019846,0.2572017876710414,-0.3841557341284437,-0.48471925297706436,False,False,28.633230017687186
Luleburgaz,2017,9,0.2727166401481583,44.39046628301203,24,4,2017-09-01,0.189633865438078,0.3446252064771623,24.782064321464777,44.39046628301203,53.60478472737986,0.0,0.5,26.80239236368993,median,luleburgaz,53.60478472737984,0.0,26.80239236368992,0.4919500523672117,1.1921872371201512,0.6829599328758583,0.8704208675557853,-0.2440512544264434,0.1114741798862223,0.1464499462086932,0.8452959465075743,0.869517382024299,0.515072995405878,0.5473111231649046,0.7230346268613325,0.5964147284451815,-0.2104078939693273,-0.12754191328099132,False,True,28.633230017687186
Luleburgaz,2017,10,0.2705741369001639,30.558123633644456,23,3,2017-10-01,0.1841466817202477,0.3409058538431931,17.02123923135515,33.045756172758225,55.13390636697903,15.523915935876918,0.5,35.328911151427974,median,luleburgaz,55.133906366979026,15.523915935876918,35.328911151427974,0.762213064214857,0.5847835637336981,0.8787494984123995,0.6427803507783993,0.2328188469443571,0.8297270042632867,0.8101899639922558,0.45083743099934204,0.4527918916718295,0.809802102382607,0.869517382024299,0.5087382855729792,0.5473111231649046,0.17796658141853508,0.21360832941705765,False,False,28.633230017687186
Tekirdag,2017,6,0.4879585553112815,37.59251934781662,22,7,2017-06-01,0.3548692843060378,0.5418339664599165,21.08275464126619,42.242382375833,71.1841773922341,21.975164621730418,0.5,46.57967100698226,median,tekirdag,71.1841773922341,21.975164621730418,46.57967100698226,-0.0665974738854775,-0.6800096076414249,-0.556971020483624,-0.4141934300541669,-0.9122997643863472,-0.40188067545031797,-0.3621603567878177,-0.5594985002170463,-0.45279189167182926,-0.5406521413696594,-0.5964147284451813,-0.30091419569872946,-0.345971670217235,-0.9207424359909487,-0.9206378906748918,False,False,28.633230017687186
Tekirdag,2017,7,0.4139425245044065,39.26547215655728,21,7,2017-07-01,0.2996011031383021,0.5231666607488469,30.02835555617328,43.71619808000098,51.14447081570999,32.51590537877615,0.5,41.83018809724307,median,tekirdag,51.14447081570999,32.51590537877615,41.83018809724307,1.122667033373382,0.0156198218841203,-0.8353486785944482,-0.3142925566429866,-0.51430293559645,0.9707056879216447,0.9985131204550027,-0.1858497553687049,-0.14644994620869292,-0.8458424433114535,-0.9320757000382391,-0.24502312209038046,-0.21360832941705765,-0.5039236907388017,-0.43756036688567534,False,False,28.633230017687186
Tekirdag,2017,8,0.3351765215380206,38.29567849668482,22,10,2017-08-01,0.2145976806432795,0.4339782774087779,33.14273610933887,46.82328926867245,54.96331155650511,62.33381554582572,0.5,58.64856355116542,median,tekirdag,54.96331155650511,62.333815545825715,58.64856355116541,0.1855552526229169,0.4644631167018096,-0.4253377416086083,-0.5441805589771194,-0.4017107982885923,-0.40693671578942436,-0.4070579827398848,-0.01675017110415317,-0.02084838541615085,-0.5409526277743428,-0.5964147284451813,-0.5610426012038793,-0.48471925297706436,-0.3863881086123323,-0.3913554652074409,False,False,28.633230017687186
Tekirdag,2017,9,0.2654025365831549,42.414170237086566,24,10,2017-09-01,0.1910186171295055,0.3434703364482764,26.40771318071996,42.414170237086566,48.79178784341251,0.0,0.5,24.395893921706254,median,tekirdag,48.791787843412486,0.0,24.395893921706243,-0.4267108394204842,0.2644484171987333,-0.3595262042867361,-0.4017949290673638,-0.3418666006080212,-0.7017521240042114,-0.8695173820242987,-0.09908567976762658,0.02084838541615085,-0.5512904122336182,-0.5473111231649045,-0.6289015657812447,-0.7535860816623509,-0.38441278012886887,-0.48471925297706436,False,True,28.633230017687186
Tekirdag,2017,10,0.2713571063126986,27.99467185326874,23,8,2017-10-01,0.2011434514005603,0.3288378133341623,13.799725248551244,32.81187913608851,54.98571264144597,25.337514683055,0.5,40.16161366225049,median,tekirdag,54.98571264144593,25.337514683054998,40.16161366225046,0.6206213491251744,0.1433516412844746,0.0181339273841687,-0.4939918207132155,-0.2822003922172234,0.6667778608107351,0.6470008337681494,-0.03040255092331957,0.06258145102371986,-0.1937387213213571,-0.06258145102371986,-0.6656549348131783,-0.7535860816623509,-0.29001816865247426,-0.43756036688567534,False,False,28.633230017687186
Uzunkopru,2017,6,0.4864597146554193,35.80466613460847,22,11,2017-06-01,0.3278017154225964,0.5030639610561858,25.3569063809869,43.49734916614595,90.52605634445652,42.40625834023729,0.5,66.4661573423469,median,uzunkopru,90.52605634445652,42.40625834023729,66.4661573423469,0.8015940621448863,1.4540002281985074,1.06981215118747,-0.3223368923560374,-0.6179354519317946,0.516833850150989,0.4994934456429099,1.5018624045023854,1.561398281730852,1.0455914595539582,0.9320757000382391,-0.3231912147764572,-0.3913554652074409,-0.6853769760067554,-0.5825199483025973,False,False,28.633230017687186
Uzunkopru,2017,7,0.4702669079240243,37.77765877146459,21,10,2017-07-01,0.3090066548344354,0.4983037733049914,30.206773300306416,45.06194855960739,85.18896346257483,49.03536754695664,0.5,67.11216550476574,median,uzunkopru,85.1889634625748,49.03536754695664,67.11216550476573,0.9963587999079344,0.9889046804332408,1.015846832077347,0.1751789730256236,-0.2873291239466045,0.8430361383812547,0.9985131204550027,0.8501052539360636,0.869517382024299,0.8395783806659253,0.9320757000382391,-0.0031125096243691712,-0.08489986218558754,-0.43130196670682797,-0.345971670217235,False,False,28.633230017687186
Uzunkopru,2017,8,0.3977688867602045,38.096297120597534,22,11,2017-08-01,0.2544562098730799,0.5451981560310377,32.8374973512725,46.303434212563246,49.29205392649602,60.94739026705223,0.5,55.119722096774126,median,uzunkopru,49.292053926496024,60.94739026705223,55.119722096774126,0.2997652631730043,0.8405318649618896,1.1621319186762704,0.4177654783334354,-0.3040847946080455,-0.03027384243261571,0.1464499462086932,0.5424589345228106,0.4994934456429099,0.8498891014602425,0.9320757000382391,0.22225856954960577,0.21360832941705765,-0.45595936804188225,-0.3913554652074409,False,False,28.633230017687186
Uzunkopru,2017,9,0.3144174447554121,41.08830349723985,24,11,2017-09-01,0.2300308150158601,0.4287520313380586,27.778661706012603,41.08830349723985,42.464831537026704,0.0,0.5,21.232415768513352,median,uzunkopru,42.464831537026704,0.0,21.232415768513352,0.5878837499736177,0.7110654014304809,1.4617186665707202,1.1361691579181323,-0.0667652469835913,0.30974397538410675,0.36216035678781794,0.38224904568824364,0.3179814578594512,1.2980135425934596,1.2312477796813,0.957668415391075,0.869517382024299,-0.16160433013528938,-0.2572017876710413,False,True,28.633230017687186
Uzunkopru,2017,10,0.3117063599847549,25.620758508713088,23,10,2017-10-01,0.2078011083839048,0.3833590486590971,17.404481016505297,30.74795713019401,59.18573175213582,38.42475961883026,0.5,48.805245685483044,median,uzunkopru,59.185731752135794,38.42475961883026,48.80524568548303,0.5183136443118818,0.4783437897381419,0.8222884250375295,0.9303271384968668,0.2786793927415069,0.539597123817361,0.4527918916718295,0.30704767384942394,0.3179814578594512,0.6713194078988656,0.6470008337681494,0.8028570291502348,0.869517382024299,0.18490640387098628,0.08489986218558768,False,False,28.633230017687186
Corlu,2018,6,0.3829378771921142,32.49633781060319,22,16,2018-06-01,0.3398058060169734,0.5550912779270141,24.8281463037949,41.81771643367222,20.034826684990637,54.86530001531204,0.5,37.45006335015134,median,corlu,20.03482668499061,54.86530001531204,37.450063350151325,1.7766637245857877,1.0024962956440828,1.904218319294572,1.7787152137205424,1.7610670058192892,1.965490626957835,1.7214841422165659,0.5763391545762682,0.5964147284451815,1.7001854152117373,1.561398281730852,1.6631089220961397,1.7135929008532076,1.48572491615339,1.3162444282273542,False,False,28.29226932568715
Corlu,2018,7,0.46871385428598,38.00786432298175,24,16,2018-07-01,0.2411567941070453,0.46871385428598,32.97320114614718,44.767587698768864,100.0,57.31305605109706,0.5,78.65652802554852,median,corlu,100.0,57.31305605109699,78.6565280255485,1.6142050110290844,1.9720602499763675,2.476425007079269,1.8621842896195355,1.855236827751623,1.617858034374239,1.561398281730852,1.9767175489202053,1.9439937268344982,2.24883832998254,2.3528647678133265,1.6201712709238247,1.9367654674157966,1.5627644711520516,1.5529586332276095,False,False,28.29226932568715
Corlu,2018,8,0.3861276906492696,37.59527643260299,24,16,2018-08-01,0.2114858986548909,0.3861276906492696,33.698988564166115,46.7417631923928,100.0,70.12684816308432,0.5,85.06342408154217,median,corlu,100.0,70.12684816308433,85.06342408154217,-1.44107944971035,1.8984316785295183,1.853826453682068,1.835382568632226,1.78589701048094,-1.157602679374325,-1.4335644069425781,1.8638506879172654,1.561398281730852,1.2975162169063164,1.2312477796813,1.6188177950500044,1.7135929008532076,1.4808194046035852,1.7135929008532076,False,False,28.29226932568715
Corlu,2018,9,0.3028029450925268,34.294969430085715,22,10,2018-09-01,0.1993734068907274,0.3480665630985831,27.666430007419827,42.38830436288306,69.55904416825811,54.97489475444368,0.5,62.2669694613509,median,corlu,69.55904416825814,54.97489475444368,62.26696946135091,0.988476480161386,1.3222109290563506,1.6212450218604997,2.223347679113517,1.9864872514532523,0.9299098638114236,0.869517382024299,0.9660034595589628,0.7535860816623511,1.1796467142441422,1.325626613166965,1.8932512107845398,1.7214841422165659,1.7831376781291703,1.9367654674157966,False,False,28.29226932568715
Corlu,2018,10,0.3134419594811591,25.86036861717681,19,11,2018-10-01,0.1847029231834753,0.3357082850914537,18.0578755063624,35.57369742326176,85.25461259854897,55.45459900293617,0.5,70.35460580074258,median,corlu,85.25461259854897,55.454599002936185,70.35460580074258,0.3066925716382032,0.3728100268590861,1.5598575098668976,1.9282875246572784,1.633265903894503,0.20500719714597354,0.231363264738605,0.086326007085039,0.10442384485535429,1.2711754829206892,1.4335644069425781,1.5890368252452742,1.4335644069425781,1.3342134737381537,1.5529586332276095,False,False,28.29226932568715
Edirne,2018,6,0.4235023915231055,32.70320865874777,22,5,2018-06-01,0.3257017645778581,0.543975793256036,27.434696048485225,44.3577027483714,44.80635077728103,68.86775084537443,0.5,56.83705081132773,median,edirne,44.80635077728103,68.86775084537443,56.83705081132773,1.3317194005945774,-0.4110426926712427,1.5041034262357942,2.022752492303074,1.8723795961517,1.1882799095498568,0.9985131204550027,-1.1888362095172487,-1.4335644069425781,1.0661016685927378,1.0696790361613444,1.7720132858069912,1.5529586332276095,1.2857468866828232,1.0590423035404217,True,False,28.29226932568715
Edirne,2018,7,0.5612946498717422,34.12004257557048,24,8,2018-07-01,0.2414503697484318,0.5612946498717422,31.965500733772664,46.739004736987454,100.0,85.41617586911693,0.5,92.70808793455846,median,edirne,100.0,85.41617586911693,92.70808793455846,1.1778579251450665,1.0593667838434022,2.0689279740352298,1.7344666261749513,1.7771179135989523,0.9350095192718538,0.869517382024299,0.5231800290174392,0.5964147284451815,1.5650212610907077,1.325626613166965,1.3158510075540313,1.2214345945270098,1.1929274991701628,1.1364912754190772,False,False,28.29226932568715
Edirne,2018,8,0.4508480969718268,39.039617086774726,24,8,2018-08-01,0.229021614478841,0.4581346810583013,33.579157128574245,46.14653160875334,96.81965581655408,56.55051127176514,0.5,76.68508354415961,median,edirne,96.81965581655406,56.55051127176514,76.6850835441596,-1.0102948379473848,1.1246115444413238,1.206386017498784,1.5929719731350938,1.7110534192281182,-1.2355731135070411,-1.3256266131669636,0.6349160027024685,0.5964147284451815,0.3760645519340902,0.36216035678781794,1.0070969268534231,0.7979517139723645,1.2453984456171134,1.1364912754190772,False,False,28.29226932568715
Edirne,2018,9,0.3463997259989089,35.83924637571844,22,7,2018-09-01,0.2193447657316066,0.3740988588743695,24.89643242742357,42.532933610188266,82.10119531384042,37.95360068929797,0.5,60.027398001569196,median,edirne,82.10119531384042,37.95360068929797,60.027398001569196,-0.3131236154087072,0.0457135894174815,-0.4370154276699509,1.1915099750486986,1.7299983462744173,-0.5954682675465786,-0.5473111231649045,-0.4730072439667771,-0.5473111231649045,-1.1486090636701758,-1.3256266131669636,0.4945314611024481,0.6470008337681494,1.2022102533844423,0.9874746312142068,False,False,28.29226932568715
Edirne,2018,10,0.2942253389319178,26.899477982099896,19,4,2018-10-01,0.2152552748781966,0.3871591272349366,16.775228355909373,32.14921296752098,45.93850746860529,34.146872902787244,0.5,40.042690185696266,median,edirne,45.93850746860529,34.146872902787244,40.042690185696266,0.0916542563320099,-0.8789956418071754,0.1066215438649938,1.2218228167892442,1.1622049542456554,-0.199519269340415,-0.14644994620869292,-1.2059716046766553,-1.2312477796812997,-0.36828606143133946,-0.2744148896886049,0.5553748933784652,0.5964147284451815,0.5065549319140688,0.6335308991018241,True,False,28.29226932568715
Kirklareli,2018,6,0.398607596827274,33.755818491885805,22,6,2018-06-01,0.3012678806275926,0.528383243387792,29.05835330150456,45.33031971721313,42.85915096921817,71.13154568800964,0.5,56.9953483286139,median,kirklareli,42.85915096921819,71.13154568800964,56.995348328613915,1.7704767114465751,0.9092326276116478,2.1704783281676154,2.4784984399441647,2.4368857674675204,1.7158339376937686,1.9439937268344982,0.15777349052650044,0.18873642550572778,2.0106028877370234,1.561398281730852,2.3645264359182465,2.346620887656017,2.2595368084855387,2.346620887656017,False,False,28.29226932568715
Kirklareli,2018,7,0.5420576872552342,34.832391740066555,24,8,2018-07-01,0.2485369118494177,0.5420576872552342,29.544782826486998,48.64480564115659,100.0,72.31621676640898,0.5,86.15810838320449,median,kirklareli,100.0,72.316216766409,86.1581083832045,1.956421559735444,2.3176210225858336,3.099202327284596,2.8480412102260284,2.663430122131564,2.0970857466415778,1.9439937268344982,2.4961151384840625,1.9439937268344982,2.642983620606238,2.3528647678133265,2.6535695161540485,2.346620887656017,2.5752661336000515,2.346620887656017,False,False,28.29226932568715
Kirklareli,2018,8,0.4850300345873192,36.24908023062535,24,8,2018-08-01,0.2398971291224648,0.4850300345873192,31.684933185315188,45.96482627922851,100.0,68.03794667583617,0.5,84.01897333791808,median,kirklareli,100.0,68.03794667583617,84.01897333791808,-1.2553580851734822,2.087735731656256,2.8323601479086844,2.599365956457814,2.6028805288930283,-1.2321786652799402,-1.3256266131669636,2.071330547207551,1.7214841422165659,2.432115712513193,2.3528647678133265,2.561796508542959,2.346620887656017,2.3618010355042562,2.346620887656017,False,False,28.29226932568715
Kirklareli,2018,9,0.3553826165751642,33.753169708896195,22,7,2018-09-01,0.2264392177848136,0.4263599730650386,25.16473562126994,41.53667351686312,64.49725472956179,47.54173792744477,0.5,56.01949632850328,median,kirklareli,64.4972547295618,47.541737927444764,56.01949632850328,-0.4210085329108821,0.7850957882717107,1.150026663941757,2.20740324776687,2.5566868510059133,-0.7130288132085794,-0.6992999406425684,0.4506403725272483,0.407057982739885,0.3308003196599326,0.36216035678781794,1.9131866725857054,1.561398281730852,2.3323684503945388,2.346620887656017,False,False,28.29226932568715
Kirklareli,2018,10,0.3166004074157716,27.29677546728012,19,4,2018-10-01,0.1889990885525008,0.4107584921015044,18.62167950061002,31.82191389321756,57.54043202730475,34.28074298795506,0.5,45.910587507629906,median,kirklareli,57.54043202730473,34.280742987955044,45.910587507629884,-0.1170863445238971,-1.0775557136205975,1.0970103233812305,2.031702104011325,2.21756946310898,-0.34060186213973703,-0.4070579827398848,-1.4008424922367935,-1.721484142216565,0.7628646250574136,0.869517382024299,1.6410063762371687,1.561398281730852,1.9567398771465325,1.7135929008532076,True,False,28.29226932568715
Luleburgaz,2018,6,0.4250075444985811,35.87249938489248,22,4,2018-06-01,0.3409911048494393,0.5448500175709519,20.665396881359143,43.24732335614259,41.213032350425074,32.65808158345283,0.5,36.93555696693895,median,luleburgaz,41.213032350425074,32.65808158345283,36.93555696693895,2.1210249002496697,0.5525486903849374,1.663485960422805,1.6821987125287357,1.9168712123021647,2.5096517892470795,2.3528647678133265,-0.0639456819214635,-0.06258145102371986,1.265244495043309,1.146720860764374,1.3761504377911522,1.2214345945270098,1.7296789685745022,1.7135929008532076,False,False,28.29226932568715
Luleburgaz,2018,7,0.5093433405752693,37.11869605732689,24,4,2018-07-01,0.2861197837054355,0.525676930280443,29.38960752014221,46.93138124376206,93.18175644571744,55.93895657896026,0.5,74.56035651233884,median,luleburgaz,93.18175644571743,55.93895657896026,74.56035651233884,1.0227784943469362,1.5935509690787022,1.883014387270028,1.8253198211589143,1.68384922633478,0.7621438391617879,0.6470008337681494,1.3222930473491525,1.4335644069425781,1.4567735121332572,1.2312477796813,1.433877284593153,1.2214345945270098,1.3718838972381446,1.0590423035404217,False,False,28.29226932568715
Luleburgaz,2018,8,0.3948692167777876,38.61284389780506,24,4,2018-08-01,0.1897432281143768,0.4336564687796705,30.05982308745959,48.39365705434462,84.09793092983082,53.34843314391237,0.5,68.72318203687159,median,luleburgaz,84.09793092983085,53.348433143912416,68.72318203687163,-2.128045234184984,1.6946768693579333,1.2691439334990156,1.7487269246440993,1.608081305385888,-1.0804919938722581,-1.1467208607643733,1.5441846928627214,1.561398281730852,0.5445664370773864,0.5473111231649046,1.3202440619379854,1.1364912754190772,1.2503241762800754,1.0590423035404217,False,False,28.29226932568715
Luleburgaz,2018,9,0.2961534913312072,34.13300959104269,22,3,2018-09-01,0.189633865438078,0.3446252064771623,24.782064321464777,44.39046628301203,68.72617862327421,52.311538248168105,0.5,60.51885843572116,median,luleburgaz,68.72617862327422,52.311538248168105,60.518858435721164,0.2581013068911275,0.3746858236503302,0.5199132427741644,1.3975664040094644,1.490833685443523,-0.01805067496401404,0.02084838541615085,-0.1535679049828309,-0.10442384485535401,-0.20097774342556632,-0.3179814578594511,0.8846306516647578,0.869517382024299,1.1680644343277802,1.0590423035404217,False,False,28.29226932568715
Luleburgaz,2018,10,0.2692214377585706,29.89181503356842,19,3,2018-10-01,0.1841466817202477,0.3409058538431931,17.02123923135515,33.045756172758225,54.2709909003597,19.681973258369258,0.5,36.97648207936448,median,luleburgaz,54.2709909003597,19.681973258369258,36.97648207936448,-0.2351396501025202,-0.5462634031980372,0.6284390163244388,0.9748984682956348,1.2150572589402948,-0.4131799414021021,-0.2744148896886049,-0.8337873118415707,-0.9320757000382391,0.17274592774623632,0.10442384485535429,0.4632693176807503,0.4527918916718295,0.7460427375257971,0.7409429851520696,False,False,28.29226932568715
Tekirdag,2018,6,0.4311935803047327,31.947248643948186,22,10,2018-06-01,0.3548692843060378,0.5418339664599165,21.08275464126619,42.242382375833,40.82284157597063,48.65460707074005,0.5,44.73872432335534,median,tekirdag,40.8228415759706,48.65460707074005,44.73872432335533,1.0572327774772927,-0.2558589116359246,0.450020295008651,0.4652847094922095,0.4181591788518647,0.8963383682873861,0.869517382024299,-0.7280713634600413,-0.5473111231649045,-0.036827062075606605,-0.14644994620869292,0.1865549261532047,0.12754191328099146,0.08896211356187383,0.042411701021866303,False,False,28.29226932568715
Tekirdag,2018,7,0.3912309126696426,39.59944988329031,24,10,2018-07-01,0.2996011031383021,0.5231666607488469,30.02835555617328,43.71619808000098,40.98565562185626,30.07594651636493,0.5,35.530801069110595,median,tekirdag,40.98565562185623,30.075946516364876,35.53080106911055,1.843047164364859,1.746327393456618,1.399811507261742,0.8582012358004065,0.6848970681147938,1.7743730612589734,1.561398281730852,1.1765541430839654,0.9985131204550027,0.6389686729006914,0.5964147284451815,0.45819109217231196,0.3459716702172352,0.19563951818927916,0.30128981766152896,False,False,28.29226932568715
Tekirdag,2018,8,0.3410546303200705,37.46844188660721,24,10,2018-08-01,0.2145976806432795,0.4339782774087779,33.14273610933887,46.82328926867245,57.64272298518911,68.38062228268072,0.5,63.011672633934914,median,tekirdag,57.64272298518911,68.38062228268072,63.011672633934914,-1.2815515655446004,1.477159125246903,0.8263841891870181,0.8072046672390437,0.5964328491847288,-1.5278616076645783,-1.5613982817308512,0.9528923272728669,0.9320757000382391,-0.05909452527401176,-0.10442384485535401,0.17491852224276755,0.17041725549737824,0.0719779321580593,0.042411701021866303,False,False,28.29226932568715
Tekirdag,2018,9,0.2484002418390775,33.88029974752942,22,9,2018-09-01,0.1910186171295055,0.3434703364482764,26.40771318071996,42.414170237086566,37.63921126372418,53.31517436685202,0.5,45.4771928152881,median,tekirdag,37.639211263724185,53.31517436685202,45.477192815288106,-0.0736702041761336,0.7936822024188906,0.3891534872904015,0.7082947449784351,0.6278427798183857,-0.30069044543957035,-0.2744148896886049,0.19159257867278734,0.231363264738605,-0.4235147966609699,-0.4070579827398848,-0.020205915958359473,-0.10442384485535401,0.16516091484968878,0.17041725549737824,False,False,28.29226932568715
Tekirdag,2018,10,0.255998892489629,28.73102815692716,19,6,2018-10-01,0.2011434514005603,0.3288378133341623,13.799725248551244,32.81187913608851,42.95838928079867,21.464432716570883,0.5,32.21141099868478,median,tekirdag,42.95838928079863,21.46443271657086,32.21141099868474,-0.042865390439294,-0.50421613962825,0.5031553729278229,0.4555574628641022,0.3951396994750116,-0.01443618931294059,-0.10442384485535401,-0.8786266232350554,-0.8101899639922557,-0.055429229772321356,0.02084838541615085,-0.20654867234301832,-0.1887364255057275,-0.15888803801088414,-0.3913554652074409,False,False,28.29226932568715
Uzunkopru,2018,6,0.4166766825985828,34.14937531036064,22,10,2018-06-01,0.3278017154225964,0.5030639610561858,25.3569063809869,43.49734916614595,50.70970467980434,51.53112284245354,0.5,51.120413761128944,median,uzunkopru,50.709704679804325,51.53112284245354,51.12041376112893,-0.4692789677704139,-2.97921574396502,0.9911085067444012,0.5964166434161992,0.7017797333808403,-0.6354463158431916,-0.6992999406425684,-2.4617757601241244,-2.3528647678133234,0.5353307750117952,0.5964147284451815,0.2077775968984257,0.3459716702172352,0.273318230445108,0.30128981766152896,True,False,28.29226932568715
Uzunkopru,2018,7,0.4839985261667399,36.77088251270758,24,12,2018-07-01,0.3090066548344354,0.4983037733049914,30.206773300306416,45.06194855960739,92.44296624595655,55.812643756651,0.5,74.12780500130378,median,uzunkopru,92.44296624595655,55.812643756651,74.12780500130378,2.144200406160149,0.8248553249741295,1.940754235210508,1.1914168286837263,1.1451143439235012,2.2091318653584917,1.9439937268344982,0.45170431228792146,0.5473111231649046,1.635131000888197,1.561398281730852,0.7358458360863872,0.7979517139723645,0.657758205481459,0.7409429851520696,False,False,28.29226932568715
Uzunkopru,2018,8,0.4337851361373818,38.254801724248686,24,11,2018-08-01,0.2544562098730799,0.5451981560310377,32.8374973512725,46.303434212563246,61.67975712966918,59.770312093555134,0.5,60.72503461161216,median,uzunkopru,61.67975712966918,59.770312093555134,60.72503461161216,-0.3718804016689403,1.1303138853817951,1.463985632393746,1.5635537183587138,1.0719346544393886,-0.6307847297531113,-0.6992999406425684,0.8499049096669069,0.9320757000382391,0.7692114018172508,0.8101899639922558,1.2761538724210584,1.4246357618543775,0.5461691805668337,0.5825199483025975,False,False,28.29226932568715
Uzunkopru,2018,9,0.3414792086766608,33.31345218532212,22,10,2018-09-01,0.2300308150158601,0.4287520313380586,27.778661706012603,41.08830349723985,56.08278558445557,58.415180767992936,0.5,57.24898317622426,median,uzunkopru,56.08278558445557,58.415180767992936,57.24898317622426,-1.8339146358159144,0.9819846523451354,-0.647192240429343,1.2353552591317611,0.8556453478282878,-1.0052767123959354,-1.1467208607643733,0.6844900041731121,0.5473111231649046,-1.1749947382256969,-1.3256266131669636,0.7720518495969266,0.6992999406425686,0.4441972557239302,0.4847192529770645,False,False,28.29226932568715
Uzunkopru,2018,10,0.3002878636505575,22.9432943031764,19,7,2018-10-01,0.2078011083839048,0.3833590486590971,17.404481016505297,30.74795713019401,52.68161333043493,58.49047699805162,0.5,55.586045164243274,median,uzunkopru,52.68161333043493,58.49047699805162,55.586045164243274,-2.128045234184984,-2.711851128707408,-0.6680036984778703,0.7241496056378934,0.370440664742763,-1.643271944449189,-1.721484142216565,-1.7982611276988363,-1.9439937268344964,-0.9610736300976696,-0.8695173820242987,0.25290537046744754,0.1464499462086932,-0.09382293486691526,-0.21360832941705765,True,False,28.29226932568715
Corlu,2019,6,0.4351106347802214,35.8225954993333,23,15,2019-06-01,0.3398058060169734,0.5550912779270141,24.8281463037949,41.81771643367222,44.269047937926864,35.2870666444708,0.5,39.778057291198834,median,corlu,44.269047937926864,35.2870666444708,39.778057291198834,-0.5007557245118209,0.2241593436674004,-0.5828067601370456,-0.2257658217427916,0.3305652394780488,-1.152242923575163,-1.2312477796812997,-0.061549189116492424,-0.10442384485535401,-0.8535213551754306,-0.998513120455002,-0.4110620028673104,-0.48471925297706436,0.027101538039515215,0.12754191328099146,False,False,28.124785686344236
Corlu,2019,7,0.368961924805632,43.165437667286,22,14,2019-07-01,0.2411567941070453,0.46871385428598,32.97320114614718,44.767587698768864,56.163992713779045,13.58400476646015,0.5,34.873998740119596,median,corlu,56.16399271377905,13.58400476646015,34.8739987401196,0.5606111198755184,-0.0018427229699773,-0.5784512227244551,-0.1966096190710693,-0.0692105555170523,0.41281900299425495,0.5473111231649046,-0.4566779642322136,-0.4070579827398848,-0.8009869920705452,-0.7535860816623509,-0.41052216351338966,-0.3913554652074409,-0.30018132942068987,-0.43756036688567534,False,False,28.124785686344236
Corlu,2019,8,0.2804298447046045,42.06357200551301,22,14,2019-08-01,0.2114858986548909,0.3861276906492696,33.698988564166115,46.7417631923928,39.47734689525674,35.8680673417098,0.5,37.672707118483274,median,corlu,39.47734689525676,35.86806734170984,37.6727071184833,-1.107043782991905,-0.5774858082563609,-0.4264506565986239,-0.448103948015883,-0.0565068611645776,-1.0011995555349948,-1.1467208607643733,-0.9677674525806488,-1.2312477796812997,-0.6782955629387575,-0.6470008337681493,-0.6928574815442099,-0.6862467686859733,-0.2760459509220564,-0.3913554652074409,False,False,28.124785686344236
Corlu,2019,9,0.2633833554311745,37.05995966384162,19,13,2019-09-01,0.1993734068907274,0.3480665630985831,27.666430007419827,42.38830436288306,43.048348809657824,36.19338523334235,0.5,39.62086702150009,median,corlu,43.048348809657845,36.19338523334235,39.620867021500096,-0.4074789798422412,-0.5684356855364774,-0.3325027068581306,-0.8805018198463641,-0.4500107028089809,-0.6705800837596477,-0.6470008337681493,-0.6384338139570482,-0.7535860816623509,-0.6701698315002281,-0.6992999406425684,-1.0812747337098223,-1.1467208607643733,-0.6302272573967836,-0.6862467686859733,False,False,28.124785686344236
Corlu,2019,10,0.25680567654252,29.00197097159228,23,12,2019-10-01,0.1847029231834753,0.3357082850914537,18.0578755063624,35.57369742326176,47.74847227145728,37.51880147473434,0.5,42.63363687309581,median,corlu,47.74847227145724,37.518801474734374,42.63363687309581,0.2146665632215943,-0.6578000492026664,-0.5271432296850516,-0.8700158531098611,-0.4833797704088181,0.027559958278809055,0.1464499462086932,-0.9118287164344586,-0.8695173820242987,-0.9252306557482072,-0.6992999406425684,-1.1248213071087232,-1.1467208607643733,-0.6985313121434319,-0.6862467686859733,False,False,28.124785686344236
Edirne,2019,6,0.5196350626122523,33.872505625669895,23,7,2019-06-01,0.3257017645778581,0.543975793256036,27.434696048485225,44.3577027483714,88.84854474387721,61.95824009673192,0.5,75.40339242030457,median,edirne,88.84854474387723,61.95824009673192,75.40339242030457,0.0329506737344324,0.198382984728807,-0.801098526931685,-0.1240240963072186,-0.1870204113393008,-0.6903451809645978,-0.8101899639922557,-0.19492331772203478,-0.06258145102371986,-1.1116231560680494,-0.998513120455002,-0.3896646239447587,-0.3913554652074409,-0.5473783769224844,-0.48471925297706436,False,False,28.124785686344236
Edirne,2019,7,0.4261716172607639,42.33168322843615,22,7,2019-07-01,0.2414503697484318,0.5612946498717422,31.965500733772664,46.739004736987454,57.75349411942462,29.83260780646385,0.5,43.793050962944235,median,edirne,57.753494119424644,29.832607806463855,43.79305096294425,0.4966523971617358,0.1568594401309293,-0.8258157858891726,0.0558879629128584,-0.4055581405694421,0.19870192511025148,0.3179814578594512,-0.3653433158909807,-0.10442384485535401,-1.0396114516372545,-0.9320757000382391,-0.204019211991039,-0.17041725549737796,-0.7371359905333538,-0.6335308991018239,False,False,28.124785686344236
Edirne,2019,8,0.3720503688290956,41.869221003597104,22,8,2019-08-01,0.229021614478841,0.4581346810583013,33.579157128574245,46.14653160875334,62.42714851911328,34.035037405006825,0.5,48.23109296206005,median,edirne,62.42714851911328,34.035037405006825,48.23109296206005,0.8119038813724239,0.4106518011792348,-0.25871847377695,-0.7570046716375507,-0.1091887751577686,0.12916070827914639,0.06258145102371986,-0.45684469592017424,-0.3621603567878177,-0.7426644759310019,-0.8695173820242987,-1.0407938399748118,-0.9874746312142068,-0.4932316445478376,-0.43756036688567534,False,False,28.124785686344236
Edirne,2019,9,0.3310298746141008,37.09774940639345,19,6,2019-09-01,0.2193447657316066,0.3740988588743695,24.89643242742357,42.532933610188266,72.16940541886868,30.81781441494962,0.5,51.49360991690915,median,edirne,72.16940541886869,30.81781441494962,51.49360991690916,-0.3418844674215179,0.1792301361212388,0.1227560492207158,-0.6573947366372522,-0.1256053043260621,-0.6258914141323009,-0.5964147284451813,-0.3750802567917336,-0.23136326473860486,-0.40811513549226397,-0.3179814578594511,-1.0493506418882634,-0.9320757000382391,-0.49998938418981265,-0.5825199483025973,False,False,28.124785686344236
Edirne,2019,10,0.3027484251081905,28.196266061782133,23,8,2019-10-01,0.2152552748781966,0.3871591272349366,16.775228355909373,32.14921296752098,50.89656167124486,25.71192183159388,0.5,38.30424175141937,median,edirne,50.89656167124486,25.71192183159388,38.30424175141937,-0.3116226008775124,-0.4580844019201263,-0.301624931332546,-1.0440079036992298,-0.2591005233627577,-0.6925431659966713,-0.6992999406425684,-0.8992147226614275,-0.998513120455002,-0.7868341753473364,-0.8101899639922557,-1.325722401592533,-1.4335644069425781,-0.6294969662426275,-0.6862467686859733,False,False,28.124785686344236
Kirklareli,2019,6,0.4968648328930788,35.0376737742554,23,7,2019-06-01,0.3012678806275926,0.528383243387792,29.05835330150456,45.33031971721313,86.12229040270077,63.25385438985083,0.5,74.6880723962758,median,kirklareli,86.12229040270077,63.25385438985083,74.6880723962758,0.2128918168256997,0.0232605148369221,0.1862892807195282,0.0787120740795334,0.3108541907522757,-0.33760725010861575,-0.2744148896886049,-0.28620629177243795,-0.10442384485535401,-0.13424079846783765,-0.23136326473860486,-0.10592647607451958,0.0,0.027353379969475258,0.2572017876710414,False,False,28.124785686344236
Kirklareli,2019,7,0.4756416827072416,41.30235364947056,22,7,2019-07-01,0.2485369118494177,0.5420576872552342,29.544782826486998,48.64480564115659,77.37263931107874,38.44211110599682,0.5,57.907375208537786,median,kirklareli,77.37263931107874,38.44211110599683,57.907375208537786,1.3408030770421386,0.8459804183254286,-0.1273605459261831,0.5816762367697894,0.0554332040143802,1.373942535087493,1.325626613166965,0.48765377788068187,0.3179814578594512,-0.4191751341177083,-0.45279189167182926,0.5467724096126547,0.43756036688567534,-0.20208347650770592,-0.08489986218558754,False,False,28.124785686344236
Kirklareli,2019,8,0.4125748034159571,40.91529461839841,22,8,2019-08-01,0.2398971291224648,0.4850300345873192,31.684933185315188,45.96482627922851,70.4424703676715,35.361130700498144,0.5,52.90180053408483,median,kirklareli,70.44247036767152,35.361130700498144,52.90180053408483,0.6905136209967703,0.942630363986618,0.2149310956770813,0.2587989341195483,0.2729325801511621,0.25090669014070704,0.10442384485535429,0.49872137409378836,0.5964147284451815,-0.14475062112673043,-0.14644994620869292,0.04257252113949308,-0.08489986218558754,0.03827041995877728,-0.17041725549737796,False,False,28.124785686344236
Kirklareli,2019,9,0.3244816560323275,36.37521845212616,19,6,2019-09-01,0.2264392177848136,0.4263599730650386,25.16473562126994,41.53667351686312,49.04065018666509,31.526231638871952,0.5,40.28344091276852,median,kirklareli,49.040650186665076,31.52623163887191,40.28344091276849,-0.1022237125435088,0.8006822008506768,0.536815996236435,0.4964593875338325,0.3197776764714859,-0.3686154181139533,-0.3179814578594511,0.580948117308592,0.5964147284451815,0.16282814055075825,0.1464499462086932,0.23046428095985544,0.36216035678781794,0.11294445736956246,0.17041725549737824,False,False,28.124785686344236
Kirklareli,2019,10,0.322869743542275,27.45657520293662,23,8,2019-10-01,0.1889990885525008,0.4107584921015044,18.62167950061002,31.82191389321756,60.367521217738094,33.07016042628486,0.5,46.71884082201147,median,kirklareli,60.367521217738094,33.07016042628484,46.71884082201147,0.8035831442453963,0.5408457724804577,0.7866571416238916,0.1646417466455593,0.6757342416777872,0.6789682722148528,0.7535860816623511,0.27899982495744297,0.3179814578594512,0.38631679531391705,0.4527918916718295,-0.2004350989652597,-0.23136326473860486,0.5035035166299863,0.5329820468077673,False,False,28.124785686344236
Luleburgaz,2019,6,0.51541556962421,35.62346716116522,23,4,2019-06-01,0.3409911048494393,0.5448500175709519,20.665396881359143,43.24732335614259,85.56136322234208,33.76087599740745,0.5,59.66111960987477,median,luleburgaz,85.56136322234208,33.76087599740745,59.66111960987477,-2.970520413387145,-1.0781056627500314,-1.697862540873863,-1.3993752119644969,-1.15942938046162,-2.012034755288369,-1.9439937268344964,-1.07179834750633,-0.8695173820242987,-1.8220869908464699,-1.721484142216565,-1.496638438930863,-1.5529586332276093,-1.2045013149602526,-1.2214345945270093,True,False,28.124785686344236
Luleburgaz,2019,7,0.4126807647134636,44.03000617259111,22,3,2019-07-01,0.2861197837054355,0.525676930280443,29.38960752014221,46.93138124376206,52.83122746179509,16.539804451269806,0.5,34.68551595653245,median,luleburgaz,52.83122746179509,16.539804451269806,34.68551595653245,-1.7028701103992452,-1.806908789219512,-2.138330327023617,-1.60598607134019,-1.689729392602149,-0.8603147550423705,-0.9320757000382391,-1.5597922289921442,-1.5613982817308512,-1.7374415372567618,-1.721484142216565,-1.5760770668045696,-1.3162444282273533,-1.4948738137783004,-1.5529586332276093,True,False,28.124785686344236
Luleburgaz,2019,8,0.3009097816396308,45.18807572572352,22,4,2019-08-01,0.1897432281143768,0.4336564687796705,30.05982308745959,48.39365705434462,45.57626852156035,17.48451161067069,0.5,31.530390066115523,median,luleburgaz,45.576268521560344,17.48451161067069,31.530390066115515,-1.336956406179962,-3.5858436460513468,-2.4470852873711384,-1.7714511642637327,-1.6646361248603712,-0.9254711258355314,-0.8695173820242987,-1.8005327106851383,-1.5613982817308512,-1.8247916553426664,-1.721484142216565,-1.5542521625184027,-1.3162444282273533,-1.4547434820914478,-1.4246357618543768,True,False,28.124785686344236
Luleburgaz,2019,9,0.2817020002182984,38.05260774757941,19,3,2019-09-01,0.189633865438078,0.3446252064771623,24.782064321464777,44.39046628301203,59.402115087838006,32.32215734796431,0.5,45.86213621790115,median,luleburgaz,59.40211508783801,32.32215734796431,45.86213621790116,-1.88063114592889,-2.8648028122701468,-2.250175431286114,-2.325460746910492,-1.839162793016465,-1.1826858943664593,-1.5613982817308512,-1.2898462774178787,-1.3256266131669636,-1.7357077507615988,-1.721484142216565,-1.9275353432021487,-1.9439937268344964,-1.5713650843788942,-1.5529586332276093,True,False,28.124785686344236
Luleburgaz,2019,10,0.2639183970302602,27.726033071135213,23,4,2019-10-01,0.1841466817202477,0.3409058538431931,17.02123923135515,33.045756172758225,50.888068767962125,33.197400714640374,0.5,42.042734741301246,median,luleburgaz,50.88806876796209,33.197400714640374,42.04273474130123,-1.892448576701936,-3.0680818647496664,-2.905928488829963,-2.7303704951272705,-2.2051214880845227,-0.9285321390134066,-1.0696790361613442,-1.4262884667305813,-1.5613982817308512,-1.919766448889567,-1.5613982817308512,-2.028319868685369,-1.9439937268344964,-1.6484014897345904,-1.5529586332276093,True,False,28.124785686344236
Tekirdag,2019,6,0.5120032019938258,33.2924986122531,23,10,2019-06-01,0.3548692843060378,0.5418339664599165,21.08275464126619,42.242382375833,84.04470613249887,42.29698119385715,0.5,63.17084366317801,median,tekirdag,84.04470613249887,42.29698119385715,63.17084366317801,-1.0856811486610842,-1.1085820439730112,-1.2181988307759366,-0.6681864990773627,-0.3177950133404188,-1.8740097617753566,-1.5613982817308512,-1.275772941454418,-1.3256266131669636,-1.4153227781871207,-1.4335644069425781,-0.8573784643774315,-0.7979517139723642,-0.6160775470260706,-0.5329820468077671,True,False,28.124785686344236
Tekirdag,2019,7,0.4155898326820252,41.90543271551283,22,8,2019-07-01,0.2996011031383021,0.5231666607488469,30.02835555617328,43.71619808000098,51.88130532422062,13.229004946075182,0.5,32.5551551351479,median,tekirdag,51.88130532422062,13.229004946075182,32.5551551351479,-0.025350506063881,-1.2974540464527582,-1.700168695077409,-0.6491270869662061,-0.9447920608199004,-0.12882469909618505,-0.02084838541615085,-1.4305928348240502,-1.4335644069425781,-1.505314358253567,-1.5613982817308512,-0.8219877306886669,-0.7409429851520691,-1.09692972311331,-1.2214345945270093,True,False,28.124785686344236
Tekirdag,2019,8,0.2944646347901644,42.89627574849245,22,10,2019-08-01,0.2145976806432795,0.4339782774087779,33.14273610933887,46.82328926867245,36.40565999200776,28.705078474847976,0.5,32.55536923342787,median,tekirdag,36.405659992007735,28.705078474847976,32.555369233427854,-1.2815515655446004,-1.3107220355040998,-1.7071876992037545,-0.6268530009886427,-0.9071281860240504,-1.0981039062629387,-0.998513120455002,-1.4852532770151081,-1.4335644069425781,-1.5698903765747525,-1.3256266131669636,-0.8780386272435756,-0.7979517139723642,-1.0373363953512176,-0.9874746312142068,True,False,28.124785686344236
Tekirdag,2019,9,0.273050847355395,36.69026171660735,19,7,2019-09-01,0.1910186171295055,0.3434703364482764,26.40771318071996,42.414170237086566,53.80866191109534,35.75999673333403,0.5,44.78432932221469,median,tekirdag,53.808661911095356,35.75999673333403,44.78432932221469,-0.4323359548077134,-0.9077110517635848,-1.5549182135888078,-1.5380896146856686,-0.93604973987354,-0.5786213662752006,-0.7535860816623509,-0.8898282175253108,-0.9320757000382391,-1.5210157719066253,-1.3256266131669636,-1.6312879038103147,-1.2312477796812997,-1.133430595177224,-1.1364912754190764,False,False,28.124785686344236
Tekirdag,2019,10,0.2590960045547726,26.076396293421325,23,9,2019-10-01,0.2011434514005603,0.3288378133341623,13.799725248551244,32.81187913608851,45.38379946982016,35.427247656996855,0.5,40.40552356340851,median,tekirdag,45.38379946982016,35.427247656996855,40.40552356340851,-0.0030789536318873,-0.6265178585693868,-1.200497144513335,-1.5688272028179475,-0.9137245620992676,-0.06846084368461904,-0.23136326473860486,-0.9209029572965117,-0.8695173820242987,-1.5346506442749488,-1.5613982817308512,-1.6055265968466241,-1.721484142216565,-1.0833988449344445,-1.0590423035404213,False,False,28.124785686344236
Uzunkopru,2019,6,0.4696314467709741,34.6462323845512,23,12,2019-06-01,0.3278017154225964,0.5030639610561858,25.3569063809869,43.49734916614595,80.92429195783153,48.79217605887754,0.5,64.85823400835453,median,uzunkopru,80.92429195783154,48.792176058877544,64.85823400835454,0.4697891926924364,0.4716805877327469,0.3011603639382676,-0.6191520879931025,-0.1499542534800485,-0.09429100573008152,-0.02084838541615085,0.150714030662374,0.1464499462086932,0.028422176721078017,-0.06258145102371986,-0.7476858674935194,-0.6335308991018239,-0.361951732968556,-0.3012898176615288,False,False,28.124785686344236
Uzunkopru,2019,7,0.4646221877678566,41.48304899549812,22,10,2019-07-01,0.3090066548344354,0.4983037733049914,30.206773300306416,45.06194855960739,82.207026810937,24.091937669119588,0.5,53.14948224002829,median,uzunkopru,82.207026810937,24.091937669119588,53.14948224002829,-0.0169532845323792,0.1007631323300587,-0.7576054163824881,-0.1923405459532379,-0.955203485485466,-0.04912826905160293,-0.06258145102371986,-0.18003697064165378,-0.23136326473860486,-0.9266441436563344,-0.998513120455002,-0.42412585284238297,-0.43756036688567534,-1.0054790621052223,-0.9206378906748918,False,False,28.124785686344236
Uzunkopru,2019,8,0.3625458683013123,40.8096767230221,22,12,2019-08-01,0.2544562098730799,0.5451981560310377,32.8374973512725,46.303434212563246,37.17718060864467,40.79743983750237,0.5,38.98731022307352,median,uzunkopru,37.17718060864467,40.79743983750237,38.98731022307352,1.9081288167000248,0.9906570477483496,0.3102419617128837,0.3151904644216891,-0.4186306306279976,1.574068222416635,1.325626613166965,0.6245948761003991,0.5964147284451815,-0.06220490332768547,0.02084838541615085,0.009582780075532845,0.0,-0.6505051239048857,-0.6862467686859733,False,False,28.124785686344236
Uzunkopru,2019,9,0.3245046711659026,36.41938722050927,19,7,2019-09-01,0.2300308150158601,0.4287520313380586,27.778661706012603,41.08830349723985,47.54090071432857,35.07920310678826,0.5,41.310051910558414,median,uzunkopru,47.54090071432857,35.07920310678826,41.310051910558414,0.1207775446308535,0.810595113095734,0.8231244175443624,0.5858091365915835,-0.2623462141409496,-0.05148646260633555,0.02084838541615085,0.5674056187358534,0.407057982739885,0.5664986127161434,0.4527918916718295,0.3070149664224595,0.3179814578594512,-0.43594068456011786,-0.6335308991018239,False,False,28.124785686344236
Uzunkopru,2019,10,0.3015008342877018,26.508505361614933,23,12,2019-10-01,0.2078011083839048,0.3833590486590971,17.404481016505297,30.74795713019401,53.37253658645111,31.77171924660574,0.5,42.57212791652843,median,uzunkopru,53.37253658645111,31.77171924660574,42.57212791652843,0.5269578272472473,0.9310229025500156,0.7204110820985019,0.0741229996846759,0.2555194674582688,0.40006928911817785,0.274414889688605,0.7338545355420044,0.5964147284451815,0.46381529263633076,0.36216035678781794,-0.203658292442502,-0.10442384485535401,0.05204520817336297,0.0,False,False,28.124785686344236
Corlu,2020,6,0.4963118076966085,33.27315356450655,22,13,2020-06-01,0.3398058060169734,0.5550912779270141,24.8281463037949,41.81771643367222,72.69696384576883,50.29299036907043,0.5,61.49497710741963,median,corlu,72.69696384576883,50.29299036907043,61.49497710741963,1.6947771634452211,2.2452088477167536,0.5089540720025894,-0.7332156745023615,-0.9651086868894908,1.8565276424676966,1.561398281730852,2.3126238754567257,2.3528647678133265,0.670211512242135,0.6470008337681494,-0.8184378500190719,-0.7979517139723642,-1.0381459025656266,-0.9206378906748918,False,False,28.32527031918415
Corlu,2020,7,0.423863174609754,37.88055143403598,22,14,2020-07-01,0.2411567941070453,0.46871385428598,32.97320114614718,44.767587698768864,80.29035898031086,58.3924923437584,0.5,69.34142566203462,median,corlu,80.29035898031086,58.3924923437584,69.34142566203462,-1.4936468452413862,1.7983634424220432,0.6425048654797031,-1.02502820303596,-1.2393083318412357,-1.1260828122181148,-1.2312477796812997,1.9581370263780224,1.7214841422165659,0.700987778269473,0.6992999406425686,-1.1349402081955335,-1.0590423035404213,-1.2986319912730302,-1.2214345945270093,False,False,28.32527031918415
Corlu,2020,8,0.291645095594459,40.04184937578352,22,15,2020-08-01,0.2114858986548909,0.3861276906492696,33.698988564166115,46.7417631923928,45.899206612669325,51.36877702471048,0.5,48.63399181868991,median,corlu,45.89920661266934,51.36877702471051,48.63399181868992,0.2333200577879992,0.994463355938257,1.1441227742529687,-0.4227246532923761,-1.080397936045867,-0.5994303851923811,-0.6992999406425684,0.5943681583082877,0.6470008337681494,0.9580867175910043,0.869517382024299,-0.5673228180023591,-0.5329820468077671,-1.2397331721954705,-1.1364912754190764,False,False,28.32527031918415
Corlu,2020,9,0.2581319915490744,36.03244748596608,24,14,2020-09-01,0.1993734068907274,0.3480665630985831,27.666430007419827,42.38830436288306,39.51667054279844,43.17287815024961,0.5,41.34477434652402,median,corlu,39.51667054279845,43.172878150249566,41.344774346524005,-0.0871589839121367,-0.8819992641697237,1.3165501214864248,-0.0165164120339757,-0.9968372187198252,-1.3558131556712238,-1.4335644069425781,-1.7305430531529464,-1.9439937268344964,0.9888655041641147,0.869517382024299,-0.3326303004802463,-0.3179814578594511,-1.293300240313458,-1.3162444282273533,True,False,28.32527031918415
Corlu,2020,10,0.2383147545379101,28.589230259977374,23,11,2020-10-01,0.1847029231834753,0.3357082850914537,18.0578755063624,35.57369742326176,35.503263378889464,39.87518939402857,0.5,37.68922638645901,median,corlu,35.503263378889464,39.87518939402859,37.689226386459026,0.4585392222224948,0.0261963654044453,1.2431649222707717,0.3919643528202878,-0.8915330344416523,-0.12469634632642425,-0.06258145102371986,-1.1659083383120408,-1.2312477796812997,0.6113008134196423,0.5473111231649046,-0.18583022110682734,-0.23136326473860486,-1.3661565932397977,-1.4246357618543768,True,False,28.32527031918415
Edirne,2020,6,0.4593457548721098,33.56237350070167,22,8,2020-06-01,0.3257017645778581,0.543975793256036,27.434696048485225,44.3577027483714,61.22761883471521,63.79084662149512,0.5,62.50923272810516,median,edirne,61.227618834715216,63.79084662149512,62.50923272810517,0.3812044988355578,1.6325232098222917,0.1029977616863585,-0.9448928210896964,-0.8423840754019551,0.26617704327323694,0.274414889688605,1.8902421257268776,1.9439937268344982,0.10750079718392205,0.02084838541615085,-1.0492784623457962,-1.0590423035404213,-1.1707470708022925,-1.4246357618543768,False,False,28.32527031918415
Edirne,2020,7,0.3481115495648625,42.6617262991585,22,6,2020-07-01,0.2414503697484318,0.5612946498717422,31.965500733772664,46.739004736987454,33.347846575624025,27.59858755879252,0.5,30.473217067208274,median,edirne,33.34784657562405,27.59858755879252,30.47321706720828,-1.8339146358159144,0.2789027839903391,0.3825948037605263,-0.9948324639281928,-1.1772969406463,-1.6797937323032284,-1.721484142216565,-0.07584848668964253,0.02084838541615085,0.1337781971915974,0.231363264738605,-1.1792122807258867,-1.1364912754190764,-1.5578908393337874,-1.5529586332276093,False,False,28.32527031918415
Edirne,2020,8,0.2875547935409626,40.65419058015944,22,6,2020-08-01,0.229021614478841,0.4581346810583013,33.579157128574245,46.14653160875334,25.547726254111847,43.70316996009205,0.5,34.625448107101946,median,edirne,25.547726254111865,43.70316996009205,34.62544810710196,-1.5556758563404574,-1.009962073304424,0.3533970104024211,-0.9815309269508272,-1.5099660317579855,-1.7615653742391615,-1.721484142216565,-1.39902878322119,-1.3256266131669636,-0.07079423848013888,-0.14644994620869292,-1.173591845228409,-1.4246357618543768,-1.6440399469608022,-1.9367654674157944,True,False,28.32527031918415
Edirne,2020,9,0.253982359066771,40.83752074042573,24,7,2020-09-01,0.2193447657316066,0.3740988588743695,24.89643242742357,42.532933610188266,22.382343905573272,9.61309078367188,0.5,15.997717344622576,median,edirne,22.382343905573297,9.613090783671879,15.997717344622588,-1.5678884755920115,-3.333815279088632,0.0612237415135153,-0.8656124862212862,-1.6618845759481893,-2.125794688026412,-1.9439937268344964,-2.185827714447159,-1.9439937268344964,-0.5182382958953817,-0.4070579827398848,-1.2643663543803485,-1.4335644069425781,-1.904074298475416,-1.9367654674157944,True,True,28.32527031918415
Edirne,2020,10,0.2493174364080716,25.820023034716364,23,8,2020-10-01,0.2152552748781966,0.3871591272349366,16.775228355909373,32.14921296752098,19.814658637892663,41.1681817869411,0.5,30.49142021241688,median,edirne,19.81465863789265,41.1681817869411,30.491420212416873,0.5304174662664669,-0.6755332244773732,-0.3487172292944405,-0.1681472049430996,-1.3022613578813993,0.13015992792528477,0.18873642550572778,-1.6632978092029849,-1.721484142216565,-1.0256218041253558,-1.0696790361613442,-0.8147855613698665,-0.6992999406425684,-1.710826191014315,-1.7135929008532067,True,False,28.32527031918415
Kirklareli,2020,6,0.528383243387792,32.664160981308335,22,8,2020-06-01,0.3012678806275926,0.528383243387792,29.05835330150456,45.33031971721313,100.0,77.8403692111679,0.5,88.92018460558396,median,kirklareli,100.0,77.8403692111679,88.92018460558396,1.416542233591498,1.402042368666353,0.3473866024725007,-0.0930376515190575,0.1702623264155213,1.4421841619089015,1.325626613166965,1.7136961136403899,1.7214841422165659,0.4307871088129727,0.4527918916718295,-0.3094332554554953,-0.21360832941705765,-0.06795363936764927,0.12754191328099146,False,False,28.32527031918415
Kirklareli,2020,7,0.4203551392211574,39.05330285026975,22,7,2020-07-01,0.2485369118494177,0.5420576872552342,29.544782826486998,48.64480564115659,58.536990144628426,50.21723211513744,0.5,54.377111129882934,median,kirklareli,58.536990144628426,50.21723211513744,54.377111129882934,-1.8339146358159144,0.9304762741422602,0.3678159101054039,-0.654956901658246,-0.3282480515033661,-1.0440777315720693,-0.998513120455002,0.9367457252749207,0.9985131204550027,0.36842722459112576,0.3179814578594512,-0.8808376644786742,-0.85768031591492,-0.5975060516265905,-0.6335308991018239,False,False,28.32527031918415
Kirklareli,2020,8,0.3302784069732551,40.42279026045525,22,6,2020-08-01,0.2398971291224648,0.4850300345873192,31.684933185315188,45.96482627922851,36.87031640219701,38.81006659031299,0.5,37.840191496255,median,kirklareli,36.87031640219701,38.81006659031295,37.84019149625498,-0.6692619618881591,0.4972232316259113,0.1149500290252851,-0.5451307705772013,-0.5332526252263079,-0.8607587282323554,-0.8101899639922557,0.28872916493275624,0.3179814578594512,0.046130370995201675,0.06258145102371986,-0.6376135058620089,-0.5329820468077671,-0.8943057516448526,-0.7979517139723642,False,False,28.32527031918415
Kirklareli,2020,9,0.2814843290291523,41.08253847943223,24,7,2020-09-01,0.2264392177848136,0.4263599730650386,25.16473562126994,41.53667351686312,27.533465030773336,2.77386244882548,0.5,15.153663739799407,median,kirklareli,27.533465030773353,2.77386244882548,15.153663739799416,-0.0858994684449021,-1.426252434718844,0.3135893551427871,-0.2825682096996935,-0.5681980017273709,-0.8925438938390462,-0.9320757000382391,-1.6336440527041287,-1.5613982817308512,0.11079207767832583,0.02084838541615085,-0.563187839570004,-0.5964147284451813,-1.0071026492529183,-1.1364912754190764,True,True,28.32527031918415
Kirklareli,2020,10,0.2735420138642038,27.13440613948621,23,8,2020-10-01,0.1889990885525008,0.4107584921015044,18.62167950061002,31.82191389321756,38.12371604481746,35.51079181106415,0.5,36.81725392794081,median,kirklareli,38.12371604481746,35.51079181106414,36.8172539279408,0.5371242687127634,-0.1389162556304444,0.440694825628087,0.1019360197702539,-0.747073786472462,0.1369483925858966,0.10442384485535429,-0.8958069867461597,-0.8101899639922557,0.009583165187535462,-0.02084838541615085,-0.2908581787767084,-0.2744148896886049,-1.2716478085551435,-1.4246357618543768,False,False,28.32527031918415
Luleburgaz,2020,6,0.5217514476624053,31.751404890706507,22,4,2020-06-01,0.3409911048494393,0.5448500175709519,20.665396881359143,43.24732335614259,88.66933527694175,50.90760736588716,0.5,69.78847132141445,median,luleburgaz,88.66933527694175,50.90760736588716,69.78847132141445,1.6841018665049508,2.103988524568878,0.455346139847764,-0.9464021937678154,-1.5203205776977695,2.068860880960613,1.9439937268344982,2.7974347353850217,2.3528647678133265,0.8228299014082766,0.869517382024299,-0.5851298768040186,-0.5329820468077671,-1.231292118107383,-1.3162444282273533,False,False,28.32527031918415
Luleburgaz,2020,7,0.4495616374096963,36.14989429582774,22,3,2020-07-01,0.2861197837054355,0.525676930280443,29.38960752014221,46.93138124376206,68.22666576264534,61.46178327119301,0.5,64.84422451691918,median,luleburgaz,68.22666576264534,61.46178327119301,64.84422451691918,-2.128045234184984,1.6386382431383004,0.6726680750858101,-0.7877942928011483,-1.5296930358366896,-0.8548376204559515,-0.8695173820242987,1.9460521637614794,1.9439937268344982,0.9835836590030487,0.9320757000382391,-0.5182752698418219,-0.5329820468077671,-1.1827362699769939,-1.2214345945270093,False,False,28.32527031918415
Luleburgaz,2020,8,0.3176174497589795,38.84178109435602,22,4,2020-08-01,0.1897432281143768,0.4336564687796705,30.05982308745959,48.39365705434462,52.426109093469066,52.09971889808431,0.5,52.262913995776685,median,luleburgaz,52.42610909346909,52.099718898084305,52.2629139957767,-0.3810507804282935,0.697942766086841,0.7842405610237599,-0.4287079431974413,-1.4659239200034822,-0.44407122651599923,-0.3621603567878177,0.7314396544811391,0.8101899639922558,1.0182321126383067,0.9985131204550027,-0.15242492615687572,-0.17041725549737796,-1.089519986926535,-1.1364912754190764,False,False,28.32527031918415
Luleburgaz,2020,9,0.2743101064570297,40.78939744837782,24,3,2020-09-01,0.189633865438078,0.3446252064771623,24.782064321464777,44.39046628301203,54.63288494135861,18.36492765548172,0.5,36.49890629842017,median,luleburgaz,54.632884941358625,18.364927655481722,36.498906298420174,-0.8945796900818552,-1.711146881824132,0.8817837035101506,-0.2929723044634437,-1.3331751397964218,-1.286926431909869,-1.721484142216565,-1.1419721531285694,-1.1467208607643733,1.0400820168114457,1.146720860764374,-0.12510448949352007,-0.10442384485535401,-1.0473702696876654,-0.9206378906748918,True,False,28.32527031918415
Luleburgaz,2020,10,0.2283175592530552,28.514855043913123,23,4,2020-10-01,0.1841466817202477,0.3409058538431931,17.02123923135515,33.045756172758225,28.17753942854748,28.274806319674216,0.5,28.226172874110848,median,luleburgaz,28.177539428547444,28.274806319674216,28.22617287411083,0.4518429212049611,-0.2443530594640647,0.808242769195951,0.231912420514822,-0.8346211633209747,0.12442987525859697,0.1464499462086932,-0.7240222972680873,-0.8101899639922557,0.7505146183356036,0.7535860816623511,0.21511750921196746,0.231363264738605,-0.8307222006099129,-0.85768031591492,False,True,28.32527031918415
Tekirdag,2020,6,0.52152871983581,31.817943269778503,22,10,2020-06-01,0.3548692843060378,0.5418339664599165,21.08275464126619,42.242382375833,89.13952817709463,49.26570182057086,0.5,69.20261499883274,median,tekirdag,89.13952817709463,49.26570182057086,69.20261499883274,1.2857116347577802,1.845728543397552,0.4667000323458046,-0.7639443980573579,-1.0736087424652785,1.3936009223418395,1.2312477796813,2.1905731522315897,2.3528647678133265,0.5337712982897348,0.36216035678781794,-0.934992238421575,-0.85768031591492,-1.1930649148540158,-1.1364912754190764,False,False,28.32527031918415
Tekirdag,2020,7,0.4115077615410358,36.471090514344,22,8,2020-07-01,0.2996011031383021,0.5231666607488469,30.02835555617328,43.71619808000098,50.05541085969832,52.93096814231132,0.5,51.49318950100482,median,tekirdag,50.05541085969829,52.930968142311315,51.49318950100481,-1.6448536269514729,1.4898452094889914,0.7207422001260836,-0.9213183591409472,-1.2406434634447434,-1.0921588590919755,-0.998513120455002,1.4271582565529943,1.325626613166965,0.5946730945246158,0.5473111231649046,-1.068668912495455,-1.0590423035404213,-1.3073839236813527,-1.4246357618543768,False,False,28.32527031918415
Tekirdag,2020,8,0.278226836223755,38.29777514735182,22,10,2020-08-01,0.2145976806432795,0.4339782774087779,33.14273610933887,46.82328926867245,29.004003325093667,62.318489771768334,0.5,45.661246548431,median,tekirdag,29.004003325093667,62.318489771768334,45.661246548431,-0.3395963462545969,0.3907350506583564,0.548356054806093,-0.54524595458347,-1.150742517795201,-0.6738400518483333,-0.7535860816623509,0.0031420354675665597,0.02084838541615085,0.40981022573904413,0.407057982739885,-0.6667402269326932,-0.6335308991018239,-1.2425086181191873,-1.2214345945270093,False,False,28.32527031918415
Tekirdag,2020,9,0.2438503398507306,38.95254013629496,24,8,2020-09-01,0.1910186171295055,0.3434703364482764,26.40771318071996,42.414170237086566,34.65472410367245,21.626460425324023,0.5,28.14059226449824,median,tekirdag,34.65472410367241,21.626460425324026,28.140592264498217,-0.219484033889257,-1.137502950556227,0.6338143154705168,-0.1719617091602706,-1.0689293837461349,-1.1430407126833035,-1.2312477796812997,-1.431810505098016,-1.3256266131669636,0.3499900901857846,0.274414889688605,-0.48120311976484753,-0.6470008337681493,-1.3350178160452633,-1.3162444282273533,True,True,28.32527031918415
Tekirdag,2020,10,0.2631552729833754,26.692519251316952,23,8,2020-10-01,0.2011434514005603,0.3288378133341623,13.799725248551244,32.81187913608851,48.56269348450936,32.186568239292875,0.5,40.37463086190112,median,tekirdag,48.56269348450932,32.186568239292875,40.374630861901096,0.1143007268464851,-0.3457076649369086,0.4375308120213726,0.1005293289375121,-1.0137615165331784,-0.06003925109423015,-0.14644994620869292,-0.9215843707748584,-0.9320757000382391,0.04617442543951037,0.18873642550572778,-0.2536479687848716,-0.2744148896886049,-1.2759501787590306,-1.2214345945270093,False,False,28.32527031918415
Uzunkopru,2020,6,0.4497928233607333,34.52953984357377,22,12,2020-06-01,0.3278017154225964,0.5030639610561858,25.3569063809869,43.49734916614595,69.60489836081221,49.43544889603725,0.5,59.52017362842473,median,uzunkopru,69.60489836081219,49.43544889603725,59.520173628424715,0.4220730527182039,1.269333193193242,-0.2371432405961778,-1.078649718814652,-0.6110508646561748,0.3590910976308693,0.4527918916718295,1.5574884884463267,1.7214841422165659,-0.2443318907018681,-0.2744148896886049,-1.116684800034732,-0.9874746312142068,-0.7179354244350656,-0.6335308991018239,False,False,28.32527031918415
Uzunkopru,2020,7,0.397258538514482,40.697744826451135,22,10,2020-07-01,0.3090066548344354,0.4983037733049914,30.206773300306416,45.06194855960739,46.62082782510692,29.37833890868289,0.5,37.9995833668949,median,uzunkopru,46.62082782510692,29.378338908682892,37.99958336689491,0.3890097249002616,0.7176854763885995,0.197016151686498,-1.255413035599449,-0.5528056412325522,-0.006540914364920652,0.10442384485535429,0.6604406605231377,0.6470008337681494,0.09550682744291589,0.02084838541615085,-1.2313394262944009,-1.3162444282273533,-0.7635449446609748,-0.6862467686859733,False,False,28.32527031918415
Uzunkopru,2020,8,0.3233056040758323,39.12011869745368,22,10,2020-08-01,0.2544562098730799,0.5451981560310377,32.8374973512725,46.303434212563246,23.68058517615724,53.34434275983254,0.5,38.51246396799489,median,uzunkopru,23.68058517615724,53.34434275983254,38.51246396799489,0.3517334627025341,0.3079852167109224,0.5124553158320565,-0.7875130578263092,-0.9838409421059886,-0.2204196507313789,-0.14644994620869292,-0.058552936694688695,-0.06258145102371986,0.282557182414131,0.274414889688605,-0.906473886593715,-0.7979517139723642,-1.088553898612096,-0.9206378906748918,False,False,28.32527031918415
Uzunkopru,2020,9,0.2847651248334811,39.91837306162129,24,10,2020-09-01,0.2300308150158601,0.4287520313380586,27.778661706012603,41.08830349723985,27.54326429286598,8.790097088786373,0.5,18.166680690826176,median,uzunkopru,27.54326429286595,8.790097088786373,18.166680690826162,-0.0024299152927532,0.0392594438806061,0.8571238418086963,-0.2998707946249581,-1.0436790891578398,-0.7143613378471759,-0.8695173820242987,-0.5892927191237612,-0.5964147284451813,0.594944309133223,0.4994934456429099,-0.5803260558760862,-0.5473111231649045,-1.2565007808049822,-1.2214345945270093,False,True,28.32527031918415
Uzunkopru,2020,10,0.2636171313256927,25.98575184022513,23,12,2020-10-01,0.2078011083839048,0.3833590486590971,17.404481016505297,30.74795713019401,31.79350524065996,35.68939045113932,0.5,33.74144784589964,median,uzunkopru,31.793505240659933,35.689390451139346,33.74144784589964,-0.0541683024228142,-0.2232044093562353,0.1581587524702188,-0.1000727605909136,-1.223743286453311,-0.4473311062752023,-0.45279189167182926,-0.8776158060394719,-0.7535860816623509,-0.22824364251365198,-0.23136326473860486,-0.4860655129890015,-0.4994934456429097,-1.447716744854532,-1.2214345945270093,False,False,28.32527031918415
Corlu,2021,6,0.4602448194579475,33.97755553656036,21,15,2021-06-01,0.3398058060169734,0.5550912779270141,24.8281463037949,41.81771643367222,55.94386484718337,46.14690564374197,0.5,51.04538524546267,median,corlu,55.94386484718337,46.146905643741974,51.04538524546267,1.7028101754830185,1.1855216411961955,1.875260289338728,0.6830287362256351,0.3290868249824865,2.059537750993478,1.9439937268344982,1.3175812880649207,1.4335644069425781,1.8446389234341352,1.7214841422165659,0.15429055433892433,0.2572017876710414,-0.5022161839714822,-0.6862467686859733,False,False,28.25262156812579
Corlu,2021,7,0.4403917711426089,39.67247676650612,24,16,2021-07-01,0.2411567941070453,0.46871385428598,32.97320114614718,44.767587698768864,87.55385435147538,43.19945687323763,0.5,65.3766556123565,median,corlu,87.55385435147535,43.19945687323763,65.37665561235649,-0.6428196235880592,1.2070537650664348,0.8075458092157312,0.4937995479211602,0.3634460082563703,-1.4046968181780008,-1.4335644069425781,1.001064155510237,0.9985131204550027,0.41616138301121497,0.36216035678781794,-0.03985254695454395,-0.17041725549737796,-0.5274375993421739,-0.6335308991018239,False,False,28.25262156812579
Corlu,2021,8,0.3363323361059039,40.28124108356488,24,16,2021-08-01,0.2114858986548909,0.3861276906492696,33.698988564166115,46.7417631923928,71.48714865169931,49.533341585511245,0.5,60.51024511860528,median,corlu,71.48714865169931,49.53334158551127,60.5102451186053,0.7675234912652386,1.2438214877309082,0.5689607707826174,1.1121534301258251,0.4564752892406599,-0.043489100537136394,0.06258145102371986,0.8803135358517518,0.9985131204550027,0.11837120203080237,0.231363264738605,0.4519618591545705,0.43756036688567534,-0.4390434827367767,-0.5329820468077671,False,False,28.25262156812579
Corlu,2021,9,0.2662865339343336,29.92353844239953,23,14,2021-09-01,0.1993734068907274,0.3480665630985831,27.666430007419827,42.38830436288306,45.00081157068822,84.66833515569236,0.5,64.83457336319029,median,corlu,45.0008115706882,84.66833515569233,64.83457336319026,-0.2706037180730694,-0.4620176321253977,0.5431053605375309,1.371339379847684,0.4091146474447201,-0.2965786066189809,-0.3621603567878177,-1.0389772525507142,-1.1467208607643733,0.32182492976085203,0.407057982739885,0.8756031243676072,0.9320757000382391,-0.27818100236627175,-0.345971670217235,True,False,28.25262156812579
Corlu,2021,10,0.2346903513960869,23.15664131223992,17,5,2021-10-01,0.1847029231834753,0.3357082850914537,18.0578755063624,35.57369742326176,33.10308162638198,70.8905135592969,0.5,51.99679759283944,median,corlu,33.10308162638198,70.89051355929692,51.99679759283945,-0.5883110879843254,-0.6202933616044211,0.4497219782671984,0.1966045037535298,0.1237729275871706,-0.4268464593834143,-0.6992999406425684,-0.7410094942403982,-0.6470008337681493,0.2343721322516412,0.18873642550572778,-0.17510700273536045,-0.1887364255057275,-0.36109338080075404,-0.43756036688567534,False,False,28.25262156812579
Edirne,2021,6,0.5002436478013159,30.99253950126275,21,7,2021-06-01,0.3257017645778581,0.543975793256036,27.434696048485225,44.3577027483714,79.96456760359771,78.97629235825183,0.5,79.47042998092476,median,edirne,79.96456760359773,78.97629235825183,79.47042998092478,0.9564039195949317,0.5312749058717656,1.6469442810419064,1.0659858632276946,0.3025829950051472,0.9080069013228605,0.7535860816623511,0.5482845665739199,0.5473111231649046,1.8605254531865059,2.3528647678133265,0.915461095617183,0.9206378906748922,-0.2607964134494794,-0.21360832941705765,False,False,28.25262156812579
Edirne,2021,7,0.4559335581762352,41.09247395358513,24,8,2021-07-01,0.2414503697484318,0.5612946498717422,31.965500733772664,46.739004736987454,67.0586287630697,38.22066032657935,0.5,52.63964454482453,median,edirne,67.0586287630697,38.22066032657935,52.63964454482453,-0.0007340152988339,0.1228456058205949,0.0420416751538368,0.9392424823622753,0.4724509060940576,-0.9143381997742089,-0.9320757000382391,-0.3977579437011045,-0.1887364255057275,-0.18077265968581452,-0.14644994620869292,0.6826775823526879,0.5825199483025975,-0.09190176477448746,-0.12754191328099132,False,False,28.25262156812579
Edirne,2021,8,0.3536059248760292,42.50567935206291,24,8,2021-08-01,0.229021614478841,0.4581346810583013,33.579157128574245,46.14653160875334,54.37678097420088,28.970667361211188,0.5,41.673724167706034,median,edirne,54.376780974200905,28.970667361211188,41.67372416770605,-0.3760327908119374,0.3051617213115771,-0.1181256679307141,1.318035897320692,0.5423867003843189,-1.216755583594984,-1.2312477796812997,-0.5747076229053261,-0.5964147284451813,-0.4940841996858544,-0.3179814578594511,0.8633651645008349,0.6335308991018241,-0.07528578791756159,-0.08489986218558754,False,False,28.25262156812579
Edirne,2021,9,0.3129607259673981,31.80321159931119,23,7,2021-09-01,0.2193447657316066,0.3740988588743695,24.89643242742357,42.532933610188266,60.49336617509005,60.83815548042328,0.5,60.66576082775667,median,edirne,60.49336617509006,60.838155480423275,60.66576082775667,-0.4572903955199863,-0.7481577386089452,-0.295847235171693,1.0111741626593311,0.608430680548121,-0.5038765415890409,-0.3621603567878177,-1.3180608110138472,-1.3256266131669636,-0.7022167166438722,-0.7535860816623509,0.5602662340151373,0.7535860816623511,0.10290859432396174,0.21360832941705765,True,False,28.25262156812579
Edirne,2021,10,0.2921656729515731,20.794865949423468,17,4,2021-10-01,0.2152552748781966,0.3871591272349366,16.775228355909373,32.14921296752098,44.74035748411838,73.85428894941032,0.5,59.29732321676435,median,edirne,44.74035748411835,73.85428894941032,59.29732321676433,0.7060566816501749,-0.074349008465248,-0.0723250657200856,-0.1226320144485392,0.702512331126936,0.7781665086674993,0.6992999406425686,-0.3098124521680698,-0.1887364255057275,-0.4433657140733023,-0.3179814578594511,-0.39085046186153,-0.45279189167182926,0.34302765543651736,0.3913554652074412,False,False,28.25262156812579
Kirklareli,2021,6,0.4751506628587083,30.71074600958924,21,7,2021-06-01,0.3012678806275926,0.528383243387792,29.05835330150456,45.33031971721313,76.56143561486435,89.84515659711847,0.5,83.20329610599141,median,kirklareli,76.56143561486437,89.84515659711847,83.20329610599143,1.2121648219782086,1.049620061464717,2.134503693073581,0.993673171695953,0.5195976052885958,1.2740500293841408,1.146720860764374,1.324135098291844,1.325626613166965,2.42990516666225,2.3528647678133265,1.041695168870986,0.9874746312142068,0.2150397236247311,0.4847192529770645,False,False,28.25262156812579
Kirklareli,2021,7,0.4756928815031118,40.78236052838159,24,8,2021-07-01,0.2485369118494177,0.5420576872552342,29.544782826486998,48.64480564115659,77.39008229984145,41.16458492780606,0.5,59.27733361382376,median,kirklareli,77.39008229984142,41.164584927806075,59.27733361382375,-1.1110463091256166,0.1824080643956965,0.8854910602946069,0.813216111789648,0.5446609516914825,-1.5166786152849299,-1.5613982817308512,-0.11836663163711779,0.06258145102371986,0.8783494004889018,0.9985131204550027,0.8149212492024146,0.8576803159149204,0.1520611338926995,0.17041725549737824,False,False,28.25262156812579
Kirklareli,2021,8,0.3919813981937422,40.55254936988512,24,8,2021-08-01,0.2398971291224648,0.4850300345873192,31.684933185315188,45.96482627922851,62.041556103157376,37.90138255061815,0.5,49.971469326887764,median,kirklareli,62.0415561031574,37.90138255061815,49.97146932688777,0.1093938409981617,0.5187026991648093,0.1580317145299457,1.2954899132008304,0.6207080194721447,-0.6430862653791144,-0.45279189167182926,0.00984455435613576,-0.14644994620869292,-0.033766081180188916,0.02084838541615085,1.1161024769369732,1.2214345945270098,0.20589465894873515,0.21360832941705765,False,False,28.25262156812579
Kirklareli,2021,9,0.3367884938887724,30.10714163314982,23,8,2021-09-01,0.2264392177848136,0.4263599730650386,25.16473562126994,41.53667351686312,55.19650821110814,69.8117226964914,0.5,62.50411545379977,median,kirklareli,55.196508211108146,69.8117226964914,62.50411545379977,-0.6154781750089195,-1.2334262324241236,0.0527909163008889,1.5111778764073571,0.5634182333632403,-0.44423314045922646,-0.4070579827398848,-1.4907708694610766,-1.4335644069425781,-0.1520817467876625,-0.23136326473860486,1.5198615125820916,1.4335644069425781,0.30158311103878055,0.3913554652074412,True,False,28.25262156812579
Kirklareli,2021,10,0.3043669408665621,21.79838920954864,17,4,2021-10-01,0.1889990885525008,0.4107584921015044,18.62167950061002,31.82191389321756,52.02388285129372,75.93444468896963,0.5,63.97916377013168,median,kirklareli,52.0238828512937,75.93444468896966,63.97916377013168,0.2225914836920004,-0.4291648421133722,-0.2259685355598549,0.369064053846507,0.4630267945222865,0.2622226401226459,0.3179814578594512,-0.4922675181264296,-0.45279189167182926,-0.45355148876387497,-0.4994934456429097,0.34275661422136827,0.4527918916718295,0.35907363538564024,0.30128981766152896,False,False,28.25262156812579
Luleburgaz,2021,6,0.5138905137885382,31.78213927251861,21,6,2021-06-01,0.3409911048494393,0.5448500175709519,20.665396881359143,43.24732335614259,84.81326944743064,50.77150568365725,0.5,67.79238756554395,median,luleburgaz,84.81326944743064,50.77150568365725,67.79238756554395,0.9748472730728256,0.1587314206450746,1.219255673358683,0.0643679691218604,-0.4510862866841109,1.281121205010497,1.2312477796813,0.6196412326132938,0.5473111231649046,1.5076609253299031,1.2312477796813,0.33474060706276004,0.43756036688567534,-0.405109432396428,-0.3012898176615288,False,False,28.25262156812579
Luleburgaz,2021,7,0.4799886848604395,40.92354161595951,24,6,2021-07-01,0.2861197837054355,0.525676930280443,29.38960752014221,46.93138124376206,80.92803906156976,34.24875797886418,0.5,57.58839852021697,median,luleburgaz,80.92803906156975,34.24875797886418,57.58839852021696,-0.450805042999636,-0.1400166681742331,-0.4017777867348617,-0.1863368417781595,-0.3697964752584536,-0.7387314472767316,-0.6992999406425684,0.030064248494252904,0.18873642550572778,0.0320411986977931,0.06258145102371986,0.11572173652997428,0.0,-0.3645540134047,-0.43756036688567534,False,False,28.25262156812579
Luleburgaz,2021,8,0.3332694562604098,41.25293039000848,24,6,2021-08-01,0.1897432281143768,0.4336564687796705,30.05982308745959,48.39365705434462,58.84314756941986,38.94835459530111,0.5,48.89575108236049,median,luleburgaz,58.84314756941988,38.94835459530111,48.89575108236049,-1.7413326115487515,0.1119051860859143,-0.3380722640914409,0.287238332201406,-0.4090483382612951,-1.1989600200934278,-1.3256266131669636,-0.15916685932241342,-0.14644994620869292,-0.056320044574465294,-0.02084838541615085,0.297293407973594,0.3913554652074412,-0.48391641006605607,-0.5329820468077671,False,False,28.25262156812579
Luleburgaz,2021,9,0.2960253265384356,30.401187633553832,23,4,2021-09-01,0.189633865438078,0.3446252064771623,24.782064321464777,44.39046628301203,68.64348704069138,71.34328782575781,0.5,69.9933874332246,median,luleburgaz,68.64348704069137,71.34328782575781,69.9933874332246,-1.0007557618400784,-1.4891683047754132,-0.8313382875757656,0.4121151030576144,-0.3851139812618824,-0.8498671849386593,-0.9320757000382391,-1.2278652897713362,-1.2312477796812997,-0.623430467542618,-0.5473111231649045,0.4671691520531358,0.407057982739885,-0.39239342825228946,-0.3913554652074409,True,False,28.25262156812579
Luleburgaz,2021,10,0.2233110957735073,17.82530626513929,17,1,2021-10-01,0.1841466817202477,0.3409058538431931,17.02123923135515,33.045756172758225,24.983810212102394,94.98226975125444,0.5,59.98303998167842,median,luleburgaz,24.983810212102394,94.98226975125444,59.98303998167842,0.7363979964410131,-0.0438489159108225,-0.227302631316552,-0.3883221472757863,-0.2615858800294959,0.6411431773506938,0.5473111231649046,-0.4456802734581774,-0.4070579827398848,-0.3643051528180167,-0.3179814578594511,-0.25527340474113347,-0.2744148896886049,-0.304179537862238,-0.3913554652074409,False,False,28.25262156812579
Tekirdag,2021,6,0.50630061243686,33.61032313061511,21,10,2021-06-01,0.3548692843060378,0.5418339664599165,21.08275464126619,42.242382375833,80.99461694385074,40.79494853832605,0.5,60.89478274108839,median,tekirdag,80.99461694385074,40.79494853832605,60.89478274108839,0.7361285038242382,1.0336193776240494,1.2371221866660511,-0.1357896129883688,-0.5261168491206428,0.8208123041217984,0.7535860816623511,1.1234258394405412,0.9985131204550027,1.3703510900551041,1.561398281730852,-0.28434501933070394,-0.3012898176615288,-0.7541870488460736,-0.7409429851520691,False,False,28.25262156812579
Tekirdag,2021,7,0.455950467616402,39.2749576147125,24,10,2021-07-01,0.2996011031383021,0.5231666607488469,30.02835555617328,43.71619808000098,69.9344595603869,32.44660696203365,0.5,51.19053326121028,median,tekirdag,69.9344595603869,32.44660696203365,51.19053326121028,-0.8614449320031384,0.5479265938744897,0.286949923372794,-0.2463027806426128,-0.5167487930984065,-1.546276299148599,-1.4335644069425781,0.08260617424298337,0.1464499462086932,0.017306926831474976,0.10442384485535429,-0.48210639337479777,-0.43756036688567534,-0.8576114160159277,-0.6862467686859733,False,False,28.25262156812579
Tekirdag,2021,8,0.3442927153886642,39.921484179130886,24,10,2021-08-01,0.2145976806432795,0.4339782774087779,33.14273610933887,46.82328926867245,59.11873550240136,50.449751623038686,0.5,54.78424356272002,median,tekirdag,59.11873550240136,50.449751623038686,54.78424356272002,0.7786880587333431,0.3107862543214675,0.5028842680722422,0.4694539940115366,-0.3475560825560809,-0.07020908296228488,-0.14644994620869292,-0.3883220943520312,-0.45279189167182926,0.160581071701745,0.18873642550572778,0.11020264303410394,0.08489986218558768,-0.7651592051034528,-0.6335308991018239,False,False,28.25262156812579
Tekirdag,2021,9,0.2596766390923096,28.996307167638548,23,10,2021-09-01,0.1910186171295055,0.3434703364482764,26.40771318071996,42.414170237086566,45.035911874003006,83.82781412649359,0.5,64.4318630002483,median,tekirdag,45.03591187400302,83.82781412649359,64.43186300024831,-0.7092096816648796,-0.6313045318354695,0.1820278979580245,0.6288046460049111,-0.3941668389972586,-0.5028062940707414,-0.5964147284451813,-1.1192603073390202,-1.0696790361613442,-0.15902032336744812,-0.02084838541615085,0.3318702421614912,0.36216035678781794,-0.7544385424860754,-0.7979517139723642,True,False,28.25262156812579
Tekirdag,2021,10,0.2468076452639032,22.78015800234416,17,3,2021-10-01,0.2011434514005603,0.3288378133341623,13.799725248551244,32.81187913608851,35.76054038085658,52.76477979867544,0.5,44.262660089766015,median,tekirdag,35.76054038085658,52.764779798675434,44.26266008976601,-1.111657983017075,-0.967821218837894,-0.4449545521533746,-0.4873488482567314,-0.6930230621091326,-0.6758975534403885,-0.8695173820242987,-0.9770628526392606,-1.0696790361613442,-0.6793481583010992,-0.7535860816623509,-0.6309613046460547,-0.6992999406425684,-0.8522026142100125,-0.9874746312142068,False,False,28.25262156812579
Uzunkopru,2021,6,0.4918416743500921,31.40820855667377,21,11,2021-06-01,0.3278017154225964,0.5030639610561858,25.3569063809869,43.49734916614595,93.59686014205508,66.64192684074104,0.5,80.11939349139806,median,uzunkopru,93.59686014205506,66.64192684074104,80.11939349139806,0.9968060231684478,0.9500117223341766,1.5775861398694695,0.4965088921144742,0.3552092244529011,1.0517856619128145,0.9985131204550027,1.1031120769063407,1.146720860764374,1.8598531649861265,1.9439937268344982,0.36212595184597307,0.4847192529770645,0.007932635963209455,-0.08489986218558754,False,False,28.25262156812579
Uzunkopru,2021,7,0.4895131739218658,39.15319500121961,24,12,2021-07-01,0.3090066548344354,0.4983037733049914,30.206773300306416,45.06194855960739,95.35618954258253,39.7757243199689,0.5,67.56595693127571,median,uzunkopru,95.35618954258251,39.7757243199689,67.56595693127571,-1.6448536269514729,0.3956163430465375,0.3037711113928603,0.4662579677022349,0.2010262647369168,-1.5232338367183629,-1.721484142216565,0.10832929392472071,0.231363264738605,0.17172407773446596,0.1464499462086932,0.1571483404131928,0.21360832941705765,-0.3053092843700475,-0.21360832941705765,False,False,28.25262156812579
Uzunkopru,2021,8,0.3798822279005907,40.664603139134265,24,12,2021-08-01,0.2544562098730799,0.5451981560310377,32.8374973512725,46.303434212563246,43.13998020752321,41.87477731043279,0.5,42.507378758978,median,uzunkopru,43.13998020752321,41.87477731043279,42.507378758978,-0.9091841627063328,0.0021058939495212,0.208307369591164,0.9020012359509928,0.095072352736643,-1.446436835848181,-1.721484142216565,-0.5609137616690604,-0.5964147284451813,-0.07498379209626915,-0.02084838541615085,0.5401309136530809,0.4847192529770645,-0.45733355826797084,-0.43756036688567534,False,False,28.25262156812579
Uzunkopru,2021,9,0.3118653151168501,29.153720063564144,23,12,2021-09-01,0.2300308150158601,0.4287520313380586,27.778661706012603,41.08830349723985,41.180555159398224,89.66870499506696,0.5,65.42463007723259,median,uzunkopru,41.180555159398224,89.66870499506696,65.42463007723259,0.0445441093838535,-0.9648985230399424,0.0904834028861223,0.9429144349355358,0.1025998839336251,0.04684836650387837,0.10442384485535429,-1.2782001043715594,-1.3256266131669636,-0.20593491444084777,-0.23136326473860486,0.7017983682454672,0.6470008337681494,-0.22014799836717736,-0.345971670217235,True,False,28.25262156812579
Uzunkopru,2021,10,0.2777646359016307,17.9895114350687,17,6,2021-10-01,0.2078011083839048,0.3833590486590971,17.404481016505297,30.74795713019401,39.85210091212966,95.61560710583328,0.5,67.73385400898147,median,uzunkopru,39.85210091212963,95.61560710583328,67.73385400898145,-0.0056113405488309,-0.4394586373884322,-0.1983382310991457,-0.1305627736368096,0.1205818736888165,0.047890833055641305,0.02084838541615085,-0.5433125997357718,-0.4994934456429097,-0.35916538614628185,-0.4070579827398848,-0.2435308537300515,-0.14644994620869292,-0.07311831291750116,-0.17041725549737796,False,False,28.25262156812579
Corlu,2022,6,0.4648042391015524,34.68330342181455,32,20,2022-06-01,0.3398058060169734,0.5550912779270141,24.8281463037949,41.81771643367222,58.061713117739295,41.99289892162319,0.5,50.02730601968124,median,corlu,58.061713117739274,41.99289892162319,50.027306019681234,0.1392503680087339,-0.1062212695685453,-0.6675874767357524,-0.7731390463188089,-0.9687309317820052,-0.123007807014178,-0.14644994620869292,-0.1735019401798072,-0.23136326473860486,-0.6158533899685823,-0.4994934456429097,-0.7485182415634171,-0.7409429851520691,-1.1094530301080159,-1.0590423035404213,False,False,28.25262156812579
Corlu,2022,7,0.3957457974664017,39.91179751295931,36,24,2022-07-01,0.2411567941070453,0.46871385428598,32.97320114614718,44.767587698768864,67.9341714283875,41.17034967562767,0.5,54.55226055200758,median,corlu,67.9341714283875,41.17034967562767,54.55226055200758,-1.6448536269514729,-1.1779462737795403,-0.4273340571258961,-0.7689722494227974,-0.9998235907641964,-1.0638219963119344,-1.1467208607643733,-1.0937026459327308,-1.1467208607643733,-0.4294429804430017,-0.4070579827398848,-0.9004754892462687,-0.7409429851520691,-1.034301613638367,-0.85768031591492,True,False,28.25262156812579
Corlu,2022,8,0.2978097975910556,36.84768738922783,33,19,2022-08-01,0.2114858986548909,0.3861276906492696,33.698988564166115,46.7417631923928,49.42911885543593,75.85867336657479,0.5,62.64389611100536,median,corlu,49.42911885543595,75.8586733665748,62.643896111005375,1.0841822333393218,-0.0043277774181344,-0.7274394976730826,-0.42483530225165,-0.8819737189819662,0.40912034247878615,0.4527918916718295,-0.5690486982806897,-0.6470008337681493,-0.8070072488734858,-0.8101899639922557,-0.6719968125929021,-0.6335308991018239,-0.943758363022947,-0.85768031591492,False,False,28.25262156812579
Corlu,2022,9,0.2858936487022194,34.01620099352963,30,21,2022-09-01,0.1993734068907274,0.3480665630985831,27.666430007419827,42.38830436288306,58.18710424745222,56.86846095277654,0.5,57.52778260011438,median,corlu,58.18710424745224,56.86846095277654,57.52778260011439,-0.7191244071579992,-0.5229016495693388,-0.578314331223043,-0.9343015792468926,-0.9328725260879636,-0.998968054587946,-0.998513120455002,-0.9833657259270553,-1.0696790361613442,-0.9640104755145203,-0.8695173820242987,-1.050826993435917,-0.9320757000382391,-1.0252438190345006,-0.9874746312142068,False,False,28.25262156812579
Corlu,2022,10,0.2541524608470383,29.587655896698024,33,18,2022-10-01,0.1847029231834753,0.3357082850914537,18.0578755063624,35.57369742326176,45.99143817547689,34.17505358848372,0.5,40.083245881980304,median,corlu,45.99143817547689,34.17505358848375,40.08324588198032,-2.07533104835951,-1.0625900348257258,-1.6178946624368788,-0.949451386583439,-1.1079120158184217,-1.5448186921142797,-1.5613982817308512,-1.3847054636908758,-1.721484142216565,-1.8400699768955093,-1.721484142216565,-1.089838774588609,-1.0696790361613442,-1.2459829102453512,-1.1364912754190764,True,False,28.25262156812579
Edirne,2022,6,0.5132861212635893,33.38728845505352,32,11,2022-06-01,0.3257017645778581,0.543975793256036,27.434696048485225,44.3577027483714,85.93984260138646,64.82544436616968,0.5,75.38264348377807,median,edirne,85.93984260138647,64.82544436616968,75.38264348377808,0.0844310322254243,-0.6328344746283596,-1.034477762685878,-0.1095166483519433,-0.4819505679297567,-0.3794460205721511,-0.3179814578594511,-0.8897248820810592,-0.7535860816623509,-1.0906034726479148,-0.9320757000382391,-0.23327436680202274,-0.17041725549737796,-0.903039483278417,-0.7979517139723642,False,False,28.25262156812579
Edirne,2022,7,0.4143116094090595,42.294002669848005,36,12,2022-07-01,0.2414503697484318,0.5612946498717422,31.965500733772664,46.739004736987454,54.04543723401403,30.087662792606235,0.5,42.066550013310135,median,edirne,54.045437234014024,30.087662792606235,42.06655001331013,-1.5321058927850428,-1.2290444084878074,-0.9161559835163384,-0.6139924913397969,-0.6610755109057986,-1.6416284645776296,-1.4335644069425781,-1.4939550075936903,-1.5613982817308512,-1.1094566981842078,-0.998513120455002,-0.9147137351228876,-0.7979517139723642,-1.007433526944584,-1.0590423035404213,True,False,28.25262156812579
Edirne,2022,8,0.3806636743187371,41.73476310952887,33,11,2022-08-01,0.229021614478841,0.4581346810583013,33.579157128574245,46.14653160875334,66.18656111754501,35.10493386015183,0.5,50.64574748884842,median,edirne,66.18656111754501,35.10493386015183,50.64574748884842,1.6702803148526304,0.4273071192408504,-0.7888516706220069,0.19058509412402,-0.1231049156953166,0.9340881183470987,0.869517382024299,-0.6832572577762969,-0.8101899639922557,-1.1876948375266267,-1.2312477796812997,-0.3758528198760391,-0.345971670217235,-0.5216848272384657,-0.48471925297706436,False,False,28.25262156812579
Edirne,2022,9,0.366384064861812,32.80321184612207,30,9,2022-09-01,0.2193447657316066,0.3740988588743695,24.89643242742357,42.532933610188266,95.0148045483744,55.168095209125646,0.5,75.09144987875003,median,edirne,95.01480454837439,55.168095209125646,75.09144987875001,0.52889182388003,0.6120279299839241,-0.0159873355545552,-0.5214409639416424,0.1080990015167533,0.28559521125570436,0.36216035678781794,-0.2702691684930459,-0.14644994620869292,-0.7966736986433225,-0.8101899639922557,-0.9694443067501055,-0.8101899639922557,-0.32305949882920554,-0.345971670217235,False,False,28.25262156812579
Edirne,2022,10,0.3319044890079798,24.833490583251123,33,11,2022-10-01,0.2152552748781966,0.3871591272349366,16.775228355909373,32.14921296752098,67.8572425984435,47.58507679749117,0.5,57.72115969796734,median,edirne,67.8572425984435,47.58507679749117,57.72115969796734,-1.3463976291302655,0.3038888147685205,-0.4911407898038416,-0.5840256187881624,-0.4702921916464253,-1.4911939682745068,-1.5613982817308512,-0.21045638207112036,0.02084838541615085,-1.1349420562638128,-1.2312477796812997,-1.0481935211493938,-0.998513120455002,-0.9280733092112052,-0.9874746312142068,False,False,28.25262156812579
Kirklareli,2022,6,0.4775446473311401,36.626882826090736,32,10,2022-06-01,0.3012678806275926,0.528383243387792,29.05835330150456,45.33031971721313,77.61551863388036,53.487308594247736,0.5,65.55141361406405,median,kirklareli,77.61551863388036,53.487308594247736,65.55141361406405,-0.1138098377209606,-0.464346710072303,-0.199958199856419,0.8827537599412985,0.4429564168082205,-0.3087300221295881,-0.23136326473860486,-0.6740686851731533,-0.6992999406425684,-0.3086745718364774,-0.4070579827398848,0.9864276215659441,0.9206378906748922,0.20150706983213057,0.43756036688567534,False,False,28.25262156812579
Kirklareli,2022,7,0.4487482967048584,39.92261986513213,36,12,2022-07-01,0.2485369118494177,0.5420576872552342,29.544782826486998,48.64480564115659,68.21029434070967,45.66583956813633,0.5,56.93806695442299,median,kirklareli,68.21029434070964,45.66583956813637,56.93806695442301,-0.0133732111283176,-0.9065656103946064,0.2411979877721132,0.9382224572441964,0.5501414404028134,-0.2618066159613617,-0.2744148896886049,-1.0106862394391918,-1.2312477796812997,0.11568339107704602,-0.02084838541615085,0.9635849861056485,1.0590423035404217,0.403923510019687,0.5329820468077673,True,False,28.25262156812579
Kirklareli,2022,8,0.3988142819188756,40.79228002320741,33,10,2022-08-01,0.2398971291224648,0.4850300345873192,31.684933185315188,45.96482627922851,64.82897614053502,36.22258389473419,0.5,50.5257800176346,median,kirklareli,64.82897614053505,36.222583894734136,50.52578001763459,0.9248961267413016,0.0786644871891195,-0.8728648332571736,0.8546059238991077,0.6985528657344426,0.3436362790578147,0.36216035678781794,-0.45197603881275694,-0.4070579827398848,-0.9192430953202126,-0.998513120455002,0.6869954980536889,0.7979517139723645,0.6523548158686328,0.6335308991018241,False,False,28.25262156812579
Kirklareli,2022,9,0.3956490135367299,31.293063503629,30,10,2022-09-01,0.2264392177848136,0.4263599730650386,25.16473562126994,41.53667351686312,84.6384336207305,62.56809718287157,0.5,73.60326540180102,median,kirklareli,84.63843362073048,62.56809718287157,73.60326540180102,0.481921912395675,0.4349532895223074,-0.1275140346000436,-0.0441970520837083,0.9096105481551244,0.4290068858830297,0.4527918916718295,0.1291644576792378,0.1464499462086932,-0.48578420474985134,-0.4994934456429097,-0.2525645367912003,-0.3621603567878177,0.8869339633410983,0.8576803159149204,False,False,28.25262156812579
Kirklareli,2022,10,0.3315196714869775,25.43984715182,33,10,2022-10-01,0.1889990885525008,0.4107584921015044,18.62167950061002,31.82191389321756,64.26811249200671,48.34813194659393,0.5,56.308122219300316,median,kirklareli,64.26811249200668,48.34813194659389,56.30812221930029,-1.3885234029871714,-0.2578148281036543,-0.786479746114217,-0.064272996819331,0.6416980262744808,-1.4137518371292073,-1.2312477796812997,-0.5530837592927451,-0.5473111231649045,-1.0504303405630182,-0.998513120455002,-0.3039779413817653,-0.3179814578594511,0.4736472373106777,0.3913554652074412,False,False,28.25262156812579
Luleburgaz,2022,6,0.540965414461568,33.14722751856549,32,7,2022-06-01,0.3409911048494393,0.5448500175709519,20.665396881359143,43.24732335614259,98.09446491324589,44.72645789922119,0.5,71.41046140623354,median,luleburgaz,98.09446491324589,44.72645789922119,71.41046140623354,0.3485168468706756,0.5162350163518171,-0.5807170221697143,1.0185747896560406,0.4982256471049438,-0.10112759871061179,-0.06258145102371986,0.15868292646163426,0.02084838541615085,-0.6671279630088521,-0.8101899639922557,0.7985055210555668,0.7409429851520696,0.04340956652638575,0.17041725549737824,False,False,28.25262156812579
Luleburgaz,2022,7,0.4479465385533993,37.81300328376811,36,9,2022-07-01,0.2861197837054355,0.525676930280443,29.38960752014221,46.93138124376206,67.55246385325195,51.98093478834544,0.5,59.76669932079869,median,luleburgaz,67.55246385325195,51.98093478834544,59.76669932079869,-1.6223944538719788,-0.6286742486897341,-0.4548247863569218,0.6666892261204661,0.4333576043616841,-0.13394971127867306,-0.14644994620869292,-0.41939012661464203,-0.4070579827398848,-0.26123669210671036,-0.23136326473860486,0.5962691207929843,0.6335308991018241,0.16497449224359842,0.21360832941705765,False,False,28.25262156812579
Luleburgaz,2022,8,0.3509477457395008,37.33281870213501,33,7,2022-08-01,0.1897432281143768,0.4336564687796705,30.05982308745959,48.39365705434462,66.09092527548944,60.3301981036151,0.5,63.21056168955227,median,luleburgaz,66.09092527548945,60.3301981036151,63.21056168955228,0.5361781209743531,-0.2265088394928637,-0.773520756509249,0.5463785580910435,0.5649608327049643,-0.6829409283975585,-0.5964147284451813,-0.5684597298933837,-0.5964147284451813,-0.6576272841564119,-0.5964147284451813,0.29394801556768435,0.3459716702172352,0.25626806969890814,0.30128981766152896,False,False,28.25262156812579
Luleburgaz,2022,9,0.3295425652548533,29.224164324869992,30,9,2022-09-01,0.189633865438078,0.3446252064771623,24.782064321464777,44.39046628301203,90.26872009675328,77.34593562434958,0.5,83.80732786055142,median,luleburgaz,90.26872009675327,77.34593562434958,83.80732786055142,1.0680452539751633,0.341248731762544,0.4677989743575108,-0.3585807546695502,0.910889847333447,0.8035912044520969,0.7535860816623511,-0.02081257948150662,0.02084838541615085,0.08476693080873841,0.02084838541615085,-0.5469699756293177,-0.6992999406425684,0.5696117282861658,0.6335308991018241,False,False,28.25262156812579
Luleburgaz,2022,10,0.2892584881537087,23.048289195280457,33,6,2022-10-01,0.1841466817202477,0.3409058538431931,17.02123923135515,33.045756172758225,67.05305023620717,62.388570051974426,0.5,64.72081014409079,median,luleburgaz,67.05305023620714,62.388570051974426,64.72081014409079,-1.3336598233750832,-0.0241648334563169,-0.4853398434894118,-0.4108541537584934,0.4342969337385312,-1.367036779883264,-1.3256266131669636,-0.7420806823912842,-0.8695173820242987,-0.839384919596437,-0.9320757000382391,-0.6184832143904397,-0.6992999406425684,-0.05320744619918154,0.042411701021866303,False,False,28.25262156812579
Tekirdag,2022,6,0.5221472206731569,33.11258305796624,32,13,2022-06-01,0.3548692843060378,0.5418339664599165,21.08275464126619,42.242382375833,89.47033976686744,43.14725869657967,0.5,66.30879923172355,median,tekirdag,89.47033976686744,43.14725869657967,66.30879923172355,0.1546915899116106,0.17711379181886,-0.9491953351008648,-1.3304148686402613,-1.5254522420938512,-0.3188248574368894,-0.3179814578594511,-0.0802087427837342,-0.02084838541615085,-0.8735447708778289,-0.6992999406425684,-1.2600425826758883,-1.2214345945270093,-1.6691351382975053,-1.5529586332276093,False,False,28.25262156812579
Tekirdag,2022,7,0.4711120962926994,37.538658574130096,36,16,2022-07-01,0.2996011031383021,0.5231666607488469,30.02835555617328,43.71619808000098,76.71619680039113,45.13157932024032,0.5,60.923888060315726,median,tekirdag,76.7161968003911,45.13157932024032,60.92388806031571,-0.3517010577562225,-0.9893831502103932,-0.7245416643600937,-1.0729683794397156,-1.5162843887244035,-0.5503615706096677,-0.6470008337681493,-0.9483361748795893,-0.9320757000382391,-0.6953854047965641,-0.8101899639922557,-1.1208974140726822,-1.2214345945270093,-1.3695362163727625,-1.5529586332276093,False,False,28.25262156812579
Tekirdag,2022,8,0.3640955642735071,35.4460619009119,33,12,2022-08-01,0.2145976806432795,0.4339782774087779,33.14273610933887,46.82328926867245,68.14544487269755,83.16350395523602,0.5,75.6544744139668,median,tekirdag,68.14544487269752,83.16350395523602,75.65447441396677,0.9869244955026828,0.1148310086308386,-0.6348084536201137,-0.7850652283218299,-1.4088911760250904,0.26216567242763655,0.36216035678781794,-0.5289881324435558,-0.5964147284451813,-0.659461935529503,-0.7535860816623509,-0.941428628081946,-0.9206378906748918,-1.3027731189328193,-1.4246357618543768,False,False,28.25262156812579
Tekirdag,2022,9,0.2879323603148622,30.69563677349836,30,14,2022-09-01,0.1910186171295055,0.3434703364482764,26.40771318071996,42.414170237086566,63.57012149053802,73.21128855887027,0.5,68.39070502470415,median,tekirdag,63.57012149053803,73.21128855887025,68.39070502470415,-0.5219855289370887,-0.2607843777598299,-0.2342334145994981,-1.01993939165778,-1.3311538658540405,-0.6788230323266311,-0.8101899639922557,-0.5918597943444269,-0.6992999406425684,-0.5993228094182442,-0.5964147284451813,-1.1527829698469048,-1.0696790361613442,-1.3627089123581915,-1.4246357618543768,False,False,28.25262156812579
Tekirdag,2022,10,0.2638999843535314,25.504091388854537,33,13,2022-10-01,0.2011434514005603,0.3288378133341623,13.799725248551244,32.81187913608851,49.14589180186592,38.43745317054439,0.5,43.79167248620516,median,tekirdag,49.14589180186592,38.43745317054439,43.79167248620516,-1.6382845760202984,-0.9419485230495545,-1.2934101474212578,-1.1412999976140052,-1.3865483844097746,-1.3522779815414134,-1.0696790361613442,-1.191900459972751,-1.5613982817308512,-1.3968265073754607,-1.3256266131669636,-1.1872296611890705,-1.1467208607643733,-1.40441328444583,-1.3162444282273533,True,False,28.25262156812579
Uzunkopru,2022,6,0.4774585951330117,34.2597148785684,32,16,2022-06-01,0.3278017154225964,0.5030639610561858,25.3569063809869,43.49734916614595,85.39025571045931,50.92287105105828,0.5,68.1565633807588,median,uzunkopru,85.39025571045933,50.92287105105828,68.1565633807588,0.7430691639973748,0.5753807476122996,0.307130873794435,1.1564787292216518,0.7039910904862703,0.5304942372812917,0.5473111231649046,0.33869793998134956,0.231363264738605,0.2600771026978522,0.1464499462086932,1.1748967022618078,0.9206378906748922,0.44703079729217726,0.3459716702172352,False,False,28.25262156812579
Uzunkopru,2022,7,0.4732026732148188,40.26428423811655,36,18,2022-07-01,0.3090066548344354,0.4983037733049914,30.206773300306416,45.06194855960739,86.73984036683746,32.29624853121117,0.5,59.518044449024316,median,uzunkopru,86.73984036683741,32.29624853121117,59.51804444902429,-0.6255734264028665,-0.0550448939587725,0.5786383939509961,1.1616240588225293,0.7461470334932355,-0.6723474383861523,-0.8101899639922557,-0.23118408366744359,-0.3179814578594511,0.4758351059370192,0.5473111231649046,1.1242011597664603,0.9874746312142068,0.47570127705126175,0.4847192529770645,False,False,28.25262156812579
Uzunkopru,2022,8,0.3992220547385351,40.11799981485873,33,12,2022-08-01,0.2544562098730799,0.5451981560310377,32.8374973512725,46.303434212563246,49.79186759202784,45.93393286645508,0.5,47.86290022924146,median,uzunkopru,49.79186759202784,45.93393286645508,47.86290022924146,-0.0967521994479558,0.0303505199143811,-0.6003045594711108,0.9570286694703268,0.7849622349445136,-0.8296471969930377,-0.8101899639922557,-0.4513624243596433,-0.4070579827398848,-0.7235048085175853,-0.6992999406425684,0.7261312663061179,0.6862467686859735,0.5228277002532048,0.5329820468077673,False,False,28.25262156812579
Uzunkopru,2022,9,0.3484390158369315,32.34805662115537,30,13,2022-09-01,0.2300308150158601,0.4287520313380586,27.778661706012603,41.08830349723985,59.585082565662816,65.66853573659222,0.5,62.62680915112752,median,uzunkopru,59.585082565662816,65.66853573659222,62.62680915112752,0.0576095247580708,-0.5524322305825538,-0.0698284404496034,-0.0869748210273104,0.8046957220468125,-0.07876911866187236,-0.02084838541615085,-0.8198601684531612,-0.8101899639922557,-0.46597016636287736,-0.4070579827398848,-0.3100271193458512,-0.3621603567878177,0.6289167130189235,0.5825199483025975,False,False,28.25262156812579
Uzunkopru,2022,10,0.3121504964983687,27.04407451100459,33,16,2022-10-01,0.2078011083839048,0.3833590486590971,17.404481016505297,30.74795713019401,59.43871746894108,27.758003893675838,0.5,43.598360681308456,median,uzunkopru,59.43871746894108,27.758003893675834,43.598360681308456,-1.179621743411338,-1.043763367205602,-0.878160016215856,-0.1612444106738994,0.5565524467979227,-1.1387761528763207,-1.1467208607643733,-1.1953967057199235,-1.1467208607643733,-1.0570033645894268,-1.0696790361613442,-0.3613609779650966,-0.23136326473860486,0.3215010253851334,0.3459716702172352,True,False,28.25262156812579
Corlu,2023,6,0.3878208887259687,37.49064237397933,20,12,2023-06-01,0.3398058060169734,0.5550912779270141,24.8281463037949,41.81771643367222,22.3029832357006,25.46900260933281,0.5,23.885992922516706,median,corlu,22.3029832357006,25.46900260933286,23.88599292251673,0.2379357414000793,0.5335365838215519,-1.3639718221464143,-2.3769814496058728,-2.4896708427589083,0.2378139199473431,0.274414889688605,0.865339612672872,0.8101899639922558,-1.057899414365427,-1.2312477796812997,-2.0207547972886943,-1.9367654674157944,-2.2347756080286807,-2.346620887656016,False,True,28.21095689408432
Corlu,2023,7,0.3709846975587545,42.555070329317886,22,16,2023-07-01,0.2411567941070453,0.46871385428598,32.97320114614718,44.767587698768864,57.05290064374261,18.75907118678568,0.5,37.90598591526415,median,corlu,57.052900643742625,18.75907118678568,37.905985915264154,-0.3895352129832982,-0.0732207865671378,-1.059212122681018,-2.124436677439245,-2.363130514734638,-1.4708439006111964,-1.5613982817308512,-0.2142767749790991,-0.10442384485535401,-0.9253145793901077,-0.9320757000382391,-1.9272714058351663,-1.9367654674157944,-2.2469268382721426,-2.346620887656016,False,False,28.21095689408432
Corlu,2023,8,0.2826098335479464,43.66063484413401,24,15,2023-08-01,0.2114858986548909,0.3861276906492696,33.698988564166115,46.7417631923928,40.72560987884548,23.62325836398894,0.5,32.17443412141721,median,corlu,40.72560987884549,23.623258363988985,32.174434121417235,-1.6448536269514729,-0.6417697751008208,-0.4990517419067105,-1.9816441301258096,-2.777150491054044,-2.449691318280016,-1.9439937268344964,-1.2763980390418983,-1.4335644069425781,-0.7532890422596006,-0.6992999406425684,-1.8205711928846453,-1.7135929008532067,-2.571631991943819,-2.346620887656016,True,False,28.21095689408432
Corlu,2023,9,0.2480347773535661,36.81408446698852,23,14,2023-09-01,0.1993734068907274,0.3480665630985831,27.666430007419827,42.38830436288306,32.72603239036491,37.86352037317837,0.5,35.29477638177164,median,corlu,32.72603239036488,37.86352037317837,35.29477638177163,-0.832638638137062,-1.836796870102121,-0.5748524123087608,-2.02596182329886,-2.732008806997466,-1.681089464318655,-1.9439937268344964,-2.832026574968147,-2.3528647678133234,-1.0191564476994517,-1.0696790361613442,-2.0689130310336408,-2.3528647678133234,-2.564421394177138,-2.346620887656016,True,False,28.21095689408432
Corlu,2023,10,0.2269913202601227,32.56293163390107,24,15,2023-10-01,0.1847029231834753,0.3357082850914537,18.0578755063624,35.57369742326176,28.004566554674827,17.188835349232914,0.5,22.59670095195387,median,corlu,28.004566554674827,17.18883534923295,22.59670095195389,-1.046188130045468,-2.25287020158852,-1.2996482167014114,-1.870959376933964,-2.614440944063041,-1.4953764128927693,-1.4335644069425781,-2.7405279803120113,-2.3528647678133234,-1.8988525405973555,-1.9439937268344964,-2.001963633747688,-1.9439937268344964,-2.6171753766536363,-2.346620887656016,True,True,28.21095689408432
Edirne,2023,6,0.4656470807650625,36.8837837548634,20,7,2023-06-01,0.3257017645778581,0.543975793256036,27.434696048485225,44.3577027483714,64.11450644617875,44.16425004168006,0.5,54.13937824392941,median,edirne,64.11450644617875,44.16425004168006,54.13937824392941,-0.0473849263244019,1.169123232052815,0.062555815626568,-0.7512757379245928,-0.4296409610847718,-0.2559433497653742,-0.10442384485535401,1.4038774734954902,1.2312477796813,0.09212480850572807,-0.02084838541615085,-0.859030617007054,-0.7979517139723642,-0.9065979163604163,-0.85768031591492,False,False,28.21095689408432
Edirne,2023,7,0.4256775687109305,45.08052227097048,22,7,2023-07-01,0.2414503697484318,0.5612946498717422,31.965500733772664,46.739004736987454,57.59902878096588,11.2260602877698,0.5,34.41254453436784,median,edirne,57.599028780965895,11.226060287769801,34.412544534367846,-0.4435799458874794,-0.1249150178888514,-0.0023970465924743,-0.449838180616577,-0.320397795857639,-1.6564694418364714,-1.5613982817308512,-0.5609027292849972,-0.4994934456429097,-0.2641329270372662,-0.2744148896886049,-0.8124372923854692,-0.7409429851520691,-0.8542293214353688,-0.7409429851520691,False,False,28.21095689408432
Edirne,2023,8,0.3504334071888934,42.16571659262995,24,8,2023-08-01,0.229021614478841,0.4581346810583013,33.579157128574245,46.14653160875334,52.99208575166303,31.675788943838835,0.5,42.33393734775093,median,edirne,52.99208575166301,31.675788943838835,42.333937347750926,0.1027985213807534,-0.489846816001457,0.5578934527462351,-0.4853365238841944,-0.7638344183793657,-1.1184638923577706,-1.0696790361613442,-1.4972526644671644,-1.4335644069425781,-0.06819062752708122,-0.10442384485535401,-0.983332308521169,-0.7979517139723642,-1.2491736551591741,-1.3162444282273533,True,False,28.21095689408432
Edirne,2023,9,0.3173610601888494,35.787972494193006,23,8,2023-09-01,0.2193447657316066,0.3740988588743695,24.89643242742357,42.532933610188266,63.3368025793162,38.24432661613623,0.5,50.79056459772622,median,edirne,63.33680257931618,38.24432661613623,50.7905645977262,-0.4027054154605711,-0.7375544836604507,0.2635779460463505,-0.4163105804603283,-1.0587671999102957,-1.3206591745307237,-1.721484142216565,-1.849387950577824,-1.721484142216565,-0.5667473747353626,-0.45279189167182926,-1.0688946344536174,-0.998513120455002,-1.588416728047734,-1.5529586332276093,True,False,28.21095689408432
Edirne,2023,10,0.2552213356962677,32.14921296752098,24,8,2023-10-01,0.2152552748781966,0.3871591272349366,16.775228355909373,32.14921296752098,23.249078057385475,0.0,0.5,11.624539028692737,median,edirne,23.24907805738544,0.0,11.62453902869272,-1.3463976291302655,-1.4887369187843076,-1.0527451806875676,-0.8359482721264,-1.0828686338799676,-2.334402781294098,-2.3528647678133234,-2.528497019306717,-2.3528647678133234,-1.92717131721346,-1.9439937268344964,-1.4300139812594976,-1.5613982817308512,-1.6997488213968246,-1.5529586332276093,True,True,28.21095689408432
Kirklareli,2023,6,0.4196772103194752,39.34324224787276,20,7,2023-06-01,0.3012678806275926,0.528383243387792,29.05835330150456,45.33031971721313,52.13620437332789,36.79381653320393,0.5,44.46501045326591,median,kirklareli,52.13620437332791,36.79381653320393,44.46501045326592,0.0650827105119675,0.800407733616637,-0.3892368306479587,-0.9880349130670796,-0.7656163971429177,0.10067544608091343,0.10442384485535429,1.2692576196556706,1.2312477796813,-0.2849640172174976,-0.3621603567878177,-1.0390867068776442,-1.2214345945270093,-0.8922025538974103,-1.0590423035404213,False,False,28.21095689408432
Kirklareli,2023,7,0.4325966688880012,44.02090997882722,22,7,2023-07-01,0.2485369118494177,0.5420576872552342,29.544782826486998,48.64480564115659,62.7075738622269,24.208848896128167,0.5,43.458211379177534,median,kirklareli,62.7075738622269,24.20884889612817,43.458211379177534,0.0486874080687418,-0.3827356653521238,-0.0925704396453378,-0.7127843781993043,-0.7627601254007508,-0.8635353680172702,-0.8695173820242987,-0.47029834043794694,-0.4070579827398848,-0.09855420715744487,-0.2744148896886049,-0.9516222446082462,-1.0590423035404213,-0.9834254609151762,-0.9874746312142068,False,False,28.21095689408432
Kirklareli,2023,8,0.4111408251921404,42.21930917951873,24,8,2023-08-01,0.2398971291224648,0.4850300345873192,31.684933185315188,45.96482627922851,69.85749046825842,26.22930770613593,0.5,48.04339908719717,median,kirklareli,69.85749046825842,26.22930770613593,48.04339908719717,-1.6187121748991282,-0.6034432905499597,0.2234134471137278,-0.5513043801695324,-1.0950933686802533,-1.836890542110708,-1.9439937268344964,-1.227280932809626,-1.3256266131669636,-0.06655097457792572,-0.06258145102371986,-0.8482879585603466,-0.7409429851520691,-1.4248193068421295,-1.7135929008532067,True,False,28.21095689408432
Kirklareli,2023,9,0.3338860101514992,34.778659113037726,23,8,2023-09-01,0.2264392177848136,0.4263599730650386,25.16473562126994,41.53667351686312,53.74469109827018,41.27803591073017,0.5,47.511363504500174,median,kirklareli,53.744691098270195,41.27803591073017,47.51136350450018,-0.3022156346631334,-1.0395176253061371,-0.0954213905196914,-0.8851348251122914,-1.376956743745118,-1.0568184575671835,-1.0696790361613442,-2.241802575047662,-2.3528647678133234,-0.49701979902294285,-0.5473111231649045,-1.282439864201085,-1.2312477796812997,-1.7126422500880492,-1.7135929008532067,True,False,28.21095689408432
Kirklareli,2023,10,0.2773419497387518,31.82191389321756,24,8,2023-10-01,0.1889990885525008,0.4107584921015044,18.62167950061002,31.82191389321756,39.83725595055965,0.0,0.5,19.918627975279826,median,kirklareli,39.837255950559644,0.0,19.918627975279822,-1.5360297196724777,-2.19507005300314,-1.4190375742048629,-1.092843853168106,-1.4663087136912805,-2.1105878001932905,-1.9439937268344964,-2.9186263630507376,-2.3528647678133234,-1.7369371790895376,-1.9439937268344964,-1.4369576528773422,-1.4335644069425781,-1.8853128661181509,-1.7135929008532067,True,True,28.21095689408432
Luleburgaz,2023,6,0.4263616133393078,38.50070337460114,20,3,2023-06-01,0.3409911048494393,0.5448500175709519,20.665396881359143,43.24732335614259,41.87725096252788,21.01955290148454,0.5,31.448401932006213,median,luleburgaz,41.87725096252788,21.01955290148454,31.448401932006213,0.3319309651401624,0.6632279792608068,-0.9246702266967076,-2.0076072808138297,-1.689795639227934,0.4545256570871271,0.5473111231649046,1.230063729254006,1.0696790361613444,-0.3049398331138473,-0.4994934456429097,-2.383048725472233,-2.346620887656016,-1.4430556762040314,-1.4246357618543768,False,False,28.21095689408432
Luleburgaz,2023,7,0.4196902539360542,43.00362883230172,22,4,2023-07-01,0.2861197837054355,0.525676930280443,29.38960752014221,46.93138124376206,55.757247128837626,22.390850967206664,0.5,39.07404904802215,median,luleburgaz,55.757247128837605,22.390850967206664,39.07404904802213,-0.4900695720650679,-0.363313311426908,-0.5881620633297083,-1.85106401382523,-1.6061721406472813,-1.443906436763633,-1.4335644069425781,-0.31123184766568945,-0.3179814578594511,-0.29865941133662316,-0.3179814578594511,-1.95422606461845,-1.9367654674157944,-1.6272420588709104,-1.9367654674157944,False,False,28.21095689408432
Luleburgaz,2023,8,0.3182727108239209,43.69301758306153,24,4,2023-08-01,0.1897432281143768,0.4336564687796705,30.05982308745959,48.39365705434462,52.69475423268094,25.63915152593553,0.5,39.16695287930824,median,luleburgaz,52.694754232680936,25.63915152593553,39.16695287930823,-0.8313874877689269,-0.4228368476183113,-0.042894243751273,-1.5074414917938006,-1.756663053041503,-2.0733150576327812,-2.3528647678133234,-1.3698729473372109,-1.2312477796812997,-0.3421687078417803,-0.3179814578594511,-1.5747351039834956,-1.4246357618543768,-1.8462037605735047,-1.7135929008532067,True,False,28.21095689408432
Luleburgaz,2023,9,0.268296993945725,36.35613272736287,23,4,2023-09-01,0.189633865438078,0.3446252064771623,24.782064321464777,44.39046628301203,50.75324078124496,40.97393337511525,0.5,45.8635870781801,median,luleburgaz,50.75324078124494,40.973933375115244,45.86358707818009,-0.7336808265961783,-1.2570962297068975,-0.3071768621127864,-1.3885593751875391,-2.207712997787704,-2.9657827774157575,-2.3528647678133234,-2.4698763552068157,-2.3528647678133234,-1.1942027855068917,-1.0696790361613442,-1.8088981304730245,-1.4335644069425781,-2.350015053747396,-2.346620887656016,True,False,28.21095689408432
Luleburgaz,2023,10,0.2347487509281102,33.045756172758225,24,4,2023-10-01,0.1841466817202477,0.3409058538431931,17.02123923135515,33.045756172758225,32.280132972490804,0.0,0.5,16.140066486245402,median,luleburgaz,32.280132972490804,0.0,16.140066486245402,-1.3693620806278246,-1.9300806056186428,-1.41509961571324,-1.3157739221429583,-2.2815987536379567,-2.5899758239678774,-2.3528647678133234,-2.4717998148030476,-2.3528647678133234,-2.114757551168384,-1.9439937268344964,-1.933498444570854,-1.5613982817308512,-2.347316055938063,-2.346620887656016,True,True,28.21095689408432
Tekirdag,2023,6,0.4075050430840885,38.83353139628386,20,6,2023-06-01,0.3548692843060378,0.5418339664599165,21.08275464126619,42.242382375833,28.152781676022407,16.11016518017646,0.5,22.131473428099433,median,tekirdag,28.152781676022407,16.11016518017646,22.131473428099433,-0.5387991270858258,0.4037540253807835,-1.2530646893541435,-2.1867027991421484,-2.154328346208735,-0.42031720590366783,-0.45279189167182926,0.7423055195810806,0.6992999406425686,-0.9720469594141062,-0.8695173820242987,-1.8206742829776263,-1.9367654674157944,-2.2634837967784387,-2.346620887656016,False,True,28.21095689408432
Tekirdag,2023,7,0.4117706870227106,41.42109852233247,22,8,2023-07-01,0.2996011031383021,0.5231666607488469,30.02835555617328,43.71619808000098,50.17301639987404,16.767431051849222,0.5,33.47022372586163,median,tekirdag,50.17301639987404,16.767431051849222,33.47022372586163,-0.0405104813727158,-0.9893831502103932,-0.8134145606293623,-1.798687722986522,-2.1582907259089192,-0.9105802184034172,-0.9320757000382391,-0.7226354896263806,-0.7535860816623509,-0.6853653364606732,-0.6992999406425684,-1.689398269543351,-1.7135929008532067,-1.947991261288986,-2.346620887656016,False,False,28.21095689408432
Tekirdag,2023,8,0.2976148185386111,46.82328926867245,24,7,2023-08-01,0.2145976806432795,0.4339782774087779,33.14273610933887,46.82328926867245,37.841604553601776,0.0,0.5,18.920802276800888,median,tekirdag,37.841604553601776,0.0,18.920802276800888,-0.9934157057729592,-0.9639603835303444,-0.1567169621685954,-1.66523072654807,-2.394430105905087,-1.7370162001826939,-1.9439937268344964,-1.3614070096648647,-1.3256266131669636,-0.3640639198158616,-0.3621603567878177,-1.6515777706581574,-1.5529586332276093,-2.173876790773517,-2.346620887656016,True,True,28.21095689408432
Tekirdag,2023,9,0.2503953955375742,35.55838613044318,23,8,2023-09-01,0.1910186171295055,0.3434703364482764,26.40771318071996,42.414170237086566,38.94792310207667,42.83136538273771,0.5,40.889644242407186,median,tekirdag,38.947923102076686,42.83136538273771,40.8896442424072,-0.4155784899659805,-0.8813526278863888,-0.4144980880027816,-1.5569996356347635,-2.284744307456881,-1.204802300700519,-1.5613982817308512,-1.8454711265413517,-1.5613982817308512,-0.7195398813645367,-0.8695173820242987,-1.662626291979552,-1.3256266131669636,-2.0834431040054864,-1.9367654674157944,True,False,28.21095689408432
Tekirdag,2023,10,0.2279000683820435,32.81187913608851,24,8,2023-10-01,0.2011434514005603,0.3288378133341623,13.799725248551244,32.81187913608851,20.953640063917632,0.0,0.5,10.476820031958816,median,tekirdag,20.953640063917614,0.0,10.476820031958807,-1.1172949936503969,-1.5633726518273496,-1.6676652670017038,-1.4565572776158024,-2.1975113498194925,-1.6534752013288458,-1.4335644069425781,-2.851885170670044,-2.3528647678133234,-1.8479108826756037,-1.9439937268344964,-1.5563882465317178,-1.4335644069425781,-2.215638984712859,-1.9367654674157944,True,True,28.21095689408432
Uzunkopru,2023,6,0.4108955160832964,37.72826457872596,20,10,2023-06-01,0.3278017154225964,0.5030639610561858,25.3569063809869,43.49734916614595,47.41112403319275,31.802336115741145,0.5,39.606730074466945,median,uzunkopru,47.411124033192735,31.80233611574111,39.606730074466924,0.2177853509838995,1.001444903565243,-0.6011361360165789,-1.5133293231980267,-1.5902895247454876,0.20640936265330095,0.231363264738605,1.4493629391499365,1.4335644069425781,-0.42204060538979704,-0.45279189167182926,-1.292338345221948,-1.3162444282273533,-1.4162484636139272,-1.5529586332276093,False,False,28.21095689408432
Uzunkopru,2023,7,0.4127801515194454,45.06194855960739,22,11,2023-07-01,0.3090066548344354,0.4983037733049914,30.206773300306416,45.06194855960739,54.82043124769029,0.0,0.5,27.410215623845144,median,uzunkopru,54.820431247690294,0.0,27.410215623845147,-0.3785077114748261,0.1223334162525202,-0.4523791027549594,-1.212314051073078,-1.6089035228616893,-1.4312541621563122,-1.4335644069425781,0.032336947548910186,0.1464499462086932,-0.44938953029388595,-0.3621603567878177,-1.1875312937179032,-1.0590423035404213,-1.4488491818662008,-1.5529586332276093,False,True,28.21095689408432
Uzunkopru,2023,8,0.3469483679450102,43.16726287670495,24,12,2023-08-01,0.2544562098730799,0.5451981560310377,32.8374973512725,46.303434212563246,31.81245750541964,23.289663156475623,0.5,27.55106033094763,median,uzunkopru,31.812457505419623,23.289663156475573,27.5510603309476,-1.6448536269514729,-0.5316175387061268,0.025704248739405,-1.1370161059939354,-1.6751699661658035,-2.110479659922664,-1.9439937268344964,-1.267014463470748,-1.3256266131669636,-0.27067675921588025,-0.14644994620869292,-1.2631502676246869,-1.2214345945270093,-1.506010093969793,-1.7135929008532067,True,True,28.21095689408432
Uzunkopru,2023,9,0.2951099558478007,35.16463729641444,23,12,2023-09-01,0.2300308150158601,0.4287520313380586,27.778661706012603,41.08830349723985,32.74896462309489,44.50657871746677,0.5,38.627771670280836,median,uzunkopru,32.748964623094864,44.50657871746677,38.62777167028082,-1.0984667694960342,-1.621464467390505,-0.0409082955374754,-1.1754154784523083,-1.905558102066478,-1.7872455453354814,-1.9439937268344964,-2.355788454818759,-1.9439937268344964,-0.5070218215469626,-0.4994934456429097,-1.409292264796315,-1.4335644069425781,-1.9211728074132088,-1.9367654674157944,True,False,28.21095689408432
Uzunkopru,2023,10,0.253506326138933,30.74795713019401,24,12,2023-10-01,0.2078011083839048,0.3833590486590971,17.404481016505297,30.74795713019401,26.03426406312576,0.0,0.5,13.01713203156288,median,uzunkopru,26.03426406312576,0.0,13.01713203156288,-0.9920491727855756,-1.9584741491385813,-1.1324035050222785,-1.3034156528399017,-1.7488128283103122,-1.495061729342991,-1.3256266131669636,-2.4971343277465547,-2.3528647678133234,-1.6908879321505186,-1.721484142216565,-1.4614746836135113,-1.4335644069425781,-1.8823492573376255,-1.5529586332276093,True,True,28.21095689408432
Corlu,2024,6,0.3925618257950171,41.204560262398815,22,16,2024-06-01,0.3398058060169734,0.5550912779270141,24.8281463037949,41.81771643367222,24.505146264625044,3.609015216901372,0.5,14.057080740763208,median,corlu,24.50514626462502,3.609015216901372,14.057080740763196,-1.43331706736427,-2.3305666302067314,-1.574726087975315,-0.506649278247221,-1.0233289799202996,-2.2624516336314193,-2.3528647678133234,-2.634406190295366,-2.3528647678133234,-2.0141711906817927,-1.9439937268344964,-1.1627826474719187,-1.1364912754190764,-1.9552442168668454,-1.9367654674157944,True,True,27.6016589304179
Corlu,2024,7,0.3200977769723232,43.83372989168099,24,16,2024-07-01,0.2411567941070453,0.46871385428598,32.97320114614718,44.767587698768864,34.69063223228685,7.917815843336892,0.5,21.30422403781187,median,corlu,34.69063223228686,7.917815843336892,21.304224037811874,-1.4936468452413862,-2.885762347865371,-2.049729995646292,-0.3858060835463978,-1.081616740091438,-2.56584813038667,-2.3528647678133234,-2.3974851416227834,-2.3528647678133234,-2.6785740095759047,-2.3528647678133234,-1.3131319756964501,-1.3162444282273533,-2.0461852535124483,-1.7135929008532067,True,True,27.6016589304179
Corlu,2024,8,0.2676451783073852,45.05036489027416,24,14,2024-08-01,0.2114858986548909,0.3861276906492696,33.698988564166115,46.7417631923928,32.15683887067646,12.968086548533735,0.5,22.562462709605096,median,corlu,32.15683887067647,12.968086548533785,22.562462709605125,0.1722086462458854,-1.7475310297889195,-1.8695746142621827,-1.6153395796230827,-0.930947052949852,-0.7554972753036764,-0.8695173820242987,-2.199320764705955,-2.3528647678133234,-2.4418691072748504,-2.3528647678133234,-2.0755428924975825,-1.9367654674157944,-1.875302625446755,-1.7135929008532067,True,True,27.6016589304179
Corlu,2024,9,0.2513354138450389,40.40071037659867,22,13,2024-09-01,0.1993734068907274,0.3480665630985831,27.666430007419827,42.38830436288306,34.94579594616623,13.50095740728018,0.5,24.223376676723205,median,corlu,34.94579594616624,13.50095740728018,24.223376676723213,1.2464737469663416,0.4915717595374717,-1.1484009098575552,-1.0645683663898995,-0.3216823269941973,1.1372530996315828,0.9985131204550027,-0.6184656688563013,-0.6470008337681493,-1.9577091650835694,-2.3528647678133234,-1.99188091543747,-1.721484142216565,-1.25963900817362,-1.2214345945270093,False,True,27.6016589304179
Corlu,2024,10,0.2477367189705746,27.910075697052733,22,14,2024-10-01,0.1847029231834753,0.3357082850914537,18.0578755063624,35.57369742326176,41.74275336362671,43.75256703663515,0.5,42.74766020013093,median,corlu,41.742753363626676,43.75256703663518,42.74766020013092,-2.421499278962133,-0.0496059619442861,-1.5067033026281416,-1.49050893808442,-0.408821027696698,-1.3829444847586094,-1.3256266131669636,-0.4956703410321072,-0.3179814578594511,-2.4376597376393776,-2.3528647678133234,-2.2369253021638804,-2.3528647678133234,-1.2716985570681745,-1.2214345945270093,False,False,27.6016589304179
Edirne,2024,6,0.423491761093037,41.937843250333984,22,7,2024-06-01,0.3257017645778581,0.543975793256036,27.434696048485225,44.3577027483714,44.80148055514197,14.299229096527474,0.5,29.550354825834724,median,edirne,44.801480555141985,14.299229096527474,29.55035482583473,-1.4697348032417503,-1.118890095101248,-1.6918590249452192,-1.1750534600844442,-1.466999481868512,-2.971099928539881,-2.3528647678133234,-1.9904914193924375,-1.9439937268344964,-2.4254369493774166,-2.3528647678133234,-2.005460292928863,-2.346620887656016,-2.9606156162418964,-2.346620887656016,True,False,27.6016589304179
Edirne,2024,7,0.3062242434342428,46.739004736987454,24,7,2024-07-01,0.2414503697484318,0.5612946498717422,31.965500733772664,46.739004736987454,20.251690497900583,0.0,0.5,10.125845248950291,median,edirne,20.251690497900604,0.0,10.125845248950302,0.3532224143567187,-0.7124196031317181,-1.1021352083735303,-0.6643236929847319,-1.2598249607947556,-1.420921524405825,-1.2312477796812997,-2.045979631532474,-2.3528647678133234,-2.3306960153753478,-2.3528647678133234,-1.799761045658411,-2.346620887656016,-2.7621424607333607,-2.346620887656016,True,True,27.6016589304179
Edirne,2024,8,0.2840188215323186,46.14653160875334,24,8,2024-08-01,0.229021614478841,0.4581346810583013,33.579157128574245,46.14653160875334,24.00439567876137,0.0,0.5,12.002197839380685,median,edirne,24.004395678761362,0.0,12.002197839380681,-1.305112411568588,-1.1661221703396327,-1.0378722731772934,-1.4282935786680315,-1.3947099003547367,-2.575707763576962,-2.3528647678133234,-2.506434645497495,-2.3528647678133234,-2.1960180458851393,-2.3528647678133234,-2.420332536513854,-2.346620887656016,-2.3077140113137395,-2.346620887656016,True,True,27.6016589304179
Edirne,2024,9,0.2655166160278603,36.732679629115125,22,8,2024-09-01,0.2193447657316066,0.3740988588743695,24.89643242742357,42.532933610188266,29.835624608429267,32.8877815444565,0.5,31.361703076442886,median,edirne,29.835624608429256,32.8877815444565,31.36170307644288,0.742691546016186,0.1491219035600221,-0.8126619540886396,-1.3640081624267633,-1.0405764686771717,0.28053428985178236,0.3179814578594512,-1.3933664641527408,-1.4335644069425781,-2.1690735380422645,-2.3528647678133234,-2.6429869298774697,-2.3528647678133234,-2.2969461557670723,-2.346620887656016,True,False,27.6016589304179
Edirne,2024,10,0.2795565529858057,27.101118351952696,22,7,2024-10-01,0.2152552748781966,0.3871591272349366,16.775228355909373,32.14921296752098,37.40537354228056,32.83530420445184,0.5,35.120338873366194,median,edirne,37.405373542280564,32.83530420445184,35.1203388733662,-1.7599175251483303,-0.8887503906853793,-1.1362766918665803,-1.5166075597801605,-1.0884460286448123,-1.3299775101931859,-1.2312477796812997,-1.6590650651369125,-1.5613982817308512,-2.6860863643111488,-2.3528647678133234,-2.322161302892078,-2.3528647678133234,-2.2203412155158126,-2.346620887656016,True,False,27.6016589304179
Kirklareli,2024,6,0.4206973572585086,42.33962556136952,22,7,2024-06-01,0.3012678806275926,0.528383243387792,29.05835330150456,45.33031971721313,52.58538003746407,18.379426797221395,0.5,35.48240341734273,median,kirklareli,52.58538003746408,18.379426797221395,35.48240341734274,-1.2802372469448993,-0.8692077658226279,-0.6417205892848679,0.2298776768765346,-0.1447066857741915,-2.635070922970289,-2.3528647678133234,-1.3191765563460938,-1.5613982817308512,-1.3116576369042874,-1.2312477796812997,-0.4263073801369792,-0.345971670217235,-1.105613291333309,-1.3162444282273533,True,False,27.6016589304179
Kirklareli,2024,7,0.3520314460433789,44.66207778112863,24,8,2024-07-01,0.2485369118494177,0.5420576872552342,29.544782826486998,48.64480564115659,35.2596963710223,20.85195341740147,0.5,28.055824894211888,median,kirklareli,35.2596963710223,20.851953417401475,28.055824894211888,-1.0028258034845865,-0.9681410985946522,-1.261819177081383,0.4603034670757124,-0.2673039642628133,-2.5067174376223673,-2.3528647678133234,-1.596561134996533,-1.5613982817308512,-1.985334081978432,-1.721484142216565,-0.40601158589824526,-0.3913554652074409,-1.2843120000831874,-1.5529586332276093,True,False,27.6016589304179
Kirklareli,2024,8,0.2943248693235075,45.96482627922851,24,8,2024-08-01,0.2398971291224648,0.4850300345873192,31.684933185315188,45.96482627922851,22.20335947874048,0.0,0.5,11.10167973937024,median,kirklareli,22.203359478740477,0.0,11.101679739370239,-0.6287927108978653,-2.1610308431753347,-1.0233103602962066,-0.6196770124373382,-0.2224265465969575,-1.2197404615474727,-1.2312477796812997,-2.3016011320992456,-2.3528647678133234,-1.872046935689042,-1.9439937268344964,-1.5262945976542264,-1.7135929008532067,-1.3080528905816298,-1.4246357618543768,True,True,27.6016589304179
Kirklareli,2024,9,0.2818964093327251,38.51593820286445,22,7,2024-09-01,0.2264392177848136,0.4263599730650386,25.16473562126994,41.53667351686312,27.73958685288988,18.45068881437524,0.5,23.09513783363256,median,kirklareli,27.7395868528899,18.450688814375237,23.09513783363257,0.9315308704217962,-0.0891616392619616,-0.8693292945352242,-0.7123740365074284,0.0976920555406257,0.7422076215388214,0.6992999406425686,-1.1803296566672796,-1.1467208607643733,-1.8292909039896306,-1.9439937268344964,-1.7051536035611503,-1.721484142216565,-0.9780601088754519,-1.0590423035404213,True,True,27.6016589304179
Kirklareli,2024,10,0.2983265606224223,28.29297765755612,22,8,2024-10-01,0.1889990885525008,0.4107584921015044,18.62167950061002,31.82191389321756,49.300038834999256,26.73389070755995,0.5,38.0169647712796,median,kirklareli,49.300038834999256,26.733890707559958,38.0169647712796,-1.6359005707819425,-0.5600180723699513,-1.032789246141499,-1.412325610636547,0.0886070392385661,-1.3243029242300115,-1.1467208607643733,-1.0176122608988927,-0.9320757000382391,-1.6522386036790202,-1.5613982817308512,-2.062766478233622,-1.9439937268344964,-0.9348471680497326,-1.1364912754190764,True,False,27.6016589304179
Luleburgaz,2024,6,0.4772381578450723,39.60320561302908,22,4,2024-06-01,0.3409911048494393,0.5448500175709519,20.665396881359143,43.24732335614259,66.83399375417903,16.13732002529894,0.5,41.48565688973899,median,luleburgaz,66.83399375417903,16.13732002529891,41.48565688973897,-0.3096646175272339,-0.5202581990414086,-0.8436104241735888,-0.2972089821281123,-0.7309447200263596,-1.5533828803091985,-1.3256266131669636,-1.1736696165918958,-1.0696790361613442,-1.7101749795668817,-1.3256266131669636,-1.2118734712896568,-1.1364912754190764,-2.1533656915201576,-2.346620887656016,True,False,27.6016589304179
Luleburgaz,2024,7,0.3605043934721242,45.11707238766981,24,4,2024-07-01,0.2861197837054355,0.525676930280443,29.38960752014221,46.93138124376206,31.050883194335533,10.342790214248984,0.5,20.69683670429226,median,luleburgaz,31.050883194335512,10.342790214248984,20.69683670429225,-1.3427784597958623,-0.8931283493578261,-1.5387329068221691,-0.1178502521826929,-0.7991699850882502,-2.6970007513470264,-2.3528647678133234,-1.7950427092204795,-1.9439937268344964,-2.450745417616496,-2.3528647678133234,-1.1441938983424353,-1.0590423035404213,-2.2523069642723548,-2.346620887656016,True,True,27.6016589304179
Luleburgaz,2024,8,0.2847743479317569,46.5380925195239,24,4,2024-08-01,0.1897432281143768,0.4336564687796705,30.05982308745959,48.39365705434462,38.96103366843669,10.120984722411489,0.5,24.54100919542409,median,luleburgaz,38.96103366843668,10.120984722411489,24.54100919542408,-1.5630785281233448,-1.3100093200656655,-1.2779515787364053,-1.1201539532407634,-0.8087305119184847,-1.6085047827388692,-1.721484142216565,-2.3420294091924454,-1.9439937268344964,-2.288804256300243,-2.3528647678133234,-2.13762265706041,-2.346620887656016,-2.1557345309839553,-2.346620887656016,True,True,27.6016589304179
Luleburgaz,2024,9,0.2557694586655182,40.0816760506723,22,4,2024-09-01,0.189633865438078,0.3446252064771623,24.782064321464777,44.39046628301203,42.67050841941082,21.974203919265918,0.5,32.32235616933837,median,luleburgaz,42.67050841941081,21.974203919265914,32.32235616933836,-0.481680603566854,-1.5944997506408591,-1.4702163798655985,-1.4046407932009028,-0.7276160607688816,-1.178478786865261,-1.4335644069425781,-2.1584640013760925,-1.9439937268344964,-2.2887773023238673,-2.3528647678133234,-2.407932940957357,-2.3528647678133234,-1.8199507330073947,-1.7135929008532067,True,False,27.6016589304179
Luleburgaz,2024,10,0.2422764434037447,29.91809738942918,22,4,2024-10-01,0.1841466817202477,0.3409058538431931,17.02123923135515,33.045756172758225,37.08220762859487,19.517959853429385,0.5,28.30008374101213,median,luleburgaz,37.082207628594865,19.517959853429385,28.300083741012124,-0.6965118336230853,-1.3744237454192998,-1.5746212815729832,-1.8641479873236573,-0.6607447475253263,-0.7036928534338426,-0.7535860816623509,-1.5381822416821853,-1.721484142216565,-2.1160708183134505,-2.3528647678133234,-2.5788365931279795,-2.3528647678133234,-1.5116827605127854,-1.4246357618543768,True,False,27.6016589304179
Tekirdag,2024,6,0.4440699128472261,39.69650458853084,22,9,2024-06-01,0.3548692843060378,0.5418339664599165,21.08275464126619,42.242382375833,47.70988162768244,12.03177021466763,0.5,29.870825921175037,median,tekirdag,47.70988162768244,12.03177021466763,29.870825921175037,-1.7471963210867418,-0.7381154255907053,-0.5723048380798592,0.4978363391664064,0.1216660425498362,-2.2075749403600398,-2.3528647678133234,-1.2007027969726072,-1.0696790361613442,-1.1660381907679835,-1.0696790361613442,-0.09059383558659566,-0.08489986218558754,-0.695256605819921,-0.5825199483025973,True,False,27.6016589304179
Tekirdag,2024,7,0.3724239252625286,43.35373200550258,24,8,2024-07-01,0.2996011031383021,0.5231666607488469,30.02835555617328,43.71619808000098,32.57336367128838,2.6480877016770283,0.5,17.610725686482702,median,tekirdag,32.57336367128838,2.6480877016770283,17.610725686482702,-1.6448536269514729,-2.5891416479682774,-1.0844476169166155,0.7412633632306407,0.0150695240571093,-2.6294442320613287,-2.3528647678133234,-2.385529743789892,-2.3528647678133234,-1.7920466823212864,-1.9439937268344964,-0.05325042621068144,-0.12754191328099132,-0.954149018855185,-0.85768031591492,True,True,27.6016589304179
Tekirdag,2024,8,0.2959696255833643,44.70351391932985,24,8,2024-08-01,0.2145976806432795,0.4339782774087779,33.14273610933887,46.82328926867245,37.09167817929926,15.49480729802491,0.5,26.293242738662084,median,tekirdag,37.09167817929923,15.49480729802491,26.29324273866207,-1.2815515655446004,-3.05349464545779,-0.9147891537225878,-0.5399211226384878,0.0173810356942128,-1.3126010611551,-1.2312477796812997,-2.2999678893678457,-2.3528647678133234,-1.7087457904075078,-1.5613982817308512,-1.4025966480771905,-1.3162444282273533,-0.8979034633112571,-0.85768031591492,True,True,27.6016589304179
Tekirdag,2024,9,0.2515058346700367,40.8233766363997,22,6,2024-09-01,0.1910186171295055,0.3434703364482764,26.40771318071996,42.414170237086566,39.676310513792686,9.938449183881849,0.5,24.807379848837268,median,tekirdag,39.676310513792664,9.938449183881847,24.807379848837257,0.0728392848914582,-1.00672634342719,-1.340657066448978,-1.0277690776527173,0.1020634952142046,-0.23124185786503168,-0.23136326473860486,-2.118373459846379,-1.9439937268344964,-2.0199531183461277,-1.721484142216565,-1.8365476977274144,-1.9439937268344964,-0.8425586729848812,-0.85768031591492,True,True,27.6016589304179
Tekirdag,2024,10,0.2403363487766869,26.710785507994583,22,9,2024-10-01,0.2011434514005603,0.3288378133341623,13.799725248551244,32.81187913608851,30.6927391175704,32.090491504454306,0.5,31.39161531101235,median,tekirdag,30.6927391175704,32.090491504454306,31.39161531101235,-1.8841100074775727,-1.483178790055344,-2.479240197325329,-1.6140122113900972,0.0438570006314552,-1.3523146687241436,-1.1467208607643733,-1.7147243257312177,-1.9439937268344964,-2.638780235767358,-2.3528647678133234,-2.0125539160964148,-1.9439937268344964,-0.753241763577701,-0.6862467686859733,True,False,27.6016589304179
Uzunkopru,2024,6,0.4496344117198079,40.94893503769101,22,11,2024-06-01,0.3278017154225964,0.5030639610561858,25.3569063809869,43.49734916614595,69.51451286999941,14.048246554046832,0.5,41.78137971202312,median,uzunkopru,69.51451286999942,14.048246554046832,41.781379712023124,-1.570694733444349,-0.6788849736961661,-1.2909959273070308,-2.039516596787497,-2.3068650738424514,-2.554165014177856,-2.3528647678133234,-1.2330601061055373,-1.4335644069425781,-1.7906862662397407,-1.9439937268344964,-2.3993018753012887,-2.346620887656016,-2.7232232513582777,-2.346620887656016,True,False,27.6016589304179
Uzunkopru,2024,7,0.3684557786727763,44.473345853874925,24,12,2024-07-01,0.3090066548344354,0.4983037733049914,30.206773300306416,45.06194855960739,31.405192175488832,3.9622737225125135,0.5,17.68373294900067,median,uzunkopru,31.405192175488832,3.9622737225125135,17.68373294900067,-0.9873411013780536,-1.4539335621257587,-1.518382465147624,-1.8351516986790988,-2.432575624781125,-2.209093120566165,-1.9439937268344964,-2.316957623401804,-2.3528647678133234,-2.1942042290498143,-2.3528647678133234,-2.090887533450786,-2.346620887656016,-2.4814109620512035,-2.346620887656016,True,True,27.6016589304179
Uzunkopru,2024,8,0.3118463389404573,46.303434212563246,24,12,2024-08-01,0.2544562098730799,0.5451981560310377,32.8374973512725,46.303434212563246,19.739198222260587,0.0,0.5,9.869599111130293,median,uzunkopru,19.739198222260587,0.0,9.869599111130293,-0.2759097821351613,-1.639031297692838,-1.33604584183308,-1.485446587326975,-2.3209622865811075,-1.242545112078194,-1.4335644069425781,-2.436710505276602,-2.3528647678133234,-2.027533028519297,-2.3528647678133234,-1.9851174623823666,-1.9367654674157944,-2.307134489185765,-2.346620887656016,True,True,27.6016589304179
Uzunkopru,2024,9,0.2868227895043279,36.43148520410712,22,12,2024-09-01,0.2300308150158601,0.4287520313380586,27.778661706012603,41.08830349723985,28.57871722986419,34.988306719134755,0.5,31.783511974499472,median,uzunkopru,28.578717229864164,34.988306719134755,31.78351197449946,0.2598693303574364,-0.5219256490640393,-1.1073118233378747,-1.4579021134573202,-2.1249484834939887,-0.15652785602979732,-0.06258145102371986,-1.6103763460110396,-1.5613982817308512,-1.8540300093957465,-2.3528647678133234,-2.202516996057562,-2.3528647678133234,-2.689775636890745,-2.346620887656016,True,False,27.6016589304179
Uzunkopru,2024,10,0.2660772421164808,26.68808078310253,22,12,2024-10-01,0.2078011083839048,0.3833590486590971,17.404481016505297,30.74795713019401,33.194815136943674,30.425927340826554,0.5,31.810371238885114,median,uzunkopru,33.19481513694364,30.425927340826583,31.81037123888511,-1.7147483778644994,-1.1245583413976488,-1.8558387831591887,-1.9076542130657963,-2.087350544148136,-1.2910016488673952,-1.2312477796812997,-1.4401765933402084,-1.4335644069425781,-2.596851077533093,-2.3528647678133234,-2.1112745490526272,-2.3528647678133234,-2.5309073672356894,-2.346620887656016,True,False,27.6016589304179
