station,scale,month,balance,distribution,n,aicc,ks_stat,ks_p,parameters
Edirne,1,1,D,pearson3,60,617.4764079337385,0.0853701460725822,0.7419977647374774,"[1.67755290843884, 59.359247441056425, 51.95982491387322]"
Edirne,1,2,D,pearson3,60,600.4514315542067,0.04537362156644531,0.9991703809122101,"[1.4144517291381828, 42.826294479860195, 41.248706721419055]"
Edirne,1,3,D,pearson3,60,599.0313312834397,0.06505711235583572,0.9469628402932145,"[1.022886009344723, 29.562815977451145, 37.05735422266261]"
Edirne,1,4,D,normal,60,580.0844137641114,0.0903261381764851,0.6779380762163836,"[-2.2476757024867786, 29.371080355791943]"
Edirne,1,5,D,pearson3,60,609.4774807266278,0.0540892772596725,0.990770828680495,"[0.5506089386087345, -42.8941471952803, 37.796490764232345]"
Edirne,1,6,D,gev,60,613.105501405282,0.07286362226434107,0.8845612155659268,"[0.13927189616436342, -105.54271469924774, 34.373648212540616]"
Edirne,1,7,D,gev,60,595.89820597452,0.0927516597876884,0.6461618465417416,"[0.14337200149396434, -137.67478624263714, 30.33248846130752]"
Edirne,1,8,D,pearson3,60,582.7406244374798,0.05323237046014756,0.9923315555806479,"[0.9169626228374103, -116.82978873167353, 31.73748359543925]"
Edirne,1,9,D,pearson3,60,605.0198193912483,0.07492457067814984,0.8640655418693275,"[1.263424413184841, -57.190354480352596, 41.10295778310484]"
Edirne,1,10,D,pearson3,60,621.7063773949392,0.06503904577007152,0.9470767855030849,"[1.208213106412674, 2.317396305074655, 46.5951503309433]"
Edirne,1,11,D,pearson3,60,612.3725071287544,0.06872128477621153,0.9208717177041619,"[1.5542755554152476, 44.003381476102575, 47.63159929766988]"
Edirne,1,12,D,pearson3,60,622.9597898373928,0.08628739755129988,0.7303005867132693,"[1.0635888884458278, 61.557944875301885, 45.60176912289694]"
Edirne,3,1,D,genlogistic,59,671.9083340469749,0.08489869703460007,0.7566611179931354,"[7.440281102035762, 28.876546953117558, 54.09328616476715]"
Edirne,3,2,D,pearson3,59,690.0287993223121,0.06832018640984339,0.9282270934415022,"[1.1225102006797398, 162.38178290851252, 88.92065622040552]"
Edirne,3,3,D,normal,60,698.8327790696236,0.09415709022451635,0.6277523433982588,"[131.74838041796474, 79.01045928719992]"
Edirne,3,4,D,pearson3,60,667.2013092568434,0.08021267517238673,0.8053944861206261,"[0.9661826726063223, 70.1413945486247, 64.71194414156732]"
Edirne,3,5,D,normal,60,661.9578178768148,0.053823186812024276,0.9912783791765433,"[-15.57905304172535, 58.107160255975785]"
Edirne,3,6,D,normal,60,657.344241733741,0.0966280454296572,0.5955376623972588,"[-134.26258129640428, 55.91554506942605]"
Edirne,3,7,D,normal,60,671.8970551491996,0.10923909250674069,0.44005172589873864,"[-255.85235645028823, 63.12493600042844]"
Edirne,3,8,D,logistic,60,679.2467577505881,0.06727193320458735,0.9318956446422687,"[-327.62166451082345, 37.601458677031374]"
Edirne,3,9,D,normal,60,682.9787667535636,0.1265007225300923,0.26882017535449887,"[-297.8576644004078, 69.23201986688095]"
Edirne,3,10,D,genlogistic,60,687.6750724938495,0.10001092100497888,0.5520573333992591,"[5.579376814409596, -293.66544256908935, 55.361813287484]"
Edirne,3,11,D,pearson3,60,691.091039166151,0.07195182274552314,0.8931360859909995,"[0.6962511469512722, -10.869661786215168, 75.80929668278225]"
Edirne,3,12,D,pearson3,60,691.6556114075225,0.09095479213526114,0.669711056726622,"[0.70360861112254, 107.87874529216587, 76.23625950725761]"
Edirne,6,1,D,genlogistic,59,715.9120673935589,0.07274884244316032,0.891209910990183,"[4.242116084215965, -147.61819125066324, 75.12679549624707]"
Edirne,6,2,D,genlogistic,59,728.213067051261,0.045722601943488095,0.99917528036619,"[3.601076945069263, 12.268613120373267, 82.10023540626588]"
Edirne,6,3,D,pearson3,59,730.8854707654233,0.04482700287232988,0.9994064294568732,"[0.6925295901060311, 239.42043900533037, 116.93775561082921]"
Edirne,6,4,D,normal,59,715.0970607789819,0.09817895093891893,0.5858188435072637,"[233.93240789725812, 100.0321629677416]"
Edirne,6,5,D,normal,59,706.7702523682941,0.09983940731579166,0.5646322969739876,"[146.00244857232926, 93.21657889224964]"
Edirne,6,6,D,normal,60,704.6922482136176,0.08774882841876175,0.7114869252822407,"[-2.5142008784394836, 82.96419666727418]"
Edirne,6,7,D,normal,60,709.6232559609663,0.07097601630348044,0.9019584602862939,"[-185.71093259135762, 86.44435226558065]"
Edirne,6,8,D,logistic,60,711.8627870103579,0.09075452497134412,0.6723330312187858,"[-349.0548304442932, 49.32539448891468]"
Edirne,6,9,D,logistic,60,710.1149314345361,0.06964676300144906,0.9133631887035343,"[-437.18062683236155, 48.47090063616507]"
Edirne,6,10,D,gev,60,735.851280136937,0.06539392127623656,0.944811957341609,"[0.12940065934107156, -472.3376438162194, 97.2265011655224]"
Edirne,6,11,D,logistic,60,739.517617214906,0.0706916338495539,0.90445871714656,"[-340.1651142970633, 62.04467314597631]"
Edirne,6,12,D,logistic,60,735.0223367650731,0.07769267081479236,0.8343363422125336,"[-196.08365282285155, 59.48340961021172]"
Edirne,9,1,D,genlogistic,59,739.868222526403,0.07598843756421775,0.8594197432621824,"[3.0399659176099605, -392.42012214798865, 88.43195500335875]"
Edirne,9,2,D,normal,59,751.2205341610317,0.06834083791449086,0.9280732472373221,"[-173.72553857260343, 135.85972156159653]"
Edirne,9,3,D,gev,59,755.2269464675459,0.12131764034954406,0.32373612718560707,"[0.08275862460873348, -118.77888569060343, 123.21142668487391]"
Edirne,9,4,D,pearson3,59,744.9915861734979,0.05788988228890679,0.9824586731170004,"[0.8780652402641654, 63.98822488462402, 135.2895262881932]"
Edirne,9,5,D,pearson3,59,738.3689542057574,0.05830879572361536,0.9811465873425272,"[0.6417992269530641, 136.47357701036836, 123.8536368298559]"
Edirne,9,6,D,normal,59,733.1421842645642,0.06336985895861258,0.959761203496919,"[105.26890502794697, 116.56120959233274]"
Edirne,9,7,D,normal,59,733.3856629605771,0.07626140706876983,0.8565791430358554,"[-21.364559597002426, 116.80196782104048]"
Edirne,9,8,D,gev,59,733.6728396481727,0.12457385978197888,0.2941272161454953,"[0.39727376021406724, -217.86664413928435, 121.54942895021756]"
Edirne,9,9,D,normal,60,741.3803097694134,0.07104080503231858,0.9013843229804733,"[-300.3718652788475, 112.63392922419443]"
Edirne,9,10,D,logistic,60,746.9577226104442,0.06242290422049862,0.9620428419016925,"[-361.94801375581267, 65.59994749899869]"
Edirne,9,11,D,logistic,60,754.7656874595567,0.06000427013131926,0.9732126214362631,"[-360.4112305245249, 70.0143040187274]"
Edirne,9,12,D,genlogistic,60,747.4141577788436,0.057026570414418,0.9836526807326006,"[2.7603213139440763, -441.42807689388235, 83.56805988547772]"
Edirne,12,1,D,genlogistic,59,747.6340446228211,0.07732101495318344,0.8453334690330773,"[2.4247336269497755, -300.08434477620966, 90.70094780160116]"
Edirne,12,2,D,logistic,59,757.7989386673332,0.08008334979937909,0.8145170907762429,"[-197.64765790312256, 79.4455608211836]"
Edirne,12,3,D,genlogistic,59,757.6142091715166,0.05610260681809831,0.9873467493973462,"[7.417249738993263, -471.6806431253716, 112.4392464613542]"
Edirne,12,4,D,pearson3,59,758.0251330135599,0.07917975411584985,0.8248200885575051,"[0.7302145759127767, -189.67511563046446, 147.87935122517302]"
Edirne,12,5,D,normal,59,758.5461941144404,0.0797495026260735,0.8183473629325161,"[-190.1048682655472, 144.56146180361716]"
Edirne,12,6,D,genlogistic,59,753.6226733513588,0.06917929674289713,0.9216741489137811,"[2.4498857258742506, -311.1273886925855, 94.6159591987142]"
Edirne,12,7,D,genlogistic,59,759.2223668367818,0.05228816183471885,0.9943996113214296,"[2.451427511494583, -317.8009744109353, 100.69511935803105]"
Edirne,12,8,D,logistic,59,759.7311432943326,0.07186713655087096,0.8992036507372083,"[-197.88383807237452, 81.98017023887584]"
Edirne,12,9,D,normal,59,758.1213503894347,0.08365057933693787,0.7720671305417273,"[-191.95667078568303, 144.04192280142414]"
Edirne,12,10,D,normal,59,756.3093507458324,0.07069632414464605,0.9093508484329533,"[-192.0939375702113, 141.84692151012527]"
Edirne,12,11,D,normal,59,763.8194565332284,0.05394126967069934,0.9918528342686622,"[-192.9368039069875, 151.16824515738963]"
Edirne,12,12,D,logistic,60,768.2791394360702,0.07008560939404263,0.9096777906449615,"[-198.67458787399715, 78.85091033556277]"
Kırklareli,1,1,D,pearson3,60,618.9463735080915,0.0870402652744604,0.7206328960403262,"[1.6176848355303965, 58.89693861975745, 51.44480234370745]"
Kırklareli,1,2,D,pearson3,60,590.1952243775239,0.05772386114622474,0.9815176555498787,"[1.4526018897912256, 41.912634208920046, 38.309858474677846]"
Kırklareli,1,3,D,gev,60,579.5840908288145,0.07264694058418558,0.886627298486785,"[-0.12205510596413259, 9.246166964632042, 22.84191603366]"
Kırklareli,1,4,D,normal,60,571.6938055557838,0.07125294799464443,0.8994927102460305,"[-3.096935176542927, 27.387557209088087]"
Kırklareli,1,5,D,gev,60,594.8158421989596,0.07964477917997101,0.8120551685611673,"[0.039720589502565136, -56.14623797344152, 28.442391997694116]"
Kırklareli,1,6,D,pearson3,60,616.9989836850671,0.055077916011615935,0.9886947928164411,"[1.0694364015437459, -74.70901803813629, 43.44371694201685]"
Kırklareli,1,7,D,pearson3,60,578.18791647655,0.0493691498000528,0.9970637318927936,"[0.8396680890445394, -122.62382109792897, 30.17811875500127]"
Kırklareli,1,8,D,genlogistic,60,570.9481159874174,0.07324927032060291,0.8808411342180257,"[5.750499913527033, -161.20138581378094, 20.86758907315584]"
Kırklareli,1,9,D,gev,60,585.9536601204202,0.06423641215087866,0.9519920615203014,"[-0.14125114493527424, -75.31591280768885, 23.757145194633466]"
Kırklareli,1,10,D,pearson3,60,612.2605018466581,0.0656008156833274,0.9434656571902941,"[1.1023863322884448, 1.0621660151244106, 42.049850154517344]"
Kırklareli,1,11,D,pearson3,60,611.9090345490625,0.09492123847129602,0.61776267881082,"[1.3266560713565685, 43.79383623847558, 44.26197511380708]"
Kırklareli,1,12,D,pearson3,60,626.590619135866,0.10104646342823398,0.5389515454076065,"[1.346418234048401, 59.8305068753568, 50.29469604974447]"
Kırklareli,3,1,D,genlogistic,59,678.6867247339,0.07033816576352092,0.912345455208391,"[4.057477529652736, 62.31758582549824, 54.9831593647378]"
Kırklareli,3,2,D,pearson3,59,689.0698653227906,0.08549996329532783,0.749157147869078,"[0.9366051159283867, 160.00711521315247, 85.05499468004703]"
Kırklareli,3,3,D,normal,60,688.4658631559214,0.08817358987972918,0.705985080703617,"[126.30519549292242, 72.47120233620822]"
Kırklareli,3,4,D,normal,60,657.8648618479709,0.10642121796755522,0.4729909446027851,"[64.31129107019301, 56.15866171449437]"
Kırklareli,3,5,D,normal,60,650.3630362664974,0.05690427098082251,0.984008547748749,"[-18.377481034951952, 52.755377821610956]"
Kırklareli,3,6,D,logistic,60,653.3486068624001,0.0793066041235509,0.8159849452573246,"[-120.95415885257466, 30.364875576138967]"
Kırklareli,3,7,D,normal,60,665.327425720389,0.09574171097904188,0.6070612589671728,"[-238.1089360312393, 59.76193751091139]"
Kırklareli,3,8,D,logistic,60,667.4192589494985,0.07059401219432426,0.9053095024209138,"[-312.76483621574783, 33.95365635446242]"
Kırklareli,3,9,D,pearson3,60,662.6420027824836,0.06287314652354364,0.9596833678888904,"[0.8639530926594104, -294.79788883979677, 61.232072572314365]"
Kırklareli,3,10,D,genlogistic,60,668.7003526105123,0.068324909696584,0.9239765511313597,"[6.696538433707601, -285.3866812675811, 47.34267413144754]"
Kırklareli,3,11,D,gev,60,679.7379571458188,0.09013043363435369,0.6804967957536774,"[0.13950854929292708, -40.77069646845952, 61.02459541965628]"
Kırklareli,3,12,D,pearson3,60,696.6803563058162,0.0617242162308852,0.9655283416244196,"[0.9257505373147971, 104.68647921545639, 82.14555495873121]"
Kırklareli,6,1,D,gev,59,713.0992169968084,0.09478117315843743,0.6296924893867586,"[0.1208541485478397, -45.22159534571627, 86.07094366609402]"
Kırklareli,6,2,D,genlogistic,59,724.1757299607204,0.0681924348239985,0.9291747477001087,"[2.4231715986854665, 55.57912982771941, 74.41508423010976]"
Kırklareli,6,3,D,logistic,59,723.8151310709255,0.056263066390402405,0.98695311022116,"[229.087788165086, 60.288527320918746]"
Kırklareli,6,4,D,normal,59,711.1246212719583,0.05462415994529579,0.990582821900553,"[226.69645147671915, 96.72065925179106]"
Kırklareli,6,5,D,normal,59,708.8391651680323,0.08046552475043534,0.8100994690662007,"[141.03372774752899, 94.86537205988955]"
Kırklareli,6,6,D,logistic,60,704.4574746099065,0.10783613668987324,0.45629624220660736,"[7.587407578246272, 45.86590752348059]"
Kırklareli,6,7,D,logistic,60,695.0983579948969,0.09719820593704892,0.5881490208442035,"[-172.76361797803472, 42.941469244245155]"
Kırklareli,6,8,D,normal,60,699.3153483886697,0.05968728211648888,0.9744927588870513,"[-330.13654874331394, 79.32883254246444]"
Kırklareli,6,9,D,normal,60,693.3121902347764,0.05861314768431164,0.978525439663433,"[-413.3799531203613, 75.45793380148754]"
Kırklareli,6,10,D,normal,60,720.2113908660266,0.06272979879281448,0.960444262462455,"[-409.220846605483, 94.41834038755717]"
Kırklareli,6,11,D,normal,60,725.1936587027644,0.08704258963490252,0.7206029646688512,"[-324.65093785237747, 98.42100401204301]"
Kırklareli,6,12,D,pearson3,60,727.499503061942,0.0703543261027001,0.9073820420530516,"[0.7384074876652198, -190.11143114623002, 103.23380430456464]"
Kırklareli,9,1,D,logistic,59,738.4062605222415,0.07566768996852635,0.86272701233816,"[-250.07489366074978, 68.15807806368619]"
Kırklareli,9,2,D,normal,59,742.3291671333773,0.07782913860136947,0.8398217563706989,"[-160.88953717698718, 125.99879284106999]"
Kırklareli,9,3,D,normal,59,744.8183703702955,0.10021611642165135,0.5598568919846978,"[-61.35330305503622, 128.68496284502513]"
Kırklareli,9,4,D,normal,59,740.8469970016263,0.06336872180431319,0.959767217660662,"[56.61145683640137, 124.42604986601565]"
Kırklareli,9,5,D,normal,59,736.8556821493552,0.09814368728513923,0.586270994859911,"[129.272884673887, 120.28775857393822]"
Kırklareli,9,6,D,logistic,59,736.3751680235255,0.06757214074521506,0.9336765453789013,"[110.1604949912329, 67.27177549257514]"
Kırklareli,9,7,D,logistic,59,723.0993193170137,0.04973298045059599,0.9970916911979516,"[-13.285261228998865, 59.58656665898244]"
Kırklareli,9,8,D,normal,59,724.8684766382835,0.09287524164999927,0.6544587826795443,"[-169.590402043344, 108.66832713126311]"
Kırklareli,9,9,D,logistic,60,725.8893604471563,0.07471893495831994,0.8661768705690613,"[-288.68157464628996, 54.83813294600054]"
Kırklareli,9,10,D,logistic,60,726.3836815144851,0.09103315699377623,0.6686848278064988,"[-347.76117547297406, 55.34919293914162]"
Kırklareli,9,11,D,normal,60,746.4487350543578,0.04930959623254694,0.9971120699676849,"[-343.0284188873293, 117.4931310762702]"
Kırklareli,9,12,D,pearson3,60,748.7469586135144,0.05727660873467377,0.9829079781963629,"[0.6316698495070088, -308.69346053691174, 121.64875365677176]"
Kırklareli,12,1,D,logistic,59,745.7206405039851,0.07396855392130969,0.8796733168022907,"[-184.42787469955093, 72.40164809979989]"
Kırklareli,12,2,D,logistic,59,755.7203454963131,0.06165217317087365,0.968210890388483,"[-184.9398805841177, 79.00063819386055]"
Kırklareli,12,3,D,normal,59,755.4509317038951,0.07361214276790595,0.8831004601338995,"[-178.72635338027445, 140.81876668322093]"
Kırklareli,12,4,D,normal,59,754.2688561659529,0.09104217972059087,0.6782677226646675,"[-179.88029975785494, 139.41514430648104]"
Kırklareli,12,5,D,normal,59,751.4139163506652,0.05291100962261136,0.9935230860067957,"[-179.86290237934134, 136.0825553802355]"
Kırklareli,12,6,D,normal,59,752.4749204011964,0.10978342822326315,0.44410589431643765,"[-180.09040276326635, 137.3116673437947]"
Kırklareli,12,7,D,normal,59,753.8485712012308,0.06556985510133911,0.9470690009550813,"[-180.76995837616116, 138.91946748939276]"
Kırklareli,12,8,D,logistic,59,748.9954804211728,0.0915351489630718,0.6718712408203082,"[-179.6242704866009, 74.70187662281276]"
Kırklareli,12,9,D,logistic,59,745.3075352017639,0.051904508840903696,0.9948929251887324,"[-180.40065257249537, 71.89243513350326]"
Kırklareli,12,10,D,logistic,59,737.90825345246,0.07325977413351736,0.8864435818570758,"[-179.21265439898153, 67.4820073156319]"
Kırklareli,12,11,D,normal,59,753.3850572390259,0.051041005662982974,0.9958819896758451,"[-180.94721109524684, 138.37485044390033]"
Kırklareli,12,12,D,genlogistic,60,771.844124988553,0.08959464392605293,0.6874945714608349,"[2.98823700213718, -337.65489386820764, 103.75604698244027]"
Lüleburgaz,1,1,D,pearson3,60,614.5565407059668,0.08857618358079844,0.7007587022002538,"[1.647342358139419, 59.56310799642867, 50.13802367451446]"
Lüleburgaz,1,2,D,pearson3,60,590.279045892673,0.05599470598133727,0.9864864854741243,"[1.041540061616792, 41.769599665794686, 34.57679469049836]"
Lüleburgaz,1,3,D,genlogistic,60,580.2258022411189,0.06427704449364924,0.9517501356315241,"[10.117144312287012, -34.58075328516105, 23.43879890927313]"
Lüleburgaz,1,4,D,normal,60,588.501994928068,0.08644873901075245,0.7282335171327885,"[-0.6478434775068688, 31.505339473569087]"
Lüleburgaz,1,5,D,normal,60,584.7114833579648,0.06879017888794553,0.9203252279389985,"[-42.776726843553334, 30.52571496950235]"
Lüleburgaz,1,6,D,gev,60,598.0991678799911,0.06343067657621826,0.9566376045034164,"[0.1471806802777269, -94.68258759551256, 31.124921513346237]"
Lüleburgaz,1,7,D,pearson3,60,584.3432041538093,0.050195027941347004,0.9963261078526416,"[0.49762708277506607, -116.00156509263297, 30.507548709832662]"
Lüleburgaz,1,8,D,normal,60,557.6575095123538,0.0806122398445514,0.8006637108044378,"[-118.16659697273711, 24.364317394960185]"
Lüleburgaz,1,9,D,genlogistic,60,588.4704406553097,0.10413023880271338,0.5006443287197748,"[7.881234854544311, -120.92575720119234, 24.35597843678388]"
Lüleburgaz,1,10,D,pearson3,60,630.5274623940672,0.07556581453933031,0.857391705042759,"[1.0126682909063516, 4.492907874319603, 48.08488465117716]"
Lüleburgaz,1,11,D,pearson3,60,620.447130136889,0.09162837472488283,0.6608865697156459,"[1.5923244403175574, 45.608641301234556, 51.623028777625194]"
Lüleburgaz,1,12,D,pearson3,60,629.497402568293,0.07882445167606511,0.8215387093285644,"[1.6016751204458446, 64.69102532248466, 55.85159192064848]"
Lüleburgaz,3,1,D,genlogistic,59,688.567204028769,0.09354886742944735,0.6457015188849706,"[4.30185753753112, 56.29081308029927, 59.63649659173713]"
Lüleburgaz,3,2,D,pearson3,59,684.0685647488582,0.08618125125819343,0.74059703632063,"[0.7550131467126583, 164.85217659609597, 79.27571461820776]"
Lüleburgaz,3,3,D,pearson3,60,690.4820321851414,0.07629148321428136,0.8496797523987357,"[0.9336167476214599, 133.38008483942565, 78.1160547591073]"
Lüleburgaz,3,4,D,pearson3,60,652.0756831339697,0.052089970670156305,0.9940964375142636,"[0.7996793998985421, 73.16909247859921, 55.5294739589698]"
Lüleburgaz,3,5,D,normal,60,647.9475800049885,0.08727353524188691,0.7176266124290185,"[-11.37725282960333, 51.70409132199785]"
Lüleburgaz,3,6,D,normal,60,656.8193559042762,0.08607108407334563,0.7330676346894904,"[-124.16637908348191, 55.671501876461136]"
Lüleburgaz,3,7,D,logistic,60,660.4473260139083,0.08467873041370028,0.7507473905959642,"[-240.80223537519672, 32.19990190420395]"
Lüleburgaz,3,8,D,logistic,60,666.8780580150628,0.0526186132778893,0.993322543540034,"[-313.3295754408182, 33.64452690256163]"
Lüleburgaz,3,9,D,normal,60,675.5112656161979,0.06360932017480153,0.9556325310254825,"[-291.8859840490875, 65.05507990992186]"
Lüleburgaz,3,10,D,logistic,60,685.9026824787187,0.059182723994981146,0.9764451748047854,"[-175.02331117637593, 39.191520902085315]"
Lüleburgaz,3,11,D,normal,60,686.9173486170179,0.06625646705943256,0.9390734831383145,"[-7.616249350557293, 71.54202118674411]"
Lüleburgaz,3,12,D,pearson3,60,712.1765726653656,0.07790750995043516,0.8319337581350912,"[0.6554428463837242, 114.79262381212261, 89.93340518735694]"
Lüleburgaz,6,1,D,normal,59,722.2074356075004,0.06667926904886257,0.9398645790955581,"[1.213314227148715, 106.24515191782386]"
Lüleburgaz,6,2,D,normal,59,729.8160878062005,0.07749123560740245,0.8434954178868062,"[158.883629478827, 113.32154186181809]"
Lüleburgaz,6,3,D,normal,59,734.6418236876888,0.1107178415142428,0.4334980870697518,"[248.0775820660946, 118.05201682997992]"
Lüleburgaz,6,4,D,pearson3,59,713.2752175716539,0.0719061007855179,0.8988566907423404,"[0.7549259923552103, 241.30245441707663, 101.53810502291554]"
Lüleburgaz,6,5,D,pearson3,59,688.9859191655861,0.07450760615862417,0.8744043407760455,"[1.0123248914723235, 152.10726434844855, 86.17644303397876]"
Lüleburgaz,6,6,D,pearson3,60,696.5744134183574,0.08703796221366394,0.7206625526467527,"[0.7055412574683455, 9.213637348224136, 79.44534458245559]"
Lüleburgaz,6,7,D,normal,60,694.0924709181651,0.06739814462983462,0.9309718695148776,"[-166.35108072765095, 75.95018552886194]"
Lüleburgaz,6,8,D,normal,60,701.3497527653274,0.07337332919140283,0.8796328763696668,"[-326.28725381615703, 80.68518849233453]"
Lüleburgaz,6,9,D,logistic,60,703.7700272915699,0.08078049218748551,0.7986610351832208,"[-414.8043322062336, 46.05717918353083]"
Lüleburgaz,6,10,D,logistic,60,722.8946698470884,0.07366267421542022,0.8767932577927453,"[-411.08099981272613, 53.55958474873164]"
Lüleburgaz,6,11,D,pearson3,60,730.8788137364352,0.06529552973188779,0.9454455197012501,"[-0.49196629895234023, -322.5262123434974, 103.40190600337414]"
Lüleburgaz,6,12,D,normal,60,742.8888834424871,0.06261780727270365,0.9610324151228226,"[-177.0933949566663, 114.05883854693411]"
Lüleburgaz,9,1,D,normal,59,739.3858039533095,0.08401710269643753,0.7675684839531564,"[-236.49592183527116, 122.89478349041374]"
Lüleburgaz,9,2,D,normal,59,747.9953027610336,0.06226491319058958,0.9653416126229568,"[-153.40867573628418, 132.19662859940593]"
Lüleburgaz,9,3,D,normal,59,754.2215825958864,0.07786926237014025,0.8393833542426157,"[-41.42841811702337, 139.35930251339497]"
Lüleburgaz,9,4,D,normal,59,748.221161697796,0.06891044193862939,0.9237584203010533,"[71.77704107825456, 132.4499030316234]"
Lüleburgaz,9,5,D,pearson3,59,737.7839186600406,0.07336567989858794,0.8854435546085094,"[0.5589273771899766, 146.1387075669685, 122.17674814229784]"
Lüleburgaz,9,6,D,pearson3,59,733.3915836841119,0.06877981843333816,0.9247600668964266,"[1.078048531860159, 122.67082564898828, 127.20361389584332]"
Lüleburgaz,9,7,D,pearson3,59,727.1495288502667,0.09521213581576848,0.6241012189983907,"[0.7269442851880958, 1.8798639827738524, 113.7854921323216]"
Lüleburgaz,9,8,D,normal,59,723.1286927479263,0.06088384743560804,0.9715852316264798,"[-162.47030919478215, 107.07788230026688]"
Lüleburgaz,9,9,D,normal,60,734.7094403829716,0.07043129299157758,0.9067190584059635,"[-282.6723292714626, 106.54340037066085]"
Lüleburgaz,9,10,D,normal,60,743.7402400994397,0.06204236677238134,0.9639676291672046,"[-337.7425506647489, 114.87092212282904]"
Lüleburgaz,9,11,D,normal,60,748.9431817346463,0.07214470303558296,0.8913484449309833,"[-333.9035031667145, 119.96102863001958]"
Lüleburgaz,9,12,D,normal,60,756.8013765233659,0.04856470026689541,0.9976657406252666,"[-301.25977404014844, 128.07959225839662]"
Lüleburgaz,12,1,D,logistic,59,752.6660943529961,0.08256904153462885,0.7852060030650105,"[-160.36547960034227, 77.38745836939187]"
Lüleburgaz,12,2,D,logistic,59,755.2542008037007,0.05365021198583553,0.992353780619026,"[-160.55373793201315, 78.76313469418506]"
Lüleburgaz,12,3,D,normal,59,761.3907086190217,0.07097529581721529,0.9069824653805907,"[-164.48734041639617, 148.08861038863583]"
Lüleburgaz,12,4,D,normal,59,759.0773565845742,0.08558230163241376,0.7481257327817341,"[-165.9321949841652, 145.21365420407244]"
Lüleburgaz,12,5,D,normal,59,754.1037264013826,0.07806503080371818,0.8372377924586352,"[-166.15354437068535, 139.2201825335432]"
Lüleburgaz,12,6,D,normal,59,754.05188634815,0.09741510475040549,0.5956308607815762,"[-166.83521666792825, 139.15903341006313]"
Lüleburgaz,12,7,D,normal,59,758.1417709796034,0.10237813546408525,0.5327121783572228,"[-167.64553224908803, 144.06685225568165]"
Lüleburgaz,12,8,D,normal,59,758.8217414290252,0.08700370470712593,0.7301902821700563,"[-168.43882035322946, 144.8994284762875]"
Lüleburgaz,12,9,D,normal,59,764.7115026502473,0.0788343229326226,0.8287037570742904,"[-169.03009065300228, 152.31536416581804]"
Lüleburgaz,12,10,D,gev,59,756.1464813080181,0.046640417407368906,0.998867068089323,"[0.4574321514476587, -207.15665830189033, 153.5728559660526]"
Lüleburgaz,12,11,D,gev,59,755.836403917321,0.06757956148105049,0.93362366831063,"[0.4546130705208469, -209.33076947842233, 152.59464480146488]"
Lüleburgaz,12,12,D,gev,60,776.9629987520175,0.05967474755845323,0.9745425252672498,"[0.42031501860527987, -211.27042311447366, 160.38594640400663]"
Tekirdağ,1,1,D,pearson3,60,614.9683282752654,0.07278416546269972,0.8853208715858518,"[1.6462258108476293, 53.830417916777975, 50.28955090726592]"
Tekirdağ,1,2,D,pearson3,60,592.365447655715,0.07579645173891014,0.8549586746672655,"[1.122113433485532, 42.492412023768296, 35.77715915752726]"
Tekirdağ,1,3,D,pearson3,60,574.7058671323952,0.06311104837926224,0.9584005500744174,"[0.7643944565689142, 29.957402466718897, 28.99737645085709]"
Tekirdağ,1,4,D,pearson3,60,575.6908373218565,0.07771904359393231,0.834042103345531,"[0.7969187998883273, -1.1921756873086715, 29.370043462971772]"
Tekirdağ,1,5,D,pearson3,60,572.85455602583,0.07998038262543761,0.808128100757572,"[0.9080386677945618, -47.45873272048422, 29.183712300030813]"
Tekirdağ,1,6,D,genlogistic,60,587.6240779029042,0.07359594540315614,0.877450795826066,"[3.089728367802505, -118.42872745759061, 22.43129122315314]"
Tekirdağ,1,7,D,gev,60,569.9349903940684,0.07917673242333367,0.8174866510358924,"[0.08985016454726444, -133.61940764202149, 23.743531046180074]"
Tekirdağ,1,8,D,genlogistic,60,551.1326708336884,0.04717492193296635,0.9984733319977546,"[9.378840650979491, -172.39193309670986, 18.32299963726028]"
Tekirdağ,1,9,D,pearson3,60,564.2308671782674,0.0800142841775619,0.807729926518121,"[2.114887387238513, -59.416721608275864, 44.17952587754192]"
Tekirdağ,1,10,D,pearson3,60,630.4012568037436,0.13048118319757668,0.23719507540122986,"[1.828080331687426, 2.2645204493846958, 61.529330464025946]"
Tekirdağ,1,11,D,pearson3,60,628.3107866071531,0.052762502027855124,0.9930993341968778,"[1.4906038845369196, 39.63692396162558, 53.26544691575016]"
Tekirdağ,1,12,D,pearson3,60,635.0774804583364,0.08280357958366674,0.7741286513836453,"[1.3202220807079486, 60.21411436780611, 53.594748949628865]"
Tekirdağ,3,1,D,pearson3,59,706.5923083184222,0.05739264571228597,0.9839321514284634,"[0.7006715541349448, 155.11429649517606, 95.27548309385952]"
Tekirdağ,3,2,D,normal,59,688.6218526107737,0.06476061939580913,0.9519839371961427,"[156.09390540653266, 79.9279491343192]"
Tekirdağ,3,3,D,normal,60,681.5736279373182,0.08006325671849746,0.8071542713357149,"[126.28035825107364, 68.42607601767737]"
Tekirdağ,3,4,D,normal,60,643.1206302701897,0.1038222811058751,0.5044166942690458,"[71.25774920982886, 49.66558969664077]"
Tekirdağ,3,5,D,normal,60,634.9571321498797,0.06812024321303961,0.9255533508649262,"[-18.693408907597966, 46.39924474625694]"
Tekirdağ,3,6,D,normal,60,644.1071964066376,0.06920062302462499,0.9170277716802797,"[-132.59667952597508, 50.075592691233204]"
Tekirdağ,3,7,D,normal,60,643.0814943524641,0.04697991166708815,0.9985660235548297,"[-253.2097263813913, 49.64939476736391]"
Tekirdağ,3,8,D,logistic,60,658.1768273592565,0.05175758014851828,0.9945471308480941,"[-327.4940388135619, 31.443847413407873]"
Tekirdağ,3,9,D,pearson3,60,670.9226765262306,0.06345783304006222,0.9564857318589647,"[0.9444506884304744, -304.245740400548, 66.49252586018446]"
Tekirdağ,3,10,D,pearson3,60,691.5912388173996,0.0945416191528442,0.6227230596945319,"[1.1146227055380913, -180.17602373498903, 81.66026593777573]"
Tekirdağ,3,11,D,pearson3,60,706.9951055669585,0.07172893394442104,0.8951840212591217,"[0.81358278818507, -18.77137527017888, 87.9352811312628]"
Tekirdağ,3,12,D,pearson3,60,717.3158784183067,0.06390383218984974,0.9539445960666573,"[0.8435530091432767, 102.11565134162842, 96.26563399640423]"
Tekirdağ,6,1,D,normal,59,737.3101168016319,0.0848052730297707,0.7578225184188025,"[-23.257413459428708, 120.75189686471529]"
Tekirdağ,6,2,D,normal,59,742.766904504184,0.061356950814277944,0.969536666609308,"[139.33766861686158, 126.46707087779635]"
Tekirdağ,6,3,D,logistic,59,740.8049681726426,0.0525469372726583,0.9940470694551765,"[226.94747422311042, 69.89754767555056]"
Tekirdağ,6,4,D,normal,59,727.6602415301141,0.078034166579732,0.8375767731238946,"[224.6394904024476, 111.26996854045179]"
Tekirdağ,6,5,D,normal,59,704.2993346983762,0.07150190971559733,0.9024270919703533,"[136.36466725512292, 91.28492059694796]"
Tekirdağ,6,6,D,normal,60,689.7989169653932,0.06991677983685629,0.9111050201180184,"[-6.316321274901638, 73.28075736562216]"
Tekirdağ,6,7,D,gev,60,670.0518688735857,0.04810366088044482,0.9979640958249665,"[0.5158446177200811, -197.19151751446276, 69.98963739242677]"
Tekirdağ,6,8,D,normal,60,694.6924290524101,0.05403928890524379,0.9908677889932724,"[-346.21215528166135, 76.33086078768683]"
Tekirdağ,6,9,D,normal,60,701.4862786086768,0.06317356907972632,0.9580592712708813,"[-436.84246037837005, 80.77703750981887]"
Tekirdağ,6,10,D,gev,60,728.5901535814702,0.06491894646817664,0.9478305467080588,"[0.17382400751071, -473.6755346930041, 93.24130193662452]"
Tekirdağ,6,11,D,normal,60,730.5411697750399,0.09337034468092753,0.6380537949809021,"[-346.29013887643595, 102.9060904315427]"
Tekirdağ,6,12,D,pearson3,60,749.8242628412797,0.04329063785317788,0.9996282179876235,"[0.5643044344986061, -202.13013957046678, 121.88713852179384]"
Tekirdağ,9,1,D,normal,59,744.7454806702277,0.06643209233617775,0.9415163227400748,"[-274.4596803835539, 128.6054974895685]"
Tekirdağ,9,2,D,normal,59,752.7096792522827,0.0683791547530469,0.9277873187336463,"[-185.7702367970273, 137.58511832805664]"
Tekirdağ,9,3,D,logistic,59,762.1928075627637,0.06654011317993325,0.9407977604416332,"[-79.22889375607738, 83.50762877569223]"
Tekirdağ,9,4,D,pearson3,59,755.6528747138517,0.062244192628138184,0.9654412496519423,"[0.6744977528619256, 46.26780530447226, 143.93461370467043]"
Tekirdağ,9,5,D,pearson3,59,749.913291284906,0.05975763397704997,0.976091421709611,"[0.6060746894018446, 119.60836797089078, 136.0516199062211]"
Tekirdağ,9,6,D,logistic,59,739.6831581165676,0.08544240520914137,0.7498776211838294,"[92.9093500823637, 68.78211732654626]"
Tekirdağ,9,7,D,logistic,59,732.556023895346,0.05267091636073662,0.9938723584341401,"[-28.70214846556166, 65.1137994954409]"
Tekirdağ,9,8,D,logistic,59,728.0073807076768,0.05416782431111444,0.9914464343675394,"[-189.50919270853396, 62.72492536008524]"
Tekirdağ,9,9,D,logistic,60,729.4166411223312,0.07747341941874725,0.8367749287985174,"[-309.19776287577577, 56.27984705812543]"
Tekirdağ,9,10,D,logistic,60,739.7151072238529,0.07396891248930071,0.8737553297393943,"[-365.75380012668916, 61.70699872811414]"
Tekirdağ,9,11,D,logistic,60,744.9600604067016,0.08041697912802004,0.8029800386805341,"[-369.10154177825257, 64.92600170691726]"
Tekirdağ,9,12,D,normal,60,757.5780719455659,0.09741523414261316,0.5853421526959515,"[-334.7268410339159, 128.9112711347243]"
Tekirdağ,12,1,D,logistic,59,753.9268129366351,0.09090500985427713,0.6800462527022751,"[-207.09701400436884, 78.0684169379052]"
Tekirdağ,12,2,D,logistic,59,760.5814752065629,0.07113859658845023,0.9055816366447342,"[-208.18820934751986, 81.72416469731883]"
Tekirdağ,12,3,D,logistic,59,764.4003903086688,0.062040823251597876,0.9664094563858603,"[-206.09674806115441, 84.84670469087261]"
Tekirdağ,12,4,D,normal,59,763.5535736554426,0.07099198778481913,0.9068397664368537,"[-204.93447655005943, 150.8280095670754]"
Tekirdağ,12,5,D,normal,59,761.9100971071284,0.07385399854173819,0.8807798111446127,"[-205.499474948437, 148.74187347053143]"
Tekirdağ,12,6,D,pearson3,59,762.0997875147647,0.050656673748149195,0.9962715839032786,"[0.5849749399462272, -206.0265432686581, 150.52386315332717]"
Tekirdağ,12,7,D,normal,59,760.5640015906044,0.0652263662488698,0.9491902763770329,"[-206.75901654817545, 147.05472871573227]"
Tekirdağ,12,8,D,normal,59,761.4255630691953,0.05834547063582374,0.9810285903595494,"[-207.6712643479843, 148.13235877395374]"
Tekirdağ,12,9,D,logistic,59,761.5154043300796,0.054017638683134916,0.9917174699678578,"[-210.2651020051775, 82.17863126639708]"
Tekirdağ,12,10,D,normal,59,762.5671844099861,0.09789549178011414,0.5894557002268497,"[-208.2038103119003, 149.57245844188733]"
Tekirdağ,12,11,D,logistic,59,753.7190124813246,0.050438456715932056,0.9964797409966341,"[-213.6982309065201, 78.15911913107705]"
Tekirdağ,12,12,D,normal,60,771.0574991256728,0.05597864652625051,0.9865276188699849,"[-208.44648278284237, 144.2362971157446]"
Uzunköprü,1,1,D,pearson3,60,628.6250509274779,0.09051031930816256,0.6755288861167617,"[1.1906612034561217, 67.65915303429844, 49.155353461829264]"
Uzunköprü,1,2,D,pearson3,60,619.4229556556018,0.05374461166042893,0.9914242515738128,"[1.2434401607068404, 55.17900774874299, 46.11211366872497]"
Uzunköprü,1,3,D,pearson3,60,621.6852959972188,0.07185328169967231,0.8940438621586737,"[1.2337121487835963, 45.72085609407752, 46.87655864808576]"
Uzunköprü,1,4,D,normal,60,597.3142491733308,0.11821443214504085,0.3441475085630732,"[1.8914941414327089, 33.906016977837396]"
Uzunköprü,1,5,D,genlogistic,60,601.2328633572429,0.08765643140325641,0.7126819166951738,"[6.5544991395529415, -113.59430348250655, 27.115838196519423]"
Uzunköprü,1,6,D,gev,60,600.0198287417746,0.07261901840113871,0.8868922667538554,"[0.04573509155957592, -103.70549271626945, 29.72241566298905]"
Uzunköprü,1,7,D,genlogistic,60,597.3664093575824,0.11989526646562121,0.32782265400142907,"[419.7288761189741, -306.83087781004815, 27.23821596773496]"
Uzunköprü,1,8,D,gev,60,571.0903664100853,0.0811507143232768,0.7942328861424564,"[-0.06693919211510842, -133.58740289829998, 21.89441374190828]"
Uzunköprü,1,9,D,pearson3,60,591.5565928812716,0.06588600224414759,0.9415786717128316,"[1.4389446800748675, -57.50891695419144, 38.58505747410992]"
Uzunköprü,1,10,D,pearson3,60,642.9381905126455,0.057704150334715876,0.9815805203206682,"[1.2159507564277083, 14.82953327146204, 55.71729914902869]"
Uzunköprü,1,11,D,pearson3,60,642.0920988586836,0.06917549395327316,0.9172316994305052,"[1.4546407887070638, 57.2659161824233, 59.075201142974564]"
Uzunköprü,1,12,D,pearson3,60,650.609079125148,0.07332184701007471,0.8801349589837232,"[1.2980059730081914, 79.65411141344345, 60.63977428284842]"
Uzunköprü,3,1,D,pearson3,59,701.8427630875769,0.05084737145549917,0.9960820047893056,"[0.5988174998914177, 205.821223463358, 90.4588398643014]"
Uzunköprü,3,2,D,pearson3,59,705.35624216949,0.08671227711025026,0.7338863372565858,"[0.9223825668767007, 201.04966800791811, 97.40412045306707]"
Uzunköprü,3,3,D,normal,60,712.3165882754824,0.09568383307361705,0.6078151751844835,"[168.55896693986296, 88.40648409631102]"
Uzunköprü,3,4,D,pearson3,60,686.9042568545302,0.09067531198893303,0.6733698466928588,"[1.0171953943446304, 102.79137473682158, 76.98751956860494]"
Uzunköprü,3,5,D,genlogistic,60,671.7946612352087,0.07340252745859277,0.8793476926283376,"[3.768033285759169, -83.43663287937538, 46.45375816094203]"
Uzunköprü,3,6,D,normal,60,666.6309397506845,0.053364851924550316,0.992104057954106,"[-134.7788048415378, 60.41464719395465]"
Uzunköprü,3,7,D,genlogistic,60,668.7486181552009,0.08668891814736757,0.7251514992659821,"[4.203316817807019, -348.6130156015356, 45.57416551778128]"
Uzunköprü,3,8,D,genlogistic,60,688.4224594061448,0.060862100818421694,0.9695375338271128,"[2.473297908167959, -396.11861105523724, 49.9269519481667]"
Uzunköprü,3,9,D,pearson3,60,686.7331987208696,0.06573496823064195,0.9425825192721717,"[0.7260596218263651, -302.29807909595274, 73.38116498543279]"
Uzunköprü,3,10,D,pearson3,60,700.6609743365715,0.054840132312748424,0.9892222390923029,"[0.7020145251891905, -162.02371646874758, 82.16125113313666]"
Uzunköprü,3,11,D,normal,60,712.5043795978154,0.09026063250177341,0.6787946676104151,"[14.586599299977225, 88.54494216107727]"
Uzunköprü,3,12,D,normal,60,721.493791280425,0.06837510168153954,0.9235871114955676,"[151.7495936086158, 95.43276882119638]"
Uzunköprü,6,1,D,normal,59,735.0125035141161,0.08746155705671443,0.7243659935005959,"[45.59525933770856, 118.42344314512468]"
Uzunköprü,6,2,D,normal,59,748.0610353461914,0.06697140471688146,0.9378780551220378,"[217.7727490784911, 132.27029001381123]"
Uzunköprü,6,3,D,normal,59,751.8029154257655,0.08800587029884088,0.717416145872122,"[320.89356719155995, 136.53190570728106]"
Uzunköprü,6,4,D,normal,59,740.9429629883969,0.06815160409381094,0.9294761562781346,"[307.1491168783308, 124.52728313272837]"
Uzunköprü,6,5,D,normal,59,731.4984976757457,0.11516869165702126,0.38497639218734314,"[199.5673565553367, 114.94882069758981]"
Uzunköprü,6,6,D,normal,60,717.4065583787387,0.07164929436119194,0.8959110961440108,"[33.78016209832501, 92.23703527194323]"
Uzunköprü,6,7,D,normal,60,715.9915347500678,0.061127107341297116,0.9683391412574276,"[-159.32378338704925, 91.15577629376884]"
Uzunköprü,6,8,D,normal,60,716.7289487635569,0.08559702854102719,0.7391135132651981,"[-333.8471147369086, 91.71766384831389]"
Uzunköprü,6,9,D,logistic,60,714.95839364425,0.06491672013985753,0.9478444587466952,"[-440.0135465727615, 50.90956338399319]"
Uzunköprü,6,10,D,genlogistic,60,739.5402238885664,0.05850457745273285,0.978907300393269,"[7.7822066553414695, -648.4682417993212, 87.65694917076192]"
Uzunköprü,6,11,D,logistic,60,756.9734007570514,0.05648448346877752,0.985188752896494,"[-318.82680952033945, 72.0615574904517]"
Uzunköprü,6,12,D,normal,60,762.0882037320426,0.06016520183154406,0.9725467301385957,"[-150.54846450796438, 133.84852881335445]"
Uzunköprü,9,1,D,logistic,59,756.6679091553291,0.05325080001827165,0.9930035404018069,"[-219.04710062439884, 79.43051137356301]"
Uzunköprü,9,2,D,logistic,59,764.2012070462463,0.05370712665122146,0.9922576696133116,"[-114.82188254338882, 85.18397785078696]"
Uzunköprü,9,3,D,normal,59,777.121750357694,0.0715269783065936,0.9022075081282105,"[20.328323777045576, 169.207323018244]"
Uzunköprü,9,4,D,normal,59,769.5539609685176,0.06559115235739671,0.9469357726422066,"[146.92317035996155, 158.69607866190847]"
Uzunköprü,9,5,D,normal,59,764.9699818310396,0.08946544665023393,0.6986641952234278,"[216.29045020467072, 152.64937689853565]"
Uzunköprü,9,6,D,normal,59,755.5283870890654,0.08306888103553345,0.7791599150112238,"[186.74392705213452, 140.91123068608874]"
Uzunköprü,9,7,D,gev,59,746.5961475158307,0.0676440048742456,0.9331634719258659,"[0.5204119562932115, 14.658315404265895, 146.26905424924394]"
Uzunköprü,9,8,D,gev,59,742.8211957736045,0.06101471277122633,0.9710278959217675,"[0.453075863899553, -165.94683152605316, 136.9638601218635]"
Uzunköprü,9,9,D,normal,60,750.3821769464568,0.06032691659424566,0.97186668965386,"[-268.51789601825516, 121.40821623654205]"
Uzunköprü,9,10,D,logistic,60,761.4320831064083,0.05888743493698917,0.9775398796342991,"[-327.00474596591863, 74.45034401552762]"
Uzunköprü,9,11,D,logistic,60,765.7370063549392,0.07811193038514985,0.8296358593172564,"[-325.41695596390156, 77.7412769529513]"
Uzunköprü,9,12,D,normal,60,774.9092449967286,0.05179352956882732,0.9944996845353203,"[-285.3272693495022, 148.94107964822595]"
Uzunköprü,12,1,D,logistic,59,767.3637431875488,0.07327845978733069,0.8862674391584572,"[-111.54812764621555, 87.60034300138311]"
Uzunköprü,12,2,D,pearson3,59,777.871788766914,0.06266282618057445,0.9633925579976075,"[0.5826813286682575, -112.92246019000686, 172.00949530647222]"
Uzunköprü,12,3,D,pearson3,59,784.1525051238058,0.0818193931392821,0.7941838624651542,"[0.7120240891482894, -113.18786926073992, 184.1008074326864]"
Uzunköprü,12,4,D,normal,59,786.0498420808877,0.10128112359290836,0.5464268686580178,"[-113.20085130271566, 182.5066335807411]"
Uzunköprü,12,5,D,normal,59,783.3724478769956,0.06154804213536619,0.9686827035288509,"[-113.59258034057689, 178.41222424670565]"
Uzunköprü,12,6,D,normal,59,779.9565617411079,0.048552694748312725,0.9979267286737101,"[-113.82131636237996, 173.3215520696433]"
Uzunköprü,12,7,D,gev,59,772.6537624412629,0.05504556628110757,0.9897302074738061,"[0.49164752787154675, -155.77444657961615, 180.0487064837776]"
Uzunköprü,12,8,D,gev,59,769.7266687026568,0.0693999404056056,0.9199409640633001,"[0.5629521730919784, -150.07506000773907, 182.81090237017514]"
Uzunköprü,12,9,D,normal,59,773.4303792962304,0.11115118638740712,0.4286267195439061,"[-114.7663845218489, 163.9959809103348]"
Uzunköprü,12,10,D,normal,59,779.2303127838011,0.10377310642293636,0.5154654095372018,"[-114.85261562331792, 172.258094164972]"
Uzunköprü,12,11,D,normal,59,781.3078881545613,0.08549079033034235,0.7492719982482574,"[-116.27459733847884, 175.31782516465856]"
Uzunköprü,12,12,D,normal,60,792.4207395698844,0.07670623786002895,0.8451986604550299,"[-116.76830240963949, 172.34183383968465]"
Çorlu,1,1,D,pearson3,60,604.1774439808511,0.0856373368115945,0.7386004479525591,"[1.7757738399158838, 54.1094829646012, 48.363973888441095]"
Çorlu,1,2,D,pearson3,60,583.6349808915556,0.06324539320671574,0.9576650717602423,"[0.9597581055044628, 43.435628781493875, 32.21416097629933]"
Çorlu,1,3,D,pearson3,60,570.6030420109963,0.06130749066169355,0.9675062162776105,"[0.7163673451459389, 29.006260161631452, 27.845583410337362]"
Çorlu,1,4,D,normal,60,574.299558046085,0.07942050418158636,0.8146644843391972,"[-1.3560455647704839, 27.98877110793961]"
Çorlu,1,5,D,pearson3,60,601.0487818235939,0.06992819452288113,0.9110088940893863,"[0.7172326125703681, -38.86421030517869, 35.89141960873382]"
Çorlu,1,6,D,gev,60,605.2908128643364,0.07648609403722106,0.8475836532787305,"[0.102691271503033, -91.58387230573433, 32.09132570634123]"
Çorlu,1,7,D,gev,60,577.4478897472302,0.09613268592320812,0.6019728093822636,"[0.05066400480404684, -127.72315185915622, 24.7129616905084]"
Çorlu,1,8,D,gev,60,554.9135568407016,0.10283550641133055,0.516586808194328,"[-0.06135908281073474, -122.69189046086134, 19.30524677492071]"
Çorlu,1,9,D,gev,60,586.0154131693706,0.0729047489070555,0.8841671010718684,"[-0.09058123712891797, -70.05368746639476, 24.438462384359916]"
Çorlu,1,10,D,pearson3,60,618.6738185770984,0.10141224899144158,0.5343491985007307,"[1.3229379551437739, 1.4705583894924896, 46.78159447281678]"
Çorlu,1,11,D,genlogistic,60,618.888868937978,0.09772966053697052,0.5812814334005914,"[17.283984401336912, -68.90730848727311, 32.82722107771315]"
Çorlu,1,12,D,pearson3,60,619.3565434392698,0.09087624227984281,0.6707395734299189,"[1.4209309127878584, 61.306426803154665, 48.380359767110846]"
Çorlu,3,1,D,logistic,59,690.8448839360717,0.05053371447227811,0.996390011269395,"[156.75229312843223, 45.38782044466556]"
Çorlu,3,2,D,normal,59,683.009286440311,0.09162774088007652,0.6706691086419246,"[158.46401043180705, 76.2152423057258]"
Çorlu,3,3,D,normal,60,682.6073638469619,0.11164779964312094,0.4129178118583333,"[126.55136241123711, 69.01807633946031]"
Çorlu,3,4,D,normal,60,651.0652007794278,0.09710542868556499,0.5893498925426589,"[71.08582656630102, 53.06497400409225]"
Çorlu,3,5,D,normal,60,642.9428044360745,0.11061611040356445,0.4244199312131476,"[-11.21402382473959, 49.5920456609335]"
Çorlu,3,6,D,pearson3,60,658.540743578172,0.05200443761014467,0.994215004589019,"[0.552865960884618, -116.15043101094204, 56.899816259481824]"
Çorlu,3,7,D,normal,60,668.2781876427562,0.06923170832732815,0.9167751403186842,"[-229.36006567426418, 61.24968120041147]"
Çorlu,3,8,D,logistic,60,665.7496161433147,0.07737433625580457,0.8378724869423573,"[-303.72080853135964, 32.96362714130753]"
Çorlu,3,9,D,gev,60,660.0068178150281,0.09618901166239463,0.6012403989802911,"[0.07867565411719064, -303.75659001884367, 49.988266632416355]"
Çorlu,3,10,D,gev,60,670.1775298534936,0.0734048265744292,0.8793252237452903,"[0.14395674013791107, -188.16176947509632, 56.13344941548253]"
Çorlu,3,11,D,normal,60,679.5750855431457,0.05990186800705055,0.9736307190146908,"[-9.221784075837023, 67.29590987970262]"
Çorlu,3,12,D,normal,60,697.1248884097892,0.06919679277635837,0.9170588721216075,"[105.629916647204, 77.8939134980707]"
Çorlu,6,1,D,normal,59,712.3527646484308,0.06821569920309967,0.9290026932909224,"[-2.500006396945185, 97.7325842825564]"
Çorlu,6,2,D,normal,59,723.3545930738056,0.05896360290333447,0.978962815809982,"[150.1768357279704, 107.28306956337008]"
Çorlu,6,3,D,logistic,59,726.4392886959242,0.04165933246654929,0.9998442486800451,"[234.09073596740728, 61.59610985602207]"
Çorlu,6,4,D,normal,59,721.5915208344683,0.06900683527900625,0.923014638819359,"[229.61300138703916, 105.69203772420775]"
Çorlu,6,5,D,normal,59,699.7670038561783,0.0811929172172535,0.8015983680810352,"[146.74778181867285, 87.84518706637472]"
Çorlu,6,6,D,normal,60,698.4431775010255,0.07480808408065912,0.865263292535101,"[10.40093101065828, 78.75435360145337]"
Çorlu,6,7,D,normal,60,688.6230718729907,0.05905925330476958,0.9769071819226723,"[-158.2742391079631, 72.56620709371832]"
Çorlu,6,8,D,normal,60,697.9112488989491,0.06054740734434538,0.9709217742748207,"[-312.00031465589853, 78.40602874479754]"
Çorlu,6,9,D,logistic,60,694.4876429167947,0.05304788996773968,0.992640199856525,"[-396.8620257986503, 42.63738263359117]"
Çorlu,6,10,D,pearson3,60,715.9553044039606,0.07877036984958063,0.8221579732890584,"[0.5573740849577637, -391.72526965365364, 91.85219607972324]"
Çorlu,6,11,D,normal,60,711.9816456349126,0.06773860431254147,0.9284453081359136,"[-310.00807490699594, 88.16006897494898]"
Çorlu,6,12,D,normal,60,721.914933439545,0.05446014471155203,0.990027787050411,"[-172.77148223938673, 95.76828023777436]"
Çorlu,9,1,D,normal,59,727.3475949221014,0.08091470431753237,0.8048639254557312,"[-229.3711703660038, 110.97554368919845]"
Çorlu,9,2,D,logistic,59,735.648502096778,0.06930915924366918,0.9206565286845844,"[-150.17917698181697, 66.91332966203531]"
Çorlu,9,3,D,normal,59,743.1103660915171,0.06426148456238429,0.954872351024871,"[-44.1282685694516, 126.8357137382091]"
Çorlu,9,4,D,normal,59,743.9174842398379,0.06060021328919485,0.972768889226193,"[67.83689093824255, 127.70624183511207]"
Çorlu,9,5,D,normal,59,736.6677675948622,0.0733829253576796,0.885280323717807,"[138.46060711483634, 120.09635321915702]"
Çorlu,9,6,D,normal,59,737.8142970634237,0.06559210419808781,0.9469298136114782,"[117.19398672668031, 121.26893899499483]"
Çorlu,9,7,D,logistic,59,730.1499967777361,0.07198002639375045,0.8981967985018504,"[2.525927661282143, 64.10898956796366]"
Çorlu,9,8,D,pearson3,59,723.1315325577608,0.058807692874675466,0.979497673956551,"[-0.4877542102879718, -153.87357306850765, 107.21878084563627]"
Çorlu,9,9,D,normal,60,726.304609592813,0.043069833777199196,0.9996608854842769,"[-268.0004678759324, 99.33640903231692]"
Çorlu,9,10,D,normal,60,729.9866626955269,0.07752827012786867,0.8361661365170617,"[-320.6394688247172, 102.43166943597994]"
Çorlu,9,11,D,normal,60,732.2025822764525,0.06529204751008105,0.9454678633698562,"[-321.22209873173534, 104.34074452489357]"
Çorlu,9,12,D,normal,60,736.7105184670156,0.08119686132102771,0.793678901697579,"[-288.9219136399655, 108.33497723848022]"
Çorlu,12,1,D,normal,59,736.7731062920415,0.0924264789849798,0.6602922520945922,"[-157.4797716694041, 120.20361120010254]"
Çorlu,12,2,D,logistic,59,746.5132189607691,0.0953383749902853,0.6224644232797529,"[-162.85504640158103, 73.43666672417697]"
Çorlu,12,3,D,normal,59,747.053828413251,0.06409680936859574,0.9558013859996549,"[-158.2610238304295, 131.1460816031761]"
Çorlu,12,4,D,normal,59,753.5643621718497,0.06446355694671024,0.9537161306199391,"[-159.03427303081622, 138.58527547448213]"
Çorlu,12,5,D,normal,59,749.3702090394884,0.05239073548782125,0.9942618122941729,"[-159.89593865471662, 133.74595909436226]"
Çorlu,12,6,D,normal,59,750.4360304162092,0.07436623149060137,0.8757960629952798,"[-160.542301190508, 134.9594762552501]"
Çorlu,12,7,D,normal,59,752.6011004669624,0.06799552268184367,0.9306217519946621,"[-161.31874041789848, 137.45857634428393]"
Çorlu,12,8,D,normal,59,753.0111589028257,0.08783013478338364,0.7196628420835445,"[-162.1607322908378, 137.9370856695567]"
Çorlu,12,9,D,normal,59,757.5326372163007,0.0962798721553868,0.6102750847071461,"[-160.92052360025073, 143.32507371051054]"
Çorlu,12,10,D,normal,59,754.6586282058925,0.0790924256304597,0.8258048674656084,"[-161.54394591456344, 139.87641524684435]"
Çorlu,12,11,D,gev,59,746.0607478312168,0.1027094143512674,0.5285961144989357,"[0.4397180653607716, -200.20708047514216, 138.117988471505]"
Çorlu,12,12,D,gev,60,757.7555319667962,0.09336826302738177,0.6380810676042756,"[0.41049626521097315, -199.81996461192404, 135.06128093961775]"
İpsala,1,1,D,pearson3,60,619.6141991054236,0.1259059341838351,0.27379736720580716,"[1.547998385389557, 58.18158264348129, 50.48691203073217]"
İpsala,1,2,D,gev,60,614.8323300253281,0.07567966856639519,0.8561927664628947,"[-0.06768190492308485, 29.95081603657257, 31.5859715471205]"
İpsala,1,3,D,pearson3,60,587.3389117732029,0.10440212068103472,0.4973243684844152,"[1.553386500263944, 38.026909696981924, 38.65131616690172]"
İpsala,1,4,D,pearson3,60,587.3838174963386,0.04990683378507804,0.996598165726889,"[0.934659866968795, -5.1434036244111825, 33.089791964754]"
İpsala,1,5,D,gev,60,585.0769294517304,0.0843313317709683,0.7551193438364464,"[-0.13674661875218003, -71.65336771127872, 23.768922999968204]"
İpsala,1,6,D,genlogistic,60,587.3199339203692,0.08415783998980908,0.7572962696434715,"[6.8045060436522515, -151.70339177481281, 23.823943490428277]"
İpsala,1,7,D,genlogistic,60,559.9992952498276,0.07381857388240354,0.8752508592280144,"[2.7438783254487897, -157.68678218292715, 17.106814318539005]"
İpsala,1,8,D,gev,60,542.0389925528178,0.11477769871771693,0.37916317929175747,"[-0.06411010538607027, -134.75618760112872, 17.32702574395033]"
İpsala,1,9,D,gev,60,581.8857295844156,0.058067751773955595,0.980396941352878,"[-0.14203223521953406, -79.00842863987711, 22.981458428392937]"
İpsala,1,10,D,pearson3,60,630.8383444191905,0.06252825845066523,0.9614987323329572,"[1.29298826545294, 6.108659847609282, 51.360740433221906]"
İpsala,1,11,D,pearson3,60,648.507740508973,0.0928448665691251,0.6449400992513932,"[1.5839016711531995, 54.716280833386286, 65.029892369558]"
İpsala,1,12,D,pearson3,60,648.0138093371021,0.0779580779693213,0.8313663876962066,"[1.2188015783640973, 73.57378879944336, 58.164641768218154]"
İpsala,3,1,D,pearson3,59,709.7882583125845,0.050432320970383415,0.9964854609019687,"[0.7458228695837033, 187.700610176115, 98.4612780699259]"
İpsala,3,2,D,pearson3,59,706.3741764284164,0.05261370410355809,0.9939534547256877,"[0.8697331648658906, 180.83279367108898, 97.39919184689428]"
İpsala,3,3,D,pearson3,60,699.381233929706,0.08620424444809893,0.7313648610471997,"[0.8505998694794722, 146.66169603594238, 82.99185129173125]"
İpsala,3,4,D,pearson3,60,663.0134920258997,0.060173063595753806,0.9725139232752703,"[1.069130268560027, 83.33672655347812, 63.74289783081204]"
İpsala,3,5,D,gev,60,655.2496245667646,0.06838965643105743,0.9234739790793829,"[0.10283773852371952, -45.05851384649915, 48.79786671649845]"
İpsala,3,6,D,pearson3,60,656.4046323583854,0.053440374005699676,0.9919721561948716,"[0.6760118337470085, -152.97521220079565, 56.63988659896633]"
İpsala,3,7,D,genlogistic,60,661.6463477236942,0.10491553218630834,0.491082440123758,"[3.2306482515949293, -346.892026558353, 40.41880383442653]"
İpsala,3,8,D,genlogistic,60,666.6438741811587,0.10797938073510624,0.4546232994551255,"[2.5698732817559877, -405.45410536734335, 40.599992172860134]"
İpsala,3,9,D,genlogistic,60,657.5219833925726,0.06467237461572806,0.9493579054100707,"[7.213342380000423, -427.52075569089175, 43.57545238809779]"
İpsala,3,10,D,pearson3,60,684.3134115522561,0.08584574660897204,0.7359446721722855,"[0.7289265724384856, -179.550791400146, 71.9429377546321]"
İpsala,3,11,D,gev,60,704.8653902450228,0.08232077555350059,0.7800546502500961,"[0.14598867275093602, -35.51113207530665, 75.30160618748022]"
İpsala,3,12,D,normal,60,712.7154385708776,0.0821885780693063,0.7816698470917951,"[134.39878566644757, 88.70081423474737]"
İpsala,6,1,D,normal,59,729.4683716984953,0.0694710065900136,0.9193783976344367,"[9.188164473714837, 112.98810350554086]"
İpsala,6,2,D,normal,59,746.270221849211,0.08517051671843434,0.7532749138675194,"[181.46263163258496, 130.27806075095367]"
İpsala,6,3,D,normal,59,748.4440460635017,0.0884360030709247,0.7119062568946468,"[282.3990364928989, 132.7003175280454]"
İpsala,6,4,D,normal,59,745.0432289147395,0.07807933017691104,0.8370806522581086,"[269.9533697770989, 128.9304162418004]"
İpsala,6,5,D,normal,59,729.5943604827695,0.08714914231962814,0.7283424474346711,"[159.25256601194025, 113.1088055054915]"
İpsala,6,6,D,normal,60,719.401325696438,0.11581806275350409,0.3683334836520169,"[-6.313472897067361, 93.78311179449898]"
İpsala,6,7,D,normal,60,713.8790815531909,0.09912338701552026,0.5633735687996241,"[-197.91516054947172, 89.56513211802068]"
İpsala,6,8,D,genlogistic,60,709.9909485989924,0.05749492790171945,0.9822387236451405,"[2.780925046934345, -458.01223572357503, 60.4114705861937]"
İpsala,6,9,D,genlogistic,60,699.777450614191,0.09720416796585357,0.5880718702488231,"[4.441930509518947, -588.335252174932, 59.27693975865896]"
İpsala,6,10,D,genlogistic,60,723.5867213929837,0.08973639425014146,0.6856443579045458,"[3.8956570124014895, -589.9249903887992, 71.1584667745865]"
İpsala,6,11,D,normal,60,739.802651638867,0.08409806865094693,0.7580452429564534,"[-351.8110191604482, 111.16280567082556]"
İpsala,6,12,D,gev,60,738.153659570603,0.0930498904602447,0.6422529182080503,"[0.4362853069833653, -215.22932481841053, 116.37577979818786]"
İpsala,9,1,D,normal,59,752.5606507054014,0.1254506639394226,0.28649020723829444,"[-269.61567112451235, 137.41146436336012]"
İpsala,9,2,D,normal,59,756.9912728531056,0.07600057484682454,0.859293943366598,"[-166.68146546740314, 142.66902818812454]"
İpsala,9,3,D,normal,59,765.9670280740648,0.10065127256472284,0.5543564691893943,"[-35.78847074139079, 153.94465915736052]"
İpsala,9,4,D,normal,59,765.2408675762998,0.0945988821683873,0.6320589476404619,"[91.44095572527071, 153.00020774244587]"
İpsala,9,5,D,normal,59,764.7373882772054,0.09754289037744956,0.5939868576365508,"[159.8823588982943, 152.34878120981412]"
İpsala,9,6,D,normal,59,760.0586349698857,0.09552600289209273,0.6200326248957583,"[129.33180004339653, 146.42627415655605]"
İpsala,9,7,D,normal,59,762.3500140709168,0.07864477303963974,0.830821443777225,"[-11.187960987732536, 149.2974344687497]"
İpsala,9,8,D,normal,59,752.6453847647628,0.04612973331115927,0.9990483075388158,"[-190.7142770932397, 137.51017294528563]"
İpsala,9,9,D,normal,60,749.9749134681649,0.06951038794860792,0.9144921971226326,"[-325.393019552024, 120.9968718841092]"
İpsala,9,10,D,normal,60,751.579821421652,0.06566021819270756,0.9430755930641266,"[-377.465912118567, 122.62598200029956]"
İpsala,9,11,D,normal,60,758.9124531887749,0.0511444831775566,0.9953094965490593,"[-373.2028666979622, 130.3527439429625]"
İpsala,9,12,D,normal,60,764.2042701552767,0.062492406806934075,0.9616844380734882,"[-337.6559343092897, 136.22973185599648]"
İpsala,12,1,D,normal,59,765.2481739333117,0.06856955461789266,0.9263572385195317,"[-185.31012148794832, 153.00968154541027]"
İpsala,12,2,D,normal,59,773.1768670832388,0.0837317889673801,0.7710722951996416,"[-187.1195578662731, 163.64402874099972]"
İpsala,12,3,D,normal,59,779.3453359644616,0.12875259772149206,0.2590004957644457,"[-186.95107617294283, 172.42608852038106]"
İpsala,12,4,D,normal,59,779.7020456570323,0.12437039551163365,0.295919738851382,"[-187.36287987295663, 172.94811492764873]"
İpsala,12,5,D,normal,59,775.2200866466593,0.08288963942904026,0.7813333421297096,"[-188.26173820169402, 166.50226822886907]"
İpsala,12,6,D,normal,59,776.3797135512011,0.10874405085555017,0.4560681926345159,"[-188.85570719089338, 168.14661026238338]"
İpsala,12,7,D,normal,59,780.2666787163051,0.08162751226874798,0.796463621857018,"[-189.7003750395609, 173.77765925418964]"
İpsala,12,8,D,normal,59,780.6454477656114,0.07224967169173385,0.8957719709825469,"[-190.0844842068859, 174.33636563148778]"
İpsala,12,9,D,normal,59,778.0017614370126,0.054164080131752196,0.9914532697353905,"[-189.1441374272342, 170.47394119835238]"
İpsala,12,10,D,normal,59,782.1258567951036,0.09387938099185272,0.6414056325270872,"[-189.57181529845732, 176.53733930911045]"
İpsala,12,11,D,normal,59,786.2041512025075,0.08220713898135101,0.7895540625440159,"[-191.84664106261278, 182.74545443175398]"
İpsala,12,12,D,normal,60,785.8073953603022,0.06269053924280824,0.9606510730501372,"[-190.99423388557653, 163.1008479926975]"
Edirne,1,1,D_oudin,pearson3,60,617.6963666363253,0.09213328777161478,0.6542682440466411,"[1.682038338120314, 49.840289964774186, 52.14438810916806]"
Edirne,1,2,D_oudin,pearson3,60,600.3410517144013,0.051954283343813246,0.9942836879366804,"[1.4781498030379865, 30.338909892918103, 42.02404350706571]"
Edirne,1,3,D_oudin,pearson3,60,598.4317149019593,0.06998552982676848,0.9105252462286454,"[1.0787628463503343, 8.818349961550128, 37.28753952191257]"
Edirne,1,4,D_oudin,normal,60,574.8654275695557,0.06727542213538629,0.9318702018230507,"[-26.46174379672472, 28.12106605786887]"
Edirne,1,5,D_oudin,pearson3,60,600.4052097756189,0.04503200506516164,0.999267157044419,"[0.7719512057254894, -64.0822719158227, 35.960041170124626]"
Edirne,1,6,D_oudin,pearson3,60,598.2891369071236,0.06691303839424978,0.9344843650594697,"[0.8852717256064254, -97.66521874273047, 35.93855316891397]"
Edirne,1,7,D_oudin,pearson3,60,574.9394224030725,0.09090629505781467,0.6703460845836113,"[1.0656158055605496, -121.22023077286872, 30.57523315976836]"
Edirne,1,8,D_oudin,pearson3,60,555.9943358366223,0.06391807348205958,0.953861996843882,"[1.3492247851472503, -109.50339361328363, 27.948865158539014]"
Edirne,1,9,D_oudin,pearson3,60,588.5894566911712,0.091980025204081,0.6562773624016597,"[1.5929893128135086, -55.07396759068919, 39.595763320958866]"
Edirne,1,10,D_oudin,pearson3,60,615.7335437269174,0.11155363054396328,0.4139601118439863,"[1.5448896201393345, 0.14315634416019163, 48.82901607946506]"
Edirne,1,11,D_oudin,pearson3,60,614.616503589352,0.06509880224102693,0.9466993484597348,"[1.3725672994578357, 39.58377284208777, 45.85433876016219]"
Edirne,1,12,D_oudin,pearson3,60,624.277469710308,0.09261494008506377,0.647954055233525,"[1.057962727048249, 54.264918145114436, 46.05271625463979]"
Edirne,3,1,D_oudin,genlogistic,59,670.9558256811466,0.06971556777618676,0.9174263656822823,"[8.084581158974324, 3.4162326429543697, 53.932581865490114]"
Edirne,3,2,D_oudin,pearson3,59,691.3618552112632,0.06991535852453312,0.9158132843976166,"[1.0678258478332825, 133.08817660430614, 88.89924773937604]"
Edirne,3,3,D_oudin,normal,60,698.7439055046207,0.08343717945934914,0.7662903120310545,"[88.99750840439803, 78.95196477419512]"
Edirne,3,4,D_oudin,pearson3,60,666.1952680056198,0.0958010533695332,0.6062884350718999,"[1.1194391234120389, 12.695432199053126, 66.15342241859122]"
Edirne,3,5,D_oudin,normal,60,659.5695132502088,0.07786920991760282,0.8323630129248907,"[-81.72571000595147, 56.96211273181957]"
Edirne,3,6,D_oudin,normal,60,651.6433212604106,0.08408543743657282,0.7582034524985788,"[-188.20923512938913, 53.32124038105781]"
Edirne,3,7,D_oudin,pearson3,60,659.7721638288799,0.061338672727514365,0.9673608141148377,"[0.7729178955496995, -282.96767853250617, 58.9840376826302]"
Edirne,3,8,D_oudin,normal,60,661.2407460701426,0.046932039919735324,0.9985880738548982,"[-328.3888073915829, 57.76097057814307]"
Edirne,3,9,D_oudin,gev,60,668.2799110192071,0.07138199496221342,0.8983333355617109,"[0.16438531930795774, -310.45585565777003, 56.14812613421789]"
Edirne,3,10,D_oudin,genlogistic,60,676.6600921324113,0.07393392230981455,0.8741041142058932,"[55.26469459553684, -414.2456495198873, 54.539495577173476]"
Edirne,3,11,D_oudin,pearson3,60,686.8478750810261,0.068591435979375,0.9218962253938333,"[0.7251551300288723, -15.347016621948885, 73.44276802609954]"
Edirne,3,12,D_oudin,pearson3,60,691.7116175399495,0.08447763348431658,0.7532802262707623,"[0.6546388380596454, 93.99186715496282, 75.82554689425808]"
Edirne,6,1,D_oudin,genlogistic,59,712.1876627888782,0.06729586179833824,0.9356282494831476,"[5.229932150791882, -177.45495525244172, 74.28633314055375]"
Edirne,6,2,D_oudin,genlogistic,59,727.1975192646148,0.050746053252622436,0.9961836317846174,"[3.50405582690046, -17.152885443751575, 81.1520362821139]"
Edirne,6,3,D_oudin,gev,59,730.5552724432257,0.04858578976133032,0.9979062476858125,"[0.1180809198211399, 134.49311201612335, 101.76773568313398]"
Edirne,6,4,D_oudin,normal,59,714.9739843082333,0.11854710037705474,0.3504742575019887,"[155.377242162946, 99.92788172045408]"
Edirne,6,5,D_oudin,normal,59,707.0603161627995,0.09535896158253565,0.6221975488050788,"[50.58354115114918, 93.44600274588498]"
Edirne,6,6,D_oudin,normal,60,704.6697764195432,0.06463226986512693,0.9496037650808037,"[-99.21172672499121, 82.94866183569206]"
Edirne,6,7,D_oudin,normal,60,705.5414391808582,0.0641337068821452,0.9526002902266758,"[-270.2722653595942, 83.55338264281824]"
Edirne,6,8,D_oudin,pearson3,60,702.9322475579056,0.06565505170252006,0.9431095809519134,"[0.590611234993119, -410.1145544544728, 82.67915324036574]"
Edirne,6,9,D_oudin,genlogistic,60,696.1642964259211,0.07666159331363431,0.8456835122786105,"[5.7732205762930775, -607.2062426845641, 59.34721227757262]"
Edirne,6,10,D_oudin,pearson3,60,723.7596417753422,0.08815275158799663,0.7062553002877783,"[0.876109292932319, -447.4019281543599, 102.09655078045853]"
Edirne,6,11,D_oudin,normal,60,730.0318857671313,0.09904700538766531,0.5643508087733748,"[-343.7358472206944, 102.47027900004798]"
Edirne,6,12,D_oudin,genlogistic,60,726.8248543135718,0.06951347127915952,0.9144667567835751,"[2.9965105641587475, -298.5379492148465, 70.8485245677681]"
Edirne,9,1,D_oudin,genlogistic,59,735.4980019394791,0.07634078637771452,0.8557486736008996,"[4.002834341265933, -462.37642974862155, 88.48718878596219]"
Edirne,9,2,D_oudin,pearson3,59,747.0793400608488,0.055129768921762023,0.9895533367408537,"[0.5036196749943385, -207.09081909271006, 131.52153036874145]"
Edirne,9,3,D_oudin,pearson3,59,751.4934323626982,0.08937142285849353,0.6998765265851544,"[0.8103012987025339, -101.95663866736368, 141.4728873486509]"
Edirne,9,4,D_oudin,pearson3,59,742.3403650407602,0.0658023970862548,0.9456035310304418,"[0.9664863741828336, -7.569791780387302, 134.29464263651442]"
Edirne,9,5,D_oudin,pearson3,59,737.2584878894239,0.058951172336440205,0.9790058044001123,"[0.7714382296158534, 36.70694060321543, 124.70353093171136]"
Edirne,9,6,D_oudin,normal,59,733.1493179141224,0.06907555663792098,0.9224819874815078,"[-5.129619934259048, 116.5682564733163]"
Edirne,9,7,D_oudin,normal,59,731.3285189102302,0.08067025740448724,0.8077188659928937,"[-127.03305633065351, 114.7833563539373]"
Edirne,9,8,D_oudin,normal,59,730.9092661712303,0.11231044615383867,0.4157481610162064,"[-277.0336312823272, 114.37625595538067]"
Edirne,9,9,D_oudin,normal,60,737.1559715400354,0.061261544890746755,0.9677196991902327,"[-385.00931339903997, 108.73787581525153]"
Edirne,9,10,D_oudin,logistic,60,742.3228226725817,0.053531319778541864,0.991811162387122,"[-440.88916810035795, 63.21041588408254]"
Edirne,9,11,D_oudin,logistic,60,750.2167926845786,0.053210453324236406,0.9923687179525194,"[-430.78748182317366, 67.51564808449638]"
Edirne,9,12,D_oudin,genlogistic,60,740.8378141120238,0.057605082410632225,0.9818942480706011,"[4.340226876652231, -541.9944702711354, 84.14004132058562]"
Edirne,12,1,D_oudin,genlogistic,59,745.3212351339935,0.07013595511780363,0.9140131108261057,"[2.475819690467068, -399.7045405706633, 89.18760031664333]"
Edirne,12,2,D_oudin,logistic,59,755.6087898566253,0.0800871568413355,0.8144732560057842,"[-296.7460774163561, 77.99994336049774]"
Edirne,12,3,D_oudin,genlogistic,59,755.2080424507923,0.056793081527264144,0.9855908951350547,"[8.12524464490349, -577.6426945339488, 110.79919393911095]"
Edirne,12,4,D_oudin,pearson3,59,755.0474249803038,0.08852601855104758,0.7107513322035506,"[0.7766805818819573, -289.00206649716023, 145.0997201615843]"
Edirne,12,5,D_oudin,pearson3,59,755.3878377740969,0.05977197699824502,0.976037259630884,"[0.5566501576806184, -289.59538878739806, 141.8023773749578]"
Edirne,12,6,D_oudin,genlogistic,59,751.2160598887615,0.0661878850077553,0.943122013543705,"[3.1363206959189043, -441.60019945045985, 97.20004423005912]"
Edirne,12,7,D_oudin,genlogistic,59,754.9863476451375,0.04886956614138652,0.9977239940546004,"[3.716985772170556, -471.14421498280717, 103.83666438873837]"
Edirne,12,8,D_oudin,normal,59,757.0019659366139,0.07981401688049827,0.8176093081658407,"[-290.9101848937024, 142.68195734878321]"
Edirne,12,9,D_oudin,normal,59,755.0543922509088,0.08159827481869719,0.7968103221425737,"[-290.1721523271643, 140.34633891944756]"
Edirne,12,10,D_oudin,normal,59,752.9381188904844,0.08541772374363593,0.7501864322453343,"[-290.34831350921365, 137.85173135618388]"
Edirne,12,11,D_oudin,normal,59,761.2067579322734,0.043661189621257965,0.9996248420622301,"[-291.3549641398586, 147.85793429071362]"
Edirne,12,12,D_oudin,logistic,60,765.7218558892919,0.0830114560252545,0.7715644660879755,"[-297.92453999022354, 77.30047016103448]"
Kırklareli,1,1,D_oudin,pearson3,60,619.2223353833255,0.0872138105809559,0.7183967760380189,"[1.5825359923856228, 49.897723579684055, 50.9234946166454]"
Kırklareli,1,2,D_oudin,pearson3,60,590.8096932661447,0.05599155106692966,0.9864945732535274,"[1.477503829599454, 29.96117752719544, 38.80728533917005]"
Kırklareli,1,3,D_oudin,pearson3,60,577.3886407178667,0.0879613497983851,0.7087358453058905,"[1.463867611127949, 5.449876205671496, 34.55259673671735]"
Kırklareli,1,4,D_oudin,normal,60,564.8575980853079,0.0801235717559644,0.8064445257979256,"[-26.82304288964909, 25.87094173714025]"
Kırklareli,1,5,D_oudin,pearson3,60,585.3586751500499,0.06223747697554882,0.962988665176693,"[0.9675270627199838, -62.33220106547813, 32.72586229736007]"
Kırklareli,1,6,D_oudin,pearson3,60,606.660678269973,0.055006743929550184,0.9888545767167495,"[1.3134978333681722, -85.1453461034705, 42.21753507784568]"
Kırklareli,1,7,D_oudin,pearson3,60,559.5954857455106,0.04008371913769393,0.9999160174767914,"[1.319173936350182, -122.60533338609096, 28.564159285838898]"
Kırklareli,1,8,D_oudin,gev,60,549.0954845710172,0.062208853240205086,0.9631333264027843,"[-0.05822904570835056, -121.35582130468205, 18.34266379190182]"
Kırklareli,1,9,D_oudin,gev,60,571.001854857785,0.06284790578010335,0.9598180041957095,"[-0.28255625564075576, -74.08082122371525, 19.35997414402661]"
Kırklareli,1,10,D_oudin,pearson3,60,606.9095591127343,0.10468404177641194,0.49389237102799466,"[1.4420236715084518, -0.008665766660639423, 43.897404482291435]"
Kırklareli,1,11,D_oudin,pearson3,60,612.7448564952454,0.09778885021921174,0.5805178125995681,"[1.1762467920072934, 40.99525877520607, 42.91790812244467]"
Kırklareli,1,12,D_oudin,pearson3,60,627.9251552213783,0.09737867087055674,0.5858148074282604,"[1.329040232337281, 53.760409379638865, 50.614709431730034]"
Kırklareli,3,1,D_oudin,pearson3,59,677.4516192645839,0.06790690210617545,0.9312675515709424,"[0.6072986933878097, 145.95603808949062, 73.63216650695806]"
Kırklareli,3,2,D_oudin,pearson3,59,689.8241893992518,0.08759104020146269,0.7227151727803591,"[0.8863042422812274, 133.00014919644735, 84.87923851852577]"
Kırklareli,3,3,D_oudin,normal,60,687.8659650066454,0.08867823219752802,0.6994322708099172,"[85.30885661902033, 72.10981191023691]"
Kırklareli,3,4,D_oudin,gev,60,655.7302191061085,0.10373663319398743,0.5054680643729583,"[0.2945011086021666, -10.559235149531329, 53.814421820616374]"
Kırklareli,3,5,D_oudin,normal,60,647.1715802308322,0.05945374529891356,0.975409374125729,"[-83.70533133960072, 51.37081704334272]"
Kırklareli,3,6,D_oudin,logistic,60,648.2611891790851,0.07319488252274275,0.8813690749126355,"[-175.90138994546518, 29.19106754990653]"
Kırklareli,3,7,D_oudin,normal,60,659.2445317925791,0.10445079197851864,0.4967310914711055,"[-270.08287094098085, 56.80805784319133]"
Kırklareli,3,8,D_oudin,logistic,60,657.4996506945879,0.048819731691973345,0.9974865106676083,"[-319.3697398638543, 31.41421948553349]"
Kırklareli,3,9,D_oudin,pearson3,60,646.9251637137055,0.05666284326626747,0.9846950664239877,"[1.2515267343673888, -288.51277323231767, 58.10680992918386]"
Kırklareli,3,10,D_oudin,genlogistic,60,661.3173397745423,0.06713627452608317,0.9328807956142937,"[18.58625766828281, -328.660913489839, 46.746548491901976]"
Kırklareli,3,11,D_oudin,pearson3,60,675.6806170829885,0.08580679432007787,0.7364414235854688,"[0.6319987162747147, -15.294501033751594, 66.17400949789015]"
Kırklareli,3,12,D_oudin,pearson3,60,695.6328943356203,0.05999132899848214,0.9732656993986071,"[0.9364779142392421, 94.74028106206495, 81.58253455716508]"
Kırklareli,6,1,D_oudin,gev,59,711.1702900399819,0.07502513144682998,0.8692509788694787,"[0.0972526673012925, -61.06388782074028, 85.33446320537902]"
Kırklareli,6,2,D_oudin,genlogistic,59,723.4627120920186,0.08005184199938276,0.8148797416600565,"[2.397335209573305, 28.000982360677387, 73.91701996195327]"
Kırklareli,6,3,D_oudin,logistic,59,722.790912365885,0.06687964130403523,0.9385060498206929,"[178.5150308185571, 59.81003336889687]"
Kırklareli,6,4,D_oudin,normal,59,710.6400663649488,0.056871438508548144,0.9853813022167338,"[153.22245427636133, 96.32430013780187]"
Kırklareli,6,5,D_oudin,normal,59,707.9892086274602,0.09606645699200295,0.6130350518498213,"[48.72831556838583, 94.18450981894667]"
Kırklareli,6,6,D_oudin,logistic,60,703.4997215449928,0.10709982620564285,0.4649459058771116,"[-88.43963426656921, 45.5423958903989]"
Kırklareli,6,7,D_oudin,logistic,60,691.5351380175416,0.08647446594193725,0.7279036618920038,"[-260.5871878622643, 41.6985668930862]"
Kırklareli,6,8,D_oudin,normal,60,694.8147335030361,0.07406754300949003,0.8727698612888725,"[-401.0891420133352, 76.40869714645721]"
Kırklareli,6,9,D_oudin,normal,60,686.2702276596934,0.060249387664425114,0.972194081013837,"[-462.8133927188237, 71.15725673028973]"
Kırklareli,6,10,D_oudin,normal,60,716.6895699949389,0.0675618246233256,0.9297634951296283,"[-436.0057127359517, 91.6875710472995]"
Kırklareli,6,11,D_oudin,normal,60,720.4614114074448,0.07720747897230168,0.8397144173194387,"[-332.6782901451863, 94.61526650273989]"
Kırklareli,6,12,D_oudin,pearson3,60,723.9060694820316,0.07198555447177674,0.8928244850277732,"[0.8700543811603622, -193.77253735188782, 102.12232430133605]"
Kırklareli,9,1,D_oudin,genlogistic,59,736.4898453498583,0.07899730679614803,0.8268752352891529,"[2.4587874710748605, -392.2970417818444, 82.77957446395207]"
Kırklareli,9,2,D_oudin,normal,59,740.4709336995743,0.07936819963142949,0.8226883354688718,"[-196.30141422742568, 124.03013810592974]"
Kırklareli,9,3,D_oudin,normal,59,743.1707869359913,0.08757382164285643,0.7229347876530248,"[-106.19619638637978, 126.90067546098149]"
Kırklareli,9,4,D_oudin,normal,59,738.6798452439011,0.0728369532182922,0.8903948828974623,"[-11.72426986177124, 122.16173574447262]"
Kırklareli,9,5,D_oudin,normal,59,735.6595792838657,0.09065368471648105,0.683303197315035,"[34.704722423608736, 119.07462475527672]"
Kırklareli,9,6,D_oudin,logistic,59,735.5453546013231,0.08138950318869492,0.7992807073714214,"[4.678198275137209, 66.7733692434634]"
Kırklareli,9,7,D_oudin,logistic,59,721.6046440635616,0.052963705986507625,0.9934444692173758,"[-118.14039547024007, 58.80756137853527]"
Kırklareli,9,8,D_oudin,normal,59,722.9884464774749,0.09479432580279795,0.6295217753278228,"[-267.4134860857639, 106.95069286847013]"
Kırklareli,9,9,D_oudin,logistic,60,723.2647383380476,0.06813504774138146,0.9254398981564482,"[-379.1759133844602, 53.74593605828058]"
Kırklareli,9,10,D_oudin,logistic,60,724.2251023473673,0.08261582298753012,0.7764381689662019,"[-430.51470788112425, 54.433673787982286]"
Kırklareli,9,11,D_oudin,normal,60,744.5697647786828,0.054810001698856636,0.9892877790635651,"[-416.383621484787, 115.66774191370428]"
Kırklareli,9,12,D_oudin,pearson3,60,746.8327771334406,0.05980813482208383,0.9740096084455093,"[0.6755820724631678, -368.0731286442607, 120.32911955268997]"
Kırklareli,12,1,D_oudin,logistic,59,744.8061647162386,0.06665770197991366,0.9400097613389569,"[-284.4892601891444, 71.93848846261359]"
Kırklareli,12,2,D_oudin,logistic,59,754.581697414326,0.06884460750804416,0.9242641528237509,"[-285.2657528972496, 78.34098002189562]"
Kırklareli,12,3,D_oudin,normal,59,753.7887906631769,0.07793565047599549,0.8386569759424761,"[-279.2863959626271, 138.8491066653998]"
Kırklareli,12,4,D_oudin,normal,59,751.8578620382262,0.0949320267041106,0.627734755685323,"[-280.4240384296931, 136.59549649223828]"
Kırklareli,12,5,D_oudin,normal,59,749.3250355093517,0.054619341645276764,0.9905922608713684,"[-280.57321082717755, 133.69476739279384]"
Kırklareli,12,6,D_oudin,normal,59,751.0504487257571,0.1284062611078246,0.26179016894364526,"[-280.66227335753706, 135.66403415404363]"
Kırklareli,12,7,D_oudin,logistic,59,751.5407223477231,0.08123648520852528,0.80108544289143,"[-284.3357745500085, 76.71307460463215]"
Kırklareli,12,8,D_oudin,logistic,59,747.306709861718,0.0695561359119749,0.9187017355307556,"[-280.2225184151782, 73.56132098169923]"
Kırklareli,12,9,D_oudin,logistic,59,742.9119578606914,0.05321473039364355,0.993060120258661,"[-280.93356740890823, 70.4919979531045]"
Kırklareli,12,10,D_oudin,logistic,59,736.2380500058838,0.07261616140323157,0.8924317175605114,"[-279.87088211332224, 66.5793914836615]"
Kırklareli,12,11,D_oudin,normal,59,752.3621504117222,0.05928793433423163,0.9778199245246112,"[-281.28265711642376, 137.18050430586342]"
Kırklareli,12,12,D_oudin,genlogistic,60,771.38368609633,0.09234162312667693,0.6515370717939508,"[2.9930994420485235, -437.7296564444945, 103.49752798338957]"
Lüleburgaz,1,1,D_oudin,pearson3,60,613.2063460990279,0.10910773282285458,0.44155927174299825,"[1.8901619002969623, 50.56413629946894, 54.81206415557178]"
Lüleburgaz,1,2,D_oudin,pearson3,60,591.0763299761476,0.06097375008468231,0.9690363001562219,"[1.0453250541247625, 30.00872270981941, 34.833434053139214]"
Lüleburgaz,1,3,D_oudin,pearson3,60,579.730844171191,0.07375391814484134,0.8758915808806761,"[0.9521831021015906, 12.245019437899185, 31.14088177635501]"
Lüleburgaz,1,4,D_oudin,normal,60,585.1285073047843,0.0943494240566351,0.625236245636906,"[-24.41597067555205, 30.631982464061846]"
Lüleburgaz,1,5,D_oudin,pearson3,60,580.2035085900094,0.051987680949902804,0.9942380207802038,"[0.7741942274722672, -64.9322262757396, 30.39787208339603]"
Lüleburgaz,1,6,D_oudin,gev,60,587.0406803997271,0.05947967208862004,0.9753087168159709,"[0.09113362100204855, -105.05807346401468, 27.459442477343405]"
Lüleburgaz,1,7,D_oudin,pearson3,60,570.4298816160638,0.08249541743167804,0.7779159229329298,"[1.0204860939773046, -117.65104032435934, 29.18508791027974]"
Lüleburgaz,1,8,D_oudin,pearson3,60,528.0952793135143,0.04219788423186732,0.9997674740111735,"[0.971991954202519, -114.31200857146766, 20.323606165815367]"
Lüleburgaz,1,9,D_oudin,gev,60,572.5564309396958,0.08837142428814965,0.7034181829253946,"[-0.12930063750156529, -71.88796205820043, 21.377381851931275]"
Lüleburgaz,1,10,D_oudin,pearson3,60,622.9905546584538,0.07682430746356672,0.8439135157350018,"[1.3920783805648491, 3.565594277072983, 49.44541073518532]"
Lüleburgaz,1,11,D_oudin,pearson3,60,619.6121682835005,0.09329646574730088,0.6390217546253304,"[1.5611122121365595, 42.77353320150868, 50.711913437038945]"
Lüleburgaz,1,12,D_oudin,pearson3,60,632.088335637281,0.08182572289757928,0.7860862508089235,"[1.514233659531863, 58.953263555648405, 55.391278937508886]"
Lüleburgaz,3,1,D_oudin,genlogistic,59,689.8286508489649,0.11111918208358135,0.42898543523776,"[5.946339802327318, 11.664878813368677, 62.24869491301789]"
Lüleburgaz,3,2,D_oudin,gev,59,685.7484162594981,0.09103603611341826,0.6783473932866602,"[0.1771597881979211, 107.10230052553317, 71.43802795855542]"
Lüleburgaz,3,3,D_oudin,pearson3,60,690.9376750637983,0.07551175846010291,0.8579594820966843,"[0.9827787348192263, 92.81784827474877, 79.10499046575745]"
Lüleburgaz,3,4,D_oudin,gev,60,652.2204695669163,0.06014345487717375,0.9726373447992924,"[0.06334878066562621, -6.328850846105377, 46.46373191930018]"
Lüleburgaz,3,5,D_oudin,pearson3,60,646.8303100347714,0.0780138053361129,0.8307403154328385,"[0.8119309703688307, -77.10320940118868, 53.249306765506645]"
Lüleburgaz,3,6,D_oudin,normal,60,652.3617942778923,0.09009073318558625,0.6810156930852935,"[-180.8255858354834, 53.641446944177765]"
Lüleburgaz,3,7,D_oudin,normal,60,653.7988470785891,0.09458159092183716,0.6222005268279674,"[-274.060681112498, 54.287688665190764]"
Lüleburgaz,3,8,D_oudin,logistic,60,654.5021124071822,0.05352711615902411,0.9918186558409658,"[-323.652192565773, 30.55939525854757]"
Lüleburgaz,3,9,D_oudin,logistic,60,662.3778492678175,0.06170268399638934,0.9656323797776477,"[-290.41552054696285, 32.86237574497831]"
Lüleburgaz,3,10,D_oudin,genlogistic,60,676.8832914771358,0.05649035279157866,0.985172688061268,"[2.691754975968162, -230.58146656292456, 45.94500627371143]"
Lüleburgaz,3,11,D_oudin,normal,60,683.7013792961367,0.07300642900641596,0.883190025598102,"[-10.16684365561681, 69.65017700913465]"
Lüleburgaz,3,12,D_oudin,pearson3,60,712.5667660271325,0.08999128871803919,0.6823152102470327,"[0.7588465537757281, 105.29235098052914, 91.40409111272277]"
Lüleburgaz,6,1,D_oudin,normal,59,720.207830017869,0.07106796617985622,0.90618882429032,"[-12.239000896064697, 104.45991065174404]"
Lüleburgaz,6,2,D_oudin,normal,59,729.1695093277954,0.07662658868634703,0.8527422921699718,"[129.98557859986664, 112.70229701364642]"
Lüleburgaz,6,3,D_oudin,normal,59,735.3130177126221,0.08954060275558623,0.6976947671629039,"[198.2019228275537, 118.7254201029511]"
Lüleburgaz,6,4,D_oudin,pearson3,59,716.6448205672993,0.07030491029126507,0.9126208644210936,"[0.6803010410660895, 168.48368787655158, 103.49012752061708]"
Lüleburgaz,6,5,D_oudin,pearson3,59,691.1918480992836,0.08636737247258652,0.7382486471754817,"[1.0814641141180596, 59.854476202610215, 89.0209326924297]"
Lüleburgaz,6,6,D_oudin,pearson3,60,697.8300971692569,0.09966765527322968,0.5564253157633976,"[0.7185502332293878, -88.00766627579567, 80.41308657836476]"
Lüleburgaz,6,7,D_oudin,normal,60,692.3893533815601,0.055525272646258506,0.9876524427875372,"[-256.2229097950459, 74.87986472995725]"
Lüleburgaz,6,8,D_oudin,normal,60,696.1530190521173,0.054956556459859085,0.9889662647122115,"[-400.5436726384617, 77.26560534112305]"
Lüleburgaz,6,9,D_oudin,logistic,60,696.1780057164189,0.06282511974409333,0.9599393053954756,"[-469.06685560325536, 43.2880670595228]"
Lüleburgaz,6,10,D_oudin,logistic,60,716.3926005593655,0.06898290878868368,0.9187857319273928,"[-443.13636546191833, 50.876842643747956]"
Lüleburgaz,6,11,D_oudin,normal,60,723.372037789004,0.0944327958936294,0.6241459164143304,"[-333.60730896545414, 96.93823880893673]"
Lüleburgaz,6,12,D_oudin,normal,60,739.7780684759482,0.05960056428473548,0.9748357337924669,"[-183.1767254429939, 111.14003522525888]"
Lüleburgaz,9,1,D_oudin,normal,59,736.5794542582087,0.062300127964101226,0.9651718580026447,"[-284.7971356966666, 120.00650456017075]"
Lüleburgaz,9,2,D_oudin,normal,59,745.084849444614,0.06201484201577262,0.9665318801225343,"[-191.48661692995728, 128.97590012923277]"
Lüleburgaz,9,3,D_oudin,normal,59,752.3129337173634,0.08509899285522216,0.7541669327015067,"[-88.40972854995812, 137.1232995334937]"
Lüleburgaz,9,4,D_oudin,normal,59,746.2243509868822,0.08288473074690433,0.7813927806896616,"[2.9685064021353194, 130.2274268051693]"
Lüleburgaz,9,5,D_oudin,normal,59,738.1231491994793,0.0954274220763971,0.6213101599080534,"[51.47723583763209, 121.58676297586855]"
Lüleburgaz,9,6,D_oudin,pearson3,59,738.613178088551,0.06039227904978814,0.9736156367395657,"[0.7818900311996765, 16.11330727713559, 126.32743859980276]"
Lüleburgaz,9,7,D_oudin,normal,59,729.3218446157896,0.08929283674378807,0.7008893972879691,"[-105.4721458358792, 112.84788704531516]"
Lüleburgaz,9,8,D_oudin,normal,59,722.0794414501197,0.05959098232060889,0.976714715669883,"[-263.1207697000973, 106.12997067968689]"
Lüleburgaz,9,9,D_oudin,normal,60,731.1766645317888,0.08242033293026985,0.7788361182332104,"[-376.47679475121623, 103.45250501039845]"
Lüleburgaz,9,10,D_oudin,normal,60,740.5144599310983,0.050131114406107874,0.996387846839618,"[-423.4753373248148, 111.82415359276956]"
Lüleburgaz,9,11,D_oudin,normal,60,746.4881757265679,0.07756307649986882,0.8357793751436013,"[-410.71051629407845, 117.53175415700443]"
Lüleburgaz,9,12,D_oudin,normal,60,755.0058060463983,0.04646006104146061,0.9987912577186735,"[-364.0023112784771, 126.17739301451597]"
Lüleburgaz,12,1,D_oudin,logistic,59,751.926694286407,0.08705544398578863,0.7295331642445975,"[-263.5386286429551, 76.94994588691364]"
Lüleburgaz,12,2,D_oudin,logistic,59,754.2970827444515,0.06368077672720102,0.9580957493596597,"[-263.37670050441454, 78.22262310387411]"
Lüleburgaz,12,3,D_oudin,gev,59,760.1066112705142,0.07746868008206664,0.8437394617882228,"[0.41600535456089305, -310.23031003596213, 154.72971945683173]"
Lüleburgaz,12,4,D_oudin,normal,59,756.7846744798588,0.07769569788394246,0.8412764506351588,"[-269.58962839846686, 142.41945699226085]"
Lüleburgaz,12,5,D_oudin,gev,59,751.6032241254243,0.0522546291686653,0.9944441122266954,"[0.43606004785522084, -308.2084229789698, 145.90129857030627]"
Lüleburgaz,12,6,D_oudin,normal,59,753.3574101128756,0.08265353569957612,0.7841872274818533,"[-270.49838560069446, 138.34243333535125]"
Lüleburgaz,12,7,D_oudin,normal,59,756.1662922009566,0.10452753954890659,0.5062353105849651,"[-270.9872977367221, 141.67505610084854]"
Lüleburgaz,12,8,D_oudin,normal,59,757.2474229260973,0.08961540257755618,0.6967296124186486,"[-271.4980562471299, 142.97906526972181]"
Lüleburgaz,12,9,D_oudin,normal,59,762.7111453210372,0.0732954306046742,0.8861073505613376,"[-272.04339238940236, 149.7550493545152]"
Lüleburgaz,12,10,D_oudin,gev,59,754.8904224259396,0.04908958632509275,0.9975742700656368,"[0.44780771952942033, -310.35068021492987, 151.01754929212157]"
Lüleburgaz,12,11,D_oudin,gev,59,754.6756256996779,0.07921755009605946,0.8243932612597963,"[0.452492208225292, -312.2616553514011, 150.8598118246478]"
Lüleburgaz,12,12,D_oudin,gev,60,775.8993498241736,0.06688485731032609,0.9346852415426509,"[0.4312506906074637, -313.4172619130089, 159.8657111636552]"
Tekirdağ,1,1,D_oudin,pearson3,60,614.9885354797408,0.06681727927058512,0.9351655184279788,"[1.6245785636376695, 44.87822867348477, 49.90016886678391]"
Tekirdağ,1,2,D_oudin,pearson3,60,591.6373737711094,0.07037212725130548,0.9072289192372363,"[1.1069301651146897, 29.702806030080865, 35.44444156381708]"
Tekirdağ,1,3,D_oudin,pearson3,60,574.184369906737,0.058553400883459394,0.9787361561036659,"[0.8918510854174095, 8.377322050002189, 29.429874499423995]"
Tekirdağ,1,4,D_oudin,pearson3,60,570.3735768643659,0.08279940412541528,0.7741800794926001,"[1.0403305350797467, -27.766125126006877, 29.284678542117614]"
Tekirdağ,1,5,D_oudin,pearson3,60,564.5730441345834,0.08429654456402158,0.7555561938415951,"[1.2401880099431892, -72.95366702919875, 29.17127114293008]"
Tekirdağ,1,6,D_oudin,gev,60,578.1290422090105,0.07373975587760453,0.8760317272545164,"[0.04306397169112208, -110.83942638151504, 24.747970030593542]"
Tekirdağ,1,7,D_oudin,pearson3,60,552.9888018536673,0.08927158480328079,0.6917079019031397,"[1.1310066771443714, -124.47309792327499, 25.81910685414298]"
Tekirdağ,1,8,D_oudin,pearson3,60,522.6603853179828,0.054628755361748826,0.9896759476223304,"[1.1753294673410615, -118.22192077559258, 20.254432010614206]"
Tekirdağ,1,9,D_oudin,pearson3,60,555.7027750110481,0.14286579207409844,0.15656601135575832,"[2.0504935286107315, -56.044514887856565, 40.82721014074761]"
Tekirdağ,1,10,D_oudin,pearson3,60,615.9774661782149,0.16472194181238597,0.06848768610167177,"[2.10653683388122, 0.6640983059608491, 63.18525466417903]"
Tekirdağ,1,11,D_oudin,pearson3,60,627.1963355797951,0.05498229564785247,0.9889090858110335,"[1.4144500966992575, 38.44471757863896, 51.54694429392304]"
Tekirdağ,1,12,D_oudin,pearson3,60,636.2178239854201,0.059773736190287474,0.9741477428924088,"[1.2280953220015887, 55.4242049992025, 52.83862041830541]"
Tekirdağ,3,1,D_oudin,pearson3,59,705.551762663441,0.07617059712958507,0.8575267636406436,"[0.7593473778983235, 140.27025724391245, 95.16193948531655]"
Tekirdağ,3,2,D_oudin,normal,59,688.9168416512483,0.05898338470993558,0.9788942809487385,"[129.56357907346896, 80.12801154819559]"
Tekirdağ,3,3,D_oudin,normal,60,682.3276604355143,0.09191264942186439,0.6571605539731642,"[82.95833330935666, 68.85739208357214]"
Tekirdağ,3,4,D_oudin,normal,60,642.5715462718204,0.10565162160689956,0.4821972868845945,"[10.314041565546914, 49.43885399141987]"
Tekirdağ,3,5,D_oudin,normal,60,635.7570719175011,0.08074318149316828,0.799105670226907,"[-92.34242633005414, 46.70958298878777]"
Tekirdağ,3,6,D_oudin,normal,60,640.0922625532681,0.07273257388142951,0.885812863622928,"[-198.21292266223313, 48.42789232508599]"
Tekirdağ,3,7,D_oudin,normal,60,635.5520363798987,0.06428141571949941,0.9517240654068795,"[-294.9199075762341, 46.62984176179907]"
Tekirdağ,3,8,D_oudin,normal,60,645.3730163331294,0.0907883101650172,0.6718907696836451,"[-340.1881389696652, 50.60661084852157]"
Tekirdağ,3,9,D_oudin,pearson3,60,655.5381773217799,0.06381672922515408,0.9544478270635247,"[1.3323202562344303, -301.8988507620746, 63.767631932229335]"
Tekirdağ,3,10,D_oudin,pearson3,60,683.0165986989623,0.07677273532765894,0.8444753719958132,"[1.3104342582625776, -174.75420528639438, 79.70359463343854]"
Tekirdağ,3,11,D_oudin,pearson3,60,702.6968884273771,0.08828808426543883,0.7044998427543381,"[0.8737850179653823, -18.087539887120087, 85.6289645853549]"
Tekirdağ,3,12,D_oudin,pearson3,60,715.0096145122004,0.056238163092173665,0.9858519389243733,"[0.9577274111532478, 96.54050091978891, 96.23862097658235]"
Tekirdağ,6,1,D_oudin,normal,59,734.5685399565805,0.0755123742823981,0.8643164715646275,"[-32.747228951578215, 117.97872355559129]"
Tekirdağ,6,2,D_oudin,logistic,59,741.1980932426084,0.04870619285355582,0.997830383391997,"[108.1199908783328, 70.19590661542068]"
Tekirdağ,6,3,D_oudin,logistic,59,740.3054260119458,0.05844550364034795,0.9807041648863387,"[177.9913842442698, 69.55936489441916]"
Tekirdağ,6,4,D_oudin,normal,59,728.3939182626752,0.07701703771651805,0.8485944931100659,"[148.8360503173605, 111.96395586514292]"
Tekirdağ,6,5,D_oudin,normal,59,706.2454186125113,0.08144953506754038,0.7985713011779658,"[36.166545083135055, 92.80289610087516]"
Tekirdağ,6,6,D_oudin,normal,60,691.8477048984518,0.07372839934472764,0.8761440572683749,"[-115.2545893528764, 74.5426383353082]"
Tekirdağ,6,7,D_oudin,gev,60,669.1080007886796,0.06262579334773277,0.9609906570339043,"[0.5112579668250159, -299.8039757762751, 69.10325767628737]"
Tekirdağ,6,8,D_oudin,normal,60,689.059353744398,0.07307883461090314,0.8824919385687516,"[-432.5305652997193, 72.83051494419223]"
Tekirdağ,6,9,D_oudin,normal,60,696.0959514927151,0.07025898526053628,0.9081999522596484,"[-500.1117614774618, 77.22886941425115]"
Tekirdağ,6,10,D_oudin,gev,60,723.8345349327269,0.06921312717294759,0.9169261988732016,"[0.12499579625216724, -510.7062345010006, 87.14997192305644]"
Tekirdağ,6,11,D_oudin,normal,60,725.1816465077652,0.09061155097018059,0.6742042917438509,"[-358.27567501540113, 98.41115240269723]"
Tekirdağ,6,12,D_oudin,pearson3,60,746.0683754839132,0.05619228660221465,0.9859730929719371,"[0.6716968214908339, -205.35827925312333, 119.50993334509711]"
Tekirdağ,9,1,D_oudin,normal,59,742.2055173177272,0.07494784598298038,0.8700263674911145,"[-325.8919014588967, 125.86683040448881]"
Tekirdağ,9,2,D_oudin,normal,59,750.6803643031409,0.073663196115066,0.8826123476366695,"[-224.6530227170664, 135.23921639606158]"
Tekirdağ,9,3,D_oudin,logistic,59,760.4373456527187,0.06122849874040415,0.9701020998030819,"[-125.50834139742676, 82.38005549502181]"
Tekirdağ,9,4,D_oudin,pearson3,59,754.1472431071439,0.051535619765166296,0.9953354049420325,"[0.6321629698556097, -24.181500650462034, 141.42062389151366]"
Tekirdağ,9,5,D_oudin,pearson3,59,749.5431108581761,0.06086605986404886,0.9716604384006672,"[0.5761143161726663, 20.204378642305727, 135.20804095917666]"
Tekirdağ,9,6,D_oudin,logistic,59,740.6807445623249,0.06886113481504297,0.9241373640405706,"[-21.050421235170596, 69.50352237281366]"
Tekirdağ,9,7,D_oudin,normal,59,733.3928133918462,0.0722397473602443,0.8958617118388619,"[-145.88576533495606, 116.8090458697549]"
Tekirdağ,9,8,D_oudin,normal,59,727.0129687146698,0.051913610983148284,0.9948816180647991,"[-303.6381168363675, 110.66128334531943]"
Tekirdağ,9,9,D_oudin,logistic,60,727.8868291925794,0.07465810766227954,0.8667986732383917,"[-416.3020336002305, 55.589235305229906]"
Tekirdağ,9,10,D_oudin,logistic,60,738.6190781546214,0.0707004082766155,0.9043820587371199,"[-463.68719592390823, 61.15458520597017]"
Tekirdağ,9,11,D_oudin,logistic,60,742.6679643330883,0.07167812151477737,0.8956482013610474,"[-455.2567732954221, 63.76792609529472]"
Tekirdağ,9,12,D_oudin,normal,60,755.7250222773165,0.09116071838410494,0.6670140774491815,"[-403.57122430996554, 126.93590404186975]"
Tekirdağ,12,1,D_oudin,logistic,59,753.0808173942623,0.09412896870955673,0.6381624050352006,"[-319.1285133447176, 77.42612477777308]"
Tekirdağ,12,2,D_oudin,logistic,59,759.6860106894836,0.06634979102188765,0.9420603757462911,"[-319.82852839806014, 81.13462248148517]"
Tekirdağ,12,3,D_oudin,logistic,59,763.390903293841,0.06881417651246852,0.924497301410443,"[-317.63336873599906, 84.16041935156701]"
Tekirdağ,12,4,D_oudin,normal,59,762.0355204086105,0.06457605117069609,0.9530647154795818,"[-317.32615208676447, 148.9000566485841]"
Tekirdağ,12,5,D_oudin,normal,59,760.7055049246491,0.06086928656866142,0.9716468054474299,"[-318.0500567074004, 147.23117969968533]"
Tekirdağ,12,6,D_oudin,normal,59,761.1225072779644,0.08322792422747471,0.7772265550165951,"[-318.467700943567, 147.75240309034547]"
Tekirdağ,12,7,D_oudin,normal,59,758.7023285664537,0.07427602141435186,0.8766804670041832,"[-318.9032952317625, 144.7528682773301]"
Tekirdağ,12,8,D_oudin,normal,59,760.2357436788396,0.058509182230507495,0.9804956693618296,"[-319.6002685118414, 146.64621347931387]"
Tekirdağ,12,9,D_oudin,logistic,59,760.4350291582523,0.0506478679113187,0.9962801636359623,"[-322.3247850394774, 81.35294817680946]"
Tekirdağ,12,10,D_oudin,normal,59,761.8503410927963,0.0936086520790207,0.6449243905080887,"[-320.12748394536914, 148.66656862837593]"
Tekirdağ,12,11,D_oudin,logistic,59,753.075547034354,0.045756533858982096,0.9991652561247285,"[-326.09459407217486, 77.76309205602128]"
Tekirdağ,12,12,D_oudin,normal,60,770.7346736848996,0.05894000690447693,0.9773475492935201,"[-320.61289100060907, 143.84879236614913]"
Uzunköprü,1,1,D_oudin,pearson3,60,628.8252235865042,0.08866501566217377,0.6996040959012564,"[1.1800094232976261, 58.38412079738396, 49.11499864664563]"
Uzunköprü,1,2,D_oudin,pearson3,60,620.0684068062815,0.060136098789730696,0.9726679512200325,"[1.2900823734698736, 42.961490585719716, 46.91624816911959]"
Uzunköprü,1,3,D_oudin,pearson3,60,620.1912333257254,0.08240678078713204,0.779002096545002,"[1.3321731545708184, 24.918662798002956, 47.49612450682693]"
Uzunköprü,1,4,D_oudin,normal,60,592.5907063222991,0.1023553825202283,0.52255212270149,"[-22.918717783565445, 32.59730556303631]"
Uzunköprü,1,5,D_oudin,gev,60,591.7115343551691,0.0862664290763433,0.7305690306658218,"[-0.03931389795155209, -87.56734673461793, 26.72349814796116]"
Uzunköprü,1,6,D_oudin,pearson3,60,588.7348600668691,0.06831996146397956,0.9240148859255284,"[1.102233878851448, -97.63563013005665, 34.5627455723758]"
Uzunköprü,1,7,D_oudin,gev,60,568.2670805216474,0.07186960082153965,0.8938937864113132,"[-0.2723729012667684, -143.1668960585281, 19.0439956239873]"
Uzunköprü,1,8,D_oudin,gev,60,543.4642367193875,0.10090847708752282,0.5406914646848285,"[-0.23793387682821496, -127.65575945452292, 15.754023668263613]"
Uzunköprü,1,9,D_oudin,pearson3,60,570.506550885267,0.08157693230299734,0.7890995673687873,"[2.035994692341835, -55.698281901327846, 42.39479911952768]"
Uzunköprü,1,10,D_oudin,pearson3,60,637.403814801863,0.0698475446323068,0.9116869153381166,"[1.5258708814571997, 12.786372554275797, 58.12246638020225]"
Uzunköprü,1,11,D_oudin,pearson3,60,641.6455872063106,0.06867598160796251,0.9212299760339953,"[1.3959616078734682, 53.62126787267104, 57.82712547168002]"
Uzunköprü,1,12,D_oudin,pearson3,60,652.2197099077579,0.06694483249185362,0.9342573155679377,"[1.2428390699645253, 72.83255205055326, 60.59620738840536]"
Uzunköprü,3,1,D_oudin,gev,59,700.8891335409126,0.056273000199300094,0.9869284571032099,"[0.11624234056904315, 148.4194369287647, 79.25983143295682]"
Uzunköprü,3,2,D_oudin,pearson3,59,706.4386291411706,0.08942071215681419,0.6992410620376754,"[0.8685419725438874, 172.41167117202338, 97.43398230862053]"
Uzunköprü,3,3,D_oudin,normal,60,712.4765174145697,0.10192737721065553,0.527893074398337,"[126.26421591885591, 88.52438575258002]"
Uzunköprü,3,4,D_oudin,pearson3,60,684.6260826122083,0.08686677676599808,0.722865548883419,"[1.1775827157148684, 44.96143417188469, 78.14830510337676]"
Uzunköprü,3,5,D_oudin,pearson3,60,668.2827633589502,0.06890021288666284,0.9194482222818318,"[0.830588154871379, -69.22861897623616, 63.849606787315736]"
Uzunköprü,3,6,D_oudin,normal,60,663.3741206385172,0.0706822768207937,0.904540431338215,"[-191.78287377755427, 58.79703447209689]"
Uzunköprü,3,7,D_oudin,genlogistic,60,661.6065892359658,0.0764798155654286,0.847651457641836,"[7.8865118752945405, -410.84954943479187, 45.2475252155814]"
Uzunköprü,3,8,D_oudin,genlogistic,60,674.387069402892,0.07177917327971228,0.8947240915826673,"[9.273553483925909, -477.45801990041764, 51.20088567374188]"
Uzunköprü,3,9,D_oudin,pearson3,60,671.258401189577,0.0799806335433898,0.8081251547067296,"[1.0581059654117104, -295.2147327188719, 68.12362842686326]"
Uzunköprü,3,10,D_oudin,pearson3,60,693.8881004260941,0.05493719310355258,0.9890091392551217,"[0.8856603732025324, -157.45411438473462, 79.72090172545495]"
Uzunköprü,3,11,D_oudin,normal,60,709.1323360824392,0.07829818900960966,0.827532223896024,"[10.218206099374953, 86.09143090065652]"
Uzunköprü,3,12,D_oudin,normal,60,720.8412514678311,0.08255873491574584,0.7771391438276982,"[139.24015591798155, 94.91522989894641]"
Uzunköprü,6,1,D_oudin,normal,59,731.9648889877262,0.08345687255224665,0.7744355720084903,"[30.312128136152413, 115.40405136860497]"
Uzunköprü,6,2,D_oudin,normal,59,746.5226208561681,0.06363313128540182,0.9583536931540761,"[184.91794777630062, 130.5570204559351]"
Uzunköprü,6,3,D_oudin,normal,59,751.0091238247323,0.09147935935448748,0.672595464943091,"[265.96676092643094, 135.616531431975]"
Uzunköprü,6,4,D_oudin,normal,59,740.8690418911237,0.07760171751270034,0.8422978961781614,"[229.40745004477756, 124.44929744870295]"
Uzunköprü,6,5,D_oudin,normal,59,731.9655986355335,0.11669834206772245,0.36909942354370884,"[103.09567463253025, 115.40474540655657]"
Uzunköprü,6,6,D_oudin,normal,60,718.8364127796946,0.06772463900555004,0.9285499368782462,"[-65.51865785869852, 93.34265526265732]"
Uzunköprü,6,7,D_oudin,normal,60,715.6156669976599,0.06689368944266294,0.9346223231447545,"[-248.87695837714259, 90.87070201317108]"
Uzunköprü,6,8,D_oudin,pearson3,60,712.8336039266596,0.08007445122528356,0.8070226056986629,"[0.5781038308597731, -405.8895069625695, 89.67648224260995]"
Uzunköprü,6,9,D_oudin,pearson3,60,709.6771305413723,0.07864949482170447,0.8235393159868128,"[0.6255898222717522, -486.99757429517024, 87.7847090402076]"
Uzunköprü,6,10,D_oudin,pearson3,60,733.5893022974907,0.07265101893084674,0.8865885725173362,"[0.8678076206082298, -451.2924719284631, 110.66512868530313]"
Uzunköprü,6,11,D_oudin,logistic,60,750.591360171163,0.06628339918686077,0.9388889875876176,"[-328.51582483891536, 68.4948208189728]"
Uzunköprü,6,12,D_oudin,normal,60,757.8277683368717,0.05510521297435511,0.9886330740184067,"[-155.97452662654547, 129.17978939802032]"
Uzunköprü,9,1,D_oudin,logistic,59,754.2282374923335,0.05776639058266586,0.9828330455530139,"[-266.5992900747496, 77.8019684782314]"
Uzunköprü,9,2,D_oudin,logistic,59,761.0891156428079,0.061349393615051984,0.9695701238315801,"[-153.04364785154235, 83.07391965782712]"
Uzunköprü,9,3,D_oudin,normal,59,774.3669375491592,0.0584793208317545,0.9805936327404673,"[-27.95976094875299, 165.30278539450137]"
Uzunköprü,9,4,D_oudin,normal,59,767.1109498494332,0.07457313905065913,0.8737568680261696,"[73.64281201343732, 155.4442947069162]"
Uzunköprü,9,5,D_oudin,normal,59,764.1484198222549,0.07978757807469139,0.8179118970467105,"[115.60199485553983, 151.59026367578622]"
Uzunköprü,9,6,D_oudin,normal,59,755.9525449358675,0.0730315479249235,0.8885846072527854,"[74.76035719716671, 141.4186557189857]"
Uzunköprü,9,7,D_oudin,gev,59,745.8525473866903,0.04761573131759647,0.9984438867966123,"[0.5326349847201031, -93.99959570638524, 146.26483897420366]"
Uzunköprü,9,8,D_oudin,gev,59,743.0918177758966,0.05975490011666784,0.9761017359769905,"[0.42996172347427264, -268.06929030485037, 135.51935489775877]"
Uzunköprü,9,9,D_oudin,normal,60,748.7938985321922,0.0655956402777621,0.9434995669103324,"[-360.73334040322555, 119.8118866964969]"
Uzunköprü,9,10,D_oudin,logistic,60,759.5822455323479,0.060723736390991045,0.9701513342363054,"[-412.21377787882994, 73.27502428445811]"
Uzunköprü,9,11,D_oudin,logistic,60,763.2250838332063,0.07745831766489403,0.8369423940875528,"[-401.81213980788885, 76.11658685745962]"
Uzunköprü,9,12,D_oudin,normal,60,772.6294807534196,0.04718322816642084,0.9984692800991719,"[-347.7574004040999, 146.138200649541]"
Uzunköprü,12,1,D_oudin,logistic,59,766.6166016719153,0.07318961610766762,0.8871037900925235,"[-216.44941425458188, 87.11232232269153]"
Uzunköprü,12,2,D_oudin,pearson3,59,776.6796026335021,0.05601375886243892,0.9875610219618728,"[0.5720711410561765, -218.18073285592806, 170.09926780088426]"
Uzunköprü,12,3,D_oudin,pearson3,59,782.9953924662359,0.09554067411501788,0.619842525063,"[0.6972453304089716, -218.50059014453146, 181.9681800104637]"
Uzunköprü,12,4,D_oudin,normal,59,784.0074521515098,0.09530376032773846,0.6229131813741964,"[-218.49477207750684, 179.37491838505392]"
Uzunköprü,12,5,D_oudin,normal,59,781.0396357406736,0.06983357837793408,0.9164755591881631,"[-219.04384806784907, 174.91972335380225]"
Uzunköprü,12,6,D_oudin,normal,59,778.0331675530464,0.05944464789359588,0.9772529229400209,"[-219.166164678017, 170.51931947737046]"
Uzunköprü,12,7,D_oudin,gev,59,770.0045806770279,0.054476570403505536,0.9908688179829286,"[0.49668914324981894, -259.6430681474602, 176.3755835029341]"
Uzunköprü,12,8,D_oudin,gev,59,767.652938939106,0.06289131149916599,0.9622426558482593,"[0.5764915341245498, -253.19066055771606, 180.6655486299834]"
Uzunköprü,12,9,D_oudin,normal,59,771.2678794366132,0.09938497759918191,0.5704091091384602,"[-219.70088509237334, 161.01791802663348]"
Uzunköprü,12,10,D_oudin,normal,59,777.6027402155704,0.09366127173069067,0.6442404212008987,"[-219.80534030729623, 169.8984510361656]"
Uzunköprü,12,11,D_oudin,normal,59,780.260778245009,0.10098376176201235,0.5501657393024988,"[-221.3730790271432, 173.768969894406]"
Uzunköprü,12,12,D_oudin,normal,60,791.3593150099974,0.07485586560514512,0.8647725385897678,"[-221.4931844852439, 170.824157022879]"
Çorlu,1,1,D_oudin,pearson3,60,603.7198608400103,0.06740806956981416,0.9308989310736167,"[1.809147864938307, 45.4784081424627, 48.8624569569069]"
Çorlu,1,2,D_oudin,pearson3,60,584.9736547465604,0.059476163749923705,0.9753223535595398,"[0.9262430378973016, 31.808692653563313, 32.38478488888353]"
Çorlu,1,3,D_oudin,pearson3,60,569.6186299864536,0.05108252493955473,0.9953817517757876,"[0.9101673299362605, 9.436195808247051, 28.417425409104965]"
Çorlu,1,4,D_oudin,pearson3,60,568.3987841310702,0.10304527642090094,0.51398937158264,"[0.8134854977259013, -24.97529680899087, 27.70511043087101]"
Çorlu,1,5,D_oudin,pearson3,60,593.0609617079459,0.07298408910695886,0.8834050231767203,"[1.0060849149805118, -61.420487542081574, 35.145373287015744]"
Çorlu,1,6,D_oudin,pearson3,60,596.272055390585,0.07134762306530834,0.8986427780007629,"[0.9089694180237509, -88.05156997747545, 35.47796995733238]"
Çorlu,1,7,D_oudin,pearson3,60,563.5091559164669,0.06794248914100753,0.9269081626276446,"[1.1436486726782977, -118.30822801753281, 28.263912021769563]"
Çorlu,1,8,D_oudin,gev,60,533.2252986275066,0.06281831692107664,0.9599754757368908,"[-0.17962867233242152, -120.99486602755698, 14.990690921836602]"
Çorlu,1,9,D_oudin,pearson3,60,575.1192026528748,0.07329010197246666,0.8804440753135371,"[1.334284056535516, -52.99357278066725, 32.64286465862182]"
Çorlu,1,10,D_oudin,pearson3,60,611.2016987371344,0.091784625389363,0.658838664129318,"[1.6902356771608984, 1.4673517487018746, 49.5529880419235]"
Çorlu,1,11,D_oudin,gev,60,615.4681852246495,0.10141409042635202,0.5343260665690962,"[-0.016042620086800373, 21.892664902722352, 32.65767397930624]"
Çorlu,1,12,D_oudin,pearson3,60,620.8188490354881,0.087378447856169,0.7162729949449421,"[1.3349711635651151, 56.20011000696553, 47.78179424007036]"
Çorlu,3,1,D_oudin,logistic,59,690.486930858398,0.05399663735667348,0.9917548591576566,"[141.6153682489546, 45.304008526988206]"
Çorlu,3,2,D_oudin,normal,59,684.1842718049459,0.09532680285901496,0.6226144446877753,"[133.10764297560863, 76.97794683087837]"
Çorlu,3,3,D_oudin,normal,60,683.8017793347161,0.11914127783096556,0.33508007808642815,"[86.72331600979469, 69.70847539772558]"
Çorlu,3,4,D_oudin,normal,60,650.7224620070425,0.09159640413397718,0.6613055623897726,"[16.269635081703925, 52.91362837331923]"
Çorlu,3,5,D_oudin,gev,60,640.0562444055972,0.08314835219496408,0.769871797199535,"[0.10462885968582289, -97.77140314652561, 43.034632517464914]"
Çorlu,3,6,D_oudin,gev,60,652.179424374037,0.0676635790601427,0.9290064059411811,"[0.13988584785667413, -196.5166716737525, 48.63086867965001]"
Çorlu,3,7,D_oudin,normal,60,662.4582311544784,0.08221711282581118,0.7813214833682001,"[-267.7802123355092, 58.34997948327835]"
Çorlu,3,8,D_oudin,genlogistic,60,657.9377720127908,0.06981414149959397,0.9119669474646123,"[2.226088303211016, -358.81043788876735, 37.72319813225576]"
Çorlu,3,9,D_oudin,gev,60,648.5040179700767,0.10891355405528863,0.44379289921118203,"[-0.010922348640301408, -305.87960795461606, 43.07061725415248]"
Çorlu,3,10,D_oudin,gev,60,663.5246436441067,0.11075625466820505,0.42284682879447655,"[0.086582604714704, -186.7028157252886, 51.34789358162189]"
Çorlu,3,11,D_oudin,normal,60,674.6617980611027,0.05720510223383801,0.9831233129016422,"[-10.171059686491322, 64.59618788674727]"
Çorlu,3,12,D_oudin,normal,60,695.6742829572379,0.06565042374749153,0.9431400159883266,"[99.02262421757685, 76.95797078010082]"
Çorlu,6,1,D_oudin,normal,59,709.6952101265518,0.0611771874477367,0.9703260395062675,"[-15.884534095314525, 95.55608652894838]"
Çorlu,6,2,D_oudin,normal,59,722.4640565160104,0.06294635933286363,0.961962251983082,"[124.03838700716497, 106.47646035802256]"
Çorlu,6,3,D_oudin,logistic,59,726.3335770351557,0.06031627157821581,0.9739207442574199,"[187.65973546223248, 61.50522274196314]"
Çorlu,6,4,D_oudin,normal,59,722.8786814242897,0.05460850581706833,0.9906134627990989,"[159.64272813491547, 106.85125227445539]"
Çorlu,6,5,D_oudin,normal,59,702.1508846729465,0.09278153204883163,0.6556770140731134,"[55.6083120899052, 89.63791662838335]"
Çorlu,6,6,D_oudin,normal,60,697.9427377748366,0.06400244902505914,0.9533707679368336,"[-87.72394054945653, 78.42660575869189]"
Çorlu,6,7,D_oudin,normal,60,686.3218247910033,0.05770894140640109,0.9815652534930146,"[-251.5105772538051, 71.18785922831589]"
Çorlu,6,8,D_oudin,normal,60,694.1046863959556,0.05663306611499497,0.9847782805631913,"[-392.3884408143518, 75.95791732075763]"
Çorlu,6,9,D_oudin,logistic,60,689.9432710118044,0.050965734041753974,0.9955156358905823,"[-457.77980374999055, 41.04413643319308]"
Çorlu,6,10,D_oudin,pearson3,60,712.3667326038147,0.05848455917825346,0.9789772000876324,"[0.6609559519242746, -428.3755549354736, 90.13351322397509]"
Çorlu,6,11,D_oudin,normal,60,707.2153925155881,0.06358732791220423,0.955757027648773,"[-325.5999910740778, 84.72708716682068]"
Çorlu,6,12,D_oudin,normal,60,718.5268028862532,0.07592221030054203,0.8536248927624395,"[-181.3483550439577, 93.10213393226917]"
Çorlu,9,1,D_oudin,normal,59,725.7953008049647,0.09523314014537335,0.6238288461057999,"[-281.3708575577591, 109.52521700444773]"
Çorlu,9,2,D_oudin,logistic,59,734.816415000389,0.06805573936732917,0.9301810149450793,"[-191.6952145523097, 66.4871409376813]"
Çorlu,9,3,D_oudin,normal,59,741.8351799413915,0.06058196288353229,0.972843917486869,"[-92.67337687284117, 125.4724225946437]"
Çorlu,9,4,D_oudin,normal,59,742.5897010720785,0.05439980433334668,0.9910150312479967,"[-0.3807065017058357, 126.27729477346648]"
Çorlu,9,5,D_oudin,normal,59,736.8779330381137,0.05374054208405005,0.992200825803683,"[46.53905612146168, 120.31044299683126]"
Çorlu,9,6,D_oudin,normal,59,738.3000854255757,0.07900215607349448,0.8268207238776255,"[12.579787745431842, 121.76921416284016]"
Çorlu,9,7,D_oudin,normal,59,731.0395142414741,0.06895807787837166,0.9233913458073261,"[-107.95944429548247, 114.50257384891846]"
Çorlu,9,8,D_oudin,pearson3,59,721.9393795997274,0.059210098798143984,0.9780979513627728,"[-0.5264975303668418, -259.5727489663991, 106.50055664717618]"
Çorlu,9,9,D_oudin,normal,60,724.2102748246562,0.049847002939918617,0.9966526329684318,"[-368.09491981099103, 97.61775286977918]"
Çorlu,9,10,D_oudin,normal,60,728.9637882739834,0.09167747132315074,0.660243109294985,"[-412.10594074544866, 101.5622573257913]"
Çorlu,9,11,D_oudin,normal,60,731.4033017830318,0.05932564678883201,0.9759026713183431,"[-402.5595005008427, 103.64807456095278]"
Çorlu,9,12,D_oudin,normal,60,735.8091805806704,0.08723567378700642,0.7181148808816716,"[-355.79561160320867, 107.52430542653516]"
Çorlu,12,1,D_oudin,normal,59,736.6813147643804,0.09326081327692637,0.649446162177769,"[-264.1789272771636, 120.11014185519343]"
Çorlu,12,2,D_oudin,logistic,59,746.6863296853618,0.08456636876335144,0.7607866389463475,"[-268.9060431908146, 73.58049686692189]"
Çorlu,12,3,D_oudin,normal,59,746.9798275601457,0.07104741894259431,0.9063650892613764,"[-265.05997982436537, 131.063862285784]"
Çorlu,12,4,D_oudin,normal,59,752.7700395381851,0.0608221921458687,0.9718453540213398,"[-265.86702996415045, 137.65551495074473]"
Çorlu,12,5,D_oudin,normal,59,749.0410669300067,0.054408630248042766,0.9909983088755602,"[-266.9146340588724, 133.3734159689929]"
Çorlu,12,6,D_oudin,normal,59,749.6629081962777,0.07422670276466278,0.8771627730515459,"[-267.4323353277937, 134.07812792590488]"
Çorlu,12,7,D_oudin,normal,59,751.0270690084276,0.0670417365631612,0.9373942509065682,"[-267.9828789321038, 135.6371572678324]"
Çorlu,12,8,D_oudin,normal,59,751.4461352818741,0.07953192775817353,0.820828837141445,"[-268.6420432947403, 136.11971667779414]"
Çorlu,12,9,D_oudin,normal,59,755.9462187421905,0.09961498975942429,0.5674829872169533,"[-267.4270203099842, 141.41107421199942]"
Çorlu,12,10,D_oudin,gev,59,753.5110662119134,0.05831727617523075,0.9811193475901168,"[0.40694511160889146, -308.97758100504757, 146.7876101297531]"
Çorlu,12,11,D_oudin,gev,59,745.7678844121347,0.10550172216003495,0.4944245691466511,"[0.4502151897450174, -306.15594205254024, 138.68650734232054]"
Çorlu,12,12,D_oudin,gev,60,757.2956904108175,0.09702831714468785,0.5903484234233682,"[0.44423926035524197, -304.3268786899101, 137.12334333958952]"
İpsala,1,1,D_oudin,pearson3,60,620.3524856164358,0.1250367853497678,0.28118926324004845,"[1.4840860628943875, 48.771486115580956, 49.74386092951749]"
İpsala,1,2,D_oudin,pearson3,60,615.0523124570512,0.06715400770967739,0.9327524755506805,"[1.177279463823052, 37.82944969054183, 43.76160504175016]"
İpsala,1,3,D_oudin,pearson3,60,586.6219399013406,0.11004330879569157,0.430883980240118,"[1.5841798019808655, 16.82038592256434, 38.83141963490988]"
İpsala,1,4,D_oudin,pearson3,60,582.0997765223884,0.05400830375143917,0.9909275135533997,"[0.9916597661098864, -30.578834002385037, 31.99049362840035]"
İpsala,1,5,D_oudin,gev,60,576.505813776968,0.11992374539866069,0.3275506289346197,"[-0.19300241710390104, -94.4402525429725, 21.40919543310708]"
İpsala,1,6,D_oudin,genlogistic,60,576.9719392021822,0.08831091222299392,0.7042036079387219,"[329.98735128162457, -253.23776765492732, 23.350119103966044]"
İpsala,1,7,D_oudin,gev,60,536.378126494859,0.0751492186020678,0.861742867924186,"[-0.09490726327863738, -144.32531700983446, 16.232392007354758]"
İpsala,1,8,D_oudin,gev,60,511.0200619225485,0.13164401465890752,0.2285014509327895,"[-0.17074150577879743, -128.98863034519778, 12.543583658740971]"
İpsala,1,9,D_oudin,pearson3,60,564.947367183903,0.06191725227655731,0.9645866447934716,"[1.5765136833113367, -61.69939390879365, 32.32803043593698]"
İpsala,1,10,D_oudin,pearson3,60,625.1833679413252,0.07211113334880204,0.8916605970987704,"[1.4910456097801652, 3.871043117917382, 51.902518841487996]"
İpsala,1,11,D_oudin,pearson3,60,649.2763000459519,0.10242586874597331,0.5216746217277702,"[1.440097745985541, 51.40411367764298, 62.440512493253195]"
İpsala,1,12,D_oudin,pearson3,60,649.8189019678758,0.09104554151701078,0.6685226342022912,"[1.1891017177783891, 67.20381217079736, 58.62928232763686]"
İpsala,3,1,D_oudin,pearson3,59,709.3941325406582,0.07061783600133686,0.9100115427304253,"[0.7580403346282956, 168.64474211597576, 98.29418542568519]"
İpsala,3,2,D_oudin,pearson3,59,707.4348551772009,0.07344006603910525,0.8847387026347708,"[0.8451832207020198, 152.3967234484915, 97.90194189934]"
İpsala,3,3,D_oudin,normal,60,699.163008991919,0.08969691513502565,0.6861597514271609,"[103.42133203086317, 79.22818888516909]"
İpsala,3,4,D_oudin,pearson3,60,664.297418274202,0.07368656300593196,0.8765574740498062,"[1.0290195314805692, 24.07098943939188, 63.914221611851545]"
İpsala,3,5,D_oudin,pearson3,60,656.6006315976881,0.0807029289669361,0.7995850237557431,"[0.807128397791472, -90.93229813799994, 57.725705579977856]"
İpsala,3,6,D_oudin,genlogistic,60,657.2937571716961,0.05035803384785831,0.9961649520401066,"[6.38251941380137, -313.5799647414052, 43.45170289771388]"
İpsala,3,7,D_oudin,genlogistic,60,655.3415280501556,0.1343755178053092,0.2090268029553466,"[5.740317282135095, -406.74021736899533, 40.68007439901744]"
İpsala,3,8,D_oudin,genlogistic,60,649.874702313665,0.10444671806559813,0.496780737986954,"[8.05834116933027, -461.7511691195175, 40.19302557324298]"
İpsala,3,9,D_oudin,genlogistic,60,642.2670496469285,0.07869610862512055,0.8230070695399254,"[364.4121862812466, -576.9059640470359, 40.498812962704775]"
İpsala,3,10,D_oudin,pearson3,60,676.5511107820187,0.07315353271639102,0.8817697345256522,"[0.9048202968761632, -176.8208771904703, 69.21455221595954]"
İpsala,3,11,D_oudin,gev,60,701.4350785708706,0.09129238056457811,0.6652893007503231,"[0.151687144179674, -39.46599481619461, 73.44340051959429]"
İpsala,3,12,D_oudin,normal,60,711.8359752428088,0.0693872099298305,0.9155052818430639,"[122.47894554899044, 88.05311463995356]"
İpsala,6,1,D_oudin,normal,59,727.5749221436174,0.06958212538819519,0.9184945537422116,"[-7.264797109679902, 111.18954435259789]"
İpsala,6,2,D_oudin,normal,59,745.4173637645177,0.07379370807676211,0.8813602753569852,"[147.95983641168496, 129.3398561936246]"
İpsala,6,3,D_oudin,normal,59,747.6555733476938,0.07975140184016216,0.81832565025936,"[227.2473720203167, 131.8165735641115]"
İpsala,6,4,D_oudin,normal,59,744.8473338924784,0.07369491451679533,0.8823086196037264,"[191.60781523704134, 128.71655290635547]"
İpsala,6,5,D_oudin,normal,59,731.6111710178136,0.08189449051758255,0.7932895535027201,"[61.27903732144098, 115.05863301344169]"
İpsala,6,6,D_oudin,normal,60,724.7247558618278,0.09497981061649102,0.6169977961946795,"[-108.08573491082971, 98.03717201349728]"
İpsala,6,7,D_oudin,genlogistic,60,717.6223562859909,0.07578511520761944,0.8550786624227967,"[2.5587599601433775, -374.5504456955782, 64.58824881195908]"
İpsala,6,8,D_oudin,genlogistic,60,708.0749299964172,0.049455767463195466,0.9969923023011086,"[4.064121039445702, -563.7659950751414, 62.589257223385715]"
İpsala,6,9,D_oudin,gev,60,693.9341088547409,0.08317740112411909,0.7695122123066066,"[-0.04962374195515723, -564.2692525225971, 62.29678110703672]"
İpsala,6,10,D_oudin,genlogistic,60,719.2472750732037,0.06958192527420592,0.9139009267993488,"[8.662852257150423, -688.5231242509076, 73.53570393065914]"
İpsala,6,11,D_oudin,pearson3,60,736.2174371238943,0.06065010466106524,0.9704746575047387,"[0.5152898803614818, -362.4287953610151, 108.32461682005251]"
İpsala,6,12,D_oudin,normal,60,736.9817791635388,0.06464342453088173,0.9495354541214037,"[-191.47055798442852, 108.58014608174086]"
İpsala,9,1,D_oudin,genlogistic,59,752.6641757041018,0.09702622691290197,0.6006396847019531,"[4.560904374814031, -524.6081472724361, 103.5488807221482]"
İpsala,9,2,D_oudin,normal,59,756.7646718430532,0.10427389522596164,0.5093305737910085,"[-206.35582165273675, 142.39531696485946]"
İpsala,9,3,D_oudin,normal,59,764.8312719887329,0.09189105299525702,0.6672494752891824,"[-86.28066829176254, 152.47004189179142]"
İpsala,9,4,D_oudin,normal,59,763.5261785322248,0.09067488828410436,0.6830285088377885,"[15.69828822347958, 150.79299708993372]"
İpsala,9,5,D_oudin,normal,59,764.9403856015105,0.09579762485458648,0.6165143826919748,"[56.842159218095425, 152.61109486912363]"
İpsala,9,6,D_oudin,normal,59,762.330160674151,0.09988459060568294,0.5640588704040796,"[15.675269962296385, 149.2723174190357]"
İpsala,9,7,D_oudin,normal,59,764.152213912646,0.06375291975700831,0.9577032986754339,"[-122.38849307480513, 151.59513788264465]"
İpsala,9,8,D_oudin,normal,59,755.1911811238352,0.0497474707963208,0.9970800205839602,"[-293.98259088479927, 140.50912662404397]"
İpsala,9,9,D_oudin,logistic,60,753.3183571212197,0.07748929832329882,0.8365987755539815,"[-424.53930335675085, 70.35123161429445]"
İpsala,9,10,D_oudin,pearson3,60,753.1789621341622,0.051670185603347685,0.994661181836545,"[0.5916743241933358, -466.93567562635263, 125.68767899745166]"
İpsala,9,11,D_oudin,logistic,60,760.7308513964396,0.055545427377098,0.987603917898765,"[-457.68335029134187, 74.1121482386928]"
İpsala,9,12,D_oudin,logistic,60,766.5781342763693,0.08493278752844519,0.7475396325112499,"[-407.63362649867, 78.18728157966322]"
İpsala,12,1,D_oudin,normal,59,769.3732330268468,0.07129937257811186,0.9041921035236836,"[-294.1137389897977, 158.45320693993995]"
İpsala,12,2,D_oudin,logistic,59,776.3837078076447,0.0847489571277838,0.7585219966533883,"[-302.4174557443022, 94.39578885783081]"
İpsala,12,3,D_oudin,normal,59,781.7359586308263,0.13005304083985225,0.2487199438755775,"[-295.9125081140814, 175.95498344249907]"
İpsala,12,4,D_oudin,normal,59,781.2955297862281,0.13901257922639432,0.1859773721420046,"[-296.3918261941278, 175.29946475106226]"
İpsala,12,5,D_oudin,normal,59,776.3207086132331,0.08645278909526544,0.7371695562006089,"[-297.4734988463261, 168.0625509391307]"
İpsala,12,6,D_oudin,normal,59,777.4654700218786,0.1048723170826189,0.5020411218241903,"[-297.85277034978265, 169.70092194104237]"
İpsala,12,7,D_oudin,normal,59,780.2359279165884,0.08358139250904278,0.772913807451414,"[-298.2980200883668, 173.73237869691806]"
İpsala,12,8,D_oudin,normal,59,781.2166622364698,0.06351417081475014,0.9589934120571363,"[-298.41946898814473, 175.18233915750235]"
İpsala,12,9,D_oudin,normal,59,779.2368774141974,0.04324883093240173,0.9996838749003719,"[-297.5513844990992, 172.26767757324683]"
İpsala,12,10,D_oudin,normal,59,783.5868247761651,0.0773522497228401,0.8449968323818127,"[-297.919947913012, 178.73664987007894]"
İpsala,12,11,D_oudin,normal,59,788.4827859390485,0.08874593480566828,0.7079272012838145,"[-300.3174790040475, 186.30864665034548]"
İpsala,12,12,D_oudin,normal,60,789.2462657345353,0.07350440036698369,0.8783502765309765,"[-299.5562928952581, 167.84248695465365]"
