year,month,temp,precip,name,lat,PET,D
1965,1,3.9,32.8,Edirne,41.67669444444444,7.091636075679957,25.70836392432004
1965,2,0.2,113.3,Edirne,41.67669444444444,0.10428133424979981,113.19571866575019
1965,3,7.3,65.1,Edirne,41.67669444444444,21.705260269432397,43.39473973056759
1965,4,10.6,40.8,Edirne,41.67669444444444,40.181256327459565,0.6187436725404325
1965,5,16.4,72.0,Edirne,41.67669444444444,84.37621402294818,-12.376214022948176
1965,6,22.8,7.0,Edirne,41.67669444444444,136.05542505598996,-129.05542505598996
1965,7,24.6,6.4,Edirne,41.67669444444444,153.58866577699126,-147.18866577699126
1965,8,22.1,30.7,Edirne,41.67669444444444,122.40331587191768,-91.70331587191768
1965,9,20.6,0.1,Edirne,41.67669444444444,96.35890937139504,-96.25890937139505
1965,10,12.5,2.1,Edirne,41.67669444444444,43.27459955765592,-41.17459955765592
1965,11,9.6,88.9,Edirne,41.67669444444444,25.56066773863821,63.3393322613618
1965,12,7.1,141.2,Edirne,41.67669444444444,16.137443558407462,125.06255644159253
1966,1,3.4,112.8,Edirne,41.67669444444444,4.521419418074963,108.27858058192504
1966,2,9.3,20.7,Edirne,41.67669444444444,21.514424962056452,-0.814424962056453
1966,3,8.1,66.6,Edirne,41.67669444444444,21.70530372184763,44.89469627815237
1966,4,14.1,51.9,Edirne,41.67669444444444,55.68211295040568,-3.7821129504056827
1966,5,17.0,52.1,Edirne,41.67669444444444,83.92733051479063,-31.827330514790624
1966,6,20.9,33.9,Edirne,41.67669444444444,116.55502469924497,-82.65502469924496
1966,7,24.6,28.6,Edirne,41.67669444444444,151.93128066339779,-123.33128066339779
1966,8,24.9,28.3,Edirne,41.67669444444444,143.6836648983573,-115.38366489835731
1966,9,19.3,31.9,Edirne,41.67669444444444,84.31796946313895,-52.41796946313895
1966,10,17.7,88.3,Edirne,41.67669444444444,67.40907958052273,20.89092041947727
1966,11,11.4,218.3,Edirne,41.67669444444444,29.362584764553244,188.93741523544676
1966,12,5.4,130.2,Edirne,41.67669444444444,8.971080164760794,121.2289198352392
1967,1,0.3,103.9,Edirne,41.67669444444444,0.18212735194503168,103.71787264805498
1967,2,1.9,18.9,Edirne,41.67669444444444,2.541065164591061,16.358934835408938
1967,3,7.6,35.8,Edirne,41.67669444444444,22.892844384031523,12.907155615968474
1967,4,12.4,43.3,Edirne,41.67669444444444,50.098907986799695,-6.798907986799698
1967,5,18.0,49.6,Edirne,41.67669444444444,96.19733006488373,-46.59733006488373
1967,6,20.4,67.0,Edirne,41.67669444444444,116.04867104662479,-49.04867104662479
1967,7,23.6,44.5,Edirne,41.67669444444444,144.72671456846803,-100.22671456846803
1967,8,24.4,10.3,Edirne,41.67669444444444,140.86672188449722,-130.5667218844972
1967,9,20.2,40.7,Edirne,41.67669444444444,93.6241341559629,-52.9241341559629
1967,10,14.3,36.5,Edirne,41.67669444444444,52.294245283439004,-15.794245283439004
1967,11,9.2,32.5,Edirne,41.67669444444444,23.977829429416825,8.522170570583175
1967,12,3.9,53.7,Edirne,41.67669444444444,6.84140289981917,46.85859710018083
1968,1,1.2,133.4,Edirne,41.67669444444444,1.0666917639613296,132.33330823603868
1968,2,5.9,50.3,Edirne,41.67669444444444,11.542257775708013,38.75774222429199
1968,3,7.3,18.3,Edirne,41.67669444444444,19.808348405824315,-1.5083484058243144
1968,4,14.7,3.6,Edirne,41.67669444444444,61.31934585805264,-57.71934585805264
1968,5,21.3,3.2,Edirne,41.67669444444444,120.3924224605842,-117.1924224605842
1968,6,21.9,35.9,Edirne,41.67669444444444,126.64959602258452,-90.74959602258451
1968,7,24.8,5.8,Edirne,41.67669444444444,154.49414668306605,-148.69414668306604
1968,8,22.8,67.1,Edirne,41.67669444444444,126.48588530999923,-59.38588530999924
1968,9,19.8,52.4,Edirne,41.67669444444444,89.14941372876947,-36.749413728769476
1968,10,12.9,10.0,Edirne,41.67669444444444,42.98541245973254,-32.98541245973254
1968,11,10.2,48.5,Edirne,41.67669444444444,26.03111324736587,22.46888675263413
1968,12,3.0,95.6,Edirne,41.67669444444444,4.0639119289113985,91.5360880710886
1969,1,-2.0,81.8,Edirne,41.67669444444444,0.0,81.8
1969,2,5.4,109.7,Edirne,41.67669444444444,10.691855565021633,99.00814443497836
1969,3,5.5,50.2,Edirne,41.67669444444444,13.716131098236605,36.4838689017634
1969,4,11.0,66.5,Edirne,41.67669444444444,41.03206130079067,25.467938699209327
1969,5,20.1,10.9,Edirne,41.67669444444444,111.5289264554064,-100.6289264554064
1969,6,22.5,22.9,Edirne,41.67669444444444,132.67624705675016,-109.77624705675015
1969,7,22.4,17.0,Edirne,41.67669444444444,133.5628716080593,-116.56287160805931
1969,8,23.6,47.1,Edirne,41.67669444444444,133.7661312103563,-86.6661312103563
1969,9,20.7,19.8,Edirne,41.67669444444444,96.12910047939738,-76.32910047939738
1969,10,13.7,0.9,Edirne,41.67669444444444,48.13447933495523,-47.23447933495523
1969,11,10.5,16.0,Edirne,41.67669444444444,28.081726099441838,-12.081726099441838
1969,12,6.2,153.6,Edirne,41.67669444444444,12.632772026347341,140.96722797365265
1970,1,5.1,47.7,Edirne,41.67669444444444,9.509703606857112,38.19029639314289
1970,2,6.2,80.0,Edirne,41.67669444444444,12.745555611695087,67.25444438830492
1970,3,8.2,81.1,Edirne,41.67669444444444,24.045710657538983,57.05428934246101
1970,4,14.7,92.7,Edirne,41.67669444444444,61.95697719959407,30.74302280040593
1970,5,16.5,52.3,Edirne,41.67669444444444,82.93560200863344,-30.63560200863344
1970,6,21.8,25.9,Edirne,41.67669444444444,126.23931967780216,-100.33931967780217
1970,7,25.0,38.7,Edirne,41.67669444444444,156.55043417943511,-117.85043417943511
1970,8,24.2,2.9,Edirne,41.67669444444444,138.49771736755227,-135.59771736755226
1970,9,19.4,12.7,Edirne,41.67669444444444,86.95957416923738,-74.25957416923738
1970,10,12.2,45.5,Edirne,41.67669444444444,40.09074734859975,5.4092526514002515
1970,11,9.3,58.6,Edirne,41.67669444444444,23.095590920215493,35.50440907978451
1970,12,4.6,30.2,Edirne,41.67669444444444,7.927183014949991,22.272816985050007
1971,1,5.6,68.0,Edirne,41.67669444444444,12.118321273395576,55.88167872660442
1971,2,4.6,59.4,Edirne,41.67669444444444,9.229443505354837,50.17055649464516
1971,3,6.6,125.3,Edirne,41.67669444444444,19.16821993706066,106.13178006293934
1971,4,11.8,76.7,Edirne,41.67669444444444,47.32744077858316,29.372559221416843
1971,5,19.0,28.5,Edirne,41.67669444444444,104.50877253019493,-76.00877253019493
1971,6,21.5,107.8,Edirne,41.67669444444444,125.53711201142148,-17.737112011421488
1971,7,22.4,68.0,Edirne,41.67669444444444,134.7629353592104,-66.76293535921039
1971,8,24.2,2.6,Edirne,41.67669444444444,139.4686612137252,-136.8686612137252
1971,9,18.4,101.5,Edirne,41.67669444444444,82.48410000994865,19.015899990051352
1971,10,11.6,30.7,Edirne,41.67669444444444,39.35812312326886,-8.658123123268862
1971,11,8.6,48.3,Edirne,41.67669444444444,22.199799285744785,26.100200714255212
1971,12,4.2,46.6,Edirne,41.67669444444444,7.843590591862924,38.756409408137074
1972,1,2.4,16.8,Edirne,41.67669444444444,3.218374208935071,13.58162579106493
1972,2,3.9,40.0,Edirne,41.67669444444444,6.580479880012493,33.41952011998751
1972,3,7.8,10.2,Edirne,41.67669444444444,22.66390680200517,-12.46390680200517
1972,4,15.2,50.2,Edirne,41.67669444444444,65.52960177283154,-15.329601772831538
1972,5,18.3,55.0,Edirne,41.67669444444444,97.06050005042687,-42.06050005042687
1972,6,23.5,13.9,Edirne,41.67669444444444,141.24998772419016,-127.34998772419016
1972,7,24.5,29.6,Edirne,41.67669444444444,152.11953077569598,-122.51953077569598
1972,8,24.1,67.2,Edirne,41.67669444444444,137.8312550121235,-70.6312550121235
1972,9,18.3,88.4,Edirne,41.67669444444444,80.1474083424111,8.252591657588908
1972,10,11.9,150.9,Edirne,41.67669444444444,39.01810082043419,111.8818991795658
1972,11,9.1,24.2,Edirne,41.67669444444444,22.65416665339911,1.5458333466008902
1972,12,3.5,3.8,Edirne,41.67669444444444,5.425934951355923,-1.625934951355923
1973,1,1.2,86.5,Edirne,41.67669444444444,1.3914579671987721,85.10854203280122
1973,2,6.2,96.1,Edirne,41.67669444444444,14.089335275862691,82.0106647241373
1973,3,5.8,84.4,Edirne,41.67669444444444,16.02162930356937,68.37837069643064
1973,4,12.5,59.1,Edirne,41.67669444444444,51.39840774449739,7.701592255502611
1973,5,18.5,17.2,Edirne,41.67669444444444,100.72176858819876,-83.52176858819875
1973,6,20.7,43.6,Edirne,41.67669444444444,119.0623772232049,-75.4623772232049
1973,7,24.2,18.9,Edirne,41.67669444444444,150.29071478065072,-131.3907147806507
1973,8,22.3,6.0,Edirne,41.67669444444444,124.33685377870994,-118.33685377870994
1973,9,20.2,9.5,Edirne,41.67669444444444,94.11999453241195,-84.61999453241195
1973,10,14.2,50.6,Edirne,41.67669444444444,52.388403885759374,-1.7884038857593723
1973,11,6.1,16.1,Edirne,41.67669444444444,13.720333843126852,2.3796661568731494
1973,12,3.5,60.2,Edirne,41.67669444444444,6.0888535150760585,54.11114648492394
1974,1,0.9,16.8,Edirne,41.67669444444444,0.8869296730626245,15.913070326937376
1974,2,5.4,50.8,Edirne,41.67669444444444,11.353299594696741,39.446700405303254
1974,3,7.1,60.2,Edirne,41.67669444444444,20.917108583324584,39.28289141667542
1974,4,10.9,29.0,Edirne,41.67669444444444,41.879595170838584,-12.879595170838584
1974,5,16.2,83.6,Edirne,41.67669444444444,82.99612165527688,0.603878344723114
1974,6,21.3,47.9,Edirne,41.67669444444444,123.55928850434779,-75.65928850434778
1974,7,23.3,14.4,Edirne,41.67669444444444,142.21444903113724,-127.81444903113723
1974,8,23.5,10.0,Edirne,41.67669444444444,133.61029696820574,-123.61029696820574
1974,9,20.2,21.3,Edirne,41.67669444444444,93.75963430714792,-72.45963430714792
1974,10,16.9,49.2,Edirne,41.67669444444444,66.50913465946927,-17.309134659469265
1974,11,7.8,87.3,Edirne,41.67669444444444,19.0697663981783,68.2302336018217
1974,12,4.0,37.8,Edirne,41.67669444444444,7.161532277247448,30.638467722752548
1975,1,2.2,54.6,Edirne,41.67669444444444,2.9519392711232206,51.64806072887678
1975,2,2.7,12.0,Edirne,41.67669444444444,3.9890842368984205,8.010915763101579
1975,3,9.9,44.4,Edirne,41.67669444444444,32.65444799279623,11.74555200720377
1975,4,14.1,95.7,Edirne,41.67669444444444,59.33025152149931,36.369748478500696
1975,5,18.1,106.4,Edirne,41.67669444444444,96.13145623756976,10.268543762430241
1975,6,21.8,94.8,Edirne,41.67669444444444,126.98507996815593,-32.18507996815593
1975,7,24.5,8.1,Edirne,41.67669444444444,152.34997070211202,-144.24997070211202
1975,8,22.0,115.8,Edirne,41.67669444444444,121.01202680855147,-5.212026808551471
1975,9,21.3,6.5,Edirne,41.67669444444444,100.4656469298149,-93.9656469298149
1975,10,13.6,121.0,Edirne,41.67669444444444,47.96951805662782,73.03048194337218
1975,11,7.0,70.0,Edirne,41.67669444444444,15.774651613362764,54.225348386637236
1975,12,2.7,40.2,Edirne,41.67669444444444,3.8535678010363457,36.346432198963655
1976,1,2.8,22.4,Edirne,41.67669444444444,5.136004046785511,17.263995953214486
1976,2,1.4,15.5,Edirne,41.67669444444444,2.0154338794697044,13.484566120530296
1976,3,5.4,20.3,Edirne,41.67669444444444,15.709248011707993,4.590751988292007
1976,4,13.0,31.9,Edirne,41.67669444444444,56.33707700527116,-24.437077005271163
1976,5,17.1,44.5,Edirne,41.67669444444444,92.24175845769504,-47.74175845769504
1976,6,20.6,28.3,Edirne,41.67669444444444,119.84604249653874,-91.54604249653875
1976,7,23.1,21.3,Edirne,41.67669444444444,141.84401271301158,-120.54401271301158
1976,8,20.4,40.9,Edirne,41.67669444444444,111.22775905779027,-70.32775905779027
1976,9,18.5,14.4,Edirne,41.67669444444444,84.7483241949555,-70.3483241949555
1976,10,13.9,68.2,Edirne,41.67669444444444,52.55403483847721,15.645965161522795
1976,11,10.1,49.8,Edirne,41.67669444444444,29.298839805510923,20.501160194489074
1976,12,3.8,73.2,Edirne,41.67669444444444,7.543599645501802,65.6564003544982
1977,1,2.6,49.5,Edirne,41.67669444444444,3.644596103942939,45.85540389605706
1977,2,9.2,74.2,Edirne,41.67669444444444,23.180761259558093,51.01923874044191
1977,3,8.3,42.4,Edirne,41.67669444444444,24.911654564049833,17.488345435950166
1977,4,12.8,62.0,Edirne,41.67669444444444,51.07638486914398,10.923615130856021
1977,5,18.1,41.8,Edirne,41.67669444444444,95.62922574306134,-53.82922574306134
1977,6,21.6,55.9,Edirne,41.67669444444444,124.9404228185189,-69.04042281851889
1977,7,24.1,47.9,Edirne,41.67669444444444,148.54911559169742,-100.64911559169741
1977,8,24.1,2.5,Edirne,41.67669444444444,137.87782029173272,-135.37782029173272
1977,9,18.6,95.4,Edirne,41.67669444444444,82.17105066849898,13.228949331501028
1977,10,11.7,19.2,Edirne,41.67669444444444,38.16044546934409,-18.96044546934409
1977,11,11.0,45.5,Edirne,41.67669444444444,29.981941069831727,15.518058930168273
1977,12,2.2,32.1,Edirne,41.67669444444444,2.7718108894214875,29.328189110578514
1978,1,2.3,36.2,Edirne,41.67669444444444,3.6124204706473497,32.58757952935265
1978,2,5.8,58.3,Edirne,41.67669444444444,13.141543460122131,45.15845653987787
1978,3,8.6,68.1,Edirne,41.67669444444444,28.39061932055868,39.70938067944131
1978,4,11.8,65.5,Edirne,41.67669444444444,48.015032760549346,17.484967239450654
1978,5,16.9,66.6,Edirne,41.67669444444444,89.33741391424047,-22.737413914240477
1978,6,21.7,29.8,Edirne,41.67669444444444,127.66254539390289,-97.86254539390289
1978,7,23.6,5.8,Edirne,41.67669444444444,145.37256258503197,-139.57256258503196
1978,8,22.4,6.7,Edirne,41.67669444444444,125.48166655473821,-118.78166655473821
1978,9,17.6,121.9,Edirne,41.67669444444444,78.05464512066597,43.84535487933404
1978,10,14.0,34.5,Edirne,41.67669444444444,51.88418468778551,-17.384184687785513
1978,11,6.9,20.6,Edirne,41.67669444444444,16.67128243462694,3.928717565373063
1978,12,4.5,25.8,Edirne,41.67669444444444,8.919120766569662,16.88087923343034
1979,1,2.7,109.5,Edirne,41.67669444444444,3.827747217941441,105.67225278205856
1979,2,5.4,72.3,Edirne,41.67669444444444,10.602017464968993,61.697982535031
1979,3,10.2,4.4,Edirne,41.67669444444444,33.57490331651866,-29.17490331651866
1979,4,11.8,30.5,Edirne,41.67669444444444,45.2570672866116,-14.757067286611601
1979,5,18.4,49.3,Edirne,41.67669444444444,97.85442415974423,-48.55442415974423
1979,6,23.4,4.1,Edirne,41.67669444444444,140.3800928299405,-136.28009282994051
1979,7,22.4,85.2,Edirne,41.67669444444444,133.43500468249698,-48.23500468249698
1979,8,23.3,16.1,Edirne,41.67669444444444,131.19622562715077,-115.09622562715077
1979,9,19.9,6.3,Edirne,41.67669444444444,90.61868360318304,-84.31868360318305
1979,10,12.6,91.5,Edirne,41.67669444444444,42.43664065744887,49.06335934255113
1979,11,9.7,112.9,Edirne,41.67669444444444,24.88445136439552,88.01554863560449
1979,12,5.6,72.6,Edirne,41.67669444444444,10.801493696988489,61.79850630301151
1980,1,0.5,80.1,Edirne,41.67669444444444,0.4375374608420845,79.66246253915791
1980,2,2.1,33.0,Edirne,41.67669444444444,3.222520662781246,29.777479337218754
1980,3,6.2,29.1,Edirne,41.67669444444444,18.087990907255225,11.012009092744776
1980,4,11.4,88.5,Edirne,41.67669444444444,45.88273941231284,42.61726058768716
1980,5,16.3,93.2,Edirne,41.67669444444444,85.08244919591178,8.117550804088225
1980,6,20.9,38.0,Edirne,41.67669444444444,121.25365667458009,-83.25365667458009
1980,7,24.2,15.3,Edirne,41.67669444444444,150.58591034154946,-135.28591034154945
1980,8,22.4,39.6,Edirne,41.67669444444444,125.54946485760799,-85.94946485760798
1980,9,18.3,13.3,Edirne,41.67669444444444,82.500418751433,-69.200418751433
1980,10,15.8,9.6,Edirne,41.67669444444444,61.487930183027686,-51.887930183027684
1980,11,9.2,59.3,Edirne,41.67669444444444,24.954352183279266,34.34564781672073
1980,12,5.6,137.3,Edirne,41.67669444444444,12.146739335000545,125.15326066499946
1981,1,0.5,163.2,Edirne,41.67669444444444,0.3364686054377297,162.86353139456227
1981,2,3.4,48.7,Edirne,41.67669444444444,5.4887364139292725,43.21126358607073
1981,3,9.3,65.2,Edirne,41.67669444444444,29.60977318765004,35.59022681234997
1981,4,12.4,15.6,Edirne,41.67669444444444,48.99945722755084,-33.39945722755084
1981,5,15.6,49.9,Edirne,41.67669444444444,77.23351933603678,-27.33351933603678
1981,6,23.8,7.2,Edirne,41.67669444444444,144.0604147080582,-136.86041470805822
1981,7,23.4,25.3,Edirne,41.67669444444444,142.4144551115374,-117.1144551115374
1981,8,23.4,20.7,Edirne,41.67669444444444,132.1838542801197,-111.4838542801197
1981,9,19.9,7.8,Edirne,41.67669444444444,90.86174383836719,-83.06174383836719
1981,10,16.3,44.6,Edirne,41.67669444444444,62.12329160047669,-17.52329160047669
1981,11,6.3,90.8,Edirne,41.67669444444444,13.407559347486071,77.39244065251393
1981,12,6.9,83.3,Edirne,41.67669444444444,14.83801207081972,68.46198792918028
1982,1,1.1,34.6,Edirne,41.67669444444444,1.203944627544985,33.39605537245502
1982,2,1.9,56.6,Edirne,41.67669444444444,2.6197214979296706,53.980278502070334
1982,3,6.3,64.0,Edirne,41.67669444444444,17.816604820154414,46.18339517984559
1982,4,11.0,95.2,Edirne,41.67669444444444,42.67123713182738,52.52876286817262
1982,5,17.1,35.1,Edirne,41.67669444444444,89.88185745091475,-54.78185745091475
1982,6,22.0,22.9,Edirne,41.67669444444444,129.53296692542884,-106.63296692542883
1982,7,22.7,15.1,Edirne,41.67669444444444,137.19077364973177,-122.09077364973177
1982,8,23.1,20.7,Edirne,41.67669444444444,130.5192361419088,-109.8192361419088
1982,9,21.2,1.8,Edirne,41.67669444444444,100.57336391946288,-98.77336391946288
1982,10,14.9,37.1,Edirne,41.67669444444444,55.82695239725328,-18.726952397253278
1982,11,7.5,46.6,Edirne,41.67669444444444,18.185502458572884,28.414497541427117
1982,12,7.1,94.6,Edirne,41.67669444444444,16.31749924495939,78.2825007550406
1983,1,3.2,16.8,Edirne,41.67669444444444,5.725194552605143,11.074805447394859
1983,2,3.6,29.8,Edirne,41.67669444444444,6.7761916987174935,23.023808301282507
1983,3,8.0,11.8,Edirne,41.67669444444444,25.689826568162836,-13.889826568162835
1983,4,14.2,25.9,Edirne,41.67669444444444,62.14000941538318,-36.240009415383184
1983,5,18.9,27.1,Edirne,41.67669444444444,104.39594505607138,-77.29594505607139
1983,6,19.6,134.2,Edirne,41.67669444444444,110.82723214426677,23.372767855733215
1983,7,24.0,26.0,Edirne,41.67669444444444,148.82015842425162,-122.82015842425162
1983,8,21.6,21.6,Edirne,41.67669444444444,119.30528248140384,-97.70528248140383
1983,9,19.4,106.7,Edirne,41.67669444444444,89.39205348285172,17.30794651714828
1983,10,12.2,17.3,Edirne,41.67669444444444,42.862290829787554,-25.562290829787553
1983,11,6.4,25.8,Edirne,41.67669444444444,15.026321207666305,10.773678792333696
1983,12,4.0,40.5,Edirne,41.67669444444444,7.5788255153829684,32.92117448461703
1984,1,4.7,89.9,Edirne,41.67669444444444,9.398735999586577,80.50126400041343
1984,2,3.9,52.6,Edirne,41.67669444444444,7.255277112315032,45.344722887684966
1984,3,5.8,144.4,Edirne,41.67669444444444,15.875562593524394,128.5244374064756
1984,4,10.8,62.1,Edirne,41.67669444444444,41.617072341880245,20.482927658119756
1984,5,17.9,63.1,Edirne,41.67669444444444,95.92357831913866,-32.823578319138655
1984,6,20.9,10.2,Edirne,41.67669444444444,120.50276204550224,-110.30276204550223
1984,7,22.5,53.7,Edirne,41.67669444444444,135.50948840528827,-81.80948840528826
1984,8,21.2,38.8,Edirne,41.67669444444444,115.63206109648812,-76.83206109648812
1984,9,21.3,1.3,Edirne,41.67669444444444,101.26868293608268,-99.96868293608269
1984,10,16.6,0.1,Edirne,41.67669444444444,65.07212459957057,-64.97212459957058
1984,11,9.0,127.3,Edirne,41.67669444444444,23.558915047603886,103.74108495239611
1984,12,3.8,14.5,Edirne,41.67669444444444,6.756256922535062,7.743743077464938
1985,1,2.3,62.7,Edirne,41.67669444444444,3.3243908729649747,59.37560912703503
1985,2,-1.3,92.0,Edirne,41.67669444444444,0.0,92.0
1985,3,5.7,16.3,Edirne,41.67669444444444,15.203326364429751,1.0966736355702498
1985,4,13.8,54.6,Edirne,41.67669444444444,58.368677452496236,-3.7686774524962345
1985,5,19.3,13.4,Edirne,41.67669444444444,106.26628843499658,-92.86628843499658
1985,6,20.9,48.2,Edirne,41.67669444444444,120.13789134537637,-71.93789134537637
1985,7,23.0,15.5,Edirne,41.67669444444444,139.52096723925854,-124.02096723925854
1985,8,24.4,32.4,Edirne,41.67669444444444,140.87309834766253,-108.47309834766253
1985,9,19.3,6.6,Edirne,41.67669444444444,87.74905968758866,-81.14905968758866
1985,10,11.7,16.0,Edirne,41.67669444444444,39.30130803711192,-23.301308037111923
1985,11,9.9,87.3,Edirne,41.67669444444444,26.632083186853293,60.667916813146704
1985,12,6.3,7.9,Edirne,41.67669444444444,13.561178943710201,-5.661178943710201
1986,1,5.5,82.2,Edirne,41.67669444444444,11.09826896402216,71.10173103597785
1986,2,3.1,113.6,Edirne,41.67669444444444,4.861511863238379,108.73848813676162
1986,3,6.2,13.7,Edirne,41.67669444444444,16.56618608497463,-2.866186084974629
1986,4,15.1,19.0,Edirne,41.67669444444444,65.47727694456921,-46.47727694456921
1986,5,17.4,25.5,Edirne,41.67669444444444,90.75991852463702,-65.25991852463702
1986,6,22.2,22.7,Edirne,41.67669444444444,130.34596117167047,-107.64596117167046
1986,7,23.6,23.7,Edirne,41.67669444444444,144.30028273888445,-120.60028273888445
1986,8,25.1,14.0,Edirne,41.67669444444444,146.43410270330614,-132.43410270330614
1986,9,20.5,0.2,Edirne,41.67669444444444,95.02648116235953,-94.82648116235953
1986,10,13.1,67.3,Edirne,41.67669444444444,45.40670655430231,21.893293445697687
1986,11,6.0,29.2,Edirne,41.67669444444444,12.60226870472933,16.59773129527067
1986,12,1.6,40.9,Edirne,41.67669444444444,1.8023449958977222,39.09765500410228
1987,1,0.9,68.3,Edirne,41.67669444444444,0.9542451176870475,67.34575488231295
1987,2,5.2,19.3,Edirne,41.67669444444444,11.148276357697556,8.151723642302445
1987,3,2.9,38.6,Edirne,41.67669444444444,6.152486534668612,32.44751346533139
1987,4,10.7,97.2,Edirne,41.67669444444444,41.60967531185973,55.59032468814027
1987,5,16.3,21.1,Edirne,41.67669444444444,84.63126114139081,-63.53126114139081
1987,6,22.1,39.4,Edirne,41.67669444444444,130.75165415135947,-91.35165415135947
1987,7,25.4,10.7,Edirne,41.67669444444444,160.95315039427066,-150.25315039427068
1987,8,22.3,29.1,Edirne,41.67669444444444,124.52498131245147,-95.42498131245148
1987,9,21.0,1.6,Edirne,41.67669444444444,99.60472231896188,-98.00472231896188
1987,10,12.3,52.9,Edirne,41.67669444444444,43.07492742358649,9.825072576413511
1987,11,10.2,117.4,Edirne,41.67669444444444,28.50191243010512,88.89808756989488
1987,12,3.1,114.5,Edirne,41.67669444444444,5.223836177211572,109.27616382278843
1988,1,4.3,9.9,Edirne,41.67669444444444,8.13065821988103,1.769341780118971
1988,2,4.5,34.9,Edirne,41.67669444444444,8.715545186991402,26.184454813008596
1988,3,7.9,106.9,Edirne,41.67669444444444,24.25115542614047,82.64884457385953
1988,4,11.3,41.2,Edirne,41.67669444444444,43.96252900695162,-2.762529006951617
1988,5,16.9,23.2,Edirne,41.67669444444444,88.01052646129327,-64.81052646129326
1988,6,21.7,20.9,Edirne,41.67669444444444,126.78483109089427,-105.88483109089427
1988,7,26.3,7.3,Edirne,41.67669444444444,168.89606932012842,-161.5960693201284
1988,8,24.5,0.0,Edirne,41.67669444444444,141.71667645530457,-141.71667645530457
1988,9,19.9,31.0,Edirne,41.67669444444444,91.70394090583707,-60.70394090583707
1988,10,12.4,17.2,Edirne,41.67669444444444,42.74465097422173,-25.544650974221728
1988,11,3.4,137.1,Edirne,41.67669444444444,5.826933156070564,131.27306684392943
1988,12,3.3,48.6,Edirne,41.67669444444444,5.414619026545907,43.185380973454095
1989,1,1.4,0.2,Edirne,41.67669444444444,1.6823210728847762,-1.4823210728847762
1989,2,5.7,4.3,Edirne,41.67669444444444,12.341135726993324,-8.041135726993325
1989,3,9.9,120.9,Edirne,41.67669444444444,33.68291150148562,87.21708849851439
1989,4,15.7,23.3,Edirne,41.67669444444444,70.48116899900293,-47.181168999002935
1989,5,15.9,68.4,Edirne,41.67669444444444,81.00367224376791,-12.603672243767903
1989,6,20.2,69.2,Edirne,41.67669444444444,114.73629179167764,-45.53629179167764
1989,7,23.0,7.4,Edirne,41.67669444444444,139.71408869991214,-132.31408869991213
1989,8,24.0,22.6,Edirne,41.67669444444444,137.73247908490276,-115.13247908490277
1989,9,19.4,23.0,Edirne,41.67669444444444,88.6538121416898,-65.6538121416898
1989,10,12.9,40.0,Edirne,41.67669444444444,45.46277424791239,-5.462774247912392
1989,11,7.0,64.5,Edirne,41.67669444444444,16.447532758103826,48.052467241896174
1989,12,2.7,83.4,Edirne,41.67669444444444,4.138558876701405,79.2614411232986
1990,1,0.4,2.6,Edirne,41.67669444444444,0.2175342370790955,2.3824657629209045
1990,2,6.2,6.3,Edirne,41.67669444444444,12.645261878333333,-6.345261878333333
1990,3,10.3,6.3,Edirne,41.67669444444444,33.48642662766066,-27.186426627660662
1990,4,13.5,62.7,Edirne,41.67669444444444,54.44066660475359,8.259333395246415
1990,5,17.0,65.0,Edirne,41.67669444444444,86.45602441893026,-21.456024418930255
1990,6,21.5,29.8,Edirne,41.67669444444444,123.53656108847487,-93.73656108847487
1990,7,24.3,19.0,Edirne,41.67669444444444,150.04617927059948,-131.04617927059948
1990,8,23.6,4.3,Edirne,41.67669444444444,133.3690049282322,-129.06900492823218
1990,9,18.8,55.7,Edirne,41.67669444444444,82.8619240531466,-27.161924053146592
1990,10,13.7,90.6,Edirne,41.67669444444444,47.397771409414574,43.20222859058542
1990,11,11.5,32.2,Edirne,41.67669444444444,31.446662164526476,0.753337835473527
1990,12,6.3,126.4,Edirne,41.67669444444444,12.508513064776194,113.89148693522381
1991,1,2.0,11.0,Edirne,41.67669444444444,2.9457320999293657,8.054267900070634
1991,2,3.1,32.3,Edirne,41.67669444444444,5.454101027776643,26.845898972223353
1991,3,6.8,22.7,Edirne,41.67669444444444,20.374957891600484,2.325042108399515
1991,4,11.3,39.1,Edirne,41.67669444444444,45.063997334363236,-5.963997334363235
1991,5,15.7,97.6,Edirne,41.67669444444444,80.47763865007676,17.12236134992324
1991,6,22.2,8.8,Edirne,41.67669444444444,131.6797068094644,-122.8797068094644
1991,7,24.1,17.7,Edirne,41.67669444444444,149.61435238483293,-131.91435238483294
1991,8,23.4,29.0,Edirne,41.67669444444444,133.27334565742908,-104.27334565742908
1991,9,19.8,14.4,Edirne,41.67669444444444,91.8467252937724,-77.44672529377239
1991,10,14.1,112.6,Edirne,41.67669444444444,52.27563376398359,60.3243662360164
1991,11,8.9,91.4,Edirne,41.67669444444444,23.657094457423042,67.74290554257696
1991,12,0.6,21.9,Edirne,41.67669444444444,0.5332998920928799,21.366700107907118
1992,1,2.0,2.6,Edirne,41.67669444444444,2.78079891289523,-0.18079891289522987
1992,2,2.5,20.7,Edirne,41.67669444444444,3.8330991507393013,16.8669008492607
1992,3,7.6,32.9,Edirne,41.67669444444444,23.13683365874483,9.763166341255168
1992,4,12.6,37.3,Edirne,41.67669444444444,51.58150348332925,-14.281503483329253
1992,5,15.6,63.2,Edirne,41.67669444444444,78.80723150097121,-15.60723150097121
1992,6,21.2,108.5,Edirne,41.67669444444444,122.83324416911539,-14.333244169115389
1992,7,22.5,20.9,Edirne,41.67669444444444,135.4100335419094,-114.5100335419094
1992,8,25.4,12.4,Edirne,41.67669444444444,149.23733988346788,-136.83733988346788
1992,9,18.8,5.3,Edirne,41.67669444444444,84.76768516641712,-79.46768516641713
1992,10,16.6,57.7,Edirne,41.67669444444444,64.94273780934883,-7.242737809348824
1992,11,9.0,100.7,Edirne,41.67669444444444,23.45269390475623,77.24730609524377
1992,12,2.2,18.8,Edirne,41.67669444444444,3.0894165694093387,15.710583430590662
1993,1,0.9,9.8,Edirne,41.67669444444444,0.941966618926945,8.858033381073056
1993,2,0.9,25.4,Edirne,41.67669444444444,0.9464608459285012,24.453539154071496
1993,3,6.2,31.2,Edirne,41.67669444444444,17.708704061207744,13.491295938792256
1993,4,12.1,19.2,Edirne,41.67669444444444,49.26814925338859,-30.068149253388594
1993,5,17.0,115.5,Edirne,41.67669444444444,89.60140242265342,25.898597577346578
1993,6,21.3,84.9,Edirne,41.67669444444444,124.0695799544445,-39.1695799544445
1993,7,23.3,8.3,Edirne,41.67669444444444,142.57480478562724,-134.27480478562723
1993,8,23.9,33.3,Edirne,41.67669444444444,137.13671059631568,-103.83671059631568
1993,9,19.7,3.1,Edirne,41.67669444444444,90.98029761470191,-87.88029761470192
1993,10,15.9,39.4,Edirne,41.67669444444444,61.560232820044355,-22.160232820044357
1993,11,5.4,74.7,Edirne,41.67669444444444,11.63816922774517,63.06183077225484
1993,12,6.2,54.2,Edirne,41.67669444444444,13.696636076915501,40.5033639230845
1994,1,5.0,21.2,Edirne,41.67669444444444,7.984894909084418,13.215105090915582
1994,2,4.1,11.5,Edirne,41.67669444444444,5.88483645104229,5.61516354895771
1994,3,8.9,24.6,Edirne,41.67669444444444,24.660084869500366,-0.060084869500364846
1994,4,14.5,43.5,Edirne,41.67669444444444,57.56378674919895,-14.063786749198947
1994,5,18.8,46.6,Edirne,41.67669444444444,97.48712128856938,-50.88712128856938
1994,6,21.8,46.9,Edirne,41.67669444444444,123.9843608912448,-77.08436089124481
1994,7,24.9,28.8,Edirne,41.67669444444444,154.61786964356207,-125.81786964356208
1994,8,25.6,9.8,Edirne,41.67669444444444,149.86097758002393,-140.06097758002392
1994,9,24.0,0.1,Edirne,41.67669444444444,117.87562001128308,-117.77562001128308
1994,10,15.5,114.0,Edirne,41.67669444444444,54.42046314837156,59.57953685162844
1994,11,7.0,60.0,Edirne,41.67669444444444,13.519540216925046,46.480459783074956
1994,12,3.8,103.9,Edirne,41.67669444444444,5.048772002103237,98.85122799789677
1995,1,2.3,151.6,Edirne,41.67669444444444,3.1719409210122382,148.42805907898776
1995,2,7.5,31.6,Edirne,41.67669444444444,17.563557853697453,14.036442146302548
1995,3,8.0,81.7,Edirne,41.67669444444444,24.07946427593402,57.62053572406599
1995,4,11.9,47.9,Edirne,41.67669444444444,46.53287583103465,1.367124168965347
1995,5,17.5,11.8,Edirne,41.67669444444444,91.67556199896968,-79.87556199896969
1995,6,23.7,32.6,Edirne,41.67669444444444,143.36245838768318,-110.76245838768318
1995,7,24.2,65.4,Edirne,41.67669444444444,149.70627920769016,-84.30627920769015
1995,8,23.2,42.4,Edirne,41.67669444444444,130.73768851409213,-88.33768851409212
1995,9,19.8,33.2,Edirne,41.67669444444444,90.47626497799816,-57.27626497799815
1995,10,12.7,23.8,Edirne,41.67669444444444,43.545111512638044,-19.745111512638044
1995,11,5.4,94.5,Edirne,41.67669444444444,10.889770506162066,83.61022949383793
1995,12,5.1,61.8,Edirne,41.67669444444444,9.722008495526953,52.07799150447305
1996,1,1.1,23.4,Edirne,41.67669444444444,1.1245554701939258,22.275444529806073
1996,2,1.9,121.0,Edirne,41.67669444444444,2.4756868840056905,118.5243131159943
1996,3,3.3,52.9,Edirne,41.67669444444444,6.828881776248012,46.07111822375199
1996,4,11.4,75.0,Edirne,41.67669444444444,44.06723456005073,30.93276543994927
1996,5,20.3,32.3,Edirne,41.67669444444444,113.86709967189464,-81.56709967189464
1996,6,22.8,1.4,Edirne,41.67669444444444,135.76444511911478,-134.36444511911478
1996,7,24.9,0.0,Edirne,41.67669444444444,156.1038448253692,-156.1038448253692
1996,8,23.6,38.1,Edirne,41.67669444444444,134.15818907275664,-96.05818907275665
1996,9,18.2,65.2,Edirne,41.67669444444444,80.38664367918693,-15.186643679186929
1996,10,13.2,7.3,Edirne,41.67669444444444,46.33069725967295,-39.030697259672955
1996,11,9.8,129.1,Edirne,41.67669444444444,25.97807652499764,103.12192347500235
1996,12,5.9,94.6,Edirne,41.67669444444444,12.15958736667681,82.44041263332318
1997,1,2.9,23.2,Edirne,41.67669444444444,5.2451279391510015,17.954872060849
1997,2,3.9,23.1,Edirne,41.67669444444444,7.904710191249638,15.195289808750363
1997,3,6.0,52.0,Edirne,41.67669444444444,17.801278624336003,34.19872137566399
1997,4,9.0,64.3,Edirne,41.67669444444444,33.76793117588488,30.532068824115115
1997,5,18.8,35.5,Edirne,41.67669444444444,104.45095269982335,-68.95095269982335
1997,6,22.7,26.9,Edirne,41.67669444444444,136.43893793378246,-109.53893793378245
1997,7,24.1,32.8,Edirne,41.67669444444444,150.04312924510094,-117.24312924510095
1997,8,21.7,78.7,Edirne,41.67669444444444,120.64282017646023,-41.94282017646023
1997,9,17.2,2.7,Edirne,41.67669444444444,76.36604339503654,-73.66604339503654
1997,10,12.1,72.5,Edirne,41.67669444444444,43.12969908208147,29.370300917918527
1997,11,9.1,74.7,Edirne,41.67669444444444,25.10850949991732,49.591490500082685
1997,12,4.0,133.0,Edirne,41.67669444444444,7.90535604789588,125.09464395210412
1998,1,3.7,31.9,Edirne,41.67669444444444,6.003317014486494,25.896682985513504
1998,2,5.7,75.0,Edirne,41.67669444444444,11.377261465282844,63.62273853471716
1998,3,5.1,79.4,Edirne,41.67669444444444,12.068958217536846,67.33104178246316
1998,4,14.4,27.8,Edirne,41.67669444444444,60.354520816164666,-32.55452081616467
1998,5,17.4,170.5,Edirne,41.67669444444444,89.95809943848055,80.54190056151945
1998,6,22.8,14.3,Edirne,41.67669444444444,135.02371494087097,-120.72371494087098
1998,7,24.9,48.5,Edirne,41.67669444444444,155.70768596399697,-107.20768596399697
1998,8,25.5,73.2,Edirne,41.67669444444444,149.66452579079572,-76.46452579079572
1998,9,18.9,133.8,Edirne,41.67669444444444,83.87282010347114,49.92717989652887
1998,10,14.7,108.7,Edirne,41.67669444444444,52.99533989515028,55.70466010484972
1998,11,7.5,147.0,Edirne,41.67669444444444,16.96133373543556,130.03866626456443
1998,12,0.5,96.2,Edirne,41.67669444444444,0.3083670145636731,95.89163298543633
1999,1,3.2,63.2,Edirne,41.67669444444444,4.21456237540391,58.985437624596095
1999,2,3.3,70.3,Edirne,41.67669444444444,4.439421741485222,65.86057825851478
1999,3,8.5,74.0,Edirne,41.67669444444444,23.68187075503914,50.31812924496086
1999,4,14.1,30.1,Edirne,41.67669444444444,56.077950705896846,-25.977950705896845
1999,5,18.0,78.0,Edirne,41.67669444444444,92.08241724013648,-14.082417240136479
1999,6,23.3,35.3,Edirne,41.67669444444444,138.0917005328766,-102.79170053287659
1999,7,25.4,105.6,Edirne,41.67669444444444,159.73093177425568,-54.130931774255686
1999,8,24.8,60.2,Edirne,41.67669444444444,142.91647650512257,-82.71647650512257
1999,9,20.6,6.4,Edirne,41.67669444444444,93.52684776074335,-87.12684776074335
1999,10,15.4,6.8,Edirne,41.67669444444444,54.694530972495365,-47.89453097249537
1999,11,8.6,45.7,Edirne,41.67669444444444,19.233426987133825,26.466573012866178
1999,12,6.4,60.5,Edirne,41.67669444444444,11.85045427333247,48.649545726667526
2000,1,0.2,32.3,Edirne,41.67669444444444,0.05851209156476026,32.24148790843524
2000,2,5.4,27.2,Edirne,41.67669444444444,9.382379822129128,17.81762017787087
2000,3,7.3,36.4,Edirne,41.67669444444444,18.63749660102384,17.762503398976158
2000,4,15.5,60.9,Edirne,41.67669444444444,64.68157090354609,-3.78157090354609
2000,5,18.0,52.6,Edirne,41.67669444444444,91.91318462247013,-39.313184622470125
2000,6,22.2,16.7,Edirne,41.67669444444444,128.1031257887652,-111.4031257887652
2000,7,26.5,0.8,Edirne,41.67669444444444,170.45798304930682,-169.6579830493068
2000,8,24.9,30.5,Edirne,41.67669444444444,143.7522317665447,-113.2522317665447
2000,9,19.8,42.0,Edirne,41.67669444444444,87.8884723355693,-45.888472335569304
2000,10,13.7,35.7,Edirne,41.67669444444444,45.56660650658595,-9.866606506585946
2000,11,11.4,61.8,Edirne,41.67669444444444,29.523935841729514,32.276064158270486
2000,12,6.3,22.1,Edirne,41.67669444444444,11.490530058446193,10.609469941553808
2001,1,5.0,46.0,Edirne,41.67669444444444,7.794528614510873,38.205471385489126
2001,2,6.4,23.7,Edirne,41.67669444444444,11.556700976778181,12.143299023221818
2001,3,11.8,26.6,Edirne,41.67669444444444,37.85973421983615,-11.259734219836147
2001,4,12.8,57.7,Edirne,41.67669444444444,46.87652282497552,10.823477175024486
2001,5,17.8,25.8,Edirne,41.67669444444444,88.98574708227069,-63.185747082270694
2001,6,22.2,16.7,Edirne,41.67669444444444,127.21081146491866,-110.51081146491866
2001,7,27.0,28.7,Edirne,41.67669444444444,175.47873312987474,-146.77873312987475
2001,8,26.3,9.4,Edirne,41.67669444444444,156.26737245089896,-146.86737245089896
2001,9,21.3,62.2,Edirne,41.67669444444444,97.50837052986542,-35.308370529865414
2001,10,15.7,4.8,Edirne,41.67669444444444,55.0960501549755,-50.296050154975504
2001,11,8.1,62.3,Edirne,41.67669444444444,16.691248991322706,45.60875100867729
2001,12,-1.6,103.3,Edirne,41.67669444444444,0.0,103.3
2002,1,1.4,25.0,Edirne,41.67669444444444,1.259280838987598,23.7407191610124
2002,2,7.8,18.1,Edirne,41.67669444444444,17.04423437340652,1.0557656265934803
2002,3,9.2,98.6,Edirne,41.67669444444444,27.332739383262393,71.2672606167376
2002,4,11.5,30.3,Edirne,41.67669444444444,41.7350124049091,-11.435012404909099
2002,5,18.1,15.9,Edirne,41.67669444444444,93.62143331371952,-77.72143331371952
2002,6,23.0,26.2,Edirne,41.67669444444444,135.80188298541495,-109.60188298541495
2002,7,26.4,33.9,Edirne,41.67669444444444,169.53919968975853,-135.63919968975853
2002,8,24.1,12.8,Edirne,41.67669444444444,137.0756211921832,-124.27562119218321
2002,9,19.8,118.9,Edirne,41.67669444444444,88.56205528925769,30.33794471074232
2002,10,14.6,73.8,Edirne,41.67669444444444,51.02841038780512,22.77158961219488
2002,11,10.0,113.4,Edirne,41.67669444444444,24.737416152652866,88.66258384734714
2002,12,2.7,51.8,Edirne,41.67669444444444,3.3038800852220556,48.49611991477794
2003,1,4.5,126.1,Edirne,41.67669444444444,7.891597210995649,118.20840278900434
2003,2,-0.2,41.2,Edirne,41.67669444444444,0.0,41.2
2003,3,4.8,13.6,Edirne,41.67669444444444,10.893585016758855,2.706414983241144
2003,4,10.3,55.1,Edirne,41.67669444444444,36.624401029338806,18.475598970661196
2003,5,19.9,79.8,Edirne,41.67669444444444,109.3039071694328,-29.503907169432807
2003,6,24.2,5.2,Edirne,41.67669444444444,147.25093897577105,-142.05093897577106
2003,7,25.0,44.8,Edirne,41.67669444444444,156.53855278079547,-111.73855278079547
2003,8,25.9,13.4,Edirne,41.67669444444444,153.08046980085825,-139.68046980085825
2003,9,19.0,24.5,Edirne,41.67669444444444,84.29692216678421,-59.79692216678421
2003,10,14.0,105.7,Edirne,41.67669444444444,49.08101652989304,56.61898347010696
2003,11,8.9,8.7,Edirne,41.67669444444444,21.620182241632953,-12.920182241632954
2003,12,3.4,49.4,Edirne,41.67669444444444,5.064285910364118,44.33571408963588
2004,1,1.9,61.2,Edirne,41.67669444444444,2.1612125934581394,59.038787406541864
2004,2,4.5,9.4,Edirne,41.67669444444444,7.810811512336095,1.5891884876639057
2004,3,8.7,34.1,Edirne,41.67669444444444,25.960754860943126,8.139245139056875
2004,4,13.1,14.6,Edirne,41.67669444444444,51.91693208205963,-37.31693208205963
2004,5,16.9,59.6,Edirne,41.67669444444444,85.54191147092277,-25.94191147092277
2004,6,21.7,95.2,Edirne,41.67669444444444,125.13247293601059,-29.932472936010583
2004,7,24.2,34.1,Edirne,41.67669444444444,149.06916818447547,-114.96916818447548
2004,8,23.9,25.1,Edirne,41.67669444444444,135.82172935990894,-110.72172935990895
2004,9,20.6,0.5,Edirne,41.67669444444444,94.77086391016017,-94.27086391016017
2004,10,16.3,5.2,Edirne,41.67669444444444,61.17906619406579,-55.97906619406579
2004,11,9.5,27.8,Edirne,41.67669444444444,23.59840873425734,4.20159126574266
2004,12,5.2,107.1,Edirne,41.67669444444444,9.35205104560782,97.74794895439217
2005,1,4.2,84.3,Edirne,41.67669444444444,7.3351078747844385,76.96489212521556
2005,2,3.0,144.7,Edirne,41.67669444444444,4.508375458162838,140.19162454183714
2005,3,7.7,29.7,Edirne,41.67669444444444,22.313150721493635,7.386849278506364
2005,4,13.3,17.6,Edirne,41.67669444444444,53.997966531866325,-36.397966531866324
2005,5,18.2,55.4,Edirne,41.67669444444444,96.3840191458526,-40.984019145852606
2005,6,21.0,15.1,Edirne,41.67669444444444,119.89112528648906,-104.79112528648906
2005,7,24.3,106.9,Edirne,41.67669444444444,150.3455811943362,-43.4455811943362
2005,8,24.8,48.4,Edirne,41.67669444444444,143.75923604928727,-95.35923604928726
2005,9,20.2,49.5,Edirne,41.67669444444444,92.6816606629977,-43.1816606629977
2005,10,13.8,56.3,Edirne,41.67669444444444,48.54759853084678,7.75240146915322
2005,11,8.2,90.2,Edirne,41.67669444444444,19.512765341602325,70.68723465839767
2005,12,4.5,89.3,Edirne,41.67669444444444,7.87465641172515,81.42534358827484
2006,1,0.2,56.4,Edirne,41.67669444444444,0.08167498281430204,56.3183250171857
2006,2,2.9,55.7,Edirne,41.67669444444444,4.193320651942876,51.506679348057126
2006,3,8.3,122.8,Edirne,41.67669444444444,24.598508375099367,98.20149162490063
2006,4,14.0,24.0,Edirne,41.67669444444444,57.80978756346798,-33.80978756346798
2006,5,17.9,36.5,Edirne,41.67669444444444,93.67936707537396,-57.17936707537396
2006,6,22.1,87.8,Edirne,41.67669444444444,128.9143346715574,-41.114334671557415
2006,7,23.5,62.1,Edirne,41.67669444444444,142.97301236032493,-80.87301236032494
2006,8,26.1,40.9,Edirne,41.67669444444444,154.85203840459212,-113.95203840459212
2006,9,19.8,86.0,Edirne,41.67669444444444,89.73042153815207,-3.730421538152072
2006,10,14.8,54.9,Edirne,41.67669444444444,53.44181639248278,1.4581836075172205
2006,11,7.9,25.8,Edirne,41.67669444444444,18.247359256458143,7.552640743541858
2006,12,3.7,32.9,Edirne,41.67669444444444,5.796793683856435,27.103206316143563
2007,1,6.3,92.4,Edirne,41.67669444444444,11.11069029020877,81.28930970979124
2007,2,6.0,36.6,Edirne,41.67669444444444,10.333988254276845,26.266011745723155
2007,3,8.9,41.6,Edirne,41.67669444444444,24.09249829006542,17.50750170993458
2007,4,12.4,17.0,Edirne,41.67669444444444,44.357160601905036,-27.357160601905036
2007,5,19.5,122.0,Edirne,41.67669444444444,102.52427986968006,19.475720130319942
2007,6,24.8,8.2,Edirne,41.67669444444444,151.39363643823256,-143.19363643823257
2007,7,27.0,0.8,Edirne,41.67669444444444,175.4880629774747,-174.6880629774747
2007,8,26.2,9.1,Edirne,41.67669444444444,155.30860900313328,-146.2086090031333
2007,9,19.4,45.7,Edirne,41.67669444444444,83.97292723326342,-38.27292723326342
2007,10,15.2,40.5,Edirne,41.67669444444444,52.15596655071528,-11.655966550715277
2007,11,8.0,147.1,Edirne,41.67669444444444,16.23455769614649,130.8654423038535
2007,12,2.7,85.0,Edirne,41.67669444444444,2.820545723889062,82.17945427611093
2008,1,1.1,32.4,Edirne,41.67669444444444,0.7413535429039075,31.65864645709609
2008,2,4.5,2.8,Edirne,41.67669444444444,6.759753783940234,-3.9597537839402346
2008,3,10.9,31.3,Edirne,41.67669444444444,33.728897954460756,-2.428897954460755
2008,4,14.3,45.9,Edirne,41.67669444444444,56.19433389019293,-10.29433389019293
2008,5,18.0,33.4,Edirne,41.67669444444444,90.9486133871918,-57.5486133871918
2008,6,23.3,45.7,Edirne,41.67669444444444,137.48954842052405,-91.78954842052404
2008,7,25.2,34.0,Edirne,41.67669444444444,157.50010224431836,-123.50010224431836
2008,8,26.4,8.1,Edirne,41.67669444444444,157.22974729172452,-149.12974729172453
2008,9,19.7,71.6,Edirne,41.67669444444444,86.4973927778306,-14.897392777830603
2008,10,14.9,17.0,Edirne,41.67669444444444,51.05245707676506,-34.05245707676506
2008,11,10.2,29.2,Edirne,41.67669444444444,24.2504126960376,4.949587303962399
2008,12,6.4,35.6,Edirne,41.67669444444444,11.334434095931725,24.265565904068275
2009,1,2.8,82.2,Edirne,41.67669444444444,3.3374806661623224,78.86251933383768
2009,2,5.3,82.2,Edirne,41.67669444444444,8.999217444132855,73.20078255586715
2009,3,8.1,49.7,Edirne,41.67669444444444,21.66459763553545,28.035402364464552
2009,4,12.8,16.0,Edirne,41.67669444444444,47.8946572660218,-31.894657266021802
2009,5,19.1,38.1,Edirne,41.67669444444444,100.42694832273298,-62.32694832273298
2009,6,23.2,23.6,Edirne,41.67669444444444,136.93284046278615,-113.33284046278615
2009,7,25.8,89.4,Edirne,41.67669444444444,163.52670946874503,-74.12670946874502
2009,8,25.0,17.0,Edirne,41.67669444444444,144.56051216736884,-127.56051216736884
2009,9,19.8,74.1,Edirne,41.67669444444444,87.67598330751849,-13.575983307518499
2009,10,15.2,139.8,Edirne,41.67669444444444,53.226582753790545,86.57341724620946
2009,11,9.7,53.2,Edirne,41.67669444444444,22.840802198504676,30.359197801495327
2009,12,7.1,125.8,Edirne,41.67669444444444,13.666096421764687,112.1339035782353
2010,1,2.6,95.6,Edirne,41.67669444444444,2.664117902634353,92.93588209736563
2010,2,5.9,186.1,Edirne,41.67669444444444,9.88722125034362,176.21277874965637
2010,3,7.6,73.6,Edirne,41.67669444444444,18.491504302896537,55.10849569710346
2010,4,13.7,35.9,Edirne,41.67669444444444,51.53662441028649,-15.636624410286494
2010,5,19.4,11.0,Edirne,41.67669444444444,101.31283247994558,-90.31283247994558
2010,6,22.9,54.2,Edirne,41.67669444444444,133.2060729717466,-79.0060729717466
2010,7,24.8,80.2,Edirne,41.67669444444444,153.26127717281315,-73.06127717281315
2010,8,27.8,19.5,Edirne,41.67669444444444,170.66077658726456,-151.16077658726456
2010,9,21.1,37.7,Edirne,41.67669444444444,95.6490058109263,-57.949005810926295
2010,10,13.1,98.1,Edirne,41.67669444444444,40.87731908596844,57.22268091403156
2010,11,13.6,41.7,Edirne,41.67669444444444,37.307197796949886,4.392802203050117
2010,12,5.9,53.3,Edirne,41.67669444444444,9.55133438888488,43.748665611115115
2011,1,2.8,55.8,Edirne,41.67669444444444,3.8226390843900533,51.97736091560994
2011,2,2.8,23.7,Edirne,41.67669444444444,3.8408773185748704,19.859122681425127
2011,3,7.6,14.1,Edirne,41.67669444444444,21.17620097492703,-7.076200974927032
2011,4,11.1,53.7,Edirne,41.67669444444444,40.511034155597116,13.188965844402887
2011,5,18.1,17.6,Edirne,41.67669444444444,94.62327276377927,-77.02327276377926
2011,6,22.6,51.3,Edirne,41.67669444444444,132.85928562244214,-81.55928562244215
2011,7,26.6,19.5,Edirne,41.67669444444444,171.5321514653566,-152.0321514653566
2011,8,25.0,20.4,Edirne,41.67669444444444,145.18010464363007,-124.78010464363007
2011,9,22.8,29.2,Edirne,41.67669444444444,110.1356990171126,-80.9356990171126
2011,10,12.5,156.6,Edirne,41.67669444444444,41.17777882870382,115.42222117129617
2011,11,5.7,0.4,Edirne,41.67669444444444,11.013053150701287,-10.613053150701287
2011,12,5.4,75.4,Edirne,41.67669444444444,9.853074559840344,65.54692544015967
2012,1,1.6,108.9,Edirne,41.67669444444444,0.9656200216862459,107.93437997831376
2012,2,0.8,43.4,Edirne,41.67669444444444,0.302788023818684,43.09721197618131
2012,3,8.4,5.0,Edirne,41.67669444444444,19.647803971887292,-14.647803971887292
2012,4,15.4,55.7,Edirne,41.67669444444444,59.246098685112216,-3.546098685112213
2012,5,18.8,105.3,Edirne,41.67669444444444,93.51015269615083,11.789847303849172
2012,6,25.2,3.6,Edirne,41.67669444444444,154.39350287586137,-150.79350287586138
2012,7,28.6,2.4,Edirne,41.67669444444444,193.5014493141528,-191.1014493141528
2012,8,27.1,0.3,Edirne,41.67669444444444,164.05961888109542,-163.7596188810954
2012,9,22.3,4.5,Edirne,41.67669444444444,102.86645452418807,-98.36645452418807
2012,10,18.2,65.5,Edirne,41.67669444444444,66.8227737382141,-1.3227737382140958
2012,11,11.2,14.5,Edirne,41.67669444444444,25.413185309558724,-10.913185309558724
2012,12,3.7,165.8,Edirne,41.67669444444444,3.83288460157746,161.96711539842255
2013,1,4.2,134.6,Edirne,41.67669444444444,5.519936422073286,129.0800635779267
2013,2,6.8,104.5,Edirne,41.67669444444444,12.071426836840729,92.42857316315927
2013,3,9.7,62.9,Edirne,41.67669444444444,26.749186184603417,36.15081381539658
2013,4,15.1,34.5,Edirne,41.67669444444444,59.516515645889726,-25.016515645889726
2013,5,21.4,9.7,Edirne,41.67669444444444,117.95405378841326,-108.25405378841326
2013,6,22.9,105.4,Edirne,41.67669444444444,132.80118669693104,-27.401186696931035
2013,7,25.4,14.4,Edirne,41.67669444444444,159.05383702021183,-144.65383702021182
2013,8,26.7,4.0,Edirne,41.67669444444444,160.0137586546059,-156.0137586546059
2013,9,21.1,8.8,Edirne,41.67669444444444,95.20582498293092,-86.40582498293092
2013,10,13.2,45.2,Edirne,41.67669444444444,40.80845570120463,4.391544298795374
2013,11,11.0,89.7,Edirne,41.67669444444444,26.14076139295426,63.55923860704574
2013,12,3.1,4.1,Edirne,41.67669444444444,3.28183423486603,0.8181657651339695
2014,1,5.4,97.5,Edirne,41.67669444444444,9.098387533295355,88.40161246670465
2014,2,8.1,4.4,Edirne,41.67669444444444,17.175369347725585,-12.775369347725585
2014,3,10.4,121.8,Edirne,41.67669444444444,31.6441775510467,90.1558224489533
2014,4,13.9,48.7,Edirne,41.67669444444444,54.1164099154304,-5.4164099154304
2014,5,18.3,89.0,Edirne,41.67669444444444,93.69911302176686,-4.699113021766863
2014,6,22.0,88.5,Edirne,41.67669444444444,125.92614360802472,-37.42614360802472
2014,7,24.9,97.8,Edirne,41.67669444444444,154.69172120604964,-56.89172120604964
2014,8,25.5,12.7,Edirne,41.67669444444444,148.99596090435278,-136.2959609043528
2014,9,19.9,105.3,Edirne,41.67669444444444,88.14514632792657,17.15485367207343
2014,10,14.1,121.8,Edirne,41.67669444444444,47.13647670150379,74.66352329849622
2014,11,9.0,37.6,Edirne,41.67669444444444,20.15958241367595,17.440417586324052
2014,12,6.1,133.5,Edirne,41.67669444444444,10.674628738372288,122.82537126162771
2015,1,3.9,72.4,Edirne,41.67669444444444,4.930157203205576,67.46984279679442
2015,2,6.1,70.0,Edirne,41.67669444444444,10.181591386209375,59.81840861379062
2015,3,8.6,90.8,Edirne,41.67669444444444,22.112228207141868,68.68777179285813
2015,4,12.6,35.7,Edirne,41.67669444444444,44.5539310605722,-8.853931060572194
2015,5,20.8,11.2,Edirne,41.67669444444444,112.759751765774,-101.559751765774
2015,6,22.1,69.0,Edirne,41.67669444444444,125.47603160221645,-56.47603160221645
2015,7,26.4,6.6,Edirne,41.67669444444444,169.29023644314782,-162.69023644314782
2015,8,26.4,33.4,Edirne,41.67669444444444,157.12896508660094,-123.72896508660094
2015,9,22.4,75.0,Edirne,41.67669444444444,104.91520022822196,-29.915200228221963
2015,10,14.3,81.4,Edirne,41.67669444444444,46.53644605236316,34.863553947636845
2015,11,12.2,42.4,Edirne,41.67669444444444,30.9791809665456,11.4208190334544
2015,12,4.3,0.0,Edirne,41.67669444444444,5.600338209772777,-5.600338209772777
2016,1,2.5,165.3,Edirne,41.67669444444444,2.3029420280047863,162.99705797199522
2016,2,9.9,83.4,Edirne,41.67669444444444,21.794693346569826,61.605306653430176
2016,3,10.4,40.2,Edirne,41.67669444444444,29.49739857662106,10.702601423378944
2016,4,16.0,108.9,Edirne,41.67669444444444,64.82691954874022,44.073080451259784
2016,5,17.7,65.9,Edirne,41.67669444444444,86.27119891011341,-20.371198910113407
2016,6,24.4,14.4,Edirne,41.67669444444444,146.9125718828919,-132.5125718828919
2016,7,26.4,21.3,Edirne,41.67669444444444,169.24913137631967,-147.94913137631966
2016,8,26.4,0.4,Edirne,41.67669444444444,157.09081287684438,-156.69081287684438
2016,9,21.5,6.2,Edirne,41.67669444444444,97.80403746654821,-91.6040374665482
2016,10,14.8,0.2,Edirne,41.67669444444444,48.63609846288303,-48.436098462883024
2016,11,9.6,37.2,Edirne,41.67669444444444,20.65293639087171,16.547063609128294
2016,12,1.0,2.2,Edirne,41.67669444444444,0.5021797616860608,1.6978202383139394
2017,1,-1.6,100.8,Edirne,41.67669444444444,0.0,100.8
2017,2,5.6,31.6,Edirne,41.67669444444444,8.826481226064425,22.773518773935578
2017,3,10.9,46.4,Edirne,41.67669444444444,32.29563079721696,14.10436920278304
2017,4,13.2,56.6,Edirne,41.67669444444444,47.91034952873584,8.689650471264159
2017,5,18.7,63.4,Edirne,41.67669444444444,94.88623337377523,-31.486233373775228
2017,6,23.9,93.0,Edirne,41.67669444444444,142.28922133877947,-49.28922133877947
2017,7,25.9,76.0,Edirne,41.67669444444444,164.13888744514165,-88.13888744514165
2017,8,26.6,10.6,Edirne,41.67669444444444,159.04772789252408,-148.44772789252409
2017,9,22.2,13.4,Edirne,41.67669444444444,103.34795409555701,-89.94795409555701
2017,10,14.3,132.8,Edirne,41.67669444444444,46.44184515222906,86.35815484777095
2017,11,10.0,66.0,Edirne,41.67669444444444,22.417566119725638,43.582433880274365
2017,12,7.9,110.8,Edirne,41.67669444444444,14.857739314748871,95.94226068525113
2018,1,4.7,49.4,Edirne,41.67669444444444,6.17158372640891,43.22841627359109
2018,2,6.2,126.4,Edirne,41.67669444444444,9.805445437816413,116.59455456218359
2018,3,9.3,150.8,Edirne,41.67669444444444,23.951897263945728,126.84810273605429
2018,4,17.5,3.2,Edirne,41.67669444444444,74.23969009088722,-71.03969009088722
2018,5,20.7,24.4,Edirne,41.67669444444444,110.64615715182966,-86.24615715182966
2018,6,23.2,91.4,Edirne,41.67669444444444,134.85115870711476,-43.45115870711476
2018,7,25.4,65.6,Edirne,41.67669444444444,158.72933474291563,-93.12933474291563
2018,8,26.4,4.8,Edirne,41.67669444444444,157.04521169610425,-152.24521169610423
2018,9,21.6,12.8,Edirne,41.67669444444444,98.03036487287447,-85.23036487287447
2018,10,16.1,40.0,Edirne,41.67669444444444,55.09453077805795,-15.094530778057951
2018,11,10.0,165.8,Edirne,41.67669444444444,21.543942613194957,144.25605738680505
2018,12,4.2,30.4,Edirne,41.67669444444444,4.973278464777401,25.426721535222597
2019,1,4.5,66.2,Edirne,41.67669444444444,5.497712816861239,60.702287183138765
2019,2,6.1,25.0,Edirne,41.67669444444444,9.205668620365731,15.794331379634269
2019,3,10.6,3.0,Edirne,41.67669444444444,29.07391672756562,-26.07391672756562
2019,4,13.1,58.8,Edirne,41.67669444444444,45.18525590399827,13.61474409600173
2019,5,19.0,54.0,Edirne,41.67669444444444,95.22476438419815,-41.22476438419815
2019,6,25.0,34.8,Edirne,41.67669444444444,152.35180456537634,-117.55180456537634
2019,7,25.4,38.4,Edirne,41.67669444444444,158.53806093451618,-120.13806093451618
2019,8,26.5,40.4,Edirne,41.67669444444444,158.0044315935611,-117.60443159356109
2019,9,21.7,12.2,Edirne,41.67669444444444,98.28273566221067,-86.08273566221067
2019,10,16.5,24.2,Edirne,41.67669444444444,56.704572045065575,-32.50457204506557
2019,11,14.0,40.6,Edirne,41.67669444444444,36.99925336359571,3.6007466364042884
2019,12,6.9,16.4,Edirne,41.67669444444444,10.936952734616815,5.463047265383183
2020,1,3.5,9.6,Edirne,41.67669444444444,3.6161053784377337,5.983894621562266
2020,2,7.4,31.8,Edirne,41.67669444444444,12.756555303943943,19.043444696056056
2020,3,10.5,38.6,Edirne,41.67669444444444,28.654160393407015,9.945839606592987
2020,4,12.3,98.2,Edirne,41.67669444444444,40.69555997222083,57.504440027779175
2020,5,18.4,87.2,Edirne,41.67669444444444,90.27981525446468,-3.079815254464677
2020,6,22.7,46.6,Edirne,41.67669444444444,129.5932872965098,-82.9932872965098
2020,7,26.9,0.0,Edirne,41.67669444444444,174.56718476732678,-174.56718476732678
2020,8,27.0,1.6,Edirne,41.67669444444444,163.0384465301048,-161.4384465301048
2020,9,23.7,0.8,Edirne,41.67669444444444,113.98130085516092,-113.18130085516093
2020,10,17.9,64.0,Edirne,41.67669444444444,65.05074415469632,-1.0507441546963179
2020,11,9.6,4.4,Edirne,41.67669444444444,19.66768583907167,-15.26768583907167
2020,12,8.5,92.0,Edirne,41.67669444444444,15.548211062619183,76.45178893738081
2021,1,6.4,209.6,Edirne,41.67669444444444,11.072869623983026,198.52713037601697
2021,2,7.2,48.6,Edirne,41.67669444444444,13.437199240720394,35.162800759279605
2021,3,7.0,37.8,Edirne,41.67669444444444,16.042181507831952,21.757818492168045
2021,4,11.9,63.6,Edirne,41.67669444444444,40.89752612658943,22.702473873410568
2021,5,19.3,30.0,Edirne,41.67669444444444,100.21323211906176,-70.21323211906176
2021,6,22.3,71.4,Edirne,41.67669444444444,127.49419265761837,-56.094192657618365
2021,7,27.3,24.0,Edirne,41.67669444444444,178.65337641340236,-154.65337641340236
2021,8,27.1,12.0,Edirne,41.67669444444444,163.87685466078383,-151.87685466078383
2021,9,20.7,10.0,Edirne,41.67669444444444,92.57944558008953,-82.57944558008953
2021,10,13.6,75.8,Edirne,41.67669444444444,43.1537458219338,32.646254178066194
2021,11,11.1,32.4,Edirne,41.67669444444444,26.792136462206894,5.607863537793104
2021,12,7.2,145.8,Edirne,41.67669444444444,12.98071318002822,132.81928681997178
2022,1,3.9,19.4,Edirne,41.67669444444444,4.414875977453278,14.98512402254672
2022,2,6.4,88.2,Edirne,41.67669444444444,10.134349813837401,78.0656501861626
2022,3,5.7,8.4,Edirne,41.67669444444444,10.433983038125206,-2.0339830381252053
2022,4,14.2,44.6,Edirne,41.67669444444444,52.09069468847925,-7.490694688479252
2022,5,19.3,28.6,Edirne,41.67669444444444,98.10673376503716,-69.50673376503715
2022,6,24.1,36.4,Edirne,41.67669444444444,143.4146045862812,-107.0146045862812
2022,7,27.0,2.0,Edirne,41.67669444444444,175.6368323408412,-173.6368323408412
2022,8,27.2,76.2,Edirne,41.67669444444444,165.03880679910992,-88.83880679910992
2022,9,21.3,41.4,Edirne,41.67669444444444,95.49330570297268,-54.09330570297268
2022,10,16.5,4.4,Edirne,41.67669444444444,57.00124306316292,-52.60124306316292
2022,11,12.8,65.6,Edirne,41.67669444444444,32.086307416763916,33.51369258323608
2022,12,8.1,33.6,Edirne,41.67669444444444,14.502052139680998,19.097947860319003
2023,1,7.4,51.2,Edirne,41.67669444444444,11.526742141272338,39.673257858727666
2023,2,6.5,5.2,Edirne,41.67669444444444,9.226874817633547,-4.026874817633547
2023,3,10.1,50.2,Edirne,41.67669444444444,24.953516033514386,25.246483966485616
2023,4,13.0,103.8,Edirne,41.67669444444444,42.3040361910889,61.4959638089111
2023,5,17.5,65.8,Edirne,41.67669444444444,80.41112711450884,-14.611127114508847
2023,6,23.4,32.4,Edirne,41.67669444444444,135.04884384961747,-102.64884384961746
2023,7,28.1,14.6,Edirne,41.67669444444444,188.59933437474302,-173.99933437474303
2023,8,27.7,20.8,Edirne,41.67669444444444,170.7065261540955,-149.9065261540955
2023,9,23.7,11.0,Edirne,41.67669444444444,112.9886672075435,-101.9886672075435
2023,10,18.9,4.4,Edirne,41.67669444444444,69.44404778535218,-65.04404778535218
2023,11,13.0,112.8,Edirne,41.67669444444444,30.983584949019548,81.81641505098045
2023,12,7.6,70.2,Edirne,41.67669444444444,11.723710820202433,58.47628917979757
2024,1,5.4,21.2,Edirne,41.67669444444444,5.8864555998869665,15.313544400113033
2024,2,9.9,17.6,Edirne,41.67669444444444,17.912588634908197,-0.3125886349081952
2024,3,11.1,54.4,Edirne,41.67669444444444,27.577590748118002,26.822409251881997
2024,4,17.2,38.2,Edirne,41.67669444444444,66.89157083646744,-28.691570836467434
2024,5,18.2,46.0,Edirne,41.67669444444444,83.7309974954454,-37.73099749544539
2024,6,28.0,6.6,Edirne,41.67669444444444,185.73942563583518,-179.13942563583518
2024,7,29.1,33.8,Edirne,41.67669444444444,201.9342666176753,-168.13426661767528
2024,8,28.0,2.8,Edirne,41.67669444444444,174.67905077977144,-171.87905077977143
2024,9,23.1,52.6,Edirne,41.67669444444444,106.90992173102944,-54.30992173102944
2024,10,16.2,1.8,Edirne,41.67669444444444,51.07333984481952,-49.273339844819525
2024,11,8.8,28.0,Edirne,41.67669444444444,14.389781608435582,13.610218391564418
2024,12,7.5,115.6,Edirne,41.67669444444444,10.416560662847147,105.18343933715285
1965,1,3.8,43.7,Kırklareli,41.738194444444446,7.172002227849072,36.52799777215093
1965,2,0.7,113.3,Kırklareli,41.738194444444446,0.6782145855045081,112.62178541449549
1965,3,6.5,13.6,Kırklareli,41.738194444444446,19.0654783881511,-5.4654783881511
1965,4,10.0,73.4,Kırklareli,41.738194444444446,37.91771055661909,35.482289443380914
1965,5,15.9,68.6,Kırklareli,41.738194444444446,81.83712621346659,-13.237126213466595
1965,6,22.2,0.0,Kırklareli,41.738194444444446,131.6784428233632,-131.6784428233632
1965,7,23.6,9.2,Kırklareli,41.738194444444446,145.31709529635424,-136.11709529635425
1965,8,21.4,6.7,Kırklareli,41.738194444444446,117.62486672047417,-110.92486672047417
1965,9,20.3,0.3,Kırklareli,41.738194444444446,95.03733958337575,-94.73733958337576
1965,10,12.7,2.1,Kırklareli,41.738194444444446,45.088609800246864,-42.98860980024686
1965,11,11.5,68.0,Kırklareli,41.738194444444446,33.73452519505793,34.26547480494207
1965,12,7.1,109.6,Kırklareli,41.738194444444446,16.670528689935555,92.92947131006444
1966,1,3.1,144.8,Kırklareli,41.738194444444446,4.424783743892458,140.37521625610756
1966,2,8.6,37.5,Kırklareli,41.738194444444446,20.321307548612012,17.178692451387988
1966,3,7.0,122.6,Kırklareli,41.738194444444446,18.68603630009216,103.91396369990784
1966,4,12.9,75.0,Kırklareli,41.738194444444446,50.5890750098508,24.410924990149198
1966,5,15.8,63.9,Kırklareli,41.738194444444446,77.25372811985368,-13.353728119853677
1966,6,19.8,66.7,Kırklareli,41.738194444444446,109.1184137887219,-42.41841378872189
1966,7,24.5,8.2,Kırklareli,41.738194444444446,151.8213782944566,-143.6213782944566
1966,8,24.0,32.0,Kırklareli,41.738194444444446,136.633686251004,-104.63368625100401
1966,9,18.8,56.7,Kırklareli,41.738194444444446,82.61368732294365,-25.913687322943645
1966,10,17.6,67.1,Kırklareli,41.738194444444446,68.41644826284586,-1.3164482628458671
1966,11,12.0,156.7,Kırklareli,41.738194444444446,33.244162029474005,123.45583797052598
1966,12,5.6,159.1,Kırklareli,41.738194444444446,10.35951176595053,148.74048823404945
1967,1,1.1,117.4,Kırklareli,41.738194444444446,1.2366999834478944,116.16330001655211
1967,2,1.4,11.2,Kırklareli,41.738194444444446,1.7443656626332322,9.455634337366767
1967,3,6.7,22.1,Kırklareli,41.738194444444446,19.669192568028205,2.4308074319717967
1967,4,11.8,39.0,Kırklareli,41.738194444444446,47.46779911935064,-8.467799119350637
1967,5,17.1,21.7,Kırklareli,41.738194444444446,90.26531002087869,-68.56531002087868
1967,6,20.0,51.6,Kırklareli,41.738194444444446,113.5428910064329,-61.942891006432895
1967,7,23.7,14.3,Kırklareli,41.738194444444446,146.0305472769104,-131.7305472769104
1967,8,24.2,44.3,Kırklareli,41.738194444444446,139.55451580972826,-95.25451580972826
1967,9,19.8,33.2,Kırklareli,41.738194444444446,91.55781804056971,-58.35781804056971
1967,10,14.3,31.0,Kırklareli,41.738194444444446,52.94964140476734,-21.94964140476734
1967,11,9.4,32.2,Kırklareli,41.738194444444446,25.238169997170054,6.961830002829949
1967,12,5.1,83.4,Kırklareli,41.738194444444446,10.360760010971237,73.03923998902877
1968,1,1.1,161.2,Kırklareli,41.738194444444446,1.0787629131750305,160.12123708682495
1968,2,5.3,63.1,Kırklareli,41.738194444444446,10.565877293695102,52.5341227063049
1968,3,6.5,22.8,Kırklareli,41.738194444444446,17.739318106313963,5.060681893686038
1968,4,14.1,7.3,Kırklareli,41.738194444444446,59.30554319291295,-52.00554319291295
1968,5,20.6,26.3,Kırklareli,41.738194444444446,115.93695750963431,-89.63695750963431
1968,6,21.3,10.1,Kırklareli,41.738194444444446,122.82111789615738,-112.72111789615738
1968,7,24.2,3.1,Kırklareli,41.738194444444446,149.70491921180937,-146.60491921180937
1968,8,21.8,58.4,Kırklareli,41.738194444444446,119.43123779450227,-61.03123779450227
1968,9,19.3,49.5,Kırklareli,41.738194444444446,87.08381206415751,-37.58381206415751
1968,10,13.0,4.3,Kırklareli,41.738194444444446,44.89647148842403,-40.59647148842403
1968,11,10.1,28.9,Kırklareli,41.738194444444446,26.77433218240375,2.1256678175962485
1968,12,4.0,112.2,Kırklareli,41.738194444444446,6.78827643317213,105.41172356682787
1969,1,-0.5,58.4,Kırklareli,41.738194444444446,0.0,58.4
1969,2,5.0,135.6,Kırklareli,41.738194444444446,10.119246535374671,125.48075346462532
1969,3,4.5,32.7,Kırklareli,41.738194444444446,10.881849884513269,21.818150115486734
1969,4,9.8,44.0,Kırklareli,41.738194444444446,35.89698274560865,8.103017254391347
1969,5,19.5,4.2,Kırklareli,41.738194444444446,107.9259828712855,-103.7259828712855
1969,6,21.9,16.8,Kırklareli,41.738194444444446,128.50503468488316,-111.70503468488316
1969,7,21.6,32.9,Kırklareli,41.738194444444446,127.66972119803434,-94.76972119803435
1969,8,23.5,31.7,Kırklareli,41.738194444444446,133.58756881097597,-101.88756881097596
1969,9,20.3,3.8,Kırklareli,41.738194444444446,94.33842082510826,-90.53842082510826
1969,10,13.8,0.3,Kırklareli,41.738194444444446,49.757069810128435,-49.45706981012844
1969,11,11.0,28.5,Kırklareli,41.738194444444446,30.96680083148477,-2.4668008314847683
1969,12,6.6,105.2,Kırklareli,41.738194444444446,14.50765981563051,90.6923401843695
1970,1,5.2,104.0,Kırklareli,41.738194444444446,10.544766427419297,93.45523357258071
1970,2,6.1,90.2,Kırklareli,41.738194444444446,13.31447743640802,76.88552256359199
1970,3,7.8,53.1,Kırklareli,41.738194444444446,23.63802300783284,29.461976992167163
1970,4,14.1,57.7,Kırklareli,41.738194444444446,60.02364416125938,-2.3236441612593737
1970,5,15.4,39.2,Kırklareli,41.738194444444446,76.87605645793614,-37.67605645793614
1970,6,21.0,21.1,Kırklareli,41.738194444444446,120.87958048616096,-99.77958048616097
1970,7,24.2,5.1,Kırklareli,41.738194444444446,149.99842425315455,-144.89842425315456
1970,8,23.4,15.0,Kırklareli,41.738194444444446,132.67189144578657,-117.67189144578657
1970,9,18.9,0.4,Kırklareli,41.738194444444446,85.03954551918419,-84.63954551918418
1970,10,11.9,61.7,Kırklareli,41.738194444444446,40.106763507885596,21.593236492114407
1970,11,9.5,73.5,Kırklareli,41.738194444444446,24.982320740516673,48.51767925948333
1970,12,5.2,26.9,Kırklareli,41.738194444444446,10.234168046337338,16.66583195366266
1971,1,6.4,63.8,Kırklareli,41.738194444444446,15.231451165574224,48.56854883442577
1971,2,3.6,83.7,Kırklareli,41.738194444444446,6.920685452038403,76.7793145479616
1971,3,6.2,98.9,Kırklareli,41.738194444444446,18.30642721787348,80.59357278212653
1971,4,11.0,25.3,Kırklareli,41.738194444444446,43.99367006546101,-18.69367006546101
1971,5,18.2,43.1,Kırklareli,41.738194444444446,99.5076967057346,-56.4076967057346
1971,6,20.8,49.4,Kırklareli,41.738194444444446,120.7575614655844,-71.35756146558441
1971,7,21.9,56.9,Kırklareli,41.738194444444446,131.3684608258286,-74.4684608258286
1971,8,24.1,2.1,Kırklareli,41.738194444444446,139.12795186590643,-137.02795186590643
1971,9,18.3,55.0,Kırklareli,41.738194444444446,82.7650801069845,-27.7650801069845
1971,10,11.7,30.1,Kırklareli,41.738194444444446,40.79011960842679,-10.69011960842679
1971,11,8.5,114.8,Kırklareli,41.738194444444446,22.55859702145888,92.24140297854112
1971,12,4.4,33.3,Kırklareli,41.738194444444446,8.814931424886643,24.485068575113353
1972,1,2.2,13.5,Kırklareli,41.738194444444446,3.129306708490093,10.370693291509907
1972,2,3.3,18.4,Kırklareli,41.738194444444446,5.601469445976488,12.798530554023511
1972,3,6.9,16.8,Kırklareli,41.738194444444446,19.9971133151011,-3.197113315101099
1972,4,14.2,50.1,Kırklareli,41.738194444444446,60.8600973304206,-10.7600973304206
1972,5,17.5,64.1,Kırklareli,41.738194444444446,92.51954894201965,-28.41954894201966
1972,6,22.8,19.6,Kırklareli,41.738194444444446,136.08795661106436,-116.48795661106436
1972,7,23.9,36.3,Kırklareli,41.738194444444446,147.44918701654336,-111.14918701654337
1972,8,23.7,53.7,Kırklareli,41.738194444444446,135.20933979198315,-81.50933979198315
1972,9,18.1,80.3,Kırklareli,41.738194444444446,80.1272453496776,0.17275465032240334
1972,10,12.2,140.9,Kırklareli,41.738194444444446,41.75245962621966,99.14754037378034
1972,11,9.2,30.4,Kırklareli,41.738194444444446,24.012765971326402,6.387234028673596
1972,12,3.9,4.9,Kırklareli,41.738194444444446,6.861034058845198,-1.9610340588451978
1973,1,1.5,63.8,Kırklareli,41.738194444444446,2.0973069369230726,61.70269306307692
1973,2,5.8,99.2,Kırklareli,41.738194444444446,13.501500136794228,85.69849986320577
1973,3,4.8,64.1,Kırklareli,41.738194444444446,13.00808373182842,51.09191626817157
1973,4,11.6,43.8,Kırklareli,41.738194444444446,47.604135230353,-3.8041352303530047
1973,5,17.8,31.9,Kırklareli,41.738194444444446,96.7673899290061,-64.8673899290061
1973,6,20.0,22.1,Kırklareli,41.738194444444446,114.62088557618954,-92.52088557618953
1973,7,23.4,52.0,Kırklareli,41.738194444444446,144.07554413770106,-92.07554413770106
1973,8,21.9,7.4,Kırklareli,41.738194444444446,122.07890299289188,-114.67890299289188
1973,9,19.9,38.5,Kırklareli,41.738194444444446,93.09864406756093,-54.598644067560926
1973,10,14.0,117.2,Kırklareli,41.738194444444446,52.47918011870828,64.72081988129173
1973,11,6.7,20.4,Kırklareli,41.738194444444446,16.395659958103675,4.004340041896324
1973,12,5.0,99.7,Kırklareli,41.738194444444446,10.6337337717347,89.0662662282653
1974,1,0.6,14.0,Kırklareli,41.738194444444446,0.5662629333373043,13.433737066662696
1974,2,5.3,46.2,Kırklareli,41.738194444444446,11.671895490523635,34.528104509476364
1974,3,6.5,41.9,Kırklareli,41.738194444444446,19.352517838622262,22.547482161377737
1974,4,9.9,56.6,Kırklareli,41.738194444444446,37.78413989368902,18.81586010631098
1974,5,15.6,69.7,Kırklareli,41.738194444444446,80.1453979471699,-10.445397947169894
1974,6,20.9,52.0,Kırklareli,41.738194444444446,121.35244300647656,-69.35244300647656
1974,7,22.8,7.1,Kırklareli,41.738194444444446,138.7209609828147,-131.6209609828147
1974,8,22.7,8.6,Kırklareli,41.738194444444446,127.9541114531322,-119.3541114531322
1974,9,19.6,22.5,Kırklareli,41.738194444444446,90.79125964063242,-68.29125964063242
1974,10,16.8,56.6,Kırklareli,41.738194444444446,66.98487995986048,-10.384879959860477
1974,11,8.7,98.1,Kırklareli,41.738194444444446,23.11668204405694,74.98331795594305
1974,12,4.4,41.9,Kırklareli,41.738194444444446,8.707349205598973,33.192650794401025
1975,1,3.0,58.2,Kırklareli,41.738194444444446,4.801183436876452,53.39881656312355
1975,2,2.2,8.1,Kırklareli,41.738194444444446,3.097329548244125,5.002670451755875
1975,3,9.7,62.4,Kırklareli,41.738194444444446,32.27109482235582,30.128905177644178
1975,4,13.7,52.9,Kırklareli,41.738194444444446,57.5943149527777,-4.694314952777702
1975,5,17.3,76.2,Kırklareli,41.738194444444446,90.77271344794501,-14.572713447945006
1975,6,21.3,73.4,Kırklareli,41.738194444444446,123.34759654228284,-49.94759654228284
1975,7,23.7,22.3,Kırklareli,41.738194444444446,145.58363857471934,-123.28363857471935
1975,8,22.5,44.9,Kırklareli,41.738194444444446,125.43320402455454,-80.53320402455455
1975,9,21.0,0.3,Kırklareli,41.738194444444446,98.85372688361133,-98.55372688361133
1975,10,13.6,147.5,Kırklareli,41.738194444444446,48.53171922398704,98.96828077601296
1975,11,7.5,75.5,Kırklareli,41.738194444444446,17.81349505504589,57.68650494495411
1975,12,3.3,53.0,Kırklareli,41.738194444444446,5.339951683217897,47.6600483167821
1976,1,2.7,41.1,Kırklareli,41.738194444444446,5.347505810258074,35.752494189741924
1976,2,1.2,8.6,Kırklareli,41.738194444444446,1.847140204040622,6.7528597959593775
1976,3,5.0,17.4,Kırklareli,41.738194444444446,15.118077904490498,2.2819220955095005
1976,4,12.3,38.8,Kırklareli,41.738194444444446,53.900383882421096,-15.100383882421099
1976,5,16.4,33.2,Kırklareli,41.738194444444446,88.89348866820099,-55.693488668200985
1976,6,19.5,66.3,Kırklareli,41.738194444444446,112.70410539675753,-46.40410539675753
1976,7,22.6,35.9,Kırklareli,41.738194444444446,138.68343244332303,-102.78343244332302
1976,8,19.5,96.1,Kırklareli,41.738194444444446,105.97265025977585,-9.872650259775853
1976,9,17.9,19.0,Kırklareli,41.738194444444446,82.34509404076336,-63.34509404076336
1976,10,13.8,55.9,Kırklareli,41.738194444444446,53.40793010690674,2.4920698930932588
1976,11,10.1,64.9,Kırklareli,41.738194444444446,30.429839738451747,34.47016026154826
1976,12,5.0,101.7,Kırklareli,41.738194444444446,11.684878383705268,90.01512161629473
1977,1,3.5,74.0,Kırklareli,41.738194444444446,6.118580177622568,67.88141982237744
1977,2,8.7,76.0,Kırklareli,41.738194444444446,22.381297900640284,53.618702099359716
1977,3,7.3,27.3,Kırklareli,41.738194444444446,21.80080400725342,5.499195992746582
1977,4,12.0,48.3,Kırklareli,41.738194444444446,48.07510227852207,0.2248977214779302
1977,5,17.2,34.5,Kırklareli,41.738194444444446,90.46028063172017,-55.96028063172017
1977,6,20.8,102.2,Kırklareli,41.738194444444446,119.56111530762792,-17.361115307627912
1977,7,23.4,25.3,Kırklareli,41.738194444444446,143.17131653680173,-117.87131653680173
1977,8,23.4,6.9,Kırklareli,41.738194444444446,132.86642086905684,-125.96642086905683
1977,9,18.3,58.5,Kırklareli,41.738194444444446,81.53809031221192,-23.03809031221192
1977,10,11.9,26.5,Kırklareli,41.738194444444446,40.453734274337144,-13.953734274337144
1977,11,11.2,82.1,Kırklareli,41.738194444444446,31.903526507289147,50.19647349271085
1977,12,2.8,32.7,Kırklareli,41.738194444444446,4.3269098659539,28.3730901340461
1978,1,2.8,45.3,Kırklareli,41.738194444444446,5.035299886150225,40.26470011384977
1978,2,5.5,60.7,Kırklareli,41.738194444444446,12.717966032665926,47.982033967334075
1978,3,7.9,83.6,Kırklareli,41.738194444444446,26.046871459703375,57.55312854029662
1978,4,11.0,85.1,Kırklareli,41.738194444444446,44.584603176302224,40.51539682369777
1978,5,16.2,53.0,Kırklareli,41.738194444444446,85.38438202012559,-32.384382020125585
1978,6,21.0,15.3,Kırklareli,41.738194444444446,122.8133905725291,-107.5133905725291
1978,7,23.1,1.3,Kırklareli,41.738194444444446,141.7219657694925,-140.4219657694925
1978,8,21.8,12.1,Kırklareli,41.738194444444446,121.5239359501089,-109.42393595010891
1978,9,17.5,49.6,Kırklareli,41.738194444444446,78.31422651545651,-28.71422651545651
1978,10,14.1,39.8,Kırklareli,41.738194444444446,53.278370030904554,-13.478370030904557
1978,11,7.7,23.4,Kırklareli,41.738194444444446,20.05340851906333,3.34659148093667
1978,12,5.3,35.2,Kırklareli,41.738194444444446,11.675547081354912,23.52445291864509
1979,1,3.0,125.5,Kırklareli,41.738194444444446,4.868682678596063,120.63131732140394
1979,2,4.5,90.4,Kırklareli,41.738194444444446,8.71411023065431,81.68588976934569
1979,3,9.3,8.5,Kırklareli,41.738194444444446,30.591686741451884,-22.091686741451884
1979,4,10.9,63.7,Kırklareli,41.738194444444446,41.776132259265516,21.923867740734487
1979,5,17.6,55.1,Kırklareli,41.738194444444446,93.28248380799292,-38.18248380799292
1979,6,22.9,17.4,Kırklareli,41.738194444444446,136.9436256283485,-119.54362562834851
1979,7,21.8,98.2,Kırklareli,41.738194444444446,129.3630280475954,-31.163028047595404
1979,8,22.5,49.8,Kırklareli,41.738194444444446,125.57529682849031,-75.77529682849031
1979,9,19.8,4.8,Kırklareli,41.738194444444446,91.05567543295909,-86.2556754329591
1979,10,12.9,90.7,Kırklareli,41.738194444444446,45.21143176986163,45.48856823013837
1979,11,9.6,151.7,Kırklareli,41.738194444444446,25.518752628540895,126.1812473714591
1979,12,6.2,51.0,Kırklareli,41.738194444444446,13.277572074250616,37.722427925749386
1980,1,1.0,86.3,Kırklareli,41.738194444444446,1.2211017779796245,85.07889822202037
1980,2,2.4,6.0,Kırklareli,41.738194444444446,4.066455962333413,1.9335440376665867
1980,3,5.7,30.8,Kırklareli,41.738194444444446,16.59384586328293,14.206154136717071
1980,4,10.3,59.9,Kırklareli,41.738194444444446,40.622638407938624,19.277361592061375
1980,5,15.8,91.9,Kırklareli,41.738194444444446,82.36840337465848,9.531596625341521
1980,6,20.1,44.3,Kırklareli,41.738194444444446,115.57005201721692,-71.27005201721693
1980,7,23.6,1.8,Kırklareli,41.738194444444446,145.86009965657377,-144.06009965657375
1980,8,22.0,32.8,Kırklareli,41.738194444444446,122.96327538440548,-90.16327538440548
1980,9,18.2,17.8,Kırklareli,41.738194444444446,82.50955357210462,-64.70955357210462
1980,10,16.0,23.6,Kırklareli,41.738194444444446,63.19836089104187,-39.59836089104187
1980,11,10.4,32.8,Kırklareli,41.738194444444446,30.125750668023166,2.6742493319768315
1980,12,6.1,162.8,Kırklareli,41.738194444444446,14.072770946049662,148.72722905395034
1981,1,1.3,106.1,Kırklareli,41.738194444444446,1.5403134028053718,104.55968659719463
1981,2,3.3,30.0,Kırklareli,41.738194444444446,5.758923073767551,24.24107692623245
1981,3,8.8,60.2,Kırklareli,41.738194444444446,28.6905631355104,31.509436864489604
1981,4,11.7,36.4,Kırklareli,41.738194444444446,46.708103877783714,-10.308103877783715
1981,5,14.7,94.2,Kırklareli,41.738194444444446,72.7635294227992,21.436470577200808
1981,6,23.1,0.8,Kırklareli,41.738194444444446,138.92169389527237,-138.12169389527236
1981,7,22.9,12.7,Kırklareli,41.738194444444446,139.03982896033827,-126.33982896033827
1981,8,22.3,21.3,Kırklareli,41.738194444444446,124.29044658210667,-102.99044658210667
1981,9,19.4,8.2,Kırklareli,41.738194444444446,88.82392262631306,-80.62392262631306
1981,10,16.1,58.2,Kırklareli,41.738194444444446,62.38776223586883,-4.187762235868824
1981,11,6.3,110.0,Kırklareli,41.738194444444446,14.278728488811197,95.7212715111888
1981,12,7.3,169.4,Kırklareli,41.738194444444446,17.037803763996322,152.36219623600368
1982,1,2.1,28.3,Kırklareli,41.738194444444446,3.2736747701314703,25.02632522986853
1982,2,1.5,36.2,Kırklareli,41.738194444444446,2.068293562547449,34.13170643745256
1982,3,5.5,37.4,Kırklareli,41.738194444444446,15.518999143131367,21.88100085686863
1982,4,10.2,69.2,Kırklareli,41.738194444444446,39.64362902642506,29.556370973574943
1982,5,16.6,52.9,Kırklareli,41.738194444444446,87.6454538369548,-34.7454538369548
1982,6,21.5,23.7,Kırklareli,41.738194444444446,126.40289446483114,-102.70289446483113
1982,7,22.1,15.3,Kırklareli,41.738194444444446,133.02869528797373,-117.72869528797374
1982,8,22.4,10.0,Kırklareli,41.738194444444446,125.77204116273698,-115.77204116273698
1982,9,20.9,3.3,Kırklareli,41.738194444444446,99.41813111647326,-96.11813111647326
1982,10,14.4,54.4,Kırklareli,41.738194444444446,54.32564174344162,0.07435825655837647
1982,11,8.4,66.4,Kırklareli,41.738194444444446,22.195158002650828,44.20484199734918
1982,12,6.9,95.9,Kırklareli,41.738194444444446,16.401348485058573,79.49865151494143
1983,1,3.0,18.1,Kırklareli,41.738194444444446,5.421804510837923,12.678195489162079
1983,2,2.6,30.5,Kırklareli,41.738194444444446,4.476562736332444,26.023437263667557
1983,3,7.3,10.1,Kırklareli,41.738194444444446,23.105603931793457,-13.005603931793457
1983,4,13.7,11.7,Kırklareli,41.738194444444446,59.78633081083399,-48.086330810833985
1983,5,18.1,29.4,Kırklareli,41.738194444444446,98.97752989016907,-69.57752989016907
1983,6,19.2,115.8,Kırklareli,41.738194444444446,108.33855517148034,7.46144482851966
1983,7,23.6,27.3,Kırklareli,41.738194444444446,145.75162690504123,-118.45162690504124
1983,8,21.5,3.6,Kırklareli,41.738194444444446,119.00283750795865,-115.40283750795865
1983,9,19.4,28.5,Kırklareli,41.738194444444446,89.87443050429084,-61.37443050429084
1983,10,12.6,27.5,Kırklareli,41.738194444444446,45.37819560029606,-17.87819560029606
1983,11,6.9,36.9,Kırklareli,41.738194444444446,17.049833123769293,19.850166876230706
1983,12,5.5,42.5,Kırklareli,41.738194444444446,12.102734298900641,30.397265701099357
1984,1,4.9,91.3,Kırklareli,41.738194444444446,10.24578919738196,81.05421080261803
1984,2,3.7,35.5,Kırklareli,41.738194444444446,6.956726921109165,28.543273078890834
1984,3,5.1,121.0,Kırklareli,41.738194444444446,13.604816187967945,107.39518381203206
1984,4,9.8,62.8,Kırklareli,41.738194444444446,36.89466621540115,25.905333784598845
1984,5,17.8,28.9,Kırklareli,41.738194444444446,95.85136408148082,-66.95136408148082
1984,6,20.4,12.7,Kırklareli,41.738194444444446,117.03368765143311,-104.33368765143311
1984,7,22.6,12.7,Kırklareli,41.738194444444446,136.80764227496132,-124.10764227496132
1984,8,21.1,33.5,Kırklareli,41.738194444444446,115.35165031160898,-81.85165031160898
1984,9,20.9,2.2,Kırklareli,41.738194444444446,99.0064206922755,-96.8064206922755
1984,10,16.7,2.1,Kırklareli,41.738194444444446,66.12810347406929,-64.0281034740693
1984,11,9.1,108.4,Kırklareli,41.738194444444446,24.34738675001632,84.0526132499837
1984,12,4.3,14.6,Kırklareli,41.738194444444446,8.286148331774015,6.313851668225984
1985,1,3.3,76.0,Kırklareli,41.738194444444446,5.948307972801176,70.05169202719883
1985,2,-1.7,57.0,Kırklareli,41.738194444444446,0.0,57.0
1985,3,4.7,22.8,Kırklareli,41.738194444444446,12.221595373990587,10.578404626009414
1985,4,12.6,63.9,Kırklareli,41.738194444444446,52.559224101712154,11.340775898287845
1985,5,18.7,9.4,Kırklareli,41.738194444444446,102.83134817282972,-93.43134817282971
1985,6,20.2,51.0,Kırklareli,41.738194444444446,115.56375736210713,-64.56375736210713
1985,7,22.5,14.5,Kırklareli,41.738194444444446,136.0576740809771,-121.55767408097711
1985,8,23.7,0.7,Kırklareli,41.738194444444446,135.7382879628585,-135.0382879628585
1985,9,19.0,5.3,Kırklareli,41.738194444444446,86.78735962224894,-81.48735962224895
1985,10,11.8,15.7,Kırklareli,41.738194444444446,40.848549770435845,-25.148549770435846
1985,11,10.1,118.0,Kırklareli,41.738194444444446,28.27094927401221,89.72905072598779
1985,12,7.1,9.7,Kırklareli,41.738194444444446,16.776996229648066,-7.076996229648067
1986,1,5.2,90.8,Kırklareli,41.738194444444446,10.763049551981824,80.03695044801817
1986,2,3.8,67.4,Kırklareli,41.738194444444446,6.936422563462435,60.46357743653757
1986,3,5.8,10.9,Kırklareli,41.738194444444446,15.776677332832195,-4.876677332832195
1986,4,14.4,22.5,Kırklareli,41.738194444444446,62.34069971492354,-39.84069971492354
1986,5,16.3,14.6,Kırklareli,41.738194444444446,83.89898247063785,-69.29898247063785
1986,6,21.6,45.8,Kırklareli,41.738194444444446,126.18969537898202,-80.38969537898203
1986,7,23.1,15.2,Kırklareli,41.738194444444446,140.61470038471612,-125.41470038471611
1986,8,24.7,0.2,Kırklareli,41.738194444444446,143.48223917997723,-143.28223917997724
1986,9,20.2,2.6,Kırklareli,41.738194444444446,93.85554373858048,-91.25554373858049
1986,10,12.9,49.9,Kırklareli,41.738194444444446,45.423503804971205,4.476496195028794
1986,11,6.4,25.1,Kırklareli,41.738194444444446,14.46172290746028,10.638277092539722
1986,12,2.8,95.7,Kırklareli,41.738194444444446,4.345554738776581,91.35444526122342
1987,1,2.1,53.4,Kırklareli,41.738194444444446,3.36637615173131,50.03362384826869
1987,2,5.0,32.9,Kırklareli,41.738194444444446,11.093331107950934,21.806668892049064
1987,3,2.1,50.7,Kırklareli,41.738194444444446,4.227178659019783,46.47282134098022
1987,4,9.9,70.7,Kırklareli,41.738194444444446,38.46215605909566,32.23784394090434
1987,5,15.5,53.2,Kırklareli,41.738194444444446,80.21592780482926,-27.01592780482926
1987,6,21.5,46.6,Kırklareli,41.738194444444446,126.71140689699767,-80.11140689699766
1987,7,25.3,7.7,Kırklareli,41.738194444444446,160.4208692432724,-152.7208692432724
1987,8,21.7,42.9,Kırklareli,41.738194444444446,120.66300378926888,-77.76300378926888
1987,9,20.6,2.7,Kırklareli,41.738194444444446,97.7381512266652,-95.03815122666519
1987,10,12.1,34.3,Kırklareli,41.738194444444446,43.10425032101179,-8.804250321011793
1987,11,10.0,107.6,Kırklareli,41.738194444444446,28.538830966813318,79.06116903318667
1987,12,3.9,86.7,Kırklareli,41.738194444444446,7.6238855058417085,79.07611449415829
1988,1,5.3,13.9,Kırklareli,41.738194444444446,11.50855800974247,2.3914419902575297
1988,2,3.9,53.3,Kırklareli,41.738194444444446,7.546828786804213,45.753171213195785
1988,3,7.0,71.5,Kırklareli,41.738194444444446,21.287100029797962,50.21289997020204
1988,4,10.8,24.1,Kırklareli,41.738194444444446,42.41374586691098,-18.313745866910978
1988,5,16.5,65.9,Kırklareli,41.738194444444446,86.39292424942279,-20.492924249422785
1988,6,21.1,100.8,Kırklareli,41.738194444444446,122.80049823504908,-22.00049823504908
1988,7,25.6,9.6,Kırklareli,41.738194444444446,162.84706022182414,-153.24706022182414
1988,8,24.0,36.7,Kırklareli,41.738194444444446,138.13946924965597,-101.43946924965597
1988,9,19.4,13.8,Kırklareli,41.738194444444446,89.3471839642339,-75.54718396423391
1988,10,12.2,9.4,Kırklareli,41.738194444444446,42.7955130707207,-33.3955130707207
1988,11,4.1,133.4,Kırklareli,41.738194444444446,8.059780247828785,125.34021975217122
1988,12,3.8,81.2,Kırklareli,41.738194444444446,7.02870864858523,74.17129135141477
1989,1,2.1,0.6,Kırklareli,41.738194444444446,3.1593673557741133,-2.5593673557741132
1989,2,5.3,3.2,Kırklareli,41.738194444444446,11.538508300833524,-8.338508300833524
1989,3,9.2,46.5,Kırklareli,41.738194444444446,31.092000961437627,15.407999038562373
1989,4,15.4,17.7,Kırklareli,41.738194444444446,69.44997646881993,-51.74997646881992
1989,5,15.6,28.7,Kırklareli,41.738194444444446,79.8374677439313,-51.137467743931296
1989,6,19.4,119.3,Kırklareli,41.738194444444446,109.19359975271283,10.10640024728717
1989,7,22.8,1.1,Kırklareli,41.738194444444446,138.55980498843024,-137.45980498843025
1989,8,23.5,23.7,Kırklareli,41.738194444444446,134.12202379419386,-110.42202379419386
1989,9,18.8,9.0,Kırklareli,41.738194444444446,85.47723654119224,-76.47723654119224
1989,10,12.9,42.7,Kırklareli,41.738194444444446,46.20053583670778,-3.500535836707776
1989,11,7.3,60.3,Kırklareli,41.738194444444446,17.958175604733444,42.341824395266556
1989,12,4.4,45.1,Kırklareli,41.738194444444446,8.596505291406293,36.503494708593706
1990,1,1.9,1.2,Kırklareli,41.738194444444446,2.4643592633454565,-1.2643592633454566
1990,2,6.0,22.4,Kırklareli,41.738194444444446,12.896027941548766,9.503972058451232
1990,3,9.6,11.3,Kırklareli,41.738194444444446,31.624452631698766,-20.324452631698765
1990,4,12.5,82.0,Kırklareli,41.738194444444446,50.31706053504274,31.682939464957258
1990,5,16.0,45.4,Kırklareli,41.738194444444446,80.95957953214864,-35.55957953214864
1990,6,20.9,37.3,Kırklareli,41.738194444444446,119.89047505039835,-82.59047505039835
1990,7,23.8,26.7,Kırklareli,41.738194444444446,146.36868449789839,-119.66868449789838
1990,8,22.8,3.6,Kırklareli,41.738194444444446,127.72004223747167,-124.12004223747168
1990,9,18.0,50.5,Kırklareli,41.738194444444446,79.13534090651501,-28.63534090651501
1990,10,13.5,70.1,Kırklareli,41.738194444444446,47.84838067468501,22.251619325314984
1990,11,12.0,38.5,Kırklareli,41.738194444444446,34.73004839799158,3.769951602008419
1990,12,6.2,99.4,Kırklareli,41.738194444444446,13.052839732778727,86.34716026722128
1991,1,2.3,9.9,Kırklareli,41.738194444444446,4.069733861808366,5.830266138191634
1991,2,2.9,28.7,Kırklareli,41.738194444444446,5.583305774200159,23.11669422579984
1991,3,6.0,23.2,Kırklareli,41.738194444444446,18.509948835344293,4.690051164655706
1991,4,10.5,38.0,Kırklareli,41.738194444444446,42.739722710135375,-4.739722710135375
1991,5,14.1,95.2,Kırklareli,41.738194444444446,71.6813728490636,23.518627150936396
1991,6,21.3,8.6,Kırklareli,41.738194444444446,125.87092077082247,-117.27092077082247
1991,7,23.8,49.2,Kırklareli,41.738194444444446,148.01780164021824,-98.81780164021824
1991,8,22.5,4.6,Kırklareli,41.738194444444446,127.38823678596191,-122.78823678596191
1991,9,19.1,16.3,Kırklareli,41.738194444444446,88.9289248499578,-72.6289248499578
1991,10,13.9,64.4,Kırklareli,41.738194444444446,53.03327461967933,11.366725380320673
1991,11,9.0,82.6,Kırklareli,41.738194444444446,25.433095607189838,57.16690439281015
1991,12,0.4,18.4,Kırklareli,41.738194444444446,0.377489436487438,18.02251056351256
1992,1,1.9,0.7,Kırklareli,41.738194444444446,2.975534233180367,-2.275534233180367
1992,2,1.9,10.2,Kırklareli,41.738194444444446,2.990640132990424,7.209359867009575
1992,3,6.6,63.2,Kırklareli,41.738194444444446,20.413562388724493,42.78643761127551
1992,4,11.8,39.8,Kırklareli,41.738194444444446,49.11704563102445,-9.317045631024456
1992,5,15.0,21.3,Kırklareli,41.738194444444446,76.92454860687494,-55.62454860687494
1992,6,21.1,115.8,Kırklareli,41.738194444444446,123.64840810671225,-7.848408106712256
1992,7,21.9,24.9,Kırklareli,41.738194444444446,131.80222169585048,-106.90222169585047
1992,8,24.7,1.4,Kırklareli,41.738194444444446,144.12462441716883,-142.72462441716883
1992,9,18.0,1.6,Kırklareli,41.738194444444446,81.4235113959029,-79.82351139590291
1992,10,15.9,60.7,Kırklareli,41.738194444444446,62.81220988489906,-2.112209884899059
1992,11,8.1,72.5,Kırklareli,41.738194444444446,21.519824058169487,50.98017594183051
1992,12,2.1,19.8,Kırklareli,41.738194444444446,3.3101974687691498,16.48980253123085
1993,1,1.4,10.8,Kırklareli,41.738194444444446,1.8823639880021585,8.917636011997843
1993,2,1.0,22.6,Kırklareli,41.738194444444446,1.190090889246685,21.409909110753315
1993,3,5.7,35.7,Kırklareli,41.738194444444446,16.35492161832636,19.34507838167364
1993,4,11.5,17.6,Kırklareli,41.738194444444446,46.861055692476064,-29.261055692476063
1993,5,15.8,161.7,Kırklareli,41.738194444444446,81.96056842007324,79.73943157992674
1993,6,20.9,49.9,Kırklareli,41.738194444444446,121.62428922123134,-71.72428922123134
1993,7,22.5,15.7,Kırklareli,41.738194444444446,136.4117974190804,-120.71179741908038
1993,8,23.2,23.1,Kırklareli,41.738194444444446,132.05117825002085,-108.95117825002086
1993,9,19.4,5.0,Kırklareli,41.738194444444446,89.76926371771539,-84.76926371771539
1993,10,16.6,15.1,Kırklareli,41.738194444444446,66.16499488965688,-51.06499488965688
1993,11,6.3,30.4,Kırklareli,41.738194444444446,14.968020226996032,15.431979773003967
1993,12,6.8,45.7,Kırklareli,41.738194444444446,16.119661556764726,29.580338443235277
1994,1,5.5,20.3,Kırklareli,41.738194444444446,9.642987752524581,10.65701224747542
1994,2,4.0,15.9,Kırklareli,41.738194444444446,5.94222567962832,9.95777432037168
1994,3,8.3,22.1,Kırklareli,41.738194444444446,22.78471324655131,-0.6847132465513077
1994,4,14.0,41.9,Kırklareli,41.738194444444446,55.41713593267826,-13.517135932678265
1994,5,18.2,17.6,Kırklareli,41.738194444444446,93.62874657861906,-76.02874657861906
1994,6,21.0,31.8,Kırklareli,41.738194444444446,117.73870531138016,-85.93870531138016
1994,7,24.7,19.0,Kırklareli,41.738194444444446,153.06730094682646,-134.06730094682646
1994,8,25.3,1.8,Kırklareli,41.738194444444446,147.3853808390238,-145.5853808390238
1994,9,23.8,2.4,Kırklareli,41.738194444444446,116.70590312032921,-114.3059031203292
1994,10,15.7,78.0,Kırklareli,41.738194444444446,56.27273997940278,21.72726002059722
1994,11,7.0,60.5,Kırklareli,41.738194444444446,13.983871467126962,46.51612853287304
1994,12,4.1,87.7,Kırklareli,41.738194444444446,5.959908617387884,81.74009138261212
1995,1,3.3,107.5,Kırklareli,41.738194444444446,5.806880578483852,101.69311942151614
1995,2,6.7,43.7,Kırklareli,41.738194444444446,15.7728941144136,27.927105885586403
1995,3,7.3,71.1,Kırklareli,41.738194444444446,22.227510579482395,48.872489420517596
1995,4,11.1,45.1,Kırklareli,41.738194444444446,43.61102534160807,1.4889746583919319
1995,5,16.7,20.6,Kırklareli,41.738194444444446,87.36844461579629,-66.76844461579628
1995,6,22.7,57.7,Kırklareli,41.738194444444446,135.68721298219722,-77.98721298219722
1995,7,23.7,55.6,Kırklareli,41.738194444444446,146.0553023788358,-90.4553023788358
1995,8,23.1,19.3,Kırklareli,41.738194444444446,130.75031967682418,-111.45031967682418
1995,9,19.0,42.5,Kırklareli,41.738194444444446,86.44286999541576,-43.94286999541576
1995,10,12.9,19.8,Kırklareli,41.738194444444446,45.85803411536502,-26.05803411536502
1995,11,5.6,132.1,Kırklareli,41.738194444444446,12.214941426122044,119.88505857387796
1995,12,5.2,38.8,Kırklareli,41.738194444444446,10.670971362808917,28.12902863719108
1996,1,1.6,25.6,Kırklareli,41.738194444444446,2.0164433051921917,23.58355669480781
1996,2,2.3,81.0,Kırklareli,41.738194444444446,3.3912339695380918,77.60876603046191
1996,3,2.8,46.2,Kırklareli,41.738194444444446,5.600571957408982,40.59942804259102
1996,4,10.6,52.3,Kırklareli,41.738194444444446,40.323753774856975,11.976246225143022
1996,5,19.7,13.5,Kırklareli,41.738194444444446,109.6728899671293,-96.1728899671293
1996,6,22.4,9.1,Kırklareli,41.738194444444446,132.82069828267953,-123.72069828267954
1996,7,24.8,0.2,Kırklareli,41.738194444444446,155.4766307974619,-155.2766307974619
1996,8,23.6,18.7,Kırklareli,41.738194444444446,134.48365810062688,-115.78365810062688
1996,9,17.7,35.6,Kırklareli,41.738194444444446,77.77753403479065,-42.177534034790646
1996,10,13.0,6.1,Kırklareli,41.738194444444446,45.86600646062317,-39.76600646062317
1996,11,10.2,79.1,Kırklareli,41.738194444444446,27.944174096479244,51.15582590352075
1996,12,6.5,59.6,Kırklareli,41.738194444444446,14.295434823093409,45.30456517690659
1997,1,3.6,17.9,Kırklareli,41.738194444444446,7.498366259778862,10.401633740221136
1997,2,3.8,31.7,Kırklareli,41.738194444444446,8.101582954374676,23.598417045625325
1997,3,5.3,80.6,Kırklareli,41.738194444444446,15.794472549624853,64.80552745037514
1997,4,8.2,66.2,Kırklareli,41.738194444444446,30.84616356832819,35.35383643167181
1997,5,18.2,43.1,Kırklareli,41.738194444444446,101.16178860837802,-58.061788608378016
1997,6,21.9,23.9,Kırklareli,41.738194444444446,130.78150673432197,-106.88150673432196
1997,7,23.6,41.5,Kırklareli,41.738194444444446,146.4415438843114,-104.94154388431139
1997,8,21.0,65.0,Kırklareli,41.738194444444446,116.25889842868312,-51.258898428683125
1997,9,16.5,0.4,Kırklareli,41.738194444444446,73.24300644305798,-72.84300644305797
1997,10,12.2,92.8,Kırklareli,41.738194444444446,44.68498344891005,48.115016551089944
1997,11,9.5,59.9,Kırklareli,41.738194444444446,27.48546828618769,32.41453171381231
1997,12,4.9,102.6,Kırklareli,41.738194444444446,10.991420918187444,91.60857908181255
1998,1,4.0,48.3,Kırklareli,41.738194444444446,7.2089529908720085,41.09104700912799
1998,2,5.5,46.8,Kırklareli,41.738194444444446,11.432261774812119,35.36773822518788
1998,3,4.6,55.4,Kırklareli,41.738194444444446,11.058199502984948,44.34180049701505
1998,4,13.4,24.3,Kırklareli,41.738194444444446,55.70213351358646,-31.40213351358646
1998,5,16.5,75.8,Kırklareli,41.738194444444446,84.72793445057381,-8.927934450573815
1998,6,22.0,82.7,Kırklareli,41.738194444444446,129.11807561654635,-46.418075616546346
1998,7,24.5,15.5,Kırklareli,41.738194444444446,152.62379871416212,-137.12379871416212
1998,8,24.7,39.0,Kırklareli,41.738194444444446,143.2972872977313,-104.29728729773129
1998,9,18.5,91.4,Kırklareli,41.738194444444446,82.39302325407046,9.006976745929549
1998,10,14.8,142.2,Kırklareli,41.738194444444446,54.6852876893402,87.51471231065979
1998,11,8.2,95.6,Kırklareli,41.738194444444446,20.17668143883452,75.42331856116547
1998,12,1.7,86.4,Kırklareli,41.738194444444446,2.0545199664124705,84.34548003358753
1999,1,4.2,85.0,Kırklareli,41.738194444444446,6.646832571266853,78.35316742873314
1999,2,3.3,53.5,Kırklareli,41.738194444444446,4.637669447060733,48.86233055293927
1999,3,7.9,52.6,Kırklareli,41.738194444444446,21.715316898444698,30.884683101555304
1999,4,13.4,41.4,Kırklareli,41.738194444444446,52.63555087992446,-11.23555087992446
1999,5,17.0,77.9,Kırklareli,41.738194444444446,85.19462804367906,-7.2946280436790545
1999,6,22.4,77.0,Kırklareli,41.738194444444446,130.54579659603775,-53.545796596037746
1999,7,25.2,38.0,Kırklareli,41.738194444444446,158.07955712979435,-120.07955712979435
1999,8,24.8,13.0,Kırklareli,41.738194444444446,143.19175578594226,-130.19175578594226
1999,9,20.5,14.4,Kırklareli,41.738194444444446,93.36238100917886,-78.96238100917886
1999,10,15.4,32.5,Kırklareli,41.738194444444446,55.32373568897712,-22.823735688977123
1999,11,8.6,90.9,Kırklareli,41.738194444444446,19.688044259613,71.211955740387
1999,12,7.6,56.2,Kırklareli,41.738194444444446,15.828764134717229,40.37123586528277
2000,1,0.3,31.1,Kırklareli,41.738194444444446,0.124913744409705,30.975086255590295
2000,2,5.1,45.7,Kırklareli,41.738194444444446,9.028608600310683,36.67139139968932
2000,3,6.6,39.8,Kırklareli,41.738194444444446,16.64500028105564,23.154999718944357
2000,4,14.7,46.2,Kırklareli,41.738194444444446,60.71507977971625,-14.515079779716245
2000,5,17.4,40.2,Kırklareli,41.738194444444446,88.41619164785276,-48.21619164785275
2000,6,21.7,16.2,Kırklareli,41.738194444444446,124.53850930525371,-108.33850930525371
2000,7,26.3,26.6,Kırklareli,41.738194444444446,168.6546547904777,-142.0546547904777
2000,8,24.1,28.9,Kırklareli,41.738194444444446,137.18482387401562,-108.28482387401561
2000,9,19.5,12.8,Kırklareli,41.738194444444446,86.679150086589,-73.87915008658901
2000,10,13.6,20.7,Kırklareli,41.738194444444446,45.974562945181276,-25.274562945181277
2000,11,12.4,26.3,Kırklareli,41.738194444444446,34.372582047603245,-8.072582047603245
2000,12,6.5,18.7,Kırklareli,41.738194444444446,12.572033691262705,6.127966308737294
2001,1,5.8,19.0,Kırklareli,41.738194444444446,10.0960780773282,8.9039219226718
2001,2,6.1,24.3,Kırklareli,41.738194444444446,10.977612192101619,13.322387807898382
2001,3,11.6,25.6,Kırklareli,41.738194444444446,37.367815742978465,-11.767815742978463
2001,4,12.6,44.1,Kırklareli,41.738194444444446,46.313548648147226,-2.213548648147224
2001,5,17.8,20.3,Kırklareli,41.738194444444446,89.62621208190679,-69.32621208190679
2001,6,21.8,13.8,Kırklareli,41.738194444444446,124.09838375166032,-110.29838375166032
2001,7,26.8,15.1,Kırklareli,41.738194444444446,173.50600363937062,-158.40600363937062
2001,8,25.6,4.8,Kırklareli,41.738194444444446,149.91589714472164,-145.11589714472163
2001,9,20.9,47.5,Kırklareli,41.738194444444446,95.03426375211187,-47.53426375211187
2001,10,16.0,8.2,Kırklareli,41.738194444444446,57.24005122186636,-49.040051221866364
2001,11,8.2,46.8,Kırklareli,41.738194444444446,17.346041551110297,29.4539584488897
2001,12,-0.3,59.6,Kırklareli,41.738194444444446,0.0,59.6
2002,1,2.7,14.7,Kırklareli,41.738194444444446,3.626734405595238,11.073265594404761
2002,2,8.2,30.8,Kırklareli,41.738194444444446,18.996873571090855,11.803126428909145
2002,3,8.8,49.1,Kırklareli,41.738194444444446,26.36013927508286,22.73986072491714
2002,4,11.2,16.4,Kırklareli,41.738194444444446,41.09595858893394,-24.69595858893394
2002,5,17.7,33.7,Kırklareli,41.738194444444446,91.59947170929068,-57.89947170929068
2002,6,22.2,25.2,Kırklareli,41.738194444444446,129.45910927472985,-104.25910927472985
2002,7,26.0,57.2,Kırklareli,41.738194444444446,165.88378000426366,-108.68378000426365
2002,8,23.0,32.6,Kırklareli,41.738194444444446,128.3025226275231,-95.70252262752311
2002,9,18.9,160.7,Kırklareli,41.738194444444446,83.35593488158356,77.34406511841642
2002,10,14.4,53.3,Kırklareli,41.738194444444446,50.83849924651423,2.4615007534857654
2002,11,11.2,83.4,Kırklareli,41.738194444444446,30.07648499936515,53.323515000634856
2002,12,3.1,30.6,Kırklareli,41.738194444444446,4.322092115523975,26.277907884476026
2003,1,5.1,131.5,Kırklareli,41.738194444444446,9.854736668002973,121.64526333199703
2003,2,-0.8,48.9,Kırklareli,41.738194444444446,0.0,48.9
2003,3,4.0,7.3,Kırklareli,41.738194444444446,8.693477703963572,-1.3934777039635717
2003,4,9.8,76.6,Kırklareli,41.738194444444446,34.8320257096484,41.767974290351596
2003,5,19.7,62.8,Kırklareli,41.738194444444446,108.49416800501393,-45.694168005013935
2003,6,23.3,23.9,Kırklareli,41.738194444444446,139.7577710623877,-115.85777106238768
2003,7,24.7,38.8,Kırklareli,41.738194444444446,154.1342975445602,-115.33429754456021
2003,8,25.7,4.9,Kırklareli,41.738194444444446,151.53329767453997,-146.63329767453996
2003,9,18.2,17.9,Kırklareli,41.738194444444446,79.82276069227068,-61.92276069227068
2003,10,14.1,95.1,Kırklareli,41.738194444444446,50.32533612590488,44.77466387409511
2003,11,9.1,11.8,Kırklareli,41.738194444444446,22.889285800534072,-11.089285800534071
2003,12,4.4,35.8,Kırklareli,41.738194444444446,7.7175195089225594,28.082480491077437
2004,1,2.3,81.8,Kırklareli,41.738194444444446,3.382325268859037,78.41767473114096
2004,2,3.8,7.5,Kırklareli,41.738194444444446,6.926579836104441,0.5734201638955589
2004,3,7.7,37.1,Kırklareli,41.738194444444446,23.54937256931888,13.550627430681121
2004,4,11.9,16.3,Kırklareli,41.738194444444446,47.553232698174575,-31.253232698174575
2004,5,15.9,44.9,Kırklareli,41.738194444444446,80.96606342531516,-36.06606342531516
2004,6,21.0,125.9,Kırklareli,41.738194444444446,121.23054769282354,4.669452307176471
2004,7,23.1,32.5,Kırklareli,41.738194444444446,140.59924281199977,-108.09924281199977
2004,8,23.0,77.6,Kırklareli,41.738194444444446,129.67950293493448,-52.07950293493448
2004,9,19.5,1.5,Kırklareli,41.738194444444446,89.26016261498401,-87.76016261498401
2004,10,15.8,12.1,Kırklareli,41.738194444444446,60.51859878062089,-48.41859878062089
2004,11,9.7,31.5,Kırklareli,41.738194444444446,26.04743493847868,5.4525650615213195
2004,12,5.6,52.7,Kırklareli,41.738194444444446,11.5892784281287,41.1107215718713
2005,1,3.9,82.5,Kırklareli,41.738194444444446,7.202448925045884,75.29755107495411
2005,2,2.4,94.1,Kırklareli,41.738194444444446,3.644030231532213,90.45596976846778
2005,3,6.4,24.3,Kırklareli,41.738194444444446,18.21759513176066,6.08240486823934
2005,4,12.4,16.0,Kırklareli,41.738194444444446,50.55782408361617,-34.55782408361617
2005,5,17.9,70.4,Kırklareli,41.738194444444446,95.9205230040135,-25.520523004013498
2005,6,20.5,24.1,Kırklareli,41.738194444444446,117.27933832933127,-93.17933832933127
2005,7,24.5,64.6,Kırklareli,41.738194444444446,152.8829858860607,-88.28298588606071
2005,8,23.9,39.1,Kırklareli,41.738194444444446,136.9918330694866,-97.89183306948661
2005,9,19.5,45.0,Kırklareli,41.738194444444446,89.36849914696427,-44.36849914696427
2005,10,13.0,34.3,Kırklareli,41.738194444444446,46.02519747856188,-11.725197478561881
2005,11,7.7,137.1,Kırklareli,41.738194444444446,18.865324599916843,118.23467540008315
2005,12,5.1,141.3,Kırklareli,41.738194444444446,10.214272408621056,131.08572759137894
2006,1,-0.1,32.2,Kırklareli,41.738194444444446,0.0,32.2
2006,2,3.2,33.3,Kırklareli,41.738194444444446,5.344701142904647,27.95529885709535
2006,3,7.6,133.4,Kırklareli,41.738194444444446,22.903209884152524,110.49679011584749
2006,4,13.2,17.4,Kırklareli,41.738194444444446,54.794400153521515,-37.39440015352152
2006,5,17.1,27.6,Kırklareli,41.738194444444446,89.46462281145784,-61.86462281145784
2006,6,21.3,78.1,Kırklareli,41.738194444444446,123.48138725287559,-45.3813872528756
2006,7,22.9,78.3,Kırklareli,41.738194444444446,138.71323963829082,-60.41323963829082
2006,8,25.4,21.4,Kırklareli,41.738194444444446,149.209077985184,-127.80907798518399
2006,9,19.2,84.4,Kırklareli,41.738194444444446,87.10399976537404,-2.7039997653740357
2006,10,14.5,24.4,Kırklareli,41.738194444444446,53.340638222632684,-28.940638222632685
2006,11,7.5,37.3,Kırklareli,41.738194444444446,17.919769961303917,19.38023003869608
2006,12,4.7,21.3,Kırklareli,41.738194444444446,8.925330701514628,12.374669298485372
2007,1,6.3,75.4,Kırklareli,41.738194444444446,12.208465870497676,63.19153412950233
2007,2,5.5,32.0,Kırklareli,41.738194444444446,9.985461605339825,22.014538394660175
2007,3,8.1,45.2,Kırklareli,41.738194444444446,22.447257963814216,22.752742036185786
2007,4,11.6,6.2,Kırklareli,41.738194444444446,42.17344261837339,-35.97344261837339
2007,5,18.7,99.2,Kırklareli,41.738194444444446,98.27531182682219,0.9246881731778132
2007,6,23.6,41.3,Kırklareli,41.738194444444446,141.2033954752183,-99.90339547521829
2007,7,25.9,0.5,Kırklareli,41.738194444444446,164.74937956774443,-164.24937956774443
2007,8,25.3,36.3,Kırklareli,41.738194444444446,147.54930534343455,-111.24930534343456
2007,9,18.9,50.0,Kırklareli,41.738194444444446,82.4445412444321,-32.4445412444321
2007,10,14.9,56.8,Kırklareli,41.738194444444446,52.506880356347914,4.2931196436520835
2007,11,7.8,97.3,Kırklareli,41.738194444444446,16.901502111013226,80.39849788898677
2007,12,3.5,53.0,Kırklareli,41.738194444444446,4.856572307877075,48.14342769212293
2008,1,2.0,25.8,Kırklareli,41.738194444444446,2.3225624931711475,23.477437506828853
2008,2,4.3,0.3,Kırklareli,41.738194444444446,7.2804931810400095,-6.98049318104001
2008,3,9.8,49.8,Kırklareli,41.738194444444446,30.93622368810805,18.863776311891947
2008,4,13.2,51.2,Kırklareli,41.738194444444446,52.46614936658046,-1.266149366580457
2008,5,17.0,21.4,Kırklareli,41.738194444444446,86.27298025426445,-64.87298025426446
2008,6,22.3,68.0,Kırklareli,41.738194444444446,130.3296889855236,-62.3296889855236
2008,7,24.1,11.0,Kırklareli,41.738194444444446,148.1949995508407,-137.1949995508407
2008,8,25.2,52.8,Kırklareli,41.738194444444446,146.9589700717395,-94.15897007173949
2008,9,18.6,82.8,Kırklareli,41.738194444444446,81.40099100090472,1.3990089990952725
2008,10,14.4,8.0,Kırklareli,41.738194444444446,50.842438150425544,-42.842438150425544
2008,11,10.2,18.4,Kırklareli,41.738194444444446,26.17684515053055,-7.776845150530551
2008,12,6.1,35.0,Kırklareli,41.738194444444446,11.820583204379998,23.17941679562
2009,1,4.2,89.4,Kırklareli,41.738194444444446,6.9057153626702705,82.49428463732974
2009,2,4.6,114.4,Kırklareli,41.738194444444446,7.950407571180581,106.44959242881943
2009,3,6.8,57.0,Kırklareli,41.738194444444446,17.803121353002396,39.196878646997604
2009,4,12.0,22.8,Kırklareli,41.738194444444446,45.284855031933525,-22.484855031933524
2009,5,18.1,44.6,Kırklareli,41.738194444444446,94.43925526030188,-49.839255260301876
2009,6,22.4,42.2,Kırklareli,41.738194444444446,131.03447674449143,-88.83447674449143
2009,7,24.6,89.2,Kırklareli,41.738194444444446,152.69378621378814,-63.49378621378814
2009,8,23.8,0.0,Kırklareli,41.738194444444446,134.8793877406703,-134.8793877406703
2009,9,19.1,140.2,Kırklareli,41.738194444444446,84.47443805109593,55.72556194890406
2009,10,15.5,85.8,Kırklareli,41.738194444444446,56.50432819203284,29.29567180796716
2009,11,10.3,33.6,Kırklareli,41.738194444444446,26.383795973677362,7.2162040263226395
2009,12,7.7,101.8,Kırklareli,41.738194444444446,16.565789594390033,85.23421040560996
2010,1,2.9,54.8,Kırklareli,41.738194444444446,3.27343664115643,51.52656335884357
2010,2,5.9,148.0,Kırklareli,41.738194444444446,10.10479663601602,137.89520336398397
2010,3,7.1,63.0,Kırklareli,41.738194444444446,16.914134021001928,46.08586597899807
2010,4,13.1,39.6,Kırklareli,41.738194444444446,48.498294378595276,-8.898294378595274
2010,5,18.8,17.0,Kırklareli,41.738194444444446,96.89803080501038,-79.89803080501038
2010,6,22.2,49.4,Kırklareli,41.738194444444446,127.17844065327229,-77.7784406532723
2010,7,24.6,44.7,Kırklareli,41.738194444444446,151.54560671429755,-106.84560671429755
2010,8,28.1,0.0,Kırklareli,41.738194444444446,173.53014151251892,-173.53014151251892
2010,9,20.6,22.7,Kırklareli,41.738194444444446,92.41838500022976,-69.71838500022976
2010,10,12.8,63.5,Kırklareli,41.738194444444446,39.81301655956719,23.68698344043281
2010,11,14.2,97.4,Kırklareli,41.738194444444446,40.31601801727272,57.08398198272729
2010,12,7.2,80.5,Kırklareli,41.738194444444446,13.365151634842647,67.13484836515735
2011,1,3.4,35.3,Kırklareli,41.738194444444446,5.897172306301026,29.40282769369897
2011,2,2.8,23.8,Kırklareli,41.738194444444446,4.501830947506361,19.29816905249364
2011,3,6.5,13.6,Kırklareli,41.738194444444446,18.54505283405223,-4.945052834052229
2011,4,9.8,37.5,Kırklareli,41.738194444444446,36.14438197971706,1.3556180202829395
2011,5,17.2,20.4,Kırklareli,41.738194444444446,90.54367842890697,-70.14367842890698
2011,6,21.4,28.7,Kırklareli,41.738194444444446,124.54208205405743,-95.84208205405743
2011,7,25.3,37.4,Kırklareli,41.738194444444446,159.96005530749574,-122.56005530749573
2011,8,23.8,8.0,Kırklareli,41.738194444444446,136.13431674897757,-128.13431674897757
2011,9,21.7,42.8,Kırklareli,41.738194444444446,103.88433970397449,-61.08433970397449
2011,10,12.1,120.4,Kırklareli,41.738194444444446,41.489999880259646,78.91000011974036
2011,11,6.0,2.8,Kırklareli,41.738194444444446,13.201237766059744,-10.401237766059744
2011,12,6.3,107.4,Kırklareli,41.738194444444446,13.712848229001745,93.68715177099826
2012,1,1.2,131.2,Kırklareli,41.738194444444446,0.807039438616402,130.39296056138357
2012,2,1.2,17.9,Kırklareli,41.738194444444446,0.8111365371362446,17.088863462863753
2012,3,7.2,8.4,Kırklareli,41.738194444444446,17.24716575310959,-8.847165753109591
2012,4,14.0,47.9,Kırklareli,41.738194444444446,53.79720258511379,-5.897202585113789
2012,5,18.0,127.8,Kırklareli,41.738194444444446,90.39338519393817,37.406614806061825
2012,6,23.9,18.4,Kırklareli,41.738194444444446,142.87068014530348,-124.47068014530348
2012,7,26.9,2.5,Kırklareli,41.738194444444446,174.53155780066479,-172.03155780066479
2012,8,25.6,12.6,Kırklareli,41.738194444444446,149.76263499395768,-137.16263499395768
2012,9,21.3,17.0,Kırklareli,41.738194444444446,97.38442737767095,-80.38442737767095
2012,10,17.5,127.9,Kırklareli,41.738194444444446,65.20085461925,62.69914538075001
2012,11,11.4,48.8,Kırklareli,41.738194444444446,28.447760040348534,20.352239959651463
2012,12,4.3,215.0,Kırklareli,41.738194444444446,5.898224327264709,209.1017756727353
2013,1,3.9,96.8,Kırklareli,41.738194444444446,5.881877476067255,90.91812252393274
2013,2,6.4,98.6,Kırklareli,41.738194444444446,12.543339772489084,86.05666022751092
2013,3,8.5,57.0,Kırklareli,41.738194444444446,24.11383338241854,32.88616661758146
2013,4,14.1,23.4,Kırklareli,41.738194444444446,56.66093959492373,-33.260939594923734
2013,5,20.2,33.0,Kırklareli,41.738194444444446,110.4403995056726,-77.4403995056726
2013,6,21.6,98.0,Kırklareli,41.738194444444446,123.41388288921769,-25.41388288921769
2013,7,23.9,7.3,Kırklareli,41.738194444444446,145.81335690800393,-138.5133569080039
2013,8,25.2,1.0,Kırklareli,41.738194444444446,146.65297619377344,-145.65297619377344
2013,9,19.9,18.6,Kırklareli,41.738194444444446,89.11807479830944,-70.51807479830944
2013,10,13.1,57.0,Kırklareli,41.738194444444446,43.14780643261377,13.85219356738623
2013,11,10.8,80.6,Kırklareli,41.738194444444446,27.65999452350038,52.940005476499614
2013,12,3.7,2.9,Kırklareli,41.738194444444446,5.269985841399234,-2.369985841399234
2014,1,6.4,104.1,Kırklareli,41.738194444444446,12.425972239798249,91.67402776020174
2014,2,7.6,14.0,Kırklareli,41.738194444444446,16.221918940344057,-2.2219189403440573
2014,3,9.8,75.5,Kırklareli,41.738194444444446,29.84074088299,45.659259117009995
2014,4,13.3,69.8,Kırklareli,41.738194444444446,51.74105539752205,18.05894460247795
2014,5,17.4,99.6,Kırklareli,41.738194444444446,87.93113295605121,11.66886704394878
2014,6,21.1,167.5,Kırklareli,41.738194444444446,119.01465150970593,48.48534849029407
2014,7,24.4,19.1,Kırklareli,41.738194444444446,150.4277678425161,-131.3277678425161
2014,8,25.3,5.2,Kırklareli,41.738194444444446,147.51126551689768,-142.3112655168977
2014,9,19.5,106.6,Kırklareli,41.738194444444446,86.32829567214506,20.271704327854934
2014,10,13.9,109.1,Kırklareli,41.738194444444446,47.11844914908639,61.98155085091361
2014,11,9.4,73.3,Kırklareli,41.738194444444446,22.330655832786654,50.96934416721334
2014,12,6.6,139.7,Kırklareli,41.738194444444446,12.638117130459218,127.06188286954077
2015,1,3.9,50.4,Kırklareli,41.738194444444446,5.464105471879099,44.9358945281209
2015,2,5.1,78.4,Kırklareli,41.738194444444446,8.338873695170738,70.06112630482927
2015,3,7.7,43.0,Kırklareli,41.738194444444446,19.78609113741813,23.21390886258187
2015,4,11.3,67.8,Kırklareli,41.738194444444446,39.16763314300071,28.63236685699929
2015,5,19.6,34.8,Kırklareli,41.738194444444446,104.23911672708789,-69.43911672708789
2015,6,21.5,60.0,Kırklareli,41.738194444444446,121.51480186900912,-61.51480186900912
2015,7,25.4,2.1,Kırklareli,41.738194444444446,159.60158195829018,-157.5015819582902
2015,8,25.9,17.2,Kırklareli,41.738194444444446,152.6782996482189,-135.47829964821892
2015,9,22.2,33.0,Kırklareli,41.738194444444446,104.46282975490864,-71.46282975490864
2015,10,14.2,71.8,Kırklareli,41.738194444444446,47.597377273525034,24.202622726474964
2015,11,12.4,46.2,Kırklareli,41.738194444444446,33.12578953639344,13.074210463606562
2015,12,5.6,0.0,Kırklareli,41.738194444444446,9.314558140394874,-9.314558140394874
2016,1,3.5,143.4,Kırklareli,41.738194444444446,4.515794611339253,138.88420538866075
2016,2,9.2,91.4,Kırklareli,41.738194444444446,20.652150451720733,70.74784954827928
2016,3,9.7,27.6,Kırklareli,41.738194444444446,28.03418555881102,-0.43418555881101994
2016,4,15.8,44.8,Kırklareli,41.738194444444446,65.62722008593173,-20.827220085931728
2016,5,16.9,79.6,Kırklareli,41.738194444444446,82.3444512152206,-2.7444512152206073
2016,6,23.6,18.2,Kırklareli,41.738194444444446,140.29471111723933,-122.09471111723933
2016,7,25.4,0.0,Kırklareli,41.738194444444446,159.50806257448662,-159.50806257448662
2016,8,25.5,15.2,Kırklareli,41.738194444444446,148.94201746852335,-133.74201746852336
2016,9,20.6,19.2,Kırklareli,41.738194444444446,92.7129642060147,-73.5129642060147
2016,10,14.2,68.2,Kırklareli,41.738194444444446,47.269614761238756,20.930385238761247
2016,11,9.6,52.2,Kırklareli,41.738194444444446,21.991998461708967,30.208001538291036
2016,12,1.5,5.6,Kırklareli,41.738194444444446,1.161020663975293,4.4389793360247065
2017,1,-0.3,85.5,Kırklareli,41.738194444444446,0.0,85.5
2017,2,5.6,57.3,Kırklareli,41.738194444444446,9.742552346094968,47.55744765390503
2017,3,9.9,36.3,Kırklareli,41.738194444444446,29.447017806580448,6.85298219341955
2017,4,12.4,79.4,Kırklareli,41.738194444444446,45.485086582838285,33.91491341716172
2017,5,17.6,38.2,Kırklareli,41.738194444444446,88.39313623247938,-50.193136232479375
2017,6,23.1,30.0,Kırklareli,41.738194444444446,136.01151296204443,-106.01151296204443
2017,7,25.0,63.0,Kırklareli,41.738194444444446,155.77505854144326,-92.77505854144326
2017,8,25.7,11.6,Kırklareli,41.738194444444446,150.88744140438547,-139.28744140438548
2017,9,21.9,38.4,Kırklareli,41.738194444444446,102.40510004026038,-64.00510004026037
2017,10,14.1,111.8,Kırklareli,41.738194444444446,47.269423451029624,64.53057654897037
2017,11,9.8,84.6,Kırklareli,41.738194444444446,23.111989746771663,61.48801025322833
2017,12,7.7,134.4,Kırklareli,41.738194444444446,15.414687003737974,118.98531299626202
2018,1,4.8,79.6,Kırklareli,41.738194444444446,7.331956597590527,72.26804340240946
2018,2,5.7,64.4,Kırklareli,41.738194444444446,9.657968746483899,54.7420312535161
2018,3,8.7,191.0,Kırklareli,41.738194444444446,23.47548457777576,167.52451542222423
2018,4,16.9,2.4,Kırklareli,41.738194444444446,72.7250477798242,-70.32504777982419
2018,5,19.5,47.6,Kırklareli,41.738194444444446,102.85461556562836,-55.25461556562836
2018,6,22.0,137.8,Kırklareli,41.738194444444446,125.52086271050939,12.27913728949062
2018,7,24.2,101.8,Kırklareli,41.738194444444446,147.7607808289772,-45.96078082897721
2018,8,25.3,1.6,Kırklareli,41.738194444444446,147.06285719874322,-145.46285719874322
2018,9,20.9,11.0,Kırklareli,41.738194444444446,94.69428041426868,-83.69428041426868
2018,10,15.4,34.4,Kırklareli,41.738194444444446,53.49903804905907,-19.099038049059068
2018,11,10.0,116.0,Kırklareli,41.738194444444446,23.304430383741128,92.69556961625887
2018,12,4.2,33.2,Kırklareli,41.738194444444446,5.7671503977153185,27.432849602284683
2019,1,4.2,126.8,Kırklareli,41.738194444444446,5.798285979791755,121.00171402020824
2019,2,5.2,36.4,Kırklareli,41.738194444444446,8.17923448475404,28.220765515245958
2019,3,9.5,10.0,Kırklareli,41.738194444444446,26.59429877471504,-16.59429877471504
2019,4,12.0,37.6,Kırklareli,41.738194444444446,41.97791020765435,-4.377910207654345
2019,5,17.9,54.2,Kırklareli,41.738194444444446,89.4101879423685,-35.21018794236849
2019,6,24.1,49.4,Kırklareli,41.738194444444446,144.68600989038103,-95.28600989038102
2019,7,23.9,66.2,Kırklareli,41.738194444444446,144.66960359782473,-78.46960359782473
2019,8,24.9,31.6,Kırklareli,41.738194444444446,143.28143611415035,-111.68143611415036
2019,9,20.8,17.6,Kırklareli,41.738194444444446,93.66813031728387,-76.06813031728387
2019,10,16.0,80.4,Kırklareli,41.738194444444446,56.430088066094804,23.969911933905202
2019,11,14.2,41.0,Kırklareli,41.738194444444446,40.13101087558182,0.868989124418178
2019,12,7.6,27.0,Kırklareli,41.738194444444446,14.424681843526233,12.575318156473767
2020,1,3.9,39.4,Kırklareli,41.738194444444446,5.478605270860671,33.92139472913933
2020,2,6.4,53.0,Kırklareli,41.738194444444446,11.898427699767815,41.101572300232185
2020,3,9.5,18.8,Kırklareli,41.738194444444446,27.480280010287476,-8.680280010287476
2020,4,11.4,42.1,Kırklareli,41.738194444444446,39.75532415851748,2.3446758414825197
2020,5,17.3,62.8,Kırklareli,41.738194444444446,85.88000560020303,-23.080005600203037
2020,6,21.2,112.7,Kırklareli,41.738194444444446,118.92363673281886,-6.223636732818861
2020,7,24.7,0.0,Kırklareli,41.738194444444446,152.8235542007243,-152.8235542007243
2020,8,24.9,5.6,Kırklareli,41.738194444444446,143.6142795649626,-138.0142795649626
2020,9,22.3,18.0,Kırklareli,41.738194444444446,105.22301159995462,-87.22301159995462
2020,10,17.4,64.4,Kırklareli,41.738194444444446,65.3515323541526,-0.9515323541525902
2020,11,9.4,3.0,Kırklareli,41.738194444444446,21.552858104369573,-18.552858104369573
2020,12,8.4,33.2,Kırklareli,41.738194444444446,17.53937220388703,15.660627796112973
2021,1,5.9,191.4,Kırklareli,41.738194444444446,11.50091157149172,179.8990884285083
2021,2,6.4,102.0,Kırklareli,41.738194444444446,13.049956649293057,88.95004335070695
2021,3,6.0,29.0,Kırklareli,41.738194444444446,14.808263590845266,14.191736409154734
2021,4,10.7,69.8,Kırklareli,41.738194444444446,38.2227657164837,31.577234283516297
2021,5,17.9,26.6,Kırklareli,41.738194444444446,92.95270895132018,-66.35270895132018
2021,6,20.7,99.6,Kırklareli,41.738194444444446,116.52372525972108,-16.92372525972108
2021,7,25.9,3.0,Kırklareli,41.738194444444446,164.90632106347266,-161.90632106347266
2021,8,25.6,17.0,Kırklareli,41.738194444444446,150.40138796102946,-133.40138796102946
2021,9,19.3,8.0,Kırklareli,41.738194444444446,85.8488185498522,-77.8488185498522
2021,10,13.1,48.4,Kırklareli,41.738194444444446,44.01146366947826,4.388536330521738
2021,11,10.9,96.8,Kırklareli,41.738194444444446,28.756934609324592,68.04306539067541
2021,12,6.6,176.6,Kırklareli,41.738194444444446,13.193270711679679,163.40672928832032
2022,1,3.1,19.6,Kırklareli,41.738194444444446,4.013623354992827,15.586376645007174
2022,2,5.7,139.4,Kırklareli,41.738194444444446,10.269826138680592,129.1301738613194
2022,3,4.5,3.4,Kırklareli,41.738194444444446,8.927768991602404,-5.527768991602404
2022,4,13.0,59.6,Kırklareli,41.738194444444446,49.52452155539738,10.075478444602624
2022,5,18.0,22.0,Kırklareli,41.738194444444446,92.12508819466707,-70.12508819466707
2022,6,22.6,37.6,Kırklareli,41.738194444444446,131.84210622287685,-94.24210622287686
2022,7,24.6,18.0,Kırklareli,41.738194444444446,152.1423094981985,-134.1423094981985
2022,8,25.4,39.2,Kırklareli,41.738194444444446,148.29723585504556,-109.09723585504555
2022,9,19.9,36.2,Kırklareli,41.738194444444446,88.70496415799848,-52.50496415799847
2022,10,15.4,6.4,Kırklareli,41.738194444444446,54.68903212539318,-48.289032125393184
2022,11,12.3,30.8,Kırklareli,41.738194444444446,33.29413744469573,-2.4941374446957276
2022,12,8.2,74.6,Kırklareli,41.738194444444446,17.32591373311686,57.27408626688313
2023,1,6.9,29.6,Kırklareli,41.738194444444446,12.355616667201119,17.244383332798883
2023,2,5.2,7.0,Kırklareli,41.738194444444446,7.874945164229249,-0.8749451642292492
2023,3,8.8,48.2,Kırklareli,41.738194444444446,22.953666580124892,25.24633341987511
2023,4,11.5,100.8,Kırklareli,41.738194444444446,38.47651193022558,62.32348806977442
2023,5,16.3,37.0,Kırklareli,41.738194444444446,76.18354110968237,-39.183541109682366
2023,6,21.7,43.8,Kırklareli,41.738194444444446,121.90234878140001,-78.10234878140001
2023,7,26.3,19.4,Kırklareli,41.738194444444446,168.32898617289496,-148.92898617289495
2023,8,26.4,0.4,Kırklareli,41.738194444444446,157.17090528681618,-156.77090528681617
2023,9,22.2,13.2,Kırklareli,41.738194444444446,103.42174693204403,-90.22174693204403
2023,10,17.6,5.0,Kırklareli,41.738194444444446,65.01204412972477,-60.01204412972477
2023,11,11.8,167.4,Kırklareli,41.738194444444446,29.351702918612748,138.04829708138726
2023,12,8.1,97.4,Kırklareli,41.738194444444446,15.524348110865672,81.87565188913433
2024,1,4.9,67.2,Kırklareli,41.738194444444446,6.600074250911724,60.59992574908828
2024,2,8.8,18.2,Kırklareli,41.738194444444446,17.482013701912205,0.7179862980877942
2024,3,9.8,58.8,Kırklareli,41.738194444444446,26.099992539949827,32.70000746005017
2024,4,16.0,31.4,Kırklareli,41.738194444444446,64.00054683386529,-32.60054683386529
2024,5,16.1,60.8,Kırklareli,41.738194444444446,73.01068088116776,-12.210680881167761
2024,6,25.3,10.6,Kırklareli,41.738194444444446,155.70096547493839,-145.1009654749384
2024,7,27.4,3.8,Kırklareli,41.738194444444446,180.01087645714583,-176.21087645714582
2024,8,25.8,6.0,Kırklareli,41.738194444444446,151.22078442915654,-145.22078442915654
2024,9,21.5,57.2,Kırklareli,41.738194444444446,97.27061098100025,-40.07061098100024
2024,10,15.3,4.2,Kırklareli,41.738194444444446,50.60855526570221,-46.408555265702205
2024,11,8.9,24.6,Kırklareli,41.738194444444446,17.743301049349064,6.856698950650937
2024,12,7.0,60.4,Kırklareli,41.738194444444446,11.559168859319453,48.84083114068055
1965,1,4.5,55.5,Lüleburgaz,41.351305555555555,9.85714240967141,45.64285759032859
1965,2,1.5,138.5,Lüleburgaz,41.351305555555555,2.234932569355362,136.26506743064465
1965,3,6.6,51.8,Lüleburgaz,41.351305555555555,20.71021150375995,31.089788496240047
1965,4,10.1,99.6,Lüleburgaz,41.351305555555555,40.07173235899984,59.528267641000156
1965,5,15.6,60.1,Lüleburgaz,41.351305555555555,81.40597648377417,-21.305976483774167
1965,6,21.0,33.6,Lüleburgaz,41.351305555555555,122.80392166275439,-89.2039216627544
1965,7,23.0,6.0,Lüleburgaz,41.351305555555555,140.76612698245083,-134.76612698245083
1965,8,21.1,5.8,Lüleburgaz,41.351305555555555,116.35271988635243,-110.55271988635243
1965,9,19.2,31.7,Lüleburgaz,41.351305555555555,89.1886201531283,-57.488620153128295
1965,10,11.4,7.0,Lüleburgaz,41.351305555555555,40.30558946286215,-33.30558946286215
1965,11,9.9,173.4,Lüleburgaz,41.351305555555555,28.676087278165966,144.72391272183404
1965,12,8.1,130.9,Lüleburgaz,41.351305555555555,21.211797612611537,109.68820238738847
1966,1,4.4,166.8,Lüleburgaz,41.351305555555555,7.46043210069823,159.33956789930178
1966,2,8.8,45.0,Lüleburgaz,41.351305555555555,21.033949887054952,23.966050112945048
1966,3,7.7,68.1,Lüleburgaz,41.351305555555555,21.49641214552333,46.603587854476665
1966,4,13.2,51.8,Lüleburgaz,41.351305555555555,52.22377781447011,-0.42377781447011387
1966,5,15.9,70.7,Lüleburgaz,41.351305555555555,77.73252734752019,-7.032527347520187
1966,6,19.8,28.6,Lüleburgaz,41.351305555555555,108.75146183378838,-80.15146183378837
1966,7,23.7,4.2,Lüleburgaz,41.351305555555555,144.09452631272538,-139.8945263127254
1966,8,23.9,20.5,Lüleburgaz,41.351305555555555,135.53616550065215,-115.03616550065215
1966,9,18.2,24.6,Lüleburgaz,41.351305555555555,78.64292121324702,-54.04292121324702
1966,10,17.2,63.5,Lüleburgaz,41.351305555555555,66.15936192620208,-2.659361926202081
1966,11,12.4,179.1,Lüleburgaz,41.351305555555555,34.98075474268268,144.11924525731732
1966,12,6.3,154.4,Lüleburgaz,41.351305555555555,12.371928385259691,142.02807161474033
1967,1,1.4,112.5,Lüleburgaz,41.351305555555555,2.0281983490315603,110.47180165096844
1967,2,1.6,54.6,Lüleburgaz,41.351305555555555,2.4377985051237223,52.16220149487628
1967,3,6.8,31.8,Lüleburgaz,41.351305555555555,21.559239593854823,10.240760406145178
1967,4,11.4,42.8,Lüleburgaz,41.351305555555555,47.20145046878689,-4.401450468786891
1967,5,17.0,24.9,Lüleburgaz,41.351305555555555,91.44231722532216,-66.54231722532217
1967,6,19.4,71.7,Lüleburgaz,41.351305555555555,110.30581732071762,-38.60581732071762
1967,7,22.3,23.3,Lüleburgaz,41.351305555555555,134.993940237959,-111.69394023795901
1967,8,22.8,32.3,Lüleburgaz,41.351305555555555,129.216678321212,-96.91667832121199
1967,9,19.3,33.3,Lüleburgaz,41.351305555555555,89.81297504005124,-56.512975040051245
1967,10,13.6,32.1,Lüleburgaz,41.351305555555555,51.17430582466075,-19.074305824660748
1967,11,8.8,37.5,Lüleburgaz,41.351305555555555,24.445233972493593,13.054766027506407
1967,12,5.1,99.4,Lüleburgaz,41.351305555555555,11.336616935652005,88.063383064348
1968,1,1.6,164.8,Lüleburgaz,41.351305555555555,2.110132798860416,162.6898672011396
1968,2,5.4,37.1,Lüleburgaz,41.351305555555555,11.676757142015889,25.423242857984114
1968,3,6.6,61.5,Lüleburgaz,41.351305555555555,19.300645414608386,42.19935458539162
1968,4,13.1,4.8,Lüleburgaz,41.351305555555555,54.96347123731311,-50.16347123731311
1968,5,19.4,9.8,Lüleburgaz,41.351305555555555,107.57748872392268,-97.77748872392269
1968,6,20.8,28.3,Lüleburgaz,41.351305555555555,119.67686836058252,-91.37686836058252
1968,7,23.3,3.7,Lüleburgaz,41.351305555555555,142.2381246222481,-138.53812462224812
1968,8,21.8,25.6,Lüleburgaz,41.351305555555555,120.34038014276437,-94.74038014276437
1968,9,18.8,55.9,Lüleburgaz,41.351305555555555,85.14342639584667,-29.243426395846676
1968,10,12.1,13.7,Lüleburgaz,41.351305555555555,41.97653142789178,-28.27653142789178
1968,11,9.7,29.8,Lüleburgaz,41.351305555555555,26.50375982444995,3.29624017555005
1968,12,4.6,126.4,Lüleburgaz,41.351305555555555,9.025231897504366,117.37476810249564
1969,1,0.1,78.2,Lüleburgaz,41.351305555555555,0.04908986104819475,78.15091013895182
1969,2,5.5,93.8,Lüleburgaz,41.351305555555555,12.43685500300525,81.36314499699475
1969,3,5.0,39.3,Lüleburgaz,41.351305555555555,13.597967037988143,25.702032962011856
1969,4,10.0,35.6,Lüleburgaz,41.351305555555555,38.50643275945535,-2.906432759455349
1969,5,18.3,2.8,Lüleburgaz,41.351305555555555,100.01254557842913,-97.21254557842913
1969,6,21.7,14.7,Lüleburgaz,41.351305555555555,127.64936928916927,-112.94936928916927
1969,7,20.9,35.7,Lüleburgaz,41.351305555555555,122.83006481747759,-87.13006481747759
1969,8,22.4,35.1,Lüleburgaz,41.351305555555555,125.5518368084594,-90.4518368084594
1969,9,19.6,12.1,Lüleburgaz,41.351305555555555,90.94535949281146,-78.84535949281147
1969,10,13.0,42.9,Lüleburgaz,41.351305555555555,47.22412361556269,-4.324123615562691
1969,11,10.0,22.8,Lüleburgaz,41.351305555555555,28.312175492555777,-5.512175492555777
1969,12,7.1,133.8,Lüleburgaz,41.351305555555555,17.127130304984977,116.67286969501504
1970,1,5.1,88.4,Lüleburgaz,41.351305555555555,10.781407587108468,77.61859241289153
1970,2,6.5,103.6,Lüleburgaz,41.351305555555555,15.195353801558456,88.40464619844154
1970,3,8.2,62.4,Lüleburgaz,41.351305555555555,26.244820797714667,36.15517920228533
1970,4,14.1,66.6,Lüleburgaz,41.351305555555555,61.029230314243236,5.570769685756758
1970,5,15.6,39.6,Lüleburgaz,41.351305555555555,79.3089158030848,-39.7089158030848
1970,6,20.2,39.7,Lüleburgaz,41.351305555555555,114.93047250262728,-75.23047250262728
1970,7,23.5,3.3,Lüleburgaz,41.351305555555555,143.9973731837557,-140.6973731837557
1970,8,22.8,45.7,Lüleburgaz,41.351305555555555,128.2073470916556,-82.5073470916556
1970,9,17.9,0.4,Lüleburgaz,41.351305555555555,79.54768164004862,-79.14768164004862
1970,10,12.6,72.1,Lüleburgaz,41.351305555555555,44.50549163604103,27.594508363958965
1970,11,8.7,120.3,Lüleburgaz,41.351305555555555,22.80560562486925,97.49439437513075
1970,12,4.7,43.6,Lüleburgaz,41.351305555555555,9.337419197324493,34.26258080267551
1971,1,6.4,100.2,Lüleburgaz,41.351305555555555,16.19283524615746,84.00716475384255
1971,2,4.5,105.4,Lüleburgaz,41.351305555555555,10.132627059967426,95.26737294003257
1971,3,6.4,150.8,Lüleburgaz,41.351305555555555,20.258129306052936,130.5418706939471
1971,4,10.5,22.6,Lüleburgaz,41.351305555555555,42.779827406814086,-20.179827406814084
1971,5,17.5,91.7,Lüleburgaz,41.351305555555555,95.66621250957236,-3.966212509572358
1971,6,20.7,32.9,Lüleburgaz,41.351305555555555,120.86288008708553,-87.96288008708552
1971,7,21.4,18.7,Lüleburgaz,41.351305555555555,128.0712790065613,-109.3712790065613
1971,8,23.0,51.8,Lüleburgaz,41.351305555555555,131.03265390749908,-79.23265390749908
1971,9,17.4,29.9,Lüleburgaz,41.351305555555555,78.52496822176946,-48.62496822176946
1971,10,10.8,29.9,Lüleburgaz,41.351305555555555,37.92974793902,-8.029747939019998
1971,11,8.4,97.5,Lüleburgaz,41.351305555555555,23.324878145687062,74.17512185431293
1971,12,3.9,52.6,Lüleburgaz,41.351305555555555,8.097311257410857,44.50268874258914
1972,1,2.6,21.5,Lüleburgaz,41.351305555555555,4.3674310176387445,17.132568982361256
1972,2,3.2,36.0,Lüleburgaz,41.351305555555555,5.840234217414578,30.159765782585424
1972,3,6.4,30.3,Lüleburgaz,41.351305555555555,19.012367158745086,11.287632841254915
1972,4,13.8,47.6,Lüleburgaz,41.351305555555555,59.90885704638215,-12.308857046382151
1972,5,16.8,31.3,Lüleburgaz,41.351305555555555,88.71373996119011,-57.41373996119012
1972,6,22.0,16.1,Lüleburgaz,41.351305555555555,129.9905643997123,-113.8905643997123
1972,7,23.2,43.2,Lüleburgaz,41.351305555555555,141.78977494440232,-98.58977494440232
1972,8,23.2,28.6,Lüleburgaz,41.351305555555555,131.7078926847559,-103.10789268475591
1972,9,17.7,68.1,Lüleburgaz,41.351305555555555,78.87657397649717,-10.776573976497176
1972,10,12.1,95.8,Lüleburgaz,41.351305555555555,42.638795416121546,53.16120458387845
1972,11,8.9,38.6,Lüleburgaz,41.351305555555555,24.001787962517962,14.598212037482039
1972,12,3.8,4.3,Lüleburgaz,41.351305555555555,7.171996476720735,-2.871996476720735
1973,1,1.7,46.4,Lüleburgaz,41.351305555555555,2.764295110755616,43.63570488924438
1973,2,6.1,104.4,Lüleburgaz,41.351305555555555,15.302715524876957,89.09728447512305
1973,3,5.0,68.6,Lüleburgaz,41.351305555555555,14.629063278491612,53.97093672150838
1973,4,11.2,28.9,Lüleburgaz,41.351305555555555,46.77160646111658,-17.871606461116585
1973,5,17.2,22.0,Lüleburgaz,41.351305555555555,93.60487413286265,-71.60487413286265
1973,6,19.3,49.5,Lüleburgaz,41.351305555555555,110.15035688176192,-60.65035688176192
1973,7,22.9,12.0,Lüleburgaz,41.351305555555555,140.31088836678742,-128.31088836678742
1973,8,20.7,9.3,Lüleburgaz,41.351305555555555,113.87172835335853,-104.57172835335854
1973,9,18.9,8.0,Lüleburgaz,41.351305555555555,87.82245375957909,-79.82245375957909
1973,10,14.2,62.0,Lüleburgaz,41.351305555555555,54.84303718724791,7.1569628127520915
1973,11,6.8,29.9,Lüleburgaz,41.351305555555555,17.648529836360236,12.251470163639762
1973,12,5.0,25.1,Lüleburgaz,41.351305555555555,11.355676385070298,13.744323614929703
1974,1,0.6,18.2,Lüleburgaz,41.351305555555555,0.7179471494886294,17.48205285051137
1974,2,5.0,29.7,Lüleburgaz,41.351305555555555,11.961652284180497,17.7383477158195
1974,3,6.1,54.4,Lüleburgaz,41.351305555555555,19.415155286688183,34.984844713311816
1974,4,9.4,64.8,Lüleburgaz,41.351305555555555,37.45834409877695,27.34165590122305
1974,5,15.1,90.2,Lüleburgaz,41.351305555555555,79.17601557528694,11.023984424713063
1974,6,19.9,22.9,Lüleburgaz,41.351305555555555,115.15039786995959,-92.25039786995958
1974,7,21.5,2.9,Lüleburgaz,41.351305555555555,129.29428956892286,-126.39428956892286
1974,8,21.6,23.1,Lüleburgaz,41.351305555555555,120.8417522073303,-97.74175220733031
1974,9,18.7,27.1,Lüleburgaz,41.351305555555555,86.94557926213264,-59.84557926213264
1974,10,16.5,37.3,Lüleburgaz,41.351305555555555,67.41092522515005,-30.110925225150055
1974,11,8.2,94.6,Lüleburgaz,41.351305555555555,22.98169975397184,71.61830024602816
1974,12,3.9,36.3,Lüleburgaz,41.351305555555555,8.330781011146987,27.969218988853008
1975,1,2.4,65.1,Lüleburgaz,41.351305555555555,4.115541700376376,60.98445829962362
1975,2,2.8,14.7,Lüleburgaz,41.351305555555555,5.093897863381437,9.606102136618563
1975,3,8.8,52.8,Lüleburgaz,41.351305555555555,30.254933551716046,22.54506644828395
1975,4,12.7,34.4,Lüleburgaz,41.351305555555555,54.259399803825936,-19.859399803825937
1975,5,16.6,91.6,Lüleburgaz,41.351305555555555,88.15313327617382,3.446866723826176
1975,6,20.4,94.4,Lüleburgaz,41.351305555555555,117.77682208579714,-23.37682208579713
1975,7,22.7,26.5,Lüleburgaz,41.351305555555555,138.07052856576465,-111.57052856576465
1975,8,21.5,46.1,Lüleburgaz,41.351305555555555,119.10188572258062,-73.00188572258062
1975,9,19.9,15.3,Lüleburgaz,41.351305555555555,93.35768504984064,-78.05768504984064
1975,10,13.1,165.7,Lüleburgaz,41.351305555555555,48.32566112111395,117.37433887888604
1975,11,7.4,86.1,Lüleburgaz,41.351305555555555,19.10720346940505,66.99279653059494
1975,12,2.9,64.3,Lüleburgaz,41.351305555555555,5.172722079797362,59.12727792020264
1976,1,3.0,22.6,Lüleburgaz,41.351305555555555,6.891397923855331,15.70860207614467
1976,2,1.5,5.7,Lüleburgaz,41.351305555555555,2.8737437572533975,2.8262562427466027
1976,3,4.7,34.6,Lüleburgaz,41.351305555555555,15.22331026780177,19.37668973219823
1976,4,11.4,53.8,Lüleburgaz,41.351305555555555,50.859162138594854,2.940837861405143
1976,5,15.0,42.3,Lüleburgaz,41.351305555555555,81.19942141238792,-38.89942141238792
1976,6,18.8,91.9,Lüleburgaz,41.351305555555555,109.03173157147258,-17.13173157147257
1976,7,21.3,61.2,Lüleburgaz,41.351305555555555,129.427291064087,-68.227291064087
1976,8,19.2,31.6,Lüleburgaz,41.351305555555555,105.4153576731347,-73.81535767313468
1976,9,17.4,3.5,Lüleburgaz,41.351305555555555,81.0529860330545,-77.5529860330545
1976,10,13.7,75.6,Lüleburgaz,41.351305555555555,54.80212596612417,20.79787403387582
1976,11,10.0,82.0,Lüleburgaz,41.351305555555555,31.676910729313928,50.32308927068607
1976,12,3.9,116.6,Lüleburgaz,41.351305555555555,9.330011663646442,107.26998833635355
1977,1,3.3,45.3,Lüleburgaz,41.351305555555555,6.261492930688618,39.03850706931138
1977,2,9.0,33.7,Lüleburgaz,41.351305555555555,24.8277559588715,8.872244041128504
1977,3,7.1,28.9,Lüleburgaz,41.351305555555555,22.37510020096839,6.524899799031608
1977,4,11.2,43.0,Lüleburgaz,41.351305555555555,45.44302888161266,-2.443028881612662
1977,5,16.3,58.0,Lüleburgaz,41.351305555555555,85.69457302436516,-27.694573024365155
1977,6,20.0,41.2,Lüleburgaz,41.351305555555555,114.40874109550454,-73.20874109550454
1977,7,22.6,21.9,Lüleburgaz,41.351305555555555,137.0797852718535,-115.17978527185349
1977,8,22.8,0.4,Lüleburgaz,41.351305555555555,128.87892845190444,-128.47892845190444
1977,9,17.8,44.9,Lüleburgaz,41.351305555555555,79.96689603506022,-35.06689603506022
1977,10,10.7,19.9,Lüleburgaz,41.351305555555555,36.44550906526496,-16.54550906526496
1977,11,11.0,45.5,Lüleburgaz,41.351305555555555,32.59775332185456,12.902246678145438
1977,12,3.4,57.4,Lüleburgaz,41.351305555555555,6.3344793903721675,51.06552060962783
1978,1,3.3,63.8,Lüleburgaz,41.351305555555555,6.932381963265293,56.867618036734704
1978,2,5.9,58.6,Lüleburgaz,41.351305555555555,14.985382968370592,43.61461703162941
1978,3,7.7,67.6,Lüleburgaz,41.351305555555555,26.568050472248864,41.03194952775113
1978,4,10.9,84.1,Lüleburgaz,41.351305555555555,45.74199046514489,38.35800953485511
1978,5,15.8,60.9,Lüleburgaz,41.351305555555555,84.25347022449995,-23.35347022449995
1978,6,20.3,26.2,Lüleburgaz,41.351305555555555,118.35853698690755,-92.15853698690755
1978,7,21.9,2.8,Lüleburgaz,41.351305555555555,132.59826638629605,-129.79826638629604
1978,8,20.6,2.4,Lüleburgaz,41.351305555555555,113.60283940569903,-111.20283940569902
1978,9,17.2,72.7,Lüleburgaz,41.351305555555555,77.96315646507203,-5.263156465072029
1978,10,13.4,64.7,Lüleburgaz,41.351305555555555,51.30409536878648,13.395904631213526
1978,11,6.9,13.8,Lüleburgaz,41.351305555555555,18.38139396321624,-4.5813939632162395
1978,12,5.6,20.8,Lüleburgaz,41.351305555555555,13.540024150915611,7.259975849084389
1979,1,3.5,115.3,Lüleburgaz,41.351305555555555,6.666374395201206,108.6336256047988
1979,2,5.3,41.3,Lüleburgaz,41.351305555555555,11.849788174700622,29.450211825299377
1979,3,9.2,7.2,Lüleburgaz,41.351305555555555,31.609408617839375,-24.409408617839375
1979,4,10.6,85.8,Lüleburgaz,41.351305555555555,41.7980022720201,44.0019977279799
1979,5,16.5,16.4,Lüleburgaz,41.351305555555555,86.76513994897341,-70.36513994897342
1979,6,21.5,25.8,Lüleburgaz,41.351305555555555,126.07623510418274,-100.27623510418275
1979,7,21.4,40.9,Lüleburgaz,41.351305555555555,126.95402295079356,-86.05402295079355
1979,8,22.0,16.2,Lüleburgaz,41.351305555555555,122.50943508613737,-106.30943508613737
1979,9,18.3,5.2,Lüleburgaz,41.351305555555555,82.7796895411928,-77.57968954119279
1979,10,13.0,107.0,Lüleburgaz,41.351305555555555,47.28278841729703,59.71721158270297
1979,11,9.6,145.4,Lüleburgaz,41.351305555555555,26.808062035460587,118.59193796453943
1979,12,6.1,45.9,Lüleburgaz,41.351305555555555,13.924520195718097,31.975479804281903
1980,1,1.5,125.3,Lüleburgaz,41.351305555555555,2.4233140090142617,122.87668599098573
1980,2,2.5,54.9,Lüleburgaz,41.351305555555555,4.782172546731044,50.11782745326896
1980,3,5.6,58.6,Lüleburgaz,41.351305555555555,17.355254060878995,41.244745939121
1980,4,10.3,62.8,Lüleburgaz,41.351305555555555,42.31427121036246,20.485728789637534
1980,5,15.6,52.5,Lüleburgaz,41.351305555555555,82.70278724140938,-30.202787241409382
1980,6,19.5,49.1,Lüleburgaz,41.351305555555555,112.11993976456107,-63.019939764561066
1980,7,22.3,52.8,Lüleburgaz,41.351305555555555,135.72712927871407,-82.92712927871408
1980,8,20.9,12.9,Lüleburgaz,41.351305555555555,115.70107254330615,-102.80107254330615
1980,9,17.1,22.9,Lüleburgaz,41.351305555555555,77.25281907747292,-54.35281907747292
1980,10,15.7,2.4,Lüleburgaz,41.351305555555555,63.139427508849025,-60.739427508849026
1980,11,10.3,88.6,Lüleburgaz,41.351305555555555,31.11192043758477,57.48807956241522
1980,12,6.1,83.7,Lüleburgaz,41.351305555555555,15.08766257432397,68.61233742567603
1981,1,1.6,121.6,Lüleburgaz,41.351305555555555,2.3694338019686985,119.2305661980313
1981,2,3.1,50.2,Lüleburgaz,41.351305555555555,5.854272500511091,44.34572749948891
1981,3,8.5,43.3,Lüleburgaz,41.351305555555555,28.864043721342366,14.435956278657631
1981,4,10.9,17.2,Lüleburgaz,41.351305555555555,44.06324718188056,-26.863247181880563
1981,5,14.3,26.2,Lüleburgaz,41.351305555555555,71.9457640523739,-45.7457640523739
1981,6,22.4,2.3,Lüleburgaz,41.351305555555555,133.7937683620465,-131.4937683620465
1981,7,21.8,38.8,Lüleburgaz,41.351305555555555,130.66852949066913,-91.86852949066913
1981,8,21.6,5.0,Lüleburgaz,41.351305555555555,119.86239773826557,-114.86239773826557
1981,9,18.6,13.0,Lüleburgaz,41.351305555555555,85.15095193681039,-72.15095193681039
1981,10,15.3,73.0,Lüleburgaz,41.351305555555555,59.7194267207064,13.280573279293598
1981,11,6.2,154.7,Lüleburgaz,41.351305555555555,15.017008874213301,139.68299112578669
1981,12,8.0,165.2,Lüleburgaz,41.351305555555555,20.628736586989604,144.5712634130104
1982,1,2.5,36.3,Lüleburgaz,41.351305555555555,4.740230889967206,31.55976911003279
1982,2,1.9,10.6,Lüleburgaz,41.351305555555555,3.3039158403893696,7.29608415961063
1982,3,5.7,41.5,Lüleburgaz,41.351305555555555,17.701637316935425,23.798362683064575
1982,4,10.1,91.1,Lüleburgaz,41.351305555555555,41.13387063779372,49.966129362206274
1982,5,15.5,53.8,Lüleburgaz,41.351305555555555,81.894595685694,-28.094595685694003
1982,6,20.9,40.9,Lüleburgaz,41.351305555555555,122.83125764251811,-81.93125764251812
1982,7,21.1,18.6,Lüleburgaz,41.351305555555555,126.06708081686634,-107.46708081686634
1982,8,21.2,6.8,Lüleburgaz,41.351305555555555,117.84012989591702,-111.04012989591702
1982,9,19.4,2.3,Lüleburgaz,41.351305555555555,91.23694044296407,-88.93694044296407
1982,10,14.4,36.9,Lüleburgaz,41.351305555555555,56.226465395930795,-19.326465395930796
1982,11,7.5,36.3,Lüleburgaz,41.351305555555555,20.376357325074412,15.923642674925585
1982,12,7.2,108.6,Lüleburgaz,41.351305555555555,18.73407695784203,89.86592304215796
1983,1,2.7,26.6,Lüleburgaz,41.351305555555555,5.343907681075204,21.256092318924797
1983,2,3.0,69.1,Lüleburgaz,41.351305555555555,6.160212346781636,62.93978765321836
1983,3,7.2,6.0,Lüleburgaz,41.351305555555555,24.38097643614743,-18.38097643614743
1983,4,12.8,17.7,Lüleburgaz,41.351305555555555,56.65042852333487,-38.950428523334864
1983,5,17.2,32.6,Lüleburgaz,41.351305555555555,94.34438244165257,-61.74438244165257
1983,6,18.5,68.6,Lüleburgaz,41.351305555555555,104.77632341569561,-36.17632341569562
1983,7,22.8,46.8,Lüleburgaz,41.351305555555555,139.89355557764256,-93.09355557764256
1983,8,20.7,19.8,Lüleburgaz,41.351305555555555,114.39504606240357,-94.59504606240357
1983,9,18.3,18.7,Lüleburgaz,41.351305555555555,84.686693506689,-65.986693506689
1983,10,11.7,13.0,Lüleburgaz,41.351305555555555,42.96070188858105,-29.96070188858105
1983,11,6.7,40.6,Lüleburgaz,41.351305555555555,17.733086115984637,22.866913884015364
1983,12,5.7,40.2,Lüleburgaz,41.351305555555555,13.906247753018548,26.293752246981455
1984,1,5.0,106.2,Lüleburgaz,41.351305555555555,11.625053399513762,94.57494660048624
1984,2,4.4,40.5,Lüleburgaz,41.351305555555555,9.825557617976084,30.674442382023916
1984,3,5.8,143.0,Lüleburgaz,41.351305555555555,17.74470400573187,125.25529599426812
1984,4,9.5,77.2,Lüleburgaz,41.351305555555555,37.39644469739755,39.803555302602454
1984,5,17.0,26.4,Lüleburgaz,41.351305555555555,92.00613775867622,-65.60613775867623
1984,6,19.5,28.6,Lüleburgaz,41.351305555555555,111.55484495991163,-82.95484495991164
1984,7,20.9,31.0,Lüleburgaz,41.351305555555555,124.0662681895437,-93.0662681895437
1984,8,19.9,2.6,Lüleburgaz,41.351305555555555,107.91452207501662,-105.31452207501663
1984,9,19.9,14.3,Lüleburgaz,41.351305555555555,93.99130036095129,-79.69130036095129
1984,10,15.5,1.0,Lüleburgaz,41.351305555555555,61.53892702776803,-60.53892702776803
1984,11,9.5,91.2,Lüleburgaz,41.351305555555555,27.496047522355635,63.703952477644364
1984,12,4.6,9.2,Lüleburgaz,41.351305555555555,10.095557024072304,-0.8955570240723052
1985,1,4.2,91.0,Lüleburgaz,41.351305555555555,9.543806944638876,81.45619305536113
1985,2,-3.4,42.5,Lüleburgaz,41.351305555555555,0.0,42.5
1985,3,4.9,28.6,Lüleburgaz,41.351305555555555,14.63577836348186,13.964221636518142
1985,4,12.5,41.3,Lüleburgaz,41.351305555555555,54.83987553400467,-13.539875534004672
1985,5,17.5,8.1,Lüleburgaz,41.351305555555555,96.4566104213098,-88.35661042130981
1985,6,18.8,53.4,Lüleburgaz,41.351305555555555,106.96393669518314,-53.56393669518314
1985,7,20.3,31.8,Lüleburgaz,41.351305555555555,119.96989118719445,-88.16989118719445
1985,8,22.7,0.2,Lüleburgaz,41.351305555555555,129.16156277824433,-128.96156277824434
1985,9,17.4,6.9,Lüleburgaz,41.351305555555555,79.1824950911131,-72.28249509111309
1985,10,10.5,24.3,Lüleburgaz,41.351305555555555,37.19097724430041,-12.890977244300412
1985,11,10.4,138.5,Lüleburgaz,41.351305555555555,31.625832415673536,106.87416758432647
1985,12,7.6,26.7,Lüleburgaz,41.351305555555555,20.284486911122798,6.415513088877201
1986,1,6.3,216.8,Lüleburgaz,41.351305555555555,15.402793012781387,201.39720698721862
1986,2,5.7,79.9,Lüleburgaz,41.351305555555555,13.485401762492915,66.4145982375071
1986,3,5.6,38.6,Lüleburgaz,41.351305555555555,16.417640366402214,22.182359633597788
1986,4,13.2,26.2,Lüleburgaz,41.351305555555555,57.31469644872838,-31.114696448728377
1986,5,14.7,9.8,Lüleburgaz,41.351305555555555,74.83017902106413,-65.03017902106413
1986,6,20.8,16.4,Lüleburgaz,41.351305555555555,121.02906142642435,-104.62906142642436
1986,7,22.0,8.2,Lüleburgaz,41.351305555555555,132.37985245420526,-124.17985245420526
1986,8,23.8,15.6,Lüleburgaz,41.351305555555555,136.84757174997958,-121.24757174997958
1986,9,18.9,0.9,Lüleburgaz,41.351305555555555,87.11494225555995,-86.21494225555995
1986,10,13.0,53.3,Lüleburgaz,41.351305555555555,47.928676294404944,5.371323705595053
1986,11,5.8,38.2,Lüleburgaz,41.351305555555555,13.772195167664943,24.42780483233506
1986,12,1.8,54.9,Lüleburgaz,41.351305555555555,2.7224742191655364,52.177525780834465
1987,1,1.8,76.3,Lüleburgaz,41.351305555555555,3.429363858078294,72.87063614192171
1987,2,4.3,17.0,Lüleburgaz,41.351305555555555,10.53650119057166,6.463498809428341
1987,3,1.7,45.0,Lüleburgaz,41.351305555555555,3.9864239605685663,41.013576039431435
1987,4,9.0,57.8,Lüleburgaz,41.351305555555555,36.93385765687838,20.866142343121616
1987,5,14.5,30.0,Lüleburgaz,41.351305555555555,76.89379887026743,-46.89379887026743
1987,6,21.5,41.8,Lüleburgaz,41.351305555555555,128.69996782199667,-86.89996782199667
1987,7,23.4,32.2,Lüleburgaz,41.351305555555555,145.43005143395047,-113.23005143395046
1987,8,20.0,13.7,Lüleburgaz,41.351305555555555,110.4026856785649,-96.70268567856489
1987,9,19.2,1.9,Lüleburgaz,41.351305555555555,91.24310784439388,-89.34310784439387
1987,10,11.5,79.1,Lüleburgaz,41.351305555555555,43.211739640918324,35.88826035908167
1987,11,9.0,128.0,Lüleburgaz,41.351305555555555,27.155926546892264,100.84407345310774
1987,12,3.0,101.6,Lüleburgaz,41.351305555555555,6.421486745513528,95.17851325448646
1988,1,4.2,9.4,Lüleburgaz,41.351305555555555,9.64587712431643,-0.24587712431642927
1988,2,3.1,29.7,Lüleburgaz,41.351305555555555,6.490655451953455,23.209344548046545
1988,3,6.4,65.9,Lüleburgaz,41.351305555555555,20.997501010056666,44.90249898994334
1988,4,9.2,50.5,Lüleburgaz,41.351305555555555,36.80823000546099,13.691769994539008
1988,5,15.4,28.1,Lüleburgaz,41.351305555555555,81.73162129886127,-53.63162129886127
1988,6,20.5,45.4,Lüleburgaz,41.351305555555555,120.10432489943278,-74.70432489943278
1988,7,24.1,32.2,Lüleburgaz,41.351305555555555,150.57664813913408,-118.37664813913408
1988,8,22.6,9.3,Lüleburgaz,41.351305555555555,128.53617499575643,-119.23617499575643
1988,9,18.7,28.9,Lüleburgaz,41.351305555555555,87.26784155910612,-58.36784155910612
1988,10,11.9,15.9,Lüleburgaz,41.351305555555555,44.08108120015199,-28.181081200151993
1988,11,4.4,172.8,Lüleburgaz,41.351305555555555,10.26010673551551,162.5398932644845
1988,12,3.4,78.3,Lüleburgaz,41.351305555555555,7.094778232710369,71.20522176728963
1989,1,0.5,3.1,Lüleburgaz,41.351305555555555,0.6040936890514365,2.4959063109485635
1989,2,4.2,3.2,Lüleburgaz,41.351305555555555,9.803481739795302,-6.603481739795302
1989,3,8.6,61.9,Lüleburgaz,41.351305555555555,31.21588229026313,30.684117709736867
1989,4,14.0,10.4,Lüleburgaz,41.351305555555555,64.22451408188292,-53.82451408188292
1989,5,14.5,47.2,Lüleburgaz,41.351305555555555,75.83602733725122,-28.63602733725122
1989,6,18.6,53.0,Lüleburgaz,41.351305555555555,105.95645549651233,-52.95645549651233
1989,7,21.2,15.4,Lüleburgaz,41.351305555555555,127.42448098425446,-112.02448098425445
1989,8,22.3,6.2,Lüleburgaz,41.351305555555555,126.46019837540811,-120.26019837540811
1989,9,18.3,7.7,Lüleburgaz,41.351305555555555,85.04919237405083,-77.34919237405083
1989,10,12.0,38.5,Lüleburgaz,41.351305555555555,44.821387495866055,-6.321387495866055
1989,11,6.5,106.9,Lüleburgaz,41.351305555555555,17.310777253089537,89.58922274691047
1989,12,4.2,63.5,Lüleburgaz,41.351305555555555,9.490245143978134,54.009754856021864
1990,1,1.2,4.0,Lüleburgaz,41.351305555555555,1.5239075114332763,2.4760924885667235
1990,2,5.6,15.9,Lüleburgaz,41.351305555555555,12.784146800165836,3.1158531998341648
1990,3,7.9,17.7,Lüleburgaz,41.351305555555555,25.621171961771196,-7.921171961771197
1990,4,12.0,87.0,Lüleburgaz,41.351305555555555,49.59391913299358,37.40608086700642
1990,5,15.0,72.8,Lüleburgaz,41.351305555555555,76.08110979873565,-3.281109798735656
1990,6,19.9,48.0,Lüleburgaz,41.351305555555555,113.3259580806339,-65.3259580806339
1990,7,22.8,22.5,Lüleburgaz,41.351305555555555,138.54410443250103,-116.04410443250103
1990,8,22.2,16.1,Lüleburgaz,41.351305555555555,124.04732314079128,-107.94732314079127
1990,9,17.6,69.4,Lüleburgaz,41.351305555555555,78.44585519667474,-9.045855196674736
1990,10,13.5,89.7,Lüleburgaz,41.351305555555555,49.80780890408118,39.892191095918825
1990,11,11.8,35.8,Lüleburgaz,41.351305555555555,35.629125849264994,0.17087415073500267
1990,12,6.7,121.2,Lüleburgaz,41.351305555555555,15.847061043525287,105.35293895647472
1991,1,2.5,17.1,Lüleburgaz,41.351305555555555,4.452734718264332,12.64726528173567
1991,2,3.2,40.8,Lüleburgaz,41.351305555555555,6.238560980408264,34.56143901959173
1991,3,5.7,33.3,Lüleburgaz,41.351305555555555,16.99331672915028,16.306683270849717
1991,4,10.3,89.7,Lüleburgaz,41.351305555555555,41.16602667873489,48.533973321265115
1991,5,14.9,63.5,Lüleburgaz,41.351305555555555,76.51963833375306,-13.019638333753065
1991,6,21.0,16.3,Lüleburgaz,41.351305555555555,122.81647026356586,-106.51647026356586
1991,7,23.0,12.4,Lüleburgaz,41.351305555555555,140.77517747062925,-128.37517747062924
1991,8,22.8,7.4,Lüleburgaz,41.351305555555555,129.22903871167833,-121.82903871167832
1991,9,19.3,10.8,Lüleburgaz,41.351305555555555,89.8303447615426,-79.03034476154261
1991,10,14.8,137.8,Lüleburgaz,41.351305555555555,57.4010956758246,80.39890432417542
1991,11,9.6,106.2,Lüleburgaz,41.351305555555555,27.517914377257686,78.68208562274232
1991,12,0.9,31.1,Lüleburgaz,41.351305555555555,1.0850922484673127,30.01490775153269
1992,1,2.1,20.4,Lüleburgaz,41.351305555555555,3.544393576228038,16.85560642377196
1992,2,1.8,34.2,Lüleburgaz,41.351305555555555,2.887532412005049,31.312467587994952
1992,3,6.5,76.9,Lüleburgaz,41.351305555555555,20.386788910477932,56.51321108952207
1992,4,11.7,45.9,Lüleburgaz,41.351305555555555,49.039058085742454,-3.1390580857424553
1992,5,14.4,21.2,Lüleburgaz,41.351305555555555,73.20480009913862,-52.00480009913862
1992,6,20.9,73.6,Lüleburgaz,41.351305555555555,122.11905635179924,-48.51905635179925
1992,7,21.0,57.2,Lüleburgaz,41.351305555555555,124.56240462256731,-67.36240462256731
1992,8,23.6,21.8,Lüleburgaz,41.351305555555555,135.45613598075505,-113.65613598075505
1992,9,17.8,7.0,Lüleburgaz,41.351305555555555,80.61556791083282,-73.61556791083282
1992,10,17.0,88.0,Lüleburgaz,41.351305555555555,69.33857145849645,18.661428541503554
1992,11,8.9,88.3,Lüleburgaz,41.351305555555555,24.922123469080887,63.37787653091911
1992,12,2.8,29.3,Lüleburgaz,41.351305555555555,5.075817075068569,24.224182924931434
1993,1,1.3,23.4,Lüleburgaz,41.351305555555555,1.6470680140955183,21.752931985904482
1993,2,0.8,45.1,Lüleburgaz,41.351305555555555,0.8416253487674671,44.258374651232536
1993,3,5.7,59.6,Lüleburgaz,41.351305555555555,16.066257155801804,43.5337428441982
1993,4,11.1,11.3,Lüleburgaz,41.351305555555555,44.11770889490369,-32.81770889490369
1993,5,16.0,111.4,Lüleburgaz,41.351305555555555,82.69781336644108,28.702186633558924
1993,6,20.7,9.3,Lüleburgaz,41.351305555555555,119.31872072423937,-110.01872072423937
1993,7,22.6,5.1,Lüleburgaz,41.351305555555555,136.61671981002723,-131.51671981002724
1993,8,23.2,36.3,Lüleburgaz,41.351305555555555,131.6079011015405,-95.30790110154051
1993,9,19.7,5.8,Lüleburgaz,41.351305555555555,91.32908331975155,-85.52908331975155
1993,10,16.7,7.4,Lüleburgaz,41.351305555555555,66.44123465743702,-59.04123465743702
1993,11,7.6,54.3,Lüleburgaz,41.351305555555555,19.163578773328847,35.136421226671146
1993,12,7.4,78.6,Lüleburgaz,41.351305555555555,17.923136687364824,60.67686331263517
1994,1,6.3,32.7,Lüleburgaz,41.351305555555555,11.336398698586455,21.363601301413546
1994,2,5.0,24.8,Lüleburgaz,41.351305555555555,7.9091999586606265,16.890800041339375
1994,3,8.2,26.4,Lüleburgaz,41.351305555555555,21.460037803200553,4.939962196799446
1994,4,13.8,29.2,Lüleburgaz,41.351305555555555,52.89169152513442,-23.69169152513442
1994,5,18.2,33.2,Lüleburgaz,41.351305555555555,92.1498881005101,-58.949888100510094
1994,6,21.3,50.2,Lüleburgaz,41.351305555555555,119.02457783580213,-68.82457783580213
1994,7,25.3,10.0,Lüleburgaz,41.351305555555555,158.08338621330117,-148.08338621330117
1994,8,25.9,9.3,Lüleburgaz,41.351305555555555,152.3520798590389,-143.05207985903888
1994,9,23.6,29.7,Lüleburgaz,41.351305555555555,114.65483799495996,-84.95483799495996
1994,10,16.5,155.6,Lüleburgaz,41.351305555555555,59.79700994809438,95.80299005190562
1994,11,7.6,53.4,Lüleburgaz,41.351305555555555,15.231472592873684,38.16852740712631
1994,12,4.6,116.4,Lüleburgaz,41.351305555555555,6.716255849016646,109.68374415098336
1995,1,5.0,162.4,Lüleburgaz,41.351305555555555,9.684871129631363,152.71512887036863
1995,2,7.7,64.9,Lüleburgaz,41.351305555555555,18.162744795264466,46.73725520473554
1995,3,8.8,85.8,Lüleburgaz,41.351305555555555,27.485942665745867,58.31405733425413
1995,4,11.9,41.2,Lüleburgaz,41.351305555555555,46.296224463892,-5.096224463892
1995,5,17.2,4.0,Lüleburgaz,41.351305555555555,89.0421562245793,-85.0421562245793
1995,6,23.9,28.5,Lüleburgaz,41.351305555555555,144.6818599053904,-116.18185990539041
1995,7,24.3,66.5,Lüleburgaz,41.351305555555555,150.19773444410006,-83.69773444410006
1995,8,23.3,25.0,Lüleburgaz,41.351305555555555,131.27622120728213,-106.27622120728213
1995,9,18.8,53.6,Lüleburgaz,41.351305555555555,83.78237692864364,-30.18237692864364
1995,10,11.9,11.3,Lüleburgaz,41.351305555555555,39.52685941118985,-28.226859411189846
1995,11,5.5,87.6,Lüleburgaz,41.351305555555555,11.125352201223334,76.47464779877666
1995,12,5.4,52.6,Lüleburgaz,41.351305555555555,10.51469734761949,42.08530265238051
1996,1,1.5,38.0,Lüleburgaz,41.351305555555555,2.4520504217748784,35.54794957822512
1996,2,2.6,98.5,Lüleburgaz,41.351305555555555,5.08544418218341,93.41455581781659
1996,3,2.0,60.2,Lüleburgaz,41.351305555555555,4.485149283022632,55.714850716977374
1996,4,9.0,42.6,Lüleburgaz,41.351305555555555,35.54804549972293,7.05195450027707
1996,5,18.4,22.2,Lüleburgaz,41.351305555555555,103.07326853978299,-80.87326853978298
1996,6,20.6,12.0,Lüleburgaz,41.351305555555555,120.70258888782215,-108.70258888782215
1996,7,22.8,42.2,Lüleburgaz,41.351305555555555,139.86490568901215,-97.66490568901214
1996,8,22.5,48.3,Lüleburgaz,41.351305555555555,127.66744872195457,-79.36744872195457
1996,9,17.5,37.7,Lüleburgaz,41.351305555555555,79.79430183818161,-42.09430183818161
1996,10,12.0,7.8,Lüleburgaz,41.351305555555555,44.37450545233379,-36.574505452333796
1996,11,8.3,60.1,Lüleburgaz,41.351305555555555,23.486810003247076,36.61318999675292
1996,12,6.3,152.7,Lüleburgaz,41.351305555555555,15.83982762323402,136.86017237676597
1997,1,2.8,25.6,Lüleburgaz,41.351305555555555,5.338785647372087,20.261214352627913
1997,2,2.4,35.1,Lüleburgaz,41.351305555555555,4.355676236483949,30.744323763516054
1997,3,4.4,47.2,Lüleburgaz,41.351305555555555,12.243686473907546,34.95631352609246
1997,4,7.7,85.7,Lüleburgaz,41.351305555555555,28.20370461787752,57.49629538212248
1997,5,17.2,39.2,Lüleburgaz,41.351305555555555,93.44159899276613,-54.24159899276613
1997,6,21.9,28.2,Lüleburgaz,41.351305555555555,130.3217458687328,-102.12174586873279
1997,7,24.6,17.9,Lüleburgaz,41.351305555555555,154.3548083343446,-136.4548083343446
1997,8,21.6,71.4,Lüleburgaz,41.351305555555555,120.43603296772353,-49.03603296772353
1997,9,16.6,70.9,Lüleburgaz,41.351305555555555,73.69681507846788,-2.7968150784678727
1997,10,12.9,136.7,Lüleburgaz,41.351305555555555,48.09793432452907,88.60206567547093
1997,11,9.9,47.3,Lüleburgaz,41.351305555555555,29.046098282980488,18.25390171701951
1997,12,5.4,113.7,Lüleburgaz,41.351305555555555,12.507241457931029,101.19275854206897
1998,1,4.6,27.9,Lüleburgaz,41.351305555555555,6.677876312824071,21.222123687175927
1998,2,6.8,58.7,Lüleburgaz,41.351305555555555,12.47757525908066,46.222424740919344
1998,3,7.1,109.2,Lüleburgaz,41.351305555555555,16.667320583363175,92.53267941663682
1998,4,15.5,22.9,Lüleburgaz,41.351305555555555,62.79747757288633,-39.89747757288633
1998,5,18.5,74.4,Lüleburgaz,41.351305555555555,93.85459027052637,-19.454590270526367
1998,6,23.4,55.9,Lüleburgaz,41.351305555555555,137.6061764906934,-81.7061764906934
1998,7,25.3,33.0,Lüleburgaz,41.351305555555555,157.90403449071582,-124.90403449071582
1998,8,26.1,58.0,Lüleburgaz,41.351305555555555,154.12523742238548,-96.12523742238548
1998,9,20.7,104.0,Lüleburgaz,41.351305555555555,92.83043416946855,11.169565830531454
1998,10,16.5,155.3,Lüleburgaz,41.351305555555555,59.22361009307609,96.07638990692392
1998,11,10.2,75.9,Lüleburgaz,41.351305555555555,23.724786714257554,52.17521328574245
1998,12,3.8,142.1,Lüleburgaz,41.351305555555555,4.784964912341576,137.31503508765843
1999,1,5.8,70.6,Lüleburgaz,41.351305555555555,7.84918579970753,62.75081420029247
1999,2,4.5,75.8,Lüleburgaz,41.351305555555555,5.0799039369233645,70.72009606307664
1999,3,9.4,69.6,Lüleburgaz,41.351305555555555,22.607788175814925,46.99221182418507
1999,4,15.4,29.7,Lüleburgaz,41.351305555555555,57.68286654631917,-27.98286654631917
1999,5,19.3,55.6,Lüleburgaz,41.351305555555555,96.07277684378616,-40.47277684378616
1999,6,24.6,76.4,Lüleburgaz,41.351305555555555,147.36537103888844,-70.96537103888843
1999,7,26.6,107.5,Lüleburgaz,41.351305555555555,170.93325168876453,-63.43325168876453
1999,8,26.8,31.2,Lüleburgaz,41.351305555555555,160.84654193686265,-129.64654193686266
1999,9,22.1,89.5,Lüleburgaz,41.351305555555555,100.41394258595292,-10.913942585952924
1999,10,17.9,34.1,Lüleburgaz,41.351305555555555,63.85929797563911,-29.759297975639107
1999,11,11.6,65.2,Lüleburgaz,41.351305555555555,25.998859807814302,39.201140192185704
1999,12,10.1,97.9,Lüleburgaz,41.351305555555555,19.86673834550701,78.033261654493
2000,1,3.4,16.8,Lüleburgaz,41.351305555555555,4.550690238880908,12.249309761119093
2000,2,8.0,62.0,Lüleburgaz,41.351305555555555,17.10931664825842,44.89068335174158
2000,3,9.9,48.5,Lüleburgaz,41.351305555555555,29.650093278586347,18.849906721413653
2000,4,17.8,31.4,Lüleburgaz,41.351305555555555,79.79007302989099,-48.39007302989099
2000,5,20.3,96.4,Lüleburgaz,41.351305555555555,110.23459871990434,-13.834598719904335
2000,6,24.8,17.0,Lüleburgaz,41.351305555555555,151.49043171021845,-134.49043171021845
2000,7,26.7,55.5,Lüleburgaz,41.351305555555555,172.06432010639915,-116.56432010639915
2000,8,20.5,11.1,Lüleburgaz,41.351305555555555,106.2841643761499,-95.18416437614991
2000,9,17.8,72.3,Lüleburgaz,41.351305555555555,74.43460044095242,-2.1346004409524255
2000,10,11.5,34.0,Lüleburgaz,41.351305555555555,34.70231317233482,-0.7023131723348186
2000,11,8.8,16.3,Lüleburgaz,41.351305555555555,19.77022699327734,-3.4702269932773397
2000,12,4.8,25.8,Lüleburgaz,41.351305555555555,7.526413686047682,18.27358631395232
2001,1,4.2,68.6,Lüleburgaz,41.351305555555555,8.264478762900556,60.33552123709944
2001,2,3.9,31.9,Lüleburgaz,41.351305555555555,7.474586254690028,24.42541374530997
2001,3,9.5,29.1,Lüleburgaz,41.351305555555555,32.371049056409774,-3.2710490564097725
2001,4,10.0,81.3,Lüleburgaz,41.351305555555555,37.829697064672594,43.4703029353274
2001,5,15.2,47.1,Lüleburgaz,41.351305555555555,76.62108977650882,-29.521089776508823
2001,6,20.3,10.2,Lüleburgaz,41.351305555555555,115.83886823962864,-105.63886823962864
2001,7,25.1,3.5,Lüleburgaz,41.351305555555555,157.96171485756656,-154.46171485756656
2001,8,24.2,3.7,Lüleburgaz,41.351305555555555,139.42602177669067,-135.7260217766907
2001,9,19.9,33.3,Lüleburgaz,41.351305555555555,92.37363006356652,-59.073630063566526
2001,10,14.1,2.9,Lüleburgaz,41.351305555555555,52.21967042888641,-49.31967042888641
2001,11,7.0,84.2,Lüleburgaz,41.351305555555555,16.8916435518255,67.30835644817451
2001,12,-2.2,205.6,Lüleburgaz,41.351305555555555,0.0,205.6
2002,1,1.4,24.3,Lüleburgaz,41.351305555555555,1.2270222471393197,23.07297775286068
2002,2,7.1,47.1,Lüleburgaz,41.351305555555555,14.615193720391922,32.48480627960808
2002,3,8.7,50.8,Lüleburgaz,41.351305555555555,24.84331216506061,25.956687834939387
2002,4,10.6,18.3,Lüleburgaz,41.351305555555555,36.51488515116917,-18.214885151169167
2002,5,17.0,5.8,Lüleburgaz,41.351305555555555,84.59359122429325,-78.79359122429325
2002,6,23.0,46.7,Lüleburgaz,41.351305555555555,135.2706563183724,-88.5706563183724
2002,7,26.7,91.5,Lüleburgaz,41.351305555555555,172.0815218701683,-80.5815218701683
2002,8,24.8,14.2,Lüleburgaz,41.351305555555555,142.8381605490412,-128.6381605490412
2002,9,20.2,49.9,Lüleburgaz,41.351305555555555,91.00567723109201,-41.10567723109201
2002,10,15.3,31.7,Lüleburgaz,41.351305555555555,54.53944486823607,-22.83944486823607
2002,11,10.9,115.3,Lüleburgaz,41.351305555555555,28.01437967474464,87.28562032525537
2002,12,4.3,19.0,Lüleburgaz,41.351305555555555,6.588748513914372,12.411251486085629
2003,1,6.9,69.6,Lüleburgaz,41.351305555555555,12.206946633463268,57.393053366536726
2003,2,1.4,51.7,Lüleburgaz,41.351305555555555,0.9209361825694432,50.77906381743056
2003,3,4.7,19.5,Lüleburgaz,41.351305555555555,8.19170908232243,11.30829091767757
2003,4,10.7,78.4,Lüleburgaz,41.351305555555555,33.84554371570751,44.5544562842925
2003,5,19.8,26.7,Lüleburgaz,41.351305555555555,103.59419446078134,-76.89419446078134
2003,6,25.0,0.2,Lüleburgaz,41.351305555555555,152.5567684550903,-152.3567684550903
2003,7,27.0,10.1,Lüleburgaz,41.351305555555555,175.1689431826579,-165.0689431826579
2003,8,27.5,3.2,Lüleburgaz,41.351305555555555,167.6298822856133,-164.4298822856133
2003,9,20.6,7.2,Lüleburgaz,41.351305555555555,91.37455292847719,-84.17455292847718
2003,10,17.0,94.5,Lüleburgaz,41.351305555555555,61.238180098775906,33.261819901224094
2003,11,11.2,16.8,Lüleburgaz,41.351305555555555,26.798912478316232,-9.998912478316232
2003,12,6.8,48.7,Lüleburgaz,41.351305555555555,11.576965664806766,37.12303433519324
2004,1,4.8,85.5,Lüleburgaz,41.351305555555555,6.317649407511373,79.18235059248863
2004,2,6.6,6.4,Lüleburgaz,41.351305555555555,10.762811911355636,-4.362811911355635
2004,3,9.5,48.9,Lüleburgaz,41.351305555555555,24.596635531114437,24.30336446888556
2004,4,13.0,12.3,Lüleburgaz,41.351305555555555,45.07471401032549,-32.774714010325496
2004,5,17.5,38.2,Lüleburgaz,41.351305555555555,83.34057080646294,-45.14057080646293
2004,6,23.6,54.3,Lüleburgaz,41.351305555555555,138.24167342299174,-83.94167342299174
2004,7,25.4,36.5,Lüleburgaz,41.351305555555555,158.31741370910117,-121.81741370910117
2004,8,26.0,18.5,Lüleburgaz,41.351305555555555,152.882424494369,-134.382424494369
2004,9,22.9,0.3,Lüleburgaz,41.351305555555555,107.81327880896947,-107.51327880896947
2004,10,19.0,13.8,Lüleburgaz,41.351305555555555,72.33618164332407,-58.53618164332407
2004,11,11.8,21.3,Lüleburgaz,41.351305555555555,28.21147740600807,-6.911477406008068
2004,12,8.0,52.9,Lüleburgaz,41.351305555555555,14.346901200547638,38.55309879945236
2005,1,6.3,98.7,Lüleburgaz,41.351305555555555,9.042319001156246,89.65768099884376
2005,2,5.2,71.9,Lüleburgaz,41.351305555555555,6.511104619345606,65.3888953806544
2005,3,9.7,30.5,Lüleburgaz,41.351305555555555,23.846494231571082,6.653505768428918
2005,4,15.1,13.3,Lüleburgaz,41.351305555555555,55.72740255806771,-42.42740255806771
2005,5,20.5,92.4,Lüleburgaz,41.351305555555555,106.59578796027598,-14.195787960275979
2005,6,23.1,30.8,Lüleburgaz,41.351305555555555,132.1758990796982,-101.37589907969821
2005,7,27.5,71.5,Lüleburgaz,41.351305555555555,181.04939503875906,-109.54939503875906
2005,8,28.1,23.8,Lüleburgaz,41.351305555555555,174.56651868802024,-150.76651868802023
2005,9,23.4,35.7,Lüleburgaz,41.351305555555555,110.8191034044083,-75.11910340440829
2005,10,16.2,32.6,Lüleburgaz,41.351305555555555,53.72584166481875,-21.12584166481875
2005,11,10.7,100.5,Lüleburgaz,41.351305555555555,22.595501477435487,77.90449852256451
2005,12,7.4,113.7,Lüleburgaz,41.351305555555555,11.59631274657457,102.10368725342543
2006,1,4.1,16.0,Lüleburgaz,41.351305555555555,7.06561241054633,8.93438758945367
2006,2,6.4,60.0,Lüleburgaz,41.351305555555555,13.602151849302915,46.39784815069709
2006,3,11.2,109.3,Lüleburgaz,41.351305555555555,38.48160230302916,70.81839769697083
2006,4,15.7,8.7,Lüleburgaz,41.351305555555555,68.62525303094112,-59.92525303094112
2006,5,17.6,29.2,Lüleburgaz,41.351305555555555,91.48426679112833,-62.28426679112833
2006,6,21.5,103.3,Lüleburgaz,41.351305555555555,123.7052879238588,-20.405287923858808
2006,7,21.8,24.2,Lüleburgaz,41.351305555555555,127.9386308352756,-103.7386308352756
2006,8,24.2,13.2,Lüleburgaz,41.351305555555555,138.47209419757039,-125.27209419757038
2006,9,18.0,42.8,Lüleburgaz,41.351305555555555,78.20175128301862,-35.401751283018626
2006,10,14.5,70.9,Lüleburgaz,41.351305555555555,52.15371818184738,18.746281818152625
2006,11,7.5,65.4,Lüleburgaz,41.351305555555555,17.111945123609715,48.28805487639029
2006,12,3.9,24.8,Lüleburgaz,41.351305555555555,6.377219554187001,18.422780445813
2007,1,5.6,23.9,Lüleburgaz,41.351305555555555,10.66133686411366,13.23866313588634
2007,2,5.9,32.1,Lüleburgaz,41.351305555555555,11.561436326256842,20.53856367374316
2007,3,7.5,113.0,Lüleburgaz,41.351305555555555,20.627035237996537,92.37296476200346
2007,4,10.2,6.0,Lüleburgaz,41.351305555555555,35.502612782544205,-29.502612782544205
2007,5,18.1,49.7,Lüleburgaz,41.351305555555555,94.23946101398401,-44.53946101398401
2007,6,23.3,6.5,Lüleburgaz,41.351305555555555,138.58712213214875,-132.08712213214875
2007,7,25.2,0.1,Lüleburgaz,41.351305555555555,157.88340426358596,-157.78340426358596
2007,8,25.3,9.9,Lüleburgaz,41.351305555555555,147.52659221061808,-137.62659221061807
2007,9,19.1,43.7,Lüleburgaz,41.351305555555555,84.46411575173173,-40.76411575173172
2007,10,15.1,22.0,Lüleburgaz,41.351305555555555,54.43540924855531,-32.43540924855531
2007,11,8.4,98.7,Lüleburgaz,41.351305555555555,19.536993402936442,79.16300659706356
2007,12,3.6,55.0,Lüleburgaz,41.351305555555555,5.354389637498775,49.64561036250122
2008,1,1.9,30.4,Lüleburgaz,41.351305555555555,2.2740867733225736,28.125913226677426
2008,2,4.0,6.7,Lüleburgaz,41.351305555555555,6.797946827764501,-0.09794682776450081
2008,3,10.1,38.3,Lüleburgaz,41.351305555555555,32.981991677947754,5.318008322052243
2008,4,13.1,62.6,Lüleburgaz,41.351305555555555,52.537307304987756,10.062692695012245
2008,5,16.3,54.0,Lüleburgaz,41.351305555555555,81.6439080795667,-27.6439080795667
2008,6,21.7,90.4,Lüleburgaz,41.351305555555555,125.31388714556874,-34.91388714556874
2008,7,23.7,30.9,Lüleburgaz,41.351305555555555,144.53128461129393,-113.63128461129392
2008,8,25.0,5.2,Lüleburgaz,41.351305555555555,145.1924598313765,-139.99245983137652
2008,9,19.0,23.6,Lüleburgaz,41.351305555555555,84.55525576889137,-60.95525576889137
2008,10,14.3,6.6,Lüleburgaz,41.351305555555555,51.00870129085442,-44.40870129085442
2008,11,9.9,32.0,Lüleburgaz,41.351305555555555,25.615543004978008,6.384456995021992
2008,12,6.0,34.7,Lüleburgaz,41.351305555555555,11.927479105473369,22.772520894526636
2009,1,4.0,84.2,Lüleburgaz,41.351305555555555,6.09836302129122,78.10163697870878
2009,2,8.3,109.9,Lüleburgaz,41.351305555555555,18.5828427782376,91.31715722176241
2009,3,11.372709023935474,78.5,Lüleburgaz,41.351305555555555,37.429158386824874,41.070841613175126
2009,4,14.000339186297238,30.2,Lüleburgaz,41.351305555555555,55.865148560984636,-25.665148560984637
2009,5,17.1,23.0,Lüleburgaz,41.351305555555555,85.42517021882297,-62.42517021882297
2009,6,21.5,20.4,Lüleburgaz,41.351305555555555,122.10931443067025,-101.70931443067025
2009,7,24.4,33.4,Lüleburgaz,41.351305555555555,150.03517327630902,-116.63517327630902
2009,8,23.3,0.1,Lüleburgaz,41.351305555555555,129.9173072397659,-129.8173072397659
2009,9,18.8,130.3,Lüleburgaz,41.351305555555555,81.62458670572458,48.67541329427543
2009,10,15.1,138.7,Lüleburgaz,41.351305555555555,53.51431207295986,85.18568792704014
2009,11,9.3,33.4,Lüleburgaz,41.351305555555555,22.038246438516744,11.361753561483255
2009,12,8.1,72.8,Lüleburgaz,41.351305555555555,17.333483978716842,55.466516021283155
2010,1,2.5,67.5,Lüleburgaz,41.351305555555555,2.81721629864444,64.68278370135556
2010,2,6.2,187.8,Lüleburgaz,41.351305555555555,11.508905134105145,176.29109486589488
2010,3,7.3,53.0,Lüleburgaz,41.351305555555555,18.475534713663528,34.52446528633647
2010,4,12.4,42.1,Lüleburgaz,41.351305555555555,45.58959513417493,-3.4895951341749267
2010,5,18.4,20.7,Lüleburgaz,41.351305555555555,94.6439349523933,-73.94393495239329
2010,6,22.1,35.5,Lüleburgaz,41.351305555555555,126.74271206015283,-91.24271206015283
2010,7,24.4,64.4,Lüleburgaz,41.351305555555555,149.69369495651463,-85.29369495651463
2010,8,26.9,7.1,Lüleburgaz,41.351305555555555,161.68302767997503,-154.58302767997503
2010,9,20.3,23.8,Lüleburgaz,41.351305555555555,91.12954268726811,-67.32954268726812
2010,10,13.2,136.2,Lüleburgaz,41.351305555555555,42.87369566591913,93.32630433408086
2010,11,13.3,90.2,Lüleburgaz,41.351305555555555,37.355246842236596,52.84475315776341
2010,12,7.2,143.0,Lüleburgaz,41.351305555555555,14.038870409714656,128.96112959028534
2011,1,3.1,39.2,Lüleburgaz,41.351305555555555,5.709485310480382,33.49051468951962
2011,2,2.9,22.6,Lüleburgaz,41.351305555555555,5.226460409040208,17.373539590959794
2011,3,6.6,31.0,Lüleburgaz,41.351305555555555,20.157876618788084,10.842123381211916
2011,4,9.5,77.2,Lüleburgaz,41.351305555555555,36.15274296913714,41.047257030862866
2011,5,16.2,30.0,Lüleburgaz,41.351305555555555,84.84310259859915,-54.843102598599145
2011,6,21.0,55.8,Lüleburgaz,41.351305555555555,122.22403593848699,-66.424035938487
2011,7,24.7,1.4,Lüleburgaz,41.351305555555555,154.7825968074526,-153.3825968074526
2011,8,23.1,1.0,Lüleburgaz,41.351305555555555,131.1467014982189,-130.1467014982189
2011,9,20.8,42.6,Lüleburgaz,41.351305555555555,98.90768076647842,-56.30768076647842
2011,10,12.1,119.8,Lüleburgaz,41.351305555555555,43.02595118342519,76.7740488165748
2011,11,5.3,4.6,Lüleburgaz,41.351305555555555,11.92930391626137,-7.32930391626137
2011,12,5.9,75.6,Lüleburgaz,41.351305555555555,13.414999117073888,62.185000882926104
2012,1,1.5,49.6,Lüleburgaz,41.351305555555555,1.2527005745524704,48.34729942544753
2012,2,1.7,41.2,Lüleburgaz,41.351305555555555,1.5263434098083073,39.6736565901917
2012,3,6.8,18.6,Lüleburgaz,41.351305555555555,16.393868577340488,2.2061314226595137
2012,4,13.7,70.0,Lüleburgaz,41.351305555555555,52.93151670358053,17.068483296419473
2012,5,17.4,102.0,Lüleburgaz,41.351305555555555,86.54149905898927,15.458500941010726
2012,6,23.2,21.8,Lüleburgaz,41.351305555555555,136.4853617686164,-114.6853617686164
2012,7,26.3,4.0,Lüleburgaz,41.351305555555555,168.07023554709662,-164.07023554709662
2012,8,25.1,4.4,Lüleburgaz,41.351305555555555,145.19623282502894,-140.79623282502894
2012,9,21.0,10.0,Lüleburgaz,41.351305555555555,95.86492553719097,-85.86492553719097
2012,10,17.1,119.8,Lüleburgaz,41.351305555555555,63.76725000123914,56.032749998760856
2012,11,12.3,24.4,Lüleburgaz,41.351305555555555,32.918483949702065,-8.518483949702066
2012,12,4.5,161.0,Lüleburgaz,41.351305555555555,6.701809612112576,154.29819038788742
2013,1,4.5,102.8,Lüleburgaz,41.351305555555555,7.823870822945686,94.9761291770543
2013,2,6.8,88.0,Lüleburgaz,41.351305555555555,14.477203153023348,73.52279684697665
2013,3,8.9,108.2,Lüleburgaz,41.351305555555555,26.910006139229726,81.28999386077028
2013,4,12.4,56.3,Lüleburgaz,41.351305555555555,47.86653727491639,8.433462725083608
2013,5,18.6,96.2,Lüleburgaz,41.351305555555555,98.49357991553589,-2.2935799155358865
2013,6,21.4,74.8,Lüleburgaz,41.351305555555555,122.32792304842602,-47.52792304842602
2013,7,23.7,9.2,Lüleburgaz,41.351305555555555,144.23678541817696,-135.03678541817698
2013,8,24.9,0.2,Lüleburgaz,41.351305555555555,144.1629404707411,-143.9629404707411
2013,9,20.0,8.4,Lüleburgaz,41.351305555555555,90.72568229596605,-82.32568229596605
2013,10,12.4,74.0,Lüleburgaz,41.351305555555555,40.86756341959903,33.13243658040097
2013,11,10.9,64.2,Lüleburgaz,41.351305555555555,29.06926428994386,35.13073571005614
2013,12,3.2,5.6,Lüleburgaz,41.351305555555555,4.582744339755808,1.0172556602441913
2014,1,6.6,74.4,Lüleburgaz,41.351305555555555,13.79774947573829,60.60225052426172
2014,2,7.6,2.4,Lüleburgaz,41.351305555555555,17.063626651424464,-14.663626651424464
2014,3,9.0,86.6,Lüleburgaz,41.351305555555555,27.34615005199667,59.25384994800332
2014,4,12.4,47.0,Lüleburgaz,41.351305555555555,47.849895306332435,-0.849895306332435
2014,5,16.8,79.8,Lüleburgaz,41.351305555555555,84.67681300337442,-4.876813003374423
2014,6,21.1,51.6,Lüleburgaz,41.351305555555555,119.78046182184072,-68.18046182184071
2014,7,23.8,131.8,Lüleburgaz,41.351305555555555,145.13230445442818,-13.332304454428169
2014,8,24.2,19.2,Lüleburgaz,41.351305555555555,138.18739028128684,-118.98739028128684
2014,9,18.9,121.4,Lüleburgaz,41.351305555555555,83.41193611707253,37.98806388292748
2014,10,14.0,24.2,Lüleburgaz,41.351305555555555,48.9116351595321,-24.711635159532104
2014,11,9.5,41.8,Lüleburgaz,41.351305555555555,23.697074359916048,18.10292564008395
2014,12,7.0,93.4,Lüleburgaz,41.351305555555555,14.621370244641291,78.77862975535871
2015,1,3.8,50.2,Lüleburgaz,41.351305555555555,5.743649218296674,44.45635078170333
2015,2,5.7,65.6,Lüleburgaz,41.351305555555555,10.640259545327094,54.9597404546729
2015,3,7.9,59.8,Lüleburgaz,41.351305555555555,21.741709045306905,38.05829095469309
2015,4,11.1,69.8,Lüleburgaz,41.351305555555555,39.55968338784306,30.24031661215694
2015,5,18.9,6.2,Lüleburgaz,41.351305555555555,99.80637934676928,-93.60637934676927
2015,6,21.3,43.2,Lüleburgaz,41.351305555555555,120.64346123087297,-77.44346123087297
2015,7,24.5,4.8,Lüleburgaz,41.351305555555555,151.1003046688826,-146.30030466888257
2015,8,25.4,2.6,Lüleburgaz,41.351305555555555,148.2292835961356,-145.6292835961356
2015,9,21.8,63.0,Lüleburgaz,41.351305555555555,102.45359758765355,-39.45359758765355
2015,10,14.4,97.2,Lüleburgaz,41.351305555555555,50.07306600175953,47.126933998240474
2015,11,11.5,26.2,Lüleburgaz,41.351305555555555,30.686802869109272,-4.4868028691092725
2015,12,3.1,3.0,Lüleburgaz,41.351305555555555,4.099183721057604,-1.0991837210576039
2016,1,2.9,85.0,Lüleburgaz,41.351305555555555,3.805623364254507,81.1943766357455
2016,2,9.0,77.0,Lüleburgaz,41.351305555555555,21.206023205963135,55.793976794036865
2016,3,9.3,23.6,Lüleburgaz,41.351305555555555,27.792012687010004,-4.192012687010003
2016,4,14.7,23.6,Lüleburgaz,41.351305555555555,60.462217318493735,-36.862217318493734
2016,5,17.0,45.4,Lüleburgaz,41.351305555555555,84.97824264976967,-39.57824264976967
2016,6,23.1,40.4,Lüleburgaz,41.351305555555555,136.37127867723768,-95.97127867723768
2016,7,24.5,7.2,Lüleburgaz,41.351305555555555,151.0833735144986,-143.8833735144986
2016,8,24.7,2.6,Lüleburgaz,41.351305555555555,142.07881716363244,-139.47881716363244
2016,9,20.0,7.4,Lüleburgaz,41.351305555555555,89.89848954007205,-82.49848954007204
2016,10,14.2,17.2,Lüleburgaz,41.351305555555555,48.98653936535793,-31.78653936535793
2016,11,8.9,51.8,Lüleburgaz,41.351305555555555,20.79600135456055,31.00399864543945
2016,12,0.5,5.6,Lüleburgaz,41.351305555555555,0.25814338646036933,5.341856613539631
2017,1,-1.2,113.8,Lüleburgaz,41.351305555555555,0.0,113.8
2017,2,5.6,48.0,Lüleburgaz,41.351305555555555,11.413431114419772,36.58656888558023
2017,3,9.0,48.8,Lüleburgaz,41.351305555555555,28.3333239314507,20.466676068549297
2017,4,10.8,43.6,Lüleburgaz,41.351305555555555,40.15268908276321,3.4473109172367913
2017,5,16.4,27.6,Lüleburgaz,41.351305555555555,83.02199702769931,-55.42199702769931
2017,6,21.9,39.8,Lüleburgaz,41.351305555555555,127.42113168208705,-87.62113168208705
2017,7,23.9,96.4,Lüleburgaz,41.351305555555555,146.59399762173464,-50.19399762173464
2017,8,24.1,10.6,Lüleburgaz,41.351305555555555,137.82702256772396,-127.22702256772396
2017,9,20.7,36.8,Lüleburgaz,41.351305555555555,96.27416851204563,-59.47416851204564
2017,10,12.8,84.0,Lüleburgaz,41.351305555555555,43.86555314186926,40.13444685813074
2017,11,9.1,76.2,Lüleburgaz,41.351305555555555,23.02646922328635,53.17353077671365
2017,12,7.9,122.2,Lüleburgaz,41.351305555555555,18.20313703308485,103.99686296691516
2018,1,4.4,82.0,Lüleburgaz,41.351305555555555,6.897324828122921,75.10267517187708
2018,2,5.9,93.0,Lüleburgaz,41.351305555555555,10.852100867783346,82.14789913221665
2018,3,9.0,109.8,Lüleburgaz,41.351305555555555,25.868658261170243,83.93134173882976
2018,4,14.6,4.8,Lüleburgaz,41.351305555555555,59.10905694648493,-54.30905694648493
2018,5,19.0,9.4,Lüleburgaz,41.351305555555555,99.86437268826924,-90.46437268826924
2018,6,22.0,143.2,Lüleburgaz,41.351305555555555,126.15290159981011,17.04709840018988
2018,7,24.4,55.8,Lüleburgaz,41.351305555555555,149.86177184408047,-94.06177184408047
2018,8,25.0,0.0,Lüleburgaz,41.351305555555555,144.49204685415418,-144.49204685415418
2018,9,20.4,28.8,Lüleburgaz,41.351305555555555,92.1225376811102,-63.322537681110205
2018,10,15.0,31.6,Lüleburgaz,41.351305555555555,52.602930208684484,-21.002930208684482
2018,11,9.7,57.2,Lüleburgaz,41.351305555555555,23.208512280227094,33.991487719772906
2018,12,3.6,71.6,Lüleburgaz,41.351305555555555,4.923194157865014,66.67680584213498
2019,1,3.6,49.0,Lüleburgaz,41.351305555555555,5.547988109679598,43.4520118903204
2019,2,4.4,42.0,Lüleburgaz,41.351305555555555,7.504244563598951,34.49575543640105
2019,3,7.8,15.6,Lüleburgaz,41.351305555555555,21.954226901678314,-6.354226901678315
2019,4,10.6,41.0,Lüleburgaz,41.351305555555555,37.70863744245789,3.291362557542108
2019,5,17.3,41.8,Lüleburgaz,41.351305555555555,88.21118631715717,-46.411186317157174
2019,6,23.6,0.6,Lüleburgaz,41.351305555555555,141.31517903825352,-140.71517903825352
2019,7,23.6,0.6,Lüleburgaz,41.351305555555555,143.2166135647073,-142.6166135647073
2019,8,24.6,0.8,Lüleburgaz,41.351305555555555,141.51506922246514,-140.71506922246513
2019,9,20.4,0.8,Lüleburgaz,41.351305555555555,93.26535391085041,-92.46535391085041
2019,10,12.6,2.4,Lüleburgaz,41.351305555555555,41.647013379523955,-39.247013379523956
2019,11,13.1,22.2,Lüleburgaz,41.351305555555555,38.00562898456738,-15.805628984567381
2019,12,6.2,34.6,Lüleburgaz,41.351305555555555,12.10664534910097,22.49335465089903
2020,1,2.3,22.6,Lüleburgaz,41.351305555555555,3.251193523579142,19.348806476420858
2020,2,5.4,34.6,Lüleburgaz,41.351305555555555,11.102804745767418,23.497195254232583
2020,3,7.7,18.8,Lüleburgaz,41.351305555555555,23.04132902540236,-4.241329025402358
2020,4,9.6,47.4,Lüleburgaz,41.351305555555555,34.39595450757268,13.004045492427316
2020,5,15.7,98.8,Lüleburgaz,41.351305555555555,78.59021127238586,20.20978872761414
2020,6,20.3,113.0,Lüleburgaz,41.351305555555555,114.64282018325824,-1.6428201832582374
2020,7,23.4,0.0,Lüleburgaz,41.351305555555555,142.47459960882603,-142.47459960882603
2020,8,23.7,5.8,Lüleburgaz,41.351305555555555,134.7860892815422,-128.98608928154218
2020,9,21.3,6.0,Lüleburgaz,41.351305555555555,100.71638483540393,-94.71638483540393
2020,10,16.1,64.0,Lüleburgaz,41.351305555555555,61.68161055664527,2.3183894433547323
2020,11,8.3,5.0,Lüleburgaz,41.351305555555555,20.523275562908207,-15.523275562908207
2020,12,8.0,36.2,Lüleburgaz,41.351305555555555,18.89421319052684,17.30578680947316
2021,1,5.7,174.4,Lüleburgaz,41.351305555555555,11.0465622684658,163.3534377315342
2021,2,5.9,31.2,Lüleburgaz,41.351305555555555,11.664537959603171,19.53546204039683
2021,3,5.4,58.4,Lüleburgaz,41.351305555555555,12.752559402274764,45.647440597725236
2021,4,9.8,43.8,Lüleburgaz,41.351305555555555,33.64308618664187,10.15691381335813
2021,5,16.8,19.8,Lüleburgaz,41.351305555555555,84.55087428127105,-64.75087428127105
2021,6,19.7,73.0,Lüleburgaz,41.351305555555555,108.07606057140538,-35.07606057140538
2021,7,24.3,10.2,Lüleburgaz,41.351305555555555,149.63042734079028,-139.4304273407903
2021,8,25.3,0.2,Lüleburgaz,41.351305555555555,147.5784394461612,-147.37843944616122
2021,9,19.9,5.0,Lüleburgaz,41.351305555555555,89.95599180682967,-84.95599180682967
2021,10,14.8,82.2,Lüleburgaz,41.351305555555555,53.014065065819594,29.18593493418041
2021,11,12.6,91.4,Lüleburgaz,41.351305555555555,35.94068846305835,55.459311536941655
2021,12,9.4,196.6,Lüleburgaz,41.351305555555555,22.566348921428347,174.03365107857164
2022,1,5.9,26.2,Lüleburgaz,41.351305555555555,10.230586785674406,15.969413214325593
2022,2,7.4,73.0,Lüleburgaz,41.351305555555555,14.650007278306617,58.34999272169338
2022,3,5.2,3.8,Lüleburgaz,41.351305555555555,10.495565996087285,-6.695565996087285
2022,4,13.3,74.6,Lüleburgaz,41.351305555555555,49.9218952321883,24.678104767811696
2022,5,17.6,34.4,Lüleburgaz,41.351305555555555,87.4321024342123,-53.0321024342123
2022,6,22.9,46.4,Lüleburgaz,41.351305555555555,133.37826457881016,-86.97826457881015
2022,7,21.6,0.8,Lüleburgaz,41.351305555555555,123.31422044049721,-122.51422044049721
2022,8,26.1,19.4,Lüleburgaz,41.351305555555555,154.205986514224,-134.805986514224
2022,9,21.4,62.4,Lüleburgaz,41.351305555555555,98.31974111566736,-35.91974111566736
2022,10,16.3,6.8,Lüleburgaz,41.351305555555555,58.67050422927682,-51.870504229276825
2022,11,13.2,19.2,Lüleburgaz,41.351305555555555,36.27283545293342,-17.072835452933422
2022,12,8.5,35.0,Lüleburgaz,41.351305555555555,17.631662661291106,17.368337338708894
2023,1,7.2,20.8,Lüleburgaz,41.351305555555555,11.542125126673717,9.257874873326283
2023,2,5.2,2.8,Lüleburgaz,41.351305555555555,6.620621020710942,-3.8206210207109423
2023,3,9.0,48.6,Lüleburgaz,41.351305555555555,21.18486929196093,27.415130708039072
2023,4,11.7,80.4,Lüleburgaz,41.351305555555555,36.163839567671744,44.23616043232826
2023,5,16.0,37.4,Lüleburgaz,41.351305555555555,69.82518980063789,-32.42518980063789
2023,6,21.1,45.8,Lüleburgaz,41.351305555555555,113.2978545038412,-67.4978545038412
2023,7,26.2,9.6,Lüleburgaz,41.351305555555555,166.54194424378554,-156.94194424378554
2023,8,27.8,2.6,Lüleburgaz,41.351305555555555,171.28150309665236,-168.68150309665236
2023,9,26.2,7.8,Lüleburgaz,41.351305555555555,134.74054036425562,-126.94054036425563
2023,10,20.6,6.4,Lüleburgaz,41.351305555555555,81.58893802614226,-75.18893802614225
2023,11,13.2,145.4,Lüleburgaz,41.351305555555555,32.711626979123935,112.68837302087607
2023,12,8.7,71.0,Lüleburgaz,41.351305555555555,15.514291644019751,55.48570835598025
2024,1,6.3,72.2,Lüleburgaz,41.351305555555555,9.205756915530161,62.99424308446984
2024,2,9.2,18.8,Lüleburgaz,41.351305555555555,17.682511252530777,1.117488747469224
2024,3,10.2,44.8,Lüleburgaz,41.351305555555555,26.322063010302102,18.477936989697895
2024,4,15.9,35.6,Lüleburgaz,41.351305555555555,61.31815185737385,-25.718151857373847
2024,5,17.0,43.2,Lüleburgaz,41.351305555555555,77.56559028846237,-34.36559028846237
2024,6,25.4,26.4,Lüleburgaz,41.351305555555555,155.8225872000869,-129.4225872000869
2024,7,27.8,1.8,Lüleburgaz,41.351305555555555,184.3747462708762,-182.57474627087618
2024,8,26.5,0.4,Lüleburgaz,41.351305555555555,157.7567180306984,-157.3567180306984
2024,9,22.5,11.4,Lüleburgaz,41.351305555555555,103.77356783972442,-92.37356783972442
2024,10,15.4,17.8,Lüleburgaz,41.351305555555555,49.559952371399795,-31.759952371399795
2024,11,9.4,37.6,Lüleburgaz,41.351305555555555,18.299282473923753,19.300717526076248
2024,12,8.1,67.0,Lüleburgaz,41.351305555555555,13.75844335978135,53.24155664021865
1965,1,6.6,44.4,Sarıyer,41.146388888888886,15.385993060181372,29.01400693981863
1965,2,3.6,127.7,Sarıyer,41.146388888888886,6.570614200699095,121.1293857993009
1965,3,6.5,57.9,Sarıyer,41.146388888888886,18.80307758046097,39.09692241953903
1965,4,9.5,128.2,Sarıyer,41.146388888888886,34.861130799228995,93.338869200771
1965,5,15.3,30.5,Sarıyer,41.146388888888886,76.84238832866946,-46.34238832866946
1965,6,20.8,11.2,Sarıyer,41.146388888888886,119.39366036332994,-108.19366036332994
1965,7,21.9,40.7,Sarıyer,41.146388888888886,130.11891392868608,-89.41891392868608
1965,8,20.7,34.1,Sarıyer,41.146388888888886,111.70658797775528,-77.60658797775528
1965,9,20.4,0.1,Sarıyer,41.146388888888886,95.38395578880923,-95.28395578880924
1965,10,14.3,46.8,Sarıyer,41.146388888888886,52.99698986678537,-6.196989866785373
1965,11,12.2,211.8,Sarıyer,41.146388888888886,36.53601971730551,175.2639802826945
1965,12,9.7,164.4,Sarıyer,41.146388888888886,25.696622182189845,138.70337781781015
1966,1,5.9,197.2,Sarıyer,41.146388888888886,10.110802224094437,187.08919777590555
1966,2,9.2,23.9,Sarıyer,41.146388888888886,20.4466429539879,3.4533570460120977
1966,3,8.1,102.3,Sarıyer,41.146388888888886,20.8313272187582,81.46867278124179
1966,4,12.6,31.0,Sarıyer,41.146388888888886,45.511136269079486,-14.511136269079486
1966,5,16.3,22.3,Sarıyer,41.146388888888886,77.05600560394157,-54.756005603941574
1966,6,19.7,18.6,Sarıyer,41.146388888888886,104.83618441429238,-86.23618441429238
1966,7,23.7,5.2,Sarıyer,41.146388888888886,142.31160005616294,-137.11160005616296
1966,8,24.1,25.2,Sarıyer,41.146388888888886,135.80247310980928,-110.60247310980928
1966,9,19.9,15.5,Sarıyer,41.146388888888886,87.45927302664376,-71.95927302664376
1966,10,19.4,10.9,Sarıyer,41.146388888888886,76.95905765018817,-66.05905765018817
1966,11,15.3,92.8,Sarıyer,41.146388888888886,45.58901505059333,47.210984949406665
1966,12,8.5,164.0,Sarıyer,41.146388888888886,17.489195487189885,146.51080451281013
1967,1,4.4,140.4,Sarıyer,41.146388888888886,8.148076379707804,132.2519236202922
1967,2,3.2,74.7,Sarıyer,41.146388888888886,5.156955189475072,69.54304481052493
1967,3,6.4,46.6,Sarıyer,41.146388888888886,17.472287937789645,29.127712062210357
1967,4,11.0,45.7,Sarıyer,41.146388888888886,41.49509731620703,4.204902683792973
1967,5,15.8,30.5,Sarıyer,41.146388888888886,78.87884375755878,-48.37884375755878
1967,6,19.3,17.0,Sarıyer,41.146388888888886,106.18520520107779,-89.18520520107779
1967,7,23.2,11.7,Sarıyer,41.146388888888886,140.3743993574001,-128.67439935740012
1967,8,23.9,36.5,Sarıyer,41.146388888888886,136.17624614327354,-99.67624614327354
1967,9,20.3,51.4,Sarıyer,41.146388888888886,93.77560126274524,-42.37560126274524
1967,10,16.3,60.7,Sarıyer,41.146388888888886,62.58232668486149,-1.8823266848614892
1967,11,11.5,58.2,Sarıyer,41.146388888888886,32.61013781643625,25.589862183563753
1967,12,8.4,103.9,Sarıyer,41.146388888888886,20.126631678467483,83.77336832153253
1968,1,4.1,194.6,Sarıyer,41.146388888888886,7.5841436295799,187.0158563704201
1968,2,6.2,48.6,Sarıyer,41.146388888888886,13.714879641199035,34.88512035880097
1968,3,6.9,48.6,Sarıyer,41.146388888888886,19.906027375584877,28.693972624415125
1968,4,11.7,21.2,Sarıyer,41.146388888888886,45.96930254651252,-24.769302546512524
1968,5,17.3,12.0,Sarıyer,41.146388888888886,90.54885701541748,-78.54885701541748
1968,6,19.7,25.1,Sarıyer,41.146388888888886,109.92317137507833,-84.82317137507832
1968,7,22.5,2.9,Sarıyer,41.146388888888886,134.68673297308038,-131.78673297308038
1968,8,21.7,64.3,Sarıyer,41.146388888888886,118.86827774599026,-54.56827774599026
1968,9,19.8,95.7,Sarıyer,41.146388888888886,90.90544850121009,4.7945514987899145
1968,10,14.5,44.6,Sarıyer,41.146388888888886,53.38385399565652,-8.783853995656521
1968,11,12.0,110.0,Sarıyer,41.146388888888886,35.12803933354705,74.87196066645295
1968,12,7.3,162.4,Sarıyer,41.146388888888886,16.7836210430891,145.61637895691092
1969,1,3.7,189.6,Sarıyer,41.146388888888886,6.429445605275587,183.1705543947244
1969,2,6.2,84.4,Sarıyer,41.146388888888886,13.526860729929242,70.87313927007077
1969,3,5.3,66.3,Sarıyer,41.146388888888886,13.45327999464367,52.846720005356325
1969,4,9.8,116.8,Sarıyer,41.146388888888886,35.35950175766231,81.4404982423377
1969,5,16.3,23.7,Sarıyer,41.146388888888886,82.78145887033384,-59.08145887033383
1969,6,21.1,51.7,Sarıyer,41.146388888888886,120.96339583738569,-69.26339583738569
1969,7,20.9,10.7,Sarıyer,41.146388888888886,120.9411161373421,-110.2411161373421
1969,8,22.7,35.4,Sarıyer,41.146388888888886,126.56112923990653,-91.16112923990653
1969,9,21.0,38.5,Sarıyer,41.146388888888886,98.63981707898273,-60.13981707898273
1969,10,15.4,6.3,Sarıyer,41.146388888888886,57.87073237679632,-51.57073237679632
1969,11,12.3,46.5,Sarıyer,41.146388888888886,36.121356330058184,10.378643669941816
1969,12,9.3,161.6,Sarıyer,41.146388888888886,23.476520019360144,138.12347998063984
1970,1,6.7,117.7,Sarıyer,41.146388888888886,14.237634445781072,103.46236555421893
1970,2,7.6,124.0,Sarıyer,41.146388888888886,17.191367182092804,106.8086328179072
1970,3,8.8,68.7,Sarıyer,41.146388888888886,26.602760837415772,42.09723916258423
1970,4,13.5,103.0,Sarıyer,41.146388888888886,54.43267471825946,48.56732528174054
1970,5,15.3,68.4,Sarıyer,41.146388888888886,73.82616205894139,-5.426162058941387
1970,6,19.7,18.5,Sarıyer,41.146388888888886,108.18921909798858,-89.68921909798858
1970,7,23.5,2.0,Sarıyer,41.146388888888886,142.32916302952574,-140.32916302952574
1970,8,23.3,6.4,Sarıyer,41.146388888888886,130.6132031495285,-124.21320314952848
1970,9,19.4,124.7,Sarıyer,41.146388888888886,86.83473333491486,37.865266665085144
1970,10,14.3,105.8,Sarıyer,41.146388888888886,50.672723367581426,55.12727663241857
1970,11,11.8,115.5,Sarıyer,41.146388888888886,32.88046004980159,82.6195399501984
1970,12,7.6,124.6,Sarıyer,41.146388888888886,16.663651944915657,107.93634805508434
1971,1,8.3,91.2,Sarıyer,41.146388888888886,20.725756632709473,70.47424336729053
1971,2,5.7,95.4,Sarıyer,41.146388888888886,12.14388532755757,83.25611467244244
1971,3,7.2,143.1,Sarıyer,41.146388888888886,21.122986727662497,121.9770132723375
1971,4,10.4,14.5,Sarıyer,41.146388888888886,38.81712373138863,-24.317123731388627
1971,5,16.4,22.1,Sarıyer,41.146388888888886,83.85712800241562,-61.75712800241562
1971,6,20.6,13.6,Sarıyer,41.146388888888886,117.12661585714568,-103.52661585714569
1971,7,21.6,4.6,Sarıyer,41.146388888888886,127.03430022231433,-122.43430022231433
1971,8,23.1,11.3,Sarıyer,41.146388888888886,129.94152575874455,-118.64152575874455
1971,9,19.5,16.7,Sarıyer,41.146388888888886,88.91566601555148,-72.21566601555148
1971,10,13.7,138.7,Sarıyer,41.146388888888886,49.19502511813403,89.50497488186596
1971,11,11.2,94.9,Sarıyer,41.146388888888886,31.804257135805205,63.095742864194804
1971,12,7.0,125.5,Sarıyer,41.146388888888886,15.785302518407143,109.71469748159285
1972,1,4.4,52.0,Sarıyer,41.146388888888886,8.449078682340014,43.550921317659984
1972,2,4.2,53.8,Sarıyer,41.146388888888886,7.925052108253542,45.87494789174646
1972,3,6.4,18.1,Sarıyer,41.146388888888886,17.9821756878761,0.11782431212390065
1972,4,13.4,35.4,Sarıyer,41.146388888888886,55.94514502067185,-20.545145020671853
1972,5,15.5,40.6,Sarıyer,41.146388888888886,77.57772074535526,-36.97772074535526
1972,6,20.8,28.6,Sarıyer,41.146388888888886,118.90798903513831,-90.30798903513832
1972,7,22.9,66.6,Sarıyer,41.146388888888886,138.20522373035476,-71.60522373035477
1972,8,23.0,45.9,Sarıyer,41.146388888888886,129.24049860038164,-83.34049860038164
1972,9,19.4,97.2,Sarıyer,41.146388888888886,88.41055884812957,8.789441151870435
1972,10,14.1,157.6,Sarıyer,41.146388888888886,51.426546549411306,106.17345345058868
1972,11,10.7,112.8,Sarıyer,41.146388888888886,29.934797313202647,82.86520268679735
1972,12,7.0,57.5,Sarıyer,41.146388888888886,15.892905948511634,41.60709405148837
1973,1,4.1,86.6,Sarıyer,41.146388888888886,8.244729508761916,78.35527049123807
1973,2,7.2,67.0,Sarıyer,41.146388888888886,18.000457780859712,48.99954221914029
1973,3,5.1,64.7,Sarıyer,41.146388888888886,13.921342936084203,50.7786570639158
1973,4,10.3,50.3,Sarıyer,41.146388888888886,39.992023813667444,10.307976186332553
1973,5,15.8,22.0,Sarıyer,41.146388888888886,81.4539649328931,-59.4539649328931
1973,6,18.6,65.5,Sarıyer,41.146388888888886,102.93759243711278,-37.437592437112784
1973,7,22.4,7.8,Sarıyer,41.146388888888886,134.91992339085473,-127.11992339085474
1973,8,21.4,21.7,Sarıyer,41.146388888888886,117.71459986699163,-96.01459986699163
1973,9,19.7,20.1,Sarıyer,41.146388888888886,91.5043042382306,-71.4043042382306
1973,10,16.1,147.4,Sarıyer,41.146388888888886,63.41192250328302,83.98807749671698
1973,11,9.6,74.5,Sarıyer,41.146388888888886,26.74238635740483,47.757613642595174
1973,12,7.6,108.7,Sarıyer,41.146388888888886,18.802380306422656,89.89761969357735
1974,1,3.2,100.8,Sarıyer,41.146388888888886,5.863991529510907,94.93600847048909
1974,2,5.5,42.0,Sarıyer,41.146388888888886,12.421493859050097,29.578506140949905
1974,3,5.8,69.4,Sarıyer,41.146388888888886,16.654634103799605,52.7453658962004
1974,4,9.1,38.4,Sarıyer,41.146388888888886,33.73016863642708,4.669831363572918
1974,5,14.9,163.6,Sarıyer,41.146388888888886,75.14973738269553,88.45026261730446
1974,6,19.1,15.7,Sarıyer,41.146388888888886,106.8171572477614,-91.1171572477614
1974,7,21.1,23.8,Sarıyer,41.146388888888886,124.24182172056541,-100.44182172056541
1974,8,21.5,129.0,Sarıyer,41.146388888888886,118.5002521595119,10.499747840488098
1974,9,19.9,121.1,Sarıyer,41.146388888888886,92.81706559125969,28.282934408740303
1974,10,18.3,25.1,Sarıyer,41.146388888888886,75.72563103450297,-50.625631034502966
1974,11,11.5,76.0,Sarıyer,41.146388888888886,34.35483591822341,41.64516408177659
1974,12,7.0,114.6,Sarıyer,41.146388888888886,16.802131226004953,97.79786877399505
1975,1,5.6,114.1,Sarıyer,41.146388888888886,11.222302231455222,102.87769776854478
1975,2,4.5,106.1,Sarıyer,41.146388888888886,8.170738243244916,97.92926175675508
1975,3,9.8,88.0,Sarıyer,41.146388888888886,31.740694530798073,56.25930546920193
1975,4,13.2,33.3,Sarıyer,41.146388888888886,53.305956791494445,-20.005956791494448
1975,5,15.4,63.4,Sarıyer,41.146388888888886,75.26258149024495,-11.862581490244956
1975,6,20.6,52.2,Sarıyer,41.146388888888886,116.10877636196108,-63.908776361961074
1975,7,23.5,2.8,Sarıyer,41.146388888888886,142.66001686480655,-139.86001686480654
1975,8,22.5,164.8,Sarıyer,41.146388888888886,124.41996068522374,40.38003931477627
1975,9,20.5,2.4,Sarıyer,41.146388888888886,94.65411967259004,-92.25411967259004
1975,10,15.1,107.7,Sarıyer,41.146388888888886,55.47008817469264,52.22991182530736
1975,11,10.6,81.2,Sarıyer,41.146388888888886,28.515045697091626,52.68495430290838
1975,12,6.0,112.1,Sarıyer,41.146388888888886,12.057781286793592,100.04221871320641
1976,1,5.7,49.4,Sarıyer,41.146388888888886,13.954536550732978,35.445463449267024
1976,2,3.3,37.0,Sarıyer,41.146388888888886,6.73379105825209,30.26620894174791
1976,3,4.6,23.8,Sarıyer,41.146388888888886,13.08075229833953,10.719247701660471
1976,4,10.6,24.8,Sarıyer,41.146388888888886,43.41184842278056,-18.611848422780557
1976,5,13.7,7.8,Sarıyer,41.146388888888886,68.95757663131738,-61.15757663131738
1976,6,18.8,29.4,Sarıyer,41.146388888888886,106.18127328463473,-76.78127328463472
1976,7,22.2,59.2,Sarıyer,41.146388888888886,134.4158420884358,-75.21584208843579
1976,8,20.0,61.4,Sarıyer,41.146388888888886,108.64876748083279,-47.24876748083279
1976,9,18.2,56.2,Sarıyer,41.146388888888886,83.47829592667115,-27.27829592667115
1976,10,15.4,88.4,Sarıyer,41.146388888888886,61.16115240988566,27.238847590114347
1976,11,11.8,83.2,Sarıyer,41.146388888888886,36.93038493611479,46.26961506388521
1976,12,7.9,150.9,Sarıyer,41.146388888888886,20.973707616370998,129.926292383629
1977,1,6.2,73.2,Sarıyer,41.146388888888886,13.772747332907175,59.42725266709283
1977,2,10.0,17.2,Sarıyer,41.146388888888886,27.249852818722623,-10.049852818722623
1977,3,7.1,78.9,Sarıyer,41.146388888888886,20.855190494440244,58.04480950555976
1977,4,10.5,65.7,Sarıyer,41.146388888888886,39.55235526152823,26.147644738471776
1977,5,15.3,9.3,Sarıyer,41.146388888888886,76.172932589528,-66.872932589528
1977,6,19.6,50.7,Sarıyer,41.146388888888886,109.27792351895263,-58.57792351895263
1977,7,22.2,109.7,Sarıyer,41.146388888888886,132.24116651265047,-22.541166512650463
1977,8,23.1,7.3,Sarıyer,41.146388888888886,130.0482972168754,-122.7482972168754
1977,9,18.7,33.3,Sarıyer,41.146388888888886,83.91659612249778,-50.61659612249778
1977,10,12.6,46.1,Sarıyer,41.146388888888886,43.831579250286566,2.268420749713435
1977,11,13.0,112.3,Sarıyer,41.146388888888886,39.5040181304978,72.7959818695022
1977,12,6.4,123.1,Sarıyer,41.146388888888886,13.997352474650524,109.10264752534947
1978,1,5.1,191.1,Sarıyer,41.146388888888886,11.055837006579317,180.04416299342068
1978,2,7.0,85.5,Sarıyer,41.146388888888886,17.195215863170674,68.30478413682933
1978,3,7.8,74.7,Sarıyer,41.146388888888886,24.895462118987364,49.804537881012635
1978,4,10.7,96.8,Sarıyer,41.146388888888886,41.95937449649348,54.840625503506516
1978,5,15.4,32.9,Sarıyer,41.146388888888886,78.39511301565331,-45.49511301565331
1978,6,20.1,7.0,Sarıyer,41.146388888888886,114.42283876023956,-107.42283876023956
1978,7,21.6,10.4,Sarıyer,41.146388888888886,128.16106069292374,-117.76106069292373
1978,8,20.9,44.6,Sarıyer,41.146388888888886,113.78375781096915,-69.18375781096915
1978,9,18.1,98.5,Sarıyer,41.146388888888886,81.22751577156598,17.272484228434024
1978,10,15.3,151.1,Sarıyer,41.146388888888886,58.92848512718734,92.17151487281265
1978,11,10.4,72.8,Sarıyer,41.146388888888886,29.729087898821444,43.07091210117855
1978,12,8.1,126.0,Sarıyer,41.146388888888886,20.409837798610674,105.59016220138932
1979,1,6.2,128.7,Sarıyer,41.146388888888886,12.962819344970805,115.73718065502918
1979,2,6.6,59.2,Sarıyer,41.146388888888886,14.236457795868676,44.96354220413133
1979,3,9.8,12.6,Sarıyer,41.146388888888886,31.641921043071616,-19.041921043071618
1979,4,11.5,58.0,Sarıyer,41.146388888888886,43.46629545771705,14.533704542282948
1979,5,15.3,16.7,Sarıyer,41.146388888888886,74.41995397743601,-57.719953977436006
1979,6,21.0,22.0,Sarıyer,41.146388888888886,119.32657306956936,-97.32657306956936
1979,7,21.9,87.3,Sarıyer,41.146388888888886,128.6126358588656,-41.31263585886559
1979,8,22.4,110.4,Sarıyer,41.146388888888886,123.54329974877454,-13.143299748774538
1979,9,19.8,24.9,Sarıyer,41.146388888888886,89.88427697653255,-64.98427697653256
1979,10,15.0,86.6,Sarıyer,41.146388888888886,54.8352932215471,31.764706778452897
1979,11,11.9,152.6,Sarıyer,41.146388888888886,33.68120320345168,118.91879679654832
1979,12,8.6,166.3,Sarıyer,41.146388888888886,20.331779273130444,145.96822072686956
1980,1,3.7,158.5,Sarıyer,41.146388888888886,7.026739946904247,151.47326005309574
1980,2,4.4,101.3,Sarıyer,41.146388888888886,8.962656044543817,92.33734395545618
1980,3,5.8,143.5,Sarıyer,41.146388888888886,16.402467467548682,127.09753253245131
1980,4,9.9,46.3,Sarıyer,41.146388888888886,37.520749858459496,8.779250141540501
1980,5,15.1,53.4,Sarıyer,41.146388888888886,76.10955350905091,-22.709553509050913
1980,6,19.4,14.7,Sarıyer,41.146388888888886,108.78945642614937,-94.08945642614937
1980,7,21.7,33.3,Sarıyer,41.146388888888886,128.87606985629571,-95.57606985629572
1980,8,22.4,48.3,Sarıyer,41.146388888888886,125.18262597761515,-76.88262597761515
1980,9,18.1,41.4,Sarıyer,41.146388888888886,81.10039408469773,-39.70039408469773
1980,10,17.0,9.7,Sarıyer,41.146388888888886,68.08352282509954,-58.38352282509953
1980,11,12.5,164.5,Sarıyer,41.146388888888886,38.2579261206082,126.2420738793918
1980,12,8.6,143.1,Sarıyer,41.146388888888886,22.079074144743913,121.02092585525608
1981,1,5.1,255.3,Sarıyer,41.146388888888886,10.760875056227665,244.53912494377235
1981,2,5.2,135.7,Sarıyer,41.146388888888886,11.082447029533943,124.61755297046605
1981,3,8.1,126.4,Sarıyer,41.146388888888886,25.727237366124292,100.67276263387572
1981,4,10.5,16.0,Sarıyer,41.146388888888886,40.254609154306294,-24.254609154306294
1981,5,13.5,69.5,Sarıyer,41.146388888888886,64.57390580410454,4.926094195895459
1981,6,20.2,21.9,Sarıyer,41.146388888888886,114.6799379483802,-92.7799379483802
1981,7,21.2,66.6,Sarıyer,41.146388888888886,124.39832938802738,-57.79832938802738
1981,8,22.2,19.1,Sarıyer,41.146388888888886,123.33948041727729,-104.23948041727729
1981,9,19.2,77.9,Sarıyer,41.146388888888886,87.67755592764267,-9.777555927642666
1981,10,17.1,49.7,Sarıyer,41.146388888888886,68.26080125605354,-18.560801256053537
1981,11,9.2,121.4,Sarıyer,41.146388888888886,24.643912767508215,96.7560872324918
1981,12,10.1,255.7,Sarıyer,41.146388888888886,27.28548908324676,228.41451091675322
1982,1,5.5,121.1,Sarıyer,41.146388888888886,12.136123017153839,108.96387698284616
1982,2,3.5,36.7,Sarıyer,41.146388888888886,6.473904593054304,30.2260954069457
1982,3,5.5,61.9,Sarıyer,41.146388888888886,15.153562971611201,46.7464370283888
1982,4,9.3,94.5,Sarıyer,41.146388888888886,34.27264473061599,60.22735526938401
1982,5,13.6,46.3,Sarıyer,41.146388888888886,65.64682760458227,-19.346827604582273
1982,6,20.1,3.9,Sarıyer,41.146388888888886,114.18095140238268,-110.28095140238267
1982,7,20.8,60.2,Sarıyer,41.146388888888886,121.39417887806326,-61.194178878063255
1982,8,21.9,34.8,Sarıyer,41.146388888888886,121.22810668585075,-86.42810668585075
1982,9,21.4,3.6,Sarıyer,41.146388888888886,102.31250739230317,-98.71250739230318
1982,10,16.5,30.2,Sarıyer,41.146388888888886,65.20675709370582,-35.006757093705815
1982,11,10.9,52.0,Sarıyer,41.146388888888886,31.522993520918625,20.477006479081375
1982,12,9.9,153.4,Sarıyer,41.146388888888886,26.768866536291227,126.63113346370878
1983,1,4.9,116.4,Sarıyer,41.146388888888886,9.850939188197831,106.54906081180218
1983,2,5.3,116.6,Sarıyer,41.146388888888886,11.038783770369475,105.56121622963052
1983,3,7.9,11.3,Sarıyer,41.146388888888886,24.271372394163514,-12.971372394163513
1983,4,12.8,33.7,Sarıyer,41.146388888888886,52.421483138618676,-18.721483138618673
1983,5,17.1,20.7,Sarıyer,41.146388888888886,89.22691488756611,-68.52691488756611
1983,6,19.3,52.7,Sarıyer,41.146388888888886,106.89936421245926,-54.19936421245926
1983,7,22.6,38.2,Sarıyer,41.146388888888886,135.64007050405107,-97.44007050405106
1983,8,21.6,10.1,Sarıyer,41.146388888888886,118.19513007624565,-108.09513007624565
1983,9,19.5,34.2,Sarıyer,41.146388888888886,89.06534631381678,-54.86534631381677
1983,10,14.6,118.5,Sarıyer,41.146388888888886,54.047667748364965,64.45233225163503
1983,11,9.9,103.3,Sarıyer,41.146388888888886,26.80572527109368,76.49427472890632
1983,12,8.2,61.1,Sarıyer,41.146388888888886,19.911339172052084,41.18866082794791
1984,1,7.4,126.2,Sarıyer,41.146388888888886,17.80756598205793,108.39243401794207
1984,2,5.5,52.4,Sarıyer,41.146388888888886,11.714055287105637,40.68594471289436
1984,3,6.3,89.9,Sarıyer,41.146388888888886,17.69600370531773,72.20399629468227
1984,4,8.4,56.0,Sarıyer,41.146388888888886,28.92768828142516,27.07231171857484
1984,5,17.0,21.6,Sarıyer,41.146388888888886,88.65570940993189,-67.0557094099319
1984,6,19.5,31.9,Sarıyer,41.146388888888886,108.6255043020242,-76.7255043020242
1984,7,21.3,131.1,Sarıyer,41.146388888888886,124.79558045788988,6.304419542110111
1984,8,20.8,49.6,Sarıyer,41.146388888888886,112.13547354675173,-62.535473546751724
1984,9,20.8,0.0,Sarıyer,41.146388888888886,97.73773225688737,-97.73773225688737
1984,10,17.0,92.2,Sarıyer,41.146388888888886,67.24649445097131,24.95350554902869
1984,11,12.0,80.2,Sarıyer,41.146388888888886,35.366129841351146,44.83387015864886
1984,12,7.1,43.9,Sarıyer,41.146388888888886,16.312099353991893,27.587900646008105
1985,1,6.2,185.1,Sarıyer,41.146388888888886,14.341883362951453,170.75811663704854
1985,2,1.2,85.1,Sarıyer,41.146388888888886,1.4536101444967051,83.64638985550329
1985,3,4.9,28.2,Sarıyer,41.146388888888886,12.895934304009483,15.304065695990516
1985,4,11.8,29.2,Sarıyer,41.146388888888886,47.77162356408127,-18.571623564081268
1985,5,16.8,10.8,Sarıyer,41.146388888888886,88.15101393589147,-77.35101393589147
1985,6,19.8,15.7,Sarıyer,41.146388888888886,111.80705280880926,-96.10705280880926
1985,7,20.9,12.4,Sarıyer,41.146388888888886,122.20620579146227,-109.80620579146226
1985,8,22.9,0.1,Sarıyer,41.146388888888886,129.01803557137038,-128.91803557137038
1985,9,18.9,10.5,Sarıyer,41.146388888888886,86.02857931363455,-75.52857931363455
1985,10,13.8,283.5,Sarıyer,41.146388888888886,50.81524117840262,232.68475882159737
1985,11,12.2,141.1,Sarıyer,41.146388888888886,36.886154996006404,104.21384500399358
1985,12,8.6,71.8,Sarıyer,41.146388888888886,21.99312049533191,49.80687950466809
1986,1,7.5,163.6,Sarıyer,41.146388888888886,18.034666584469615,145.56533341553038
1986,2,5.9,120.8,Sarıyer,41.146388888888886,12.843362501381819,107.95663749861818
1986,3,5.5,19.8,Sarıyer,41.146388888888886,14.479552423855525,5.320447576144476
1986,4,11.2,40.0,Sarıyer,41.146388888888886,43.319483455980595,-3.3194834559805955
1986,5,14.4,4.3,Sarıyer,41.146388888888886,69.83524410052739,-65.5352441005274
1986,6,21.1,45.4,Sarıyer,41.146388888888886,121.33863076332028,-75.93863076332028
1986,7,22.4,7.5,Sarıyer,41.146388888888886,133.91577520253227,-126.41577520253227
1986,8,23.9,0.3,Sarıyer,41.146388888888886,136.48762628759056,-136.18762628759055
1986,9,20.3,13.9,Sarıyer,41.146388888888886,94.2888571521342,-80.3888571521342
1986,10,14.7,94.8,Sarıyer,41.146388888888886,54.54912172484775,40.250878275152246
1986,11,9.2,79.3,Sarıyer,41.146388888888886,24.128954182504664,55.17104581749533
1986,12,6.3,90.7,Sarıyer,41.146388888888886,13.667885229658523,77.03211477034148
1987,1,5.3,148.3,Sarıyer,41.146388888888886,12.11040343909915,136.18959656090087
1987,2,6.0,29.3,Sarıyer,41.146388888888886,14.375554016867005,14.924445983132996
1987,3,3.4,137.7,Sarıyer,41.146388888888886,8.2508691357739,129.44913086422608
1987,4,9.5,36.1,Sarıyer,41.146388888888886,36.44374278122663,-0.3437427812266307
1987,5,14.7,16.0,Sarıyer,41.146388888888886,74.5304604652031,-58.530460465203106
1987,6,19.6,59.1,Sarıyer,41.146388888888886,111.30376981767122,-52.20376981767122
1987,7,22.7,108.3,Sarıyer,41.146388888888886,137.84570246954362,-29.545702469543627
1987,8,21.2,136.0,Sarıyer,41.146388888888886,116.69673854052172,19.30326145947828
1987,9,19.7,2.3,Sarıyer,41.146388888888886,92.02125654254614,-89.72125654254614
1987,10,14.2,111.2,Sarıyer,41.146388888888886,53.924726636828225,57.27527336317178
1987,11,11.8,106.9,Sarıyer,41.146388888888886,36.10823184849027,70.79176815150973
1987,12,6.7,154.8,Sarıyer,41.146388888888886,16.198752891940476,138.60124710805954
1988,1,7.0,23.4,Sarıyer,41.146388888888886,16.41818492133645,6.981815078663548
1988,2,6.0,37.4,Sarıyer,41.146388888888886,13.218022837623865,24.181977162376135
1988,3,8.4,51.9,Sarıyer,41.146388888888886,26.56108432243454,25.33891567756546
1988,4,9.9,44.4,Sarıyer,41.146388888888886,36.45740687790838,7.9425931220916155
1988,5,14.8,31.9,Sarıyer,41.146388888888886,72.75296482041772,-40.85296482041772
1988,6,20.4,21.4,Sarıyer,41.146388888888886,115.75026757912848,-94.35026757912848
1988,7,24.0,20.4,Sarıyer,41.146388888888886,147.79252992349265,-127.39252992349265
1988,8,23.7,1.5,Sarıyer,41.146388888888886,134.9188841340869,-133.4188841340869
1988,9,19.6,42.9,Sarıyer,41.146388888888886,89.78471720009789,-46.88471720009789
1988,10,14.5,76.9,Sarıyer,41.146388888888886,53.6017681989391,23.298231801060908
1988,11,7.2,226.2,Sarıyer,41.146388888888886,17.092455967946133,209.10754403205385
1988,12,6.6,182.3,Sarıyer,41.146388888888886,14.669970290803274,167.63002970919675
1989,1,4.1,36.2,Sarıyer,41.146388888888886,7.601711393467474,28.598288606532527
1989,2,6.4,14.7,Sarıyer,41.146388888888886,14.375987348946733,0.32401265105326615
1989,3,8.8,34.9,Sarıyer,41.146388888888886,28.206091558198157,6.693908441801842
1989,4,13.8,11.8,Sarıyer,41.146388888888886,58.22985110333899,-46.42985110333899
1989,5,15.4,65.1,Sarıyer,41.146388888888886,76.74853979615611,-11.648539796156115
1989,6,19.0,54.5,Sarıyer,41.146388888888886,104.43579140102605,-49.93579140102605
1989,7,22.4,5.4,Sarıyer,41.146388888888886,133.8632240674067,-128.46322406740668
1989,8,23.2,8.3,Sarıyer,41.146388888888886,130.78987458380806,-122.48987458380806
1989,9,19.7,25.5,Sarıyer,41.146388888888886,90.28540830694692,-64.78540830694692
1989,10,14.5,121.8,Sarıyer,41.146388888888886,53.424410588871986,68.375589411128
1989,11,9.4,112.2,Sarıyer,41.146388888888886,24.82301667809818,87.37698332190182
1989,12,7.0,83.8,Sarıyer,41.146388888888886,15.834120194821462,67.96587980517853
1990,1,4.3,41.8,Sarıyer,41.146388888888886,7.820903681001718,33.97909631899828
1990,2,6.3,37.7,Sarıyer,41.146388888888886,13.624122263309053,24.07587773669095
1990,3,8.4,39.1,Sarıyer,41.146388888888886,25.742401360404376,13.357598639595626
1990,4,12.5,43.6,Sarıyer,41.146388888888886,49.74025983284342,-6.1402598328434195
1990,5,14.1,49.8,Sarıyer,41.146388888888886,66.74447590345179,-16.94447590345179
1990,6,19.9,78.4,Sarıyer,41.146388888888886,110.84029735153712,-32.44029735153711
1990,7,22.6,5.6,Sarıyer,41.146388888888886,135.06523735154786,-129.46523735154787
1990,8,22.6,56.2,Sarıyer,41.146388888888886,125.52334422135546,-69.32334422135546
1990,9,18.4,107.0,Sarıyer,41.146388888888886,81.24430237122314,25.755697628776858
1990,10,15.5,73.2,Sarıyer,41.146388888888886,58.06172821669753,15.138271783302471
1990,11,13.9,127.6,Sarıyer,41.146388888888886,42.75031712387971,84.84968287612028
1990,12,8.8,145.8,Sarıyer,41.146388888888886,21.422287528779503,124.3777124712205
1991,1,5.7,49.6,Sarıyer,41.146388888888886,13.106556654698174,36.49344334530183
1991,2,4.3,54.6,Sarıyer,41.146388888888886,8.908391265103312,45.69160873489669
1991,3,5.0,38.6,Sarıyer,41.146388888888886,13.66240190418053,24.93759809581947
1991,4,9.7,107.9,Sarıyer,41.146388888888886,36.99942087386339,70.90057912613662
1991,5,14.9,100.4,Sarıyer,41.146388888888886,75.33585178807992,25.064148211920084
1991,6,19.5,28.0,Sarıyer,41.146388888888886,110.0685839247995,-82.0685839247995
1991,7,22.7,74.9,Sarıyer,41.146388888888886,137.5434558275721,-62.6434558275721
1991,8,23.4,16.1,Sarıyer,41.146388888888886,133.28840437362987,-117.18840437362988
1991,9,19.0,151.1,Sarıyer,41.146388888888886,87.19349722065802,63.90650277934198
1991,10,15.6,150.4,Sarıyer,41.146388888888886,60.87418561769305,89.52581438230695
1991,11,11.2,62.4,Sarıyer,41.146388888888886,33.24442308091106,29.155576919088936
1991,12,4.1,143.0,Sarıyer,41.146388888888886,8.086533995810612,134.9134660041894
1992,1,4.5,14.9,Sarıyer,41.146388888888886,9.091430133608958,5.808569866391043
1992,2,3.3,44.7,Sarıyer,41.146388888888886,5.901797436151561,38.79820256384844
1992,3,7.0,101.8,Sarıyer,41.146388888888886,21.073201899111073,80.72679810088893
1992,4,11.6,37.5,Sarıyer,41.146388888888886,46.45500803221205,-8.95500803221205
1992,5,13.0,24.5,Sarıyer,41.146388888888886,61.41952933999283,-36.91952933999283
1992,6,20.5,66.7,Sarıyer,41.146388888888886,117.2056285111746,-50.50562851117459
1992,7,21.0,56.9,Sarıyer,41.146388888888886,122.87498988437636,-65.97498988437636
1992,8,24.1,16.4,Sarıyer,41.146388888888886,138.47413897172612,-122.07413897172611
1992,9,19.4,9.1,Sarıyer,41.146388888888886,89.07888817771301,-79.97888817771302
1992,10,17.8,84.0,Sarıyer,41.146388888888886,72.33586184745992,11.664138152540076
1992,11,10.6,87.0,Sarıyer,41.146388888888886,30.17921574315754,56.82078425684246
1992,12,5.2,116.0,Sarıyer,41.146388888888886,10.813187331979947,105.18681266802005
1993,1,4.3,61.1,Sarıyer,41.146388888888886,8.580191427921005,52.519808572079
1993,2,2.8,73.2,Sarıyer,41.146388888888886,4.722516003090218,68.47748399690978
1993,3,6.3,40.1,Sarıyer,41.146388888888886,18.266289781079124,21.833710218920878
1993,4,10.6,16.1,Sarıyer,41.146388888888886,41.06655887134544,-24.96655887134544
1993,5,14.7,46.9,Sarıyer,41.146388888888886,73.0907770855253,-26.190777085525305
1993,6,20.7,17.5,Sarıyer,41.146388888888886,118.90752206387651,-101.40752206387651
1993,7,21.4,23.9,Sarıyer,41.146388888888886,126.25497697446322,-102.35497697446323
1993,8,22.6,17.3,Sarıyer,41.146388888888886,126.6281300599663,-109.3281300599663
1993,9,19.2,44.3,Sarıyer,41.146388888888886,87.88884954452982,-43.58884954452982
1993,10,17.2,19.0,Sarıyer,41.146388888888886,69.0421798922328,-50.042179892232795
1993,11,9.5,153.5,Sarıyer,41.146388888888886,25.972305003683854,127.52769499631614
1993,12,9.0,76.2,Sarıyer,41.146388888888886,23.389220133471742,52.810779866528264
1994,1,7.5,42.6,Sarıyer,41.146388888888886,15.676420189725489,26.92357981027451
1994,2,5.1,34.5,Sarıyer,41.146388888888886,8.695988333337459,25.80401166666254
1994,3,8.2,25.0,Sarıyer,41.146388888888886,22.44476511334987,2.5552348866501298
1994,4,13.1,33.4,Sarıyer,41.146388888888886,50.04041847968206,-16.64041847968206
1994,5,16.8,49.6,Sarıyer,41.146388888888886,82.60436705416743,-33.004367054167425
1994,6,19.9,88.5,Sarıyer,41.146388888888886,108.0132628114665,-19.513262811466504
1994,7,23.4,16.7,Sarıyer,41.146388888888886,140.36277472796016,-123.66277472796016
1994,8,23.9,56.7,Sarıyer,41.146388888888886,134.7457304990992,-78.04573049909921
1994,9,23.0,1.1,Sarıyer,41.146388888888886,110.73068879496827,-109.63068879496828
1994,10,18.0,113.0,Sarıyer,41.146388888888886,69.64972583802854,43.350274161971456
1994,11,10.0,121.1,Sarıyer,41.146388888888886,24.375841580145114,96.72415841985489
1994,12,6.4,131.8,Sarıyer,41.146388888888886,11.940233996994072,119.85976600300594
1995,1,6.1,152.6,Sarıyer,41.146388888888886,12.773041617293588,139.8269583827064
1995,2,7.6,52.4,Sarıyer,41.146388888888886,17.638547817575937,34.761452182424065
1995,3,8.7,81.0,Sarıyer,41.146388888888886,26.76378835324503,54.23621164675497
1995,4,11.1,42.8,Sarıyer,41.146388888888886,41.494197076517246,1.3058029234827515
1995,5,16.0,12.4,Sarıyer,41.146388888888886,79.70990739240167,-67.30990739240167
1995,6,21.5,23.4,Sarıyer,41.146388888888886,123.67785828635027,-100.27785828635027
1995,7,23.1,110.9,Sarıyer,41.146388888888886,139.1897172510385,-28.289717251038496
1995,8,23.1,23.2,Sarıyer,41.146388888888886,129.35644384276512,-106.15644384276511
1995,9,20.0,70.2,Sarıyer,41.146388888888886,91.38156483590174,-21.18156483590174
1995,10,14.5,28.5,Sarıyer,41.146388888888886,52.37692541820126,-23.87692541820126
1995,11,8.3,113.2,Sarıyer,41.146388888888886,20.017375058427376,93.18262494157263
1995,12,7.8,68.0,Sarıyer,41.146388888888886,17.757060042215706,50.242939957784294
1996,1,4.1,68.5,Sarıyer,41.146388888888886,8.040561694462971,60.45943830553703
1996,2,4.7,135.8,Sarıyer,41.146388888888886,9.750870314955073,126.04912968504493
1996,3,3.7,112.0,Sarıyer,41.146388888888886,8.699186146370945,103.30081385362905
1996,4,8.4,69.3,Sarıyer,41.146388888888886,29.70166973498252,39.59833026501748
1996,5,17.2,53.7,Sarıyer,41.146388888888886,91.057170511955,-37.35717051195499
1996,6,19.9,6.6,Sarıyer,41.146388888888886,112.56579602983898,-105.96579602983898
1996,7,22.7,0.1,Sarıyer,41.146388888888886,137.11637753260507,-137.01637753260508
1996,8,23.0,28.9,Sarıyer,41.146388888888886,129.7869309252756,-100.8869309252756
1996,9,18.7,93.5,Sarıyer,41.146388888888886,84.73388848511073,8.766111514889275
1996,10,13.9,63.7,Sarıyer,41.146388888888886,51.29981592844734,12.400184071552665
1996,11,11.9,52.5,Sarıyer,41.146388888888886,35.601129929200184,16.898870070799816
1996,12,9.6,148.1,Sarıyer,41.146388888888886,25.618057618417716,122.48194238158229
1997,1,6.2,43.5,Sarıyer,41.146388888888886,14.719189975959178,28.78081002404082
1997,2,5.2,51.2,Sarıyer,41.146388888888886,11.577183182611307,39.622816817388696
1997,3,5.5,60.0,Sarıyer,41.146388888888886,15.58284683562977,44.417153164370234
1997,4,8.6,109.6,Sarıyer,41.146388888888886,31.35067993138589,78.24932006861411
1997,5,16.1,20.7,Sarıyer,41.146388888888886,83.82556576297732,-63.12556576297732
1997,6,20.2,45.0,Sarıyer,41.146388888888886,115.55315049656379,-70.55315049656379
1997,7,23.1,85.0,Sarıyer,41.146388888888886,140.89646147914644,-55.89646147914644
1997,8,21.4,194.9,Sarıyer,41.146388888888886,117.85532998466962,77.04467001533038
1997,9,17.3,9.0,Sarıyer,41.146388888888886,76.63524299469603,-67.63524299469603
1997,10,14.3,232.7,Sarıyer,41.146388888888886,54.002050660032516,178.69794933996747
1997,11,11.5,28.8,Sarıyer,41.146388888888886,34.48137613764157,-5.681376137641568
1997,12,8.2,157.1,Sarıyer,41.146388888888886,21.016193630445493,136.0838063695545
1998,1,6.1,70.3,Sarıyer,41.146388888888886,11.890604336225886,58.40939566377411
1998,2,5.5,55.6,Sarıyer,41.146388888888886,10.195637345858312,45.40436265414169
1998,3,5.9,130.7,Sarıyer,41.146388888888886,14.119847863801684,116.58015213619831
1998,4,14.2,27.4,Sarıyer,41.146388888888886,57.62066840622893,-30.22066840622893
1998,5,15.4,93.1,Sarıyer,41.146388888888886,73.39034900851732,19.709650991482675
1998,6,21.5,38.5,Sarıyer,41.146388888888886,122.3541836527837,-83.8541836527837
1998,7,23.2,28.2,Sarıyer,41.146388888888886,139.080154659618,-110.88015465961799
1998,8,24.6,0.2,Sarıyer,41.146388888888886,141.181699192647,-140.981699192647
1998,9,20.3,39.7,Sarıyer,41.146388888888886,92.13168825415187,-52.431688254151865
1998,10,16.8,128.1,Sarıyer,41.146388888888886,63.46360948872818,64.63639051127181
1998,11,11.7,78.7,Sarıyer,41.146388888888886,31.723681806122716,46.97631819387729
1998,12,6.6,143.4,Sarıyer,41.146388888888886,13.006156645548128,130.3938433544519
1999,1,6.7,52.3,Sarıyer,41.146388888888886,12.903009238063882,39.39699076193612
1999,2,6.5,129.4,Sarıyer,41.146388888888886,12.338053832952601,117.06194616704741
1999,3,8.8,64.8,Sarıyer,41.146388888888886,24.579678773092187,40.220321226907814
1999,4,13.6,24.9,Sarıyer,41.146388888888886,52.43890984934516,-27.53890984934516
1999,5,16.3,8.5,Sarıyer,41.146388888888886,78.25157822436952,-69.75157822436952
1999,6,21.1,85.7,Sarıyer,41.146388888888886,117.71869344808762,-32.01869344808762
1999,7,24.3,67.0,Sarıyer,41.146388888888886,148.4968063824149,-81.49680638241489
1999,8,23.9,82.1,Sarıyer,41.146388888888886,134.50239898988045,-52.40239898988045
1999,9,20.1,42.7,Sarıyer,41.146388888888886,89.64753572408667,-46.94753572408666
1999,10,16.0,44.2,Sarıyer,41.146388888888886,57.67091005834845,-13.470910058348444
1999,11,11.3,127.6,Sarıyer,41.146388888888886,29.006060738015194,98.5939392619848
1999,12,10.5,126.2,Sarıyer,41.146388888888886,25.141447205259336,101.05855279474066
2000,1,3.1,125.9,Sarıyer,41.146388888888886,4.436718113904061,121.46328188609594
2000,2,6.3,95.7,Sarıyer,41.146388888888886,12.797133865920852,82.90286613407915
2000,3,7.7,86.4,Sarıyer,41.146388888888886,21.503812444018422,64.89618755598158
2000,4,13.4,79.5,Sarıyer,41.146388888888886,53.378914116106245,26.121085883893755
2000,5,15.6,39.2,Sarıyer,41.146388888888886,75.469895433833,-36.269895433833
2000,6,19.6,27.3,Sarıyer,41.146388888888886,106.96255595395492,-79.66255595395492
2000,7,23.9,7.4,Sarıyer,41.146388888888886,145.71542175233162,-138.31542175233162
2000,8,23.2,39.4,Sarıyer,41.146388888888886,129.5512540345891,-90.1512540345891
2000,9,20.3,142.2,Sarıyer,41.146388888888886,92.53632840528361,49.66367159471638
2000,10,15.2,86.6,Sarıyer,41.146388888888886,55.07063529465016,31.529364705349835
2000,11,13.3,45.4,Sarıyer,41.146388888888886,38.90572318769805,6.494276812301948
2000,12,9.4,93.8,Sarıyer,41.146388888888886,22.5235692520261,71.2764307479739
2001,1,8.2,56.3,Sarıyer,41.146388888888886,17.24920783704119,39.05079216295881
2001,2,7.6,87.5,Sarıyer,41.146388888888886,15.344619046717535,72.15538095328246
2001,3,12.5,44.8,Sarıyer,41.146388888888886,41.723850766352044,3.0761492336479535
2001,4,12.7,66.2,Sarıyer,41.146388888888886,46.49088570271667,19.709114297283335
2001,5,15.8,21.3,Sarıyer,41.146388888888886,73.81261194286603,-52.51261194286603
2001,6,20.6,8.2,Sarıyer,41.146388888888886,112.85393387586964,-104.65393387586964
2001,7,25.1,9.2,Sarıyer,41.146388888888886,155.94216595992555,-146.74216595992556
2001,8,24.6,95.3,Sarıyer,41.146388888888886,140.42299823122403,-45.12299823122403
2001,9,21.1,68.8,Sarıyer,41.146388888888886,96.20883090472242,-27.40883090472242
2001,10,16.7,20.7,Sarıyer,41.146388888888886,61.070276218722285,-40.37027621872228
2001,11,10.7,166.4,Sarıyer,41.146388888888886,26.190016468808192,140.20998353119182
2001,12,4.6,337.8,Sarıyer,41.146388888888886,6.767097468474494,331.0329025315255
2002,1,4.5,84.4,Sarıyer,41.146388888888886,7.664649616876916,76.73535038312309
2002,2,8.4,48.7,Sarıyer,41.146388888888886,19.537096030950067,29.162903969049935
2002,3,9.1,79.6,Sarıyer,41.146388888888886,27.43720865560042,52.16279134439958
2002,4,9.5,43.0,Sarıyer,41.146388888888886,31.801883865828728,11.198116134171272
2002,5,15.4,19.8,Sarıyer,41.146388888888886,73.82851155380649,-54.028511553806496
2002,6,21.0,56.6,Sarıyer,41.146388888888886,118.40463859981364,-61.804638599813636
2002,7,25.2,39.0,Sarıyer,41.146388888888886,157.63702691861351,-118.63702691861351
2002,8,23.4,120.0,Sarıyer,41.146388888888886,131.13002457022372,-11.130024570223725
2002,9,19.9,133.4,Sarıyer,41.146388888888886,89.69811489217926,43.70188510782074
2002,10,16.0,34.0,Sarıyer,41.146388888888886,59.294407245999636,-25.294407245999636
2002,11,12.6,97.6,Sarıyer,41.146388888888886,35.75879948273992,61.84120051726008
2002,12,6.2,82.5,Sarıyer,41.146388888888886,12.024365067656918,70.47563493234308
2003,1,7.5,65.9,Sarıyer,41.146388888888886,17.868327957608567,48.031672042391435
2003,2,2.3,154.2,Sarıyer,41.146388888888886,3.299173219336895,150.9008267806631
2003,3,3.9,42.0,Sarıyer,41.146388888888886,8.751738545867312,33.24826145413269
2003,4,8.2,77.6,Sarıyer,41.146388888888886,27.551672503658832,50.04832749634116
2003,5,16.5,2.3,Sarıyer,41.146388888888886,84.47244473412229,-82.1724447341223
2003,6,21.2,1.9,Sarıyer,41.146388888888886,121.94795902435982,-120.04795902435981
2003,7,23.5,5.7,Sarıyer,41.146388888888886,143.23597670661704,-137.53597670661705
2003,8,24.3,5.1,Sarıyer,41.146388888888886,139.64930646917796,-134.54930646917796
2003,9,19.1,51.7,Sarıyer,41.146388888888886,86.23924172066046,-34.539241720660456
2003,10,16.1,139.1,Sarıyer,41.146388888888886,61.86220047989717,77.23779952010283
2003,11,10.6,59.2,Sarıyer,41.146388888888886,29.322173014619892,29.87782698538011
2003,12,7.3,111.3,Sarıyer,41.146388888888886,16.69905105323205,94.60094894676794
2004,1,5.0,151.4,Sarıyer,41.146388888888886,9.45645787921202,141.94354212078798
2004,2,6.1,59.7,Sarıyer,41.146388888888886,12.68069923469258,47.01930076530742
2004,3,8.4,73.2,Sarıyer,41.146388888888886,25.241368649642386,47.95863135035762
2004,4,11.9,18.7,Sarıyer,41.146388888888886,45.68826476086313,-26.988264760863128
2004,5,15.6,28.5,Sarıyer,41.146388888888886,76.55563349559337,-48.05563349559337
2004,6,19.9,72.5,Sarıyer,41.146388888888886,110.2787473775551,-37.778747377555106
2004,7,22.0,18.4,Sarıyer,41.146388888888886,129.4668471788111,-111.06684717881109
2004,8,22.6,178.9,Sarıyer,41.146388888888886,125.15622622188664,53.743773778113365
2004,9,20.3,12.8,Sarıyer,41.146388888888886,93.22043140054578,-80.42043140054578
2004,10,16.8,126.2,Sarıyer,41.146388888888886,64.72503638936077,61.474963610639236
2004,11,11.8,106.7,Sarıyer,41.146388888888886,33.26065790574474,73.43934209425527
2004,12,8.7,53.9,Sarıyer,41.146388888888886,20.67295430088396,33.22704569911604
2005,1,6.7,145.8,Sarıyer,41.146388888888886,14.564251441180087,131.23574855881992
2005,2,5.8,164.0,Sarıyer,41.146388888888886,11.820639002347017,152.179360997653
2005,3,7.0,62.6,Sarıyer,41.146388888888886,19.388145022215777,43.21185497778423
2005,4,11.9,39.2,Sarıyer,41.146388888888886,45.776183066345055,-6.5761830663450525
2005,5,15.3,11.0,Sarıyer,41.146388888888886,74.50831192926437,-63.508311929264366
2005,6,19.5,19.8,Sarıyer,41.146388888888886,107.12887907898327,-87.32887907898328
2005,7,23.3,44.2,Sarıyer,41.146388888888886,140.86978285458858,-96.66978285458858
2005,8,24.5,17.4,Sarıyer,41.146388888888886,140.8921331459713,-123.49213314597128
2005,9,20.6,103.6,Sarıyer,41.146388888888886,95.30458088393091,8.295419116069084
2005,10,14.8,68.4,Sarıyer,41.146388888888886,53.835705805031786,14.56429419496822
2005,11,10.0,213.0,Sarıyer,41.146388888888886,26.162417720485657,186.83758227951435
2005,12,8.5,141.6,Sarıyer,41.146388888888886,20.03507976875077,121.56492023124923
2006,1,4.1,134.0,Sarıyer,41.146388888888886,7.022296743708488,126.9777032562915
2006,2,4.8,118.0,Sarıyer,41.146388888888886,8.870161267867147,109.12983873213285
2006,3,8.6,91.8,Sarıyer,41.146388888888886,26.015876277296705,65.7841237227033
2006,4,11.1,19.2,Sarıyer,41.146388888888886,41.125964307330044,-21.925964307330045
2006,5,16.1,5.4,Sarıyer,41.146388888888886,80.0229349768949,-74.6229349768949
2006,6,20.6,21.4,Sarıyer,41.146388888888886,115.89099782729305,-94.49099782729306
2006,7,22.9,0.0,Sarıyer,41.146388888888886,137.21450244303915,-137.21450244303915
2006,8,24.8,10.8,Sarıyer,41.146388888888886,143.35162396756516,-132.55162396756515
2006,9,19.8,183.2,Sarıyer,41.146388888888886,89.77529847992129,93.4247015200787
2006,10,16.6,120.8,Sarıyer,41.146388888888886,63.48595589401651,57.314044105983484
2006,11,10.0,187.2,Sarıyer,41.146388888888886,26.00569792253746,161.19430207746254
2006,12,7.8,22.2,Sarıyer,41.146388888888886,17.536993317188895,4.663006682811105
2007,1,8.5,33.6,Sarıyer,41.146388888888886,18.602030556753206,14.997969443246795
2007,2,7.3,17.8,Sarıyer,41.146388888888886,14.721067886102828,3.0789321138971726
2007,3,8.7,36.0,Sarıyer,41.146388888888886,24.080684271733528,11.919315728266472
2007,4,10.3,19.8,Sarıyer,41.146388888888886,34.01061556594583,-14.210615565945826
2007,5,17.3,44.2,Sarıyer,41.146388888888886,85.71993109752573,-41.51993109752573
2007,6,22.9,28.0,Sarıyer,41.146388888888886,133.58486274146753,-105.58486274146753
2007,7,24.3,7.6,Sarıyer,41.146388888888886,148.46034692718675,-140.86034692718675
2007,8,24.9,22.0,Sarıyer,41.146388888888886,143.29456298050349,-121.29456298050349
2007,9,20.1,24.8,Sarıyer,41.146388888888886,89.58318352238055,-64.78318352238055
2007,10,16.6,108.6,Sarıyer,41.146388888888886,60.982967096917186,47.61703290308281
2007,11,10.4,157.4,Sarıyer,41.146388888888886,25.445984617165887,131.95401538283411
2007,12,6.6,96.6,Sarıyer,41.146388888888886,12.202897753135987,84.39710224686401
2008,1,4.0,63.2,Sarıyer,41.146388888888886,5.7576861983859375,57.44231380161406
2008,2,5.6,63.0,Sarıyer,41.146388888888886,9.73170843979697,53.26829156020303
2008,3,11.2,92.2,Sarıyer,41.146388888888886,35.58729828355841,56.61270171644159
2008,4,14.5,14.0,Sarıyer,41.146388888888886,57.76687974791858,-43.76687974791858
2008,5,16.4,4.0,Sarıyer,41.146388888888886,78.83811349083524,-74.83811349083524
2008,6,21.5,20.0,Sarıyer,41.146388888888886,121.08480076811466,-101.08480076811466
2008,7,23.2,58.4,Sarıyer,41.146388888888886,138.13084237820786,-79.73084237820785
2008,8,24.5,27.2,Sarıyer,41.146388888888886,139.71819740696034,-112.51819740696034
2008,9,20.0,159.2,Sarıyer,41.146388888888886,88.85097769290996,70.34902230709002
2008,10,16.2,131.0,Sarıyer,41.146388888888886,58.670716254761814,72.32928374523819
2008,11,12.7,143.2,Sarıyer,41.146388888888886,34.653905527305234,108.54609447269476
2008,12,8.6,111.0,Sarıyer,41.146388888888886,18.368014016195513,92.63198598380448
2009,1,6.9,116.8,Sarıyer,41.146388888888886,13.774649377742294,103.0253506222577
2009,2,6.7,227.0,Sarıyer,41.146388888888886,13.195391740383513,213.8046082596165
2009,3,7.7,137.2,Sarıyer,41.146388888888886,20.353182630468712,116.84681736953128
2009,4,10.1,30.8,Sarıyer,41.146388888888886,33.546042817728086,-2.7460428177280853
2009,5,16.6,10.0,Sarıyer,41.146388888888886,81.05945531973519,-71.05945531973519
2009,6,21.9,0.2,Sarıyer,41.146388888888886,125.07473356773772,-124.87473356773772
2009,7,24.2,31.8,Sarıyer,41.146388888888886,147.77290689336485,-115.97290689336485
2009,8,23.4,25.6,Sarıyer,41.146388888888886,130.42758275913414,-104.82758275913415
2009,9,19.9,157.8,Sarıyer,41.146388888888886,88.65452265534527,69.14547734465474
2009,10,17.5,71.8,Sarıyer,41.146388888888886,66.67421212221134,5.125787877788653
2009,11,12.0,131.0,Sarıyer,41.146388888888886,32.212478252497824,98.78752174750218
2009,12,9.9,187.2,Sarıyer,41.146388888888886,23.286878345683025,163.91312165431697
2010,1,6.4,168.2,Sarıyer,41.146388888888886,11.066796562908996,157.133203437091
2010,2,7.8,93.4,Sarıyer,41.146388888888886,15.241582820440412,78.15841717955959
2010,3,7.8,54.8,Sarıyer,41.146388888888886,18.989697898695113,35.810302101304885
2010,4,11.3,32.0,Sarıyer,41.146388888888886,37.444106225166976,-5.444106225166976
2010,5,17.6,13.6,Sarıyer,41.146388888888886,86.02126014060737,-72.42126014060737
2010,6,21.3,160.2,Sarıyer,41.146388888888886,117.88332062959716,42.316679370402824
2010,7,24.2,52.8,Sarıyer,41.146388888888886,146.68898922490004,-93.88898922490004
2010,8,26.7,1.6,Sarıyer,41.146388888888886,159.65738511366533,-158.05738511366533
2010,9,21.2,114.6,Sarıyer,41.146388888888886,96.0573105686987,18.542689431301298
2010,10,14.7,255.2,Sarıyer,41.146388888888886,48.85533504639236,206.34466495360763
2010,11,15.2,35.6,Sarıyer,41.146388888888886,44.442358540907684,-8.842358540907682
2010,12,10.2,144.0,Sarıyer,41.146388888888886,22.73576583802351,121.26423416197649
2011,1,5.5,88.8,Sarıyer,41.146388888888886,11.46118654197769,77.3388134580223
2011,2,5.2,43.2,Sarıyer,41.146388888888886,10.600170849442978,32.59982915055703
2011,3,7.2,43.6,Sarıyer,41.146388888888886,21.041349372434077,22.558650627565925
2011,4,9.0,80.0,Sarıyer,41.146388888888886,31.473406999662977,48.52659300033702
2011,5,14.6,26.2,Sarıyer,41.146388888888886,70.89990155920962,-44.69990155920962
2011,6,20.7,17.8,Sarıyer,41.146388888888886,117.84901438379862,-100.04901438379862
2011,7,24.3,31.0,Sarıyer,41.146388888888886,150.2630590167242,-119.26305901672421
2011,8,23.0,15.4,Sarıyer,41.146388888888886,129.07968789622498,-113.67968789622498
2011,9,21.7,19.8,Sarıyer,41.146388888888886,103.51731453358408,-83.71731453358409
2011,10,14.2,114.8,Sarıyer,41.146388888888886,51.68227638978004,63.117723610219954
2011,11,8.7,25.4,Sarıyer,41.146388888888886,22.098602829593155,3.301397170406844
2011,12,8.5,109.4,Sarıyer,41.146388888888886,20.75949194576778,88.64050805423223
2012,1,4.1,111.6,Sarıyer,41.146388888888886,5.597226175410523,106.00277382458947
2012,2,2.7,109.0,Sarıyer,41.146388888888886,2.8884489181201958,106.11155108187981
2012,3,6.2,52.2,Sarıyer,41.146388888888886,13.48289482094829,38.717105179051714
2012,4,14.1,92.2,Sarıyer,41.146388888888886,54.06427643019882,38.135723569801186
2012,5,16.4,64.8,Sarıyer,41.146388888888886,77.47625144033793,-12.676251440337936
2012,6,22.3,20.0,Sarıyer,41.146388888888886,127.32246315944539,-107.32246315944539
2012,7,25.7,0.0,Sarıyer,41.146388888888886,161.69147974503468,-161.69147974503468
2012,8,24.6,62.4,Sarıyer,41.146388888888886,140.17883962526705,-77.77883962526704
2012,9,21.4,15.4,Sarıyer,41.146388888888886,97.91302997566889,-82.51302997566889
2012,10,19.0,169.2,Sarıyer,41.146388888888886,74.2465952183313,94.9534047816687
2012,11,14.2,117.0,Sarıyer,41.146388888888886,40.29770180850613,76.70229819149387
2012,12,7.4,224.0,Sarıyer,41.146388888888886,13.89455388509951,210.1054461149005
2013,1,6.5,91.6,Sarıyer,41.146388888888886,12.322231639393545,79.27776836060644
2013,2,7.3,66.8,Sarıyer,41.146388888888886,14.781012427290287,52.01898757270971
2013,3,9.7,66.8,Sarıyer,41.146388888888886,28.600559669901234,38.19944033009877
2013,4,12.8,31.4,Sarıyer,41.146388888888886,47.760104450558806,-16.360104450558808
2013,5,18.6,35.8,Sarıyer,41.146388888888886,96.03031677534857,-60.23031677534857
2013,6,21.2,42.4,Sarıyer,41.146388888888886,118.60183640772915,-76.20183640772916
2013,7,23.4,6.6,Sarıyer,41.146388888888886,140.0750467996104,-133.4750467996104
2013,8,24.9,11.2,Sarıyer,41.146388888888886,143.32778405763645,-132.12778405763646
2013,9,20.5,19.6,Sarıyer,41.146388888888886,92.44233093049208,-72.84233093049207
2013,10,14.1,85.2,Sarıyer,41.146388888888886,47.432397590131856,37.76760240986815
2013,11,12.9,42.2,Sarıyer,41.146388888888886,35.62809749704885,6.571902502951154
2013,12,6.2,73.8,Sarıyer,41.146388888888886,11.125371405073082,62.674628594926915
2014,1,8.8,26.0,Sarıyer,41.146388888888886,18.015550400248692,7.984449599751308
2014,2,8.6,46.6,Sarıyer,41.146388888888886,17.391234742638083,29.208765257361918
2014,3,9.9,80.2,Sarıyer,41.146388888888886,27.252594786187625,52.947405213812374
2014,4,13.3,37.8,Sarıyer,41.146388888888886,47.911360862369584,-10.111360862369587
2014,5,18.0,54.6,Sarıyer,41.146388888888886,88.41103040411252,-33.81103040411252
2014,6,21.4,49.2,Sarıyer,41.146388888888886,118.19292815644548,-68.99292815644547
2014,7,24.7,29.4,Sarıyer,41.146388888888886,151.3249616019124,-121.9249616019124
2014,8,25.3,40.8,Sarıyer,41.146388888888886,146.24165315569718,-105.44165315569718
2014,9,21.1,142.0,Sarıyer,41.146388888888886,94.83443899746752,47.165561002532485
2014,10,16.5,64.8,Sarıyer,41.146388888888886,58.19869513792342,6.601304862076574
2014,11,11.7,74.8,Sarıyer,41.146388888888886,28.658554716975292,46.14144528302471
2014,12,8.9,101.8,Sarıyer,41.146388888888886,17.825756532951033,83.97424346704896
2015,1,6.7,98.2,Sarıyer,41.146388888888886,12.16390841806052,86.03609158193949
2015,2,6.7,125.6,Sarıyer,41.146388888888886,12.190455804626765,113.40954419537323
2015,3,7.6,49.2,Sarıyer,41.146388888888886,18.562845353370875,30.637154646629128
2015,4,11.4,51.6,Sarıyer,41.146388888888886,38.47055618072843,13.129443819271572
2015,5,17.5,4.4,Sarıyer,41.146388888888886,85.78575710434832,-81.38575710434831
2015,6,20.8,57.6,Sarıyer,41.146388888888886,113.90108323264816,-56.30108323264816
2015,7,24.5,0.6,Sarıyer,41.146388888888886,149.82206003044047,-149.22206003044047
2015,8,25.7,55.7,Sarıyer,41.146388888888886,150.25016111943842,-94.55016111943841
2015,9,22.8,92.3,Sarıyer,41.146388888888886,108.23309711864836,-15.933097118648362
2015,10,16.4,157.4,Sarıyer,41.146388888888886,58.68091038800785,98.71908961199216
2015,11,13.8,39.2,Sarıyer,41.146388888888886,38.43308649161194,0.7669135083880647
2015,12,8.0,31.6,Sarıyer,41.146388888888886,15.67029903805485,15.929700961945152
2016,1,6.0,99.2,Sarıyer,41.146388888888886,9.547343333173641,89.65265666682636
2016,2,10.4,83.6,Sarıyer,41.146388888888886,23.536025449289657,60.06397455071034
2016,3,10.4,70.1,Sarıyer,41.146388888888886,29.323858176896096,40.7761418231039
2016,4,15.3,11.8,Sarıyer,41.146388888888886,59.94399391836597,-48.143993918365965
2016,5,17.4,59.4,Sarıyer,41.146388888888886,83.3948124624526,-23.994812462452607
2016,6,22.8,69.1,Sarıyer,41.146388888888886,130.89111273677483,-61.791112736774835
2016,7,24.9,14.2,Sarıyer,41.146388888888886,153.2455422269206,-139.04554222692062
2016,8,25.3,28.2,Sarıyer,41.146388888888886,146.18219928872603,-117.98219928872602
2016,9,21.5,50.8,Sarıyer,41.146388888888886,97.62261839518537,-46.82261839518537
2016,10,16.1,26.4,Sarıyer,41.146388888888886,55.70798567297191,-29.30798567297191
2016,11,12.0,121.2,Sarıyer,41.146388888888886,29.68816230106759,91.51183769893241
2016,12,4.9,144.6,Sarıyer,41.146388888888886,6.6582535326647365,137.94174646733526
2017,1,3.0,189.7,Sarıyer,41.146388888888886,3.8760152029766304,185.82398479702337
2017,2,6.9,40.2,Sarıyer,41.146388888888886,13.892850348997879,26.307149651002124
2017,3,8.3,52.9,Sarıyer,41.146388888888886,22.96323932070962,29.93676067929038
2017,4,10.7,11.2,Sarıyer,41.146388888888886,36.810901437527995,-25.610901437527996
2017,5,16.0,51.6,Sarıyer,41.146388888888886,76.792468806387,-25.192468806387005
2017,6,21.8,52.2,Sarıyer,41.146388888888886,124.32028155715966,-72.12028155715966
2017,7,23.8,109.8,Sarıyer,41.146388888888886,144.12192320925047,-34.32192320925047
2017,8,24.4,35.5,Sarıyer,41.146388888888886,139.14099901107352,-103.64099901107352
2017,9,22.0,139.6,Sarıyer,41.146388888888886,103.5077087690908,36.0922912309092
2017,10,15.2,73.7,Sarıyer,41.146388888888886,53.85149098992319,19.84850901007681
2017,11,12.0,81.8,Sarıyer,41.146388888888886,32.334187452692596,49.4658125473074
2017,12,10.5,119.0,Sarıyer,41.146388888888886,25.59996998954904,93.40003001045096
2018,1,7.1,63.7,Sarıyer,41.146388888888886,12.485499389619754,51.21450061038025
2018,2,7.4,82.2,Sarıyer,41.146388888888886,13.392485944920281,68.80751405507972
2018,3,10.2,97.0,Sarıyer,41.146388888888886,28.259387562170147,68.74061243782985
2018,4,12.7,23.4,Sarıyer,41.146388888888886,44.018753667899766,-20.618753667899767
2018,5,18.0,33.8,Sarıyer,41.146388888888886,87.96416640122622,-54.164166401226225
2018,6,22.6,51.2,Sarıyer,41.146388888888886,128.90099159700847,-77.70099159700847
2018,7,25.2,46.7,Sarıyer,41.146388888888886,156.22913278544098,-109.52913278544098
2018,8,26.1,8.2,Sarıyer,41.146388888888886,153.8026234290929,-145.60262342909292
2018,9,21.5,223.8,Sarıyer,41.146388888888886,97.50816944205859,126.29183055794142
2018,10,17.3,28.8,Sarıyer,41.146388888888886,62.51534297718479,-33.71534297718479
2018,11,12.6,173.6,Sarıyer,41.146388888888886,32.02539033667348,141.5746096633265
2018,12,6.8,235.3,Sarıyer,41.146388888888886,11.298736390514115,224.0012636094859
2019,1,6.6,116.7,Sarıyer,41.146388888888886,11.406915382354676,105.29308461764532
2019,2,6.2,126.3,Sarıyer,41.146388888888886,10.330238358759274,115.96976164124072
2019,3,9.2,33.1,Sarıyer,41.146388888888886,24.399108391604166,8.700891608395835
2019,4,10.8,32.4,Sarıyer,41.146388888888886,34.38755573834231,-1.9875557383423086
2019,5,17.9,59.8,Sarıyer,41.146388888888886,87.9044444872965,-28.104444487296504
2019,6,23.3,16.8,Sarıyer,41.146388888888886,135.91404469455296,-119.11404469455296
2019,7,23.1,119.8,Sarıyer,41.146388888888886,135.8497321625703,-16.049732162570294
2019,8,24.1,21.7,Sarıyer,41.146388888888886,135.22846944696508,-113.52846944696508
2019,9,21.5,25.6,Sarıyer,41.146388888888886,97.95737139460977,-72.35737139460977
2019,10,17.8,52.8,Sarıyer,41.146388888888886,66.0740078969685,-13.274007896968499
2019,11,15.7,68.8,Sarıyer,41.146388888888886,46.47436428098688,22.325635719013114
2019,12,9.9,104.6,Sarıyer,41.146388888888886,21.37763396334197,83.22236603665803
2020,1,6.6,162.3,Sarıyer,41.146388888888886,11.192751099328538,151.10724890067146
2020,2,8.0,71.0,Sarıyer,41.146388888888886,15.360870895471981,55.63912910452802
2020,3,9.6,41.4,Sarıyer,41.146388888888886,25.78119152912537,15.61880847087463
2020,4,10.9,29.9,Sarıyer,41.146388888888886,34.48334685251254,-4.583346852512541
2020,5,16.4,53.6,Sarıyer,41.146388888888886,75.7767127716883,-22.176712771688294
2020,6,21.6,35.5,Sarıyer,41.146388888888886,119.86344882793786,-84.36344882793786
2020,7,24.4,0.0,Sarıyer,41.146388888888886,148.27154285371822,-148.27154285371822
2020,8,24.7,9.5,Sarıyer,41.146388888888886,140.57617007164438,-131.07617007164438
2020,9,23.1,18.5,Sarıyer,41.146388888888886,109.82465585774843,-91.32465585774843
2020,10,19.1,81.1,Sarıyer,41.146388888888886,73.73379561604871,7.366204383951285
2020,11,12.4,65.4,Sarıyer,41.146388888888886,31.37695618701569,34.02304381298431
2020,12,11.0,36.4,Sarıyer,41.146388888888886,25.054856458869423,11.345143541130575
2021,1,8.4,179.2,Sarıyer,41.146388888888886,18.24402129434592,160.95597870565408
2021,2,7.9,66.5,Sarıyer,41.146388888888886,16.622026684514637,49.87797331548536
2021,3,7.0,98.1,Sarıyer,41.146388888888886,17.16362621584829,80.9363737841517
2021,4,10.7,47.3,Sarıyer,41.146388888888886,36.05156235212493,11.248437647875065
2021,5,17.4,24.0,Sarıyer,41.146388888888886,86.455625107203,-62.455625107203005
2021,6,20.0,88.9,Sarıyer,41.146388888888886,108.23947203779474,-19.339472037794735
2021,7,24.6,17.9,Sarıyer,41.146388888888886,151.3022055133442,-133.4022055133442
2021,8,25.3,0.8,Sarıyer,41.146388888888886,146.87460478372537,-146.07460478372536
2021,9,20.3,36.5,Sarıyer,41.146388888888886,90.94689839425773,-54.44689839425773
2021,10,15.3,64.9,Sarıyer,41.146388888888886,53.70622671540665,11.193773284593355
2021,11,12.9,75.7,Sarıyer,41.146388888888886,35.52281807909037,40.17718192090963
2021,12,9.4,137.2,Sarıyer,41.146388888888886,21.104511020915993,116.095488979084
2022,1,5.7,64.0,Sarıyer,41.146388888888886,10.056848173139386,53.943151826860614
2022,2,7.0,134.4,Sarıyer,41.146388888888886,13.853910737709018,120.54608926229099
2022,3,5.1,54.0,Sarıyer,41.146388888888886,10.57051205371288,43.42948794628712
2022,4,12.2,49.9,Sarıyer,41.146388888888886,44.343444415795,5.556555584205
2022,5,15.6,16.3,Sarıyer,41.146388888888886,73.13830077480205,-56.83830077480205
2022,6,21.1,34.3,Sarıyer,41.146388888888886,117.74104361516025,-83.44104361516025
2022,7,23.2,103.1,Sarıyer,41.146388888888886,138.22846926939138,-35.12846926939139
2022,8,24.8,102.7,Sarıyer,41.146388888888886,142.43909723487533,-39.73909723487533
2022,9,21.0,38.6,Sarıyer,41.146388888888886,95.96112127734912,-57.36112127734912
2022,10,16.6,33.8,Sarıyer,41.146388888888886,61.079042514538436,-27.27904251453844
2022,11,14.3,36.1,Sarıyer,41.146388888888886,41.79588710611862,-5.695887106118619
2022,12,11.1,50.0,Sarıyer,41.146388888888886,27.421047154340133,22.578952845659867
2023,1,9.2,25.7,Sarıyer,41.146388888888886,18.882961515164073,6.817038484835926
2023,2,7.0,68.4,Sarıyer,41.146388888888886,12.046174347446161,56.353825652553844
2023,3,9.2,82.3,Sarıyer,41.146388888888886,23.577887765812722,58.72211223418728
2023,4,11.7,107.6,Sarıyer,41.146388888888886,38.126106544870076,69.47389345512991
2023,5,14.4,29.0,Sarıyer,41.146388888888886,60.56931033079172,-31.569310330791723
2023,6,20.7,11.1,Sarıyer,41.146388888888886,111.28228213823081,-100.18228213823082
2023,7,24.8,38.1,Sarıyer,41.146388888888886,152.054858568972,-113.95485856897201
2023,8,25.2,19.2,Sarıyer,41.146388888888886,145.09957273707988,-125.89957273707988
2023,9,23.2,9.4,Sarıyer,41.146388888888886,110.31381885295211,-100.9138188529521
2023,10,19.5,54.6,Sarıyer,41.146388888888886,75.82985687830798,-21.229856878307977
2023,11,14.5,265.8,Sarıyer,41.146388888888886,40.06129716060123,225.7387028393988
2023,12,10.8,144.8,Sarıyer,41.146388888888886,23.90943699397171,120.8905630060283
2024,1,7.9,114.9,Sarıyer,41.146388888888886,14.241179659583699,100.65882034041631
2024,2,9.7,31.5,Sarıyer,41.146388888888886,20.139608362896194,11.360391637103806
2024,3,9.7,53.3,Sarıyer,41.146388888888886,25.09221536338977,28.207784636610228
2024,4,15.3,37.8,Sarıyer,41.146388888888886,58.58148715913899,-20.78148715913899
2024,5,15.5,33.6,Sarıyer,41.146388888888886,67.4856423902171,-33.88564239021709
2024,6,23.5,1.8,Sarıyer,41.146388888888886,136.8093459988017,-135.00934599880168
2024,7,26.0,24.5,Sarıyer,41.146388888888886,164.30026453588573,-139.80026453588573
2024,8,25.1,14.2,Sarıyer,41.146388888888886,143.92987410423927,-129.7298741042393
2024,9,22.1,61.2,Sarıyer,41.146388888888886,101.32679832800947,-40.12679832800947
2024,10,16.7,25.9,Sarıyer,41.146388888888886,58.01046728993008,-32.11046728993008
2024,11,11.7,81.0,Sarıyer,41.146388888888886,27.529090634979198,53.4709093650208
2024,12,9.5,152.3,Sarıyer,41.146388888888886,18.850840360067668,133.44915963993233
1965,1,5.8,35.6,Tekirdağ,40.9585,12.410778827603576,23.189221172396426
1965,2,3.0,117.9,Tekirdağ,40.9585,4.840576648171658,113.05942335182834
1965,3,7.0,37.8,Tekirdağ,40.9585,20.242726765411618,17.55727323458838
1965,4,10.1,80.0,Tekirdağ,40.9585,37.13877017287025,42.86122982712975
1965,5,15.5,59.2,Tekirdağ,40.9585,77.1979865844327,-17.997986584432695
1965,6,21.5,12.2,Tekirdağ,40.9585,124.2826048892942,-112.0826048892942
1965,7,22.8,3.1,Tekirdağ,40.9585,137.02138299753045,-133.92138299753046
1965,8,21.6,22.3,Tekirdağ,40.9585,117.91880056424375,-95.61880056424376
1965,9,20.4,0.2,Tekirdağ,40.9585,94.77309623102366,-94.57309623102365
1965,10,13.9,39.0,Tekirdağ,40.9585,50.197370631904356,-11.197370631904356
1965,11,12.2,200.8,Tekirdağ,40.9585,35.94229935164598,164.85770064835404
1965,12,9.5,170.8,Tekirdağ,40.9585,24.42305036202692,146.3769496379731
1966,1,5.6,132.8,Tekirdağ,40.9585,9.23993781043924,123.56006218956077
1966,2,9.4,13.9,Tekirdağ,40.9585,21.040808847281124,-7.140808847281123
1966,3,8.2,83.8,Tekirdağ,40.9585,21.09024157756719,62.709758422432806
1966,4,13.2,65.2,Tekirdağ,40.9585,48.744328092880295,16.455671907119708
1966,5,16.5,19.9,Tekirdağ,40.9585,78.2375931257572,-58.3375931257572
1966,6,20.0,32.7,Tekirdağ,40.9585,107.03383602802893,-74.33383602802893
1966,7,23.9,9.2,Tekirdağ,40.9585,143.93587343096817,-134.73587343096818
1966,8,24.5,10.3,Tekirdağ,40.9585,139.19617520605107,-128.89617520605105
1966,9,19.9,10.9,Tekirdağ,40.9585,87.28940815151822,-76.38940815151821
1966,10,19.2,17.2,Tekirdağ,40.9585,75.60845746375664,-58.40845746375663
1966,11,14.5,147.1,Tekirdağ,40.9585,41.791681096099744,105.30831890390024
1966,12,8.2,123.0,Tekirdağ,40.9585,16.441405604112937,106.55859439588707
1967,1,3.5,120.7,Tekirdağ,40.9585,5.77573161747842,114.92426838252159
1967,2,2.7,30.1,Tekirdağ,40.9585,3.9685274479071895,26.131472552092813
1967,3,7.1,34.9,Tekirdağ,40.9585,20.091568180533486,14.808431819466513
1967,4,11.6,49.9,Tekirdağ,40.9585,44.48518233143232,5.414817668567679
1967,5,16.7,33.5,Tekirdağ,40.9585,85.03689316060681,-51.53689316060681
1967,6,19.7,37.2,Tekirdağ,40.9585,108.9653743042366,-71.7653743042366
1967,7,23.6,13.9,Tekirdağ,40.9585,143.55845272869436,-129.65845272869436
1967,8,23.8,11.1,Tekirdağ,40.9585,135.1209491257155,-124.0209491257155
1967,9,20.6,12.0,Tekirdağ,40.9585,95.57260428468108,-83.57260428468108
1967,10,15.7,44.5,Tekirdağ,40.9585,59.08004112260821,-14.580041122608208
1967,11,11.2,20.6,Tekirdağ,40.9585,31.228680459443456,-10.628680459443455
1967,12,7.5,102.9,Tekirdağ,40.9585,16.9593627322619,85.94063726773811
1968,1,3.5,156.7,Tekirdağ,40.9585,5.731736200005932,150.96826379999405
1968,2,6.1,39.6,Tekirdağ,40.9585,12.87722867232875,26.722771327671254
1968,3,7.1,91.9,Tekirdağ,40.9585,19.9914956098851,71.9085043901149
1968,4,12.5,8.7,Tekirdağ,40.9585,49.43750205535683,-40.73750205535683
1968,5,18.7,7.9,Tekirdağ,40.9585,100.06854136040742,-92.16854136040742
1968,6,20.7,38.2,Tekirdağ,40.9585,116.9676625409369,-78.7676625409369
1968,7,23.2,10.4,Tekirdağ,40.9585,139.96412774350537,-129.56412774350537
1968,8,22.1,32.5,Tekirdağ,40.9585,121.25607858881685,-88.75607858881685
1968,9,19.8,99.1,Tekirdağ,40.9585,90.1312165043136,8.968783495686395
1968,10,14.4,38.8,Tekirdağ,40.9585,51.99449005304388,-13.194490053043886
1968,11,11.3,59.1,Tekirdağ,40.9585,31.53142659698875,27.56857340301125
1968,12,6.4,139.4,Tekirdağ,40.9585,13.400603086738904,125.99939691326111
1969,1,1.5,106.2,Tekirdağ,40.9585,1.7135534279145181,104.48644657208548
1969,2,6.0,112.4,Tekirdağ,40.9585,12.736757907080912,99.66324209291909
1969,3,5.3,43.5,Tekirdağ,40.9585,13.251511305627057,30.248488694372945
1969,4,9.9,51.0,Tekirdağ,40.9585,35.522916198440114,15.477083801559886
1969,5,17.5,0.5,Tekirdağ,40.9585,91.20538706106147,-90.70538706106147
1969,6,21.5,68.5,Tekirdağ,40.9585,123.84217990121674,-55.34217990121674
1969,7,21.6,22.1,Tekirdağ,40.9585,126.38551613755197,-104.28551613755198
1969,8,22.8,5.8,Tekirdağ,40.9585,127.06559356541783,-121.26559356541783
1969,9,21.0,1.5,Tekirdağ,40.9585,98.39773254464289,-96.89773254464289
1969,10,15.2,0.0,Tekirdağ,40.9585,56.52957082977809,-56.52957082977809
1969,11,12.2,32.4,Tekirdağ,40.9585,35.49374408895707,-3.0937440889570738
1969,12,8.8,134.7,Tekirdağ,40.9585,21.505569283831456,113.19443071616854
1970,1,6.4,48.3,Tekirdağ,40.9585,13.306505979994439,34.993494020005556
1970,2,7.4,125.3,Tekirdağ,40.9585,16.516522091211186,108.78347790878881
1970,3,8.5,83.5,Tekirdağ,40.9585,25.24000817479028,58.259991825209724
1970,4,13.6,46.2,Tekirdağ,40.9585,54.95028698331882,-8.750286983318816
1970,5,16.0,36.5,Tekirdağ,40.9585,78.73450850067451,-42.23450850067451
1970,6,20.3,26.3,Tekirdağ,40.9585,112.90181698230542,-86.60181698230542
1970,7,23.9,1.3,Tekirdağ,40.9585,145.72301809167803,-144.42301809167802
1970,8,23.4,8.2,Tekirdağ,40.9585,131.31599136168236,-123.11599136168236
1970,9,19.6,4.3,Tekirdağ,40.9585,88.11388696124226,-83.81388696124226
1970,10,14.1,66.6,Tekirdağ,40.9585,49.621950294610514,16.97804970538948
1970,11,10.9,75.5,Tekirdağ,40.9585,29.255338094261933,46.24466190573807
1970,12,6.6,64.9,Tekirdağ,40.9585,13.53212725077036,51.36787274922965
1971,1,7.2,83.1,Tekirdağ,40.9585,16.964486538531286,66.1355134614687
1971,2,5.2,55.7,Tekirdağ,40.9585,10.67417648179419,45.02582351820581
1971,3,6.7,128.1,Tekirdağ,40.9585,19.080372131895476,109.01962786810452
1971,4,10.6,18.5,Tekirdağ,40.9585,39.88953191052586,-21.38953191052586
1971,5,17.1,22.6,Tekirdağ,40.9585,88.94432462563667,-66.34432462563666
1971,6,21.0,11.7,Tekirdağ,40.9585,120.2447727636951,-108.5447727636951
1971,7,22.3,20.3,Tekirdağ,40.9585,132.80699120334612,-112.50699120334612
1971,8,23.8,13.7,Tekirdağ,40.9585,135.50605282528494,-121.80605282528494
1971,9,19.3,30.5,Tekirdağ,40.9585,87.62353305041378,-57.12353305041378
1971,10,12.9,36.7,Tekirdağ,40.9585,45.19742259412239,-8.49742259412239
1971,11,10.5,99.5,Tekirdağ,40.9585,29.069240555812538,70.43075944418746
1971,12,6.7,41.5,Tekirdağ,40.9585,14.874563486820596,26.6254365131794
1972,1,3.7,23.4,Tekirdağ,40.9585,6.210099642687927,17.18990035731207
1972,2,3.8,24.9,Tekirdağ,40.9585,6.464114309067859,18.43588569093214
1972,3,6.6,19.2,Tekirdağ,40.9585,17.96794680752621,1.2320531924737885
1972,4,14.0,16.8,Tekirdağ,40.9585,58.2853709528082,-41.485370952808196
1972,5,16.6,38.1,Tekirdağ,40.9585,84.13284152774172,-46.03284152774172
1972,6,21.9,45.2,Tekirdağ,40.9585,126.95175922374546,-81.75175922374545
1972,7,23.6,25.9,Tekirdağ,40.9585,143.4820223947741,-117.5820223947741
1972,8,24.0,26.3,Tekirdağ,40.9585,136.7082387848162,-110.40823878481619
1972,9,19.2,54.9,Tekirdağ,40.9585,86.17545086469147,-31.27545086469147
1972,10,14.0,135.8,Tekirdağ,40.9585,49.895525909039236,85.90447409096078
1972,11,10.9,65.7,Tekirdağ,40.9585,29.911545553167528,35.788454446832475
1972,12,5.7,0.9,Tekirdağ,40.9585,11.316458535482598,-10.416458535482597
1973,1,3.3,46.9,Tekirdağ,40.9585,5.635681008634827,41.26431899136517
1973,2,7.0,95.8,Tekirdağ,40.9585,16.440287066765084,79.35971293323492
1973,3,5.7,46.7,Tekirdağ,40.9585,15.280790029938267,31.419209970061736
1973,4,11.3,26.0,Tekirdağ,40.9585,43.91554291703836,-17.91554291703836
1973,5,16.7,15.6,Tekirdağ,40.9585,86.21882688900757,-70.61882688900758
1973,6,19.3,12.7,Tekirdağ,40.9585,106.79077197500418,-94.09077197500417
1973,7,23.6,28.4,Tekirdağ,40.9585,144.1011261527868,-115.7011261527868
1973,8,22.0,6.8,Tekirdağ,40.9585,121.25155709468558,-114.45155709468558
1973,9,20.3,26.3,Tekirdağ,40.9585,94.32452462396462,-68.02452462396462
1973,10,16.1,40.6,Tekirdağ,40.9585,62.194282963855976,-21.594282963855974
1973,11,9.3,33.9,Tekirdağ,40.9585,24.590896546355275,9.309103453644724
1973,12,7.0,30.6,Tekirdağ,40.9585,15.954357946763,14.645642053237001
1974,1,2.5,17.6,Tekirdağ,40.9585,3.6807351647745623,13.91926483522544
1974,2,5.6,45.8,Tekirdağ,40.9585,11.726016581982762,34.073983418017235
1974,3,6.6,61.9,Tekirdağ,40.9585,18.478616825771997,43.421383174228
1974,4,10.1,35.9,Tekirdağ,40.9585,36.95720655689743,-1.0572065568974338
1974,5,16.0,87.3,Tekirdağ,40.9585,80.5744166841426,6.725583315857392
1974,6,20.0,50.4,Tekirdağ,40.9585,111.9048606477998,-61.504860647799795
1974,7,22.4,0.4,Tekirdağ,40.9585,133.4746235581022,-133.0746235581022
1974,8,22.9,2.4,Tekirdağ,40.9585,128.09558995054613,-125.69558995054612
1974,9,20.2,15.3,Tekirdağ,40.9585,93.31352750590132,-78.01352750590132
1974,10,18.4,24.5,Tekirdağ,40.9585,74.82600788746346,-50.32600788746346
1974,11,11.0,93.1,Tekirdağ,40.9585,30.856996060194433,62.24300393980556
1974,12,6.7,45.4,Tekirdağ,40.9585,14.719722442940455,30.680277557059544
1975,1,5.0,66.5,Tekirdağ,40.9585,9.341673613349919,57.15832638665008
1975,2,3.9,26.2,Tekirdağ,40.9585,6.48715609471694,19.71284390528306
1975,3,9.5,80.6,Tekirdağ,40.9585,29.96785926200031,50.632140737999684
1975,4,13.4,40.9,Tekirdağ,40.9585,54.01538534298354,-13.115385342983544
1975,5,16.6,65.2,Tekirdağ,40.9585,83.41689939530177,-18.216899395301766
1975,6,20.9,113.8,Tekirdağ,40.9585,118.07724794373479,-4.277247943734793
1975,7,23.8,14.8,Tekirdağ,40.9585,144.94204541365667,-130.14204541365666
1975,8,22.5,38.4,Tekirdağ,40.9585,124.06268682418475,-85.66268682418476
1975,9,21.5,0.0,Tekirdağ,40.9585,101.19627558748681,-101.19627558748681
1975,10,15.2,84.3,Tekirdağ,40.9585,55.6725710966,28.627428903399995
1975,11,9.6,124.0,Tekirdağ,40.9585,24.414716891149066,99.58528310885093
1975,12,5.4,57.2,Tekirdağ,40.9585,10.166705392130536,47.033294607869465
1976,1,5.3,34.9,Tekirdağ,40.9585,12.045928787111938,22.85407121288806
1976,2,3.1,9.5,Tekirdağ,40.9585,5.787819031142213,3.712180968857787
1976,3,5.6,28.0,Tekirdağ,40.9585,16.19006475868988,11.809935241310122
1976,4,11.6,39.4,Tekirdağ,40.9585,47.65411260993642,-8.25411260993642
1976,5,15.5,42.3,Tekirdağ,40.9585,79.83462379818293,-37.534623798182935
1976,6,20.0,20.4,Tekirdağ,40.9585,114.10897341340663,-93.70897341340662
1976,7,22.5,20.9,Tekirdağ,40.9585,135.91496363341153,-115.01496363341153
1976,8,20.3,77.5,Tekirdağ,40.9585,109.76478024473694,-32.26478024473694
1976,9,18.8,16.1,Tekirdağ,40.9585,86.18326910474289,-70.0832691047429
1976,10,14.8,99.9,Tekirdağ,40.9585,56.945364266288365,42.95463573371164
1976,11,11.4,84.8,Tekirdağ,40.9585,34.37249105472164,50.427508945278355
1976,12,6.7,96.0,Tekirdağ,40.9585,16.13395380518418,79.86604619481582
1977,1,5.2,57.0,Tekirdağ,40.9585,10.241857815092226,46.758142184907776
1977,2,9.4,27.7,Tekirdağ,40.9585,24.226032523849646,3.473967476150353
1977,3,7.6,60.7,Tekirdağ,40.9585,22.14899961775906,38.55100038224094
1977,4,11.4,30.4,Tekirdağ,40.9585,43.33969160666155,-12.939691606661555
1977,5,16.3,23.3,Tekirdağ,40.9585,82.05672880975943,-58.75672880975944
1977,6,20.5,68.6,Tekirdağ,40.9585,115.41340702216576,-46.81340702216576
1977,7,23.3,8.8,Tekirdağ,40.9585,140.89812991246973,-132.09812991246972
1977,8,23.6,1.3,Tekirdağ,40.9585,133.45926005188187,-132.15926005188186
1977,9,18.8,67.2,Tekirdağ,40.9585,83.66821817830129,-16.468218178301285
1977,10,12.8,21.5,Tekirdağ,40.9585,43.89662355044794,-22.39662355044794
1977,11,12.7,64.5,Tekirdağ,40.9585,37.448533471947734,27.051466528052266
1977,12,5.3,52.8,Tekirdağ,40.9585,10.230998503343672,42.56900149665633
1978,1,4.5,104.5,Tekirdağ,40.9585,8.903185026204016,95.59681497379599
1978,2,6.5,60.7,Tekirdağ,40.9585,14.988116964990978,45.71188303500902
1978,3,8.5,38.9,Tekirdağ,40.9585,27.25664187606275,11.643358123937247
1978,4,11.4,114.1,Tekirdağ,40.9585,44.817312033012016,69.28268796698798
1978,5,16.6,57.4,Tekirdağ,40.9585,85.86093146105243,-28.460931461052432
1978,6,20.6,8.3,Tekirdağ,40.9585,117.44672112114212,-109.14672112114212
1978,7,22.7,2.0,Tekirdağ,40.9585,136.55955278750602,-134.55955278750602
1978,8,21.5,42.9,Tekirdağ,40.9585,117.5901847870437,-74.6901847870437
1978,9,18.1,122.5,Tekirdağ,40.9585,80.41643725032986,42.083562749670136
1978,10,14.9,100.6,Tekirdağ,40.9585,56.007200561720865,44.59279943827913
1978,11,9.5,23.3,Tekirdağ,40.9585,25.587089244658202,-2.287089244658201
1978,12,7.8,21.6,Tekirdağ,40.9585,18.818870647130254,2.7811293528697476
1979,1,4.9,88.7,Tekirdağ,40.9585,9.309009009247035,79.39099099075297
1979,2,6.1,31.5,Tekirdağ,40.9585,12.826580311958837,18.673419688041164
1979,3,9.6,19.7,Tekirdağ,40.9585,30.92073150681197,-11.220731506811969
1979,4,11.3,58.4,Tekirdağ,40.9585,42.58846596786015,15.811534032139846
1979,5,16.7,56.8,Tekirdağ,40.9585,84.77796150794761,-27.97796150794761
1979,6,21.7,29.0,Tekirdağ,40.9585,125.20627040779877,-96.20627040779877
1979,7,22.1,53.7,Tekirdağ,40.9585,130.3471815948358,-76.6471815948358
1979,8,22.6,13.9,Tekirdağ,40.9585,125.20976671316997,-111.30976671316996
1979,9,19.7,6.3,Tekirdağ,40.9585,89.39592863799255,-83.09592863799256
1979,10,14.3,122.7,Tekirdağ,40.9585,51.3838093541494,71.31619064585061
1979,11,10.8,105.4,Tekirdağ,40.9585,29.45089442253699,75.94910557746302
1979,12,8.1,43.4,Tekirdağ,40.9585,18.81783454491691,24.58216545508309
1980,1,3.0,100.2,Tekirdağ,40.9585,5.044473486124015,95.15552651387598
1980,2,3.4,51.5,Tekirdağ,40.9585,6.026400589583043,45.47359941041696
1980,3,5.7,60.7,Tekirdağ,40.9585,15.550164114601513,45.14983588539849
1980,4,10.5,41.9,Tekirdağ,40.9585,39.98261507843982,1.9173849215601777
1980,5,15.9,43.8,Tekirdağ,40.9585,80.88254180727992,-37.082541807279924
1980,6,19.9,28.8,Tekirdağ,40.9585,111.92091522563206,-83.12091522563206
1980,7,22.9,27.0,Tekirdağ,40.9585,138.31081022046828,-111.31081022046828
1980,8,22.4,2.1,Tekirdağ,40.9585,124.65414647114753,-122.55414647114753
1980,9,18.5,7.5,Tekirdağ,40.9585,83.00627619506524,-75.50627619506524
1980,10,16.9,6.6,Tekirdağ,40.9585,66.98377703009015,-60.38377703009015
1980,11,12.3,77.0,Tekirdağ,40.9585,36.92011122853435,40.07988877146565
1980,12,8.1,85.6,Tekirdağ,40.9585,19.90149494623767,65.69850505376232
1981,1,3.5,142.2,Tekirdağ,40.9585,5.889508044606153,136.31049195539384
1981,2,4.3,55.4,Tekirdağ,40.9585,7.93418191374725,47.465818086252746
1981,3,8.5,35.1,Tekirdağ,40.9585,26.376078735799062,8.72392126420094
1981,4,11.5,7.3,Tekirdağ,40.9585,44.28815692137814,-36.98815692137814
1981,5,14.5,52.8,Tekirdağ,40.9585,69.68751202798062,-16.88751202798062
1981,6,21.7,0.7,Tekirdağ,40.9585,125.63510184950171,-124.9351018495017
1981,7,22.4,43.8,Tekirdağ,40.9585,133.32160607873146,-89.52160607873147
1981,8,22.5,0.4,Tekirdağ,40.9585,124.75703198098768,-124.35703198098767
1981,9,19.7,22.9,Tekirdağ,40.9585,89.84080102699764,-66.94080102699763
1981,10,17.4,65.0,Tekirdağ,40.9585,68.87079191739551,-3.8707919173955077
1981,11,8.6,157.0,Tekirdağ,40.9585,21.519396834250475,135.48060316574953
1981,12,9.6,183.1,Tekirdağ,40.9585,24.50480053604873,158.59519946395127
1982,1,4.4,61.5,Tekirdağ,40.9585,8.43955362620408,53.06044637379592
1982,2,3.3,22.3,Tekirdağ,40.9585,5.608528734868879,16.69147126513112
1982,3,6.2,41.9,Tekirdağ,40.9585,17.148111667852323,24.751888332147676
1982,4,10.1,100.1,Tekirdağ,40.9585,37.32899161069545,62.77100838930455
1982,5,15.2,59.7,Tekirdağ,40.9585,75.2937507919093,-15.5937507919093
1982,6,20.6,15.2,Tekirdağ,40.9585,117.07223185609062,-101.87223185609062
1982,7,21.9,21.9,Tekirdağ,40.9585,129.4906646215282,-107.59066462152819
1982,8,22.7,21.2,Tekirdağ,40.9585,126.71186303708,-105.51186303707999
1982,9,21.5,1.2,Tekirdağ,40.9585,102.2846184359467,-101.0846184359467
1982,10,16.4,32.6,Tekirdağ,40.9585,63.75682662862796,-31.15682662862796
1982,11,10.3,26.0,Tekirdağ,40.9585,28.35517422174212,-2.3551742217421214
1982,12,8.9,74.5,Tekirdağ,40.9585,22.376093294556455,52.123906705443545
1983,1,4.7,36.1,Tekirdağ,40.9585,9.20859447276074,26.89140552723926
1983,2,4.2,70.2,Tekirdağ,40.9585,7.851554132186298,62.34844586781371
1983,3,7.9,3.2,Tekirdağ,40.9585,24.104709160842777,-20.904709160842778
1983,4,12.8,15.9,Tekirdağ,40.9585,52.167783283099155,-36.267783283099156
1983,5,18.1,18.8,Tekirdağ,40.9585,96.41631709894301,-77.61631709894301
1983,6,19.4,35.4,Tekirdağ,40.9585,107.34015206715735,-71.94015206715736
1983,7,23.5,85.7,Tekirdağ,40.9585,143.1028242754968,-57.4028242754968
1983,8,22.0,18.5,Tekirdağ,40.9585,121.08649648560242,-102.58649648560242
1983,9,19.8,64.2,Tekirdağ,40.9585,90.84901948367776,-26.649019483677762
1983,10,14.2,15.0,Tekirdağ,40.9585,51.797983292672996,-36.797983292672996
1983,11,8.9,30.0,Tekirdağ,40.9585,22.92763624684117,7.072363753158829
1983,12,7.4,45.7,Tekirdağ,40.9585,17.115425347104786,28.584574652895217
1984,1,6.7,110.5,Tekirdağ,40.9585,14.968410613318127,95.53158938668187
1984,2,5.4,35.8,Tekirdağ,40.9585,10.976910350788815,24.823089649211184
1984,3,6.3,95.8,Tekirdağ,40.9585,17.070566058253235,78.72943394174676
1984,4,10.0,80.0,Tekirdağ,40.9585,36.12425432339899,43.87574567660101
1984,5,17.3,28.6,Tekirdağ,40.9585,89.79207983859558,-61.19207983859558
1984,6,20.4,20.0,Tekirdağ,40.9585,114.85762155947795,-94.85762155947795
1984,7,21.8,65.1,Tekirdağ,40.9585,128.14235738241166,-63.042357382411666
1984,8,21.2,13.3,Tekirdağ,40.9585,114.43777961094284,-101.13777961094284
1984,9,20.8,0.0,Tekirdağ,40.9585,97.1022173980194,-97.1022173980194
1984,10,17.4,4.2,Tekirdağ,40.9585,68.80133996028718,-64.60133996028718
1984,11,11.5,50.8,Tekirdağ,40.9585,32.6500446115984,18.149955388401594
1984,12,6.8,13.0,Tekirdağ,40.9585,14.859101456265982,-1.8591014562659822
1985,1,5.8,106.1,Tekirdağ,40.9585,12.36225969259852,93.73774030740148
1985,2,0.7,49.5,Tekirdağ,40.9585,0.5983657141531283,48.901634285846875
1985,3,5.5,24.0,Tekirdağ,40.9585,14.279809387649609,9.720190612350391
1985,4,12.9,66.7,Tekirdağ,40.9585,52.60076050967308,14.099239490326923
1985,5,17.8,5.8,Tekirdağ,40.9585,93.99042501515042,-88.19042501515042
1985,6,20.2,26.5,Tekirdağ,40.9585,113.59390650184234,-87.09390650184234
1985,7,21.7,13.2,Tekirdağ,40.9585,127.59640134462958,-114.39640134462958
1985,8,23.6,5.3,Tekirdağ,40.9585,133.79488717877334,-128.49488717877333
1985,9,19.3,4.4,Tekirdağ,40.9585,87.47621399809637,-83.07621399809636
1985,10,13.3,32.5,Tekirdağ,40.9585,47.04293332694733,-14.542933326947328
1985,11,11.9,130.1,Tekirdağ,40.9585,34.612901106750726,95.48709889324927
1985,12,9.1,25.4,Tekirdağ,40.9585,22.902356269751447,2.4976437302485515
1986,1,7.3,141.0,Tekirdağ,40.9585,16.961211169454543,124.03878883054546
1986,2,5.8,77.6,Tekirdağ,40.9585,12.186497767816304,65.41350223218369
1986,3,6.3,40.3,Tekirdağ,40.9585,17.092622267245737,23.20737773275426
1986,4,12.9,15.3,Tekirdağ,40.9585,52.209305360812714,-36.90930536081271
1986,5,15.2,4.5,Tekirdağ,40.9585,74.52728325386104,-70.02728325386104
1986,6,21.4,94.6,Tekirdağ,40.9585,123.09899764206162,-28.498997642061624
1986,7,23.0,8.3,Tekirdağ,40.9585,138.46857968034894,-130.16857968034893
1986,8,24.2,0.1,Tekirdağ,40.9585,138.54688076653184,-138.44688076653185
1986,9,20.1,7.7,Tekirdağ,40.9585,92.44356037901676,-84.74356037901676
1986,10,14.4,44.2,Tekirdağ,40.9585,52.38174756993233,-8.181747569932327
1986,11,8.5,44.7,Tekirdağ,40.9585,21.12482966325844,23.575170336741564
1986,12,5.0,76.3,Tekirdağ,40.9585,9.546500379832805,66.75349962016719
1987,1,4.6,116.1,Tekirdağ,40.9585,9.741272466036772,106.35872753396322
1987,2,5.6,23.7,Tekirdağ,40.9585,12.794629384865333,10.905370615134666
1987,3,2.7,56.6,Tekirdağ,40.9585,5.821948104371504,50.778051895628494
1987,4,9.7,39.6,Tekirdağ,40.9585,36.90817368149482,2.6918263185051785
1987,5,14.6,40.7,Tekirdağ,40.9585,73.09034969883078,-32.390349698830775
1987,6,20.5,22.4,Tekirdağ,40.9585,117.70017623628469,-95.3001762362847
1987,7,23.6,12.8,Tekirdağ,40.9585,144.89779462394642,-132.0977946239464
1987,8,22.0,5.2,Tekirdağ,40.9585,122.28594552600946,-117.08594552600945
1987,9,20.5,0.2,Tekirdağ,40.9585,96.75445063493238,-96.55445063493238
1987,10,13.6,31.9,Tekirdağ,40.9585,50.3611765236248,-18.4611765236248
1987,11,11.1,100.2,Tekirdağ,40.9585,32.83583011535367,67.36416988464633
1987,12,6.4,116.6,Tekirdağ,40.9585,14.927940293993199,101.67205970600679
1988,1,6.6,11.4,Tekirdağ,40.9585,15.059842212743812,-3.6598422127438113
1988,2,5.1,54.6,Tekirdağ,40.9585,10.445549474171607,44.154450525828395
1988,3,8.0,86.4,Tekirdağ,40.9585,24.686369827465608,61.713630172534394
1988,4,10.5,50.3,Tekirdağ,40.9585,39.48870831745654,10.811291682543455
1988,5,15.5,39.8,Tekirdağ,40.9585,77.4609696322526,-37.6609696322526
1988,6,20.9,41.1,Tekirdağ,40.9585,119.53794407393664,-78.43794407393665
1988,7,24.6,28.0,Tekirdağ,40.9585,152.8344010611498,-124.8344010611498
1988,8,23.7,22.8,Tekirdağ,40.9585,134.755892070049,-111.95589207004899
1988,9,19.9,26.7,Tekirdağ,40.9585,91.63868154176133,-64.93868154176133
1988,10,14.0,14.7,Tekirdağ,40.9585,50.91941120496906,-36.21941120496906
1988,11,6.4,163.7,Tekirdağ,40.9585,14.41314552469956,149.28685447530043
1988,12,6.0,109.1,Tekirdağ,40.9585,12.776332761577507,96.32366723842249
1989,1,3.6,1.2,Tekirdağ,40.9585,6.131832881134695,-4.931832881134695
1989,2,6.2,9.5,Tekirdağ,40.9585,13.442819819172012,-3.942819819172012
1989,3,9.3,61.6,Tekirdağ,40.9585,30.022946950173196,31.577053049826805
1989,4,14.5,8.1,Tekirdağ,40.9585,61.85285903803871,-53.75285903803871
1989,5,15.5,70.7,Tekirdağ,40.9585,76.71327249479944,-6.013272494799438
1989,6,19.7,75.6,Tekirdağ,40.9585,109.28501500519747,-33.68501500519747
1989,7,22.8,13.8,Tekirdağ,40.9585,136.7635948700696,-122.9635948700696
1989,8,23.5,36.8,Tekirdağ,40.9585,132.82471234439555,-96.02471234439555
1989,9,20.0,5.5,Tekirdağ,40.9585,91.81564333523525,-86.31564333523525
1989,10,14.3,28.2,Tekirdağ,40.9585,51.89986555994629,-23.699865559946293
1989,11,9.0,48.2,Tekirdağ,40.9585,22.973255681268302,25.2267443187317
1989,12,6.3,71.3,Tekirdağ,40.9585,13.349889777946187,57.95011022205381
1990,1,3.6,3.5,Tekirdağ,40.9585,5.677507817100666,-2.1775078171006657
1990,2,6.6,8.6,Tekirdağ,40.9585,13.940573571982734,-5.340573571982734
1990,3,8.6,13.3,Tekirdağ,40.9585,25.67508494619775,-12.375084946197749
1990,4,12.8,55.9,Tekirdağ,40.9585,50.228513104493125,5.671486895506874
1990,5,15.5,37.1,Tekirdağ,40.9585,75.11341211683785,-38.01341211683785
1990,6,20.1,58.2,Tekirdağ,40.9585,111.25368872112215,-53.05368872112214
1990,7,23.6,22.6,Tekirdağ,40.9585,143.02108308157509,-120.42108308157509
1990,8,23.4,9.0,Tekirdağ,40.9585,131.3125527644317,-122.3125527644317
1990,9,18.9,36.7,Tekirdağ,40.9585,83.49199043515847,-46.79199043515847
1990,10,15.3,61.2,Tekirdağ,40.9585,55.99064875541321,5.2093512445867916
1990,11,13.3,60.0,Tekirdağ,40.9585,39.26716959515589,20.73283040484411
1990,12,8.6,144.9,Tekirdağ,40.9585,20.015630639788316,124.88436936021169
1991,1,4.6,18.1,Tekirdağ,40.9585,9.360546355395234,8.739453644604767
1991,2,4.3,32.5,Tekirdağ,40.9585,8.526901999187622,23.973098000812378
1991,3,6.2,28.9,Tekirdağ,40.9585,17.731068960746338,11.16893103925366
1991,4,10.9,76.5,Tekirdağ,40.9585,42.47682749042941,34.02317250957059
1991,5,15.2,107.8,Tekirdağ,40.9585,76.27826207787353,31.521737922126462
1991,6,20.5,6.9,Tekirdağ,40.9585,116.98315804611067,-110.08315804611067
1991,7,23.4,30.0,Tekirdağ,40.9585,142.76017725557963,-112.76017725557963
1991,8,23.5,1.2,Tekirdağ,40.9585,133.53031035361687,-132.33031035361688
1991,9,19.6,12.6,Tekirdağ,40.9585,90.2981256087793,-77.6981256087793
1991,10,15.3,128.2,Tekirdağ,40.9585,58.49769517933591,69.70230482066407
1991,11,10.8,30.9,Tekirdağ,40.9585,30.973574824871342,-0.07357482487134348
1991,12,2.7,30.6,Tekirdağ,40.9585,4.309075166870298,26.290924833129704
1992,1,4.0,1.7,Tekirdağ,40.9585,7.412629538327117,-5.712629538327117
1992,2,2.9,10.5,Tekirdağ,40.9585,4.698583318889654,5.801416681110346
1992,3,6.8,72.1,Tekirdağ,40.9585,19.646299346585767,52.45370065341423
1992,4,11.4,41.5,Tekirdağ,40.9585,44.47948020654083,-2.9794802065408277
1992,5,14.5,18.2,Tekirdağ,40.9585,70.54012168486555,-52.34012168486555
1992,6,20.5,112.0,Tekirdağ,40.9585,116.36359072382295,-4.363590723822952
1992,7,21.6,15.7,Tekirdağ,40.9585,127.05886360011026,-111.35886360011025
1992,8,24.8,8.0,Tekirdağ,40.9585,143.77468216147645,-135.77468216147645
1992,9,19.6,9.9,Tekirdağ,40.9585,89.74084946173679,-79.84084946173678
1992,10,18.1,46.2,Tekirdağ,40.9585,73.46993590466059,-27.269935904660585
1992,11,10.9,59.5,Tekirdağ,40.9585,30.826071912383735,28.673928087616265
1992,12,4.2,49.6,Tekirdağ,40.9585,7.7201456032423055,41.87985439675769
1993,1,3.5,32.8,Tekirdağ,40.9585,6.259372036004517,26.54062796399548
1993,2,2.1,94.4,Tekirdağ,40.9585,3.0474354410363906,91.35256455896362
1993,3,6.0,60.6,Tekirdağ,40.9585,16.696463248304802,43.9035367516952
1993,4,11.4,24.6,Tekirdağ,40.9585,44.86933217598258,-20.269332175982576
1993,5,15.7,55.9,Tekirdağ,40.9585,79.41579227859435,-23.515792278594354
1993,6,20.8,12.4,Tekirdağ,40.9585,119.10231767055775,-106.70231767055775
1993,7,22.2,4.3,Tekirdağ,40.9585,132.36324062459443,-128.0632406245944
1993,8,23.2,14.9,Tekirdağ,40.9585,130.9645403348853,-116.0645403348853
1993,9,19.5,9.0,Tekirdağ,40.9585,89.38192338544287,-80.38192338544287
1993,10,17.3,5.1,Tekirdağ,40.9585,69.20607687579556,-64.10607687579557
1993,11,8.3,82.2,Tekirdağ,40.9585,21.176288902623927,61.02371109737608
1993,12,8.4,73.2,Tekirdağ,40.9585,20.929123592154344,52.27087640784566
1994,1,7.0,40.3,Tekirdağ,40.9585,14.03740689860878,26.262593101391218
1994,2,5.6,78.1,Tekirdağ,40.9585,9.971124538182575,68.12887546181742
1994,3,8.5,47.9,Tekirdağ,40.9585,23.58785505561041,24.312144944389587
1994,4,13.1,36.4,Tekirdağ,40.9585,49.83724597737326,-13.437245977373259
1994,5,17.0,45.8,Tekirdağ,40.9585,83.83781397370561,-38.03781397370561
1994,6,19.9,46.8,Tekirdağ,40.9585,107.7095405128833,-60.9095405128833
1994,7,24.0,5.6,Tekirdağ,40.9585,145.66051381498417,-140.06051381498418
1994,8,24.3,5.3,Tekirdağ,40.9585,138.04426241136315,-132.74426241136314
1994,9,23.4,34.6,Tekirdağ,40.9585,113.60678407152349,-79.0067840715235
1994,10,17.2,86.1,Tekirdağ,40.9585,64.86343428032357,21.23656571967642
1994,11,9.4,89.5,Tekirdağ,40.9585,22.091977512782293,67.4080224872177
1994,12,6.0,96.6,Tekirdağ,40.9585,10.760038411369516,85.83996158863047
1995,1,5.3,220.0,Tekirdağ,40.9585,10.092699212905138,209.90730078709487
1995,2,7.5,31.2,Tekirdağ,40.9585,16.882527142269836,14.317472857730163
1995,3,8.6,95.3,Tekirdağ,40.9585,25.727807896749553,69.57219210325044
1995,4,11.6,35.4,Tekirdağ,40.9585,43.484999850238296,-8.084999850238297
1995,5,16.9,19.3,Tekirdağ,40.9585,85.43915281804777,-66.13915281804778
1995,6,22.4,54.9,Tekirdağ,40.9585,130.64351829628194,-75.74351829628193
1995,7,23.6,92.8,Tekirdağ,40.9585,143.0544993568538,-50.2544993568538
1995,8,23.5,45.8,Tekirdağ,40.9585,132.1757447360652,-86.37574473606522
1995,9,20.3,60.3,Tekirdağ,40.9585,92.85193466689019,-32.55193466689019
1995,10,14.0,19.3,Tekirdağ,40.9585,49.153696860371454,-29.853696860371453
1995,11,7.9,90.0,Tekirdağ,40.9585,18.205477332426057,71.79452266757394
1995,12,7.5,83.8,Tekirdağ,40.9585,16.383526636722785,67.41647336327722
1996,1,3.4,47.7,Tekirdağ,40.9585,5.77585571258161,41.92414428741839
1996,2,3.7,90.9,Tekirdağ,40.9585,6.526971315161693,84.37302868483832
1996,3,4.0,73.7,Tekirdağ,40.9585,9.083722194370718,64.61627780562928
1996,4,9.5,49.3,Tekirdağ,40.9585,34.00605973582433,15.293940264175667
1996,5,18.4,14.6,Tekirdağ,40.9585,98.63862587617022,-84.03862587617023
1996,6,21.0,14.9,Tekirdağ,40.9585,120.15456670085744,-105.25456670085744
1996,7,23.3,69.8,Tekirdağ,40.9585,141.32853970126,-71.52853970126002
1996,8,23.4,25.8,Tekirdağ,40.9585,132.2107690805198,-106.41076908051981
1996,9,19.1,46.4,Tekirdağ,40.9585,86.24047738917754,-39.84047738917754
1996,10,14.3,20.9,Tekirdağ,40.9585,52.25898407250428,-31.358984072504285
1996,11,11.7,51.7,Tekirdağ,40.9585,33.8398533272194,17.8601466727806
1996,12,8.9,87.7,Tekirdağ,40.9585,22.23471795130422,65.46528204869578
1997,1,6.0,27.5,Tekirdağ,40.9585,13.902449015839847,13.597550984160153
1997,2,4.7,18.3,Tekirdağ,40.9585,9.921468761642869,8.378531238357132
1997,3,5.6,64.1,Tekirdağ,40.9585,15.747404942923442,48.352595057076556
1997,4,8.8,87.9,Tekirdağ,40.9585,32.00908639700836,55.890913602991645
1997,5,16.9,5.7,Tekirdağ,40.9585,89.13536010159909,-83.43536010159909
1997,6,20.9,33.9,Tekirdağ,40.9585,120.66056645130483,-86.76056645130484
1997,7,23.6,46.8,Tekirdağ,40.9585,144.7619526134086,-97.9619526134086
1997,8,21.8,33.3,Tekirdağ,40.9585,120.57247567939072,-87.27247567939072
1997,9,17.7,0.2,Tekirdağ,40.9585,78.77183276683301,-78.57183276683301
1997,10,13.9,250.3,Tekirdağ,40.9585,51.6530664188262,198.6469335811738
1997,11,10.8,42.6,Tekirdağ,40.9585,31.40991801376664,11.190081986233363
1997,12,6.9,185.5,Tekirdağ,40.9585,16.398099592669027,169.10190040733096
1998,1,5.6,46.2,Tekirdağ,40.9585,10.580996824618321,35.61900317538168
1998,2,6.3,67.2,Tekirdağ,40.9585,12.641690330490645,54.558309669509356
1998,3,5.6,130.3,Tekirdağ,40.9585,13.188540235279433,117.11145976472058
1998,4,13.4,23.8,Tekirdağ,40.9585,53.01031225270605,-29.21031225270605
1998,5,16.2,67.8,Tekirdağ,40.9585,79.38166640952456,-11.581666409524559
1998,6,21.9,20.2,Tekirdağ,40.9585,125.7955432572392,-105.5955432572392
1998,7,23.9,47.1,Tekirdağ,40.9585,145.3799974400721,-98.2799974400721
1998,8,25.1,18.9,Tekirdağ,40.9585,145.47593702020416,-126.57593702020415
1998,9,20.0,147.1,Tekirdağ,40.9585,90.2493201240752,56.8506798759248
1998,10,16.2,129.5,Tekirdağ,40.9585,60.32052739477582,69.17947260522418
1998,11,10.9,121.2,Tekirdağ,40.9585,28.728188768932892,92.47181123106711
1998,12,4.7,95.9,Tekirdağ,40.9585,7.9055209579472745,87.99447904205273
1999,1,6.0,34.2,Tekirdağ,40.9585,10.661949638064026,23.538050361935976
1999,2,5.1,111.4,Tekirdağ,40.9585,8.279738914855955,103.12026108514405
1999,3,8.5,82.2,Tekirdağ,40.9585,22.912125275057136,59.28787472494287
1999,4,13.4,16.7,Tekirdağ,40.9585,50.70619900803681,-34.006199008036816
1999,5,16.9,39.7,Tekirdağ,40.9585,82.11548499973074,-42.41548499973074
1999,6,22.1,17.9,Tekirdağ,40.9585,125.94840210599013,-108.04840210599014
1999,7,25.1,4.5,Tekirdağ,40.9585,155.79681845349677,-151.29681845349677
1999,8,24.5,4.4,Tekirdağ,40.9585,139.47691651607514,-135.07691651607513
1999,9,20.6,33.2,Tekirdağ,40.9585,92.75774200967444,-59.55774200967444
1999,10,16.5,58.4,Tekirdağ,40.9585,60.10377039614483,-1.703770396144833
1999,11,10.9,94.5,Tekirdağ,40.9585,27.118775365877102,67.3812246341229
1999,12,9.2,117.6,Tekirdağ,40.9585,20.214837950800945,97.38516204919905
2000,1,2.5,24.4,Tekirdağ,40.9585,3.121146374714752,21.278853625285247
2000,2,5.8,67.3,Tekirdağ,40.9585,11.08619596034265,56.21380403965735
2000,3,7.1,50.9,Tekirdağ,40.9585,18.708719816787777,32.19128018321222
2000,4,13.9,48.5,Tekirdağ,40.9585,55.829700891569615,-7.329700891569615
2000,5,16.2,67.0,Tekirdağ,40.9585,79.19143394270282,-12.191433942702815
2000,6,20.5,11.8,Tekirdağ,40.9585,113.78303341891935,-101.98303341891935
2000,7,24.1,9.5,Tekirdağ,40.9585,147.13281765932277,-137.63281765932277
2000,8,24.3,18.1,Tekirdağ,40.9585,138.51152564714687,-120.41152564714687
2000,9,20.2,20.6,Tekirdağ,40.9585,91.48253684926142,-70.88253684926141
2000,10,15.1,82.2,Tekirdağ,40.9585,54.13470200634322,28.065297993656785
2000,11,12.9,9.2,Tekirdağ,40.9585,36.857879937301405,-27.657879937301406
2000,12,8.6,10.1,Tekirdağ,40.9585,19.46005082584239,-9.360050825842391
2001,1,7.3,50.0,Tekirdağ,40.9585,14.432538472108922,35.567461527891076
2001,2,7.4,86.6,Tekirdağ,40.9585,14.762452229940893,71.8375477700591
2001,3,12.4,22.8,Tekirdağ,40.9585,41.26090781279173,-18.460907812791728
2001,4,12.4,68.6,Tekirdağ,40.9585,44.8110554357864,23.788944564213594
2001,5,16.6,57.2,Tekirdağ,40.9585,79.7330621711883,-22.53306217118829
2001,6,20.9,9.2,Tekirdağ,40.9585,115.33278312697573,-106.13278312697572
2001,7,25.3,20.8,Tekirdağ,40.9585,157.71531862306756,-136.91531862306755
2001,8,25.3,8.6,Tekirdağ,40.9585,146.6391400841607,-138.0391400841607
2001,9,21.3,51.1,Tekirdağ,40.9585,97.66676999601503,-46.56676999601503
2001,10,16.9,1.5,Tekirdağ,40.9585,62.311920621345166,-60.811920621345166
2001,11,9.9,109.9,Tekirdağ,40.9585,23.2606539921641,86.63934600783591
2001,12,2.0,210.6,Tekirdağ,40.9585,1.8443889716324142,208.75561102836758
2002,1,3.6,14.7,Tekirdağ,40.9585,5.008580747118802,9.691419252881197
2002,2,8.4,35.9,Tekirdağ,40.9585,18.526391167939003,17.373608832060995
2002,3,9.5,55.0,Tekirdağ,40.9585,27.8823130970413,27.1176869029587
2002,4,10.7,37.9,Tekirdağ,40.9585,36.378851715296285,1.5211482847037132
2002,5,16.7,5.6,Tekirdağ,40.9585,81.42856712494029,-75.82856712494029
2002,6,21.8,43.8,Tekirdağ,40.9585,123.83694976742684,-80.03694976742685
2002,7,25.6,42.9,Tekirdağ,40.9585,160.83832236323215,-117.93832236323215
2002,8,24.2,31.9,Tekirdağ,40.9585,137.1185783928798,-105.2185783928798
2002,9,20.3,141.8,Tekirdağ,40.9585,91.19998926344799,50.60001073655202
2002,10,16.2,35.7,Tekirdağ,40.9585,59.042064756223525,-23.34206475622352
2002,11,12.9,76.1,Tekirdağ,40.9585,35.85435095274674,40.24564904725325
2002,12,5.7,33.3,Tekirdağ,40.9585,9.886353240503606,23.41364675949639
2003,1,7.1,95.8,Tekirdağ,40.9585,15.836004412509565,79.96399558749043
2003,2,1.1,105.8,Tekirdağ,40.9585,1.0334624595831254,104.76653754041688
2003,3,4.3,20.1,Tekirdağ,40.9585,9.471091749422134,10.628908250577867
2003,4,8.8,75.8,Tekirdağ,40.9585,29.3543918121828,46.4456081878172
2003,5,17.5,5.6,Tekirdağ,40.9585,90.49259360967685,-84.89259360967685
2003,6,22.4,9.8,Tekirdağ,40.9585,130.97093883872202,-121.17093883872202
2003,7,24.2,35.1,Tekirdağ,40.9585,148.67674777927448,-113.57674777927448
2003,8,24.8,51.3,Tekirdağ,40.9585,143.28282239853823,-91.98282239853823
2003,9,19.5,37.3,Tekirdağ,40.9585,87.88133291768139,-50.581332917681394
2003,10,16.1,105.4,Tekirdağ,40.9585,60.85993390898268,44.54006609101732
2003,11,10.6,19.8,Tekirdağ,40.9585,28.475826115543324,-8.675826115543323
2003,12,6.4,61.9,Tekirdağ,40.9585,13.21793606743766,48.682063932562336
2004,1,4.0,148.3,Tekirdağ,40.9585,6.689728862634014,141.610271137366
2004,2,5.6,37.2,Tekirdağ,40.9585,11.005082962723554,26.194917037276447
2004,3,8.2,62.4,Tekirdağ,40.9585,24.049392031084576,38.350607968915426
2004,4,11.7,30.5,Tekirdağ,40.9585,44.13087595867674,-13.63087595867674
2004,5,15.9,26.8,Tekirdağ,40.9585,78.17480834021593,-51.374808340215935
2004,6,20.6,106.3,Tekirdağ,40.9585,115.50469170763866,-9.20469170763866
2004,7,23.2,19.5,Tekirdağ,40.9585,139.53590980840974,-120.03590980840974
2004,8,22.9,61.5,Tekirdağ,40.9585,127.26856784230218,-65.76856784230218
2004,9,20.2,0.0,Tekirdağ,40.9585,92.24172891359835,-92.24172891359835
2004,10,17.3,13.1,Tekirdağ,40.9585,67.28079995704262,-54.180799957042616
2004,11,11.5,27.7,Tekirdağ,40.9585,31.77933576744875,-4.07933576744875
2004,12,7.8,45.5,Tekirdağ,40.9585,17.41455837491654,28.08544162508346
2005,1,6.2,49.8,Tekirdağ,40.9585,12.834560779877432,36.96543922012256
2005,2,4.0,65.4,Tekirdağ,40.9585,6.740890423737278,58.65910957626273
2005,3,7.5,28.8,Tekirdağ,40.9585,21.172094528200386,7.627905471799615
2005,4,12.0,12.8,Tekirdağ,40.9585,45.93373500609773,-33.13373500609772
2005,5,16.6,78.2,Tekirdağ,40.9585,83.43965444910559,-5.239654449105586
2005,6,20.1,12.6,Tekirdağ,40.9585,111.49940914141,-98.89940914141
2005,7,23.9,6.0,Tekirdağ,40.9585,145.84957801103224,-139.84957801103224
2005,8,24.6,3.0,Tekirdağ,40.9585,141.4944705504566,-138.4944705504566
2005,9,20.9,9.6,Tekirdağ,40.9585,97.07823420524659,-87.4782342052466
2005,10,14.8,42.4,Tekirdağ,40.9585,53.5463229449227,-11.146322944922701
2005,11,9.6,95.6,Tekirdağ,40.9585,24.42895112474093,71.17104887525906
2005,12,7.3,71.2,Tekirdağ,40.9585,15.861308419084391,55.33869158091561
2006,1,2.4,10.6,Tekirdağ,40.9585,3.113481708311395,7.486518291688604
2006,2,4.2,60.8,Tekirdağ,40.9585,7.137469878889278,53.66253012111072
2006,3,8.0,91.8,Tekirdağ,40.9585,23.06066338149067,68.73933661850933
2006,4,12.3,9.2,Tekirdağ,40.9585,47.34111053035676,-38.141110530356755
2006,5,16.8,14.4,Tekirdağ,40.9585,84.6093349593744,-70.20933495937439
2006,6,21.2,27.8,Tekirdağ,40.9585,120.3725161704111,-92.5725161704111
2006,7,23.6,3.2,Tekirdağ,40.9585,143.0154630185604,-139.81546301856042
2006,8,25.5,10.0,Tekirdağ,40.9585,149.11963189663243,-139.11963189663243
2006,9,20.1,110.0,Tekirdağ,40.9585,91.44712850596453,18.55287149403547
2006,10,16.0,39.6,Tekirdağ,40.9585,59.81349724451423,-20.21349724451423
2006,11,9.6,43.4,Tekirdağ,40.9585,24.23106015166825,19.16893984833175
2006,12,6.7,25.2,Tekirdağ,40.9585,13.827152442896383,11.372847557103617
2007,1,8.1,19.0,Tekirdağ,40.9585,16.65194265256022,2.348057347439781
2007,2,7.1,21.8,Tekirdağ,40.9585,13.533383504263254,8.266616495736747
2007,3,8.7,10.6,Tekirdağ,40.9585,23.24216094990193,-12.64216094990193
2007,4,10.8,13.8,Tekirdağ,40.9585,35.548139710931814,-21.748139710931813
2007,5,18.3,34.2,Tekirdağ,40.9585,92.30591141374084,-58.10591141374084
2007,6,24.0,1.6,Tekirdağ,40.9585,142.97804526196703,-141.37804526196703
2007,7,25.5,0.0,Tekirdağ,40.9585,159.54187368250237,-159.54187368250237
2007,8,25.6,1.6,Tekirdağ,40.9585,149.25959409674593,-147.65959409674593
2007,9,18.9,10.8,Tekirdağ,40.9585,80.51562302808422,-69.71562302808422
2007,10,17.0,41.8,Tekirdağ,40.9585,62.41662687624762,-20.616626876247622
2007,11,10.4,239.2,Tekirdağ,40.9585,24.735172555069852,214.46482744493014
2007,12,5.9,53.4,Tekirdağ,40.9585,9.796166163146555,43.60383383685344
2008,1,3.6,17.4,Tekirdağ,40.9585,4.678352143869021,12.721647856130978
2008,2,4.9,12.6,Tekirdağ,40.9585,7.615503489705613,4.984496510294386
2008,3,10.9,56.0,Tekirdağ,40.9585,33.42942147989526,22.57057852010474
2008,4,13.9,22.0,Tekirdağ,40.9585,53.2607801007052,-31.260780100705198
2008,5,17.2,20.0,Tekirdağ,40.9585,83.94370755635708,-63.94370755635708
2008,6,22.3,44.2,Tekirdağ,40.9585,127.44476387952088,-83.24476387952087
2008,7,24.4,12.6,Tekirdağ,40.9585,148.88252155200078,-136.2825215520008
2008,8,25.4,1.0,Tekirdağ,40.9585,147.47400053898937,-146.47400053898937
2008,9,20.1,26.4,Tekirdağ,40.9585,88.94338071953035,-62.543380719530354
2008,10,16.2,63.4,Tekirdağ,40.9585,58.04030836636408,5.359691633635919
2008,11,12.5,40.2,Tekirdağ,40.9585,33.28028553269732,6.919714467302683
2008,12,8.0,22.8,Tekirdağ,40.9585,16.00442110070703,6.79557889929297
2009,1,6.1,62.2,Tekirdağ,40.9585,10.998730826617038,51.20126917338297
2009,2,6.1,55.8,Tekirdağ,40.9585,11.012861366908172,44.78713863309183
2009,3,7.9,65.0,Tekirdağ,40.9585,20.522467372883032,44.47753262711697
2009,4,11.5,32.0,Tekirdağ,40.9585,40.041879486781355,-8.041879486781355
2009,5,17.5,13.4,Tekirdağ,40.9585,86.85125614881592,-73.45125614881592
2009,6,22.0,12.8,Tekirdağ,40.9585,125.14596786768178,-112.34596786768178
2009,7,25.1,60.6,Tekirdağ,40.9585,155.83316883669508,-95.23316883669509
2009,8,24.2,0.0,Tekirdağ,40.9585,136.8649413413025,-136.8649413413025
2009,9,19.9,135.8,Tekirdağ,40.9585,87.96892009288352,47.83107990711649
2009,10,17.0,162.8,Tekirdağ,40.9585,63.07805148558862,99.7219485144114
2009,11,11.8,68.2,Tekirdağ,40.9585,30.790495759923438,37.409504240076565
2009,12,9.8,133.6,Tekirdağ,40.9585,22.393861974593687,111.2061380254063
2010,1,4.8,68.0,Tekirdağ,40.9585,6.276512889289397,61.7234871107106
2010,2,7.8,156.0,Tekirdağ,40.9585,14.13267704645112,141.8673229535489
2010,3,8.4,46.6,Tekirdağ,40.9585,19.90941178095559,26.69058821904441
2010,4,13.2,27.6,Tekirdağ,40.9585,45.97824315504574,-18.378243155045737
2010,5,18.6,14.4,Tekirdağ,40.9585,91.81482800773351,-77.4148280077335
2010,6,22.7,46.6,Tekirdağ,40.9585,129.08871915197562,-82.48871915197563
2010,7,25.4,41.2,Tekirdağ,40.9585,157.85961404302725,-116.65961404302725
2010,8,27.6,0.0,Tekirdağ,40.9585,168.6019879305484,-168.6019879305484
2010,9,21.7,46.2,Tekirdağ,40.9585,98.42900651596977,-52.22900651596977
2010,10,15.1,215.2,Tekirdağ,40.9585,49.26500188099809,165.9349981190019
2010,11,15.2,31.0,Tekirdağ,40.9585,42.980649916689366,-11.980649916689366
2010,12,8.9,106.2,Tekirdağ,40.9585,17.093448073966364,89.10655192603363
2011,1,5.3,45.4,Tekirdağ,40.9585,9.724671932947215,35.67532806705278
2011,2,5.1,40.2,Tekirdağ,40.9585,9.190897352869637,31.009102647130366
2011,3,7.1,24.6,Tekirdağ,40.9585,18.799279871068887,5.800720128931115
2011,4,10.5,75.8,Tekirdağ,40.9585,36.73227436805736,39.067725631942636
2011,5,16.5,41.8,Tekirdağ,40.9585,81.5522796731672,-39.75227967316721
2011,6,21.9,95.2,Tekirdağ,40.9585,125.76687828035638,-30.566878280356377
2011,7,25.5,7.8,Tekirdağ,40.9585,160.20962715970987,-152.40962715970986
2011,8,24.4,14.8,Tekirdağ,40.9585,139.41857779095673,-124.61857779095673
2011,9,22.4,137.6,Tekirdağ,40.9585,106.94867887126414,30.65132112873586
2011,10,14.1,158.0,Tekirdağ,40.9585,48.94608726920186,109.05391273079815
2011,11,8.6,4.4,Tekirdağ,40.9585,20.108497352459295,-15.708497352459295
2011,12,8.2,72.0,Tekirdağ,40.9585,18.19249027956026,53.80750972043974
2012,1,3.6,36.4,Tekirdağ,40.9585,3.8972500219380293,32.50274997806197
2012,2,3.1,42.4,Tekirdağ,40.9585,3.0411463231688933,39.3588536768311
2012,3,7.8,18.0,Tekirdağ,40.9585,17.63229190041389,0.3677080995861104
2012,4,14.1,61.4,Tekirdağ,40.9585,51.3889467235831,10.011053276416895
2012,5,18.1,61.6,Tekirdağ,40.9585,87.7942109398373,-26.194210939837298
2012,6,24.0,0.2,Tekirdağ,40.9585,141.69064462866382,-141.49064462866383
2012,7,26.9,6.0,Tekirdağ,40.9585,173.72309805393508,-167.72309805393508
2012,8,26.1,7.8,Tekirdağ,40.9585,153.59312648376903,-145.79312648376902
2012,9,22.2,7.4,Tekirdağ,40.9585,102.27787479198312,-94.87787479198312
2012,10,19.2,75.8,Tekirdağ,40.9585,73.60927348749438,2.19072651250562
2012,11,13.6,12.8,Tekirdağ,40.9585,35.741853985606475,-22.941853985606475
2012,12,6.5,197.0,Tekirdağ,40.9585,10.142474396397716,186.85752560360228
2013,1,6.5,93.6,Tekirdağ,40.9585,11.150193180567527,82.44980681943247
2013,2,7.8,95.2,Tekirdağ,40.9585,15.002510340502601,80.1974896594974
2013,3,9.5,52.8,Tekirdağ,40.9585,25.7069106953826,27.093089304617397
2013,4,13.5,16.2,Tekirdağ,40.9585,49.34256738097297,-33.14256738097298
2013,5,19.5,8.0,Tekirdağ,40.9585,100.87783007971217,-92.87783007971217
2013,6,22.4,34.8,Tekirdağ,40.9585,127.33597760323111,-92.53597760323112
2013,7,24.7,0.2,Tekirdağ,40.9585,151.2376446088075,-151.0376446088075
2013,8,25.9,0.2,Tekirdağ,40.9585,151.8537708135978,-151.65377081359782
2013,9,21.6,10.2,Tekirdağ,40.9585,98.68433384471274,-88.48433384471274
2013,10,14.4,96.4,Tekirdağ,40.9585,46.89733123344829,49.502668766551714
2013,11,13.0,36.4,Tekirdağ,40.9585,34.28549926221474,2.1145007377852565
2013,12,6.2,2.4,Tekirdağ,40.9585,10.035794998798035,-7.635794998798035
2014,1,8.0,44.0,Tekirdağ,40.9585,15.822638381073187,28.177361618926813
2014,2,8.6,5.6,Tekirdağ,40.9585,17.79866636783745,-12.198666367837449
2014,3,9.9,65.6,Tekirdağ,40.9585,27.790587255562166,37.80941274443783
2014,4,13.3,41.2,Tekirdağ,40.9585,48.54053529315477,-7.340535293154765
2014,5,17.5,65.2,Tekirdağ,40.9585,85.05278817498541,-19.852788174985406
2014,6,21.7,60.0,Tekirdağ,40.9585,121.23256706504493,-61.23256706504493
2014,7,24.7,82.9,Tekirdağ,40.9585,151.372124878115,-68.47212487811498
2014,8,25.3,6.3,Tekirdağ,40.9585,146.28451230645788,-139.98451230645787
2014,9,20.7,92.2,Tekirdağ,40.9585,92.37109598138822,-0.1710959813882198
2014,10,15.7,127.9,Tekirdağ,40.9585,54.27073065570279,73.62926934429721
2014,11,11.2,23.6,Tekirdağ,40.9585,27.19165650544602,-3.591656505446018
2014,12,9.4,91.2,Tekirdağ,40.9585,19.93105268769438,71.26894731230563
2015,1,5.6,56.5,Tekirdağ,40.9585,8.877388654919383,47.622611345080614
2015,2,6.5,90.6,Tekirdağ,40.9585,11.302557565438308,79.29744243456169
2015,3,8.5,28.9,Tekirdağ,40.9585,21.681545975089087,7.218454024910912
2015,4,11.4,60.6,Tekirdağ,40.9585,37.79526378525044,22.80473621474956
2015,5,18.5,9.5,Tekirdağ,40.9585,92.92527817795369,-83.42527817795369
2015,6,21.3,60.2,Tekirdağ,40.9585,117.58968175281855,-57.38968175281855
2015,7,24.9,0.5,Tekirdağ,40.9585,153.32242161633008,-152.82242161633008
2015,8,26.1,0.0,Tekirdağ,40.9585,153.79130926697232,-153.79130926697232
2015,9,22.8,34.9,Tekirdağ,40.9585,107.8709696144669,-72.9709696144669
2015,10,16.4,83.7,Tekirdağ,40.9585,58.14721816462262,25.55278183537738
2015,11,13.8,48.5,Tekirdağ,40.9585,37.987367445047305,10.512632554952695
2015,12,7.5,0.7,Tekirdağ,40.9585,13.814204629729849,-13.11420462972985
2016,1,5.5,70.4,Tekirdağ,40.9585,8.102706819073871,62.29729318092613
2016,2,9.8,68.7,Tekirdağ,40.9585,21.059457102619966,47.64054289738004
2016,3,10.3,30.8,Tekirdağ,40.9585,28.460790617758885,2.3392093822411155
2016,4,15.6,22.9,Tekirdağ,40.9585,61.34909690033829,-38.44909690033829
2016,5,17.9,28.4,Tekirdağ,40.9585,86.73550999642595,-58.33550999642595
2016,6,23.6,34.9,Tekirdağ,40.9585,138.04666021697417,-103.14666021697417
2016,7,25.6,0.1,Tekirdağ,40.9585,160.05849272635803,-159.95849272635803
2016,8,25.7,0.1,Tekirdağ,40.9585,149.7789291131019,-149.6789291131019
2016,9,21.7,3.9,Tekirdağ,40.9585,98.79269678960263,-94.89269678960262
2016,10,16.0,72.7,Tekirdağ,40.9585,54.76048359501354,17.939516404986463
2016,11,11.6,86.3,Tekirdağ,40.9585,27.783576308765404,58.51642369123459
2016,12,3.8,33.5,Tekirdağ,40.9585,4.275508846623966,29.224491153376036
2017,1,1.9,95.2,Tekirdağ,40.9585,1.900844295864093,93.29915570413591
2017,2,6.4,30.8,Tekirdağ,40.9585,12.291201438027969,18.508798561972032
2017,3,9.0,28.7,Tekirdağ,40.9585,25.82977539772383,2.8702246022761706
2017,4,11.1,44.5,Tekirdağ,40.9585,38.713308145366845,5.786691854633155
2017,5,16.8,14.6,Tekirdağ,40.9585,82.42592655123015,-67.82592655123015
2017,6,21.9,26.3,Tekirdağ,40.9585,124.87466383760285,-98.57466383760286
2017,7,24.1,50.6,Tekirdağ,40.9585,146.63646386427726,-96.03646386427727
2017,8,25.1,11.4,Tekirdağ,40.9585,145.12339720883713,-133.72339720883713
2017,9,21.6,9.5,Tekirdağ,40.9585,100.50030707885432,-91.00030707885432
2017,10,15.0,80.0,Tekirdağ,40.9585,52.627567816890924,27.372432183109076
2017,11,11.7,69.6,Tekirdağ,40.9585,31.004712449160237,38.59528755083976
2017,12,9.6,78.7,Tekirdağ,40.9585,22.234541952557148,56.46545804744285
2018,1,6.6,70.3,Tekirdağ,40.9585,11.19764367707952,59.10235632292048
2018,2,7.3,76.4,Tekirdağ,40.9585,13.22133923953077,63.178660760469235
2018,3,9.8,64.4,Tekirdağ,40.9585,26.6407687859916,37.75923121400841
2018,4,14.0,10.9,Tekirdağ,40.9585,51.844496799634726,-40.94449679963473
2018,5,18.5,22.3,Tekirdağ,40.9585,92.13003565280619,-69.83003565280619
2018,6,22.3,67.8,Tekirdağ,40.9585,126.08075212031011,-58.28075212031011
2018,7,25.1,88.4,Tekirdağ,40.9585,155.08373749312176,-66.68373749312175
2018,8,26.0,0.0,Tekirdağ,40.9585,152.74310041180203,-152.74310041180203
2018,9,21.8,17.3,Tekirdağ,40.9585,99.87060851654171,-82.57060851654171
2018,10,16.7,43.2,Tekirdağ,40.9585,59.21734767566046,-16.01734767566046
2018,11,12.1,47.9,Tekirdağ,40.9585,30.169680296357996,17.730319703642003
2018,12,6.2,113.8,Tekirdağ,40.9585,9.82318673666268,103.97681326333732
2019,1,5.6,58.7,Tekirdağ,40.9585,8.448587673865557,50.25141232613444
2019,2,5.8,40.3,Tekirdağ,40.9585,8.961701466424293,31.338298533575703
2019,3,9.3,29.1,Tekirdağ,40.9585,24.24019152823734,4.859808471762662
2019,4,11.6,37.2,Tekirdağ,40.9585,37.85552030634162,-0.6555203063416144
2019,5,17.9,26.2,Tekirdağ,40.9585,87.00350599999365,-60.80350599999365
2019,6,24.1,8.0,Tekirdağ,40.9585,143.02273940240786,-135.02273940240786
2019,7,23.9,14.6,Tekirdağ,40.9585,143.01154938653133,-128.41154938653133
2019,8,25.3,0.0,Tekirdağ,40.9585,146.00973244440627,-146.00973244440627
2019,9,21.6,9.4,Tekirdağ,40.9585,98.20256089901687,-88.80256089901687
2019,10,17.5,45.0,Tekirdağ,40.9585,63.70148288160074,-18.70148288160074
2019,11,15.5,18.4,Tekirdağ,40.9585,45.02666305119604,-26.62666305119604
2019,12,9.2,17.3,Tekirdağ,40.9585,18.564208054632363,-1.2642080546323626
2020,1,5.8,29.1,Tekirdağ,40.9585,9.45622291112754,19.64377708887246
2020,2,7.8,54.2,Tekirdağ,40.9585,15.244870957967786,38.95512904203222
2020,3,9.6,23.6,Tekirdağ,40.9585,26.497631812627883,-2.897631812627882
2020,4,10.7,43.3,Tekirdağ,40.9585,34.26044905358185,9.039550946418146
2020,5,16.5,83.7,Tekirdağ,40.9585,77.43652667562309,6.263473324376918
2020,6,21.3,79.5,Tekirdağ,40.9585,117.70545486527034,-38.20545486527034
2020,7,24.6,0.0,Tekirdağ,40.9585,150.41020116539556,-150.41020116539556
2020,8,25.0,4.8,Tekirdağ,40.9585,143.5207244189052,-138.72072441890518
2020,9,23.1,13.7,Tekirdağ,40.9585,110.23794155659202,-96.53794155659202
2020,10,18.2,50.6,Tekirdağ,40.9585,68.88992087533437,-18.289920875334367
2020,11,11.6,1.1,Tekirdağ,40.9585,28.815826052500594,-27.715826052500592
2020,12,10.1,35.9,Tekirdağ,40.9585,22.413668480580178,13.48633151941982
2021,1,7.8,123.5,Tekirdağ,40.9585,15.929993481989632,107.57000651801037
2021,2,7.3,48.8,Tekirdağ,40.9585,14.373887938107458,34.42611206189254
2021,3,7.0,45.2,Tekirdağ,40.9585,16.751609347416846,28.448390652583157
2021,4,10.7,49.0,Tekirdağ,40.9585,35.4328786963065,13.567121303693497
2021,5,17.5,57.6,Tekirdağ,40.9585,86.45767162065353,-28.857671620653527
2021,6,20.8,53.3,Tekirdağ,40.9585,114.3499144543838,-61.04991445438381
2021,7,25.8,3.4,Tekirdağ,40.9585,162.6007937511425,-159.2007937511425
2021,8,25.7,23.4,Tekirdağ,40.9585,150.26199598255474,-126.86199598255473
2021,9,20.6,5.3,Tekirdağ,40.9585,92.5843964988049,-87.28439649880491
2021,10,15.3,11.0,Tekirdağ,40.9585,53.19721410545441,-42.19721410545441
2021,11,12.6,50.2,Tekirdağ,40.9585,33.83566059892619,16.364339401073813
2021,12,9.0,60.2,Tekirdağ,40.9585,19.380917261017654,40.819082738982345
2022,1,5.4,23.3,Tekirdağ,40.9585,8.614662612151413,14.685337387848588
2022,2,6.5,65.1,Tekirdağ,40.9585,11.591815849106295,53.5081841508937
2022,3,5.2,8.2,Tekirdağ,40.9585,10.110685356460833,-1.9106853564608333
2022,4,12.7,70.6,Tekirdağ,40.9585,45.58440154860605,25.01559845139394
2022,5,16.9,15.7,Tekirdağ,40.9585,80.97911066120264,-65.27911066120264
2022,6,22.5,32.5,Tekirdağ,40.9585,128.8496676500806,-96.34966765008059
2022,7,24.3,9.0,Tekirdağ,40.9585,147.66526518887673,-138.66526518887673
2022,8,25.5,28.9,Tekirdağ,40.9585,148.26032207211557,-119.36032207211557
2022,9,21.5,7.9,Tekirdağ,40.9585,98.515214314356,-90.615214314356
2022,10,16.7,3.9,Tekirdağ,40.9585,60.377634822008694,-56.477634822008696
2022,11,13.9,31.4,Tekirdağ,40.9585,38.88426827698073,-7.484268276980728
2022,12,10.4,28.7,Tekirdağ,40.9585,23.796184556071555,4.903815443928444
2023,1,8.6,15.2,Tekirdağ,40.9585,16.468648913045197,-1.2686489130451974
2023,2,6.7,6.1,Tekirdağ,40.9585,10.849342503810346,-4.749342503810347
2023,3,9.3,47.3,Tekirdağ,40.9585,23.4053765638833,23.894623436116696
2023,4,12.0,86.0,Tekirdağ,40.9585,38.975209916614034,47.024790083385966
2023,5,15.9,27.0,Tekirdağ,40.9585,70.38587004292822,-43.38587004292822
2023,6,21.2,15.9,Tekirdağ,40.9585,114.96421071543645,-99.06421071543645
2023,7,25.7,14.3,Tekirdağ,40.9585,160.93806032039421,-146.6380603203942
2023,8,26.4,0.7,Tekirdağ,40.9585,156.53274010368924,-155.83274010368925
2023,9,22.8,9.7,Tekirdağ,40.9585,106.76866926610174,-97.06866926610174
2023,10,18.8,10.9,Tekirdağ,40.9585,70.83379909613471,-59.93379909613471
2023,11,14.4,197.8,Tekirdağ,40.9585,39.08558260182777,158.71441739817226
2023,12,10.1,96.9,Tekirdağ,40.9585,20.954115398500065,75.94588460149994
2024,1,7.2,55.8,Tekirdağ,40.9585,11.660637255675363,44.139362744324636
2024,2,9.4,32.6,Tekirdağ,40.9585,18.434826370540723,14.165173629459279
2024,3,9.8,67.3,Tekirdağ,40.9585,24.646435655003298,42.653564344996695
2024,4,15.5,60.5,Tekirdağ,40.9585,58.704501562729696,1.7954984372703038
2024,5,16.2,20.0,Tekirdağ,40.9585,71.33289208871223,-51.33289208871223
2024,6,24.5,2.9,Tekirdağ,40.9585,146.085190078958,-143.185190078958
2024,7,27.2,0.0,Tekirdağ,40.9585,177.13175219243402,-177.13175219243402
2024,8,25.7,0.0,Tekirdağ,40.9585,149.4414207529655,-149.4414207529655
2024,9,22.3,21.5,Tekirdağ,40.9585,102.21253251129129,-80.71253251129129
2024,10,16.9,1.8,Tekirdağ,40.9585,58.27814622268198,-56.478146222681985
2024,11,11.1,24.0,Tekirdağ,40.9585,24.474900817796822,-0.47490081779682214
2024,12,9.3,64.0,Tekirdağ,40.9585,17.56516343814248,46.43483656185752
1965,1,-4.6,43.7,Uzunköprü,41.27261111111111,0.0,43.7
1965,2,-7.1,162.2,Uzunköprü,41.27261111111111,0.0,162.2
1965,3,7.3,58.1,Uzunköprü,41.27261111111111,20.06437741352836,38.035622586471646
1965,4,11.5,31.7,Uzunköprü,41.27261111111111,42.80289847461913,-11.102898474619128
1965,5,17.2,68.2,Uzunköprü,41.27261111111111,87.66927977292441,-19.46927977292441
1965,6,23.9,2.7,Uzunköprü,41.27261111111111,144.02734401862867,-141.32734401862868
1965,7,25.4,0.4,Uzunköprü,41.27261111111111,159.76048561443912,-159.3604856144391
1965,8,23.3,5.8,Uzunköprü,41.27261111111111,130.60157899845657,-124.80157899845658
1965,9,21.2,34.3,Uzunköprü,41.27261111111111,98.91303951689255,-64.61303951689256
1965,10,13.1,3.7,Uzunköprü,41.27261111111111,44.35440826035836,-40.65440826035836
1965,11,10.7,118.1,Uzunköprü,41.27261111111111,28.306600855527684,89.79339914447232
1965,12,8.1,108.0,Uzunköprü,41.27261111111111,18.187041599280906,89.8129584007191
1966,1,4.3,133.3,Uzunköprü,41.27261111111111,6.029410921684465,127.27058907831555
1966,2,9.9,31.6,Uzunköprü,41.27261111111111,22.746903691397353,8.853096308602648
1966,3,8.6,74.2,Uzunköprü,41.27261111111111,22.673863494517654,51.52613650548235
1966,4,14.4,48.2,Uzunköprü,41.27261111111111,55.92511429223375,-7.725114292233748
1966,5,17.8,35.7,Uzunköprü,41.27261111111111,88.31182129051422,-52.611821290514214
1966,6,21.8,25.4,Uzunköprü,41.27261111111111,122.92933948922978,-97.52933948922978
1966,7,24.7,18.6,Uzunköprü,41.27261111111111,151.93697362968635,-133.33697362968636
1966,8,25.0,12.7,Uzunköprü,41.27261111111111,143.8941885654274,-131.19418856542742
1966,9,19.5,56.4,Uzunköprü,41.27261111111111,84.47396676722997,-28.07396676722997
1966,10,18.0,75.4,Uzunköprü,41.27261111111111,68.10263597319783,7.297364026802171
1966,11,11.7,227.5,Uzunköprü,41.27261111111111,29.591919094104075,197.90808090589593
1966,12,5.8,175.2,Uzunköprü,41.27261111111111,9.42081621548848,165.7791837845115
1967,1,0.1,92.8,Uzunköprü,41.27261111111111,0.03559662314101278,92.76440337685898
1967,2,1.6,39.1,Uzunköprü,41.27261111111111,1.9235875916940735,37.17641240830593
1967,3,7.2,49.8,Uzunköprü,41.27261111111111,20.852398614657968,28.94760138534203
1967,4,12.2,47.0,Uzunköprü,41.27261111111111,48.403985185840625,-1.4039851858406251
1967,5,17.7,25.4,Uzunköprü,41.27261111111111,93.2011442911518,-67.80114429115181
1967,6,20.7,30.0,Uzunköprü,41.27261111111111,117.74898184377993,-87.74898184377993
1967,7,23.8,20.4,Uzunköprü,41.27261111111111,145.8594574171567,-125.4594574171567
1967,8,24.5,12.1,Uzunköprü,41.27261111111111,141.28194333467889,-129.1819433346789
1967,9,20.4,12.8,Uzunköprü,41.27261111111111,94.58966914306276,-81.78966914306277
1967,10,14.4,72.4,Uzunköprü,41.27261111111111,52.48055196647595,19.919448033524056
1967,11,9.7,35.5,Uzunköprü,41.27261111111111,25.61660212048352,9.88339787951648
1967,12,5.6,75.7,Uzunköprü,41.27261111111111,11.287073911598181,64.41292608840182
1968,1,1.6,129.9,Uzunköprü,41.27261111111111,1.7083936494865781,128.19160635051344
1968,2,5.9,44.2,Uzunköprü,41.27261111111111,11.803655900985135,32.39634409901487
1968,3,7.1,55.2,Uzunköprü,41.27261111111111,19.35005932628638,35.84994067371362
1968,4,14.0,6.9,Uzunköprü,41.27261111111111,57.437504945950394,-50.537504945950396
1968,5,20.8,10.0,Uzunköprü,41.27261111111111,116.31578416592738,-106.31578416592738
1968,6,21.9,7.9,Uzunköprü,41.27261111111111,126.61891519999443,-118.71891519999443
1968,7,24.6,8.5,Uzunköprü,41.27261111111111,152.4064698548389,-143.9064698548389
1968,8,22.7,39.1,Uzunköprü,41.27261111111111,125.72467995934112,-86.62467995934111
1968,9,19.7,143.5,Uzunköprü,41.27261111111111,88.81761520192302,54.68238479807698
1968,10,12.9,25.9,Uzunköprü,41.27261111111111,43.47227757342834,-17.572277573428345
1968,11,10.3,73.4,Uzunköprü,41.27261111111111,26.84719210538875,46.552807894611256
1968,12,3.4,110.1,Uzunköprü,41.27261111111111,5.059279212504905,105.04072078749509
1969,1,-1.7,66.3,Uzunköprü,41.27261111111111,0.0,66.3
1969,2,5.8,115.1,Uzunköprü,41.27261111111111,11.949551469711686,103.15044853028832
1969,3,5.4,49.7,Uzunköprü,41.27261111111111,13.426194406164726,36.27380559383528
1969,4,10.7,68.5,Uzunköprü,41.27261111111111,39.4753130935964,29.024686906403602
1969,5,19.4,20.0,Uzunköprü,41.27261111111111,105.76651311009276,-85.76651311009276
1969,6,22.6,23.7,Uzunköprü,41.27261111111111,133.21453895936733,-109.51453895936733
1969,7,22.2,8.2,Uzunköprü,41.27261111111111,131.55208948084214,-123.35208948084214
1969,8,23.5,72.7,Uzunköprü,41.27261111111111,132.76869581706492,-60.06869581706492
1969,9,20.5,11.8,Uzunköprü,41.27261111111111,94.83068860088537,-83.03068860088537
1969,10,14.1,54.3,Uzunköprü,41.27261111111111,50.3743893933297,3.925610606670297
1969,11,11.0,43.2,Uzunköprü,41.27261111111111,30.243944050324167,12.956055949675836
1969,12,6.5,138.2,Uzunköprü,41.27261111111111,13.659783770850565,124.54021622914942
1970,1,5.4,89.9,Uzunköprü,41.27261111111111,10.502204700934755,79.39779529906525
1970,2,6.6,125.6,Uzunköprü,41.27261111111111,14.140655217376628,111.45934478262336
1970,3,8.1,67.3,Uzunköprü,41.27261111111111,23.81330888402817,43.48669111597182
1970,4,14.4,59.2,Uzunköprü,41.27261111111111,60.27683010539314,-1.0768301053931353
1970,5,16.2,98.2,Uzunköprü,41.27261111111111,80.79998759052413,17.400012409475877
1970,6,21.5,3.3,Uzunköprü,41.27261111111111,123.5037631902609,-120.2037631902609
1970,7,24.8,9.9,Uzunköprü,41.27261111111111,154.37333158847287,-144.47333158847286
1970,8,24.1,0.6,Uzunköprü,41.27261111111111,137.5186047953425,-136.9186047953425
1970,9,19.3,1.7,Uzunköprü,41.27261111111111,86.46484660998853,-84.76484660998852
1970,10,12.4,82.7,Uzunköprü,41.27261111111111,41.339506998747346,41.36049300125266
1970,11,9.5,100.5,Uzunköprü,41.27261111111111,24.084117332411786,76.41588266758822
1970,12,4.6,58.1,Uzunköprü,41.27261111111111,8.060199206175149,50.03980079382485
1971,1,5.7,81.2,Uzunköprü,41.27261111111111,12.777910695697056,68.42208930430294
1971,2,4.4,97.3,Uzunköprü,41.27261111111111,8.933937894785023,88.36606210521498
1971,3,6.3,157.1,Uzunköprü,41.27261111111111,18.36406583092667,138.73593416907332
1971,4,11.2,34.5,Uzunköprü,41.27261111111111,44.51330916553712,-10.013309165537123
1971,5,18.4,15.2,Uzunköprü,41.27261111111111,100.23270123921125,-85.03270123921125
1971,6,21.4,53.1,Uzunköprü,41.27261111111111,124.7832016604447,-71.6832016604447
1971,7,22.2,35.1,Uzunköprü,41.27261111111111,133.1034983064926,-98.00349830649262
1971,8,23.9,4.1,Uzunköprü,41.27261111111111,137.05154574628693,-132.95154574628694
1971,9,18.4,41.2,Uzunköprü,41.27261111111111,82.94131279660594,-41.74131279660594
1971,10,11.6,48.3,Uzunköprü,41.27261111111111,39.930217126373144,8.369782873626853
1971,11,9.0,145.2,Uzunköprü,41.27261111111111,24.15542753972136,121.04457246027863
1971,12,4.3,82.4,Uzunköprü,41.27261111111111,8.380053577713996,74.01994642228601
1972,1,2.3,21.6,Uzunköprü,41.27261111111111,3.238060708876056,18.361939291123946
1972,2,3.4,41.3,Uzunköprü,41.27261111111111,5.694743859238228,35.60525614076177
1972,3,7.2,48.1,Uzunköprü,41.27261111111111,20.871641108345877,27.228358891654125
1972,4,14.3,53.7,Uzunköprü,41.27261111111111,60.84977723926574,-7.149777239265738
1972,5,17.6,49.6,Uzunköprü,41.27261111111111,92.4723171380015,-42.8723171380015
1972,6,22.6,41.9,Uzunköprü,41.27261111111111,133.61384462395787,-91.71384462395787
1972,7,24.1,54.3,Uzunköprü,41.27261111111111,148.52189498003312,-94.22189498003313
1972,8,24.2,21.7,Uzunköprü,41.27261111111111,138.81116479117705,-117.11116479117705
1972,9,18.4,57.7,Uzunköprü,41.27261111111111,81.56803403539168,-23.868034035391673
1972,10,12.3,172.1,Uzunköprü,41.27261111111111,41.85971072353181,130.2402892764682
1972,11,9.6,21.1,Uzunköprü,41.27261111111111,25.25590978314215,-4.15590978314215
1972,12,3.4,8.5,Uzunköprü,41.27261111111111,5.515541455083269,2.9844585449167313
1973,1,1.3,94.9,Uzunköprü,41.27261111111111,1.5717114628870008,93.32828853711301
1973,2,6.3,104.4,Uzunköprü,41.27261111111111,14.477289817628137,89.92271018237187
1973,3,5.6,126.1,Uzunköprü,41.27261111111111,15.295043034694826,110.80495696530517
1973,4,12.1,128.6,Uzunköprü,41.27261111111111,49.103091720649324,79.49690827935066
1973,5,17.9,22.2,Uzunköprü,41.27261111111111,95.99048310260865,-73.79048310260865
1973,6,20.1,60.4,Uzunköprü,41.27261111111111,113.95330471921217,-53.55330471921217
1973,7,24.0,1.8,Uzunköprü,41.27261111111111,148.1745343180698,-146.37453431806978
1973,8,22.3,4.0,Uzunköprü,41.27261111111111,124.16200484335377,-120.16200484335377
1973,9,20.2,76.1,Uzunköprü,41.27261111111111,94.13672214347697,-18.03672214347698
1973,10,14.4,98.2,Uzunköprü,41.27261111111111,53.56577300262194,44.634226997378065
1973,11,7.2,32.2,Uzunköprü,41.27261111111111,17.42421570445148,14.775784295548522
1973,12,5.2,106.1,Uzunköprü,41.27261111111111,10.70773846826723,95.39226153173277
1974,1,1.0,15.5,Uzunköprü,41.27261111111111,1.0377263247122661,14.462273675287733
1974,2,5.5,63.6,Uzunköprü,41.27261111111111,11.697303661722371,51.90269633827763
1974,3,6.8,72.6,Uzunköprü,41.27261111111111,19.706527705780243,52.89347229421975
1974,4,10.5,80.1,Uzunköprü,41.27261111111111,39.70022162746935,40.39977837253065
1974,5,16.2,66.7,Uzunköprü,41.27261111111111,82.83746448270637,-16.137464482706363
1974,6,21.3,12.1,Uzunköprü,41.27261111111111,123.22207772081552,-111.12207772081553
1974,7,23.3,9.5,Uzunköprü,41.27261111111111,141.85156006148122,-132.35156006148122
1974,8,23.1,33.1,Uzunköprü,41.27261111111111,130.18759293159073,-97.08759293159073
1974,9,20.0,10.2,Uzunköprü,41.27261111111111,92.44319426304133,-82.24319426304133
1974,10,17.1,68.8,Uzunköprü,41.27261111111111,67.76234853578657,1.0376514642134254
1974,11,8.4,130.8,Uzunköprü,41.27261111111111,21.28602500521452,109.51397499478549
1974,12,4.8,56.2,Uzunköprü,41.27261111111111,9.338755225118252,46.861244774881754
1975,1,2.8,128.4,Uzunköprü,41.27261111111111,4.22468317160176,124.17531682839825
1975,2,3.1,31.4,Uzunköprü,41.27261111111111,4.907551855332433,26.492448144667566
1975,3,10.1,78.5,Uzunköprü,41.27261111111111,33.70313880608178,44.79686119391822
1975,4,13.7,44.9,Uzunköprü,41.27261111111111,56.92918419301856,-12.029184193018558
1975,5,17.7,68.0,Uzunköprü,41.27261111111111,92.94029232086832,-24.940292320868323
1975,6,21.6,85.3,Uzunköprü,41.27261111111111,124.99676252663475,-39.69676252663476
1975,7,24.3,3.3,Uzunköprü,41.27261111111111,150.18433361802255,-146.88433361802254
1975,8,22.0,102.1,Uzunköprü,41.27261111111111,120.86131078948785,-18.76131078948785
1975,9,21.3,0.6,Uzunköprü,41.27261111111111,100.49098562632615,-99.89098562632616
1975,10,13.8,133.9,Uzunköprü,41.27261111111111,49.144777211217566,84.75522278878245
1975,11,7.1,93.2,Uzunköprü,41.27261111111111,16.209821545118846,76.99017845488116
1975,12,3.2,67.3,Uzunköprü,41.27261111111111,4.976208217786632,62.32379178221336
1976,1,3.9,37.6,Uzunköprü,41.27261111111111,8.21381577522291,29.38618422477709
1976,2,1.9,10.5,Uzunköprü,41.27261111111111,3.123868028512717,7.376131971487283
1976,3,5.4,38.9,Uzunköprü,41.27261111111111,15.92353493869651,22.976465061303486
1976,4,12.7,42.2,Uzunköprü,41.27261111111111,54.84920115480781,-12.649201154807805
1976,5,16.5,60.5,Uzunköprü,41.27261111111111,88.0197478372456,-27.519747837245603
1976,6,20.3,27.0,Uzunköprü,41.27261111111111,117.40695065510256,-90.40695065510256
1976,7,22.9,27.5,Uzunköprü,41.27261111111111,139.98626650122117,-112.48626650122117
1976,8,20.3,48.6,Uzunköprü,41.27261111111111,110.55280679464255,-61.95280679464255
1976,9,18.4,17.7,Uzunköprü,41.27261111111111,84.36414267721335,-66.66414267721335
1976,10,13.9,84.8,Uzunköprü,41.27261111111111,52.91937140704766,31.880628592952334
1976,11,10.2,75.0,Uzunköprü,41.27261111111111,30.037292203096722,44.962707796903274
1976,12,3.8,126.6,Uzunköprü,41.27261111111111,7.7030050680447575,118.89699493195523
1977,1,2.9,75.6,Uzunköprü,41.27261111111111,4.368442653386228,71.23155734661377
1977,2,9.5,69.6,Uzunköprü,41.27261111111111,24.547506630301587,45.05249336969841
1977,3,7.8,47.9,Uzunköprü,41.27261111111111,22.981569804631572,24.918430195368426
1977,4,11.8,43.4,Uzunköprü,41.27261111111111,45.59284847753428,-2.192848477534284
1977,5,17.6,37.0,Uzunköprü,41.27261111111111,91.88105996565017,-54.88105996565017
1977,6,21.5,113.4,Uzunköprü,41.27261111111111,123.94723528119212,-10.547235281192116
1977,7,23.9,3.3,Uzunköprü,41.27261111111111,146.4927313301241,-143.19273133012408
1977,8,24.1,19.62662372,Uzunköprü,41.27261111111111,137.75958689678777,-118.13296317678777
1977,9,18.7,104.6,Uzunköprü,41.27261111111111,83.02869202664641,21.571307973353584
1977,10,11.7,37.5,Uzunköprü,41.27261111111111,38.46871832636921,-0.9687183263692134
1977,11,11.5,82.1,Uzunköprü,41.27261111111111,32.32198660146929,49.7780133985307
1977,12,3.1,166.5,Uzunköprü,41.27261111111111,4.674321879575624,161.82567812042439
1978,1,2.8,61.9,Uzunköprü,41.27261111111111,4.72054085580497,57.17945914419503
1978,2,5.9,98.8,Uzunköprü,41.27261111111111,13.395332306254131,85.40466769374586
1978,3,8.5,102.1,Uzunköprü,41.27261111111111,27.79669353828548,74.30330646171451
1978,4,11.7,80.9,Uzunköprü,41.27261111111111,47.21150072791587,33.68849927208414
1978,5,16.7,51.5,Uzunköprü,41.27261111111111,87.46954563670218,-35.96954563670218
1978,6,21.3,32.6,Uzunköprü,41.27261111111111,123.90234569349772,-91.30234569349773
1978,7,23.7,3.5,Uzunköprü,41.27261111111111,145.7535142558059,-142.2535142558059
1978,8,22.4,6.1,Uzunköprü,41.27261111111111,125.16281340518144,-119.06281340518144
1978,9,18.0,89.8,Uzunköprü,41.27261111111111,80.36259174351865,9.437408256481348
1978,10,14.0,169.1,Uzunköprü,41.27261111111111,51.8088792112122,117.2911207887878
1978,11,7.0,22.7,Uzunköprü,41.27261111111111,16.964817872541847,5.7351821274581525
1978,12,5.4,46.7,Uzunköprü,41.27261111111111,11.465543599196728,35.234456400803275
1979,1,3.8,126.1,Uzunköprü,41.27261111111111,6.462918892587244,119.63708110741275
1979,2,5.6,74.8,Uzunköprü,41.27261111111111,11.38442456241918,63.41557543758081
1979,3,10.0,8.4,Uzunköprü,41.27261111111111,32.953843144865274,-24.553843144865276
1979,4,11.4,103.3,Uzunköprü,41.27261111111111,43.34829267177196,59.95170732822804
1979,5,17.7,16.8,Uzunköprü,41.27261111111111,92.62244853592372,-75.82244853592373
1979,6,22.8,52.3,Uzunköprü,41.27261111111111,134.96943890384347,-82.66943890384347
1979,7,22.2,103.5,Uzunköprü,41.27261111111111,131.59369191950825,-28.093691919508245
1979,8,22.9,5.5,Uzunköprü,41.27261111111111,127.90066637301244,-122.40066637301244
1979,9,19.7,14.7,Uzunköprü,41.27261111111111,89.54194854496762,-74.84194854496762
1979,10,12.8,136.0,Uzunköprü,41.27261111111111,43.81661083623561,92.18338916376439
1979,11,10.2,159.8,Uzunköprü,41.27261111111111,27.141660730731655,132.65833926926837
1979,12,6.6,52.4,Uzunköprü,41.27261111111111,13.99899313058337,38.401006869416626
1980,1,1.3,126.0,Uzunköprü,41.27261111111111,1.6071819066979982,124.392818093302
1980,2,2.6,31.2,Uzunköprü,41.27261111111111,4.24675940010572,26.95324059989428
1980,3,6.2,56.7,Uzunköprü,41.27261111111111,17.83847624426338,38.86152375573663
1980,4,11.3,68.3,Uzunköprü,41.27261111111111,44.88876136966846,23.41123863033154
1980,5,16.0,121.1,Uzunköprü,41.27261111111111,82.30173016918607,38.79826983081392
1980,6,20.7,63.9,Uzunköprü,41.27261111111111,118.99047681564227,-55.09047681564227
1980,7,23.8,14.2,Uzunköprü,41.27261111111111,146.5734589659059,-132.3734589659059
1980,8,22.2,29.4,Uzunköprü,41.27261111111111,123.55412489314274,-94.15412489314275
1980,9,18.3,24.6,Uzunköprü,41.27261111111111,82.16864384490317,-57.56864384490317
1980,10,16.7,6.0,Uzunköprü,41.27261111111111,66.19700712054805,-60.19700712054805
1980,11,10.2,92.2,Uzunköprü,41.27261111111111,28.629317238674655,63.570682761325344
1980,12,6.3,187.0,Uzunköprü,41.27261111111111,14.172391276667506,172.8276087233325
1981,1,1.2,163.2,Uzunköprü,41.27261111111111,1.2161582214962603,161.98384177850372
1981,2,3.1,75.1,Uzunköprü,41.27261111111111,4.83589818313165,70.26410181686835
1981,3,9.3,38.7,Uzunköprü,41.27261111111111,29.70000408319802,8.999995916801982
1981,4,12.0,27.3,Uzunköprü,41.27261111111111,46.75456739029349,-19.454567390293487
1981,5,15.1,24.6,Uzunköprü,41.27261111111111,73.59036767280723,-48.99036767280723
1981,6,23.6,7.8,Uzunköprü,41.27261111111111,141.9299471702628,-134.1299471702628
1981,7,23.3,8.0,Uzunköprü,41.27261111111111,141.2004769476885,-133.2004769476885
1981,8,23.1,3.1,Uzunköprü,41.27261111111111,129.55408106257192,-126.45408106257193
1981,9,20.0,12.7,Uzunköprü,41.27261111111111,91.56751909116475,-78.86751909116475
1981,10,16.6,102.5,Uzunköprü,41.27261111111111,63.96723207029386,38.53276792970614
1981,11,6.9,168.0,Uzunköprü,41.27261111111111,15.410947070619883,152.5890529293801
1981,12,7.6,197.6,Uzunköprü,41.27261111111111,17.21382412520593,180.38617587479405
1982,1,2.0,64.6,Uzunköprü,41.27261111111111,2.7352620457345522,61.86473795426544
1982,2,2.2,43.5,Uzunköprü,41.27261111111111,3.1418843708891,40.3581156291109
1982,3,6.1,84.0,Uzunköprü,41.27261111111111,16.75072812303829,67.24927187696171
1982,4,10.7,93.2,Uzunköprü,41.27261111111111,40.56746309029209,52.632536909707916
1982,5,16.6,51.4,Uzunköprü,41.27261111111111,85.52373125245532,-34.12373125245532
1982,6,22.2,10.3,Uzunköprü,41.27261111111111,130.5364647278066,-120.23646472780659
1982,7,23.0,6.1,Uzunköprü,41.27261111111111,139.14459241829218,-133.04459241829218
1982,8,23.1,1.3,Uzunköprü,41.27261111111111,130.07693596627067,-128.77693596627066
1982,9,21.3,9.7,Uzunköprü,41.27261111111111,100.95434348418438,-91.25434348418437
1982,10,15.3,25.9,Uzunköprü,41.27261111111111,57.684116985622936,-31.784116985622937
1982,11,7.9,52.7,Uzunköprü,41.27261111111111,19.376806567989,33.323193432011
1982,12,7.7,87.1,Uzunköprü,41.27261111111111,18.136388600709264,68.96361139929073
1983,1,3.6,27.5,Uzunköprü,41.27261111111111,6.757326216843835,20.742673783156164
1983,2,3.6,79.4,Uzunköprü,41.27261111111111,6.776187194413348,72.62381280558665
1983,3,7.9,16.4,Uzunköprü,41.27261111111111,25.219187150789804,-8.819187150789805
1983,4,13.9,15.5,Uzunköprü,41.27261111111111,60.20248811204932,-44.70248811204932
1983,5,18.6,46.6,Uzunköprü,41.27261111111111,101.81217321745847,-55.212173217458464
1983,6,19.4,100.4,Uzunköprü,41.27261111111111,108.89531360856184,-8.49531360856183
1983,7,23.6,97.2,Uzunköprü,41.27261111111111,144.97046275409582,-47.77046275409582
1983,8,21.6,3.6,Uzunköprü,41.27261111111111,119.07165271599347,-115.47165271599347
1983,9,19.3,55.7,Uzunköprü,41.27261111111111,88.69299049210998,-32.99299049210998
1983,10,12.5,15.1,Uzunköprü,41.27261111111111,44.36414590807114,-29.264145908071136
1983,11,7.0,27.2,Uzunköprü,41.27261111111111,17.055497944144022,10.144502055855977
1983,12,5.5,71.0,Uzunköprü,41.27261111111111,11.837131836693002,59.162868163306996
1984,1,5.7,77.5,Uzunköprü,41.27261111111111,11.97237042738152,65.52762957261848
1984,2,4.1,72.8,Uzunköprü,41.27261111111111,7.482156978461075,65.31784302153892
1984,3,5.8,184.6,Uzunköprü,41.27261111111111,15.345203404886155,169.25479659511385
1984,4,10.4,67.8,Uzunköprü,41.27261111111111,38.57769343037995,29.222306569620045
1984,5,17.8,25.2,Uzunköprü,41.27261111111111,94.06682565938763,-68.86682565938763
1984,6,21.0,24.3,Uzunköprü,41.27261111111111,120.29305873208676,-95.99305873208677
1984,7,22.7,26.2,Uzunköprü,41.27261111111111,136.32841674462534,-110.12841674462534
1984,8,21.5,14.8,Uzunköprü,41.27261111111111,117.16099537622947,-102.36099537622947
1984,9,21.3,0.1,Uzunköprü,41.27261111111111,100.71296490913063,-100.61296490913064
1984,10,17.3,0.8,Uzunköprü,41.27261111111111,68.40889424162621,-67.60889424162622
1984,11,9.6,102.3,Uzunköprü,41.27261111111111,25.309946093254663,76.99005390674533
1984,12,4.7,9.8,Uzunköprü,41.27261111111111,8.815928884064535,0.9840711159354658
1985,1,3.8,108.7,Uzunköprü,41.27261111111111,6.682662799313154,102.01733720068685
1985,2,-1.5,50.5,Uzunköprü,41.27261111111111,0.0,50.5
1985,3,5.7,25.3,Uzunköprü,41.27261111111111,14.953132216792143,10.346867783207857
1985,4,13.4,43.0,Uzunköprü,41.27261111111111,55.47929037917488,-12.479290379174877
1985,5,19.1,4.6,Uzunköprü,41.27261111111111,104.06017229095319,-99.4601722909532
1985,6,20.9,47.6,Uzunköprü,41.27261111111111,119.45393507353936,-71.85393507353936
1985,7,22.9,8.3,Uzunköprü,41.27261111111111,138.04243429540583,-129.74243429540581
1985,8,24.3,2.3,Uzunköprü,41.27261111111111,139.65720033821987,-137.35720033821985
1985,9,19.4,8.4,Uzunköprü,41.27261111111111,88.05701713851472,-79.65701713851472
1985,10,11.8,37.0,Uzunköprü,41.27261111111111,39.48406215774242,-2.4840621577424216
1985,11,10.9,149.7,Uzunköprü,41.27261111111111,30.354074006606723,119.34592599339327
1985,12,7.0,18.1,Uzunköprü,41.27261111111111,15.603078305776856,2.496921694223145
1986,1,6.2,117.1,Uzunköprü,41.27261111111111,13.957994312288108,103.14200568771189
1986,2,3.6,101.1,Uzunköprü,41.27261111111111,6.493432674110223,94.60656732588977
1986,3,5.8,22.0,Uzunköprü,41.27261111111111,15.880122502906985,6.1198774970930145
1986,4,14.4,22.0,Uzunköprü,41.27261111111111,62.40621932538897,-40.40621932538897
1986,5,16.5,24.8,Uzunköprü,41.27261111111111,85.29077168446622,-60.490771684466225
1986,6,21.7,118.7,Uzunköprü,41.27261111111111,126.69375090191919,-7.993750901919185
1986,7,22.9,14.5,Uzunköprü,41.27261111111111,138.55059889799384,-124.05059889799384
1986,8,24.3,62.6,Uzunköprü,41.27261111111111,139.98063749922605,-77.38063749922605
1986,9,19.9,1.2,Uzunköprü,41.27261111111111,91.9657444262541,-90.7657444262541
1986,10,13.3,56.0,Uzunköprü,41.27261111111111,47.64841810988953,8.351581890110467
1986,11,6.1,34.1,Uzunköprü,41.27261111111111,13.646875378949325,20.453124621050677
1986,12,1.8,71.3,Uzunköprü,41.27261111111111,2.361986105359337,68.93801389464066
1987,1,2.0,68.1,Uzunköprü,41.27261111111111,3.189667497322344,64.91033250267765
1987,2,5.1,25.6,Uzunköprü,41.27261111111111,11.486471160831497,14.113528839168504
1987,3,2.7,60.3,Uzunköprü,41.27261111111111,6.007593251670001,54.292406748329995
1987,4,10.1,71.6,Uzunköprü,41.27261111111111,39.591782321097035,32.00821767890296
1987,5,15.3,21.7,Uzunköprü,41.27261111111111,78.72071955091013,-57.02071955091013
1987,6,21.4,53.7,Uzunköprü,41.27261111111111,125.56445219223524,-71.86445219223523
1987,7,24.7,10.1,Uzunköprü,41.27261111111111,154.794830282192,-144.69483028219202
1987,8,22.0,22.9,Uzunköprü,41.27261111111111,122.78456915870207,-99.88456915870208
1987,9,20.4,4.7,Uzunköprü,41.27261111111111,96.49062724709225,-91.79062724709225
1987,10,12.2,77.2,Uzunköprü,41.27261111111111,43.77519779814341,33.42480220185659
1987,11,10.3,133.0,Uzunköprü,41.27261111111111,29.92822729826819,103.07177270173182
1987,12,3.6,149.9,Uzunköprü,41.27261111111111,6.91364909347433,142.98635090652567
1988,1,5.1,14.1,Uzunköprü,41.27261111111111,10.720973019227744,3.379026980772256
1988,2,4.4,46.7,Uzunköprü,41.27261111111111,8.736201553695238,37.963798446304764
1988,3,7.7,61.8,Uzunköprü,41.27261111111111,23.915145567932985,37.884854432067016
1988,4,10.4,52.2,Uzunköprü,41.27261111111111,39.67807110547886,12.521928894521146
1988,5,16.4,10.2,Uzunköprü,41.27261111111111,84.86579600085688,-74.66579600085687
1988,6,21.7,25.6,Uzunköprü,41.27261111111111,126.89107262432458,-101.29107262432458
1988,7,25.8,27.2,Uzunköprü,41.27261111111111,164.0215489949005,-136.82154899490052
1988,8,24.0,36.9,Uzunköprü,41.27261111111111,137.6585326754604,-100.7585326754604
1988,9,19.7,28.5,Uzunköprü,41.27261111111111,90.86769758022525,-62.367697580225254
1988,10,12.6,11.4,Uzunköprü,41.27261111111111,44.38811935715827,-32.98811935715827
1988,11,4.1,197.0,Uzunköprü,41.27261111111111,7.892095322030039,189.10790467796997
1988,12,3.2,98.1,Uzunköprü,41.27261111111111,5.408060539480607,92.6919394605194
1989,1,1.5,0.9,Uzunköprü,41.27261111111111,2.0120246036842606,-1.1120246036842607
1989,2,5.2,4.5,Uzunköprü,41.27261111111111,11.3482350470995,-6.8482350470995
1989,3,9.5,64.1,Uzunköprü,41.27261111111111,32.6791385137913,31.420861486208693
1989,4,14.9,14.7,Uzunköprü,41.27261111111111,66.40659062211832,-51.70659062211831
1989,5,15.7,47.2,Uzunköprü,41.27261111111111,80.52125336008123,-33.32125336008123
1989,6,19.7,119.9,Uzunköprü,41.27261111111111,111.32794293417648,8.572057065823529
1989,7,22.3,52.8,Uzunköprü,41.27261111111111,134.03783482958352,-81.23783482958352
1989,8,23.6,50.9,Uzunköprü,41.27261111111111,134.72948169629785,-83.82948169629785
1989,9,19.2,11.2,Uzunköprü,41.27261111111111,88.12447131963245,-76.92447131963245
1989,10,12.7,55.0,Uzunköprü,41.27261111111111,45.4359209043963,9.564079095603702
1989,11,7.2,76.8,Uzunköprü,41.27261111111111,17.793031927399607,59.00696807260039
1989,12,4.1,72.2,Uzunköprü,41.27261111111111,7.900278091332027,64.29972190866798
1990,1,1.5,2.4,Uzunköprü,41.27261111111111,1.6299219417541055,0.7700780582458944
1990,2,5.8,15.7,Uzunköprü,41.27261111111111,11.808982871339104,3.891017128660895
1990,3,9.3,17.6,Uzunköprü,41.27261111111111,29.362738795386857,-11.762738795386856
1990,4,12.4,80.8,Uzunköprü,41.27261111111111,48.62711683052946,32.17288316947054
1990,5,15.9,45.5,Uzunköprü,41.27261111111111,78.86971364790168,-33.369713647901676
1990,6,21.2,23.8,Uzunköprü,41.27261111111111,121.16028365557393,-97.36028365557394
1990,7,24.4,7.4,Uzunköprü,41.27261111111111,150.82154462783404,-143.42154462783404
1990,8,23.5,3.4,Uzunköprü,41.27261111111111,132.63122175875708,-129.23122175875707
1990,9,19.0,40.2,Uzunköprü,41.27261111111111,84.68110388447525,-44.481103884475246
1990,10,14.0,79.1,Uzunköprü,41.27261111111111,49.6052814525821,29.494718547417897
1990,11,12.2,63.9,Uzunköprü,41.27261111111111,34.94602222349687,28.95397777650313
1990,12,6.4,147.6,Uzunköprü,41.27261111111111,13.20811016085127,134.39188983914872
1991,1,2.3,9.4,Uzunköprü,41.27261111111111,3.7801041354259777,5.619895864574023
1991,2,3.2,36.6,Uzunköprü,41.27261111111111,5.967888298084195,30.632111701915807
1991,3,6.2,25.7,Uzunköprü,41.27261111111111,18.46381530322444,7.23618469677556
1991,4,10.5,47.0,Uzunköprü,41.27261111111111,41.41427209220145,5.5857279077985496
1991,5,15.2,52.8,Uzunköprü,41.27261111111111,77.63955375728771,-24.839553757287717
1991,6,21.9,13.5,Uzunköprü,41.27261111111111,129.36212984372256,-115.86212984372256
1991,7,23.6,22.9,Uzunköprü,41.27261111111111,145.29638678641896,-122.39638678641896
1991,8,23.1,77.0,Uzunköprü,41.27261111111111,131.07592733537223,-54.07592733537223
1991,9,19.6,12.8,Uzunköprü,41.27261111111111,91.11406555492914,-78.31406555492914
1991,10,14.4,146.7,Uzunköprü,41.27261111111111,54.60693590387389,92.0930640961261
1991,11,9.3,148.6,Uzunköprü,41.27261111111111,25.796491564572374,122.80350843542762
1991,12,0.5,30.6,Uzunköprü,41.27261111111111,0.45081032066080223,30.149189679339198
1992,1,2.5,1.5,Uzunköprü,41.27261111111111,4.0917987537482166,-2.5917987537482166
1992,2,2.6,18.0,Uzunköprü,41.27261111111111,4.332988209261961,13.667011790738039
1992,3,6.8,38.9,Uzunköprü,41.27261111111111,20.538564220019666,18.361435779980333
1992,4,12.1,43.2,Uzunköprü,41.27261111111111,49.73295248271051,-6.532952482710506
1992,5,14.9,22.5,Uzunköprü,41.27261111111111,74.88132900425549,-52.38132900425549
1992,6,20.8,71.0,Uzunköprü,41.27261111111111,120.05902871815569,-49.05902871815569
1992,7,21.9,29.0,Uzunköprü,41.27261111111111,130.71124688420113,-101.71124688420113
1992,8,24.6,0.1,Uzunköprü,41.27261111111111,142.72640564162995,-142.62640564162996
1992,9,18.6,0.0,Uzunköprü,41.27261111111111,84.32418032733105,-84.32418032733105
1992,10,17.0,71.6,Uzunköprü,41.27261111111111,68.13306854581676,3.4669314541832392
1992,11,9.2,91.8,Uzunköprü,41.27261111111111,25.013714396081003,66.786285603919
1992,12,2.4,26.6,Uzunköprü,41.27261111111111,3.7549997525120347,22.845000247487967
1993,1,1.3,18.9,Uzunköprü,41.27261111111111,1.6140392184938375,17.285960781506162
1993,2,0.7,43.3,Uzunköprü,41.27261111111111,0.6818807289256703,42.61811927107433
1993,3,5.9,73.2,Uzunköprü,41.27261111111111,16.679192325153224,56.52080767484678
1993,4,11.4,11.6,Uzunköprü,41.27261111111111,45.49982002103623,-33.89982002103623
1993,5,16.2,68.4,Uzunköprü,41.27261111111111,83.80291478051276,-15.40291478051276
1993,6,21.4,7.9,Uzunköprü,41.27261111111111,124.69249910522146,-116.79249910522145
1993,7,23.2,3.4,Uzunköprü,41.27261111111111,141.46361902783312,-138.0636190278331
1993,8,23.9,0.5,Uzunköprü,41.27261111111111,137.00027331834661,-136.50027331834661
1993,9,19.6,5.4,Uzunköprü,41.27261111111111,90.48162372712879,-85.08162372712879
1993,10,16.3,26.9,Uzunköprü,41.27261111111111,64.03629624895034,-37.13629624895034
1993,11,5.8,89.2,Uzunköprü,41.27261111111111,13.032970400421537,76.16702959957847
1993,12,6.7,59.5,Uzunköprü,41.27261111111111,15.476061596506407,44.023938403493595
1994,1,5.8,34.0,Uzunköprü,41.27261111111111,10.425178768319912,23.57482123168009
1994,2,4.5,18.2,Uzunköprü,41.27261111111111,7.069168771552324,11.130831228447676
1994,3,8.5,51.5,Uzunköprü,41.27261111111111,23.493824879057033,28.006175120942967
1994,4,13.6,33.4,Uzunköprü,41.27261111111111,52.728732946033155,-19.328732946033156
1994,5,18.2,31.7,Uzunköprü,41.27261111111111,93.16958578778763,-61.46958578778762
1994,6,21.2,33.9,Uzunköprü,41.27261111111111,118.90384703107418,-85.00384703107417
1994,7,24.9,12.5,Uzunköprü,41.27261111111111,154.43127994069036,-141.93127994069036
1994,8,25.6,3.5,Uzunköprü,41.27261111111111,149.74358724452028,-146.24358724452028
1994,9,23.8,7.5,Uzunköprü,41.27261111111111,116.58941011852309,-109.08941011852309
1994,10,15.5,133.8,Uzunköprü,41.27261111111111,55.10455058097548,78.69544941902453
1994,11,6.9,67.2,Uzunköprü,41.27261111111111,13.631768664373812,53.568231335626194
1994,12,3.7,122.4,Uzunköprü,41.27261111111111,5.063096295833522,117.33690370416649
1995,1,2.4,182.3,Uzunköprü,41.27261111111111,3.5319645058907447,178.76803549410926
1995,2,7.3,49.5,Uzunköprü,41.27261111111111,17.316056494245192,32.18394350575481
1995,3,7.8,131.6,Uzunköprü,41.27261111111111,23.72670400707664,107.87329599292335
1995,4,11.6,33.3,Uzunköprü,41.27261111111111,45.44920297786439,-12.149202977864391
1995,5,17.2,12.0,Uzunköprü,41.27261111111111,89.89282387700938,-77.89282387700938
1995,6,23.4,59.4,Uzunköprü,41.27261111111111,140.67132676182763,-81.27132676182762
1995,7,23.6,39.3,Uzunköprü,41.27261111111111,144.31296536106265,-105.01296536106265
1995,8,23.0,43.9,Uzunköprü,41.27261111111111,129.2405812793796,-85.34058127937959
1995,9,19.6,78.2,Uzunköprü,41.27261111111111,89.6222614507848,-11.422261450784802
1995,10,12.5,18.4,Uzunköprü,41.27261111111111,43.19193870892885,-24.791938708928853
1995,11,6.0,144.7,Uzunköprü,41.27261111111111,13.059229901184898,131.6407700988151
1995,12,5.5,70.6,Uzunköprü,41.27261111111111,11.198094411101849,59.401905588898146
1996,1,1.3,20.5,Uzunköprü,41.27261111111111,1.4768938121007846,19.023106187899216
1996,2,2.4,147.4,Uzunköprü,41.27261111111111,3.5496307811075885,143.8503692188924
1996,3,3.2,59.5,Uzunköprü,41.27261111111111,6.668874767266886,52.831125232733115
1996,4,10.7,69.2,Uzunköprü,41.27261111111111,40.53712330265685,28.66287669734315
1996,5,19.6,18.4,Uzunköprü,41.27261111111111,108.33765787918286,-89.93765787918286
1996,6,22.5,0.8,Uzunköprü,41.27261111111111,133.03799175708363,-132.23799175708362
1996,7,24.5,33.85,Uzunköprü,41.27261111111111,152.24064429621353,-118.39064429621354
1996,8,23.7,49.5,Uzunköprü,41.27261111111111,134.9038029912799,-85.40380299127989
1996,9,18.3,75.4,Uzunköprü,41.27261111111111,81.29191616247044,-5.891916162470437
1996,10,13.2,13.3,Uzunköprü,41.27261111111111,46.71365909171152,-33.41365909171152
1996,11,10.1,92.7,Uzunköprü,41.27261111111111,27.476816293409012,65.22318370659099
1996,12,6.7,114.1,Uzunköprü,41.27261111111111,14.858454740180878,99.24154525981912
1997,1,3.1,47.1,Uzunköprü,41.27261111111111,5.81482730491715,41.28517269508285
1997,2,4.2,42.0,Uzunköprü,41.27261111111111,8.825782550541053,33.17421744945895
1997,3,5.5,135.0,Uzunköprü,41.27261111111111,15.897777053333797,119.1022229466662
1997,4,8.8,98.4,Uzunköprü,41.27261111111111,32.83356462486157,65.56643537513844
1997,5,18.1,16.2,Uzunköprü,41.27261111111111,99.06622720215441,-82.8662272021544
1997,6,22.5,16.1,Uzunköprü,41.27261111111111,134.482757907268,-118.382757907268
1997,7,24.1,28.4,Uzunköprü,41.27261111111111,149.69689266486475,-121.29689266486474
1997,8,21.5,69.1,Uzunköprü,41.27261111111111,119.01317121383512,-49.91317121383513
1997,9,17.1,1.3,Uzunköprü,41.27261111111111,75.85765268851759,-74.55765268851759
1997,10,12.6,99.9,Uzunköprü,41.27261111111111,45.77832478331979,54.12167521668022
1997,11,9.4,60.6,Uzunköprü,41.27261111111111,26.43989136870827,34.160108631291735
1997,12,4.9,160.0,Uzunköprü,41.27261111111111,10.549674337534643,149.45032566246536
1998,1,3.8,27.6,Uzunköprü,41.27261111111111,6.4158749889351965,21.184125011064804
1998,2,5.1,110.4,Uzunköprü,41.27261111111111,9.876487499244964,100.52351250075505
1998,3,4.9,186.1,Uzunköprü,41.27261111111111,11.615472023829337,174.48452797617065
1998,4,13.8,25.1,Uzunköprü,41.27261111111111,57.07457325946155,-31.97457325946155
1998,5,16.8,121.3,Uzunköprü,41.27261111111111,85.70892317324628,35.59107682675372
1998,6,22.6,18.6,Uzunköprü,41.27261111111111,133.16650727458716,-114.56650727458717
1998,7,24.7,30.5,Uzunköprü,41.27261111111111,153.61386927309113,-123.11386927309113
1998,8,25.1,37.1,Uzunköprü,41.27261111111111,146.09728415503875,-108.99728415503876
1998,9,19.1,75.2,Uzunköprü,41.27261111111111,85.4980411185794,-10.298041118579391
1998,10,15.1,153.7,Uzunköprü,41.27261111111111,55.58692361057783,98.11307638942216
1998,11,8.1,132.6,Uzunköprü,41.27261111111111,19.33016536499252,113.26983463500747
1998,12,1.5,103.7,Uzunköprü,41.27261111111111,1.6089968841874358,102.09100311581257
1999,1,3.8,112.2,Uzunköprü,41.27261111111111,5.313644712937996,106.886355287062
1999,2,3.6,91.9,Uzunköprü,41.27261111111111,4.899327375860223,87.00067262413978
1999,3,8.2,114.0,Uzunköprü,41.27261111111111,21.933085801563422,92.06691419843658
1999,4,14.1,17.0,Uzunköprü,41.27261111111111,55.34497269578847,-38.34497269578847
1999,5,18.0,11.7,Uzunköprü,41.27261111111111,91.18539364161731,-79.4853936416173
1999,6,23.6,33.9,Uzunköprü,41.27261111111111,140.08106641376838,-106.18106641376838
1999,7,25.6,9.3,Uzunköprü,41.27261111111111,161.09094428368292,-151.7909442836829
1999,8,25.0,5.1,Uzunköprü,41.27261111111111,144.25283091467887,-139.15283091467887
1999,9,20.6,16.4,Uzunköprü,41.27261111111111,93.04336083231591,-76.64336083231592
1999,10,15.7,26.8,Uzunköprü,41.27261111111111,55.86672911739129,-29.066729117391287
1999,11,8.8,118.5,Uzunköprü,41.27261111111111,19.586835272970696,98.91316472702931
1999,12,7.2,124.7,Uzunköprü,41.27261111111111,13.92372345824624,110.77627654175376
2000,1,0.2,37.9,Uzunköprü,41.27261111111111,0.06831481964716961,37.83168518035283
2000,2,5.5,59.7,Uzunköprü,41.27261111111111,10.156304251274102,49.5436957487259
2000,3,7.2,67.9,Uzunköprü,41.27261111111111,19.006768081666625,48.893231918333385
2000,4,14.7,52.3,Uzunköprü,41.27261111111111,60.65438633180795,-8.354386331807952
2000,5,17.2,44.2,Uzunköprü,41.27261111111111,86.67470777808418,-42.47470777808418
2000,6,21.6,24.5,Uzunköprü,41.27261111111111,123.27181496674324,-98.77181496674324
2000,7,26.1,2.2,Uzunköprü,41.27261111111111,166.20975255250212,-164.00975255250214
2000,8,24.1,19.1,Uzunköprü,41.27261111111111,136.9246399573493,-117.82463995734932
2000,9,19.7,38.7,Uzunköprü,41.27261111111111,88.01412201776095,-49.31412201776095
2000,10,13.7,38.2,Uzunköprü,41.27261111111111,46.589825700573755,-8.389825700573752
2000,11,11.7,40.3,Uzunköprü,41.27261111111111,31.63611906806319,8.663880931936806
2000,12,6.8,33.0,Uzunköprü,41.27261111111111,13.546838563195507,19.453161436804493
2001,1,5.6,70.0,Uzunköprü,41.27261111111111,9.625155999452987,60.374844000547014
2001,2,6.5,25.3,Uzunköprü,41.27261111111111,12.175108334122177,13.124891665877824
2001,3,11.6,43.6,Uzunköprü,41.27261111111111,37.425674758915015,6.174325241084986
2001,4,12.3,63.2,Uzunköprü,41.27261111111111,44.58728431092866,18.612715689071344
2001,5,17.1,25.1,Uzunköprü,41.27261111111111,84.00761983305144,-58.907619833051434
2001,6,22.1,15.3,Uzunköprü,41.27261111111111,126.37271174848738,-111.07271174848738
2001,7,26.5,3.1,Uzunköprü,41.27261111111111,169.96095132226162,-166.86095132226163
2001,8,25.9,1.5,Uzunköprü,41.27261111111111,152.37033777334096,-150.87033777334096
2001,9,21.3,49.4,Uzunköprü,41.27261111111111,97.88272020874165,-48.48272020874165
2001,10,15.7,2.2,Uzunköprü,41.27261111111111,55.7122007199285,-53.512200719928494
2001,11,8.5,58.6,Uzunköprü,41.27261111111111,18.44964608106662,40.15035391893338
2001,12,-2.0,164.1,Uzunköprü,41.27261111111111,0.0,164.1
2002,1,1.7,34.2,Uzunköprü,41.27261111111111,1.774620050520262,32.42537994947974
2002,2,8.2,43.5,Uzunköprü,41.27261111111111,18.785457440602386,24.714542559397614
2002,3,9.2,87.9,Uzunköprü,41.27261111111111,27.82349982360039,60.07650017639962
2002,4,11.2,15.1,Uzunköprü,41.27261111111111,40.62133547664945,-25.521335476649448
2002,5,17.5,10.4,Uzunköprü,41.27261111111111,89.3699069681703,-78.96990696817029
2002,6,22.5,30.7,Uzunköprü,41.27261111111111,131.34686802802406,-100.64686802802406
2002,7,25.7,120.0,Uzunköprü,41.27261111111111,162.45836844104312,-42.45836844104312
2002,8,23.7,13.2,Uzunköprü,41.27261111111111,133.6883381468334,-120.48833814683339
2002,9,19.7,72.7,Uzunköprü,41.27261111111111,88.30372664774589,-15.603726647745887
2002,10,14.9,44.5,Uzunköprü,41.27261111111111,53.2115948458245,-8.7115948458245
2002,11,10.4,167.9,Uzunköprü,41.27261111111111,26.75440044607569,141.1455995539243
2002,12,3.2,33.3,Uzunköprü,41.27261111111111,4.4448977440547575,28.85510225594524
2003,1,5.1,104.0,Uzunköprü,41.27261111111111,9.890598846747812,94.1094011532522
2003,2,-0.2,57.2,Uzunköprü,41.27261111111111,0.0,57.2
2003,3,4.1,18.7,Uzunköprü,41.27261111111111,9.002183500237997,9.697816499762002
2003,4,9.6,73.7,Uzunköprü,41.27261111111111,33.72890887915109,39.97109112084891
2003,5,18.6,56.6,Uzunköprü,41.27261111111111,99.49913140270648,-42.89913140270648
2003,6,23.6,43.09917127,Uzunköprü,41.27261111111111,141.8821668779544,-98.7829956079544
2003,7,25.0,10.9,Uzunköprü,41.27261111111111,156.36778715625235,-145.46778715625234
2003,8,25.7,5.2,Uzunköprü,41.27261111111111,151.22914086674996,-146.02914086674997
2003,9,18.7,27.1,Uzunköprü,41.27261111111111,82.97873764466159,-55.87873764466159
2003,10,14.2,94.0,Uzunköprü,41.27261111111111,50.90967176229838,43.09032823770162
2003,11,9.4,17.8,Uzunköprü,41.27261111111111,24.074236763260675,-6.274236763260674
2003,12,4.0,42.5,Uzunköprü,41.27261111111111,6.747248424560019,35.75275157543998
2004,1,2.4,110.5,Uzunköprü,41.27261111111111,3.1574244799748463,107.34257552002515
2004,2,5.0,7.7,Uzunköprü,41.27261111111111,9.334383971963728,-1.6343839719637279
2004,3,8.1,74.0,Uzunköprü,41.27261111111111,23.683721458484175,50.31627854151583
2004,4,12.1,9.2,Uzunköprü,41.27261111111111,46.51467322257786,-37.314673222577866
2004,5,16.3,32.5,Uzunköprü,41.27261111111111,81.34821358626014,-48.848213586260144
2004,6,21.4,49.5,Uzunköprü,41.27261111111111,122.5341059906401,-73.0341059906401
2004,7,23.7,12.4,Uzunköprü,41.27261111111111,144.34109839600518,-131.94109839600517
2004,8,24.0,5.0,Uzunköprü,41.27261111111111,136.6111873716321,-131.6111873716321
2004,9,20.5,0.6,Uzunköprü,41.27261111111111,94.35694552834735,-93.75694552834736
2004,10,16.6,10.3,Uzunköprü,41.27261111111111,63.306780047314334,-53.00678004731434
2004,11,10.2,45.3,Uzunköprü,41.27261111111111,26.616943170077683,18.683056829922315
2004,12,5.7,74.3,Uzunköprü,41.27261111111111,10.96534611414407,63.33465388585593
2005,1,4.1,73.2,Uzunköprü,41.27261111111111,7.271667576732011,65.92833242326799
2005,2,2.8,137.4,Uzunköprü,41.27261111111111,4.196341291380231,133.20365870861977
2005,3,7.3,23.6,Uzunköprü,41.27261111111111,20.96958896241472,2.630411037585283
2005,4,12.8,32.0,Uzunköprü,41.27261111111111,51.44528164517617,-19.445281645176173
2005,5,18.0,62.8,Uzunköprü,41.27261111111111,95.06404035443583,-32.264040354435835
2005,6,20.4,44.4,Uzunköprü,41.27261111111111,114.95622622035117,-70.55622622035116
2005,7,24.3,1.2,Uzunköprü,41.27261111111111,150.12060464900523,-148.92060464900524
2005,8,24.9,0.0,Uzunköprü,41.27261111111111,144.48998485880065,-144.48998485880065
2005,9,20.4,14.0,Uzunköprü,41.27261111111111,94.30528944408601,-80.30528944408601
2005,10,13.5,31.6,Uzunköprü,41.27261111111111,47.47104159510738,-15.871041595107378
2005,11,8.3,127.8,Uzunköprü,41.27261111111111,20.211961603622175,107.58803839637783
2005,12,5.0,83.2,Uzunköprü,41.27261111111111,9.41527036546298,73.78472963453703
2006,1,0.5,54.0,Uzunköprü,41.27261111111111,0.33841427188761364,53.661585728112385
2006,2,3.0,70.0,Uzunköprü,41.27261111111111,4.5897474176170965,65.41025258238291
2006,3,8.2,174.6,Uzunköprü,41.27261111111111,24.678111275225515,149.92188872477448
2006,4,13.1,19.6,Uzunköprü,41.27261111111111,53.02123694362745,-33.42123694362745
2006,5,17.5,34.0,Uzunköprü,41.27261111111111,91.07729783121421,-57.07729783121421
2006,6,21.7,88.6,Uzunköprü,41.27261111111111,125.5934207858933,-36.993420785893306
2006,7,23.5,20.2,Uzunköprü,41.27261111111111,142.92243051964,-122.72243051963999
2006,8,26.0,17.2,Uzunköprü,41.27261111111111,153.8052452697254,-136.6052452697254
2006,9,19.6,92.6,Uzunköprü,41.27261111111111,88.86187881405678,3.738121185943214
2006,10,14.6,96.0,Uzunköprü,41.27261111111111,53.023391939195164,42.976608060804836
2006,11,8.1,22.8,Uzunköprü,41.27261111111111,19.399975069902496,3.400024930097505
2006,12,4.0,41.6,Uzunköprü,41.27261111111111,6.7532857867178455,34.846714213282155
2007,1,7.0,38.0,Uzunköprü,41.27261111111111,13.35858362097242,24.641416379027582
2007,2,6.7,42.6,Uzunköprü,41.27261111111111,12.50393719025575,30.096062809744254
2007,3,8.8,17.2,Uzunköprü,41.27261111111111,23.935790055046485,-6.735790055046486
2007,4,11.6,12.2,Uzunköprü,41.27261111111111,40.19411786030159,-27.99411786030159
2007,5,18.9,68.4,Uzunköprü,41.27261111111111,97.67767858347483,-29.277678583474824
2007,6,24.5,13.2,Uzunköprü,41.27261111111111,148.19739085000484,-134.99739085000485
2007,7,26.4,0.2,Uzunköprü,41.27261111111111,168.92464513252554,-168.72464513252555
2007,8,26.0,6.4,Uzunköprü,41.27261111111111,153.21883099759572,-146.8188309975957
2007,9,19.8,57.6,Uzunköprü,41.27261111111111,86.96356800316754,-29.363568003167536
2007,10,15.2,47.6,Uzunköprü,41.27261111111111,52.52826127198925,-4.92826127198925
2007,11,8.4,196.6,Uzunköprü,41.27261111111111,17.803382571064084,178.79661742893592
2007,12,3.1,66.4,Uzunköprü,41.27261111111111,3.602854221308703,62.7971457786913
2008,1,1.5,29.4,Uzunköprü,41.27261111111111,1.2697446795939438,28.130255320406054
2008,2,4.7,15.0,Uzunköprü,41.27261111111111,7.467042530742766,7.532957469257234
2008,3,11.0,71.4,Uzunköprü,41.27261111111111,34.74234965548608,36.657650344513925
2008,4,13.8,32.2,Uzunköprü,41.27261111111111,53.676737566407866,-21.476737566407863
2008,5,17.7,17.8,Uzunköprü,41.27261111111111,88.99141652168134,-71.19141652168135
2008,6,22.9,23.0,Uzunköprü,41.27261111111111,133.770313793469,-110.770313793469
2008,7,24.6,29.4,Uzunköprü,41.27261111111111,151.47954589674427,-122.07954589674426
2008,8,25.7,19.6,Uzunköprü,41.27261111111111,150.60091585152435,-131.00091585152435
2008,9,19.5,26.6,Uzunköprü,41.27261111111111,85.55684653868802,-58.95684653868802
2008,10,15.3,17.8,Uzunköprü,41.27261111111111,53.79865639955131,-35.99865639955131
2008,11,10.6,35.0,Uzunköprü,41.27261111111111,26.253004344420784,8.746995655579216
2008,12,6.9,37.4,Uzunköprü,41.27261111111111,13.107779973122605,24.292220026877395
2009,1,3.4,95.2,Uzunköprü,41.27261111111111,4.569302675878714,90.63069732412129
2009,2,5.6,70.6,Uzunköprü,41.27261111111111,9.892916537302568,60.707083462697426
2009,3,8.1,104.6,Uzunköprü,41.27261111111111,21.792993374155525,82.80700662584447
2009,4,11.9,29.8,Uzunköprü,41.27261111111111,42.893567040121454,-13.093567040121453
2009,5,18.5,16.0,Uzunköprü,41.27261111111111,95.52320854578704,-79.52320854578704
2009,6,23.1,8.0,Uzunköprü,41.27261111111111,135.7130163165607,-127.7130163165607
2009,7,25.7,27.4,Uzunköprü,41.27261111111111,162.14235714614324,-134.74235714614323
2009,8,24.6,13.8,Uzunköprü,41.27261111111111,140.812803176713,-127.012803176713
2009,9,19.7,104.6,Uzunköprü,41.27261111111111,87.09052103182367,17.509478968176325
2009,10,15.5,120.2,Uzunköprü,41.27261111111111,55.08352615233312,65.11647384766688
2009,11,10.2,46.6,Uzunköprü,41.27261111111111,24.88715466362592,21.71284533637408
2009,12,8.1,159.4,Uzunköprü,41.27261111111111,16.931252829440435,142.46874717055957
2010,1,2.9,87.0,Uzunköprü,41.27261111111111,3.0223678029631555,83.97763219703684
2010,2,6.5,202.4,Uzunköprü,41.27261111111111,11.186507650163778,191.21349234983623
2010,3,7.9,84.0,Uzunköprü,41.27261111111111,19.120699905666537,64.87930009433346
2010,4,13.4,40.8,Uzunköprü,41.27261111111111,48.886668135670234,-8.086668135670237
2010,5,19.4,13.4,Uzunköprü,41.27261111111111,100.30986919058535,-86.90986919058534
2010,6,23.0,27.6,Uzunköprü,41.27261111111111,133.26454512926037,-105.66454512926038
2010,7,25.3,72.2,Uzunköprü,41.27261111111111,157.5850640574207,-85.3850640574207
2010,8,27.8,0.0,Uzunköprü,41.27261111111111,170.52187383230552,-170.52187383230552
2010,9,20.9,60.8,Uzunköprü,41.27261111111111,93.63514544822507,-32.83514544822508
2010,10,13.5,160.8,Uzunköprü,41.27261111111111,42.266305985800344,118.53369401419967
2010,11,14.0,72.6,Uzunköprü,41.27261111111111,38.62029983729998,33.97970016270001
2010,12,7.2,71.6,Uzunköprü,41.27261111111111,12.784360583926677,58.81563941607332
2011,1,2.8,70.4,Uzunköprü,41.27261111111111,4.018559319958554,66.38144068004145
2011,2,3.2,25.4,Uzunköprü,41.27261111111111,4.9016628341149175,20.498337165885083
2011,3,7.7,13.2,Uzunköprü,41.27261111111111,22.153149939819887,-8.953149939819887
2011,4,10.6,67.8,Uzunköprü,41.27261111111111,38.498098661004974,29.301901338995023
2011,5,17.4,45.8,Uzunköprü,41.27261111111111,89.80538652658554,-44.00538652658554
2011,6,22.3,46.2,Uzunköprü,41.27261111111111,130.35153581791408,-84.15153581791408
2011,7,26.1,10.0,Uzunköprü,41.27261111111111,166.40928362910387,-156.40928362910387
2011,8,24.6,9.8,Uzunköprü,41.27261111111111,141.74969237000346,-131.94969237000345
2011,9,22.3,53.0,Uzunköprü,41.27261111111111,106.93495880098124,-53.934958800981235
2011,10,12.6,189.2,Uzunköprü,41.27261111111111,42.37634028669474,146.82365971330523
2011,11,5.9,0.4,Uzunköprü,41.27261111111111,11.996429933552527,-11.596429933552526
2011,12,6.3,131.2,Uzunköprü,41.27261111111111,12.822593870048577,118.37740612995141
2012,1,2.0,52.2,Uzunköprü,41.27261111111111,1.546135181976824,50.65386481802318
2012,2,1.3,44.0,Uzunköprü,41.27261111111111,0.7634215618009572,43.23657843819904
2012,3,8.2,20.6,Uzunköprü,41.27261111111111,19.679751613572666,0.9202483864273354
2012,4,15.0,89.4,Uzunköprü,41.27261111111111,57.77848012423299,31.621519875767014
2012,5,18.4,225.0,Uzunköprü,41.27261111111111,91.16649382722812,133.83350617277188
2012,6,24.7,5.8,Uzunköprü,41.27261111111111,149.2487173606657,-143.44871736066568
2012,7,27.9,0.6,Uzunköprü,41.27261111111111,184.8211513125008,-184.2211513125008
2012,8,26.2,5.8,Uzunköprü,41.27261111111111,154.8449165773743,-149.0449165773743
2012,9,22.3,1.8,Uzunköprü,41.27261111111111,103.49142189560955,-101.69142189560955
2012,10,17.4,49.0,Uzunköprü,41.27261111111111,63.0023598441072,-14.002359844107197
2012,11,11.6,48.0,Uzunköprü,41.27261111111111,27.862046287157966,20.137953712842034
2012,12,4.3,269.8,Uzunköprü,41.27261111111111,5.288341749125714,264.5116582508743
2013,1,4.8,134.8,Uzunköprü,41.27261111111111,6.991378870557064,127.80862112944294
2013,2,7.1,142.8,Uzunköprü,41.27261111111111,13.138781906818888,129.66121809318113
2013,3,9.6,50.6,Uzunköprü,41.27261111111111,26.576560987194856,24.023439012805145
2013,4,14.6,30.4,Uzunköprü,41.27261111111111,56.62746836082258,-26.227468360822584
2013,5,21.0,3.0,Uzunköprü,41.27261111111111,114.40847496923918,-111.40847496923918
2013,6,22.5,117.2,Uzunköprü,41.27261111111111,128.9110718825912,-11.711071882591185
2013,7,25.2,8.0,Uzunköprü,41.27261111111111,156.70547492616325,-148.70547492616325
2013,8,26.3,7.0,Uzunköprü,41.27261111111111,155.92080475737046,-148.92080475737046
2013,9,21.3,11.4,Uzunköprü,41.27261111111111,96.85086297418731,-85.4508629741873
2013,10,13.2,89.8,Uzunköprü,41.27261111111111,41.149633388791116,48.65036661120888
2013,11,11.4,97.4,Uzunköprü,41.27261111111111,28.020703449220168,69.37929655077984
2013,12,3.5,10.0,Uzunköprü,41.27261111111111,4.090736907174387,5.909263092825613
2014,1,6.4,115.2,Uzunköprü,41.27261111111111,12.015086004986205,103.1849139950138
2014,2,8.6,6.6,Uzunköprü,41.27261111111111,19.039428956199135,-12.439428956199135
2014,3,10.1,91.4,Uzunköprü,41.27261111111111,30.4456200883666,60.95437991163341
2014,4,13.6,49.4,Uzunköprü,41.27261111111111,52.48358643243562,-3.0835864324356237
2014,5,18.9,47.2,Uzunköprü,41.27261111111111,98.51469195138013,-51.31469195138013
2014,6,21.6,94.0,Uzunköprü,41.27261111111111,122.19864583329618,-28.198645833296183
2014,7,24.1,238.4,Uzunköprü,41.27261111111111,146.74069604775727,91.65930395224274
2014,8,24.9,6.4,Uzunköprü,41.27261111111111,143.40450866267722,-137.0045086626772
2014,9,19.5,125.2,Uzunköprü,41.27261111111111,85.56213072367945,39.63786927632056
2014,10,14.0,158.4,Uzunköprü,41.27261111111111,46.89198629320728,111.50801370679272
2014,11,9.5,87.1,Uzunköprü,41.27261111111111,22.16002786547382,64.93997213452617
2014,12,7.0,135.4,Uzunköprü,41.27261111111111,13.406661258918586,121.99333874108142
2015,1,4.3,74.0,Uzunköprü,41.27261111111111,6.30829109799959,67.69170890200041
2015,2,5.8,89.9,Uzunköprü,41.27261111111111,10.101815994489588,79.79818400551042
2015,3,8.1,117.0,Uzunköprü,41.27261111111111,21.234071408223752,95.76592859177624
2015,4,12.1,57.0,Uzunköprü,41.27261111111111,43.25699799036402,13.74300200963598
2015,5,20.1,2.0,Uzunköprü,41.27261111111111,107.8841746673225,-105.8841746673225
2015,6,21.6,13.1,Uzunköprü,41.27261111111111,121.78887640534123,-108.68887640534123
2015,7,25.1,0.0,Uzunköprü,41.27261111111111,156.11645315092255,-156.11645315092255
2015,8,25.7,0.8,Uzunköprü,41.27261111111111,150.50302648008292,-149.7030264800829
2015,9,22.2,2.8,Uzunköprü,41.27261111111111,104.28538291195527,-101.48538291195527
2015,10,14.3,99.5,Uzunköprü,41.27261111111111,47.986206472359825,51.513793527640175
2015,11,12.4,40.6,Uzunköprü,41.27261111111111,33.077958668973494,7.522041331026507
2015,12,3.9,0.8,Uzunköprü,41.27261111111111,5.25908130788928,-4.459081307889281
2016,1,3.1,86.4,Uzunköprü,41.27261111111111,3.569746845671718,82.83025315432829
2016,2,10.1,123.2,Uzunköprü,41.27261111111111,23.43623870165384,99.76376129834617
2016,3,10.2,43.2,Uzunköprü,41.27261111111111,29.678132706627427,13.521867293372576
2016,4,15.9,7.2,Uzunköprü,41.27261111111111,65.3938248472909,-58.1938248472909
2016,5,17.6,53.9,Uzunköprü,41.27261111111111,86.66865763500198,-32.76865763500198
2016,6,23.9,44.7,Uzunköprü,41.27261111111111,142.23941639046956,-97.53941639046955
2016,7,25.6,0.0,Uzunköprü,41.27261111111111,160.8128794044372,-160.8128794044372
2016,8,25.5,21.6,Uzunköprü,41.27261111111111,148.4793187657944,-126.87931876579441
2016,9,20.6,6.0,Uzunköprü,41.27261111111111,92.12237465748966,-86.12237465748966
2016,10,14.5,25.0,Uzunköprü,41.27261111111111,48.24317863160235,-23.243178631602348
2016,11,9.5,48.6,Uzunköprü,41.27261111111111,21.21055388757537,27.389446112424633
2016,12,1.2,7.6,Uzunköprü,41.27261111111111,0.7660306830164421,6.833969316983557
2017,1,-2.4,111.6,Uzunköprü,41.27261111111111,0.0,111.6
2017,2,6.0,58.0,Uzunköprü,41.27261111111111,11.134534315279375,46.865465684720625
2017,3,10.0,46.2,Uzunköprü,41.27261111111111,30.398729711812564,15.801270288187439
2017,4,12.2,114.8,Uzunköprü,41.27261111111111,44.85079903066867,69.94920096933133
2017,5,17.7,49.6,Uzunköprü,41.27261111111111,89.5201928858571,-39.9201928858571
2017,6,23.1,61.8,Uzunköprü,41.27261111111111,135.87332562313622,-74.07332562313623
2017,7,24.7,51.2,Uzunköprü,41.27261111111111,152.6137827712276,-101.41378277122759
2017,8,25.0,18.2,Uzunköprü,41.27261111111111,144.44044179813045,-126.24044179813045
2017,9,21.3,43.6,Uzunköprü,41.27261111111111,98.41727582343702,-54.81727582343702
2017,10,13.7,80.8,Uzunköprü,41.27261111111111,45.77532436346234,35.02467563653766
2017,11,9.7,12.2,Uzunköprü,41.27261111111111,23.21619760730512,-11.01619760730512
2017,12,8.3,126.6,Uzunköprü,41.27261111111111,17.743839764387364,108.85616023561263
2018,1,4.4,74.2,Uzunköprü,41.27261111111111,6.183669386044445,68.01633061395556
2018,2,5.7,122.6,Uzunköprü,41.27261111111111,9.370928291765953,113.22907170823404
2018,3,9.9,213.6,Uzunköprü,41.27261111111111,28.18179778687851,185.41820221312148
2018,4,16.2,1.2,Uzunköprü,41.27261111111111,67.22341699075608,-66.02341699075608
2018,5,20.0,1.0,Uzunköprü,41.27261111111111,106.08192967239194,-105.08192967239194
2018,6,22.9,20.4,Uzunköprü,41.27261111111111,132.80077219691847,-112.40077219691847
2018,7,25.0,129.4,Uzunköprü,41.27261111111111,154.81330272036755,-25.41330272036754
2018,8,25.3,6.8,Uzunköprü,41.27261111111111,146.59562258943126,-139.79562258943125
2018,9,20.7,0.0,Uzunköprü,41.27261111111111,92.73301848201504,-92.73301848201504
2018,10,15.6,0.0,Uzunköprü,41.27261111111111,54.06988008419518,-54.06988008419518
2018,11,9.8,76.6,Uzunköprü,41.27261111111111,22.190698259939957,54.40930174006004
2018,12,3.9,49.6,Uzunköprü,41.27261111111111,4.9545697738904915,44.64543022610951
2019,1,4.1,151.8,Uzunköprü,41.27261111111111,5.495955781381129,146.30404421861888
2019,2,5.5,39.0,Uzunköprü,41.27261111111111,8.812792593378584,30.187207406621418
2019,3,10.1,14.6,Uzunköprü,41.27261111111111,29.01604235829612,-14.416042358296119
2019,4,12.2,63.4,Uzunköprü,41.27261111111111,42.66957418586178,20.730425814138222
2019,5,18.4,42.4,Uzunköprü,41.27261111111111,92.77326609979087,-50.373266099790875
2019,6,24.1,48.0,Uzunköprü,41.27261111111111,144.0306295662391,-96.0306295662391
2019,7,24.4,15.0,Uzunköprü,41.27261111111111,148.89044484655068,-133.89044484655068
2019,8,25.3,81.0,Uzunköprü,41.27261111111111,146.57244609329564,-65.57244609329564
2019,9,20.8,25.2,Uzunköprü,41.27261111111111,93.38260506218865,-68.18260506218864
2019,10,15.8,81.4,Uzunköprü,41.27261111111111,55.098382632142105,26.3016173678579
2019,11,13.9,26.6,Uzunköprü,41.27261111111111,38.68062134463256,-12.080621344632561
2019,12,6.4,14.8,Uzunköprü,41.27261111111111,10.874211310030075,3.9257886899699255
2020,1,3.2,33.0,Uzunköprü,41.27261111111111,3.705560027947276,29.294439972052725
2020,2,6.8,38.8,Uzunköprü,41.27261111111111,12.38429648761828,26.415703512381718
2020,3,10.0,24.8,Uzunköprü,41.27261111111111,28.582743303430867,-3.782743303430866
2020,4,11.4,94.0,Uzunköprü,41.27261111111111,38.31540143656856,55.68459856343144
2020,5,17.7,71.0,Uzunköprü,41.27261111111111,87.22933006670223,-16.229330066702232
2020,6,22.2,46.2,Uzunköprü,41.27261111111111,126.33895580013663,-80.13895580013663
2020,7,25.4,26.2,Uzunköprü,41.27261111111111,158.7670572956787,-132.56705729567872
2020,8,25.7,19.4,Uzunköprü,41.27261111111111,150.2981421598057,-130.8981421598057
2020,9,22.8,21.4,Uzunköprü,41.27261111111111,108.15276071987037,-86.75276071987037
2020,10,17.4,47.2,Uzunköprü,41.27261111111111,64.3044630302553,-17.104463030255303
2020,11,9.4,3.0,Uzunköprü,41.27261111111111,20.721595271613356,-17.721595271613356
2020,12,8.5,84.4,Uzunköprü,41.27261111111111,17.12990518579501,67.270094814205
2021,1,6.8,192.2,Uzunköprü,41.27261111111111,13.180632896192048,179.01936710380795
2021,2,7.0,57.0,Uzunköprü,41.27261111111111,13.824660087457664,43.175339912542334
2021,3,6.6,67.0,Uzunköprü,41.27261111111111,15.732525038713959,51.26747496128604
2021,4,11.1,64.2,Uzunköprü,41.27261111111111,38.286696604366284,25.91330339563372
2021,5,18.4,51.6,Uzunköprü,41.27261111111111,94.47436992767717,-42.87436992767717
2021,6,21.6,71.0,Uzunköprü,41.27261111111111,122.17361136780735,-51.173611367807354
2021,7,26.5,0.0,Uzunköprü,41.27261111111111,169.9782787468101,-169.9782787468101
2021,8,26.3,2.2,Uzunköprü,41.27261111111111,156.0789712890912,-153.87897128909123
2021,9,19.8,22.8,Uzunköprü,41.27261111111111,87.58406201374133,-64.78406201374133
2021,10,13.3,49.6,Uzunköprü,41.27261111111111,43.28252842577907,6.3174715742209315
2021,11,11.1,109.0,Uzunköprü,41.27261111111111,28.176908805022197,80.8230911949778
2021,12,7.6,222.6,Uzunköprü,41.27261111111111,15.209398465617172,207.39060153438282
2022,1,3.8,27.8,Uzunköprü,41.27261111111111,5.293454057105186,22.506545942894814
2022,2,6.2,152.0,Uzunköprü,41.27261111111111,11.36444073033283,140.63555926966717
2022,3,5.1,19.4,Uzunköprü,41.27261111111111,10.45671392702492,8.943286072975079
2022,4,13.4,68.6,Uzunköprü,41.27261111111111,51.067813736218106,17.532186263781888
2022,5,18.0,32.8,Uzunköprü,41.27261111111111,91.11460737868548,-58.31460737868548
2022,6,22.8,59.2,Uzunköprü,41.27261111111111,132.73406717734193,-73.53406717734192
2022,7,25.1,5.0,Uzunköprü,41.27261111111111,156.21102196792933,-151.21102196792933
2022,8,26.1,10.6,Uzunköprü,41.27261111111111,154.2210613699635,-143.6210613699635
2022,9,20.5,23.2,Uzunköprü,41.27261111111111,92.29455521838717,-69.09455521838717
2022,10,15.1,11.0,Uzunköprü,41.27261111111111,52.52741888476259,-41.52741888476259
2022,11,12.1,49.2,Uzunköprü,41.27261111111111,32.06841536305585,17.131584636944154
2022,12,6.7,46.6,Uzunköprü,41.27261111111111,12.417613280889102,34.1823867191109
2023,1,7.1,38.4,Uzunköprü,41.27261111111111,11.42546541762308,26.97453458237692
2023,2,6.1,4.4,Uzunköprü,41.27261111111111,8.840746803101954,-4.440746803101954
2023,3,9.4,42.6,Uzunköprü,41.27261111111111,23.065345669679587,19.534654330320414
2023,4,12.2,92.2,Uzunköprü,41.27261111111111,39.15003043724143,53.04996956275857
2023,5,16.5,59.4,Uzunköprü,41.27261111111111,73.92913088188229,-14.529130881882288
2023,6,22.3,39.0,Uzunköprü,41.27261111111111,124.73689289767769,-85.73689289767769
2023,7,27.1,8.2,Uzunköprü,41.27261111111111,176.36608818969765,-168.16608818969766
2023,8,27.0,0.0,Uzunköprü,41.27261111111111,162.8254666740431,-162.8254666740431
2023,9,22.8,2.8,Uzunköprü,41.27261111111111,106.27838907218545,-103.47838907218545
2023,10,18.1,14.8,Uzunköprü,41.27261111111111,65.59892655807033,-50.798926558070335
2023,11,16.6,29.0,Uzunköprü,41.27261111111111,48.75266814804652,-19.752668148046517
2023,12,8.0,64.2,Uzunköprü,41.27261111111111,13.605628076079576,50.59437192392043
2024,1,5.5,53.2,Uzunköprü,41.27261111111111,7.434394206694584,45.76560579330542
2024,2,9.6,29.0,Uzunköprü,41.27261111111111,19.2584520305522,9.7415479694478
2024,3,10.2,49.0,Uzunköprü,41.27261111111111,26.620887843723303,22.379112156276697
2024,4,16.2,51.8,Uzunköprü,41.27261111111111,63.669633809097284,-11.869633809097287
2024,5,16.8,33.8,Uzunköprü,41.27261111111111,76.38129300673603,-42.58129300673603
2024,6,25.8,5.2,Uzunköprü,41.27261111111111,160.02276930501094,-154.82276930501095
2024,7,27.8,2.0,Uzunköprü,41.27261111111111,184.1851372380359,-182.1851372380359
2024,8,26.6,8.0,Uzunköprü,41.27261111111111,158.7279862853919,-150.7279862853919
2024,9,22.2,30.0,Uzunköprü,41.27261111111111,101.62100201502848,-71.62100201502848
2024,10,15.3,3.6,Uzunköprü,41.27261111111111,49.34204324702779,-45.74204324702779
2024,11,8.4,21.2,Uzunköprü,41.27261111111111,15.303522050023856,5.896477949976143
2024,12,7.3,93.4,Uzunköprü,41.27261111111111,11.696888682742603,81.7031113172574
1965,1,4.3,29.7,Çorlu,41.179805555555554,9.644917530240694,20.055082469759306
1965,2,1.6,87.9,Çorlu,41.179805555555554,2.5883880688729297,85.31161193112708
1965,3,6.1,33.1,Çorlu,41.179805555555554,19.199437774771358,13.900562225228644
1965,4,9.4,53.2,Çorlu,41.179805555555554,37.13952295436095,16.060477045639054
1965,5,15.2,67.9,Çorlu,41.179805555555554,79.44498058032023,-11.544980580320228
1965,6,20.8,16.6,Çorlu,41.179805555555554,121.71345585772609,-105.11345585772608
1965,7,22.3,10.6,Çorlu,41.179805555555554,135.36325400548307,-124.76325400548308
1965,8,20.5,31.8,Çorlu,41.179805555555554,112.441715071557,-80.641715071557
1965,9,19.3,0.5,Çorlu,41.179805555555554,90.42285482947555,-89.92285482947555
1965,10,11.9,30.2,Çorlu,41.179805555555554,43.47157232198083,-13.27157232198083
1965,11,10.3,187.9,Çorlu,41.179805555555554,30.909191116153146,156.99080888384685
1965,12,7.8,140.3,Çorlu,41.179805555555554,20.720986270680367,119.57901372931964
1966,1,3.9,148.2,Çorlu,41.179805555555554,6.577482989864309,141.62251701013568
1966,2,8.3,71.8,Çorlu,41.179805555555554,19.91739695776697,51.88260304223303
1966,3,6.9,88.7,Çorlu,41.179805555555554,18.93851413144852,69.76148586855149
1966,4,12.6,49.9,Çorlu,41.179805555555554,49.70475806196776,0.19524193803223966
1966,5,15.8,49.1,Çorlu,41.179805555555554,78.03733351080942,-28.937333510809417
1966,6,19.2,96.4,Çorlu,41.179805555555554,104.69110328230205,-8.291103282302046
1966,7,23.3,0.4,Çorlu,41.179805555555554,140.86543235211676,-140.46543235211675
1966,8,22.9,9.8,Çorlu,41.179805555555554,127.62679997473367,-117.82679997473367
1966,9,18.3,26.2,Çorlu,41.179805555555554,80.1043540617218,-53.904354061721804
1966,10,17.8,6.9,Çorlu,41.179805555555554,70.45275592213252,-63.552755922132526
1966,11,12.7,132.7,Çorlu,41.179805555555554,37.04636539551687,95.65363460448312
1966,12,6.5,121.2,Çorlu,41.179805555555554,13.495649101325384,107.70435089867462
1967,1,1.9,110.5,Çorlu,41.179805555555554,3.143201552857795,107.35679844714221
1967,2,1.3,42.6,Çorlu,41.179805555555554,1.8909769897389619,40.70902301026104
1967,3,6.2,27.5,Çorlu,41.179805555555554,19.27030903043554,8.229690969564459
1967,4,11.0,44.5,Çorlu,41.179805555555554,45.29738272866434,-0.7973827286643385
1967,5,16.0,16.0,Çorlu,41.179805555555554,84.52848712841416,-68.52848712841416
1967,6,19.1,21.4,Çorlu,41.179805555555554,108.18559645925865,-86.78559645925864
1967,7,22.1,11.3,Çorlu,41.179805555555554,133.42969367143945,-122.12969367143945
1967,8,22.7,11.1,Çorlu,41.179805555555554,128.54289125373484,-117.44289125373484
1967,9,19.2,34.6,Çorlu,41.179805555555554,89.43089944731248,-54.83089944731248
1967,10,14.2,35.4,Çorlu,41.179805555555554,54.58868923008655,-19.188689230086553
1967,11,9.6,22.5,Çorlu,41.179805555555554,27.788499579461426,-5.288499579461426
1967,12,5.6,84.8,Çorlu,41.179805555555554,13.068911370533941,71.73108862946606
1968,1,2.0,160.5,Çorlu,41.179805555555554,3.261017355403493,157.23898264459652
1968,2,4.9,43.0,Çorlu,41.179805555555554,11.033194234752326,31.966805765247674
1968,3,5.8,67.1,Çorlu,41.179805555555554,17.285260356139712,49.81473964386028
1968,4,12.3,11.4,Çorlu,41.179805555555554,52.135062273840965,-40.73506227384097
1968,5,18.7,13.5,Çorlu,41.179805555555554,103.79019968568137,-90.29019968568137
1968,6,19.8,35.5,Çorlu,41.179805555555554,113.12522241979475,-77.62522241979475
1968,7,22.3,2.6,Çorlu,41.179805555555554,134.74672271848382,-132.14672271848383
1968,8,20.9,34.2,Çorlu,41.179805555555554,114.66641641702809,-80.46641641702809
1968,9,18.7,95.8,Çorlu,41.179805555555554,85.92635537343872,9.873644626561273
1968,10,12.4,24.0,Çorlu,41.179805555555554,45.05644543750783,-21.056445437507833
1968,11,9.8,47.0,Çorlu,41.179805555555554,28.215342773044124,18.784657226955876
1968,12,4.4,116.2,Çorlu,41.179805555555554,9.238700744085605,106.9612992559144
1969,1,-0.5,86.9,Çorlu,41.179805555555554,0.0,86.9
1969,2,4.6,101.9,Çorlu,41.179805555555554,10.257290002606014,91.642709997394
1969,3,3.9,35.7,Çorlu,41.179805555555554,10.227732776301897,25.472267223698104
1969,4,8.9,50.3,Çorlu,41.179805555555554,33.87346833647167,16.42653166352833
1969,5,17.8,0.0,Çorlu,41.179805555555554,97.35852563927209,-97.35852563927209
1969,6,21.1,44.0,Çorlu,41.179805555555554,123.541834599142,-79.541834599142
1969,7,20.4,1.4,Çorlu,41.179805555555554,119.64144106919363,-118.24144106919363
1969,8,21.9,31.3,Çorlu,41.179805555555554,122.35908391211161,-91.05908391211162
1969,9,19.5,7.5,Çorlu,41.179805555555554,91.16668477728224,-83.66668477728224
1969,10,13.3,1.1,Çorlu,41.179805555555554,49.80700729630238,-48.70700729630238
1969,11,10.8,51.6,Çorlu,41.179805555555554,32.40810218373426,19.191897816265744
1969,12,7.1,125.0,Çorlu,41.179805555555554,17.86223645007037,107.13776354992963
1970,1,4.5,54.6,Çorlu,41.179805555555554,9.70997667338721,44.89002332661279
1970,2,5.4,128.4,Çorlu,41.179805555555554,12.478595071076867,115.92140492892314
1970,3,7.3,77.0,Çorlu,41.179805555555554,23.452477096319033,53.54752290368097
1970,4,13.1,69.6,Çorlu,41.179805555555554,56.56812001117853,13.031879988821466
1970,5,15.1,51.2,Çorlu,41.179805555555554,77.39476142652106,-26.194761426521055
1970,6,19.7,30.4,Çorlu,41.179805555555554,112.15956409385963,-81.75956409385964
1970,7,22.9,2.9,Çorlu,41.179805555555554,139.57035287016683,-136.67035287016682
1970,8,22.3,0.0,Çorlu,41.179805555555554,125.08983519240843,-125.08983519240843
1970,9,17.8,3.1,Çorlu,41.179805555555554,80.17977499462201,-77.07977499462201
1970,10,12.4,76.1,Çorlu,41.179805555555554,44.86581293200261,31.234187067997382
1970,11,9.5,107.8,Çorlu,41.179805555555554,26.895394089435303,80.9046059105647
1970,12,4.9,64.5,Çorlu,41.179805555555554,10.592902408618135,53.90709759138186
1971,1,6.2,81.0,Çorlu,41.179805555555554,16.197128987222435,64.80287101277756
1971,2,3.5,41.5,Çorlu,41.179805555555554,7.667573192807372,33.832426807192626
1971,3,5.7,124.8,Çorlu,41.179805555555554,18.117573878425095,106.6824261215749
1971,4,9.7,23.1,Çorlu,41.179805555555554,39.560496485443494,-16.460496485443493
1971,5,16.7,45.2,Çorlu,41.179805555555554,90.9592564566941,-45.759256456694104
1971,6,20.2,37.4,Çorlu,41.179805555555554,117.75114670718075,-80.35114670718076
1971,7,20.4,22.8,Çorlu,41.179805555555554,120.90148213897602,-98.10148213897602
1971,8,22.3,3.0,Çorlu,41.179805555555554,126.27526618022517,-123.27526618022517
1971,9,17.8,16.8,Çorlu,41.179805555555554,81.87730210956516,-65.07730210956517
1971,10,11.6,27.9,Çorlu,41.179805555555554,42.76000598329146,-14.860005983291458
1971,11,8.9,88.2,Çorlu,41.179805555555554,26.033920306594812,62.166079693405194
1971,12,4.5,45.2,Çorlu,41.179805555555554,10.33289808639861,34.867101913601395
1972,1,2.0,19.7,Çorlu,41.179805555555554,3.0571074928807946,16.642892507119203
1972,2,2.5,18.3,Çorlu,41.179805555555554,4.17158789601316,14.12841210398684
1972,3,5.8,10.3,Çorlu,41.179805555555554,16.639071351444603,-6.339071351444602
1972,4,13.3,15.1,Çorlu,41.179805555555554,56.96777407301536,-41.86777407301536
1972,5,16.3,38.8,Çorlu,41.179805555555554,85.07065110850571,-46.27065110850572
1972,6,21.4,24.7,Çorlu,41.179805555555554,125.00441633329811,-100.30441633329811
1972,7,23.5,28.1,Çorlu,41.179805555555554,144.20515599353146,-116.10515599353147
1972,8,23.3,23.8,Çorlu,41.179805555555554,132.43271367755221,-108.63271367755222
1972,9,18.3,96.5,Çorlu,41.179805555555554,82.64889944993232,13.851100550067684
1972,10,12.8,89.7,Çorlu,41.179805555555554,46.182318391563214,43.51768160843679
1972,11,9.3,76.9,Çorlu,41.179805555555554,25.59530144115604,51.30469855884397
1972,12,4.4,10.2,Çorlu,41.179805555555554,8.832453966014693,1.367546033985306
1973,1,1.7,39.5,Çorlu,41.179805555555554,2.8645837571690564,36.63541624283094
1973,2,6.0,104.1,Çorlu,41.179805555555554,15.260467274340346,88.83953272565965
1973,3,4.5,60.7,Çorlu,41.179805555555554,12.990571608893328,47.70942839110668
1973,4,10.8,43.2,Çorlu,41.179805555555554,45.02846872243737,-1.8284687224373641
1973,5,16.6,13.3,Çorlu,41.179805555555554,89.7015468402144,-76.40154684021441
1973,6,19.0,21.9,Çorlu,41.179805555555554,108.18940945577567,-86.28940945577568
1973,7,22.8,21.5,Çorlu,41.179805555555554,139.6115927086842,-118.11159270868421
1973,8,20.4,52.0,Çorlu,41.179805555555554,111.96516069246788,-59.965160692467876
1973,9,18.8,24.1,Çorlu,41.179805555555554,87.57186953304732,-63.47186953304732
1973,10,14.4,69.2,Çorlu,41.179805555555554,56.34232006792934,12.85767993207066
1973,11,7.2,37.5,Çorlu,41.179805555555554,19.389100753882246,18.110899246117754
1973,12,5.5,40.6,Çorlu,41.179805555555554,13.178965870964667,27.421034129035334
1974,1,0.5,20.1,Çorlu,41.179805555555554,0.5296547879785625,19.57034521202144
1974,2,4.8,34.4,Çorlu,41.179805555555554,11.031689981147366,23.368310018852632
1974,3,5.3,50.4,Çorlu,41.179805555555554,15.700893483422576,34.69910651657742
1974,4,9.2,31.6,Çorlu,41.179805555555554,35.76332686451765,-4.16332686451765
1974,5,15.1,133.5,Çorlu,41.179805555555554,78.36555651142037,55.134443488579635
1974,6,20.0,24.3,Çorlu,41.179805555555554,115.22628009205356,-90.92628009205356
1974,7,21.8,1.3,Çorlu,41.179805555555554,131.1018285548125,-129.8018285548125
1974,8,21.5,4.7,Çorlu,41.179805555555554,119.58650502002634,-114.88650502002633
1974,9,19.0,25.7,Çorlu,41.179805555555554,88.29520080037778,-62.59520080037778
1974,10,17.3,33.8,Çorlu,41.179805555555554,71.31564648437681,-37.515646484376816
1974,11,9.0,97.9,Çorlu,41.179805555555554,25.58325132782533,72.31674867217467
1974,12,5.0,45.2,Çorlu,41.179805555555554,11.292552845883092,33.90744715411691
1975,1,3.2,58.3,Çorlu,41.179805555555554,5.9664964559758245,52.333503544024175
1975,2,2.2,16.6,Çorlu,41.179805555555554,3.5745358473219984,13.025464152678003
1975,3,9.3,98.3,Çorlu,41.179805555555554,32.26322905874155,66.03677094125845
1975,4,13.2,51.5,Çorlu,41.179805555555554,56.733964008052325,-5.233964008052325
1975,5,16.2,85.7,Çorlu,41.179805555555554,84.73031844742863,0.9696815525713731
1975,6,20.6,55.7,Çorlu,41.179805555555554,118.87095835578731,-63.170958355787306
1975,7,22.6,30.1,Çorlu,41.179805555555554,136.8366314150332,-106.7366314150332
1975,8,21.5,21.6,Çorlu,41.179805555555554,118.7362686706878,-97.1362686706878
1975,9,19.6,0.8,Çorlu,41.179805555555554,91.12948680841889,-90.32948680841889
1975,10,13.7,121.3,Çorlu,41.179805555555554,51.035747398082556,70.26425260191743
1975,11,7.6,119.9,Çorlu,41.179805555555554,19.581199171216152,100.31880082878385
1975,12,3.5,74.9,Çorlu,41.179805555555554,6.554818924112087,68.34518107588792
1976,1,3.4,29.5,Çorlu,41.179805555555554,7.967603428178457,21.532396571821543
1976,2,1.1,26.0,Çorlu,41.179805555555554,1.8970110146055053,24.102988985394497
1976,3,4.2,31.7,Çorlu,41.179805555555554,13.02557064865933,18.67442935134067
1976,4,11.3,28.4,Çorlu,41.179805555555554,49.95098551834275,-21.55098551834275
1976,5,14.6,68.8,Çorlu,41.179805555555554,78.0396848187912,-9.239684818791204
1976,6,18.5,86.1,Çorlu,41.179805555555554,106.4116834101757,-20.311683410175704
1976,7,21.7,20.2,Çorlu,41.179805555555554,132.16044407054284,-111.96044407054283
1976,8,19.3,81.0,Çorlu,41.179805555555554,105.78103852889056,-24.781038528890562
1976,9,18.0,42.8,Çorlu,41.179805555555554,84.35279074334588,-41.55279074334588
1976,10,13.8,67.7,Çorlu,41.179805555555554,55.07621493902802,12.623785060971983
1976,11,10.2,63.9,Çorlu,41.179805555555554,32.300516521017926,31.599483478982073
1976,12,4.7,82.4,Çorlu,41.179805555555554,11.690517152478243,70.70948284752177
1977,1,3.9,67.1,Çorlu,41.179805555555554,7.648508717675122,59.451491282324874
1977,2,8.8,70.1,Çorlu,41.179805555555554,23.676430285189486,46.42356971481051
1977,3,6.9,40.6,Çorlu,41.179805555555554,21.061889321028005,19.538110678971996
1977,4,11.1,74.7,Çorlu,41.179805555555554,44.24172592898294,30.458274071017065
1977,5,16.2,36.3,Çorlu,41.179805555555554,84.21289666154074,-47.91289666154074
1977,6,20.2,50.6,Çorlu,41.179805555555554,115.31329395340437,-64.71329395340436
1977,7,22.8,21.6,Çorlu,41.179805555555554,138.22793519223237,-116.62793519223237
1977,8,23.1,1.4,Çorlu,41.179805555555554,130.80025479681169,-129.40025479681168
1977,9,17.9,22.5,Çorlu,41.179805555555554,80.05733143614125,-57.557331436141254
1977,10,11.6,26.2,Çorlu,41.179805555555554,40.19758122794411,-13.997581227944114
1977,11,11.3,61.9,Çorlu,41.179805555555554,33.411861750016584,28.488138249983415
1977,12,3.6,65.2,Çorlu,41.179805555555554,6.649555929286531,58.550444070713475
1978,1,3.2,112.7,Çorlu,41.179805555555554,6.473595918897066,106.22640408110294
1978,2,5.6,79.4,Çorlu,41.179805555555554,13.698347751987091,65.70165224801292
1978,3,7.2,59.4,Çorlu,41.179805555555554,23.875568318566042,35.52443168143395
1978,4,10.7,77.9,Çorlu,41.179805555555554,44.046013261382875,33.85398673861713
1978,5,15.7,57.8,Çorlu,41.179805555555554,82.84558061918828,-25.045580619188286
1978,6,20.5,11.9,Çorlu,41.179805555555554,119.30573878338753,-107.40573878338752
1978,7,22.4,4.2,Çorlu,41.179805555555554,136.11681495818715,-131.91681495818716
1978,8,20.8,1.8,Çorlu,41.179805555555554,114.57362596243227,-112.77362596243228
1978,9,17.5,100.7,Çorlu,41.179805555555554,79.28278860705348,21.417211392946527
1978,10,13.7,104.6,Çorlu,41.179805555555554,52.36925469982428,52.23074530017571
1978,11,7.6,29.7,Çorlu,41.179805555555554,20.552122105242283,9.147877894757716
1978,12,6.2,38.5,Çorlu,41.179805555555554,15.207495543157316,23.292504456842686
1979,1,3.6,117.3,Çorlu,41.179805555555554,6.673768268773231,110.62623173122677
1979,2,4.9,34.0,Çorlu,41.179805555555554,10.29469625962849,23.705303740371512
1979,3,9.1,16.4,Çorlu,41.179805555555554,30.485980567472943,-14.085980567472944
1979,4,10.9,43.1,Çorlu,41.179805555555554,42.65170004408424,0.44829995591576477
1979,5,16.5,50.0,Çorlu,41.179805555555554,85.85066965139966,-35.850669651399656
1979,6,22.0,3.9,Çorlu,41.179805555555554,129.464453822278,-125.56445382227798
1979,7,21.5,54.2,Çorlu,41.179805555555554,127.06975186333483,-72.86975186333483
1979,8,22.2,38.6,Çorlu,41.179805555555554,123.49381778145785,-84.89381778145784
1979,9,18.8,6.1,Çorlu,41.179805555555554,85.30253648177555,-79.20253648177555
1979,10,13.2,105.9,Çorlu,41.179805555555554,47.64923545221917,58.25076454778083
1979,11,10.0,77.5,Çorlu,41.179805555555554,27.856349585009365,49.64365041499063
1979,12,6.6,44.4,Çorlu,41.179805555555554,15.13044144571314,29.26955855428686
1980,1,1.3,124.9,Çorlu,41.179805555555554,1.9479103841221634,122.95208961587784
1980,2,2.3,49.2,Çorlu,41.179805555555554,4.181044461585481,45.018955538414524
1980,3,4.9,76.1,Çorlu,41.179805555555554,14.296238013946557,61.80376198605344
1980,4,10.0,47.3,Çorlu,41.179805555555554,40.264527474115184,7.035472525884813
1980,5,15.6,46.1,Çorlu,41.179805555555554,82.16768849273608,-36.067688492736075
1980,6,19.6,89.5,Çorlu,41.179805555555554,112.38465737512945,-22.88465737512945
1980,7,22.1,60.3,Çorlu,41.179805555555554,133.70328357400808,-73.40328357400809
1980,8,21.4,1.8,Çorlu,41.179805555555554,119.02333580860723,-117.22333580860723
1980,9,17.3,12.1,Çorlu,41.179805555555554,78.09522452476973,-65.99522452476974
1980,10,16.2,9.8,Çorlu,41.179805555555554,65.52386680407515,-55.72386680407516
1980,11,10.9,87.7,Çorlu,41.179805555555554,33.28089515230529,54.41910484769471
1980,12,6.6,129.5,Çorlu,41.179805555555554,16.54497324175392,112.95502675824608
1981,1,1.9,100.4,Çorlu,41.179805555555554,2.907977988475035,97.49202201152497
1981,2,3.3,35.6,Çorlu,41.179805555555554,6.225510114796364,29.374489885203637
1981,3,8.1,60.9,Çorlu,41.179805555555554,26.65462428400064,34.24537571599936
1981,4,11.3,9.6,Çorlu,41.179805555555554,45.78836466337104,-36.18836466337104
1981,5,14.0,58.9,Çorlu,41.179805555555554,69.29275990445088,-10.392759904450877
1981,6,22.1,0.5,Çorlu,41.179805555555554,130.89364445227784,-130.39364445227784
1981,7,21.7,65.2,Çorlu,41.179805555555554,129.3801037216394,-64.18010372163938
1981,8,21.6,4.0,Çorlu,41.179805555555554,119.46927612728716,-115.46927612728716
1981,9,18.9,29.5,Çorlu,41.179805555555554,86.65842693887583,-57.158426938875834
1981,10,16.1,84.9,Çorlu,41.179805555555554,63.67144175124511,21.228558248754894
1981,11,7.3,114.6,Çorlu,41.179805555555554,18.5031145648654,96.0968854351346
1981,12,8.1,189.7,Çorlu,41.179805555555554,20.729364099365938,168.97063590063405
1982,1,2.9,45.7,Çorlu,41.179805555555554,5.519927573858009,40.18007242614199
1982,2,2.1,16.2,Çorlu,41.179805555555554,3.581148750580248,12.618851249419752
1982,3,5.3,14.7,Çorlu,41.179805555555554,15.54009899144944,-0.840098991449441
1982,4,9.7,88.6,Çorlu,41.179805555555554,38.14735010507765,50.452649894922345
1982,5,14.8,62.0,Çorlu,41.179805555555554,75.99668515574514,-13.99668515574514
1982,6,20.7,21.6,Çorlu,41.179805555555554,120.46967633962453,-98.86967633962453
1982,7,21.5,33.9,Çorlu,41.179805555555554,128.5066496972336,-94.60664969723359
1982,8,21.7,17.7,Çorlu,41.179805555555554,120.91812953608381,-103.21812953608381
1982,9,20.4,2.7,Çorlu,41.179805555555554,96.9616791138166,-94.2616791138166
1982,10,15.1,20.6,Çorlu,41.179805555555554,59.20577809160159,-38.605778091601586
1982,11,8.6,33.6,Çorlu,41.179805555555554,23.896511638561833,9.703488361438168
1982,12,7.3,102.5,Çorlu,41.179805555555554,18.60670089887867,83.89329910112133
1983,1,3.4,36.9,Çorlu,41.179805555555554,6.948235193431856,29.951764806568143
1983,2,3.3,64.5,Çorlu,41.179805555555554,6.691385541485923,57.80861445851408
1983,3,7.4,7.4,Çorlu,41.179805555555554,24.60834407043593,-17.208344070435928
1983,4,13.0,16.7,Çorlu,41.179805555555554,56.91926263085727,-40.21926263085727
1983,5,17.6,25.9,Çorlu,41.179805555555554,96.29644316514273,-70.39644316514273
1983,6,18.8,30.1,Çorlu,41.179805555555554,106.09659379281612,-75.99659379281613
1983,7,22.6,89.7,Çorlu,41.179805555555554,137.62561568881424,-47.92561568881423
1983,8,20.5,35.4,Çorlu,41.179805555555554,112.22361844601681,-76.82361844601681
1983,9,18.5,17.9,Çorlu,41.179805555555554,85.23274704445063,-67.33274704445063
1983,10,12.4,30.3,Çorlu,41.179805555555554,45.66781867373464,-15.367818673734636
1983,11,7.3,33.2,Çorlu,41.179805555555554,19.35149445083504,13.848505549164962
1983,12,6.1,43.7,Çorlu,41.179805555555554,14.772549227518583,28.92745077248142
1984,1,5.4,75.4,Çorlu,41.179805555555554,12.367752619973537,63.03224738002647
1984,2,4.0,48.1,Çorlu,41.179805555555554,8.224620867676304,39.8753791323237
1984,3,5.3,108.1,Çorlu,41.179805555555554,15.057870548213094,93.0421294517869
1984,4,8.6,66.5,Çorlu,41.179805555555554,31.72539642982716,34.77460357017284
1984,5,17.2,33.5,Çorlu,41.179805555555554,92.25768117967621,-58.75768117967621
1984,6,19.9,10.9,Çorlu,41.179805555555554,113.5748315960344,-102.6748315960344
1984,7,21.4,25.2,Çorlu,41.179805555555554,127.14064634270773,-101.94064634270772
1984,8,20.4,30.8,Çorlu,41.179805555555554,110.66628393919763,-79.86628393919763
1984,9,20.5,2.7,Çorlu,41.179805555555554,97.09288120521784,-94.39288120521783
1984,10,16.5,21.1,Çorlu,41.179805555555554,66.09302302929258,-44.99302302929258
1984,11,10.0,66.4,Çorlu,41.179805555555554,28.7264746224285,37.67352537757151
1984,12,5.0,22.7,Çorlu,41.179805555555554,10.813816256080145,11.886183743919855
1985,1,4.1,109.0,Çorlu,41.179805555555554,8.668502925386779,100.33149707461322
1985,2,-1.7,41.6,Çorlu,41.179805555555554,0.0,41.6
1985,3,4.4,29.2,Çorlu,41.179805555555554,11.91518184810153,17.28481815189847
1985,4,12.5,48.8,Çorlu,41.179805555555554,53.35688958519433,-4.556889585194334
1985,5,17.9,7.8,Çorlu,41.179805555555554,97.8744786715357,-90.0744786715357
1985,6,19.9,24.7,Çorlu,41.179805555555554,113.95814911388038,-89.25814911388038
1985,7,21.4,10.6,Çorlu,41.179805555555554,127.46547636074389,-116.8654763607439
1985,8,22.7,3.9,Çorlu,41.179805555555554,128.3119573292108,-124.4119573292108
1985,9,18.2,16.4,Çorlu,41.179805555555554,82.87569175014599,-66.47569175014598
1985,10,11.6,32.3,Çorlu,41.179805555555554,41.21358847524057,-8.913588475240573
1985,11,10.4,126.0,Çorlu,41.179805555555554,30.634060012840184,95.36593998715982
1985,12,7.3,37.4,Çorlu,41.179805555555554,18.409624162353854,18.990375837646145
1986,1,5.7,140.6,Çorlu,41.179805555555554,13.757804824967367,126.84219517503263
1986,2,4.4,65.0,Çorlu,41.179805555555554,9.73257125766073,55.26742874233927
1986,3,5.1,37.5,Çorlu,41.179805555555554,14.794316673516969,22.705683326483033
1986,4,13.3,21.6,Çorlu,41.179805555555554,58.439194701185656,-36.839194701185654
1986,5,14.4,15.2,Çorlu,41.179805555555554,73.31465841920652,-58.11465841920652
1986,6,20.6,56.4,Çorlu,41.179805555555554,119.7367123536822,-63.336712353682195
1986,7,22.1,15.7,Çorlu,41.179805555555554,133.40485492074902,-117.70485492074901
1986,8,23.2,0.7,Çorlu,41.179805555555554,132.3475457201561,-131.6475457201561
1986,9,19.0,29.0,Çorlu,41.179805555555554,88.1508062741518,-59.150806274151805
1986,10,12.6,48.9,Çorlu,41.179805555555554,46.445954617414046,2.454045382585953
1986,11,6.4,41.4,Çorlu,41.179805555555554,16.0838525605549,25.3161474394451
1986,12,3.5,39.1,Çorlu,41.179805555555554,6.931203595409798,32.1687964045902
1987,1,2.2,68.4,Çorlu,41.179805555555554,4.175180701701426,64.22481929829858
1987,2,5.0,18.0,Çorlu,41.179805555555554,12.27309074732641,5.72690925267359
1987,3,1.7,24.5,Çorlu,41.179805555555554,3.7196576171711184,20.78034238282888
1987,4,9.1,39.6,Çorlu,41.179805555555554,36.438995471862,3.161004528138001
1987,5,14.8,26.8,Çorlu,41.179805555555554,77.69700789199744,-50.89700789199745
1987,6,20.8,21.1,Çorlu,41.179805555555554,122.40631223445338,-101.30631223445337
1987,7,23.4,21.3,Çorlu,41.179805555555554,144.7747955446741,-123.47479554467411
1987,8,20.9,10.8,Çorlu,41.179805555555554,116.01988489418108,-105.21988489418108
1987,9,19.3,1.5,Çorlu,41.179805555555554,91.09015990470171,-89.59015990470171
1987,10,11.9,31.3,Çorlu,41.179805555555554,44.26924852200565,-12.969248522005646
1987,11,10.1,93.1,Çorlu,41.179805555555554,30.777174525874628,62.322825474125366
1987,12,4.3,117.4,Çorlu,41.179805555555554,9.760708616530433,107.63929138346957
1988,1,5.4,14.7,Çorlu,41.179805555555554,12.963575298065788,1.7364247019342116
1988,2,3.9,57.8,Çorlu,41.179805555555554,8.407449678047936,49.39255032195206
1988,3,7.2,44.2,Çorlu,41.179805555555554,23.79278891035908,20.407211089640924
1988,4,10.0,62.3,Çorlu,41.179805555555554,40.1366936713351,22.163306328664895
1988,5,15.7,27.1,Çorlu,41.179805555555554,82.7284983958816,-55.6284983958816
1988,6,20.7,56.4,Çorlu,41.179805555555554,120.77974801711453,-64.37974801711454
1988,7,23.7,14.7,Çorlu,41.179805555555554,146.71784216956718,-132.0178421695672
1988,8,22.6,0.6,Çorlu,41.179805555555554,127.94283478038234,-127.34283478038235
1988,9,18.6,22.6,Çorlu,41.179805555555554,85.92283510068384,-63.32283510068384
1988,10,12.0,23.4,Çorlu,41.179805555555554,43.78516755113692,-20.385167551136924
1988,11,4.7,153.8,Çorlu,41.179805555555554,10.769123071802015,143.03087692819798
1988,12,4.2,82.1,Çorlu,41.179805555555554,8.996859944105317,73.10314005589467
1989,1,2.0,6.8,Çorlu,41.179805555555554,3.3669861065437283,3.4330138934562715
1989,2,5.2,8.3,Çorlu,41.179805555555554,12.204354994778843,-3.904354994778842
1989,3,8.5,55.6,Çorlu,41.179805555555554,29.456047909620704,26.143952090379297
1989,4,14.8,9.3,Çorlu,41.179805555555554,67.51577193624358,-58.215771936243584
1989,5,14.9,67.0,Çorlu,41.179805555555554,76.8013994803322,-9.801399480332194
1989,6,19.4,72.2,Çorlu,41.179805555555554,110.47451636143778,-38.274516361437776
1989,7,21.4,3.4,Çorlu,41.179805555555554,127.7733208818751,-124.37332088187509
1989,8,22.1,19.2,Çorlu,41.179805555555554,123.99133568784333,-104.79133568784333
1989,9,18.5,20.3,Çorlu,41.179805555555554,85.06997927227566,-64.76997927227566
1989,10,12.5,34.8,Çorlu,41.179805555555554,45.98109253876728,-11.181092538767281
1989,11,7.6,45.3,Çorlu,41.179805555555554,20.292582375543684,25.007417624456313
1989,12,4.5,69.5,Çorlu,41.179805555555554,9.736699904569189,59.76330009543081
1990,1,2.2,8.6,Çorlu,41.179805555555554,3.5009344353501985,5.099065564649801
1990,2,5.3,9.3,Çorlu,41.179805555555554,11.817284579312238,-2.5172845793122374
1990,3,8.6,16.9,Çorlu,41.179805555555554,28.732805059959492,-11.832805059959494
1990,4,12.1,51.0,Çorlu,41.179805555555554,50.047512865750875,0.9524871342491252
1990,5,14.6,49.8,Çorlu,41.179805555555554,73.12267055860904,-23.322670558609047
1990,6,20.1,88.5,Çorlu,41.179805555555554,114.68038072783185,-26.180380727831846
1990,7,22.2,4.6,Çorlu,41.179805555555554,133.3334484451059,-128.7334484451059
1990,8,21.6,0.8,Çorlu,41.179805555555554,119.30346852294295,-118.50346852294295
1990,9,17.6,56.4,Çorlu,41.179805555555554,78.36084618338457,-21.960846183384568
1990,10,14.1,55.5,Çorlu,41.179805555555554,52.84167862541015,2.6583213745898533
1990,11,12.3,54.9,Çorlu,41.179805555555554,37.71694462026139,17.18305537973861
1990,12,6.9,125.4,Çorlu,41.179805555555554,16.485615986457336,108.91438401354267
1991,1,2.7,25.8,Çorlu,41.179805555555554,5.471067146291311,20.32893285370869
1991,2,3.0,25.1,Çorlu,41.179805555555554,6.295295234204523,18.804704765795478
1991,3,5.2,26.1,Çorlu,41.179805555555554,16.122410032202694,9.977589967797307
1991,4,10.1,108.4,Çorlu,41.179805555555554,41.80832360363441,66.59167639636559
1991,5,14.7,140.1,Çorlu,41.179805555555554,77.0485826306441,63.05141736935589
1991,6,20.3,18.4,Çorlu,41.179805555555554,118.59225982681951,-100.19225982681951
1991,7,22.0,48.7,Çorlu,41.179805555555554,133.552430598563,-84.852430598563
1991,8,21.8,9.5,Çorlu,41.179805555555554,122.63190254956973,-113.13190254956973
1991,9,18.6,16.3,Çorlu,41.179805555555554,86.81167249914667,-70.51167249914667
1991,10,14.4,124.9,Çorlu,41.179805555555554,56.866968291772096,68.03303170822791
1991,11,9.4,33.7,Çorlu,41.179805555555554,28.036985213017005,5.663014786982998
1991,12,0.9,23.5,Çorlu,41.179805555555554,1.2606117276078337,22.239388272392166
1992,1,2.2,6.1,Çorlu,41.179805555555554,3.890383687650239,2.2096163123497607
1992,2,1.6,37.5,Çorlu,41.179805555555554,2.5459637134525717,34.95403628654743
1992,3,6.2,66.6,Çorlu,41.179805555555554,19.45237884647895,47.147621153521044
1992,4,11.8,41.0,Çorlu,41.179805555555554,50.04689022395693,-9.046890223956929
1992,5,14.1,15.6,Çorlu,41.179805555555554,71.60508846373064,-56.00508846373064
1992,6,20.8,47.0,Çorlu,41.179805555555554,121.5322386081907,-74.5322386081907
1992,7,20.6,53.0,Çorlu,41.179805555555554,121.59804622317723,-68.59804622317723
1992,8,23.4,0.2,Çorlu,41.179805555555554,134.02081623315365,-133.82081623315366
1992,9,17.8,0.1,Çorlu,41.179805555555554,80.98405074998044,-80.88405074998045
1992,10,16.9,53.1,Çorlu,41.179805555555554,69.19675827830613,-16.096758278306133
1992,11,9.0,57.7,Çorlu,41.179805555555554,25.657003169997505,32.042996830002494
1992,12,2.6,44.6,Çorlu,41.179805555555554,4.726140243425521,39.87385975657448
1993,1,2.2,38.4,Çorlu,41.179805555555554,3.795263236034151,34.604736763965846
1993,2,0.8,89.6,Çorlu,41.179805555555554,0.9721670394413969,88.62783296055859
1993,3,5.7,37.7,Çorlu,41.179805555555554,17.116951047971057,20.583048952028946
1993,4,10.9,27.8,Çorlu,41.179805555555554,44.60434015947484,-16.804340159474837
1993,5,15.3,75.2,Çorlu,41.179805555555554,79.43636058653314,-4.236360586533138
1993,6,20.1,12.5,Çorlu,41.179805555555554,115.7567417039242,-103.2567417039242
1993,7,21.6,1.6,Çorlu,41.179805555555554,129.28720942225112,-127.68720942225113
1993,8,22.1,9.9,Çorlu,41.179805555555554,123.9097581548464,-114.0097581548464
1993,9,19.3,16.4,Çorlu,41.179805555555554,89.95488849409095,-73.55488849409096
1993,10,17.0,7.7,Çorlu,41.179805555555554,69.43121361352028,-61.73121361352028
1993,11,6.9,80.3,Çorlu,41.179805555555554,17.737099044690037,62.562900955309956
1993,12,6.8,69.7,Çorlu,41.179805555555554,16.888626658224222,52.81137334177578
1994,1,5.9,33.4,Çorlu,41.179805555555554,11.609572826986366,21.790427173013633
1994,2,4.3,51.8,Çorlu,41.179805555555554,7.266073599360808,44.53392640063919
1994,3,7.6,27.5,Çorlu,41.179805555555554,21.139539754938575,6.360460245061425
1994,4,13.1,31.5,Çorlu,41.179805555555554,51.68399500385379,-20.183995003853788
1994,5,17.7,31.2,Çorlu,41.179805555555554,91.19502443427109,-59.99502443427109
1994,6,20.6,17.3,Çorlu,41.179805555555554,115.28555005419823,-97.98555005419823
1994,7,23.5,18.4,Çorlu,41.179805555555554,142.1629403768396,-123.7629403768396
1994,8,24.0,9.9,Çorlu,41.179805555555554,136.31539687188445,-126.41539687188444
1994,9,22.7,0.4,Çorlu,41.179805555555554,109.34701598402015,-108.94701598402014
1994,10,16.0,63.0,Çorlu,41.179805555555554,59.49862941999963,3.501370580000369
1994,11,7.9,87.0,Çorlu,41.179805555555554,17.934027474433307,69.06597252556669
1994,12,4.5,80.9,Çorlu,41.179805555555554,7.53464280646384,73.36535719353617
1995,1,3.8,181.7,Çorlu,41.179805555555554,7.569586451629021,174.13041354837097
1995,2,6.3,46.4,Çorlu,41.179805555555554,15.186126683154502,31.213873316845497
1995,3,7.5,66.2,Çorlu,41.179805555555554,24.039998573992225,42.16000142600778
1995,4,10.9,40.4,Çorlu,41.179805555555554,43.6537645529381,-3.253764552938101
1995,5,16.4,14.4,Çorlu,41.179805555555554,86.21243162973168,-71.81243162973168
1995,6,22.5,35.3,Çorlu,41.179805555555554,134.20854131988798,-98.90854131988799
1995,7,22.8,52.9,Çorlu,41.179805555555554,138.52508553357703,-85.62508553357702
1995,8,21.7,17.1,Çorlu,41.179805555555554,120.28135746246562,-103.18135746246563
1995,9,18.8,57.4,Çorlu,41.179805555555554,86.09003101195046,-28.69003101195046
1995,10,12.3,19.2,Çorlu,41.179805555555554,44.04589865183849,-24.845898651838493
1995,11,6.4,87.2,Çorlu,41.179805555555554,15.486044894233256,71.71395510576674
1995,12,5.2,66.4,Çorlu,41.179805555555554,11.309122262126797,55.09087773787321
1996,1,1.5,18.3,Çorlu,41.179805555555554,2.3669232518543004,15.9330767481457
1996,2,2.5,72.3,Çorlu,41.179805555555554,4.688020283955328,67.61197971604467
1996,3,2.2,66.1,Çorlu,41.179805555555554,4.926333329983311,61.17366667001669
1996,4,9.0,51.3,Çorlu,41.179805555555554,35.033717884595646,16.26628211540435
1996,5,18.5,1.9,Çorlu,41.179805555555554,103.2146570467027,-101.31465704670269
1996,6,20.6,4.3,Çorlu,41.179805555555554,120.14415541451689,-115.84415541451689
1996,7,22.2,50.6,Çorlu,41.179805555555554,134.54524943113816,-83.94524943113817
1996,8,22.1,31.3,Çorlu,41.179805555555554,124.27972547017727,-92.97972547017727
1996,9,17.8,68.3,Çorlu,41.179805555555554,81.16643995034435,-12.866439950344358
1996,10,12.5,12.7,Çorlu,41.179805555555554,46.40410587450805,-33.704105874508045
1996,11,10.2,48.9,Çorlu,41.179805555555554,30.498806405323602,18.401193594676396
1996,12,6.9,115.3,Çorlu,41.179805555555554,17.588058554799698,97.7119414452003
1997,1,4.0,36.6,Çorlu,41.179805555555554,9.305206843063715,27.294793156936286
1997,2,3.8,25.9,Çorlu,41.179805555555554,8.724871128887315,17.175128871112683
1997,3,4.2,56.7,Çorlu,41.179805555555554,12.38416039064472,44.31583960935528
1997,4,7.5,86.6,Çorlu,41.179805555555554,28.623567767434963,57.97643223256503
1997,5,16.5,7.5,Çorlu,41.179805555555554,90.00649194055437,-82.50649194055437
1997,6,20.7,15.1,Çorlu,41.179805555555554,121.93137931733757,-106.83137931733758
1997,7,23.2,44.8,Çorlu,41.179805555555554,143.3490573415123,-98.5490573415123
1997,8,20.9,23.1,Çorlu,41.179805555555554,116.29140098579184,-93.19140098579183
1997,9,15.9,3.2,Çorlu,41.179805555555554,71.00903024757437,-67.80903024757437
1997,10,13.0,181.8,Çorlu,41.179805555555554,50.04748526007415,131.75251473992586
1997,11,9.4,43.3,Çorlu,41.179805555555554,28.29037128613585,15.009628713864146
1997,12,5.5,131.8,Çorlu,41.179805555555554,13.678998548496194,118.12100145150382
1998,1,4.8,37.5,Çorlu,41.179805555555554,9.983170428886288,27.51682957111371
1998,2,4.9,31.9,Çorlu,41.179805555555554,10.299220200868783,21.600779799131217
1998,3,4.3,88.3,Çorlu,41.179805555555554,10.691796986718119,77.60820301328188
1998,4,13.0,26.9,Çorlu,41.179805555555554,54.57738836454892,-27.677388364548925
1998,5,15.7,100.7,Çorlu,41.179805555555554,80.09809889753747,20.601901102462534
1998,6,21.2,41.6,Çorlu,41.179805555555554,122.93700032699459,-81.3370003269946
1998,7,23.2,29.8,Çorlu,41.179805555555554,141.34239350191615,-111.54239350191615
1998,8,23.4,19.1,Çorlu,41.179805555555554,132.9322440320529,-113.8322440320529
1998,9,18.5,71.2,Çorlu,41.179805555555554,83.4132361437739,-12.213236143773898
1998,10,15.2,111.3,Çorlu,41.179805555555554,58.04894893910975,53.25105106089025
1998,11,9.2,95.3,Çorlu,41.179805555555554,24.797517182153047,70.50248281784695
1998,12,2.7,88.0,Çorlu,41.179805555555554,4.338198370151739,83.66180162984826
1999,1,4.5,30.1,Çorlu,41.179805555555554,8.07993965806117,22.02006034193883
1999,2,3.9,85.8,Çorlu,41.179805555555554,6.566294147225456,79.23370585277453
1999,3,8.0,53.5,Çorlu,41.179805555555554,23.45748562407672,30.04251437592328
1999,4,13.3,38.0,Çorlu,41.179805555555554,53.7193133775813,-15.719313377581301
1999,5,16.5,58.9,Çorlu,41.179805555555554,83.06498878386095,-24.164988783860956
1999,6,21.6,55.5,Çorlu,41.179805555555554,124.33393802493562,-68.83393802493562
1999,7,23.9,36.5,Çorlu,41.179805555555554,146.17103515083323,-109.67103515083323
1999,8,23.3,15.2,Çorlu,41.179805555555554,130.8641532866258,-115.66415328662579
1999,9,19.4,95.4,Çorlu,41.179805555555554,87.19040926030863,8.209590739691379
1999,10,15.2,15.8,Çorlu,41.179805555555554,55.846412489160734,-40.04641248916073
1999,11,8.8,93.9,Çorlu,41.179805555555554,21.60284212085791,72.29715787914209
1999,12,8.3,97.8,Çorlu,41.179805555555554,19.25450023945143,78.54549976054857
2000,1,1.1,20.8,Çorlu,41.179805555555554,1.255588189408026,19.544411810591974
2000,2,4.8,66.3,Çorlu,41.179805555555554,9.933881979893155,56.36611802010684
2000,3,6.5,40.8,Çorlu,41.179805555555554,18.937252603577452,21.862747396422545
2000,4,13.5,68.8,Çorlu,41.179805555555554,57.36701595571113,11.432984044288865
2000,5,14.9,78.7,Çorlu,41.179805555555554,74.26489556287937,4.4351044371206285
2000,6,19.7,10.4,Çorlu,41.179805555555554,110.80420897924634,-100.40420897924633
2000,7,24.4,22.9,Çorlu,41.179805555555554,151.60557291593602,-128.70557291593602
2000,8,22.3,7.4,Çorlu,41.179805555555554,124.18029441938103,-116.78029441938102
2000,9,18.7,36.0,Çorlu,41.179805555555554,84.54683166913564,-48.54683166913564
2000,10,13.1,49.0,Çorlu,41.179805555555554,47.01081418886478,1.989185811135222
2000,11,12.0,25.8,Çorlu,41.179805555555554,35.83054980298915,-10.030549802989146
2000,12,6.8,15.2,Çorlu,41.179805555555554,15.68950000377998,-0.4895000037799804
2001,1,5.8,34.2,Çorlu,41.179805555555554,11.730117253729256,22.46988274627075
2001,2,6.4,81.0,Çorlu,41.179805555555554,13.58216700765244,67.41783299234756
2001,3,11.6,18.4,Çorlu,41.179805555555554,40.45888393596341,-22.058883935963408
2001,4,12.2,70.3,Çorlu,41.179805555555554,47.35200891482292,22.94799108517708
2001,5,16.1,28.3,Çorlu,41.179805555555554,80.14993525735261,-51.84993525735261
2001,6,20.8,27.1,Çorlu,41.179805555555554,117.65682227551046,-90.55682227551046
2001,7,24.9,9.3,Çorlu,41.179805555555554,155.22911147776406,-145.92911147776405
2001,8,23.5,10.8,Çorlu,41.179805555555554,132.52282994108546,-121.72282994108546
2001,9,20.0,58.0,Çorlu,41.179805555555554,91.18497547988305,-33.18497547988305
2001,10,14.6,3.1,Çorlu,41.179805555555554,52.660513726520115,-49.560513726520114
2001,11,8.3,103.0,Çorlu,41.179805555555554,19.8390034898011,83.1609965101989
2001,12,0.4,176.2,Çorlu,41.179805555555554,0.22634833099923254,175.97365166900076
2002,1,2.5,28.4,Çorlu,41.179805555555554,3.3532445195159775,25.04675548048402
2002,2,8.3,41.5,Çorlu,41.179805555555554,19.69420653358667,21.80579346641333
2002,3,8.7,63.3,Çorlu,41.179805555555554,26.30340728362459,36.9965927163754
2002,4,10.2,41.7,Çorlu,41.179805555555554,36.1431662910294,5.556833708970601
2002,5,16.4,20.6,Çorlu,41.179805555555554,82.02380421035639,-61.42380421035639
2002,6,21.7,61.7,Çorlu,41.179805555555554,124.9781694406368,-63.2781694406368
2002,7,25.8,40.4,Çorlu,41.179805555555554,163.46672269923698,-123.06672269923698
2002,8,23.0,63.0,Çorlu,41.179805555555554,128.2518473689444,-65.2518473689444
2002,9,19.4,123.5,Çorlu,41.179805555555554,86.97767023603393,36.52232976396607
2002,10,15.2,41.4,Çorlu,41.179805555555554,55.60834320728517,-14.208343207285175
2002,11,11.4,107.7,Çorlu,41.179805555555554,31.370502247638125,76.32949775236187
2002,12,3.5,33.9,Çorlu,41.179805555555554,5.347595263734874,28.552404736265125
2003,1,5.2,94.0,Çorlu,41.179805555555554,11.368218405116588,82.6317815948834
2003,2,-1.3,110.4,Çorlu,41.179805555555554,0.0,110.4
2003,3,3.3,25.8,Çorlu,41.179805555555554,7.5566293424549205,18.24337065754508
2003,4,8.2,58.3,Çorlu,41.179805555555554,29.031792213437804,29.268207786562193
2003,5,17.5,10.2,Çorlu,41.179805555555554,93.66283742502839,-83.46283742502838
2003,6,22.3,0.8,Çorlu,41.179805555555554,132.21617027593084,-131.41617027593082
2003,7,23.8,14.6,Çorlu,41.179805555555554,146.67405800876892,-132.07405800876893
2003,8,24.0,2.3,Çorlu,41.179805555555554,137.8924513926185,-135.5924513926185
2003,9,17.8,15.5,Çorlu,41.179805555555554,79.39200965860778,-63.892009658607776
2003,10,14.5,114.8,Çorlu,41.179805555555554,54.71506415082172,60.08493584917828
2003,11,9.6,30.6,Çorlu,41.179805555555554,26.616596164850296,3.983403835149705
2003,12,5.1,50.1,Çorlu,41.179805555555554,10.749289013218498,39.35071098678151
2004,1,2.5,93.5,Çorlu,41.179805555555554,3.9344399452081165,89.56556005479189
2004,2,4.4,33.1,Çorlu,41.179805555555554,8.73212546189579,24.36787453810421
2004,3,7.8,60.1,Çorlu,41.179805555555554,24.33860799440882,35.761392005591176
2004,4,11.4,21.9,Çorlu,41.179805555555554,45.10946945120393,-23.20946945120393
2004,5,15.6,30.2,Çorlu,41.179805555555554,79.03851211249285,-48.83851211249285
2004,6,20.6,64.2,Çorlu,41.179805555555554,117.8474384971698,-53.6474384971698
2004,7,22.3,12.6,Çorlu,41.179805555555554,133.53540226696597,-120.93540226696598
2004,8,22.6,131.5,Çorlu,41.179805555555554,126.44540518548864,5.054594814511361
2004,9,19.2,1.9,Çorlu,41.179805555555554,87.6209758387038,-85.7209758387038
2004,10,16.4,16.6,Çorlu,41.179805555555554,64.298678393397,-47.698678393396996
2004,11,10.0,21.0,Çorlu,41.179805555555554,27.642329787593503,-6.6423297875935035
2004,12,6.2,49.2,Çorlu,41.179805555555554,13.706127103564302,35.493872896435704
2005,1,4.7,49.0,Çorlu,41.179805555555554,9.930195012140198,39.069804987859804
2005,2,3.4,57.6,Çorlu,41.179805555555554,6.35807000041938,51.24192999958062
2005,3,6.9,33.4,Çorlu,41.179805555555554,21.103343720121373,12.296656279878626
2005,4,12.2,15.6,Çorlu,41.179805555555554,50.488417801218226,-34.888417801218225
2005,5,16.4,80.2,Çorlu,41.179805555555554,85.71813126134408,-5.518131261344081
2005,6,19.2,32.4,Çorlu,41.179805555555554,107.53158446909625,-75.13158446909625
2005,7,23.3,26.0,Çorlu,41.179805555555554,142.47537640905054,-116.47537640905054
2005,8,23.5,62.8,Çorlu,41.179805555555554,133.9751010891928,-71.17510108919281
2005,9,19.3,7.6,Çorlu,41.179805555555554,88.90504589961641,-81.30504589961642
2005,10,13.3,46.6,Çorlu,41.179805555555554,48.63422157880798,-2.03422157880798
2005,11,8.0,88.0,Çorlu,41.179805555555554,20.740835795911803,67.2591642040882
2005,12,5.7,80.4,Çorlu,41.179805555555554,12.598222875839674,67.80177712416034
2006,1,1.3,19.4,Çorlu,41.179805555555554,1.6136779126589675,17.78632208734103
2006,2,3.3,32.6,Çorlu,41.179805555555554,5.942038173843836,26.657961826156164
2006,3,7.4,87.0,Çorlu,41.179805555555554,22.87553699405297,64.12446300594704
2006,4,12.4,10.2,Çorlu,41.179805555555554,51.138440045975784,-40.93844004597578
2006,5,16.6,26.4,Çorlu,41.179805555555554,86.64269283681868,-60.242692836818684
2006,6,20.9,66.6,Çorlu,41.179805555555554,120.55005152818053,-53.95005152818054
2006,7,22.0,108.0,Çorlu,41.179805555555554,131.26100415905378,-23.261004159053783
2006,8,24.8,24.0,Çorlu,41.179805555555554,144.1968145135588,-120.19681451355879
2006,9,18.4,41.2,Çorlu,41.179805555555554,82.82325911868274,-41.62325911868274
2006,10,14.6,37.4,Çorlu,41.179805555555554,54.91319411130525,-17.513194111305253
2006,11,8.5,37.2,Çorlu,41.179805555555554,22.232653833416713,14.96734616658329
2006,12,5.1,23.2,Çorlu,41.179805555555554,10.57734546912697,12.62265453087303
2007,1,6.8,18.4,Çorlu,41.179805555555554,14.002776354399666,4.397223645600333
2007,2,5.9,27.6,Çorlu,41.179805555555554,11.333476691747522,16.26652330825248
2007,3,7.8,30.2,Çorlu,41.179805555555554,21.504701857734712,8.695298142265287
2007,4,10.8,16.4,Çorlu,41.179805555555554,38.16205393161757,-21.762053931617572
2007,5,18.4,87.0,Çorlu,41.179805555555554,95.9812333669923,-8.9812333669923
2007,6,23.8,4.6,Çorlu,41.179805555555554,142.6330625927961,-138.0330625927961
2007,7,24.9,0.2,Çorlu,41.179805555555554,154.74910960209556,-154.54910960209557
2007,8,24.9,4.6,Çorlu,41.179805555555554,143.80509056892973,-139.20509056892973
2007,9,18.8,42.8,Çorlu,41.179805555555554,82.0775320530722,-39.27753205307221
2007,10,15.2,38.8,Çorlu,41.179805555555554,54.58008079651311,-15.780080796513111
2007,11,8.6,199.6,Çorlu,41.179805555555554,19.950454718935774,179.6495452810642
2007,12,3.9,48.2,Çorlu,41.179805555555554,5.887573914087673,42.31242608591233
2008,1,1.9,17.8,Çorlu,41.179805555555554,2.2661211939872317,15.533878806012769
2008,2,4.4,23.8,Çorlu,41.179805555555554,7.797123565660789,16.00287643433921
2008,3,10.0,64.6,Çorlu,41.179805555555554,32.445300370796126,32.15469962920387
2008,4,13.5,21.0,Çorlu,41.179805555555554,54.80273670155273,-33.80273670155273
2008,5,16.6,63.0,Çorlu,41.179805555555554,83.69194363814997,-20.691943638149965
2008,6,21.6,59.8,Çorlu,41.179805555555554,124.25851300346169,-64.45851300346169
2008,7,23.3,10.0,Çorlu,41.179805555555554,140.76751833796237,-130.76751833796237
2008,8,24.2,2.8,Çorlu,41.179805555555554,138.30013414394293,-135.50013414394292
2008,9,18.6,38.8,Çorlu,41.179805555555554,81.88696736060403,-43.086967360604035
2008,10,14.7,29.0,Çorlu,41.179805555555554,53.08515310580479,-24.085153105804793
2008,11,10.8,39.0,Çorlu,41.179805555555554,29.093248302628325,9.906751697371675
2008,12,6.6,21.8,Çorlu,41.179805555555554,13.706568569464805,8.093431430535196
2009,1,5.1,74.0,Çorlu,41.179805555555554,9.794976134269119,64.20502386573088
2009,2,4.9,85.4,Çorlu,41.179805555555554,9.26072158348163,76.13927841651838
2009,3,6.9,92.2,Çorlu,41.179805555555554,19.024300302829445,73.17569969717056
2009,4,10.5,44.4,Çorlu,41.179805555555554,38.18094603758804,6.219053962411955
2009,5,17.2,56.6,Çorlu,41.179805555555554,88.49528513193461,-31.895285131934607
2009,6,22.0,29.4,Çorlu,41.179805555555554,127.86231454313854,-98.46231454313855
2009,7,24.1,61.6,Çorlu,41.179805555555554,148.05503662212894,-86.45503662212894
2009,8,22.4,0.0,Çorlu,41.179805555555554,123.64324454263283,-123.64324454263283
2009,9,18.7,80.8,Çorlu,41.179805555555554,82.78007473241986,-1.9800747324198653
2009,10,16.0,114.8,Çorlu,41.179805555555554,60.37695809819822,54.423041901801774
2009,11,10.6,53.2,Çorlu,41.179805555555554,28.52206805695867,24.677931943041333
2009,12,8.2,122.2,Çorlu,41.179805555555554,19.03744644421735,103.16255355578265
2010,1,3.4,80.6,Çorlu,41.179805555555554,4.618244165965561,75.98175583403443
2010,2,6.4,136.6,Çorlu,41.179805555555554,12.243871895789658,124.35612810421034
2010,3,7.0,65.0,Çorlu,41.179805555555554,17.511390447783228,47.48860955221677
2010,4,12.1,48.4,Çorlu,41.179805555555554,44.16278645059378,4.237213549406221
2010,5,18.3,21.0,Çorlu,41.179805555555554,94.05232085794768,-73.05232085794768
2010,6,21.5,70.6,Çorlu,41.179805555555554,121.53355438212049,-50.93355438212049
2010,7,23.8,25.2,Çorlu,41.179805555555554,144.0202519656408,-118.8202519656408
2010,8,26.4,0.6,Çorlu,41.179805555555554,156.9677846130746,-156.3677846130746
2010,9,20.1,48.4,Çorlu,41.179805555555554,89.94887012471509,-41.54887012471509
2010,10,13.0,152.0,Çorlu,41.179805555555554,42.15246991308223,109.84753008691777
2010,11,14.5,58.4,Çorlu,41.179805555555554,42.975414631434774,15.424585368565225
2010,12,8.0,128.8,Çorlu,41.179805555555554,16.72291509860832,112.07708490139169
2011,1,4.4,43.0,Çorlu,41.179805555555554,9.020470728174661,33.97952927182534
2011,2,3.5,39.4,Çorlu,41.179805555555554,6.5828167190817926,32.81718328091821
2011,3,6.4,32.0,Çorlu,41.179805555555554,18.944485306992984,13.055514693007016
2011,4,9.0,93.2,Çorlu,41.179805555555554,33.04117935827482,60.158820641725185
2011,5,15.9,81.8,Çorlu,41.179805555555554,82.00818197644323,-0.20818197644322822
2011,6,20.7,61.6,Çorlu,41.179805555555554,119.24998179958764,-57.64998179958764
2011,7,24.9,14.0,Çorlu,41.179805555555554,156.16314170554713,-142.16314170554713
2011,8,22.8,3.0,Çorlu,41.179805555555554,128.42708655981892,-125.42708655981892
2011,9,21.1,40.4,Çorlu,41.179805555555554,100.52025820925347,-60.12025820925347
2011,10,12.6,128.8,Çorlu,41.179805555555554,45.03700712882082,83.7629928711792
2011,11,6.5,19.2,Çorlu,41.179805555555554,15.501437833377624,3.6985621666223754
2011,12,6.7,78.8,Çorlu,41.179805555555554,15.69957258928439,63.10042741071561
2012,1,1.9,40.6,Çorlu,41.179805555555554,1.7779109102932769,38.82208908970672
2012,2,1.7,40.8,Çorlu,41.179805555555554,1.498150937099775,39.301849062900224
2012,3,6.8,33.6,Çorlu,41.179805555555554,16.23746431373038,17.36253568626962
2012,4,13.9,65.2,Çorlu,41.179805555555554,53.8562640921182,11.3437359078818
2012,5,17.4,76.2,Çorlu,41.179805555555554,86.18881975616566,-9.988819756165654
2012,6,23.4,4.0,Çorlu,41.179805555555554,138.01138583749355,-134.01138583749355
2012,7,26.1,0.0,Çorlu,41.179805555555554,165.86907384892083,-165.86907384892083
2012,8,24.9,16.6,Çorlu,41.179805555555554,143.2243051441806,-126.6243051441806
2012,9,20.8,26.8,Çorlu,41.179805555555554,94.26878954931266,-67.46878954931266
2012,10,17.9,89.2,Çorlu,41.179805555555554,68.30809738253988,20.89190261746012
2012,11,12.0,41.0,Çorlu,41.179805555555554,31.546948826778305,9.453051173221695
2012,12,5.2,208.8,Çorlu,41.179805555555554,8.308935619364197,200.4910643806358
2013,1,4.9,101.0,Çorlu,41.179805555555554,8.344555239645176,92.65544476035483
2013,2,6.5,88.2,Çorlu,41.179805555555554,12.852676485887079,75.34732351411293
2013,3,8.6,69.4,Çorlu,41.179805555555554,24.513269736935325,44.88673026306468
2013,4,13.6,27.4,Çorlu,41.179805555555554,53.486275825566956,-26.086275825566958
2013,5,19.8,14.2,Çorlu,41.179805555555554,106.72887059662833,-92.52887059662832
2013,6,21.5,57.0,Çorlu,41.179805555555554,122.00359522066023,-65.00359522066023
2013,7,23.5,1.0,Çorlu,41.179805555555554,141.56498173624763,-140.56498173624763
2013,8,24.4,8.2,Çorlu,41.179805555555554,139.28910039009673,-131.08910039009675
2013,9,20.5,19.8,Çorlu,41.179805555555554,93.15198372460318,-73.35198372460319
2013,10,13.2,136.4,Çorlu,41.179805555555554,43.69018770369045,92.70981229630956
2013,11,11.8,71.0,Çorlu,41.179805555555554,31.75586704727963,39.24413295272037
2013,12,4.6,11.8,Çorlu,41.179805555555554,7.363294860224914,4.4367051397750865
2014,1,7.1,45.4,Çorlu,41.179805555555554,15.208618326840837,30.191381673159164
2014,2,7.5,8.4,Çorlu,41.179805555555554,16.544115468249284,-8.144115468249284
2014,3,9.7,88.2,Çorlu,41.179805555555554,30.267771719512467,57.932228280487536
2014,4,13.3,36.8,Çorlu,41.179805555555554,52.70686849026996,-15.906868490269964
2014,5,17.2,50.4,Çorlu,41.179805555555554,87.2224627774978,-36.8224627774978
2014,6,20.5,127.4,Çorlu,41.179805555555554,114.32315882498209,13.076841175017918
2014,7,23.4,86.2,Çorlu,41.179805555555554,141.18116950144048,-54.981169501440476
2014,8,23.9,54.8,Çorlu,41.179805555555554,135.40400573553543,-80.60400573553544
2014,9,19.0,127.0,Çorlu,41.179805555555554,83.7785453684966,43.221454631503406
2014,10,14.1,54.4,Çorlu,41.179805555555554,49.15790350964901,5.242096490350988
2014,11,9.6,45.8,Çorlu,41.179805555555554,23.86778416843269,21.93221583156731
2014,12,7.5,83.8,Çorlu,41.179805555555554,16.032897408462365,67.76710259153764
2015,1,4.2,63.4,Çorlu,41.179805555555554,7.204402858681726,56.195597141318274
2015,2,5.2,98.8,Çorlu,41.179805555555554,9.89150395895524,88.90849604104476
2015,3,7.4,36.8,Çorlu,41.179805555555554,20.72801714760074,16.071982852399255
2015,4,10.5,77.5,Çorlu,41.179805555555554,37.727214576097786,39.772785423902214
2015,5,17.9,4.4,Çorlu,41.179805555555554,93.32067146348133,-88.92067146348133
2015,6,20.2,68.2,Çorlu,41.179805555555554,112.46632544134597,-44.26632544134597
2015,7,23.7,0.0,Çorlu,41.179805555555554,144.24901765716652,-144.24901765716652
2015,8,24.6,3.8,Çorlu,41.179805555555554,141.61385989093387,-137.81385989093386
2015,9,21.4,68.8,Çorlu,41.179805555555554,100.5107656253528,-31.710765625352806
2015,10,14.4,85.3,Çorlu,41.179805555555554,51.3564630913757,33.943536908624296
2015,11,12.0,48.2,Çorlu,41.179805555555554,33.83858330470457,14.361416695295432
2015,12,4.9,7.0,Çorlu,41.179805555555554,8.782351165282721,-1.782351165282721
2016,1,3.8,58.0,Çorlu,41.179805555555554,5.8495142517663785,52.15048574823362
2016,2,9.1,59.0,Çorlu,41.179805555555554,21.81105262096822,37.18894737903178
2016,3,9.3,23.6,Çorlu,41.179805555555554,28.08246166268476,-4.482461662684759
2016,4,15.0,33.4,Çorlu,41.179805555555554,62.65873941952671,-29.258739419526712
2016,5,16.6,49.7,Çorlu,41.179805555555554,82.26751255470667,-32.56751255470667
2016,6,22.7,53.2,Çorlu,41.179805555555554,132.8618445026664,-79.6618445026664
2016,7,23.8,1.4,Çorlu,41.179805555555554,144.60033652017117,-143.20033652017116
2016,8,24.0,7.6,Çorlu,41.179805555555554,136.07635840094537,-128.47635840094537
2016,9,19.8,16.3,Çorlu,41.179805555555554,88.79078123063718,-72.49078123063718
2016,10,14.2,28.6,Çorlu,41.179805555555554,49.320381126461896,-20.720381126461895
2016,11,9.8,80.2,Çorlu,41.179805555555554,24.333235395611645,55.86676460438836
2016,12,1.8,32.6,Çorlu,41.179805555555554,1.8463885320256057,30.753611467974395
2017,1,0.3,109.4,Çorlu,41.179805555555554,0.1655388443086794,109.23446115569132
2017,2,5.6,29.0,Çorlu,41.179805555555554,11.483053082876006,17.516946917123995
2017,3,8.7,41.8,Çorlu,41.179805555555554,27.077295876790945,14.722704123209052
2017,4,10.9,46.8,Çorlu,41.179805555555554,40.792069790190745,6.007930209809253
2017,5,16.0,29.8,Çorlu,41.179805555555554,80.15484074387815,-50.35484074387816
2017,6,21.5,90.2,Çorlu,41.179805555555554,123.99403937287985,-33.79403937287985
2017,7,23.2,66.0,Çorlu,41.179805555555554,140.31362069217684,-74.31362069217684
2017,8,23.4,6.8,Çorlu,41.179805555555554,132.02094142559633,-125.22094142559634
2017,9,21.0,19.0,Çorlu,41.179805555555554,98.37252367168661,-79.37252367168661
2017,10,13.9,119.8,Çorlu,41.179805555555554,49.57815080603188,70.22184919396813
2017,11,10.1,73.8,Çorlu,41.179805555555554,26.91355365644327,46.88644634355673
2017,12,8.2,76.8,Çorlu,41.179805555555554,19.328788783413554,57.47121121658644
2018,1,5.4,88.4,Çorlu,41.179805555555554,9.804831574579888,78.59516842542011
2018,2,5.9,89.8,Çorlu,41.179805555555554,11.235749868435063,78.56425013156493
2018,3,9.1,101.4,Çorlu,41.179805555555554,26.95770076074929,74.44229923925072
2018,4,14.0,16.4,Çorlu,41.179805555555554,56.20437452533121,-39.80437452533121
2018,5,17.9,37.4,Çorlu,41.179805555555554,91.86676788469246,-54.466767884692466
2018,6,21.5,129.2,Çorlu,41.179805555555554,122.23264099793481,6.96735900206518
2018,7,23.9,84.6,Çorlu,41.179805555555554,145.3873370970154,-60.78733709701541
2018,8,24.1,0.2,Çorlu,41.179805555555554,136.81839959057768,-136.6183995905777
2018,9,20.1,63.8,Çorlu,41.179805555555554,90.62388890119428,-26.82388890119428
2018,10,15.3,55.6,Çorlu,41.179805555555554,54.944914393664014,0.6550856063359873
2018,11,10.4,75.2,Çorlu,41.179805555555554,26.41875697956538,48.78124302043462
2018,12,4.6,82.2,Çorlu,41.179805555555554,7.473803247747437,74.72619675225256
2019,1,4.6,60.2,Çorlu,41.179805555555554,7.1026484385235715,53.09735156147643
2019,2,6.6,27.0,Çorlu,41.179805555555554,12.490918250069809,14.509081749930191
2019,3,8.2,22.2,Çorlu,41.179805555555554,21.824922552129983,0.37507744787001585
2019,4,11.2,64.6,Çorlu,41.179805555555554,38.5515408569889,26.048459143011094
2019,5,17.8,54.6,Çorlu,41.179805555555554,89.41208127086868,-34.81208127086868
2019,6,23.2,20.2,Çorlu,41.179805555555554,136.23548023263825,-116.03548023263825
2019,7,23.2,31.6,Çorlu,41.179805555555554,138.0838838912331,-106.48388389123312
2019,8,24.0,1.0,Çorlu,41.179805555555554,135.27486725728443,-134.27486725728443
2019,9,20.3,13.0,Çorlu,41.179805555555554,90.83407435030419,-77.83407435030419
2019,10,16.2,51.2,Çorlu,41.179805555555554,58.54902446750749,-7.3490244675074905
2019,11,14.8,4.0,Çorlu,41.179805555555554,43.83903354503329,-39.83903354503329
2019,12,8.1,18.6,Çorlu,41.179805555555554,16.652050399476742,1.947949600523259
2020,1,4.0,30.2,Çorlu,41.179805555555554,5.271580293930808,24.928419706069192
2020,2,5.4,10.4,Çorlu,41.179805555555554,8.53961007865376,1.8603899213462398
2020,3,8.8,22.0,Çorlu,41.179805555555554,23.240672263093565,-1.2406722630935647
2020,4,10.4,34.4,Çorlu,41.179805555555554,33.001135416259174,1.3988645837408242
2020,5,16.4,112.0,Çorlu,41.179805555555554,77.08580480888678,34.91419519111322
2020,6,21.7,123.0,Çorlu,41.179805555555554,121.67819170563571,1.3218082943642884
2020,7,24.1,0.2,Çorlu,41.179805555555554,145.86080054736598,-145.660800547366
2020,8,24.9,15.2,Çorlu,41.179805555555554,142.81393519520824,-127.61393519520824
2020,9,23.2,20.2,Çorlu,41.179805555555554,111.15103715194664,-90.95103715194664
2020,10,19.5,63.4,Çorlu,41.179805555555554,77.10318143729702,-13.703181437297026
2020,11,12.4,13.2,Çorlu,41.179805555555554,32.21373444753351,-19.013734447533512
2020,12,10.9,38.4,Çorlu,41.179805555555554,25.452722620652747,12.947277379347252
2021,1,8.2,150.2,Çorlu,41.179805555555554,17.609965077319448,132.59003492268053
2021,2,9.8,81.4,Çorlu,41.179805555555554,23.271171260096665,58.12882873990334
2021,3,10.119627133729617,33.6,Çorlu,41.179805555555554,30.47808326362578,3.121916736374221
2021,4,10.5,13.8,Çorlu,41.179805555555554,35.080526192137725,-21.280526192137724
2021,5,17.3,57.0,Çorlu,41.179805555555554,85.7780103088753,-28.778010308875295
2021,6,20.4,123.6,Çorlu,41.179805555555554,111.70796684415059,11.892033155849404
2021,7,25.1,5.0,Çorlu,41.179805555555554,156.15922813507697,-151.15922813507697
2021,8,25.1,28.6,Çorlu,41.179805555555554,145.11548404304878,-116.51548404304879
2021,9,19.4,15.8,Çorlu,41.179805555555554,84.82076263944585,-69.02076263944585
2021,10,14.1,22.4,Çorlu,41.179805555555554,47.36473875837333,-24.96473875837333
2021,11,11.7,52.6,Çorlu,41.179805555555554,30.56791553151091,22.032084468489092
2021,12,7.9,83.6,Çorlu,41.179805555555554,16.145167326649183,67.45483267335081
2022,1,4.2,13.6,Çorlu,41.179805555555554,6.641012078462482,6.958987921537518
2022,2,6.1,92.2,Çorlu,41.179805555555554,11.725865919720059,80.47413408027994
2022,3,4.3,14.0,Çorlu,41.179805555555554,8.59625654028525,5.40374345971475
2022,4,12.5,68.2,Çorlu,41.179805555555554,47.16616083603795,21.03383916396205
2022,5,16.9,16.4,Çorlu,41.179805555555554,84.01682733552208,-67.61682733552209
2022,6,21.6,38.6,Çorlu,41.179805555555554,122.95408191955332,-84.35408191955332
2022,7,23.8,0.0,Çorlu,41.179805555555554,144.37809481061487,-144.37809481061487
2022,8,25.0,39.2,Çorlu,41.179805555555554,144.56312676631947,-105.36312676631947
2022,9,20.4,8.0,Çorlu,41.179805555555554,92.54442171156703,-84.54442171156703
2022,10,15.4,2.4,Çorlu,41.179805555555554,55.32863808227114,-52.92863808227114
2022,11,12.8,24.6,Çorlu,41.179805555555554,36.022907167339255,-11.422907167339254
2022,12,9.2,30.6,Çorlu,41.179805555555554,21.196004716908238,9.403995283091763
2023,1,7.5,14.4,Çorlu,41.179805555555554,14.302197809322791,0.09780219067720886
2023,2,5.7,2.8,Çorlu,41.179805555555554,9.22726823031095,-6.42726823031095
2023,3,8.9,25.8,Çorlu,41.179805555555554,23.512795252206068,2.2872047477939326
2023,4,11.8,61.4,Çorlu,41.179805555555554,40.196295189919276,21.203704810080723
2023,5,15.6,52.2,Çorlu,41.179805555555554,70.93534964975235,-18.73534964975235
2023,6,20.8,42.2,Çorlu,41.179805555555554,113.53934741153553,-71.33934741153553
2023,7,25.6,8.2,Çorlu,41.179805555555554,160.60975276909826,-152.40975276909828
2023,8,25.9,0.0,Çorlu,41.179805555555554,152.06917668393424,-152.06917668393424
2023,9,22.1,6.6,Çorlu,41.179805555555554,102.72667598290124,-96.12667598290125
2023,10,17.5,12.6,Çorlu,41.179805555555554,64.68728480995567,-52.08728480995567
2023,11,13.3,167.4,Çorlu,41.179805555555554,35.88739765849918,131.51260234150084
2023,12,9.0,63.6,Çorlu,41.179805555555554,18.616929591419595,44.9830704085804
2024,1,6.0,43.4,Çorlu,41.179805555555554,9.548792172977988,33.85120782702201
2024,2,8.8,38.4,Çorlu,41.179805555555554,17.90985690575441,20.49014309424559
2024,3,9.7,58.8,Çorlu,41.179805555555554,26.171846438385973,32.62815356161403
2024,4,15.3,30.4,Çorlu,41.179805555555554,59.96122577717632,-29.56122577717632
2024,5,15.9,9.6,Çorlu,41.179805555555554,71.98325239044428,-62.38325239044428
2024,6,24.7,6.0,Çorlu,41.179805555555554,149.248845469417,-143.248845469417
2024,7,26.6,0.2,Çorlu,41.179805555555554,170.7731684215216,-170.57316842152161
2024,8,25.1,14.0,Çorlu,41.179805555555554,144.31923557497834,-130.31923557497834
2024,9,21.3,79.4,Çorlu,41.179805555555554,96.1505420848389,-16.750542084838898
2024,10,15.3,1.2,Çorlu,41.179805555555554,51.25348886643066,-50.053488866430655
2024,11,9.7,23.4,Çorlu,41.179805555555554,20.95970607258557,2.44029392741443
2024,12,8.0,91.2,Çorlu,41.179805555555554,14.850459697082348,76.34954030291766
1965,1,4.8,31.6,İpsala,40.89,9.640021199390189,21.95997880060981
1965,2,1.1,137.5,İpsala,40.89,1.1908159477687401,136.30918405223127
1965,3,7.3,33.8,İpsala,40.89,21.779376791087987,12.02062320891201
1965,4,10.8,40.2,İpsala,40.89,41.24150971153518,-1.041509711535177
1965,5,15.9,59.2,İpsala,40.89,80.4538744250695,-21.253874425069498
1965,6,21.7,0.9,İpsala,40.89,126.1480645895836,-125.24806458958359
1965,7,23.6,2.8,İpsala,40.89,144.0721602199852,-141.27216021998518
1965,8,22.0,3.9,İpsala,40.89,121.26319997854175,-117.36319997854174
1965,9,20.6,0.3,İpsala,40.89,96.35712833166609,-96.05712833166609
1965,10,12.4,8.0,İpsala,40.89,42.977361502760964,-34.977361502760964
1965,11,10.9,152.0,İpsala,40.89,30.890017605711886,121.10998239428811
1965,12,8.8,158.6,İpsala,40.89,22.15536295011908,136.44463704988092
1966,1,4.6,130.7,İpsala,40.89,6.777466543031918,123.92253345696807
1966,2,9.9,79.9,İpsala,40.89,22.87071182312013,57.029288176879874
1966,3,8.6,49.4,İpsala,40.89,22.767760554777453,26.632239445222545
1966,4,14.0,32.7,İpsala,40.89,53.53025966644203,-20.830259666442025
1966,5,17.0,29.0,İpsala,40.89,82.029101088094,-53.029101088093995
1966,6,21.2,7.4,İpsala,40.89,117.3634922807576,-109.96349228075759
1966,7,24.6,24.2,İpsala,40.89,150.62334071635402,-126.42334071635402
1966,8,25.1,1.7,İpsala,40.89,144.60880302301763,-142.90880302301764
1966,9,19.5,45.4,İpsala,40.89,84.54000969359664,-39.140009693596646
1966,10,18.4,28.3,İpsala,40.89,70.71159852367322,-42.41159852367322
1966,11,12.4,177.7,İpsala,40.89,32.64598620526502,145.05401379473497
1966,12,6.4,187.5,İpsala,40.89,11.118403948425975,176.38159605157404
1967,1,2.2,98.3,İpsala,40.89,2.8715899283372104,95.42841007166278
1967,2,2.4,48.6,İpsala,40.89,3.26407497031108,45.33592502968892
1967,3,7.6,45.7,İpsala,40.89,21.89145192477685,23.808548075223154
1967,4,12.5,50.7,İpsala,40.89,49.1799631421696,1.520036857830405
1967,5,18.0,28.2,İpsala,40.89,94.37977521789126,-66.17977521789126
1967,6,21.0,50.5,İpsala,40.89,119.19013724717395,-68.69013724717395
1967,7,23.9,20.6,İpsala,40.89,145.97166013696952,-125.37166013696952
1967,8,24.2,1.4,İpsala,40.89,138.2394730306628,-136.8394730306628
1967,9,20.4,33.9,İpsala,40.89,93.95730559531056,-60.05730559531056
1967,10,14.6,39.7,İpsala,40.89,52.85006400893433,-13.15006400893433
1967,11,10.0,37.8,İpsala,40.89,26.2404555989138,11.559544401086196
1967,12,6.4,70.5,İpsala,40.89,13.285855275524929,57.21414472447507
1968,1,2.3,125.3,İpsala,40.89,2.8965029389803205,122.40349706101968
1968,2,6.2,62.3,İpsala,40.89,12.632625007220739,49.66737499277926
1968,3,7.4,71.0,İpsala,40.89,20.44174681732059,50.55825318267941
1968,4,14.0,13.4,İpsala,40.89,57.177286691983866,-43.77728669198387
1968,5,20.8,23.2,İpsala,40.89,115.90113908630848,-92.70113908630847
1968,6,21.8,19.2,İpsala,40.89,125.28144852626562,-106.08144852626562
1968,7,24.4,1.8,İpsala,40.89,150.12343355840932,-148.3234335584093
1968,8,22.5,47.8,İpsala,40.89,123.77694076885467,-75.97694076885467
1968,9,19.8,68.0,İpsala,40.89,89.31942257341954,-21.319422573419544
1968,10,13.2,20.8,İpsala,40.89,44.874278622684855,-24.074278622684854
1968,11,10.3,55.2,İpsala,40.89,26.803346023781387,28.396653976218616
1968,12,3.8,106.4,İpsala,40.89,5.930475270770405,100.4695247292296
1969,1,-1.0,73.3,İpsala,40.89,0.0,73.3
1969,2,6.5,126.4,İpsala,40.89,13.706399406873226,112.69360059312677
1969,3,5.7,68.4,İpsala,40.89,14.050820336007474,54.34917966399253
1969,4,11.0,36.3,İpsala,40.89,40.26249624495993,-3.9624962449599295
1969,5,19.4,16.2,İpsala,40.89,104.78845321834903,-88.58845321834903
1969,6,22.4,45.6,İpsala,40.89,130.62467804312539,-85.02467804312539
1969,7,22.0,1.5,İpsala,40.89,128.94583402354547,-127.44583402354547
1969,8,23.7,15.2,İpsala,40.89,133.83574471547317,-118.63574471547317
1969,9,20.9,5.7,İpsala,40.89,96.97887300214822,-91.27887300214822
1969,10,14.6,63.6,İpsala,40.89,52.37352717711938,11.226472822880623
1969,11,11.6,42.6,İpsala,40.89,32.192011577989966,10.407988422010035
1969,12,7.1,108.7,İpsala,40.89,15.159377630191958,93.54062236980805
1970,1,5.9,103.7,İpsala,40.89,11.375524291329539,92.32447570867046
1970,2,7.1,108.1,İpsala,40.89,15.0429788774404,93.05702112255959
1970,3,8.6,47.5,İpsala,40.89,24.975743777332486,22.524256222667514
1970,4,14.8,20.0,İpsala,40.89,61.35892509885292,-41.35892509885292
1970,5,16.4,52.6,İpsala,40.89,80.65113944323963,-28.051139443239627
1970,6,21.8,24.7,İpsala,40.89,124.76057486732388,-100.06057486732388
1970,7,24.7,1.8,İpsala,40.89,152.615420809602,-150.815420809602
1970,8,24.3,9.0,İpsala,40.89,138.47763682794286,-129.47763682794286
1970,9,19.4,3.3,İpsala,40.89,86.09349215661754,-82.79349215661755
1970,10,13.1,106.3,İpsala,40.89,43.73937328148297,62.56062671851703
1970,11,10.5,72.1,İpsala,40.89,27.067306827763392,45.032693172236606
1970,12,5.4,57.3,İpsala,40.89,9.675969473639345,47.624030526360656
1971,1,6.6,48.8,İpsala,40.89,15.112762341328555,33.68723765867144
1971,2,4.9,109.9,İpsala,40.89,9.904488499971807,99.9955115000282
1971,3,6.7,112.2,İpsala,40.89,19.231960964178842,92.96803903582116
1971,4,11.6,21.2,İpsala,40.89,45.574857185994,-24.374857185994
1971,5,18.6,18.5,İpsala,40.89,100.45695219887291,-81.95695219887291
1971,6,21.6,42.5,İpsala,40.89,125.27220396586821,-82.77220396586821
1971,7,22.3,35.7,İpsala,40.89,132.88749027867644,-97.18749027867644
1971,8,24.2,6.8,İpsala,40.89,138.8116084665929,-132.0116084665929
1971,9,18.4,47.1,İpsala,40.89,82.02034554474295,-34.92034554474295
1971,10,11.7,22.1,İpsala,40.89,39.51193168553228,-17.41193168553228
1971,11,9.6,71.5,İpsala,40.89,25.742913345958783,45.75708665404122
1971,12,5.1,54.0,İpsala,40.89,10.178693499824849,43.821306500175154
1972,1,2.8,22.3,İpsala,40.89,3.9828042473802654,18.317195752619735
1972,2,4.0,48.1,İpsala,40.89,6.740603520478539,41.359396479521465
1972,3,7.4,50.1,İpsala,40.89,20.753220544912914,29.346779455087088
1972,4,14.7,57.7,İpsala,40.89,61.90776161571489,-4.207761615714887
1972,5,17.9,46.4,İpsala,40.89,93.19005159267445,-46.79005159267445
1972,6,23.0,30.5,İpsala,40.89,135.89975901706103,-105.39975901706103
1972,7,24.2,9.5,İpsala,40.89,148.4827904047536,-138.9827904047536
1972,8,24.4,17.4,İpsala,40.89,139.76113176580668,-122.36113176580668
1972,9,18.9,111.6,İpsala,40.89,83.70499575421161,27.895004245788385
1972,10,12.7,162.7,İpsala,40.89,42.748741751329376,119.95125824867061
1972,11,10.3,34.1,İpsala,40.89,27.106437203498594,6.993562796501408
1972,12,4.2,0.9,İpsala,40.89,7.031607255854979,-6.131607255854979
1973,1,2.0,71.4,İpsala,40.89,2.6639875900370806,68.73601240996292
1973,2,6.8,106.8,İpsala,40.89,15.469175753922704,91.3308242460773
1973,3,6.0,104.2,İpsala,40.89,16.082506889832587,88.11749311016742
1973,4,12.9,69.0,İpsala,40.89,52.43975654588639,16.56024345411361
1973,5,18.1,18.3,İpsala,40.89,96.08165420953065,-77.78165420953066
1973,6,20.5,85.5,İpsala,40.89,115.83920598598115,-30.339205985981152
1973,7,24.0,15.2,İpsala,40.89,147.2768322869376,-132.07683228693762
1973,8,22.3,9.5,İpsala,40.89,123.23806927407423,-113.73806927407423
1973,9,20.2,22.9,İpsala,40.89,93.2705910088935,-70.37059100889351
1973,10,14.8,43.6,İpsala,40.89,54.7125574125965,-11.112557412596502
1973,11,8.0,26.8,İpsala,40.89,19.514954842666175,7.285045157333826
1973,12,6.1,43.4,İpsala,40.89,12.848270580537937,30.551729419462063
1974,1,1.4,15.4,İpsala,40.89,1.5329243695612098,13.86707563043879
1974,2,5.9,52.8,İpsala,40.89,12.357216412632942,40.44278358736705
1974,3,7.1,64.7,İpsala,40.89,20.114227992751477,44.58577200724852
1974,4,10.7,83.9,İpsala,40.89,39.58693056301159,44.313069436988414
1974,5,16.6,47.9,İpsala,40.89,84.29774667941064,-36.39774667941064
1974,6,21.6,42.8,İpsala,40.89,124.50092885896449,-81.70092885896449
1974,7,23.4,8.6,İpsala,40.89,141.74854793461208,-133.14854793461208
1974,8,23.5,10.5,İpsala,40.89,132.6329156738541,-122.13291567385409
1974,9,20.3,46.4,İpsala,40.89,93.57612819050715,-47.17612819050715
1974,10,17.6,60.2,İpsala,40.89,69.77292467415984,-9.572924674159836
1974,11,9.0,94.8,İpsala,40.89,22.77090207612071,72.02909792387929
1974,12,5.1,50.8,İpsala,40.89,9.711874250994423,41.08812574900557
1975,1,3.5,95.8,İpsala,40.89,5.480856443270122,90.31914355672987
1975,2,3.3,29.9,İpsala,40.89,5.029444879115571,24.870555120884426
1975,3,10.4,58.8,İpsala,40.89,34.10685563749232,24.693144362507674
1975,4,13.9,30.5,İpsala,40.89,56.83985378210759,-26.33985378210759
1975,5,18.1,68.2,İpsala,40.89,94.55660590924435,-26.35660590924435
1975,6,22.0,100.7,İpsala,40.89,127.17313136794597,-26.473131367945967
1975,7,24.3,27.5,İpsala,40.89,149.31858327127662,-121.81858327127662
1975,8,22.5,75.0,İpsala,40.89,123.93435621170673,-48.93435621170673
1975,9,21.5,0.3,İpsala,40.89,101.09622785227131,-100.79622785227131
1975,10,14.2,72.9,İpsala,40.89,50.240344136506614,22.65965586349339
1975,11,7.8,74.5,İpsala,40.89,17.89892499358327,56.60107500641673
1975,12,3.8,83.4,İpsala,40.89,6.0141445812699645,77.38585541873005
1976,1,4.5,55.6,İpsala,40.89,26.5413954624691,29.0586045375309
1976,2,2.1,36.9,İpsala,40.89,14.459509119294665,22.440490880705333
1976,3,2.8,46.1,İpsala,40.89,22.638701113564363,23.46129888643564
1976,4,3.7270145716292133,30.0,İpsala,40.89,30.882642540835697,-0.8826425408356968
1976,5,4.8791081460674155,59.2,İpsala,40.89,43.12770092664573,16.072299073354273
1976,6,6.148810568820225,66.1,İpsala,40.89,52.295389755332515,13.80461024466748
1976,7,7.428651685393257,17.4,İpsala,40.89,61.651165278907435,-44.251165278907436
1976,8,8.611161341292133,37.6,İpsala,40.89,64.50476395973403,-26.904763959734034
1976,9,9.588869382022471,35.4,İpsala,40.89,61.31645875641093,-25.916458756410933
1976,10,10.25430565308989,45.5,İpsala,40.89,59.32607785139441,-13.826077851394409
1976,11,10.5,65.1,İpsala,40.89,52.185573306364226,12.914426693635768
1976,12,4.8,111.5,İpsala,40.89,27.156046108799387,84.34395389120061
1977,1,3.6,53.8,İpsala,40.89,5.815518266810619,47.98448173318938
1977,2,10.2,67.4,İpsala,40.89,26.859917004214147,40.54008299578586
1977,3,8.2,37.1,İpsala,40.89,24.260970603473325,12.839029396526676
1977,4,12.3,29.8,İpsala,40.89,47.77359803856198,-17.973598038561978
1977,5,17.7,42.3,İpsala,40.89,91.82255561350657,-49.52255561350657
1977,6,21.4,29.0,İpsala,40.89,122.32806193793995,-93.32806193793995
1977,7,24.1,4.5,İpsala,40.89,147.64803848348612,-143.14803848348612
1977,8,23.9,0.1,İpsala,40.89,135.63153109720565,-135.53153109720566
1977,9,18.6,70.5,İpsala,40.89,81.88296476131815,-11.38296476131815
1977,10,11.7,18.1,İpsala,40.89,38.01894362285178,-19.918943622851778
1977,11,11.8,74.5,İpsala,40.89,33.22953698221068,41.27046301778932
1977,12,3.3,62.7,İpsala,40.89,4.973653277395409,57.726346722604596
1978,1,2.9,43.0,İpsala,40.89,5.947968492465288,37.052031507534714
1978,2,6.6,66.3,İpsala,40.89,17.563881029530137,48.73611897046986
1978,3,8.9,74.4,İpsala,40.89,32.39014214653264,42.009857853467366
1978,4,12.0,78.9,İpsala,40.89,52.105704513329236,26.79429548667077
1978,5,17.0,23.5,İpsala,40.89,92.8015284211101,-69.3015284211101
1978,6,21.5,26.0,İpsala,40.89,127.42543060861865,-101.42543060861865
1978,7,23.4,0.6,İpsala,40.89,144.40137119909835,-143.80137119909836
1978,8,18.4,0.5,İpsala,40.89,97.87680274989616,-97.37680274989616
1978,9,14.512679963403475,50.5,İpsala,40.89,62.48771070860543,-11.987710708605427
1978,10,10.76026495882891,89.0,İpsala,40.89,38.66216805106239,50.33783194893761
1978,11,7.561509972552607,138.0,İpsala,40.89,20.980978415039612,117.01902158496038
1978,12,5.3351699908508685,57.0,İpsala,40.89,12.88920283147517,44.110797168524826
1979,1,4.5,95.3,İpsala,40.89,7.833012148329591,87.46698785167041
1979,2,6.2,50.8,İpsala,40.89,12.618915859808736,38.18108414019126
1979,3,10.4,23.7,İpsala,40.89,33.85197043020254,-10.151970430202542
1979,4,11.7,148.7,İpsala,40.89,43.779653562413706,104.92034643758629
1979,5,17.9,28.2,İpsala,40.89,92.71931448562704,-64.51931448562704
1979,6,23.0,26.8,İpsala,40.89,135.63655426576616,-108.83655426576617
1979,7,22.7,2.7,İpsala,40.89,134.84754396451268,-132.1475439645127
1979,8,23.2,1.6,İpsala,40.89,129.52120876858984,-127.92120876858985
1979,9,19.8,22.1,İpsala,40.89,89.29923836752418,-67.19923836752417
1979,10,13.0,159.9,İpsala,40.89,43.845269146182694,116.05473085381732
1979,11,10.5,193.9,İpsala,40.89,27.560256140337724,166.3397438596623
1979,12,7.2,55.2,İpsala,40.89,15.297188394454198,39.90281160554581
1980,1,1.6,111.4,İpsala,40.89,1.9875269174552828,109.41247308254472
1980,2,2.9,29.1,İpsala,40.89,4.647721928977042,24.45227807102296
1980,3,6.5,74.8,İpsala,40.89,18.294937505340187,56.50506249465981
1980,4,11.7,63.4,İpsala,40.89,45.94958994769246,17.45041005230754
1980,5,16.3,64.1,İpsala,40.89,83.06462478001647,-18.96462478001648
1980,6,21.4,38.0,İpsala,40.89,123.49003011690772,-85.49003011690772
1980,7,24.0,18.5,İpsala,40.89,147.44034793967663,-128.94034793967663
1980,8,22.2,7.6,İpsala,40.89,122.67451527917156,-115.07451527917156
1980,9,18.5,8.5,İpsala,40.89,82.50594207007785,-74.00594207007785
1980,10,16.6,2.9,İpsala,40.89,64.8255078019356,-61.9255078019356
1980,11,10.8,70.0,İpsala,40.89,30.302778576289207,39.69722142371079
1980,12,7.3,199.5,İpsala,40.89,16.843537844987456,182.65646215501255
1981,1,2.1,124.2,İpsala,40.89,2.630848523756856,121.56915147624315
1981,2,3.8,84.4,İpsala,40.89,6.293228130812192,78.10677186918781
1981,3,9.7,32.2,İpsala,40.89,31.025143400271048,1.1748565997289546
1981,4,12.5,15.1,İpsala,40.89,48.89168756559107,-33.79168756559107
1981,5,15.7,41.7,İpsala,40.89,76.9703668860708,-35.2703668860708
1981,6,23.5,40.4,İpsala,40.89,140.33821624824813,-99.93821624824812
1981,7,23.2,20.3,İpsala,40.89,139.60876339492083,-119.30876339492083
1981,8,23.0,1.9,İpsala,40.89,128.18462339770772,-126.28462339770772
1981,9,19.9,19.2,İpsala,40.89,90.40233327814249,-71.20233327814249
1981,10,16.5,104.0,İpsala,40.89,62.95927087550276,41.04072912449724
1981,11,7.0,144.3,İpsala,40.89,15.421390302778335,128.8786096972217
1981,12,8.4,127.3,İpsala,40.89,19.59254570244342,107.70745429755658
1982,1,2.9,35.9,İpsala,40.89,4.37285498015929,31.52714501984071
1982,2,2.6,49.4,İpsala,40.89,3.734551200700826,45.66544879929917
1982,3,6.4,77.2,İpsala,40.89,17.215886634564683,59.98411336543532
1982,4,11.2,112.6,İpsala,40.89,42.16705243812368,70.43294756187632
1982,5,17.3,26.8,İpsala,40.89,89.36227903790466,-62.56227903790466
1982,6,21.9,11.5,İpsala,40.89,126.92460046135629,-115.42460046135629
1982,7,23.0,6.7,İpsala,40.89,138.17212971275848,-131.4721297127585
1982,8,23.3,4.6,İpsala,40.89,130.9330084496985,-126.3330084496985
1982,9,21.7,7.9,İpsala,40.89,103.0007662609706,-95.10076626097059
1982,10,15.5,56.3,İpsala,40.89,57.91866698468109,-1.6186669846810915
1982,11,8.5,62.5,İpsala,40.89,20.874458582755544,41.625541417244456
1982,12,8.4,95.3,İpsala,40.89,19.943156425894745,75.35684357410526
1983,1,4.0,28.8,İpsala,40.89,7.462776410696089,21.33722358930391
1983,2,4.3,53.0,İpsala,40.89,8.276985545629,44.723014454371
1983,3,8.1,22.5,İpsala,40.89,25.291732832929117,-2.7917328329291173
1983,4,14.1,32.0,İpsala,40.89,60.28442193420689,-28.28442193420689
1983,5,18.7,33.1,İpsala,40.89,101.35069661419192,-68.25069661419192
1983,6,19.8,70.1,İpsala,40.89,110.80814756298575,-40.70814756298576
1983,7,23.7,98.2,İpsala,40.89,144.96781880244646,-46.767818802446456
1983,8,22.0,1.7,İpsala,40.89,121.30042017663861,-119.60042017663861
1983,9,19.4,51.0,İpsala,40.89,88.52892412898726,-37.528924128987256
1983,10,12.9,50.9,İpsala,40.89,45.51019009769943,5.38980990230057
1983,11,7.5,68.1,İpsala,40.89,18.20088497204009,49.89911502795991
1983,12,6.0,69.9,İpsala,40.89,12.890487459029245,57.00951254097076
1984,1,6.2,66.1,İpsala,40.89,12.905507212597518,53.194492787402474
1984,2,4.6,60.3,İpsala,40.89,8.332200171352573,51.96779982864742
1984,3,6.4,183.4,İpsala,40.89,16.843141361312302,166.55685863868771
1984,4,11.1,63.3,İpsala,40.89,41.06317936950413,22.23682063049587
1984,5,18.4,16.1,İpsala,40.89,97.17700706153425,-81.07700706153426
1984,6,21.3,16.4,İpsala,40.89,121.46935480229986,-105.06935480229987
1984,7,22.8,25.0,İpsala,40.89,136.08708382070205,-111.08708382070205
1984,8,21.6,20.9,İpsala,40.89,116.88804256404424,-95.98804256404424
1984,9,21.5,0.0,İpsala,40.89,101.27823093454165,-101.27823093454165
1984,10,17.3,2.0,İpsala,40.89,67.4939383267398,-65.4939383267398
1984,11,10.3,82.1,İpsala,40.89,27.197583334465968,54.90241666553403
1984,12,5.3,24.3,İpsala,40.89,9.960571093606971,14.33942890639303
1985,1,4.5,83.3,İpsala,40.89,7.909032656166389,75.39096734383361
1985,2,-0.2,48.6,İpsala,40.89,0.0,48.6
1985,3,6.1,33.4,İpsala,40.89,15.452267316981992,17.947732683018007
1985,4,14.0,13.7,İpsala,40.89,57.3514190815196,-43.651419081519606
1985,5,19.2,5.0,İpsala,40.89,103.07980641761303,-98.07980641761303
1985,6,21.9,40.8,İpsala,40.89,126.25571321676237,-85.45571321676238
1985,7,23.2,6.8,İpsala,40.89,139.39222555404749,-132.59222555404747
1985,8,24.9,0.7,İpsala,40.89,143.92121673781398,-143.221216737814
1985,9,19.6,6.7,İpsala,40.89,88.11315461325094,-81.41315461325094
1985,10,12.1,22.0,İpsala,40.89,39.584647183958964,-17.584647183958964
1985,11,11.3,108.9,İpsala,40.89,30.879538210003087,78.02046178999692
1985,12,7.9,17.6,İpsala,40.89,17.67344585409231,-0.0734458540923093
1986,1,6.8,131.6,İpsala,40.89,14.564853614861105,117.03514638513889
1986,2,4.4,122.1,İpsala,40.89,7.655462869909174,114.44453713009082
1986,3,6.6,24.6,İpsala,40.89,17.358594117330057,7.241405882669945
1986,4,15.1,7.6,İpsala,40.89,64.13650841748917,-56.536508417489166
1986,5,17.2,35.8,İpsala,40.89,87.59093320591442,-51.79093320591443
1986,6,22.1,28.5,İpsala,40.89,127.96132544468675,-99.46132544468675
1986,7,24.1,1.0,İpsala,40.89,147.46420373713298,-146.46420373713298
1986,8,25.1,7.3,İpsala,40.89,145.63325134671823,-138.3332513467182
1986,9,20.6,6.3,İpsala,40.89,94.84118044744608,-88.54118044744608
1986,10,13.9,39.2,İpsala,40.89,48.59518440280822,-9.39518440280822
1986,11,6.5,32.6,İpsala,40.89,13.621688428551924,18.978311571448078
1986,12,2.9,57.6,İpsala,40.89,4.010650236406604,53.5893497635934
1987,1,3.2,77.5,İpsala,40.89,5.369654993182944,72.13034500681705
1987,2,5.9,33.0,İpsala,40.89,12.84858567129453,20.15141432870547
1987,3,3.3,45.5,İpsala,40.89,6.988377624432793,38.51162237556721
1987,4,11.1,51.3,İpsala,40.89,42.71139913817175,8.588600861828247
1987,5,16.0,29.1,İpsala,40.89,80.98845144076542,-51.888451440765415
1987,6,21.9,45.0,İpsala,40.89,127.68728617075374,-82.68728617075374
1987,7,25.1,6.4,İpsala,40.89,157.20042391680946,-150.80042391680945
1987,8,22.6,21.7,İpsala,40.89,125.89048689437568,-104.19048689437568
1987,9,20.9,2.5,İpsala,40.89,98.24723705822814,-95.74723705822814
1987,10,12.7,59.0,İpsala,40.89,44.31508461951651,14.684915380483488
1987,11,11.2,128.2,İpsala,40.89,31.980966425181993,96.219033574818
1987,12,4.7,189.3,İpsala,40.89,9.022662657791797,180.27733734220823
1988,1,6.3,13.8,İpsala,40.89,13.463985379212046,0.33601462078795485
1988,2,5.6,69.7,İpsala,40.89,11.35304383004676,58.346956169953245
1988,3,8.4,70.4,İpsala,40.89,25.496307721411945,44.90369227858806
1988,4,11.1,25.8,İpsala,40.89,41.53797044832047,-15.737970448320471
1988,5,16.9,10.0,İpsala,40.89,86.28413365870514,-76.28413365870514
1988,6,22.2,12.7,İpsala,40.89,129.40428328629497,-116.70428328629497
1988,7,26.1,16.5,İpsala,40.89,166.0430676431557,-149.5430676431557
1988,8,24.3,55.6,İpsala,40.89,139.1495616022474,-83.5495616022474
1988,9,19.9,26.8,İpsala,40.89,90.75609268960147,-63.956092689601476
1988,10,13.0,24.1,İpsala,40.89,44.77735879867996,-20.67735879867996
1988,11,4.9,171.9,İpsala,40.89,9.336418261612515,162.56358173838748
1988,12,4.2,57.7,İpsala,40.89,7.250304837795745,50.44969516220426
1989,1,2.4,0.1,İpsala,40.89,3.379526106324743,-3.279526106324743
1989,2,5.7,18.4,İpsala,40.89,11.821738100207023,6.578261899792976
1989,3,9.9,86.9,İpsala,40.89,32.69477132892628,54.205228671073726
1989,4,15.4,17.0,İpsala,40.89,67.26282225695849,-50.262822256958486
1989,5,16.4,34.1,İpsala,40.89,82.97971866452654,-48.87971866452654
1989,6,20.6,36.7,İpsala,40.89,116.34380460941347,-79.64380460941346
1989,7,23.6,9.4,İpsala,40.89,143.5776635028724,-134.1776635028724
1989,8,23.9,81.7,İpsala,40.89,135.97820230116395,-54.278202301163944
1989,9,19.2,31.8,İpsala,40.89,86.4202561496914,-54.6202561496914
1989,10,13.0,94.1,İpsala,40.89,45.08636427329465,49.013635726705346
1989,11,8.1,33.0,İpsala,40.89,19.63092463274539,13.36907536725461
1989,12,5.3,86.0,İpsala,40.89,10.330635041711169,75.66936495828884
1990,1,2.7,2.4,İpsala,40.89,3.3537494465547746,-0.9537494465547747
1990,2,6.7,35.0,İpsala,40.89,13.412025185918333,21.58797481408167
1990,3,10.0,26.9,İpsala,40.89,30.728119763890106,-3.8281197638901077
1990,4,13.5,47.7,İpsala,40.89,52.71031821446357,-5.010318214463567
1990,5,17.2,31.2,İpsala,40.89,85.8790928310213,-54.67909283102129
1990,6,21.3,26.1,İpsala,40.89,119.92931261681397,-93.82931261681398
1990,7,25.4,0.9,İpsala,40.89,158.99241271933138,-158.09241271933138
1990,8,24.0,1.7,İpsala,40.89,135.61201826536674,-133.91201826536675
1990,9,18.9,41.9,İpsala,40.89,82.20316971676665,-40.303169716766654
1990,10,14.5,62.9,İpsala,40.89,50.337822650097145,12.562177349902854
1990,11,12.5,26.5,İpsala,40.89,34.65425001007846,-8.154250010078457
1990,12,7.1,191.6,İpsala,40.89,14.224242210985405,177.37575778901459
1991,1,3.2,11.5,İpsala,40.89,4.965981188234331,6.534018811765669
1991,2,4.5,46.1,İpsala,40.89,8.18038946082449,37.91961053917551
1991,3,7.5,35.6,İpsala,40.89,21.47437778825317,14.12562221174683
1991,4,12.0,71.1,İpsala,40.89,46.33548553901913,24.764514460980863
1991,5,16.6,55.0,İpsala,40.89,83.85177293174445,-28.85177293174445
1991,6,23.8,11.6,İpsala,40.89,143.11296451360138,-131.5129645136014
1991,7,24.8,16.7,İpsala,40.89,154.07474676465398,-137.374746764654
1991,8,23.5,14.3,İpsala,40.89,132.43702282447217,-118.13702282447217
1991,9,19.7,7.1,İpsala,40.89,89.28610966674518,-82.18610966674518
1991,10,14.9,85.1,İpsala,40.89,54.44750088760718,30.652499112392817
1991,11,10.1,135.0,İpsala,40.89,26.627238595554598,108.3727614044454
1991,12,0.6,43.8,İpsala,40.89,0.4180900602476822,43.38190993975231
1992,1,3.5,1.1,İpsala,40.89,5.353677606975627,-4.253677606975627
1992,2,3.1,16.0,İpsala,40.89,4.473125633396711,11.52687436660329
1992,3,7.2,62.1,İpsala,40.89,19.51486464111526,42.58513535888474
1992,4,12.9,56.3,İpsala,40.89,50.47642467189468,5.823575328105321
1992,5,15.6,15.8,İpsala,40.89,75.44349442344951,-59.64349442344951
1992,6,21.6,44.7,İpsala,40.89,123.46191961751376,-78.76191961751375
1992,7,23.7,7.9,İpsala,40.89,143.69724452724265,-135.79724452724264
1992,8,25.6,11.4,İpsala,40.89,149.88232031542626,-138.48232031542625
1992,9,19.8,7.9,İpsala,40.89,89.20075308233676,-81.30075308233675
1992,10,17.1,58.4,İpsala,40.89,65.7662023622615,-7.366202362261497
1992,11,11.4,80.1,İpsala,40.89,31.04370083837077,49.05629916162923
1992,12,5.5,40.4,İpsala,40.89,10.195873771148275,30.204126228851724
1993,1,4.0,11.0,İpsala,40.89,6.337778681598849,4.662221318401151
1993,2,3.2,43.5,İpsala,40.89,4.5348928037912595,38.96510719620874
1993,3,6.9,54.0,İpsala,40.89,17.928508125961827,36.07149187403817
1993,4,11.4,8.0,İpsala,40.89,41.429072133785944,-33.429072133785944
1993,5,16.3,40.4,İpsala,40.89,79.90578005374879,-39.505780053748786
1993,6,22.4,87.7,İpsala,40.89,129.95726946583707,-42.25726946583707
1993,7,24.3,4.3,İpsala,40.89,148.91051654351458,-144.61051654351456
1993,8,24.9,8.5,İpsala,40.89,143.6507745867537,-135.1507745867537
1993,9,21.8,8.8,İpsala,40.89,102.60036441416217,-93.80036441416217
1993,10,17.5,28.0,İpsala,40.89,67.61094447268253,-39.61094447268253
1993,11,8.2,88.8,İpsala,40.89,18.657151555242155,70.14284844475785
1993,12,7.5,69.2,İpsala,40.89,15.856167404626335,53.34383259537367
1994,1,6.1,43.3,İpsala,40.89,10.755800233637649,32.54419976636235
1994,2,4.7,26.3,İpsala,40.89,7.138742231001425,19.161257768998574
1994,3,9.1,34.9,İpsala,40.89,25.164065518661275,9.735934481338724
1994,4,14.1,41.5,İpsala,40.89,54.47569112570148,-12.97569112570148
1994,5,18.5,5.3,İpsala,40.89,94.1353329313604,-88.8353329313604
1994,6,21.5,20.8,İpsala,40.89,120.26378285117302,-99.46378285117302
1994,7,25.1,36.4,İpsala,40.89,155.60435474263826,-119.20435474263826
1994,8,25.4,10.7,İpsala,40.89,147.43482237755057,-136.73482237755059
1994,9,23.9,2.7,İpsala,40.89,116.85503137612527,-114.15503137612527
1994,10,16.1,118.3,İpsala,40.89,57.50226584061813,60.79773415938187
1994,11,7.9,66.3,İpsala,40.89,16.16323603759622,50.136763962403776
1994,12,4.6,164.3,İpsala,40.89,6.699736298201261,157.60026370179875
1995,1,3.6,159.6,İpsala,40.89,5.576073661742021,154.02392633825798
1995,2,8.4,69.0,İpsala,40.89,19.71220477739366,49.28779522260634
1995,3,8.9,103.8,İpsala,40.89,26.736611539474822,77.06338846052518
1995,4,11.9,29.3,İpsala,40.89,44.74118550873464,-15.441185508734637
1995,5,17.4,5.5,İpsala,40.89,88.73635313303487,-83.23635313303487
1995,6,23.7,29.3,İpsala,40.89,141.7364290164471,-112.4364290164471
1995,7,24.3,38.9,İpsala,40.89,149.13673417671436,-110.23673417671435
1995,8,23.9,9.6,İpsala,40.89,135.2997005240376,-125.69970052403761
1995,9,20.0,87.8,İpsala,40.89,90.52890066338593,-2.7289006633859287
1995,10,13.1,4.7,İpsala,40.89,44.21252131716516,-39.51252131716516
1995,11,7.2,176.8,İpsala,40.89,15.651011367431268,161.14898863256875
1995,12,6.3,83.6,İpsala,40.89,12.46899238307366,71.13100761692634
1996,1,2.1,22.5,İpsala,40.89,2.6811629556958665,19.818837044304132
1996,2,3.0,183.7,İpsala,40.89,4.520007328510681,179.17999267148932
1996,3,3.5,70.2,İpsala,40.89,7.046323120801065,63.15367687919894
1996,4,11.1,59.4,İpsala,40.89,41.334018231412074,18.065981768587925
1996,5,20.1,10.4,İpsala,40.89,110.88657381014497,-100.48657381014496
1996,6,22.6,5.3,İpsala,40.89,132.6849578794199,-127.3849578794199
1996,7,24.7,27.3,İpsala,40.89,153.16334718612583,-125.86334718612584
1996,8,24.0,9.5,İpsala,40.89,136.5692952602986,-127.06929526029859
1996,9,18.7,54.9,İpsala,40.89,82.7313884082573,-27.831388408257304
1996,10,13.6,13.0,İpsala,40.89,47.6368406258882,-34.6368406258882
1996,11,10.8,90.8,İpsala,40.89,29.35725470747054,61.44274529252946
1996,12,7.4,119.9,İpsala,40.89,16.42058217266617,103.47941782733383
1997,1,4.1,39.1,İpsala,40.89,8.121465494243497,30.978534505756507
1997,2,5.5,33.3,İpsala,40.89,12.23680237732103,21.063197622678967
1997,3,6.6,109.0,İpsala,40.89,19.628242841665827,89.37175715833418
1997,4,9.6,90.8,İpsala,40.89,35.90549739875858,54.89450260124142
1997,5,18.4,8.3,İpsala,40.89,100.04583339484324,-91.74583339484325
1997,6,22.4,49.1,İpsala,40.89,132.6377005274444,-83.5377005274444
1997,7,24.4,15.7,İpsala,40.89,151.4641399123206,-135.76413991232062
1997,8,21.5,37.6,İpsala,40.89,118.10077132646185,-80.50077132646186
1997,9,17.1,1.5,İpsala,40.89,74.90560657055701,-73.40560657055701
1997,10,12.4,86.8,İpsala,40.89,43.91450966287332,42.885490337126676
1997,11,9.7,68.9,İpsala,40.89,26.929351886662026,41.97064811333798
1997,12,5.1,215.1,İpsala,40.89,10.694694321742226,204.40530567825778
1998,1,3.8,62.3,İpsala,40.89,6.111795808681964,56.188204191318036
1998,2,4.3,101.8,İpsala,40.89,7.348943754610884,94.45105624538911
1998,3,3.7,91.5,İpsala,40.89,7.317801277710771,84.18219872228923
1998,4,13.5,15.2,İpsala,40.89,54.20136050742669,-39.001360507426696
1998,5,17.0,183.2,İpsala,40.89,85.94097266929003,97.25902733070996
1998,6,23.4,7.3,İpsala,40.89,139.18313228105265,-131.88313228105264
1998,7,25.2,32.4,İpsala,40.89,157.49431400384267,-125.09431400384267
1998,8,25.6,24.8,İpsala,40.89,149.91938606427254,-125.11938606427255
1998,9,19.5,65.9,İpsala,40.89,87.33960598289785,-21.439605982897845
1998,10,15.8,123.1,İpsala,40.89,58.622887641300935,64.47711235869906
1998,11,8.8,137.7,İpsala,40.89,21.237657259859887,116.4623427401401
1998,12,2.3,99.1,İpsala,40.89,2.8200892534715054,96.27991074652849
1999,1,5.2,119.3,İpsala,40.89,8.303197544155287,110.99680245584472
1999,2,4.3,74.0,İpsala,40.89,6.155079348549362,67.84492065145064
1999,3,8.5,136.8,İpsala,40.89,22.485120042209974,114.31487995779004
1999,4,14.4,40.6,İpsala,40.89,56.158971248252826,-15.558971248252824
1999,5,17.9,7.7,İpsala,40.89,89.21009068197934,-81.51009068197934
1999,6,23.2,34.7,İpsala,40.89,135.500206501701,-100.800206501701
1999,7,25.6,15.4,İpsala,40.89,160.48472006197667,-145.08472006197667
1999,8,24.9,11.9,İpsala,40.89,142.84104277019506,-130.94104277019505
1999,9,20.5,16.6,İpsala,40.89,91.64564063960391,-75.0456406396039
1999,10,16.1,32.0,İpsala,40.89,57.37292462340749,-25.372924623407492
1999,11,10.0,129.1,İpsala,40.89,23.33248763280828,105.76751236719171
1999,12,8.5,126.9,İpsala,40.89,17.541771202062066,109.35822879793794
2000,1,1.3,25.9,İpsala,40.89,1.0155991095882222,24.884400890411776
2000,2,6.6,43.9,İpsala,40.89,12.62702873260089,31.272971267399107
2000,3,8.3,85.7,İpsala,40.89,22.419367142223745,63.280632857776254
2000,4,14.9,22.7,İpsala,40.89,60.310492238245416,-37.61049223824541
2000,5,17.8,49.0,İpsala,40.89,89.50163667287885,-40.501636672878846
2000,6,21.9,20.2,İpsala,40.89,124.4402107976147,-104.2402107976147
2000,7,25.5,12.2,İpsala,40.89,159.73065328601893,-147.53065328601895
2000,8,24.3,13.0,İpsala,40.89,137.83938582414325,-124.83938582414325
2000,9,19.8,21.0,İpsala,40.89,87.53071354747979,-66.53071354747979
2000,10,14.5,138.8,İpsala,40.89,49.51861973468117,89.28138026531884
2000,11,12.8,17.0,İpsala,40.89,35.22766916129563,-18.22766916129563
2000,12,7.6,72.7,İpsala,40.89,15.256872138833932,57.44312786116607
2001,1,6.4,87.2,İpsala,40.89,11.36938792974589,75.83061207025412
2001,2,7.6,23.5,İpsala,40.89,14.956080674529185,8.543919325470815
2001,3,12.4,35.5,İpsala,40.89,40.5351011149722,-5.0351011149722
2001,4,12.7,99.3,İpsala,40.89,45.71584516664541,53.58415483335459
2001,5,17.5,27.4,İpsala,40.89,85.72669564797258,-58.32669564797258
2001,6,21.9,4.6,İpsala,40.89,123.45771775184213,-118.85771775184213
2001,7,26.0,42.1,İpsala,40.89,164.41818573633182,-122.31818573633183
2001,8,26.1,5.8,İpsala,40.89,153.83227188793148,-148.03227188793147
2001,9,21.4,32.3,İpsala,40.89,97.87175715879734,-65.57175715879734
2001,10,16.3,1.0,İpsala,40.89,58.22294735454358,-57.22294735454358
2001,11,9.4,87.4,İpsala,40.89,20.94582249289379,66.45417750710621
2001,12,-0.4,171.1,İpsala,40.89,0.0,171.1
2002,1,3.4,27.8,İpsala,40.89,4.448222329377926,23.351777670622074
2002,2,9.5,22.3,İpsala,40.89,22.058319960994993,0.24168003900500779
2002,3,9.7,81.0,İpsala,40.89,28.355681429121564,52.64431857087844
2002,4,12.1,17.2,İpsala,40.89,43.440781404164476,-26.240781404164476
2002,5,18.0,4.1,İpsala,40.89,90.82334820437384,-86.72334820437385
2002,6,22.8,13.1,İpsala,40.89,132.31589319804132,-119.21589319804133
2002,7,26.0,34.4,İpsala,40.89,164.5795076642364,-130.17950766423638
2002,8,24.2,13.1,İpsala,40.89,136.86678507773803,-123.76678507773804
2002,9,20.3,86.3,İpsala,40.89,90.81276865728516,-4.512768657285164
2002,10,15.1,44.4,İpsala,40.89,52.529804980239064,-8.129804980239065
2002,11,11.5,169.0,İpsala,40.89,29.668692924239345,139.33130707576066
2002,12,3.5,50.7,İpsala,40.89,4.52234523220326,46.177654767796746
2003,1,6.1,112.1,İpsala,40.89,11.76833778586332,100.33166221413667
2003,2,0.4,89.7,İpsala,40.89,0.18982290319420236,89.5101770968058
2003,3,5.4,14.0,İpsala,40.89,12.187207803887365,1.8127921961126354
2003,4,10.4,62.5,İpsala,40.89,35.7184689896463,26.781531010353703
2003,5,20.1,41.5,İpsala,40.89,109.17765999714183,-67.67765999714183
2003,6,24.2,12.3,İpsala,40.89,145.8182338131369,-133.5182338131369
2003,7,24.9,14.0,İpsala,40.89,154.3506508868849,-140.3506508868849
2003,8,25.8,9.9,İpsala,40.89,151.46730228557072,-141.56730228557072
2003,9,19.2,18.1,İpsala,40.89,84.45178801577323,-66.35178801577322
2003,10,15.2,122.0,İpsala,40.89,54.36262440945294,67.63737559054707
2003,11,10.2,9.6,İpsala,40.89,25.639819518058612,-16.039819518058614
2003,12,4.7,29.5,İpsala,40.89,7.704200267282264,21.795799732717736
2004,1,3.4,104.7,İpsala,40.89,5.056703916476102,99.64329608352391
2004,2,5.8,8.1,İpsala,40.89,11.249200723225195,-3.1492007232251957
2004,3,9.0,96.0,İpsala,40.89,27.003885126781814,68.99611487321819
2004,4,12.7,36.5,İpsala,40.89,49.067761263807526,-12.567761263807526
2004,5,16.7,22.0,İpsala,40.89,83.23033990147624,-61.23033990147624
2004,6,21.6,14.5,İpsala,40.89,123.2807689802486,-108.7807689802486
2004,7,23.7,38.1,İpsala,40.89,143.57607729070685,-105.47607729070685
2004,8,23.2,6.6,İpsala,40.89,129.32479577541145,-122.72479577541145
2004,9,20.2,0.2,İpsala,40.89,91.72019413741496,-91.52019413741496
2004,10,16.7,10.8,İpsala,40.89,63.286424740116416,-52.48642474011642
2004,11,10.7,26.7,İpsala,40.89,28.074634949504482,-1.3746349495044825
2004,12,6.7,81.9,İpsala,40.89,13.550430731095764,68.34956926890425
2005,1,4.8,118.4,İpsala,40.89,8.881964410775106,109.5180355892249
2005,2,3.8,162.2,İpsala,40.89,6.309893119727587,155.8901068802724
2005,3,7.7,26.1,İpsala,40.89,22.13784117725899,3.96215882274101
2005,4,13.3,11.8,İpsala,40.89,53.607450532375964,-41.80745053237597
2005,5,18.2,75.5,İpsala,40.89,95.6798317823385,-20.179831782338496
2005,6,20.7,59.0,İpsala,40.89,116.51750157952064,-57.51750157952064
2005,7,24.2,50.6,İpsala,40.89,148.5583460930282,-97.95834609302821
2005,8,24.6,17.0,İpsala,40.89,141.51197669357097,-124.51197669357097
2005,9,20.2,11.6,İpsala,40.89,92.44708250042038,-80.84708250042038
2005,10,13.5,27.5,İpsala,40.89,46.92892879528545,-19.42892879528545
2005,11,8.3,183.3,İpsala,40.89,19.83762867445659,163.46237132554342
2005,12,6.3,83.4,İpsala,40.89,12.864948601113182,70.53505139888682
2006,1,1.1,81.6,İpsala,40.89,1.0493884848880461,80.55061151511195
2006,2,3.7,64.2,İpsala,40.89,6.168183813848922,58.03181618615108
2006,3,8.4,137.0,İpsala,40.89,25.39681185916256,111.60318814083743
2006,4,13.5,13.0,İpsala,40.89,55.10810993045683,-42.10810993045683
2006,5,17.5,40.6,İpsala,40.89,90.64937915305221,-50.04937915305221
2006,6,22.1,40.0,İpsala,40.89,128.47190836629332,-88.47190836629332
2006,7,23.9,37.0,İpsala,40.89,146.0051558557837,-109.0051558557837
2006,8,25.5,14.8,İpsala,40.89,149.23985556687913,-134.43985556687912
2006,9,19.4,45.2,İpsala,40.89,87.35928933648488,-42.159289336484875
2006,10,14.6,76.8,İpsala,40.89,52.91315543617122,23.886844563828774
2006,11,8.0,17.4,İpsala,40.89,18.98384616193017,-1.5838461619301718
2006,12,3.3,40.4,İpsala,40.89,5.067566951534595,35.332433048465404
2007,1,8.2,20.0,İpsala,40.89,16.93518127158803,3.0648187284119714
2007,2,7.1,30.4,İpsala,40.89,13.48900189050332,16.910998109496678
2007,3,9.2,67.0,İpsala,40.89,25.3193495150779,41.6806504849221
2007,4,12.4,17.4,İpsala,40.89,44.13760306995427,-26.737603069954268
2007,5,19.5,70.6,İpsala,40.89,101.94196773995557,-31.341967739955578
2007,6,24.5,30.2,İpsala,40.89,147.6142238685338,-117.4142238685338
2007,7,26.3,0.0,İpsala,40.89,167.45607173214265,-167.45607173214265
2007,8,25.6,14.6,İpsala,40.89,149.1983424844177,-134.5983424844177
2007,9,18.9,13.6,İpsala,40.89,80.43433538916689,-66.8343353891669
2007,10,15.4,86.8,İpsala,40.89,53.30555140052608,33.49444859947392
2007,11,8.0,119.2,İpsala,40.89,16.28172130552877,102.91827869447124
2007,12,4.0,64.0,İpsala,40.89,5.270493272778926,58.72950672722107
2008,1,2.3,26.4,İpsala,40.89,2.2517799949372472,24.14822000506275
2008,2,5.3,11.2,İpsala,40.89,8.476273964157901,2.7237260358420983
2008,3,11.6,59.4,İpsala,40.89,36.555710237650864,22.844289762349135
2008,4,14.2,43.6,İpsala,40.89,54.70738676957926,-11.107386769579257
2008,5,18.3,28.6,İpsala,40.89,92.15450656570589,-63.554506565705886
2008,6,23.4,45.2,İpsala,40.89,137.23136773476898,-92.03136773476898
2008,7,24.7,10.4,İpsala,40.89,151.58103584566393,-141.18103584566393
2008,8,25.8,11.4,İpsala,40.89,151.0486620617269,-139.6486620617269
2008,9,19.6,14.2,İpsala,40.89,85.1974619048841,-70.99746190488409
2008,10,15.5,20.2,İpsala,40.89,53.8408819180158,-33.64088191801581
2008,11,11.2,27.4,İpsala,40.89,27.752460446254865,-0.3524604462548666
2008,12,7.4,26.0,İpsala,40.89,13.975390851824661,12.024609148175339
2009,1,4.5,105.8,İpsala,40.89,6.8176466540865475,98.98235334591345
2009,2,6.3,63.8,İpsala,40.89,11.54534375941648,52.254656240583515
2009,3,8.4,109.0,İpsala,40.89,22.52299749939018,86.47700250060981
2009,4,12.4,33.6,İpsala,40.89,44.94435822434026,-11.344358224340262
2009,5,18.8,19.8,İpsala,40.89,97.00329190561825,-77.20329190561826
2009,6,22.9,24.2,İpsala,40.89,133.108785988365,-108.90878598836501
2009,7,25.6,0.2,İpsala,40.89,160.613639092311,-160.413639092311
2009,8,24.3,1.4,İpsala,40.89,137.67637694070893,-136.27637694070893
2009,9,19.4,173.4,İpsala,40.89,84.47453406069093,88.92546593930908
2009,10,15.7,94.0,İpsala,40.89,55.65709375585199,38.34290624414801
2009,11,11.0,45.8,İpsala,40.89,27.55295997300522,18.247040026994778
2009,12,8.8,147.4,İpsala,40.89,18.896285724511028,128.503714275489
2010,1,3.7,58.2,İpsala,40.89,4.41746064498776,53.78253935501224
2010,2,7.2,214.4,İpsala,40.89,13.065512749517367,201.33448725048265
2010,3,8.5,69.0,İpsala,40.89,21.301867237098957,47.69813276290104
2010,4,13.8,39.4,İpsala,40.89,50.89243077626685,-11.49243077626685
2010,5,19.4,19.4,İpsala,40.89,99.78345578540842,-80.38345578540842
2010,6,22.8,74.8,İpsala,40.89,130.83548043647704,-56.035480436477044
2010,7,24.8,28.8,İpsala,40.89,152.0853180689158,-123.2853180689158
2010,8,27.4,0.0,İpsala,40.89,166.3411251296366,-166.3411251296366
2010,9,20.6,36.6,İpsala,40.89,91.22123308960347,-54.62123308960347
2010,10,13.5,163.8,İpsala,40.89,42.05532450158454,121.74467549841546
2010,11,14.4,76.8,İpsala,40.89,40.32113518704588,36.478864812954114
2010,12,8.3,8.0,İpsala,40.89,15.987002046245207,-7.987002046245207
2011,1,3.2,8.6,İpsala,40.89,4.913502323534113,3.686497676465887
2011,2,3.6,20.0,İpsala,40.89,5.845321590530422,14.154678409469579
2011,3,7.7,14.6,İpsala,40.89,22.177441748634834,-7.577441748634834
2011,4,10.7,20.0,İpsala,40.89,39.00783195732306,-19.007831957323063
2011,5,17.4,1.0,İpsala,40.89,89.62698330925942,-88.62698330925942
2011,6,22.3,0.0,İpsala,40.89,130.00575687145752,-130.00575687145752
2011,7,25.6,0.0,İpsala,40.89,161.35180674938326,-161.35180674938326
2011,8,24.3,6.8,İpsala,40.89,139.0064288567564,-132.2064288567564
2011,9,22.0,30.0,İpsala,40.89,104.81536921863837,-74.81536921863837
2011,10,12.8,132.0,İpsala,40.89,43.447392581517406,88.5526074184826
2011,11,6.2,0.0,İpsala,40.89,12.955969850745173,-12.955969850745173
2011,12,7.1,140.4,İpsala,40.89,15.361423607520988,125.03857639247902
2012,1,2.4,45.2,İpsala,40.89,2.1083466175473746,43.09165338245263
2012,2,1.3,63.0,İpsala,40.89,0.7711502511658163,62.228849748834186
2012,3,8.2,31.0,İpsala,40.89,19.748140042503806,11.251859957496194
2012,4,14.9,52.0,İpsala,40.89,57.1678491167969,-5.167849116796901
2012,5,18.4,194.6,İpsala,40.89,91.05141374050662,103.54858625949338
2012,6,24.6,2.2,İpsala,40.89,147.87881463102082,-145.67881463102083
2012,7,27.3,0.2,İpsala,40.89,177.87071679348955,-177.67071679348956
2012,8,25.8,0.2,İpsala,40.89,150.74784789225794,-150.54784789225795
2012,9,21.8,4.4,İpsala,40.89,99.72899914227848,-95.32899914227848
2012,10,18.2,44.8,İpsala,40.89,68.00201804519371,-23.20201804519371
2012,11,12.1,93.6,İpsala,40.89,30.02688102322409,63.5731189767759
2012,12,5.1,227.6,İpsala,40.89,7.063927904571958,220.53607209542804
2013,1,5.5,149.4,İpsala,40.89,8.798815411462265,140.60118458853773
2013,2,7.5,91.6,İpsala,40.89,14.464783686102018,77.13521631389797
2013,3,9.9,70.4,İpsala,40.89,28.06498459988515,42.335015400114855
2013,4,14.5,34.6,İpsala,40.89,56.105884545151255,-21.505884545151254
2013,5,20.7,27.8,İpsala,40.89,111.68420012622829,-83.8842001262283
2013,6,22.6,165.8,İpsala,40.89,129.57775728025834,36.22224271974167
2013,7,25.0,0.6,İpsala,40.89,154.37583890563434,-153.77583890563434
2013,8,25.8,0.2,İpsala,40.89,150.97637804582166,-150.77637804582167
2013,9,20.6,11.0,İpsala,40.89,91.88515973389386,-80.88515973389386
2013,10,13.3,83.2,İpsala,40.89,41.85017366164267,41.34982633835733
2013,11,11.8,201.4,İpsala,40.89,29.830540602593846,171.56945939740615
2013,12,3.9,6.0,İpsala,40.89,4.933671899301831,1.0663281006981693
2014,1,7.2,114.2,İpsala,40.89,13.972511800271414,100.22748819972858
2014,2,9.0,5.0,İpsala,40.89,19.878317558282532,-14.878317558282532
2014,3,10.6,86.0,İpsala,40.89,32.012620300983706,53.987379699016294
2014,4,14.1,80.2,İpsala,40.89,54.485843690130686,25.714156309869317
2014,5,18.4,72.8,İpsala,40.89,93.34490376580668,-20.54490376580668
2014,6,22.2,72.8,İpsala,40.89,126.49864933836453,-53.69864933836453
2014,7,24.9,102.4,İpsala,40.89,153.65824036620646,-51.25824036620645
2014,8,24.5,49.2,İpsala,40.89,139.2904550387799,-90.0904550387799
2014,9,19.8,30.6,İpsala,40.89,86.87328790216617,-56.27328790216617
2014,10,14.2,69.0,İpsala,40.89,47.18690567423389,21.81309432576611
2014,11,9.5,85.6,İpsala,40.89,21.621205296438504,63.97879470356149
2014,12,7.1,101.4,İpsala,40.89,13.282367996713763,88.11763200328625
2015,1,4.7,86.6,İpsala,40.89,7.28690253358344,79.31309746641655
2015,2,5.9,54.0,İpsala,40.89,10.40788729677113,43.59211270322887
2015,3,7.9,80.8,İpsala,40.89,20.443385264809198,60.3566147351908
2015,4,11.7,49.4,İpsala,40.89,41.01581934524371,8.384180654756285
2015,5,19.8,1.0,İpsala,40.89,105.16079166655996,-104.16079166655996
2015,6,21.3,52.2,İpsala,40.89,118.84217125475138,-66.64217125475137
2015,7,25.3,0.0,İpsala,40.89,157.67475546426317,-157.67475546426317
2015,8,25.6,24.2,İpsala,40.89,149.3527951009327,-125.15279510093269
2015,9,21.9,54.8,İpsala,40.89,102.07525301571141,-47.275253015711414
2015,10,14.3,117.7,İpsala,40.89,48.074352372234095,69.62564762776591
2015,11,12.7,32.6,İpsala,40.89,34.469859094295636,-1.8698590942956343
2015,12,5.4,0.0,İpsala,40.89,8.79806905123924,-8.79806905123924
2016,1,4.1,97.0,İpsala,40.89,5.557581363284801,91.4424186367152
2016,2,10.0,87.8,İpsala,40.89,23.04385162625839,64.75614837374161
2016,3,10.1,34.8,İpsala,40.89,29.13533548748783,5.664664512512168
2016,4,15.6,15.4,İpsala,40.89,63.25801125793842,-47.85801125793842
2016,5,17.2,54.4,İpsala,40.89,83.24989499544714,-28.849894995447137
2016,6,23.7,19.9,İpsala,40.89,139.90782080145783,-120.00782080145783
2016,7,25.4,10.6,İpsala,40.89,158.39225856293913,-147.79225856293914
2016,8,25.5,0.0,İpsala,40.89,148.21804568831095,-148.21804568831095
2016,9,20.8,1.8,İpsala,40.89,93.44769929078478,-91.64769929078479
2016,10,14.8,0.0,İpsala,40.89,49.81640198794325,-49.81640198794325
2016,11,10.0,56.4,İpsala,40.89,23.017558185537098,33.3824418144629
2016,12,2.3,3.4,İpsala,40.89,2.1490886544717065,1.2509113455282934
2017,1,-1.2,69.2,İpsala,40.89,0.0,69.2
2017,2,9.2,6.6,İpsala,40.89,20.552826767820385,-13.952826767820385
2017,3,10.7,29.4,İpsala,40.89,32.45459772488682,-3.0545977248868184
2017,4,12.3,41.2,İpsala,40.89,43.8966813655017,-2.6966813655016963
2017,5,17.4,28.0,İpsala,40.89,85.43439584332098,-57.434395843320985
2017,6,23.1,19.8,İpsala,40.89,134.64887274666722,-114.84887274666723
2017,7,24.8,13.8,İpsala,40.89,152.67316967198147,-138.87316967198146
2017,8,25.3,9.6,İpsala,40.89,146.51368756260453,-136.91368756260454
2017,9,21.3,7.2,İpsala,40.89,97.43994878143073,-90.23994878143073
2017,10,14.4,105.2,İpsala,40.89,48.202969813409005,56.997030186591
2017,11,10.4,0.0,İpsala,40.89,24.907522178106436,-24.907522178106436
2017,12,8.8,44.4,İpsala,40.89,18.603161907807284,25.796838092192715
2018,1,5.1,41.0,İpsala,40.89,7.587197228751121,33.41280277124888
2018,2,6.1,48.4,İpsala,40.89,10.1430966308771,38.256903369122895
2018,3,10.0,66.2,İpsala,40.89,28.06011831710861,38.13988168289139
2018,4,16.0,3.6,İpsala,40.89,65.11930733339624,-61.519307333396235
2018,5,19.8,7.8,İpsala,40.89,103.5026127659,-95.7026127659
2018,6,22.8,45.6,İpsala,40.89,131.07027873968113,-85.47027873968113
2018,7,25.6,13.8,İpsala,40.89,160.22828442378005,-146.42828442378004
2018,8,25.7,19.6,İpsala,40.89,149.94172478632836,-130.34172478632837
2018,9,21.0,28.8,İpsala,40.89,94.37759185463639,-65.5775918546364
2018,10,15.7,22.8,İpsala,40.89,54.09117139777605,-31.29117139777605
2018,11,9.9,46.6,İpsala,40.89,22.159659345774244,24.440340654225757
2018,12,4.5,57.4,İpsala,40.89,6.022844377798164,51.37715562220183
2019,1,4.7,50.8,İpsala,40.89,6.626488487002686,44.17351151299731
2019,2,5.6,38.0,İpsala,40.89,8.806887845525889,29.19311215447411
2019,3,9.7,19.0,İpsala,40.89,26.65960522666631,-7.6596052266663115
2019,4,11.9,48.0,İpsala,40.89,40.29307477306323,7.706925226936768
2019,5,17.9,39.0,İpsala,40.89,87.86267748106832,-48.86267748106832
2019,6,24.2,31.2,İpsala,40.89,144.29357744103729,-113.09357744103728
2019,7,24.5,39.6,İpsala,40.89,149.22397441659191,-109.62397441659192
2019,8,25.7,3.0,İpsala,40.89,149.9301137711589,-146.9301137711589
2019,9,21.2,15.2,İpsala,40.89,95.79122135035567,-80.59122135035567
2019,10,16.4,44.6,İpsala,40.89,57.98694826406788,-13.386948264067875
2019,11,14.2,26.2,İpsala,40.89,39.64658441444785,-13.446584414447852
2019,12,7.6,58.8,İpsala,40.89,14.014574610584047,44.78542538941595
2020,1,4.4,41.0,İpsala,40.89,6.149218845761941,34.85078115423806
2020,2,7.2,31.0,İpsala,40.89,13.537203151306999,17.462796848693003
2020,3,9.8,28.0,İpsala,40.89,27.592305050395453,0.4076949496045472
2020,4,10.7,100.8,İpsala,40.89,34.481323819149544,66.31867618085045
2020,5,17.2,58.2,İpsala,40.89,83.0175820117283,-24.81758201172829
2020,6,22.1,15.2,İpsala,40.89,125.00467277896146,-109.80467277896146
2020,7,25.5,0.8,İpsala,40.89,159.33861099653936,-158.53861099653935
2020,8,25.7,7.8,İpsala,40.89,150.0368622497978,-142.23686224979778
2020,9,22.7,6.4,İpsala,40.89,107.30785331337464,-100.90785331337463
2020,10,17.6,46.8,İpsala,40.89,65.49040497006322,-18.690404970063227
2020,11,10.0,0.2,İpsala,40.89,22.87481358151243,-22.67481358151243
2020,12,8.8,56.4,İpsala,40.89,18.12000359544787,38.27999640455213
2021,1,7.2,157.0,İpsala,40.89,14.235061224010884,142.76493877598912
2021,2,7.3,23.6,İpsala,40.89,14.558928429873072,9.04107157012693
2021,3,6.8,59.6,İpsala,40.89,16.217828099977073,43.382171900022925
2021,4,11.0,29.6,İpsala,40.89,37.314144765363075,-7.7141447653630735
2021,5,18.2,36.0,İpsala,40.89,92.25560373538246,-56.255603735382465
2021,6,21.7,38.4,İpsala,40.89,122.4043695032249,-84.0043695032249
2021,7,26.3,0.6,İpsala,40.89,167.53347711105636,-166.93347711105636
2021,8,26.0,17.0,İpsala,40.89,153.02731215988752,-136.02731215988752
2021,9,20.0,5.4,İpsala,40.89,88.62651207589447,-83.22651207589446
2021,10,14.3,43.6,İpsala,40.89,48.13791749259218,-4.537917492592179
2021,11,11.3,81.8,İpsala,40.89,28.768617939343407,53.03138206065659
2021,12,7.9,146.0,İpsala,40.89,15.9899389479819,130.0100610520181
2022,1,1.9,6.0,İpsala,40.89,1.761331125467683,4.238668874532317
2022,2,6.5,102.2,İpsala,40.89,12.084068804251917,90.11593119574809
2022,3,4.9,20.2,İpsala,40.89,9.663579832293951,10.536420167706048
2022,4,13.2,49.2,İpsala,40.89,49.47710307420872,-0.2771030742087177
2022,5,18.1,3.6,İpsala,40.89,91.33663502761165,-87.73663502761165
2022,6,23.0,14.4,İpsala,40.89,133.97143341762012,-119.57143341762011
2022,7,24.7,16.6,İpsala,40.89,151.84907697736975,-135.24907697736975
2022,8,25.4,26.6,İpsala,40.89,147.5207065199589,-120.92070651995891
2022,9,20.6,2.6,İpsala,40.89,92.72517677061252,-90.12517677061253
2022,10,15.9,7.0,İpsala,40.89,56.70141636147712,-49.70141636147712
2022,11,12.7,15.0,İpsala,40.89,34.4316889069383,-19.431688906938298
2022,12,9.0,40.6,İpsala,40.89,19.523006398932257,21.076993601067745
2023,1,7.4,29.6,İpsala,40.89,12.683616306779635,16.916383693220368
2023,2,6.4,0.9,İpsala,40.89,9.941362219810975,-9.041362219810974
2023,3,9.8,32.5,İpsala,40.89,25.359567706245755,7.140432293754245
2023,4,12.0,71.8,İpsala,40.89,38.728916768907666,33.07108323109233
2023,5,16.5,33.5,İpsala,40.89,74.59100173467289,-41.091001734672886
2023,6,22.3,7.4,İpsala,40.89,124.90848367246971,-117.50848367246971
2023,7,26.8,3.3,İpsala,40.89,172.58501087105796,-169.28501087105795
2023,8,26.7,0.0,İpsala,40.89,159.48323853004496,-159.48323853004496
2023,9,22.7,6.2,İpsala,40.89,105.84863672723024,-99.64863672723024
2023,10,18.2,7.8,İpsala,40.89,66.90461178148688,-59.10461178148688
2023,11,13.7,199.6,İpsala,40.89,35.79007197812261,163.8099280218774
2023,12,9.0,57.9,İpsala,40.89,17.140337667858,40.759662332142
2024,1,6.3,36.2,İpsala,40.89,8.334808761009104,27.8651912389909
2024,2,9.7,47.6,İpsala,40.89,18.0475622689316,29.5524377310684
2024,3,10.4,47.4,İpsala,40.89,25.438956884603122,21.961043115396876
2024,4,15.8,33.0,İpsala,40.89,58.3379280123498,-25.3379280123498
2024,5,17.1,1.4,İpsala,40.89,75.68651582057312,-74.28651582057311
2024,6,25.9,0.0,İpsala,40.89,160.29223495234362,-160.29223495234362
2024,7,28.5,1.7,İpsala,40.89,192.80756329136972,-191.10756329136973
2024,8,26.5,17.4,İpsala,40.89,157.4256408507168,-140.0256408507168
2024,9,21.7,55.5,İpsala,40.89,96.07666833221757,-40.576668332217565
2024,10,17.7,1.0,İpsala,40.89,61.21035590492737,-60.21035590492737
2024,11,11.7,12.1,İpsala,40.89,25.204737690883096,-13.104737690883097
2024,12,10.5,125.3,İpsala,40.89,20.188680137333936,105.11131986266606
