name,year,month,NDVI,LST,n_scenes,date,NDVI_min,NDVI_max,LST_min,LST_max,VCI,TCI,alpha,VHI
Corlu,1985,1,0.26759736798935846,8.094597614709055,5,1985-01-01,0.06326247958961419,0.68512309288202,-10.639002805983296,12.345889155207136,32.85863166633191,18.496025770651034,1.0,32.85863166633191
Corlu,1985,2,,,4,1985-02-01,0.22251412267268067,0.6168509423238249,2.382957591593404,14.954545093213866,,,1.0,
Corlu,1985,3,0.36489954313960604,19.470701147358536,8,1985-03-01,0.29057814964684014,0.7343083084629806,9.325230666046364,22.347984227997337,16.74923194110882,22.09427573785515,1.0,16.74923194110882
Corlu,1985,4,0.3844440608641012,19.704132654241363,3,1985-04-01,0.3844440608641012,0.6919213789712095,10.856278290354226,26.910374059135574,0.0,44.8872456517134,1.0,0.0
Corlu,1985,5,0.5838744807724385,33.68710595797282,7,1985-05-01,0.4909232067752119,0.8551348328317281,22.806820877176495,35.21689009775646,25.521226492314938,12.326958960444472,1.0,25.521226492314938
Corlu,1985,6,0.48903980653940643,28.897898630226553,6,1985-06-01,0.3774327501897637,0.6158236085206271,25.157141167179066,41.81771643367115,46.81683565010825,77.54724910027005,1.0,46.81683565010825
Corlu,1985,7,0.4451926853564654,35.565236830367816,12,1985-07-01,0.29293417405586747,0.5462519561154311,31.792404756382567,45.10297927219279,60.10573362149396,71.65537768858962,1.0,60.10573362149396
Corlu,1985,8,0.25077722846443057,38.58075329155099,3,1985-08-01,0.234495969859287,0.5031868410245349,33.2887164321155,46.08196796995675,6.059475907959079,58.63415298462523,1.0,6.059475907959079
Corlu,1985,9,0.20824178775672245,37.56841129540746,4,1985-09-01,0.20824178775672245,0.4079475446268199,29.36251530171715,39.222957154121495,0.0,16.779632023392512,1.0,0.0
Corlu,1985,10,0.22978953370710778,26.37589180132982,3,1985-10-01,0.20169841302660108,0.36435266989032034,19.241494761685853,32.48636379924313,17.270449124515075,46.1346350846233,1.0,17.270449124515075
Corlu,1985,11,0.2333837998911329,18.99335655707696,3,1985-11-01,0.20435000748789292,0.4935412435150586,3.194579634730285,22.621228148469825,10.03965154757063,18.67471678826661,1.0,10.03965154757063
Corlu,1985,12,0.1454484886605323,11.072640505000027,2,1985-12-01,0.06256851578881002,0.5344543884733578,-2.0105655024418456,13.533666795506118,17.56356307092222,15.832408081233947,1.0,17.56356307092222
Corlu,1986,1,0.44342722462294504,6.519585730888746,1,1986-01-01,0.06326247958961419,0.68512309288202,-10.639002805983296,12.345889155207136,61.133433587403154,25.348404657093866,1.0,61.133433587403154
Corlu,1986,2,0.5000692400146467,11.088648568364096,6,1986-02-01,0.22251412267268067,0.6168509423238249,2.382957591593404,14.954545093213866,70.38529082511474,30.7510608692137,1.0,70.38529082511474
Corlu,1986,3,0.4748668493307287,22.347984227997337,3,1986-03-01,0.29057814964684014,0.7343083084629806,9.325230666046364,22.347984227997337,41.53170480356026,0.0,1.0,41.53170480356026
Corlu,1986,4,0.6040209637635001,22.419120854020235,10,1986-04-01,0.3844440608641012,0.6919213789712095,10.856278290354226,26.910374059135574,71.41239043294578,27.97574693586287,1.0,71.41239043294578
Corlu,1986,5,0.5943736714139155,28.276273309492385,14,1986-05-01,0.4909232067752119,0.8551348328317281,22.806820877176495,35.21689009775646,28.40394354205782,55.92730116891094,1.0,28.40394354205782
Corlu,1986,6,0.4440472310522035,35.72870746483863,7,1986-06-01,0.3774327501897637,0.6158236085206271,25.157141167179066,41.81771643367115,27.943387313109703,36.547411307452265,1.0,27.943387313109703
Corlu,1986,7,0.44121396884783476,36.45552090598975,10,1986-07-01,0.29293417405586747,0.5462519561154311,31.792404756382567,45.10297927219279,58.535091214836896,64.96683036432152,1.0,58.535091214836896
Corlu,1986,8,0.3131933470590943,37.974599747892654,14,1986-08-01,0.234495969859287,0.5031868410245349,33.2887164321155,46.08196796995675,29.28918904409206,63.3722255681697,1.0,29.28918904409206
Corlu,1986,9,0.25997636160389276,29.87872327549613,14,1986-09-01,0.20824178775672245,0.4079475446268199,29.36251530171715,39.222957154121495,25.905399352519456,94.76485961272505,1.0,25.905399352519456
Corlu,1986,10,0.2246495354655542,27.086594143927076,10,1986-10-01,0.20169841302660108,0.36435266989032034,19.241494761685853,32.48636379924313,14.110373058470174,40.76876592742756,1.0,14.110373058470174
Corlu,1986,11,0.2441312211561934,14.681835613215505,7,1986-11-01,0.20435000748789292,0.4935412435150586,3.194579634730285,22.621228148469825,13.756023251189937,40.86856530934385,1.0,13.756023251189937
Corlu,1986,12,0.24533012662301432,6.8984422570436434,8,1986-12-01,0.06256851578881002,0.5344543884733578,-2.0105655024418456,13.533666795506118,38.73004499890571,42.68608710472249,1.0,38.73004499890571
Corlu,1987,1,0.2320483546145159,-8.56403224414869,9,1987-01-01,0.06326247958961419,0.68512309288202,-10.639002805983296,12.345889155207136,27.142075155921916,90.97245892937781,1.0,27.142075155921916
Corlu,1987,2,0.22251412267268067,6.327999578805444,11,1987-02-01,0.22251412267268067,0.6168509423238249,2.382957591593404,14.954545093213866,0.0,68.61938091188938,1.0,0.0
Corlu,1987,3,,,5,1987-03-01,0.29057814964684014,0.7343083084629806,9.325230666046364,22.347984227997337,,,1.0,
Corlu,1987,4,0.5234389807455685,22.13102158467475,10,1987-04-01,0.3844440608641012,0.6919213789712095,10.856278290354226,26.910374059135574,45.204934379273155,29.770300011257635,1.0,45.204934379273155
Corlu,1987,5,0.598270557147202,25.900582528110753,13,1987-05-01,0.4909232067752119,0.8551348328317281,22.806820877176495,35.21689009775646,29.473894486644582,75.07055282331717,1.0,29.473894486644582
Corlu,1987,6,0.6074209812263138,34.492564171668214,13,1987-06-01,0.3774327501897637,0.6158236085206271,25.157141167179066,41.81771643367115,96.47527285519847,43.9669828012203,1.0,96.47527285519847
Corlu,1987,7,0.44698689902263394,37.8237922107378,12,1987-07-01,0.29293417405586747,0.5462519561154311,31.792404756382567,45.10297927219279,60.81401933739632,54.68724924539369,1.0,60.81401933739632
Corlu,1987,8,0.3065785574907152,36.618294776442745,14,1987-08-01,0.234495969859287,0.5031868410245349,33.2887164321155,46.08196796995675,26.827330351352582,73.97394763576202,1.0,26.827330351352582
Corlu,1987,9,0.2909218047883363,37.28634677212094,11,1987-09-01,0.20824178775672245,0.4079475446268199,29.36251530171715,39.222957154121495,41.400918194558955,19.64019879624698,1.0,41.400918194558955
Corlu,1987,10,0.20712573221472275,22.367065620188438,11,1987-10-01,0.20169841302660108,0.36435266989032034,19.241494761685853,32.48636379924313,3.336721271714997,76.40164768983607,1.0,3.336721271714997
Corlu,1987,11,0.24266600851288367,13.534219445125647,9,1987-11-01,0.20435000748789292,0.4935412435150586,3.194579634730285,22.621228148469825,13.249364521334066,46.77599791295638,1.0,13.249364521334066
Corlu,1987,12,0.30068597016134563,10.79295873518073,5,1987-12-01,0.06256851578881002,0.5344543884733578,-2.0105655024418456,13.533666795506118,50.460814395203435,17.631672042672683,1.0,50.460814395203435
Corlu,1988,1,,,5,1988-01-01,0.06326247958961419,0.68512309288202,-10.639002805983296,12.345889155207136,,,1.0,
Corlu,1988,2,0.35877740540881364,6.285397527719079,6,1988-02-01,0.22251412267268067,0.6168509423238249,2.382957591593404,14.954545093213866,34.555049375475576,68.95825657958746,1.0,34.555049375475576
Corlu,1988,3,0.47952617978489875,9.325230666046364,7,1988-03-01,0.29057814964684014,0.7343083084629806,9.325230666046364,22.347984227997337,42.58174171486713,100.0,1.0,42.58174171486713
Corlu,1988,4,,,8,1988-04-01,0.3844440608641012,0.6919213789712095,10.856278290354226,26.910374059135574,,,1.0,
Corlu,1988,5,0.587932899546802,29.860247078834274,12,1988-05-01,0.4909232067752119,0.8551348328317281,22.806820877176495,35.21689009775646,26.63552886050284,43.16368364842894,1.0,26.63552886050284
Corlu,1988,6,0.5027816783110239,30.356895968258062,13,1988-06-01,0.3774327501897637,0.6158236085206271,25.157141167179066,41.81771643367115,52.58126465037853,68.79006446111862,1.0,52.58126465037853
Corlu,1988,7,0.43335122748010496,37.602301160212676,11,1988-07-01,0.29293417405586747,0.5462519561154311,31.792404756382567,45.10297927219279,55.43118697889936,56.35127246439177,1.0,55.43118697889936
Corlu,1988,8,0.34127882067688303,37.47042704820708,11,1988-08-01,0.234495969859287,0.5031868410245349,33.2887164321155,46.08196796995675,39.741897577131816,67.31315253418987,1.0,39.741897577131816
Corlu,1988,9,0.2382863536540638,31.46435829070834,13,1988-09-01,0.20824178775672245,0.4079475446268199,29.36251530171715,39.222957154121495,15.044416529706973,78.68408920763848,1.0,15.044416529706973
Corlu,1988,10,0.23885562034031674,21.727651161074757,11,1988-10-01,0.20169841302660108,0.36435266989032034,19.241494761685853,32.48636379924313,22.844288265291468,81.22928665931587,1.0,22.844288265291468
Corlu,1988,11,0.2244372436099525,11.526043217378772,5,1988-11-01,0.20435000748789292,0.4935412435150586,3.194579634730285,22.621228148469825,6.9460044495168125,57.11322219704525,1.0,6.9460044495168125
Corlu,1988,12,0.213051898201914,1.2143202781580003,5,1988-12-01,0.06256851578881002,0.5344543884733578,-2.0105655024418456,13.533666795506118,31.889783340409732,79.25348953369944,1.0,31.889783340409732
Corlu,1989,1,0.2662323179934248,2.215163302887941,11,1989-01-01,0.06326247958961419,0.68512309288202,-10.639002805983296,12.345889155207136,32.63912106110054,44.075586125985446,1.0,32.63912106110054
Corlu,1989,2,0.2671241476979702,9.845103585744404,11,1989-02-01,0.22251412267268067,0.6168509423238249,2.382957591593404,14.954545093213866,11.312670489343208,40.64277090551103,1.0,11.312670489343208
Corlu,1989,3,,,8,1989-03-01,0.29057814964684014,0.7343083084629806,9.325230666046364,22.347984227997337,,,1.0,
Corlu,1989,4,0.5395272394306385,23.063094471925407,13,1989-04-01,0.3844440608641012,0.6919213789712095,10.856278290354226,26.910374059135574,50.43727437238632,23.964473880189207,1.0,50.43727437238632
Corlu,1989,5,0.5738491831451151,22.806820877176495,7,1989-05-01,0.4909232067752119,0.8551348328317281,22.806820877176495,35.21689009775646,22.76862418363198,100.0,1.0,22.76862418363198
Corlu,1989,6,0.5191747295406635,26.349582673481862,12,1989-06-01,0.3774327501897637,0.6158236085206271,25.157141167179066,41.81771643367115,59.45780821602464,92.84273509630219,1.0,59.45780821602464
Corlu,1989,7,0.46925963684894917,33.82798431088362,10,1989-07-01,0.29293417405586747,0.5462519561154311,31.792404756382567,45.10297927219279,69.60642926820731,84.70704963122962,1.0,69.60642926820731
Corlu,1989,8,0.3316688837836697,36.73591334281069,13,1989-08-01,0.234495969859287,0.5031868410245349,33.2887164321155,46.08196796995675,36.16532020718347,73.05456786729549,1.0,36.16532020718347
Corlu,1989,9,0.25397614634196836,34.53827487039892,14,1989-09-01,0.20824178775672245,0.4079475446268199,29.36251530171715,39.222957154121495,22.900871413033286,47.50986166588743,1.0,22.900871413033286
Corlu,1989,10,0.23428233061919435,25.31159132220651,8,1989-10-01,0.20169841302660108,0.36435266989032034,19.241494761685853,32.48636379924313,20.03262516510335,54.170203243926125,1.0,20.03262516510335
Corlu,1989,11,0.22657550174236976,22.621228148469825,6,1989-11-01,0.20435000748789292,0.4935412435150586,3.194579634730285,22.621228148469825,7.685396888164706,0.0,1.0,7.685396888164706
Corlu,1989,12,0.27888604189092636,13.533666795506118,3,1989-12-01,0.06256851578881002,0.5344543884733578,-2.0105655024418456,13.533666795506118,45.841068492152765,0.0,1.0,45.841068492152765
Corlu,1990,1,,,3,1990-01-01,0.06326247958961419,0.68512309288202,-10.639002805983296,12.345889155207136,,,1.0,
Corlu,1990,2,0.3610089549022733,8.987768839803376,8,1990-02-01,0.22251412267268067,0.6168509423238249,2.382957591593404,14.954545093213866,35.120948724015705,47.46239289700986,1.0,35.120948724015705
Corlu,1990,3,0.4668131900735304,15.46771980508485,10,1990-03-01,0.29057814964684014,0.7343083084629806,9.325230666046364,22.347984227997337,39.716714522375575,52.83263935067306,1.0,39.716714522375575
Corlu,1990,4,0.46474740983426155,21.374204235488993,5,1990-04-01,0.3844440608641012,0.6919213789712095,10.856278290354226,26.910374059135574,26.11683667092056,34.484469903388565,1.0,26.11683667092056
Corlu,1990,5,0.622329386264447,26.854857261572484,14,1990-05-01,0.4909232067752119,0.8551348328317281,22.806820877176495,35.21689009775646,36.07962241953371,67.38103299469904,1.0,36.07962241953371
Corlu,1990,6,0.5197421367640073,33.04593045737257,12,1990-06-01,0.3774327501897637,0.6158236085206271,25.157141167179066,41.81771643367115,59.69582372858104,52.64995857580311,1.0,59.69582372858104
Corlu,1990,7,0.3722940783121514,38.85117562927157,14,1990-07-01,0.29293417405586747,0.5462519561154311,31.792404756382567,45.10297927219279,31.32820112787175,46.96869872517795,1.0,31.32820112787175
Corlu,1990,8,0.24956085039381415,36.63528122051969,12,1990-08-01,0.234495969859287,0.5031868410245349,33.2887164321155,46.08196796995675,5.606770512594779,73.84117103845446,1.0,5.606770512594779
Corlu,1990,9,0.2374137773860232,37.789302117592506,12,1990-09-01,0.20824178775672245,0.4079475446268199,29.36251530171715,39.222957154121495,14.607485576029866,14.539460381072178,1.0,14.607485576029866
Corlu,1990,10,0.27207857045930084,19.241494761685853,11,1990-10-01,0.20169841302660108,0.36435266989032034,19.241494761685853,32.48636379924313,43.26979126754006,100.0,1.0,43.26979126754006
Corlu,1990,11,0.3586705907071771,13.099457829698787,12,1990-11-01,0.20435000748789292,0.4935412435150586,3.194579634730285,22.621228148469825,53.36281463411561,49.01396302113947,1.0,53.36281463411561
Corlu,1990,12,,,1,1990-12-01,0.06256851578881002,0.5344543884733578,-2.0105655024418456,13.533666795506118,,,1.0,
Corlu,1991,1,0.46688247339749006,0.17182340833151996,6,1991-01-01,0.06326247958961419,0.68512309288202,-10.639002805983296,12.345889155207136,64.90521914081882,52.96551216090684,1.0,64.90521914081882
Corlu,1991,2,,,3,1991-02-01,0.22251412267268067,0.6168509423238249,2.382957591593404,14.954545093213866,,,1.0,
Corlu,1991,3,,,9,1991-03-01,0.29057814964684014,0.7343083084629806,9.325230666046364,22.347984227997337,,,1.0,
Corlu,1991,4,0.6481773824996383,19.71335158067419,11,1991-04-01,0.3844440608641012,0.6919213789712095,10.856278290354226,26.910374059135574,85.77326069419755,44.82982151169579,1.0,85.77326069419755
Corlu,1991,5,0.7008454954259704,23.43695474297363,11,1991-05-01,0.4909232067752119,0.8551348328317281,22.806820877176495,35.21689009775646,57.63744856903168,94.9223984605004,1.0,57.63744856903168
Corlu,1991,6,0.5455178702347258,29.98227813627388,12,1991-06-01,0.3774327501897637,0.6158236085206271,25.157141167179066,41.81771643367115,70.50820707716746,71.03859325434472,1.0,70.50820707716746
Corlu,1991,7,0.3960429460879413,34.760409750735,11,1991-07-01,0.29293417405586747,0.5462519561154311,31.792404756382567,45.10297927219279,40.7033297045959,77.7019016660246,1.0,40.7033297045959
Corlu,1991,8,0.336288038341299,36.667680040390344,12,1991-08-01,0.234495969859287,0.5031868410245349,33.2887164321155,46.08196796995675,37.88445362529966,73.58792173920614,1.0,37.88445362529966
Corlu,1991,9,0.2481141151888846,35.05077069420905,10,1991-09-01,0.20824178775672245,0.4079475446268199,29.36251530171715,39.222957154121495,19.965537327047556,42.31236817136252,1.0,19.965537327047556
Corlu,1991,10,0.23705478278053996,22.519801523680574,10,1991-10-01,0.20169841302660108,0.36435266989032034,19.241494761685853,32.48636379924313,21.73713153020176,75.24847733338304,1.0,21.73713153020176
Corlu,1991,11,0.2753217372114957,15.291599818885468,11,1991-11-01,0.20435000748789292,0.4935412435150586,3.194579634730285,22.621228148469825,24.541452465363076,37.729762415789125,1.0,24.541452465363076
Corlu,1991,12,0.2660646517462887,6.749535722885165,3,1991-12-01,0.06256851578881002,0.5344543884733578,-2.0105655024418456,13.533666795506118,43.12401530475873,43.64404071287937,1.0,43.12401530475873
Corlu,1992,1,0.19606674033907093,2.5303521100567563,6,1992-01-01,0.06326247958961419,0.68512309288202,-10.639002805983296,12.345889155207136,21.35595307223786,42.70429924893158,1.0,21.35595307223786
Corlu,1992,2,0.23280258722763023,6.463470731211732,12,1992-02-01,0.22251412267268067,0.6168509423238249,2.382957591593404,14.954545093213866,2.609055011411665,67.54178309547338,1.0,2.609055011411665
Corlu,1992,3,0.4711174449874583,15.002408675441743,8,1992-03-01,0.29057814964684014,0.7343083084629806,9.325230666046364,22.347984227997337,40.68673083260599,56.405701894086484,1.0,40.68673083260599
Corlu,1992,4,0.5973989893717678,18.718669000784885,10,1992-04-01,0.3844440608641012,0.6919213789712095,10.856278290354226,26.910374059135574,69.2587439680623,51.02563966436656,1.0,69.2587439680623
Corlu,1992,5,0.6117694222724387,23.374493309900505,13,1992-05-01,0.4909232067752119,0.8551348328317281,22.806820877176495,35.21689009775646,33.18021909560751,95.42571098811744,1.0,33.18021909560751
Corlu,1992,6,0.5412754314075586,25.157141167179066,12,1992-06-01,0.3774327501897637,0.6158236085206271,25.157141167179066,41.81771643367115,68.72859234828425,100.0,1.0,68.72859234828425
Corlu,1992,7,0.43033148022134615,31.792404756382567,13,1992-07-01,0.29293417405586747,0.5462519561154311,31.792404756382567,45.10297927219279,54.239108304355796,100.0,1.0,54.239108304355796
Corlu,1992,8,0.39768814675277864,35.88004067027165,11,1992-08-01,0.234495969859287,0.5031868410245349,33.2887164321155,46.08196796995675,60.736033265948436,79.7446002645125,1.0,60.736033265948436
Corlu,1992,9,0.28543610369741257,31.18331142676157,14,1992-09-01,0.20824178775672245,0.4079475446268199,29.36251530171715,39.222957154121495,38.65402637887033,81.53433535434883,1.0,38.65402637887033
Corlu,1992,10,0.2589578596250087,24.627290072208893,9,1992-10-01,0.20169841302660108,0.36435266989032034,19.241494761685853,32.48636379924313,35.20316510768162,59.33674168275256,1.0,35.20316510768162
Corlu,1992,11,0.3047686469229392,8.363238802254731,10,1992-11-01,0.20435000748789292,0.4935412435150586,3.194579634730285,22.621228148469825,34.72395665047515,73.39397393292569,1.0,34.72395665047515
Corlu,1992,12,0.31325505474953264,2.7538832600546272,10,1992-12-01,0.06256851578881002,0.5344543884733578,-2.0105655024418456,13.533666795506118,53.12440008737128,69.34908928808635,1.0,53.12440008737128
Corlu,1993,1,0.3493918445083187,1.968636801748719,5,1993-01-01,0.06326247958961419,0.68512309288202,-10.639002805983296,12.345889155207136,46.01181660369336,45.14814501186352,1.0,46.01181660369336
Corlu,1993,2,0.3481357761536718,7.742046889663162,11,1993-02-01,0.22251412267268067,0.6168509423238249,2.382957591593404,14.954545093213866,31.85643521498301,57.37141950148318,1.0,31.85643521498301
Corlu,1993,3,0.29057814964684014,9.758143080989361,9,1993-03-01,0.29057814964684014,0.7343083084629806,9.325230666046364,22.347984227997337,0.0,96.6757228962095,1.0,0.0
Corlu,1993,4,0.6366462652859076,17.818974347679294,8,1993-04-01,0.3844440608641012,0.6919213789712095,10.856278290354226,26.910374059135574,82.02302725105496,56.62978371622359,1.0,82.02302725105496
Corlu,1993,5,0.6494487462504434,24.65646626941041,11,1993-05-01,0.4909232067752119,0.8551348328317281,22.806820877176495,35.21689009775646,43.52566698423636,85.09560777335074,1.0,43.52566698423636
Corlu,1993,6,0.5528639301743168,27.482038432584517,12,1993-06-01,0.3774327501897637,0.6158236085206271,25.157141167179066,41.81771643367115,73.58972622224951,86.04551626688841,1.0,73.58972622224951
Corlu,1993,7,0.3086514016351809,39.624055648189604,10,1993-07-01,0.29293417405586747,0.5462519561154311,31.792404756382567,45.10297927219279,6.204549657559285,41.16218738338719,1.0,6.204549657559285
Corlu,1993,8,0.2647813559271785,39.14714360216899,14,1993-08-01,0.234495969859287,0.5031868410245349,33.2887164321155,46.08196796995675,11.271460744665807,54.206894527753136,1.0,11.271460744665807
Corlu,1993,9,0.22780436784140068,37.984976773501124,11,1993-09-01,0.20824178775672245,0.4079475446268199,29.36251530171715,39.222957154121495,9.795701631877892,12.55501933027986,1.0,9.795701631877892
Corlu,1993,10,0.20169841302660108,27.40446756573434,7,1993-10-01,0.20169841302660108,0.36435266989032034,19.241494761685853,32.48636379924313,0.0,38.36879186270937,1.0,0.0
Corlu,1993,11,0.20435000748789292,10.473949198583172,9,1993-11-01,0.20435000748789292,0.4935412435150586,3.194579634730285,22.621228148469825,0.0,62.52894801332027,1.0,0.0
Corlu,1993,12,0.18502436616824214,8.100078759793035,6,1993-12-01,0.06256851578881002,0.5344543884733578,-2.0105655024418456,13.533666795506118,25.950310756875094,34.95565385001603,1.0,25.950310756875094
Corlu,1994,1,0.33594747507983647,-10.639002805983296,10,1994-01-01,0.06326247958961419,0.68512309288202,-10.639002805983296,12.345889155207136,43.8498579362515,100.0,1.0,43.8498579362515
Corlu,1994,2,,,1,1994-02-01,0.22251412267268067,0.6168509423238249,2.382957591593404,14.954545093213866,,,1.0,
Corlu,1994,3,0.48329427618772425,16.560221736869117,8,1994-03-01,0.29057814964684014,0.7343083084629806,9.325230666046364,22.347984227997337,43.43092816928318,44.44346169644586,1.0,43.43092816928318
Corlu,1994,4,0.6429860608999982,21.774101374573405,11,1994-04-01,0.3844440608641012,0.6919213789712095,10.856278290354226,26.910374059135574,84.08490149046867,31.99353460037356,1.0,84.08490149046867
Corlu,1994,5,0.6546700690246493,32.20882368182098,14,1994-05-01,0.4909232067752119,0.8551348328317281,22.806820877176495,35.21689009775646,44.95926283913522,24.238917305530574,1.0,44.95926283913522
Corlu,1994,6,,,4,1994-06-01,0.3774327501897637,0.6158236085206271,25.157141167179066,41.81771643367115,,,1.0,
Corlu,1994,7,0.4142211981851557,35.631628682562116,10,1994-07-01,0.29293417405586747,0.5462519561154311,31.792404756382567,45.10297927219279,47.87939604680792,71.1565874063562,1.0,47.87939604680792
Corlu,1994,8,0.234495969859287,41.79658934967108,14,1994-08-01,0.234495969859287,0.5031868410245349,33.2887164321155,46.08196796995675,0.0,33.49718097553165,1.0,0.0
Corlu,1994,9,0.2254413667042083,37.97604459424057,14,1994-09-01,0.20824178775672245,0.4079475446268199,29.36251530171715,39.222957154121495,8.612460260058334,12.64560532423688,1.0,8.612460260058334
Corlu,1994,10,,,4,1994-10-01,0.20169841302660108,0.36435266989032034,19.241494761685853,32.48636379924313,,,1.0,
Corlu,1994,11,0.31149857212682247,7.60612791648435,5,1994-11-01,0.20435000748789292,0.4935412435150586,3.194579634730285,22.621228148469825,37.05111057683102,77.29125392558583,1.0,37.05111057683102
Corlu,1994,12,0.34365970348598535,-2.0105655024418456,3,1994-12-01,0.06256851578881002,0.5344543884733578,-2.0105655024418456,13.533666795506118,59.56762089486894,100.0,1.0,59.56762089486894
Corlu,1995,1,0.4242654754336853,1.4360123711543513,5,1995-01-01,0.06326247958961419,0.68512309288202,-10.639002805983296,12.345889155207136,58.052076000240824,47.46542556072881,1.0,58.052076000240824
Corlu,1995,2,0.44457052909211386,2.382957591593404,5,1995-02-01,0.22251412267268067,0.6168509423238249,2.382957591593404,14.954545093213866,56.31135500252769,100.0,1.0,56.31135500252769
Corlu,1995,3,0.5233013817767956,13.151284621370802,7,1995-03-01,0.29057814964684014,0.7343083084629806,9.325230666046364,22.347984227997337,52.44701706795286,70.62023836108554,1.0,52.44701706795286
Corlu,1995,4,0.5785873142810964,19.85297074241814,10,1995-04-01,0.3844440608641012,0.6919213789712095,10.856278290354226,26.910374059135574,63.140674769826866,43.96014212423721,1.0,63.140674769826866
Corlu,1995,5,0.6308076975340965,27.02596907072082,14,1995-05-01,0.4909232067752119,0.8551348328317281,22.806820877176495,35.21689009775646,38.40747542122067,66.00221869393289,1.0,38.40747542122067
Corlu,1995,6,0.4528934719442569,34.869825199589876,14,1995-06-01,0.3774327501897637,0.6158236085206271,25.157141167179066,41.81771643367115,31.654201122830397,41.70258903397498,1.0,31.654201122830397
Corlu,1995,7,0.42647808666675036,34.04217688059843,14,1995-07-01,0.29293417405586747,0.5462519561154311,31.792404756382567,45.10297927219279,52.71793852177427,83.09785861201107,1.0,52.71793852177427
Corlu,1995,8,0.38321238697639076,33.2887164321155,14,1995-08-01,0.234495969859287,0.5031868410245349,33.2887164321155,46.08196796995675,55.348518716752935,100.0,1.0,55.348518716752935
Corlu,1995,9,0.31341186585128156,34.23255250620952,7,1995-09-01,0.20824178775672245,0.4079475446268199,29.36251530171715,39.222957154121495,52.66251696638322,50.61035522150688,1.0,52.66251696638322
Corlu,1995,10,0.2501504497909462,23.195705889182342,8,1995-10-01,0.20169841302660108,0.36435266989032034,19.241494761685853,32.48636379924313,29.78836072205655,70.1453361578443,1.0,29.78836072205655
Corlu,1995,11,0.2457604342414537,3.194579634730285,6,1995-11-01,0.20435000748789292,0.4935412435150586,3.194579634730285,22.621228148469825,14.319392012858513,100.0,1.0,14.319392012858513
Corlu,1995,12,,,2,1995-12-01,0.06256851578881002,0.5344543884733578,-2.0105655024418456,13.533666795506118,,,1.0,
Corlu,1996,1,,,1,1996-01-01,0.06326247958961419,0.68512309288202,-10.639002805983296,12.345889155207136,,,1.0,
Corlu,1996,2,,,6,1996-02-01,0.22251412267268067,0.6168509423238249,2.382957591593404,14.954545093213866,,,1.0,
Corlu,1996,3,0.35697365044304324,14.980721566522105,3,1996-03-01,0.29057814964684014,0.7343083084629806,9.325230666046364,22.347984227997337,14.963035411734111,56.57223433145827,1.0,14.963035411734111
Corlu,1996,4,0.5013568385963957,18.622494995801137,11,1996-04-01,0.3844440608641012,0.6919213789712095,10.856278290354226,26.910374059135574,38.02322020109739,51.62470177517548,1.0,38.02322020109739
Corlu,1996,5,0.5783976797348931,32.608937785289626,12,1996-05-01,0.4909232067752119,0.8551348328317281,22.806820877176495,35.21689009775646,24.01748508327612,21.01480875015584,1.0,24.01748508327612
Corlu,1996,6,0.4815968394923916,37.215318898977316,14,1996-06-01,0.3774327501897637,0.6158236085206271,25.157141167179066,41.81771643367115,43.69466599178827,27.624481514454207,1.0,43.69466599178827
Corlu,1996,7,0.3494386741234,36.813470282652204,14,1996-07-01,0.29293417405586747,0.5462519561154311,31.792404756382567,45.10297927219279,22.305777197372752,62.27761979540669,1.0,22.305777197372752
Corlu,1996,8,0.2574109244078488,41.948227143046836,12,1996-08-01,0.234495969859287,0.5031868410245349,33.2887164321155,46.08196796995675,8.528371079071324,32.311885799186335,1.0,8.528371079071324
Corlu,1996,9,0.29179326235626,30.30663580338698,11,1996-09-01,0.20824178775672245,0.4079475446268199,29.36251530171715,39.222957154121495,41.837288974040575,90.42517043554577,1.0,41.837288974040575
Corlu,1996,10,0.32786417634793075,21.812228208600562,12,1996-10-01,0.20169841302660108,0.36435266989032034,19.241494761685853,32.48636379924313,77.56683763096243,80.59072204017184,1.0,77.56683763096243
Corlu,1996,11,0.3363507792425261,15.769007177798263,9,1996-11-01,0.20435000748789292,0.4935412435150586,3.194579634730285,22.621228148469825,45.64480361439219,35.27227543044964,1.0,45.64480361439219
Corlu,1996,12,0.06256851578881002,1.3716574700000308,5,1996-12-01,0.06256851578881002,0.5344543884733578,-2.0105655024418456,13.533666795506118,0.0,78.24129936035263,1.0,0.0
Corlu,1997,1,0.47515324896516803,5.697674783771424,8,1997-01-01,0.06326247958961419,0.68512309288202,-10.639002805983296,12.345889155207136,66.23522387031741,28.924279403449447,1.0,66.23522387031741
Corlu,1997,2,0.4117626773817273,6.458177261918941,6,1997-02-01,0.22251412267268067,0.6168509423238249,2.382957591593404,14.954545093213866,47.991601412332756,67.58388970525603,1.0,47.991601412332756
Corlu,1997,3,0.43474100350992834,14.027658489304136,8,1997-03-01,0.29057814964684014,0.7343083084629806,9.325230666046364,22.347984227997337,32.488856346323324,63.890679487347306,1.0,32.488856346323324
Corlu,1997,4,0.5509321245090241,20.687357655944442,9,1997-04-01,0.3844440608641012,0.6919213789712095,10.856278290354226,26.910374059135574,54.14645368635859,38.76279606661095,1.0,54.14645368635859
Corlu,1997,5,0.6127967587754863,32.694394754869286,14,1997-05-01,0.4909232067752119,0.8551348328317281,22.806820877176495,35.21689009775646,33.46229040512914,20.326198815265677,1.0,33.46229040512914
Corlu,1997,6,0.49502414571618625,35.30780616535925,12,1997-06-01,0.3774327501897637,0.6158236085206271,25.157141167179066,41.81771643367115,49.32714129633994,39.07374243796188,1.0,49.32714129633994
Corlu,1997,7,0.4278541563157757,38.011347190180075,12,1997-07-01,0.29293417405586747,0.5462519561154311,31.792404756382567,45.10297927219279,53.26115725590238,53.27818174631994,1.0,53.26115725590238
Corlu,1997,8,0.33332904431927407,34.68194841513922,14,1997-08-01,0.234495969859287,0.5031868410245349,33.2887164321155,46.08196796995675,36.783190300203245,89.1096334743152,1.0,36.783190300203245
Corlu,1997,9,0.27966388206986004,31.022354757462672,14,1997-09-01,0.20824178775672245,0.4079475446268199,29.36251530171715,39.222957154121495,35.7636632175784,83.16668278571319,1.0,35.7636632175784
Corlu,1997,10,0.25916157292941977,21.824270560813982,11,1997-10-01,0.20169841302660108,0.36435266989032034,19.241494761685853,32.48636379924313,35.328408251229796,80.4998011546631,1.0,35.328408251229796
Corlu,1997,11,0.41693274002469544,13.216969463808386,10,1997-11-01,0.20435000748789292,0.4935412435150586,3.194579634730285,22.621228148469825,73.50939656996839,48.409063858906265,1.0,73.50939656996839
Corlu,1997,12,,,2,1997-12-01,0.06256851578881002,0.5344543884733578,-2.0105655024418456,13.533666795506118,,,1.0,
Corlu,1998,1,0.35679611444874415,4.468979060241888,4,1998-01-01,0.06326247958961419,0.68512309288202,-10.639002805983296,12.345889155207136,47.20248052132338,34.2699461379469,1.0,47.20248052132338
Corlu,1998,2,0.4147882225580694,8.152726953965269,11,1998-02-01,0.22251412267268067,0.6168509423238249,2.382957591593404,14.954545093213866,48.758850379603615,54.104687561311174,1.0,48.758850379603615
Corlu,1998,3,0.3919138962517927,13.414892515798618,6,1998-03-01,0.29057814964684014,0.7343083084629806,9.325230666046364,22.347984227997337,22.837245697996607,68.5960282493469,1.0,22.837245697996607
Corlu,1998,4,0.5049276500345439,19.43018639551559,11,1998-04-01,0.3844440608641012,0.6919213789712095,10.856278290354226,26.910374059135574,39.18454535513828,46.59364047251972,1.0,39.18454535513828
Corlu,1998,5,0.5807340792531254,24.23102244442129,8,1998-05-01,0.4909232067752119,0.8551348328317281,22.806820877176495,35.21689009775646,24.65898012381877,88.52382253530867,1.0,24.65898012381877
Corlu,1998,6,0.5441831766197132,33.81691250222572,14,1998-06-01,0.3774327501897637,0.6158236085206271,25.157141167179066,41.81771643367115,69.94833090391244,48.02237499887971,1.0,69.94833090391244
Corlu,1998,7,0.4602560456478158,35.74051628611983,14,1998-07-01,0.29293417405586747,0.5462519561154311,31.792404756382567,45.10297927219279,66.0521619254527,70.33853403511834,1.0,66.0521619254527
Corlu,1998,8,0.31429146638052824,38.19944142252438,12,1998-08-01,0.234495969859287,0.5031868410245349,33.2887164321155,46.08196796995675,29.697881500472008,61.61472338847234,1.0,29.697881500472008
Corlu,1998,9,0.2532317023796363,30.213003508918053,12,1998-09-01,0.20824178775672245,0.4079475446268199,29.36251530171715,39.222957154121495,22.528101006211077,91.37474547356594,1.0,22.528101006211077
Corlu,1998,10,0.29962064245547226,27.25140684557246,10,1998-10-01,0.20169841302660108,0.36435266989032034,19.241494761685853,32.48636379924313,60.20268471111448,39.52441461539842,1.0,60.20268471111448
Corlu,1998,11,0.3813032209710838,13.838743532437116,10,1998-11-01,0.20435000748789292,0.4935412435150586,3.194579634730285,22.621228148469825,61.188995874884846,45.208439375537566,1.0,61.188995874884846
Corlu,1998,12,0.4393384657744557,4.284256888857589,7,1998-12-01,0.06256851578881002,0.5344543884733578,-2.0105655024418456,13.533666795506118,79.84344770531276,59.503806488208284,1.0,79.84344770531276
Corlu,1999,1,0.38426467349659404,8.464287194744024,9,1999-01-01,0.06326247958961419,0.68512309288202,-10.639002805983296,12.345889155207136,51.61963743087891,16.88762325712527,1.0,51.61963743087891
Corlu,1999,2,0.410436859159507,8.878892900617952,10,1999-02-01,0.22251412267268067,0.6168509423238249,2.382957591593404,14.954545093213866,47.65538674604997,48.32844055544115,1.0,47.65538674604997
Corlu,1999,3,0.49447481133803955,15.277855650715225,8,1999-03-01,0.29057814964684014,0.7343083084629806,9.325230666046364,22.347984227997337,45.9505980470631,54.2905810483825,1.0,45.9505980470631
Corlu,1999,4,0.5807893526562485,21.076890870963542,12,1999-04-01,0.3844440608641012,0.6919213789712095,10.856278290354226,26.910374059135574,63.85683763631349,36.33641702521653,1.0,63.85683763631349
Corlu,1999,5,0.4909232067752119,28.700333247703714,14,1999-05-01,0.4909232067752119,0.8551348328317281,22.806820877176495,35.21689009775646,0.0,52.51023772894158,1.0,0.0
Corlu,1999,6,0.3774327501897637,35.62031893207071,11,1999-06-01,0.3774327501897637,0.6158236085206271,25.157141167179066,41.81771643367115,0.0,37.197980276615716,1.0,0.0
Corlu,1999,7,0.3956580970387637,39.0064210878009,21,1999-07-01,0.29293417405586747,0.5462519561154311,31.792404756382567,45.10297927219279,40.55140628017276,45.802366961324104,1.0,40.55140628017276
Corlu,1999,8,0.33610584928280557,40.83769190263649,24,1999-08-01,0.234495969859287,0.5031868410245349,33.2887164321155,46.08196796995675,37.816647429390095,40.992518999631756,1.0,37.816647429390095
Corlu,1999,9,0.32538959260340566,34.33199829210371,23,1999-09-01,0.20824178775672245,0.4079475446268199,29.36251530171715,39.222957154121495,58.66020423381401,49.601822466253715,1.0,58.66020423381401
Corlu,1999,10,0.28429946975428083,25.95351232424024,25,1999-10-01,0.20169841302660108,0.36435266989032034,19.241494761685853,32.48636379924313,50.783212391968014,49.32363964096794,1.0,50.783212391968014
Corlu,1999,11,0.3481812569249369,15.871179998738437,22,1999-11-01,0.20435000748789292,0.4935412435150586,3.194579634730285,22.621228148469825,49.73568750317625,34.74633385659601,1.0,49.73568750317625
Corlu,1999,12,0.3527530493519867,8.686640904768387,14,1999-12-01,0.06256851578881002,0.5344543884733578,-2.0105655024418456,13.533666795506118,61.49464316706995,31.18215038112625,1.0,61.49464316706995
Corlu,2000,1,0.41533197498004343,7.084920879914376,17,2000-01-01,0.06326247958961419,0.68512309288202,-10.639002805983296,12.345889155207136,56.61549997939526,22.888810111336646,1.0,56.61549997939526
Corlu,2000,2,0.45803997376886524,10.416005991671422,15,2000-02-01,0.22251412267268067,0.6168509423238249,2.382957591593404,14.954545093213866,59.72707577865692,36.10155917824564,1.0,59.72707577865692
Corlu,2000,3,0.48558625794329313,15.873907631092752,17,2000-03-01,0.29057814964684014,0.7343083084629806,9.325230666046364,22.347984227997337,43.94745419529949,49.71357682617996,1.0,43.94745419529949
Corlu,2000,4,0.504964088385389,26.07920042122157,8,2000-04-01,0.3844440608641012,0.6919213789712095,10.856278290354226,26.910374059135574,39.19639609946942,5.177330756493275,1.0,39.19639609946942
Corlu,2000,5,0.636017846788944,27.384563823438718,24,2000-05-01,0.4909232067752119,0.8551348328317281,22.806820877176495,35.21689009775646,39.838003411570725,63.11267193682673,1.0,39.838003411570725
Corlu,2000,6,0.5466085397123956,36.192889946852446,18,2000-06-01,0.3774327501897637,0.6158236085206271,25.157141167179066,41.81771643367115,70.96572020720373,33.76129813555365,1.0,70.96572020720373
Corlu,2000,7,0.3997559987974946,42.01918721003391,24,2000-07-01,0.29293417405586747,0.5462519561154311,31.792404756382567,45.10297927219279,42.16909838430123,23.16798616390275,1.0,42.16909838430123
Corlu,2000,8,0.2507107544030178,39.370373279272506,24,2000-08-01,0.234495969859287,0.5031868410245349,33.2887164321155,46.08196796995675,6.034735930331829,52.46199272195947,1.0,6.034735930331829
Corlu,2000,9,0.2302127210864511,37.18362212605675,23,2000-09-01,0.20824178775672245,0.4079475446268199,29.36251530171715,39.222957154121495,11.001652468145965,20.6819842213002,1.0,11.001652468145965
Corlu,2000,10,0.26350565624169164,23.005950409704287,18,2000-10-01,0.20169841302660108,0.36435266989032034,19.241494761685853,32.48636379924313,37.99915502173183,71.57800777535884,1.0,37.99915502173183
Corlu,2000,11,0.29220683694369,17.644335675353954,23,2000-11-01,0.20435000748789292,0.4935412435150586,3.194579634730285,22.621228148469825,30.38018394428249,25.61889391057831,1.0,30.38018394428249
Corlu,2000,12,0.40944496360486293,9.579261917060377,19,2000-12-01,0.06256851578881002,0.5344543884733578,-2.0105655024418456,13.533666795506118,73.50854685322128,25.439692373664364,1.0,73.50854685322128
Corlu,2001,1,0.4873823639175512,10.896232887041503,15,2001-01-01,0.06326247958961419,0.68512309288202,-10.639002805983296,12.345889155207136,68.20176021157832,6.306996224360553,1.0,68.20176021157832
Corlu,2001,2,0.5504466359873673,13.529789399814211,15,2001-02-01,0.22251412267268067,0.6168509423238249,2.382957591593404,14.954545093213866,83.16051075443498,11.333140649229906,1.0,83.16051075443498
Corlu,2001,3,0.6006830402951627,18.85513481337465,20,2001-03-01,0.29057814964684014,0.7343083084629806,9.325230666046364,22.347984227997337,69.88591703472977,26.821128097116606,1.0,69.88591703472977
Corlu,2001,4,0.6465684872253618,22.18063186647233,18,2001-04-01,0.3844440608641012,0.6919213789712095,10.856278290354226,26.910374059135574,85.25000412223926,29.46128054038808,1.0,85.25000412223926
Corlu,2001,5,0.6168184503555709,26.93872233219008,18,2001-05-01,0.4909232067752119,0.8551348328317281,22.806820877176495,35.21689009775646,34.56650874753332,66.70525053831662,1.0,34.56650874753332
Corlu,2001,6,0.3994751555701624,37.57665935838503,26,2001-06-01,0.3774327501897637,0.6158236085206271,25.157141167179066,41.81771643367115,9.246329970340547,25.4556460833365,1.0,9.246329970340547
Corlu,2001,7,0.35260068410351936,42.92129415744936,28,2001-07-01,0.29293417405586747,0.5462519561154311,31.792404756382567,45.10297927219279,23.554015656754117,16.390615687940723,1.0,23.554015656754117
Corlu,2001,8,0.26278714844706713,42.51636070132778,23,2001-08-01,0.234495969859287,0.5031868410245349,33.2887164321155,46.08196796995675,10.52926676112518,27.871001035837043,1.0,10.52926676112518
Corlu,2001,9,0.24781022365242836,35.29622855135202,22,2001-09-01,0.20824178775672245,0.4079475446268199,29.36251530171715,39.222957154121495,19.81336768445988,39.82304912443643,1.0,19.81336768445988
Corlu,2001,10,0.2426436075735017,23.061311914973523,23,2001-10-01,0.20169841302660108,0.36435266989032034,19.241494761685853,32.48636379924313,25.17314660950237,71.16002323272386,1.0,25.17314660950237
Corlu,2001,11,0.28315836689443336,18.3217313858991,19,2001-11-01,0.20435000748789292,0.4935412435150586,3.194579634730285,22.621228148469825,27.25129588613724,22.131953226671587,1.0,27.25129588613724
Corlu,2001,12,0.10602799359815968,1.0336493935796645,11,2001-12-01,0.06256851578881002,0.5344543884733578,-2.0105655024418456,13.533666795506118,9.209743356398803,80.41579128727132,1.0,9.209743356398803
Corlu,2002,1,0.31605090668868646,6.602535989928074,22,2002-01-01,0.06326247958961419,0.68512309288202,-10.639002805983296,12.345889155207136,40.65033573371021,24.987514298420926,1.0,40.65033573371021
Corlu,2002,2,0.30500776141423924,12.58871926174761,21,2002-02-01,0.22251412267268067,0.6168509423238249,2.382957591593404,14.954545093213866,20.91958818720955,18.818831202990907,1.0,20.91958818720955
Corlu,2002,3,0.36270381211633185,14.943871303257438,14,2002-03-01,0.29057814964684014,0.7343083084629806,9.325230666046364,22.347984227997337,16.254397190833487,56.8552026229902,1.0,16.254397190833487
Corlu,2002,4,0.5964176284922396,22.127144881673782,11,2002-04-01,0.3844440608641012,0.6919213789712095,10.856278290354226,26.910374059135574,68.93957867627111,29.79444776181799,1.0,68.93957867627111
Corlu,2002,5,0.5649373927272726,32.52463475968027,19,2002-05-01,0.4909232067752119,0.8551348328317281,22.806820877176495,35.21689009775646,20.321752700056763,21.694120235941565,1.0,20.321752700056763
Corlu,2002,6,0.5001671757773873,35.97783224747687,20,2002-06-01,0.3774327501897637,0.6158236085206271,25.157141167179066,41.81771643367115,51.48453529089616,35.05211610513544,1.0,51.48453529089616
Corlu,2002,7,0.3895596535829876,43.362073094600504,23,2002-07-01,0.29293417405586747,0.5462519561154311,31.792404756382567,45.10297927219279,38.14397818483987,13.079121231953197,1.0,38.14397818483987
Corlu,2002,8,0.3334911702820698,36.468436177653466,11,2002-08-01,0.234495969859287,0.5031868410245349,33.2887164321155,46.08196796995675,36.84352951533647,75.14533552214893,1.0,36.84352951533647
Corlu,2002,9,0.36186223586884286,30.20024532175319,13,2002-09-01,0.20824178775672245,0.4079475446268199,29.36251530171715,39.222957154121495,76.92339495853685,91.50413305432383,1.0,76.92339495853685
Corlu,2002,10,0.36435266989032034,22.820580338419866,12,2002-10-01,0.20169841302660108,0.36435266989032034,19.241494761685853,32.48636379924313,100.0,72.97756915085289,1.0,100.0
Corlu,2002,11,0.4147365887197564,17.036747195019622,11,2002-11-01,0.20435000748789292,0.4935412435150586,3.194579634730285,22.621228148469825,72.74998513858851,28.74649710937307,1.0,72.74998513858851
Corlu,2002,12,0.3494258531588114,7.599666869042815,6,2002-12-01,0.06256851578881002,0.5344543884733578,-2.0105655024418456,13.533666795506118,60.78955823323904,38.17493082142543,1.0,60.78955823323904
Corlu,2003,1,0.5167998157401531,9.295022834490297,9,2003-01-01,0.06326247958961419,0.68512309288202,-10.639002805983296,12.345889155207136,72.93231416431267,13.273355062395641,1.0,72.93231416431267
Corlu,2003,2,0.37919469167624936,4.147275578149346,8,2003-02-01,0.22251412267268067,0.6168509423238249,2.382957591593404,14.954545093213866,39.73267551890753,85.9658298020952,1.0,39.73267551890753
Corlu,2003,3,0.42823820362807113,12.949789991938104,11,2003-03-01,0.29057814964684014,0.7343083084629806,9.325230666046364,22.347984227997337,31.02337112908984,72.16748893658144,1.0,31.02337112908984
Corlu,2003,4,0.5342524687359027,21.812388448656684,13,2003-04-01,0.3844440608641012,0.6919213789712095,10.856278290354226,26.910374059135574,48.72177524965156,31.755046711459062,1.0,48.72177524965156
Corlu,2003,5,0.5585968533544474,34.096225902812485,10,2003-05-01,0.4909232067752119,0.8551348328317281,22.806820877176495,35.21689009775646,18.580858417939226,9.030281580424614,1.0,18.580858417939226
Corlu,2003,6,0.3875780892486338,41.81771643367115,3,2003-06-01,0.3774327501897637,0.6158236085206271,25.157141167179066,41.81771643367115,4.25575843381937,0.0,1.0,4.25575843381937
Corlu,2003,7,0.36918175055714614,40.983701093232916,16,2003-07-01,0.29293417405586747,0.5462519561154311,31.792404756382567,45.10297927219279,30.099575277092182,30.9474108278874,1.0,30.099575277092182
Corlu,2003,8,0.3066160412914418,41.19005190351167,16,2003-08-01,0.234495969859287,0.5031868410245349,33.2887164321155,46.08196796995675,26.84128088140373,38.238254379469076,1.0,26.84128088140373
Corlu,2003,9,0.2539567978162039,31.106849491700416,20,2003-09-01,0.20824178775672245,0.4079475446268199,29.36251530171715,39.222957154121495,22.891182896253547,82.30977661961535,1.0,22.891182896253547
Corlu,2003,10,0.21451425953864173,27.079601413401814,15,2003-10-01,0.20169841302660108,0.36435266989032034,19.241494761685853,32.48636379924313,7.879195269250455,40.82156169690956,1.0,7.879195269250455
Corlu,2003,11,0.28422515242161317,14.221243319424618,9,2003-11-01,0.20435000748789292,0.4935412435150586,3.194579634730285,22.621228148469825,27.620181728542093,43.23949559855525,1.0,27.620181728542093
Corlu,2003,12,0.369529991035214,7.394674020826118,4,2003-12-01,0.06256851578881002,0.5344543884733578,-2.0105655024418456,13.533666795506118,65.04993961783752,39.493701953298945,1.0,65.04993961783752
Corlu,2004,1,0.15073053671812064,2.6248982045985594,8,2004-01-01,0.06326247958961419,0.68512309288202,-10.639002805983296,12.345889155207136,14.065540614545723,42.29295907512766,1.0,14.065540614545723
Corlu,2004,2,0.46522461040446156,9.786197701997077,11,2004-02-01,0.22251412267268067,0.6168509423238249,2.382957591593404,14.954545093213866,61.549030077003266,41.1113345116565,1.0,61.549030077003266
Corlu,2004,3,0.6028394013214188,11.214057237023388,15,2004-03-01,0.29057814964684014,0.7343083084629806,9.325230666046364,22.347984227997337,70.37187927628874,85.49595089862044,1.0,70.37187927628874
Corlu,2004,4,0.6109213096817996,23.964094514847336,15,2004-04-01,0.3844440608641012,0.6919213789712095,10.856278290354226,26.910374059135574,73.65657090153428,18.35219863343252,1.0,73.65657090153428
Corlu,2004,5,0.5919407934331612,28.045746005786494,13,2004-05-01,0.4909232067752119,0.8551348328317281,22.806820877176495,35.21689009775646,27.73595883023075,57.78488390764056,1.0,27.73595883023075
Corlu,2004,6,0.5786120331577373,29.10284550716975,19,2004-06-01,0.3774327501897637,0.6158236085206271,25.157141167179066,41.81771643367115,84.39051915688658,76.31711824545265,1.0,84.39051915688658
Corlu,2004,7,0.4513540934987941,38.162799068483366,22,2004-07-01,0.29293417405586747,0.5462519561154311,31.792404756382567,45.10297927219279,62.53801772418672,52.14035048198647,1.0,62.53801772418672
Corlu,2004,8,0.3337914765074684,40.01529114556346,18,2004-08-01,0.234495969859287,0.5031868410245349,33.2887164321155,46.08196796995675,36.95529595685948,47.420914115919814,1.0,36.95529595685948
Corlu,2004,9,0.3164305384561682,33.194306116130036,21,2004-09-01,0.20824178775672245,0.4079475446268199,29.36251530171715,39.222957154121495,54.17407709974993,61.13976562339798,1.0,54.17407709974993
Corlu,2004,10,0.31603046469506235,28.212333975507672,11,2004-10-01,0.20169841302660108,0.36435266989032034,19.241494761685853,32.48636379924313,70.29145985663013,32.26932491077094,1.0,70.29145985663013
Corlu,2004,11,0.30784157007814134,13.233640997964988,11,2004-11-01,0.20435000748789292,0.4935412435150586,3.194579634730285,22.621228148469825,35.78654872533093,48.323245998224785,1.0,35.78654872533093
Corlu,2004,12,0.2642030687172955,12.186295448741735,10,2004-12-01,0.06256851578881002,0.5344543884733578,-2.0105655024418456,13.533666795506118,42.729516732804726,8.667982573460726,1.0,42.729516732804726
Corlu,2005,1,0.3395268670985295,9.991971537015889,16,2005-01-01,0.06326247958961419,0.68512309288202,-10.639002805983296,12.345889155207136,44.42545187839589,10.241151544961767,1.0,44.42545187839589
Corlu,2005,2,0.36087852314047403,14.954545093213866,10,2005-02-01,0.22251412267268067,0.6168509423238249,2.382957591593404,14.954545093213866,35.087872491896505,0.0,1.0,35.087872491896505
Corlu,2005,3,0.4337494992917274,20.332235807356557,17,2005-03-01,0.29057814964684014,0.7343083084629806,9.325230666046364,22.347984227997337,32.265408785119405,15.478665176697046,1.0,32.265408785119405
Corlu,2005,4,0.5466340481752779,26.292209993292072,16,2005-04-01,0.3844440608641012,0.6919213789712095,10.856278290354226,26.910374059135574,52.748602176463166,3.8505069033260524,1.0,52.748602176463166
Corlu,2005,5,0.5750191032793065,31.618838053600268,13,2005-05-01,0.4909232067752119,0.8551348328317281,22.806820877176495,35.21689009775646,23.08984405979536,28.99300543940112,1.0,23.08984405979536
Corlu,2005,6,0.5431121655817682,34.672986997766905,24,2005-06-01,0.3774327501897637,0.6158236085206271,25.157141167179066,41.81771643367115,69.49906407990593,42.88405005002316,1.0,69.49906407990593
Corlu,2005,7,0.4329019058798702,39.33515922394375,20,2005-07-01,0.29293417405586747,0.5462519561154311,31.792404756382567,45.10297927219279,55.25381230090336,43.332615293187075,1.0,55.25381230090336
Corlu,2005,8,0.34203598466298635,41.390311353795404,22,2005-08-01,0.234495969859287,0.5031868410245349,33.2887164321155,46.08196796995675,40.0236950132783,36.672902133471396,1.0,40.0236950132783
Corlu,2005,9,0.3100460406792035,37.02192071742419,20,2005-09-01,0.20824178775672245,0.4079475446268199,29.36251530171715,39.222957154121495,50.97712480502083,22.321884451462108,1.0,50.97712480502083
Corlu,2005,10,0.30771637983008826,24.110388205539984,13,2005-10-01,0.20169841302660108,0.36435266989032034,19.241494761685853,32.48636379924313,65.17995215601083,63.23939912091354,1.0,65.17995215601083
Corlu,2005,11,0.2479355651310502,17.54068120741091,8,2005-11-01,0.20435000748789292,0.4935412435150586,3.194579634730285,22.621228148469825,15.071534753931127,26.152462363570784,1.0,15.071534753931127
Corlu,2005,12,,,4,2005-12-01,0.06256851578881002,0.5344543884733578,-2.0105655024418456,13.533666795506118,,,1.0,
Corlu,2006,1,,,2,2006-01-01,0.06326247958961419,0.68512309288202,-10.639002805983296,12.345889155207136,,,1.0,
Corlu,2006,2,0.2820671193841068,5.226321291301958,11,2006-02-01,0.22251412267268067,0.6168509423238249,2.382957591593404,14.954545093213866,15.102063450253144,77.38262013972341,1.0,15.102063450253144
Corlu,2006,3,0.46732710536710176,14.702105127151507,11,2006-03-01,0.29057814964684014,0.7343083084629806,9.325230666046364,22.347984227997337,39.83253159799254,58.71169307223211,1.0,39.83253159799254
Corlu,2006,4,0.5548677086835538,25.457266588796006,11,2006-04-01,0.3844440608641012,0.6919213789712095,10.856278290354226,26.910374059135574,55.426412871237005,9.05131930983785,1.0,55.426412871237005
Corlu,2006,5,0.5726991802735057,35.21689009775646,16,2006-05-01,0.4909232067752119,0.8551348328317281,22.806820877176495,35.21689009775646,22.452872903514713,0.0,1.0,22.452872903514713
Corlu,2006,6,0.49283937246071174,32.637162873698415,19,2006-06-01,0.3774327501897637,0.6158236085206271,25.157141167179066,41.81771643367115,48.41067441888851,55.10346079367834,1.0,48.41067441888851
Corlu,2006,7,0.45965971053012145,36.74547832750209,21,2006-07-01,0.29293417405586747,0.5462519561154311,31.792404756382567,45.10297927219279,65.81675203324303,62.788431369087085,1.0,65.81675203324303
Corlu,2006,8,0.3717177584211555,44.333847081364084,24,2006-08-01,0.234495969859287,0.5031868410245349,33.2887164321155,46.08196796995675,51.07050640268145,13.664398635654798,1.0,51.07050640268145
Corlu,2006,9,0.292377975339811,35.593082755944344,22,2006-09-01,0.20824178775672245,0.4079475446268199,29.36251530171715,39.222957154121495,42.130076218992826,36.8124923052211,1.0,42.130076218992826
Corlu,2006,10,0.28311802198707026,31.371166177175624,11,2006-10-01,0.20169841302660108,0.36435266989032034,19.241494761685853,32.48636379924313,50.056857121598135,8.41984634884075,1.0,50.056857121598135
Corlu,2006,11,0.3410923604015391,17.925449678523975,15,2006-11-01,0.20435000748789292,0.4935412435150586,3.194579634730285,22.621228148469825,47.28440418602487,24.17184038010854,1.0,47.28440418602487
Corlu,2006,12,0.48448246926574423,8.656525944132172,21,2006-12-01,0.06256851578881002,0.5344543884733578,-2.0105655024418456,13.533666795506118,89.410168411416,31.375887582545914,1.0,89.410168411416
Corlu,2007,1,0.30335469078134153,12.345889155207136,15,2007-01-01,0.06326247958961419,0.68512309288202,-10.639002805983296,12.345889155207136,38.608685943393766,0.0,1.0,38.608685943393766
Corlu,2007,2,0.539120232958013,10.396874835131593,18,2007-02-01,0.22251412267268067,0.6168509423238249,2.382957591593404,14.954545093213866,80.2882445939039,36.253736908682335,1.0,80.2882445939039
Corlu,2007,3,0.5614492595523494,15.382657336745687,17,2007-03-01,0.29057814964684014,0.7343083084629806,9.325230666046364,22.347984227997337,61.04410631636707,53.485822780233555,1.0,61.04410631636707
Corlu,2007,4,0.6183002566984248,25.84585306958199,14,2007-04-01,0.3844440608641012,0.6919213789712095,10.856278290354226,26.910374059135574,76.05640548512292,6.63083741921884,1.0,76.05640548512292
Corlu,2007,5,0.5833275392078653,32.31896724683228,19,2007-05-01,0.4909232067752119,0.8551348328317281,22.806820877176495,35.21689009775646,25.371055128897684,23.351383456576333,1.0,25.371055128897684
Corlu,2007,6,0.41462314800891226,40.50250578497828,18,2007-06-01,0.3774327501897637,0.6158236085206271,25.157141167179066,41.81771643367115,15.60059730458787,7.894149077421315,1.0,15.60059730458787
Corlu,2007,7,0.29293417405586747,45.10297927219279,23,2007-07-01,0.29293417405586747,0.5462519561154311,31.792404756382567,45.10297927219279,0.0,0.0,1.0,0.0
Corlu,2007,8,0.23780345909225048,46.08196796995675,24,2007-08-01,0.234495969859287,0.5031868410245349,33.2887164321155,46.08196796995675,1.230964497833399,0.0,1.0,1.230964497833399
Corlu,2007,9,0.23474648615243393,31.926217162303416,11,2007-09-01,0.20824178775672245,0.4079475446268199,29.36251530171715,39.222957154121495,13.271874988036515,74.00013205330002,1.0,13.271874988036515
Corlu,2007,10,0.2879421059839136,24.62130644202844,6,2007-10-01,0.20169841302660108,0.36435266989032034,19.241494761685853,32.48636379924313,53.02270879364214,59.38191865025208,1.0,53.02270879364214
Corlu,2007,11,0.28385011972256585,8.009951565497449,6,2007-11-01,0.20435000748789292,0.4935412435150586,3.194579634730285,22.621228148469825,27.490498442077598,75.21254411247786,1.0,27.490498442077598
Corlu,2007,12,,,4,2007-12-01,0.06256851578881002,0.5344543884733578,-2.0105655024418456,13.533666795506118,,,1.0,
Corlu,2008,1,0.44652827864719496,5.557283080997892,7,2008-01-01,0.06326247958961419,0.68512309288202,-10.639002805983296,12.345889155207136,61.63210707756546,29.535079328072023,1.0,61.63210707756546
Corlu,2008,2,0.44974619936459614,11.97403084460122,9,2008-02-01,0.22251412267268067,0.6168509423238249,2.382957591593404,14.954545093213866,57.62385487942507,23.708336343587963,1.0,57.62385487942507
Corlu,2008,3,0.5893067158813858,18.32687083522871,14,2008-03-01,0.29057814964684014,0.7343083084629806,9.325230666046364,22.347984227997337,67.32212365991644,30.877597227342548,1.0,67.32212365991644
Corlu,2008,4,0.6549660186323372,23.2650071667317,9,2008-04-01,0.3844440608641012,0.6919213789712095,10.856278290354226,26.910374059135574,87.98111009736363,22.70677181017334,1.0,87.98111009736363
Corlu,2008,5,0.6168323134382153,31.52874867173274,20,2008-05-01,0.4909232067752119,0.8551348328317281,22.806820877176495,35.21689009775646,34.57031507376033,29.718943226421125,1.0,34.57031507376033
Corlu,2008,6,0.4233436403873593,36.14843515533304,20,2008-06-01,0.3774327501897637,0.6158236085206271,25.157141167179066,41.81771643367115,19.25866223186953,34.02812440540529,1.0,19.25866223186953
Corlu,2008,7,0.3566237461468372,40.23461543751224,21,2008-07-01,0.29293417405586747,0.5462519561154311,31.792404756382567,45.10297927219279,25.14216395436232,36.57515931335598,1.0,25.14216395436232
Corlu,2008,8,0.29123799770120856,43.59311773444642,20,2008-08-01,0.234495969859287,0.5031868410245349,33.2887164321155,46.08196796995675,21.117958937661328,19.454399283470188,1.0,21.117958937661328
Corlu,2008,9,0.2501150243366465,32.408543738263845,15,2008-09-01,0.20824178775672245,0.4079475446268199,29.36251530171715,39.222957154121495,20.967465954004187,69.10860099231802,1.0,20.967465954004187
Corlu,2008,10,0.3324470172963582,22.071071966693886,5,2008-10-01,0.20169841302660108,0.36435266989032034,19.241494761685853,32.48636379924313,80.3843728352622,78.63642745742177,1.0,80.3843728352622
Corlu,2008,11,0.37803349673162584,15.560426482615542,8,2008-11-01,0.20435000748789292,0.4935412435150586,3.194579634730285,22.621228148469825,60.05835157031442,36.34595880427092,1.0,60.05835157031442
Corlu,2008,12,0.5032757665603662,10.505938659876898,4,2008-12-01,0.06256851578881002,0.5344543884733578,-2.0105655024418456,13.533666795506118,93.39276216606844,19.47814518976867,1.0,93.39276216606844
Corlu,2009,1,0.4858125956876349,11.731674417045475,7,2009-01-01,0.06326247958961419,0.68512309288202,-10.639002805983296,12.345889155207136,67.9493293297437,2.6722541885284934,1.0,67.9493293297437
Corlu,2009,2,0.4668972199693038,7.718353098038008,10,2009-02-01,0.22251412267268067,0.6168509423238249,2.382957591593404,14.954545093213866,61.973187670585816,57.559890461273255,1.0,61.973187670585816
Corlu,2009,3,0.6845865448806286,17.4976104954264,7,2009-03-01,0.29057814964684014,0.7343083084629806,9.325230666046364,22.347984227997337,88.79459450874194,37.24537755780345,1.0,88.79459450874194
Corlu,2009,4,0.624925600906753,21.88759092115663,13,2009-04-01,0.3844440608641012,0.6919213789712095,10.856278290354226,26.910374059135574,78.21114790616234,31.286615019116827,1.0,78.21114790616234
Corlu,2009,5,0.6617352122983367,31.289919853738958,25,2009-05-01,0.4909232067752119,0.8551348328317281,22.806820877176495,35.21689009775646,46.899108458613334,31.643419341330493,1.0,46.899108458613334
Corlu,2009,6,0.4239450768530047,36.32011218784424,23,2009-06-01,0.3774327501897637,0.6158236085206271,25.157141167179066,41.81771643367115,19.51095230282967,32.997685601431485,1.0,19.51095230282967
Corlu,2009,7,0.36524228363644395,40.828223595049394,27,2009-07-01,0.29293417405586747,0.5462519561154311,31.792404756382567,45.10297927219279,28.544427079964876,32.115485864760124,1.0,28.544427079964876
Corlu,2009,8,0.31840510710178527,39.518465130984715,27,2009-08-01,0.234495969859287,0.5031868410245349,33.2887164321155,46.08196796995675,31.22887535352595,51.30441482806621,1.0,31.22887535352595
Corlu,2009,9,0.32278644712435756,34.38265469364826,21,2009-09-01,0.20824178775672245,0.4079475446268199,29.36251530171715,39.222957154121495,57.356713778733436,49.08808888004329,1.0,57.356713778733436
Corlu,2009,10,0.3577832616945212,23.27228880470221,21,2009-10-01,0.20169841302660108,0.36435266989032034,19.241494761685853,32.48636379924313,95.9611212626895,69.56712798302044,1.0,95.9611212626895
Corlu,2009,11,0.31155981240809866,18.4885722322751,17,2009-11-01,0.20435000748789292,0.4935412435150586,3.194579634730285,22.621228148469825,37.07228697280951,21.273128575275837,1.0,37.07228697280951
Corlu,2009,12,,,7,2009-12-01,0.06256851578881002,0.5344543884733578,-2.0105655024418456,13.533666795506118,,,1.0,
Corlu,2010,1,,,3,2010-01-01,0.06326247958961419,0.68512309288202,-10.639002805983296,12.345889155207136,,,1.0,
Corlu,2010,2,0.4951129466077488,10.899875782378192,10,2010-02-01,0.22251412267268067,0.6168509423238249,2.382957591593404,14.954545093213866,69.128422797604,32.25264359264916,1.0,69.128422797604
Corlu,2010,3,0.5314511690932113,16.517791232433712,12,2010-03-01,0.29057814964684014,0.7343083084629806,9.325230666046364,22.347984227997337,54.283670979005265,44.769279920937,1.0,54.283670979005265
Corlu,2010,4,0.5833652502243717,22.065721911410904,20,2010-04-01,0.3844440608641012,0.6919213789712095,10.856278290354226,26.910374059135574,64.6945896968495,30.177047760893124,1.0,64.6945896968495
Corlu,2010,5,0.6966125405256486,32.47735126254618,25,2010-05-01,0.4909232067752119,0.8551348328317281,22.806820877176495,35.21689009775646,56.47522457685606,22.07512936887756,1.0,56.47522457685606
Corlu,2010,6,0.3991685634728235,37.9739890208966,16,2010-06-01,0.3774327501897637,0.6158236085206271,25.157141167179066,41.81771643367115,9.117720971033457,23.070796483871064,1.0,9.117720971033457
Corlu,2010,7,0.4595737648527071,38.19285865065119,23,2010-07-01,0.29293417405586747,0.5462519561154311,31.792404756382567,45.10297927219279,65.78282402522261,51.91451813994806,1.0,65.78282402522261
Corlu,2010,8,0.39042822361510177,40.20627212154456,16,2010-08-01,0.234495969859287,0.5031868410245349,33.2887164321155,46.08196796995675,58.034072047023386,45.92808818799841,1.0,58.034072047023386
Corlu,2010,9,0.31502645176583355,35.420188007244946,17,2010-09-01,0.20824178775672245,0.4079475446268199,29.36251530171715,39.222957154121495,53.47099937563206,38.56591016709147,1.0,53.47099937563206
Corlu,2010,10,0.3562689902977913,25.06285990523805,16,2010-10-01,0.20169841302660108,0.36435266989032034,19.241494761685853,32.48636379924313,95.03014569160523,56.048148705396194,1.0,95.03014569160523
Corlu,2010,11,0.28187681861956987,19.94621876585138,12,2010-11-01,0.20435000748789292,0.4935412435150586,3.194579634730285,22.621228148469825,26.808146815484523,13.769793491278428,1.0,26.808146815484523
Corlu,2010,12,,,7,2010-12-01,0.06256851578881002,0.5344543884733578,-2.0105655024418456,13.533666795506118,,,1.0,
Corlu,2011,1,0.4698225211228199,4.12667960863781,8,2011-01-01,0.06326247958961419,0.68512309288202,-10.639002805983296,12.345889155207136,65.37800157187904,35.75918285997302,1.0,65.37800157187904
Corlu,2011,2,0.5469073833804192,13.711098073915396,13,2011-02-01,0.22251412267268067,0.6168509423238249,2.382957591593404,14.954545093213866,82.2629905558192,9.890930792457128,1.0,82.2629905558192
Corlu,2011,3,0.6076291606964248,17.834655907209726,12,2011-03-01,0.29057814964684014,0.7343083084629806,9.325230666046364,22.347984227997337,71.45130993472877,34.65725047561644,1.0,71.45130993472877
Corlu,2011,4,0.4446369966002232,10.856278290354226,10,2011-04-01,0.3844440608641012,0.6919213789712095,10.856278290354226,26.910374059135574,19.576382448852392,100.0,1.0,19.576382448852392
Corlu,2011,5,0.6412696257722678,30.35219737486518,19,2011-05-01,0.4909232067752119,0.8551348328317281,22.806820877176495,35.21689009775646,41.2799614951682,39.19956155300104,1.0,41.2799614951682
Corlu,2011,6,0.5555401331996934,34.08679730498687,20,2011-06-01,0.3774327501897637,0.6158236085206271,25.157141167179066,41.81771643367115,74.71233765295393,46.402474134448326,1.0,74.71233765295393
Corlu,2011,7,0.3764572143094031,40.369384094610716,18,2011-07-01,0.29293417405586747,0.5462519561154311,31.792404756382567,45.10297927219279,32.97164517013516,35.562666149079725,1.0,32.97164517013516
Corlu,2011,8,0.34872356337077076,40.22502042608064,26,2011-08-01,0.234495969859287,0.5031868410245349,33.2887164321155,46.08196796995675,42.5126439972099,45.78153979503806,1.0,42.5126439972099
Corlu,2011,9,0.2788909548560044,36.384292149277236,24,2011-09-01,0.20824178775672245,0.4079475446268199,29.36251530171715,39.222957154121495,35.37663020162062,28.78841584722784,1.0,35.37663020162062
Corlu,2011,10,0.31297379634476236,23.769317626776452,22,2011-10-01,0.20169841302660108,0.36435266989032034,19.241494761685853,32.48636379924313,68.4122170939516,65.81451389023582,1.0,68.4122170939516
Corlu,2011,11,0.28301104688194706,14.062066412067091,13,2011-11-01,0.20435000748789292,0.4935412435150586,3.194579634730285,22.621228148469825,27.20035381247341,44.05886960043184,1.0,27.20035381247341
Corlu,2011,12,0.408289914096978,8.752514364418058,6,2011-12-01,0.06256851578881002,0.5344543884733578,-2.0105655024418456,13.533666795506118,73.26377378949003,30.758369660489652,1.0,73.26377378949003
Corlu,2012,1,0.36133869706699795,1.6695697093716153,5,2012-01-01,0.06326247958961419,0.68512309288202,-10.639002805983296,12.345889155207136,47.9329629672534,46.44929140351101,1.0,47.9329629672534
Corlu,2012,2,0.3752441543411074,7.290196997219688,8,2012-02-01,0.22251412267268067,0.6168509423238249,2.382957591593404,14.954545093213866,38.73085749475324,60.96563457086269,1.0,38.73085749475324
Corlu,2012,3,0.4654363341011843,21.758805397280963,10,2012-03-01,0.29057814964684014,0.7343083084629806,9.325230666046364,22.347984227997337,39.40642324624967,4.524226216165208,1.0,39.40642324624967
Corlu,2012,4,0.6919213789712095,23.3903841015303,10,2012-04-01,0.3844440608641012,0.6919213789712095,10.856278290354226,26.910374059135574,100.0,21.925806400446504,1.0,100.0
Corlu,2012,5,0.6571865318895775,31.984196395401227,10,2012-05-01,0.4909232067752119,0.8551348328317281,22.806820877176495,35.21689009775646,45.65019708859209,26.048957865556204,1.0,45.65019708859209
Corlu,2012,6,0.599015553294198,35.72523073696375,12,2012-06-01,0.3774327501897637,0.6158236085206271,25.157141167179066,41.81771643367115,92.94937090116888,36.56827930161972,1.0,92.94937090116888
Corlu,2012,7,0.3678574459146159,42.95241476697886,14,2012-07-01,0.29293417405586747,0.5462519561154311,31.792404756382567,45.10297927219279,29.57679135258314,16.156812034367867,1.0,29.57679135258314
Corlu,2012,8,0.29919352188090487,43.92804359523106,10,2012-08-01,0.234495969859287,0.5031868410245349,33.2887164321155,46.08196796995675,24.078805409740976,16.83641073072457,1.0,24.078805409740976
Corlu,2012,9,0.2587613718861967,36.815046874696904,9,2012-09-01,0.20824178775672245,0.4079475446268199,29.36251530171715,39.222957154121495,25.297009420882993,24.41990242899158,1.0,25.297009420882993
Corlu,2012,10,0.3049061042445596,30.622343953547286,13,2012-10-01,0.20169841302660108,0.36435266989032034,19.241494761685853,32.48636379924313,63.452191911848736,14.073524173098358,1.0,63.452191911848736
Corlu,2012,11,0.36440515763502834,12.960928679390074,6,2012-11-01,0.20435000748789292,0.4935412435150586,3.194579634730285,22.621228148469825,55.34578168617128,49.727051283434115,1.0,55.34578168617128
Corlu,2012,12,0.3589138969275932,9.676363667429582,4,2012-12-01,0.06256851578881002,0.5344543884733578,-2.0105655024418456,13.533666795506118,62.80022316686049,24.81501211601006,1.0,62.80022316686049
Corlu,2013,1,0.06326247958961419,6.007635982352992,5,2013-01-01,0.06326247958961419,0.68512309288202,-10.639002805983296,12.345889155207136,0.0,27.57573619904835,1.0,0.0
Corlu,2013,2,0.4800716099975215,10.1030140680598,8,2013-02-01,0.22251412267268067,0.6168509423238249,2.382957591593404,14.954545093213866,65.31408544418775,38.59123618658908,1.0,65.31408544418775
Corlu,2013,3,0.6570845450806704,13.52943809858369,3,2013-03-01,0.29057814964684014,0.7343083084629806,9.325230666046364,22.347984227997337,82.59668362674716,67.71644788840278,1.0,82.59668362674716
Corlu,2013,4,0.6652751720183678,22.79599354797704,11,2013-04-01,0.3844440608641012,0.6919213789712095,10.856278290354226,26.910374059135574,91.33392761557793,25.628229521087825,1.0,91.33392761557793
Corlu,2013,5,0.6857889028907492,32.9632705318664,23,2013-05-01,0.4909232067752119,0.8551348328317281,22.806820877176495,35.21689009775646,53.503425529117855,18.159605122530838,1.0,53.503425529117855
Corlu,2013,6,0.47312025427377025,33.876442027107444,26,2013-06-01,0.3774327501897637,0.6158236085206271,25.157141167179066,41.81771643367115,40.138915038093266,47.665067259323735,1.0,40.138915038093266
Corlu,2013,7,0.4277636633487545,41.329738851492245,28,2013-07-01,0.29293417405586747,0.5462519561154311,31.792404756382567,45.10297927219279,53.22543415494773,28.347690148300607,1.0,53.22543415494773
Corlu,2013,8,0.32646846684833325,39.82447336233833,26,2013-08-01,0.234495969859287,0.5031868410245349,33.2887164321155,46.08196796995675,34.22985551767485,48.91246442790037,1.0,34.22985551767485
Corlu,2013,9,0.2789606338612778,34.260209085253265,18,2013-09-01,0.20824178775672245,0.4079475446268199,29.36251530171715,39.222957154121495,35.41152103619917,50.329875102484635,1.0,35.41152103619917
Corlu,2013,10,0.3519729030140983,23.42018405996612,14,2013-10-01,0.20169841302660108,0.36435266989032034,19.241494761685853,32.48636379924313,92.38890692753617,68.45050497342679,1.0,92.38890692753617
Corlu,2013,11,0.3806424525841978,18.48349580976718,23,2013-11-01,0.20435000748789292,0.4935412435150586,3.194579634730285,22.621228148469825,60.96050748914969,21.29925980683814,1.0,60.96050748914969
Corlu,2013,12,0.4626260377041644,8.397289488863146,23,2013-12-01,0.06256851578881002,0.5344543884733578,-2.0105655024418456,13.533666795506118,84.77844857686381,33.04362163528037,1.0,84.77844857686381
Corlu,2014,1,0.68512309288202,10.900323819095586,21,2014-01-01,0.06326247958961419,0.68512309288202,-10.639002805983296,12.345889155207136,100.0,6.289197872029853,1.0,100.0
Corlu,2014,2,0.6168509423238249,13.51951073982815,17,2014-02-01,0.22251412267268067,0.6168509423238249,2.382957591593404,14.954545093213866,99.99999999999999,11.4149016836636,1.0,99.99999999999999
Corlu,2014,3,0.7343083084629806,18.82566678403893,15,2014-03-01,0.29057814964684014,0.7343083084629806,9.325230666046364,22.347984227997337,100.0,27.04740919193682,1.0,100.0
Corlu,2014,4,0.6880762377337966,20.083747798238964,18,2014-04-01,0.3844440608641012,0.6919213789712095,10.856278290354226,26.910374059135574,98.74945532207565,42.52264568006132,1.0,98.74945532207565
Corlu,2014,5,0.7073776443528763,28.70025135643441,25,2014-05-01,0.4909232067752119,0.8551348328317281,22.806820877176495,35.21689009775646,59.430952251940546,52.5108976065607,1.0,59.430952251940546
Corlu,2014,6,0.49190616184332747,32.63422416947066,24,2014-06-01,0.3774327501897637,0.6158236085206271,25.157141167179066,41.81771643367115,48.01921200127808,55.12109946569744,1.0,48.01921200127808
Corlu,2014,7,0.4588748275783742,37.19420335775691,25,2014-07-01,0.29293417405586747,0.5462519561154311,31.792404756382567,45.10297927219279,65.50691079534576,59.417239316318614,1.0,65.50691079534576
Corlu,2014,8,0.41021569055037527,36.71635532879714,26,2014-08-01,0.234495969859287,0.5031868410245349,33.2887164321155,46.08196796995675,65.39847071433203,73.20744545244807,1.0,65.39847071433203
Corlu,2014,9,0.38204689918994167,29.686734638809963,26,2014-09-01,0.20824178775672245,0.4079475446268199,29.36251530171715,39.222957154121495,87.03059649215528,96.71191877660374,1.0,87.03059649215528
Corlu,2014,10,0.30671423810781046,25.5184987086671,23,2014-10-01,0.20169841302660108,0.36435266989032034,19.241494761685853,32.48636379924313,64.56383442162074,52.60803312450947,1.0,64.56383442162074
Corlu,2014,11,0.3468455018458769,16.973688091185895,19,2014-11-01,0.20435000748789292,0.4935412435150586,3.194579634730285,22.621228148469825,49.27379415626497,29.071098153084378,1.0,49.27379415626497
Corlu,2014,12,0.5251822280701385,12.969327665380806,17,2014-12-01,0.06256851578881002,0.5344543884733578,-2.0105655024418456,13.533666795506118,98.03508412945905,3.6305371620045315,1.0,98.03508412945905
Corlu,2015,1,0.4937875032464703,5.566373367296027,20,2015-01-01,0.06326247958961419,0.68512309288202,-10.639002805983296,12.345889155207136,69.23175619331569,29.495530365590568,1.0,69.23175619331569
Corlu,2015,2,0.5558271940630611,8.57890234404243,16,2015-02-01,0.22251412267268067,0.6168509423238249,2.382957591593404,14.954545093213866,84.52496819476576,50.71469890616141,1.0,84.52496819476576
Corlu,2015,3,0.5616871833720084,18.280320770901216,25,2015-03-01,0.29057814964684014,0.7343083084629806,9.325230666046364,22.347984227997337,61.09772534922565,31.235049006692048,1.0,61.09772534922565
Corlu,2015,4,0.6517303806531579,19.874295395448563,23,2015-04-01,0.3844440608641012,0.6919213789712095,10.856278290354226,26.910374059135574,86.92879248281616,43.82731213905742,1.0,86.92879248281616
Corlu,2015,5,0.6188279462621232,30.891522153644306,25,2015-05-01,0.4909232067752119,0.8551348328317281,22.806820877176495,35.21689009775646,35.1182472871044,34.85369716503496,1.0,35.1182472871044
Corlu,2015,6,0.5399390537018032,32.314171384277216,25,2015-06-01,0.3774327501897637,0.6158236085206271,25.157141167179066,41.81771643367115,68.1680097340379,57.04211827851803,1.0,68.1680097340379
Corlu,2015,7,0.45765166345529656,40.56756224777499,28,2015-07-01,0.29293417405586747,0.5462519561154311,31.792404756382567,45.10297927219279,65.02405321103689,34.07378861844514,1.0,65.02405321103689
Corlu,2015,8,0.3359357297977819,42.938368532802976,28,2015-08-01,0.234495969859287,0.5031868410245349,33.2887164321155,46.08196796995675,37.753333225864715,24.572325712937786,1.0,37.753333225864715
Corlu,2015,9,0.351081171586044,36.09840923763932,24,2015-09-01,0.20824178775672245,0.4079475446268199,29.36251530171715,39.222957154121495,71.52492049702614,31.68770693293313,1.0,71.52492049702614
Corlu,2015,10,0.3366502399599166,25.48918044312381,19,2015-10-01,0.20169841302660108,0.36435266989032034,19.241494761685853,32.48636379924313,82.96851833787889,52.82938877144077,1.0,82.96851833787889
Corlu,2015,11,0.37119791927000695,17.50140609536727,23,2015-11-01,0.20435000748789292,0.4935412435150586,3.194579634730285,22.621228148469825,57.694663944256206,26.354633685175035,1.0,57.694663944256206
Corlu,2015,12,0.5099286890757109,10.749454947866345,26,2015-12-01,0.06256851578881002,0.5344543884733578,-2.0105655024418456,13.533666795506118,94.80262054506511,17.911542971519562,1.0,94.80262054506511
Corlu,2016,1,0.6269855580252673,6.988819525281669,22,2016-01-01,0.06326247958961419,0.68512309288202,-10.639002805983296,12.345889155207136,90.65103439355215,23.30691673021905,1.0,90.65103439355215
Corlu,2016,2,,,16,2016-02-01,0.22251412267268067,0.6168509423238249,2.382957591593404,14.954545093213866,,,1.0,
Corlu,2016,3,0.6920212631853888,21.546983669149345,23,2016-03-01,0.29057814964684014,0.7343083084629806,9.325230666046364,22.347984227997337,90.47009890190643,6.150777214953241,1.0,90.47009890190643
Corlu,2016,4,0.6819401135639067,26.85678509849535,22,2016-04-01,0.3844440608641012,0.6919213789712095,10.856278290354226,26.910374059135574,96.75382058463711,0.3338024228336267,1.0,96.75382058463711
Corlu,2016,5,0.670708679391131,26.725502639287463,25,2016-05-01,0.4909232067752119,0.8551348328317281,22.806820877176495,35.21689009775646,49.36291423822398,68.42336902027503,1.0,49.36291423822398
Corlu,2016,6,0.488550377837658,37.021086888238116,21,2016-06-01,0.3774327501897637,0.6158236085206271,25.157141167179066,41.81771643367115,46.61153050326862,28.7902996667832,1.0,46.61153050326862
Corlu,2016,7,0.4202221657020943,42.308139870486315,28,2016-07-01,0.29293417405586747,0.5462519561154311,31.792404756382567,45.10297927219279,50.248344435724256,20.997135761396184,1.0,50.248344435724256
Corlu,2016,8,0.3011573385603757,42.80539768392406,28,2016-08-01,0.234495969859287,0.5031868410245349,33.2887164321155,46.08196796995675,24.809688699878155,25.61170845692275,1.0,24.809688699878155
Corlu,2016,9,0.2651429140379927,36.194412309139,23,2016-09-01,0.20824178775672245,0.4079475446268199,29.36251530171715,39.222957154121495,28.49248172564336,30.71408858056422,1.0,28.49248172564336
Corlu,2016,10,0.28408043155521523,27.710663059534046,24,2016-10-01,0.20169841302660108,0.36435266989032034,19.241494761685853,32.48636379924313,50.648547487840034,36.05698724666179,1.0,50.648547487840034
Corlu,2016,11,0.3164369571292002,20.27882818764005,27,2016-11-01,0.20435000748789292,0.4935412435150586,3.194579634730285,22.621228148469825,38.758764332255986,12.057663776503238,1.0,38.758764332255986
Corlu,2016,12,0.37747182273849794,6.6933358875911,22,2016-12-01,0.06256851578881002,0.5344543884733578,-2.0105655024418456,13.533666795506118,66.73293802126568,44.00558854757998,1.0,66.73293802126568
Corlu,2017,1,0.310485917983907,6.436462491205116,24,2017-01-01,0.06326247958961419,0.68512309288202,-10.639002805983296,12.345889155207136,39.755442475345454,25.71004759987551,1.0,39.755442475345454
Corlu,2017,2,0.3772337282119271,13.157137040183084,18,2017-02-01,0.22251412267268067,0.6168509423238249,2.382957591593404,14.954545093213866,39.23539416788961,14.2973833081868,1.0,39.23539416788961
Corlu,2017,3,0.5450292840004343,14.177503936691622,20,2017-03-01,0.29057814964684014,0.7343083084629806,9.325230666046364,22.347984227997337,57.343664679557186,62.74003614087952,1.0,57.343664679557186
Corlu,2017,4,0.6739466528487474,26.031713068671667,26,2017-04-01,0.3844440608641012,0.6919213789712095,10.856278290354226,26.910374059135574,94.15412940599388,5.4731266283619835,1.0,94.15412940599388
Corlu,2017,5,0.6696605530817736,29.625133941183947,25,2017-05-01,0.4909232067752119,0.8551348328317281,22.806820877176495,35.21689009775646,49.075134762124904,45.05821891226479,1.0,49.075134762124904
Corlu,2017,6,0.5926267767289284,37.02604052186098,26,2017-06-01,0.3774327501897637,0.6158236085206271,25.157141167179066,41.81771643367115,90.26941219385863,28.760566998231088,1.0,90.26941219385863
Corlu,2017,7,0.4465947314200825,40.298792722844695,24,2017-07-01,0.29293417405586747,0.5462519561154311,31.792404756382567,45.10297927219279,60.659206832974796,36.0930066815802,1.0,60.659206832974796
Corlu,2017,8,0.41087356208645603,38.30959097146032,26,2017-08-01,0.234495969859287,0.5031868410245349,33.2887164321155,46.08196796995675,65.64331399212101,60.75372609931466,1.0,65.64331399212101
Corlu,2017,9,0.4079475446268199,39.222957154121495,28,2017-09-01,0.20824178775672245,0.4079475446268199,29.36251530171715,39.222957154121495,100.0,0.0,1.0,100.0
Corlu,2017,10,0.33734082970132345,27.653405515956763,27,2017-10-01,0.20169841302660108,0.36435266989032034,19.241494761685853,32.48636379924313,83.3930936024448,36.48928705585524,1.0,83.3930936024448
Corlu,2017,11,0.4935412435150586,15.70602122423546,25,2017-11-01,0.20435000748789292,0.4935412435150586,3.194579634730285,22.621228148469825,100.0,35.59649992814545,1.0,100.0
Corlu,2017,12,0.5344543884733578,11.0891736169458,22,2017-12-01,0.06256851578881002,0.5344543884733578,-2.0105655024418456,13.533666795506118,100.0,15.726046366941018,1.0,100.0
Corlu,2018,1,0.5509681010348028,7.06008464850774,22,2018-01-01,0.06326247958961419,0.68512309288202,-10.639002805983296,12.345889155207136,78.42683891218945,22.99686470410381,1.0,78.42683891218945
Corlu,2018,2,0.5779817757623422,13.387895562403127,16,2018-02-01,0.22251412267268067,0.6168509423238249,2.382957591593404,14.954545093213866,90.14315564144663,12.461827359582072,1.0,90.14315564144663
Corlu,2018,3,0.6719190190582419,17.97409758868758,22,2018-03-01,0.29057814964684014,0.7343083084629806,9.325230666046364,22.347984227997337,85.93981315780033,33.586496269798815,1.0,85.93981315780033
Corlu,2018,4,0.6422199120117558,24.271792527752734,26,2018-04-01,0.3844440608641012,0.6919213789712095,10.856278290354226,26.910374059135574,83.83572900094683,16.43556615947067,1.0,83.83572900094683
Corlu,2018,5,0.5606628147082383,28.6044392556969,23,2018-05-01,0.4909232067752119,0.8551348328317281,22.806820877176495,35.21689009775646,19.14810042944775,53.28294890647305,1.0,19.14810042944775
Corlu,2018,6,0.6076690008443125,33.13988532100663,26,2018-06-01,0.3774327501897637,0.6158236085206271,25.157141167179066,41.81771643367115,96.57931191933677,52.086023284666894,1.0,96.57931191933677
Corlu,2018,7,0.5462519561154311,38.20570720562854,28,2018-07-01,0.29293417405586747,0.5462519561154311,31.792404756382567,45.10297927219279,100.0,51.817989211297444,1.0,100.0
Corlu,2018,8,0.5031868410245349,36.69708736418844,28,2018-08-01,0.234495969859287,0.5031868410245349,33.2887164321155,46.08196796995675,100.0,73.35805583130062,1.0,100.0
Corlu,2018,9,0.3673795918018948,34.72229719945039,26,2018-09-01,0.20824178775672245,0.4079475446268199,29.36251530171715,39.222957154121495,79.68613751514766,45.64359307664978,1.0,79.68613751514766
Corlu,2018,10,0.34964244792828164,24.3607666794643,23,2018-10-01,0.20169841302660108,0.36435266989032034,19.241494761685853,32.48636379924313,90.95614080708398,61.34901822538077,1.0,90.95614080708398
Corlu,2018,11,0.3838673353161151,17.711065032787438,21,2018-11-01,0.20435000748789292,0.4935412435150586,3.194579634730285,22.621228148469825,62.07564596160823,25.275399985796128,1.0,62.07564596160823
Corlu,2018,12,0.5047755177602495,2.191436615824486,13,2018-12-01,0.06256851578881002,0.5344543884733578,-2.0105655024418456,13.533666795506118,93.71058291186684,72.96745160697934,1.0,93.71058291186684
Corlu,2019,1,0.5956317682495386,11.033362558438064,14,2019-01-01,0.06326247958961419,0.68512309288202,-10.639002805983296,12.345889155207136,85.60910231013432,5.710388367216382,1.0,85.60910231013432
Corlu,2019,2,0.5006865906586287,13.868909398959795,22,2019-02-01,0.22251412267268067,0.6168509423238249,2.382957591593404,14.954545093213866,70.54184497203111,8.635629303889695,1.0,70.54184497203111
Corlu,2019,3,0.6494492604490859,18.889668980751345,24,2019-03-01,0.29057814964684014,0.7343083084629806,9.325230666046364,22.347984227997337,80.87597916709196,26.555944799188016,1.0,80.87597916709196
Corlu,2019,4,0.6579727228270881,20.207027124893813,19,2019-04-01,0.3844440608641012,0.6919213789712095,10.856278290354226,26.910374059135574,88.95897220870918,41.75474614569716,1.0,88.95897220870918
Corlu,2019,5,0.7210613851695431,27.612444940992447,28,2019-05-01,0.4909232067752119,0.8551348328317281,22.806820877176495,35.21689009775646,63.188037374353264,61.27641209408688,1.0,63.188037374353264
Corlu,2019,6,0.5451799062493352,35.896724738307675,27,2019-06-01,0.3774327501897637,0.6158236085206271,25.157141167179066,41.81771643367115,70.36643822421861,35.538939086166096,1.0,70.36643822421861
Corlu,2019,7,0.41600536339193256,42.01734281767431,26,2019-07-01,0.29293417405586747,0.5462519561154311,31.792404756382567,45.10297927219279,48.583715022077236,23.181842758577982,1.0,48.583715022077236
Corlu,2019,8,0.32652663163084344,41.78966190324138,26,2019-08-01,0.234495969859287,0.5031868410245349,33.2887164321155,46.08196796995675,34.25150299019893,33.55133019951282,1.0,34.25150299019893
Corlu,2019,9,0.2913581746903142,36.840016238060834,22,2019-09-01,0.20824178775672245,0.4079475446268199,29.36251530171715,39.222957154121495,41.619424615614086,24.166674797434265,1.0,41.619424615614086
Corlu,2019,10,0.28555872956360595,31.007098009486587,27,2019-10-01,0.20169841302660108,0.36435266989032034,19.241494761685853,32.48636379924313,51.55740658375003,11.168595065469674,1.0,51.55740658375003
Corlu,2019,11,0.49012453229389624,20.414156378526265,26,2019-11-01,0.20435000748789292,0.4935412435150586,3.194579634730285,22.621228148469825,98.81852878112757,11.361052671450786,1.0,98.81852878112757
Corlu,2019,12,0.3941358798108818,12.57199438717548,21,2019-12-01,0.06256851578881002,0.5344543884733578,-2.0105655024418456,13.533666795506118,70.26431245669481,6.186683201187051,1.0,70.26431245669481
Corlu,2020,1,0.4909277919552758,8.509705951152045,22,2020-01-01,0.06326247958961419,0.68512309288202,-10.639002805983296,12.345889155207136,68.77189248269188,16.690020603674867,1.0,68.77189248269188
Corlu,2020,2,0.5346229135039416,9.44323452236258,18,2020-02-01,0.22251412267268067,0.6168509423238249,2.382957591593404,14.954545093213866,79.14776791763259,43.83941622440988,1.0,79.14776791763259
Corlu,2020,3,0.5961395694056726,15.186197550915557,22,2020-03-01,0.29057814964684014,0.7343083084629806,9.325230666046364,22.347984227997337,68.86199048855767,54.99441145846927,1.0,68.86199048855767
Corlu,2020,4,0.6840782797763225,26.250656075469166,25,2020-04-01,0.3844440608641012,0.6919213789712095,10.856278290354226,26.910374059135574,97.44921048382668,4.109343766026918,1.0,97.44921048382668
Corlu,2020,5,0.6682339970607867,25.922490132961492,25,2020-05-01,0.4909232067752119,0.8551348328317281,22.806820877176495,35.21689009775646,48.683451488190755,74.89402193971492,1.0,48.683451488190755
Corlu,2020,6,0.5263509866945983,30.963159485447417,26,2020-06-01,0.3774327501897637,0.6158236085206271,25.157141167179066,41.81771643367115,62.46809862908021,65.15115339417198,1.0,62.46809862908021
Corlu,2020,7,0.5072434758043709,38.129218292278104,25,2020-07-01,0.29293417405586747,0.5462519561154311,31.792404756382567,45.10297927219279,84.60097037250706,52.39263693412552,1.0,84.60097037250706
Corlu,2020,8,0.34667134847691433,38.76461947307946,26,2020-08-01,0.234495969859287,0.5031868410245349,33.2887164321155,46.08196796995675,41.74886110985073,57.19694070919539,1.0,41.74886110985073
Corlu,2020,9,0.2789966314340198,37.2025607138576,28,2020-09-01,0.20824178775672245,0.4079475446268199,29.36251530171715,39.222957154121495,35.4295463416817,20.489917901308306,1.0,35.4295463416817
Corlu,2020,10,0.29890369211220474,30.131103286680947,27,2020-10-01,0.20169841302660108,0.36435266989032034,19.241494761685853,32.48636379924313,59.76190292212741,17.782437152708596,1.0,59.76190292212741
Corlu,2020,11,0.3757903805814646,13.019252216537186,19,2020-11-01,0.20435000748789292,0.4935412435150586,3.194579634730285,22.621228148469825,59.282700073755734,49.42682689266561,1.0,59.282700073755734
Corlu,2020,12,0.48892331505454206,11.500150852764556,11,2020-12-01,0.06256851578881002,0.5344543884733578,-2.0105655024418456,13.533666795506118,90.35125311978709,13.082125278132985,1.0,90.35125311978709
Corlu,2021,1,0.5539814676767788,8.913241060493682,16,2021-01-01,0.06326247958961419,0.68512309288202,-10.639002805983296,12.345889155207136,78.9114115925562,14.93436688982231,1.0,78.9114115925562
Corlu,2021,2,0.6059774952252989,12.91221565138224,25,2021-02-01,0.22251412267268067,0.6168509423238249,2.382957591593404,14.954545093213866,97.24259907858837,16.24559699853636,1.0,97.24259907858837
Corlu,2021,3,0.5905914827298613,16.24974981084537,25,2021-03-01,0.29057814964684014,0.7343083084629806,9.325230666046364,22.347984227997337,67.61166152948637,46.82753450060968,1.0,67.61166152948637
Corlu,2021,4,0.6679258291305463,20.974595789362358,24,2021-04-01,0.3844440608641012,0.6919213789712095,10.856278290354226,26.910374059135574,92.19599351640485,36.97360695527853,1.0,92.19599351640485
Corlu,2021,5,0.6415791322904741,28.718197895968505,24,2021-05-01,0.4909232067752119,0.8551348328317281,22.806820877176495,35.21689009775646,41.36494135195024,52.36628487946701,1.0,41.36494135195024
Corlu,2021,6,0.6158236085206271,30.840718065370027,25,2021-06-01,0.3774327501897637,0.6158236085206271,25.157141167179066,41.81771643367115,100.0,65.88607051509304,1.0,100.0
Corlu,2021,7,0.4901422162148788,38.80896639022754,28,2021-07-01,0.29293417405586747,0.5462519561154311,31.792404756382567,45.10297927219279,77.85005875057007,47.285809297632184,1.0,77.85005875057007
Corlu,2021,8,0.36239835689339234,40.54662245322743,28,2021-08-01,0.234495969859287,0.5031868410245349,33.2887164321155,46.08196796995675,47.60205900536305,43.267698601534434,1.0,47.60205900536305
Corlu,2021,9,0.31886110165112935,29.36251530171715,27,2021-09-01,0.20824178775672245,0.4079475446268199,29.36251530171715,39.222957154121495,55.39114927285817,100.0,1.0,55.39114927285817
Corlu,2021,10,0.2716271272581031,22.907306473792936,23,2021-10-01,0.20169841302660108,0.36435266989032034,19.241494761685853,32.48636379924313,42.99224353537343,72.32277871746204,1.0,42.99224353537343
Corlu,2021,11,0.3417550900780505,16.233581911642386,25,2021-11-01,0.20435000748789292,0.4935412435150586,3.194579634730285,22.621228148469825,47.5135707699144,32.88084525907679,1.0,47.5135707699144
Corlu,2021,12,0.41042249710066736,10.18697533194532,38,2021-12-01,0.06256851578881002,0.5344543884733578,-2.0105655024418456,13.533666795506118,73.7157014964072,21.53011740568625,1.0,73.7157014964072
Corlu,2022,1,0.46547454371770064,7.191487691135716,32,2022-01-01,0.06326247958961419,0.68512309288202,-10.639002805983296,12.345889155207136,64.67881315052219,22.425171598694185,1.0,64.67881315052219
Corlu,2022,2,0.4691408321463459,9.567987574300206,34,2022-02-01,0.22251412267268067,0.6168509423238249,2.382957591593404,14.954545093213866,62.542145998907,42.8470749475302,1.0,62.542145998907
Corlu,2022,3,0.4763256542705881,12.997916324707752,27,2022-03-01,0.29057814964684014,0.7343083084629806,9.325230666046364,22.347984227997337,41.86046427840674,71.79793320060973,1.0,41.86046427840674
Corlu,2022,4,0.5778953837159501,25.46338982553625,26,2022-04-01,0.3844440608641012,0.6919213789712095,10.856278290354226,26.910374059135574,62.9156401007963,9.01317803530932,1.0,62.9156401007963
Corlu,2022,5,0.6673595267217953,31.339029839322603,35,2022-05-01,0.4909232067752119,0.8551348328317281,22.806820877176495,35.21689009775646,48.44335197559155,31.247692414181657,1.0,48.44335197559155
Corlu,2022,6,0.5584930119275976,34.632675253175464,42,2022-06-01,0.3774327501897637,0.6158236085206271,25.157141167179066,41.81771643367115,75.9510087784238,43.12600894968083,1.0,75.9510087784238
Corlu,2022,7,0.4382190339803903,40.492266057956805,45,2022-07-01,0.29293417405586747,0.5462519561154311,31.792404756382567,45.10297927219279,57.352807506565576,34.639475619624136,1.0,57.352807506565576
Corlu,2022,8,0.3376011315290132,37.44784632702889,39,2022-08-01,0.234495969859287,0.5031868410245349,33.2887164321155,46.08196796995675,38.37315396037976,67.48965747596635,1.0,38.37315396037976
Corlu,2022,9,0.3150587344224473,33.149438921981584,37,2022-09-01,0.20824178775672245,0.4079475446268199,29.36251530171715,39.222957154121495,53.48716448630274,61.594787769667334,1.0,53.48716448630274
Corlu,2022,10,0.28621912062499416,27.90484438994004,42,2022-10-01,0.20169841302660108,0.36435266989032034,19.241494761685853,32.48636379924313,51.963415669599854,34.59090004070023,1.0,51.963415669599854
Corlu,2022,11,0.27921718363470593,20.056046983015328,39,2022-11-01,0.20435000748789292,0.4935412435150586,3.194579634730285,22.621228148469825,25.88846646092008,13.20444524252481,1.0,25.88846646092008
Corlu,2022,12,0.5170655130858173,10.652388711927175,22,2022-12-01,0.06256851578881002,0.5344543884733578,-2.0105655024418456,13.533666795506118,96.31502522238786,18.53599475581247,1.0,96.31502522238786
Corlu,2023,1,0.5064315257692746,10.915060256011534,23,2023-01-01,0.06326247958961419,0.68512309288202,-10.639002805983296,12.345889155207136,71.26501288340599,6.225084292810816,1.0,71.26501288340599
Corlu,2023,2,0.4706004996899626,12.608977873897013,21,2023-02-01,0.22251412267268067,0.6168509423238249,2.382957591593404,14.954545093213866,62.912303557338404,18.657685189038478,1.0,62.912303557338404
Corlu,2023,3,0.6382809304959999,21.43943837094502,20,2023-03-01,0.29057814964684014,0.7343083084629806,9.325230666046364,22.347984227997337,78.3590598792791,6.976603317648942,1.0,78.3590598792791
Corlu,2023,4,0.6636138057515939,19.30249910530117,20,2023-04-01,0.3844440608641012,0.6919213789712095,10.856278290354226,26.910374059135574,90.79360604746955,47.388996947611396,1.0,90.79360604746955
Corlu,2023,5,0.8551348328317281,26.217767046667806,25,2023-05-01,0.4909232067752119,0.8551348328317281,22.806820877176495,35.21689009775646,100.0,72.5146886059681,1.0,100.0
Corlu,2023,6,0.4365305850551034,35.57430765017566,23,2023-06-01,0.3774327501897637,0.6158236085206271,25.157141167179066,41.81771643367115,24.790310869772377,37.47414890320321,1.0,24.790310869772377
Corlu,2023,7,0.43700444980957764,42.3040259774424,26,2023-07-01,0.29293417405586747,0.5462519561154311,31.792404756382567,45.10297927219279,56.873336953437544,21.02804271465375,1.0,56.873336953437544
Corlu,2023,8,0.31041251741423936,43.632563425460724,28,2023-08-01,0.234495969859287,0.5031868410245349,33.2887164321155,46.08196796995675,28.25423402950777,19.146067262500978,1.0,28.25423402950777
Corlu,2023,9,0.26723819352637607,37.0911089503415,27,2023-09-01,0.20824178775672245,0.4079475446268199,29.36251530171715,39.222957154121495,29.541665044753312,21.620209679145063,1.0,29.541665044753312
Corlu,2023,10,0.24537234290248636,32.48636379924313,28,2023-10-01,0.20169841302660108,0.36435266989032034,19.241494761685853,32.48636379924313,26.850775822287712,0.0,1.0,26.850775822287712
Corlu,2023,11,0.4395892747039459,18.259809413877086,24,2023-11-01,0.20435000748789292,0.4935412435150586,3.194579634730285,22.621228148469825,81.34384376501484,22.45070080671978,1.0,81.34384376501484
Corlu,2023,12,0.46642107664819293,11.812767118656279,13,2023-12-01,0.06256851578881002,0.5344543884733578,-2.0105655024418456,13.533666795506118,85.58267670991613,11.070985326673354,1.0,85.58267670991613
Corlu,2024,1,0.5022446130505771,10.79895623339085,15,2024-01-01,0.06326247958961419,0.68512309288202,-10.639002805983296,12.345889155207136,70.5917249103134,6.730216197788762,1.0,70.5917249103134
Corlu,2024,2,0.5197500363787406,11.44047471058937,24,2024-02-01,0.22251412267268067,0.6168509423238249,2.382957591593404,14.954545093213866,75.37615025881023,27.952479208942673,1.0,75.37615025881023
Corlu,2024,3,0.6885545384630327,18.796074315971904,22,2024-03-01,0.29057814964684014,0.7343083084629806,9.325230666046364,22.347984227997337,89.68883022916053,27.274645835295317,1.0,89.68883022916053
Corlu,2024,4,0.678289897058604,26.910374059135574,23,2024-04-01,0.3844440608641012,0.6919213789712095,10.856278290354226,26.910374059135574,95.5666707396423,0.0,1.0,95.5666707396423
Corlu,2024,5,0.6322740353806919,27.040365241949246,22,2024-05-01,0.4909232067752119,0.8551348328317281,22.806820877176495,35.21689009775646,38.81008141775959,65.88621473801173,1.0,38.81008141775959
Corlu,2024,6,0.46838093447674256,41.36659209375604,26,2024-06-01,0.3774327501897637,0.6158236085206271,25.157141167179066,41.81771643367115,38.15086909110902,2.707735673583955,1.0,38.15086909110902
Corlu,2024,7,0.3425611510246654,42.274212246583005,28,2024-07-01,0.29293417405586747,0.5462519561154311,31.792404756382567,45.10297927219279,19.59079878455944,21.252028019149677,1.0,19.59079878455944
Corlu,2024,8,0.3216311009458297,44.59184200833342,28,2024-08-01,0.234495969859287,0.5031868410245349,33.2887164321155,46.08196796995675,32.42950931256373,11.647750043963986,1.0,32.42950931256373
Corlu,2024,9,0.26426333244161865,37.993192214516334,26,2024-09-01,0.20824178775672245,0.4079475446268199,29.36251530171715,39.222957154121495,28.052042947032575,12.471702161149079,1.0,28.052042947032575
Corlu,2024,10,0.26597315339092903,29.641673794352645,26,2024-10-01,0.20169841302660108,0.36435266989032034,19.241494761685853,32.48636379924313,39.51617474000751,21.477675595161074,1.0,39.51617474000751
Corlu,2024,11,0.2672315010382486,17.279484959937562,19,2024-11-01,0.20435000748789292,0.4935412435150586,3.194579634730285,22.621228148469825,21.74391396302508,27.49698788627541,1.0,21.74391396302508
Corlu,2024,12,0.4735538912720915,11.051549864876739,15,2024-12-01,0.06256851578881002,0.5344543884733578,-2.0105655024418456,13.533666795506118,87.09423173556675,15.968089533486001,1.0,87.09423173556675
Edirne,1985,1,,,5,1985-01-01,0.08043616686526174,0.5398836344204454,-6.942285549142835,14.546001311495033,,,0.75,
Edirne,1985,2,0.24319145692803892,3.928157236474803,4,1985-02-01,0.2158447572788355,0.5781094115554106,-0.43709362442277844,21.385598511847704,7.5488180606008735,79.99673535401115,0.75,25.660797383953444
Edirne,1985,3,0.23253182000607583,6.789025151643046,8,1985-03-01,0.23253182000607583,0.6527971427918836,-27.739797537950658,25.350341591394702,0.0,34.961890746848624,0.75,8.740472686712156
Edirne,1985,4,0.3623488404639932,22.610336715228488,3,1985-04-01,0.27550266758994557,0.7089288854426856,15.91027664835724,29.246850846156192,20.03712957289406,49.761760647820516,0.75,27.468287341625675
Edirne,1985,5,0.519853867093369,29.455559765598508,7,1985-05-01,0.4749712255444348,0.7409509183928333,13.369828360033154,37.630576166067875,16.87446175618983,33.69647327373758,0.75,21.07996463557677
Edirne,1985,6,0.43704230173887054,32.89580869898322,6,1985-06-01,0.34821741659009237,0.6564900755009678,27.434696048485606,44.35770274837177,28.813740882047632,67.72965497594262,0.75,38.54271940552138
Edirne,1985,7,0.38698269866861196,39.773070329752855,12,1985-07-01,0.28210531739837,0.6438301827213176,30.75144696977978,47.61050744956102,28.993688663511566,46.4879827034695,0.75,33.36726217350105
Edirne,1985,8,,,3,1985-08-01,0.23309401205761085,0.544882849453951,33.51354894506797,46.442914115609454,,,0.75,
Edirne,1985,9,0.2530282751211925,33.144899417936266,4,1985-09-01,0.2307815860912639,0.4280952758844171,24.896432427423207,41.17754872016804,11.274782329219102,49.337214708129515,0.75,20.790390423946704
Edirne,1985,10,0.24645459941572068,26.861066155885634,3,1985-10-01,0.2152552747964182,0.41829391480057165,16.77522835590938,32.36020082729328,15.366200551118864,35.2848532873882,0.75,20.3458637351862
Edirne,1985,11,0.21183228576073393,17.21248935427556,3,1985-11-01,0.17948792195600366,0.4775058798381407,-3.1159622949419266,20.564694348016264,10.853159331264905,14.155878547977395,0.75,11.678839135443027
Edirne,1985,12,,,2,1985-12-01,-0.07065826348439928,0.5561485411333174,-9.239650185571627,12.970578214877586,,,0.75,
Edirne,1986,1,,,1,1986-01-01,0.08043616686526174,0.5398836344204454,-6.942285549142835,14.546001311495033,,,0.75,
Edirne,1986,2,,,6,1986-02-01,0.2158447572788355,0.5781094115554106,-0.43709362442277844,21.385598511847704,,,0.75,
Edirne,1986,3,,,3,1986-03-01,0.23253182000607583,0.6527971427918836,-27.739797537950658,25.350341591394702,,,0.75,
Edirne,1986,4,0.5701084047092775,28.141248137323416,10,1986-04-01,0.27550266758994557,0.7089288854426856,15.91027664835724,29.246850846156192,67.97136974750948,8.290005307474265,0.75,53.051028637500686
Edirne,1986,5,0.576853391450204,30.780503485151012,14,1986-05-01,0.4749712255444348,0.7409509183928333,13.369828360033154,37.630576166067875,38.304490397257254,28.235208311315727,0.75,35.78716987577187
Edirne,1986,6,0.34821741659009237,34.28196816082349,7,1986-06-01,0.34821741659009237,0.6564900755009678,27.434696048485606,44.35770274837177,0.0,59.53867871254851,0.75,14.884669678137127
Edirne,1986,7,0.372585351002919,38.103864639448254,10,1986-07-01,0.28210531739837,0.6438301827213176,30.75144696977978,47.61050744956102,25.01349569202783,56.388924053709324,0.75,32.8573527824482
Edirne,1986,8,0.2959375361019079,40.76910184216268,14,1986-08-01,0.23309401205761085,0.544882849453951,33.51354894506797,46.442914115609454,20.15579665041425,43.883146609348614,0.75,26.08763414014784
Edirne,1986,9,0.24909892091344082,31.405314411229377,14,1986-09-01,0.2307815860912639,0.4280952758844171,24.896432427423207,41.17754872016804,9.2833572984111,60.02189366642724,0.75,21.967991390415136
Edirne,1986,10,0.2152552747964182,26.689664381300144,10,1986-10-01,0.2152552747964182,0.41829391480057165,16.77522835590938,32.36020082729328,0.0,36.384642041588485,0.75,9.096160510397121
Edirne,1986,11,0.23387263481640377,11.750215682910483,7,1986-11-01,0.17948792195600366,0.4775058798381407,-3.1159622949419266,20.564694348016264,18.248803946877825,37.2222730053683,0.75,22.99217121150044
Edirne,1986,12,0.2858549012932871,5.6299624830777315,8,1986-12-01,-0.07065826348439928,0.5561485411333174,-9.239650185571627,12.970578214877586,56.877679398378625,33.05060893318588,0.75,50.92091178208044
Edirne,1987,1,0.08679142364257635,-0.9103121416608431,9,1987-01-01,0.08043616686526174,0.5398836344204454,-6.942285549142835,14.546001311495033,1.3832390482272672,71.92901674013237,0.75,19.019683471203543
Edirne,1987,2,0.3976739318653413,2.474828023727938,11,1987-02-01,0.2158447572788355,0.5781094115554106,-0.43709362442277844,21.385598511847704,50.19235866375366,86.65645086331513,0.75,59.308381713644025
Edirne,1987,3,0.3566380224071508,13.72485555054939,5,1987-03-01,0.23253182000607583,0.6527971427918836,-27.739797537950658,25.350341591394702,29.53044081258327,21.897637172360266,0.75,27.622239902527518
Edirne,1987,4,0.5845613834290236,22.478083765907474,10,1987-04-01,0.27550266758994557,0.7089288854426856,15.91027664835724,29.246850846156192,71.30595776374635,50.75341673100596,0.75,66.16782250556126
Edirne,1987,5,0.6161928058200592,29.164535950638935,13,1987-05-01,0.4749712255444348,0.7409509183928333,13.369828360033154,37.630576166067875,53.09487305713861,34.89603982167055,0.75,48.54516474827159
Edirne,1987,6,0.5818739269111706,31.374383865237842,13,1987-06-01,0.34821741659009237,0.6564900755009678,27.434696048485606,44.35770274837177,75.79540499847913,76.71992993550764,0.75,76.02653623273626
Edirne,1987,7,0.41906364564517995,37.917257774530135,12,1987-07-01,0.28210531739837,0.6438301827213176,30.75144696977978,47.61050744956102,37.86256942124608,57.49578801651385,0.75,42.77087407006302
Edirne,1987,8,0.31974420849629154,37.622507893488745,14,1987-08-01,0.23309401205761085,0.544882849453951,33.51354894506797,46.442914115609454,27.791308105277853,68.21994820145765,0.75,37.89846812932281
Edirne,1987,9,0.28874803667684273,37.159306661253176,11,1987-09-01,0.2307815860912639,0.4280952758844171,24.896432427423207,41.17754872016804,29.37781491306858,24.68038423572632,0.75,28.203457243733016
Edirne,1987,10,0.3116534564479727,19.8583810561933,11,1987-10-01,0.2152552747964182,0.41829391480057165,16.77522835590938,32.36020082729328,47.477751845452936,80.21714375213047,0.75,55.66259982212232
Edirne,1987,11,0.23223610607628925,13.177266801128654,9,1987-11-01,0.17948792195600366,0.4775058798381407,-3.1159622949419266,20.564694348016264,17.699666320492987,31.196041808597297,0.75,21.073760192519064
Edirne,1987,12,,,5,1987-12-01,-0.07065826348439928,0.5561485411333174,-9.239650185571627,12.970578214877586,,,0.75,
Edirne,1988,1,0.3739276681349351,4.577447627523962,5,1988-01-01,0.08043616686526174,0.5398836344204454,-6.942285549142835,14.546001311495033,63.879229290652795,46.39063946149851,0.75,59.507081833364225
Edirne,1988,2,0.4113240355253836,7.636037891031388,6,1988-02-01,0.2158447572788355,0.5781094115554106,-0.43709362442277844,21.385598511847704,53.960350792961215,63.00579477068188,0.75,56.221711787391385
Edirne,1988,3,,,7,1988-03-01,0.23253182000607583,0.6527971427918836,-27.739797537950658,25.350341591394702,,,0.75,
Edirne,1988,4,0.5871218798105231,18.2509128571088,8,1988-04-01,0.27550266758994557,0.7089288854426856,15.91027664835724,29.246850846156192,71.89671491595199,82.44949434512307,0.75,74.53490977324476
Edirne,1988,5,0.6240084874397486,31.938890375106244,12,1988-05-01,0.4749712255444348,0.7409509183928333,13.369828360033154,37.630576166067875,56.03332355912641,23.460471360845098,0.75,47.89011050955608
Edirne,1988,6,0.5053691637596213,30.749989184304724,13,1988-06-01,0.34821741659009237,0.6564900755009678,27.434696048485606,44.35770274837177,50.9781657980129,80.40955017856598,0.75,58.33601189315117
Edirne,1988,7,0.3557184102502175,41.70720879184088,11,1988-07-01,0.28210531739837,0.6438301827213176,30.75144696977978,47.61050744956102,20.35057578530737,35.015585030968126,0.75,24.01682809672256
Edirne,1988,8,0.3136035002814657,36.44554024150889,11,1988-08-01,0.23309401205761085,0.544882849453951,33.51354894506797,46.442914115609454,25.82179942558774,77.32300652222875,0.75,38.69710119974799
Edirne,1988,9,0.2434778354378986,31.703741487176654,13,1988-09-01,0.2307815860912639,0.4280952758844171,24.896432427423207,41.17754872016804,6.4345506690105365,58.1889292026806,0.75,19.37314530242805
Edirne,1988,10,0.2532191832999048,22.60434000309023,11,1988-10-01,0.2152552747964182,0.41829391480057165,16.77522835590938,32.36020082729328,18.697873716406875,62.59787010927432,0.75,29.672872814623737
Edirne,1988,11,0.21157508014146814,5.922846706738256,5,1988-11-01,0.17948792195600366,0.4775058798381407,-3.1159622949419266,20.564694348016264,10.766853921653478,61.830412315158455,0.75,23.532743520029722
Edirne,1988,12,0.22222089696045763,1.494264517095126,5,1988-12-01,-0.07065826348439928,0.5561485411333174,-9.239650185571627,12.970578214877586,46.72558726025335,51.671299776234385,0.75,47.962015389248606
Edirne,1989,1,0.22460407324161424,3.415925496110724,11,1989-01-01,0.08043616686526174,0.5398836344204454,-6.942285549142835,14.546001311495033,31.378539780293096,51.79601281185577,0.75,36.482908038183766
Edirne,1989,2,0.2158447572788355,9.109290695731325,11,1989-02-01,0.2158447572788355,0.5781094115554106,-0.43709362442277844,21.385598511847704,0.0,56.25478167156333,0.75,14.063695417890832
Edirne,1989,3,0.33319948107387365,16.673446084114996,8,1989-03-01,0.23253182000607583,0.6527971427918836,-27.739797537950658,25.350341591394702,23.95335889254514,16.343704592937463,0.75,22.05094531764322
Edirne,1989,4,0.5478505735420898,23.196646689649118,13,1989-04-01,0.27550266758994557,0.7089288854426856,15.91027664835724,29.246850846156192,62.836047921004294,45.36550441496131,0.75,58.46841204449355
Edirne,1989,5,0.5292800029153538,29.761511271663686,7,1989-05-01,0.4749712255444348,0.7409509183928333,13.369828360033154,37.630576166067875,20.418392392788263,32.435376507424905,0.75,23.422638421447424
Edirne,1989,6,0.534618778701366,29.875569531757176,12,1989-06-01,0.34821741659009237,0.6564900755009678,27.434696048485606,44.35770274837177,60.46639451251628,85.57659683909486,0.75,66.74394509416092
Edirne,1989,7,0.4537827099950531,34.61396819021302,10,1989-07-01,0.28210531739837,0.6438301827213176,30.75144696977978,47.61050744956102,47.460766194054614,77.08934477656396,0.75,54.867910839681954
Edirne,1989,8,0.3458492308763378,36.53238952908486,13,1989-08-01,0.23309401205761085,0.544882849453951,33.51354894506797,46.442914115609454,36.163969101752855,76.6512853168145,0.75,46.285798155518265
Edirne,1989,9,0.3085250143011375,33.01513240772315,14,1989-09-01,0.2307815860912639,0.4280952758844171,24.896432427423207,41.17754872016804,39.40092970303944,50.13425471373983,0.75,42.084260955714534
Edirne,1989,10,0.2748853496991909,22.866923132031857,8,1989-10-01,0.2152552747964182,0.41829391480057165,16.77522835590938,32.36020082729328,29.36883092871034,60.91302190422444,0.75,37.254878672588866
Edirne,1989,11,0.3047668636634773,11.201826757878074,6,1989-11-01,0.17948792195600366,0.4775058798381407,-3.1159622949419266,20.564694348016264,42.03738009540357,39.53804039856464,0.75,41.41254517119384
Edirne,1989,12,0.2015840493863907,11.646165475375097,3,1989-12-01,-0.07065826348439928,0.5561485411333174,-9.239650185571627,12.970578214877586,43.433209541627086,5.963075730800236,0.75,34.06567608892037
Edirne,1990,1,,,3,1990-01-01,0.08043616686526174,0.5398836344204454,-6.942285549142835,14.546001311495033,,,0.75,
Edirne,1990,2,0.3388701387677142,11.227727414281189,8,1990-02-01,0.2158447572788355,0.5781094115554106,-0.43709362442277844,21.385598511847704,33.96008416403593,46.54728680648704,0.75,37.10688482464871
Edirne,1990,3,0.44792116877480476,13.098016372177804,10,1990-03-01,0.23253182000607583,0.6527971427918836,-27.739797537950658,25.350341591394702,51.250802074503824,23.07834452903981,0.75,44.20768768813782
Edirne,1990,4,0.5080146212352018,22.273799385431133,5,1990-04-01,0.27550266758994557,0.7089288854426856,15.91027664835724,29.246850846156192,53.64510591840892,52.285177267456596,0.75,53.30512375567084
Edirne,1990,5,0.628966933522519,25.08248016745145,14,1990-05-01,0.4749712255444348,0.7409509183928333,13.369828360033154,37.630576166067875,57.89754335337837,51.72180222530139,0.75,56.353608071359126
Edirne,1990,6,0.4479491490515165,34.81111237515511,12,1990-06-01,0.34821741659009237,0.6564900755009678,27.434696048485606,44.35770274837177,32.351792991884345,56.41190447133059,0.75,38.36682086174591
Edirne,1990,7,0.3373577143489013,38.97497371163936,14,1990-07-01,0.28210531739837,0.6438301827213176,30.75144696977978,47.61050744956102,15.274702473439866,51.22191564754216,0.75,24.261505766965442
Edirne,1990,8,0.27641473323948723,36.615010788794706,12,1990-08-01,0.23309401205761085,0.544882849453951,33.51354894506797,46.442914115609454,13.894250205887866,76.01226508171361,0.75,29.423753924844302
Edirne,1990,9,0.24975904291097356,35.46749425783817,12,1990-09-01,0.2307815860912639,0.4280952758844171,24.896432427423207,41.17754872016804,9.617911884169825,35.07163980441794,0.75,15.981343864231853
Edirne,1990,10,0.2729946115739596,20.383207119137353,11,1990-10-01,0.2152552747964182,0.41829391480057165,16.77522835590938,32.36020082729328,28.437610090552347,76.84963018155659,0.75,40.54061511330341
Edirne,1990,11,0.3407503622243286,10.591646791639349,12,1990-11-01,0.17948792195600366,0.4775058798381407,-3.1159622949419266,20.564694348016264,54.11165200054908,42.11474245306688,0.75,51.11242461367853
Edirne,1990,12,,,1,1990-12-01,-0.07065826348439928,0.5561485411333174,-9.239650185571627,12.970578214877586,,,0.75,
Edirne,1991,1,,,6,1991-01-01,0.08043616686526174,0.5398836344204454,-6.942285549142835,14.546001311495033,,,0.75,
Edirne,1991,2,,,3,1991-02-01,0.2158447572788355,0.5781094115554106,-0.43709362442277844,21.385598511847704,,,0.75,
Edirne,1991,3,0.29291581303483816,14.06150933452055,9,1991-03-01,0.23253182000607583,0.6527971427918836,-27.739797537950658,25.350341591394702,14.36806459036298,21.26351982120592,0.75,16.091928398073716
Edirne,1991,4,0.6943414865402787,20.05452023034924,11,1991-04-01,0.27550266758994557,0.7089288854426856,15.91027664835724,29.246850846156192,96.63439858929736,68.92572619829191,0.75,89.707230491546
Edirne,1991,5,0.7202113229352014,25.25791096437598,11,1991-05-01,0.4749712255444348,0.7409509183928333,13.369828360033154,37.630576166067875,92.20256432529496,50.99869674509483,0.75,81.90159743024493
Edirne,1991,6,0.57689771976394,31.70131887372428,12,1991-06-01,0.34821741659009237,0.6564900755009678,27.434696048485606,44.35770274837177,74.18118232793434,74.78803323249069,0.75,74.33289505407343
Edirne,1991,7,0.3741990484957558,36.89554234330394,11,1991-07-01,0.28210531739837,0.6438301827213176,30.75144696977978,47.61050744956102,25.459607543198498,63.55612235395527,0.75,34.98373624588769
Edirne,1991,8,0.291295441529248,37.50852339121659,12,1991-08-01,0.23309401205761085,0.544882849453951,33.51354894506797,46.442914115609454,18.666938161629112,69.10154216039275,0.75,31.27558916132002
Edirne,1991,9,0.25989429617054305,34.363523719741615,10,1991-09-01,0.2307815860912639,0.4280952758844171,24.896432427423207,41.17754872016804,14.75453127950647,41.85232067571977,0.75,21.528978628559795
Edirne,1991,10,0.22586715319772227,23.503515524669357,10,1991-10-01,0.2152552747964182,0.41829391480057165,16.77522835590938,32.36020082729328,5.226531462724033,56.828366677490045,0.75,18.126990266415536
Edirne,1991,11,0.17948792195600366,13.675147835051696,11,1991-11-01,0.17948792195600366,0.4775058798381407,-3.1159622949419266,20.564694348016264,0.0,29.093561960045058,0.75,7.2733904900112645
Edirne,1991,12,0.25657033840750343,3.6738217844140757,3,1991-12-01,-0.07065826348439928,0.5561485411333174,-9.239650185571627,12.970578214877586,52.205655631239715,41.85799561735025,0.75,49.618740627767345
Edirne,1992,1,0.21789633462960056,1.9471565540469027,6,1992-01-01,0.08043616686526174,0.5398836344204454,-6.942285549142835,14.546001311495033,29.918582095096358,58.6312200649491,0.75,37.09674158755954
Edirne,1992,2,0.25497702380216214,4.285798891436185,12,1992-02-01,0.2158447572788355,0.5781094115554106,-0.43709362442277844,21.385598511847704,10.80212106297587,78.3578832237235,0.75,27.69106160316278
Edirne,1992,3,0.3029821307546341,18.03408829278122,8,1992-03-01,0.23253182000607583,0.6527971427918836,-27.739797537950658,25.350341591394702,16.763293788211012,13.78081394887408,0.75,16.01767382837678
Edirne,1992,4,0.6172062171381117,15.91027664835724,10,1992-04-01,0.27550266758994557,0.7089288854426856,15.91027664835724,29.246850846156192,78.83776649253429,100.0,0.75,84.12832486940071
Edirne,1992,5,0.6011563817968231,13.369828360033154,13,1992-05-01,0.4749712255444348,0.7409509183928333,13.369828360033154,37.630576166067875,47.44165048882529,100.0,0.75,60.58123786661896
Edirne,1992,6,0.44129218732925635,28.331637490154176,12,1992-06-01,0.34821741659009237,0.6564900755009678,27.434696048485606,44.35770274837177,30.192353440618547,94.69986948788123,0.75,46.31923245243422
Edirne,1992,7,0.4170744556486378,32.436614218196134,13,1992-07-01,0.28210531739837,0.6438301827213176,30.75144696977978,47.61050744956102,37.3126514622564,90.00438221075639,0.75,50.485584149381395
Edirne,1992,8,0.36262080242259465,40.17046143787255,11,1992-08-01,0.23309401205761085,0.544882849453951,33.51354894506797,46.442914115609454,41.543113424657896,48.51323011610952,0.75,43.285642597520805
Edirne,1992,9,0.3020688587706105,33.58592838022111,14,1992-09-01,0.2307815860912639,0.4280952758844171,24.896432427423207,41.17754872016804,36.128903551536695,46.6283773387817,0.75,38.75377199834794
Edirne,1992,10,0.2568209184115538,25.203484695876853,9,1992-10-01,0.2152552747964182,0.41829391480057165,16.77522835590938,32.36020082729328,20.471789810198352,45.92062093505215,0.75,26.8339975914118
Edirne,1992,11,0.26410389396669226,9.963706069853371,10,1992-11-01,0.17948792195600366,0.4775058798381407,-3.1159622949419266,20.564694348016264,28.39291048499612,44.766445618454846,0.75,32.4862942683608
Edirne,1992,12,0.2488696025807852,-0.4428358340459453,10,1992-12-01,-0.07065826348439928,0.5561485411333174,-9.239650185571627,12.970578214877586,50.977089545168774,60.392958627351355,0.75,53.33105681571442
Edirne,1993,1,,,5,1993-01-01,0.08043616686526174,0.5398836344204454,-6.942285549142835,14.546001311495033,,,0.75,
Edirne,1993,2,0.2750517626544814,7.514108151975981,11,1993-02-01,0.2158447572788355,0.5781094115554106,-0.43709362442277844,21.385598511847704,16.34357773431675,63.564523905905084,0.75,28.14881427721383
Edirne,1993,3,0.2503706785950176,12.975638985944917,9,1993-03-01,0.23253182000607583,0.6527971427918836,-27.739797537950658,25.350341591394702,4.24466583887853,23.308853222819526,0.75,9.01071268486378
Edirne,1993,4,0.5916843839873315,19.75369661536598,8,1993-04-01,0.27550266758994557,0.7089288854426856,15.91027664835724,29.246850846156192,72.9493748587242,71.18135504661272,0.75,72.50736990569634
Edirne,1993,5,0.6618015891924826,23.767752055885666,11,1993-05-01,0.4749712255444348,0.7409509183928333,13.369828360033154,37.630576166067875,70.24234130330248,57.140959631647924,0.75,66.96699588538884
Edirne,1993,6,0.643836917080906,27.760375420336246,12,1993-06-01,0.34821741659009237,0.6564900755009678,27.434696048485606,44.35770274837177,95.89546524665361,98.0755229988012,0.75,96.44047968469052
Edirne,1993,7,0.3513426271245305,42.3097218423976,10,1993-07-01,0.28210531739837,0.6438301827213176,30.75144696977978,47.61050744956102,19.140876495826596,31.441761618451718,0.75,22.216097776482876
Edirne,1993,8,0.27323129181038047,35.79828749653319,14,1993-08-01,0.23309401205761085,0.544882849453951,33.51354894506797,46.442914115609454,12.873225381621939,82.32907400070332,0.75,30.237187536392284
Edirne,1993,9,0.25136814471161206,35.75884919522375,11,1993-09-01,0.2307815860912639,0.4280952758844171,24.896432427423207,41.17754872016804,10.433416273310462,33.28211301677736,0.75,16.145590459177185
Edirne,1993,10,0.2349964617322526,27.804545542416946,7,1993-10-01,0.2152552747964182,0.41829391480057165,16.77522835590938,32.36020082729328,9.722871929909779,29.23107688025199,0.75,14.599923167495332
Edirne,1993,11,0.2343116444748593,18.733002620975235,9,1993-11-01,0.17948792195600366,0.4775058798381407,-3.1159622949419266,20.564694348016264,18.396113747124545,7.734970168513935,0.75,15.730827852471892
Edirne,1993,12,0.27738428331635506,6.612585349646339,6,1993-12-01,-0.07065826348439928,0.5561485411333174,-9.239650185571627,12.970578214877586,55.526287244603566,28.626418200646032,0.75,48.801319983614185
Edirne,1994,1,0.2390504014433125,5.943113581219854,10,1994-01-01,0.08043616686526174,0.5398836344204454,-6.942285549142835,14.546001311495033,34.52282269006081,40.03524239074592,0.75,35.90092761523209
Edirne,1994,2,,,1,1994-02-01,0.2158447572788355,0.5781094115554106,-0.43709362442277844,21.385598511847704,,,0.75,
Edirne,1994,3,0.3488217785232889,11.037279505807836,8,1994-03-01,0.23253182000607583,0.6527971427918836,-27.739797537950658,25.350341591394702,27.67060526106774,26.959925741982808,0.75,27.492935381296505
Edirne,1994,4,0.633003940245396,17.669791719998965,11,1994-04-01,0.27550266758994557,0.7089288854426856,15.91027664835724,29.246850846156192,82.48261363296538,86.80684375503184,0.75,83.563671163482
Edirne,1994,5,0.6336061971761506,28.41818785075899,14,1994-05-01,0.4749712255444348,0.7409509183928333,13.369828360033154,37.630576166067875,59.641760591901125,37.97240047570733,0.75,54.22442056285268
Edirne,1994,6,0.4243117663259953,27.434696048485606,4,1994-06-01,0.34821741659009237,0.6564900755009678,27.434696048485606,44.35770274837177,24.68410594852739,100.0,0.75,43.51307946139554
Edirne,1994,7,0.31862222968145293,40.27511924152068,10,1994-07-01,0.28210531739837,0.6438301827213176,30.75144696977978,47.61050744956102,10.095217604264123,43.510065206999755,0.75,18.448929504948033
Edirne,1994,8,0.273429437438412,40.40869219789681,14,1994-08-01,0.23309401205761085,0.544882849453951,33.51354894506797,46.442914115609454,12.936776607408664,46.67067437665949,0.75,21.37025104972137
Edirne,1994,9,0.25321397530043027,39.011100471443605,14,1994-09-01,0.2307815860912639,0.4280952758844171,24.896432427423207,41.17754872016804,11.368896518372635,13.306509269821044,0.75,11.853299706234736
Edirne,1994,10,0.3262654686947963,18.141848257098225,4,1994-10-01,0.2152552747964182,0.41829391480057165,16.77522835590938,32.36020082729328,54.67441758677422,91.23116897576726,0.75,63.81360543402248
Edirne,1994,11,,,5,1994-11-01,0.17948792195600366,0.4775058798381407,-3.1159622949419266,20.564694348016264,,,0.75,
Edirne,1994,12,,,3,1994-12-01,-0.07065826348439928,0.5561485411333174,-9.239650185571627,12.970578214877586,,,0.75,
Edirne,1995,1,0.3439716367295289,3.907576715258886,5,1995-01-01,0.08043616686526174,0.5398836344204454,-6.942285549142835,14.546001311495033,57.35921698874404,49.50801646139395,0.75,55.39641685690651
Edirne,1995,2,0.32653847761205124,7.387886335370761,5,1995-02-01,0.2158447572788355,0.5781094115554106,-0.43709362442277844,21.385598511847704,30.556036595473465,64.14292099741441,0.75,38.952757695958695
Edirne,1995,3,,,7,1995-03-01,0.23253182000607583,0.6527971427918836,-27.739797537950658,25.350341591394702,,,0.75,
Edirne,1995,4,0.6308678152069731,18.9266917669448,10,1995-04-01,0.27550266758994557,0.7089288854426856,15.91027664835724,29.246850846156192,81.9897673420775,77.38238415765434,0.75,80.83792154597171
Edirne,1995,5,0.6548978331906657,26.953969330813706,14,1995-05-01,0.4749712255444348,0.7409509183928333,13.369828360033154,37.630576166067875,67.64674615546097,44.00774007715634,0.75,61.73699463588482
Edirne,1995,6,0.46430637512575224,33.987703093204495,14,1995-06-01,0.34821741659009237,0.6564900755009678,27.434696048485606,44.35770274837177,37.65788342884546,61.27752496391218,0.75,43.56279381261214
Edirne,1995,7,0.46099088232966984,30.75144696977978,14,1995-07-01,0.28210531739837,0.6438301827213176,30.75144696977978,47.61050744956102,49.453488571096976,100.0,0.75,62.09011642832273
Edirne,1995,8,0.42699630339122596,33.51354894506797,14,1995-08-01,0.23309401205761085,0.544882849453951,33.51354894506797,46.442914115609454,62.19026086784823,100.0,0.75,71.64269565088617
Edirne,1995,9,0.35580581424544094,33.413588006954384,7,1995-09-01,0.2307815860912639,0.4280952758844171,24.896432427423207,41.17754872016804,63.36317986108402,47.68690655857191,0.75,59.444111535455995
Edirne,1995,10,0.307204173655953,24.646686341937297,8,1995-10-01,0.2152552747964182,0.41829391480057165,16.77522835590938,32.36020082729328,45.28640403504172,49.49328270883399,0.75,46.338123703489785
Edirne,1995,11,0.2673501466490164,6.685036530378703,6,1995-11-01,0.17948792195600366,0.4775058798381407,-3.1159622949419266,20.564694348016264,29.482191381152052,58.61179454145285,0.75,36.76459217122725
Edirne,1995,12,,,2,1995-12-01,-0.07065826348439928,0.5561485411333174,-9.239650185571627,12.970578214877586,,,0.75,
Edirne,1996,1,,,1,1996-01-01,0.08043616686526174,0.5398836344204454,-6.942285549142835,14.546001311495033,,,0.75,
Edirne,1996,2,0.23458134510034895,-0.37136477153755193,6,1996-02-01,0.2158447572788355,0.5781094115554106,-0.43709362442277844,21.385598511847704,5.1720717437723795,99.69880502151254,0.75,28.80375506320742
Edirne,1996,3,,,3,1996-03-01,0.23253182000607583,0.6527971427918836,-27.739797537950658,25.350341591394702,,,0.75,
Edirne,1996,4,0.4406526291585179,19.859709907756823,11,1996-04-01,0.27550266758994557,0.7089288854426856,15.91027664835724,29.246850846156192,38.103362179323284,70.3864485674935,0.75,46.174133776365835
Edirne,1996,5,0.5375849250936354,31.584165651788737,12,1996-05-01,0.4749712255444348,0.7409509183928333,13.369828360033154,37.630576166067875,23.540781959203468,24.922605694681547,0.75,23.886237893072988
Edirne,1996,6,0.4093570811420322,37.42932351849563,14,1996-06-01,0.34821741659009237,0.6564900755009678,27.434696048485606,44.35770274837177,19.832983167545798,40.94059260712074,0.75,25.109885527439534
Edirne,1996,7,0.28210531739837,38.91611223697979,14,1996-07-01,0.28210531739837,0.6438301827213176,30.75144696977978,47.61050744956102,0.0,51.57105417000109,0.75,12.892763542500273
Edirne,1996,8,0.2856700444803663,37.02766406919022,12,1996-08-01,0.23309401205761085,0.544882849453951,33.51354894506797,46.442914115609454,16.862705176299105,72.82066769891469,0.75,30.852195806953002
Edirne,1996,9,0.3331057801296704,24.896432427423207,11,1996-09-01,0.2307815860912639,0.4280952758844171,24.896432427423207,41.17754872016804,51.858638975164084,100.0,0.75,63.893979231373066
Edirne,1996,10,0.36267500683012793,16.77522835590938,12,1996-10-01,0.2152552747964182,0.41829391480057165,16.77522835590938,32.36020082729328,72.60673733368883,100.0,0.75,79.45505300026662
Edirne,1996,11,0.21849103054592037,8.255399406584008,9,1996-11-01,0.17948792195600366,0.4775058798381407,-3.1159622949419266,20.564694348016264,13.08750280254656,51.98037844568223,0.75,22.810721713330476
Edirne,1996,12,0.023734407866272192,-9.239650185571627,5,1996-12-01,-0.07065826348439928,0.5561485411333174,-9.239650185571627,12.970578214877586,15.059292696772914,100.0,0.75,36.29446952257969
Edirne,1997,1,0.40342244754459455,6.403224247065537,8,1997-01-01,0.08043616686526174,0.5398836344204454,-6.942285549142835,14.546001311495033,70.29884883205702,37.894026253648875,0.75,62.197643187454986
Edirne,1997,2,0.3402987514954732,6.685162328157642,6,1997-02-01,0.2158447572788355,0.5781094115554106,-0.43709362442277844,21.385598511847704,34.35444025450571,67.36307368446604,0.75,42.60659861199579
Edirne,1997,3,0.39591609959336826,13.673927571633493,8,1997-03-01,0.23253182000607583,0.6527971427918836,-27.739797537950658,25.350341591394702,38.8764598764107,21.993564551250383,0.75,34.65573604512062
Edirne,1997,4,0.5441303485306523,17.58711601540493,9,1997-04-01,0.27550266758994557,0.7089288854426856,15.91027664835724,29.246850846156192,61.977718438798995,87.42676085943846,0.75,68.33997904395886
Edirne,1997,5,0.626954402092086,30.572246805132757,14,1997-05-01,0.4749712255444348,0.7409509183928333,13.369828360033154,37.630576166067875,57.14089482548489,29.09361828978495,0.75,50.129075691559905
Edirne,1997,6,0.4336859688842834,39.77612422593375,12,1997-06-01,0.34821741659009237,0.6564900755009678,27.434696048485606,44.35770274837177,27.72498624955929,27.07307633736764,0.75,27.562008771511376
Edirne,1997,7,0.3458413423675676,37.319144204579516,12,1997-07-01,0.28210531739837,0.6438301827213176,30.75144696977978,47.61050744956102,17.62002866800271,61.04351578383473,0.75,28.475900446960715
Edirne,1997,8,0.3206547098464536,33.65826161514548,14,1997-08-01,0.23309401205761085,0.544882849453951,33.51354894506797,46.442914115609454,28.083333104557948,98.88074419610928,0.75,45.78268587744578
Edirne,1997,9,0.307747993859612,30.615966949064074,14,1997-09-01,0.2307815860912639,0.4280952758844171,24.896432427423207,41.17754872016804,39.00713014339405,64.87013286558492,0.75,45.472880823941765
Edirne,1997,10,0.30279613720978854,19.418982055411668,11,1997-10-01,0.2152552747964182,0.41829391480057165,16.77522835590938,32.36020082729328,43.115370754837386,83.03651992740717,0.75,53.09565804797983
Edirne,1997,11,0.37819398807298454,15.072086551354529,10,1997-11-01,0.17948792195600366,0.4775058798381407,-3.1159622949419266,20.564694348016264,66.67586998081742,23.194491096576275,0.75,55.80552525975714
Edirne,1997,12,0.2405839934259126,4.907078337872873,2,1997-12-01,-0.07065826348439928,0.5561485411333174,-9.239650185571627,12.970578214877586,49.655213475248644,36.30534423879056,0.75,46.31774616613412
Edirne,1998,1,0.32618672689717887,1.5350149279386616,4,1998-01-01,0.08043616686526174,0.5398836344204454,-6.942285549142835,14.546001311495033,53.48828264080057,60.549202772370975,0.75,55.253512673693166
Edirne,1998,2,0.42442532147310014,5.45469695503118,11,1998-02-01,0.2158447572788355,0.5781094115554106,-0.43709362442277844,21.385598511847704,57.5768465766526,73.00154104423493,0.75,61.43302019354818
Edirne,1998,3,,,6,1998-03-01,0.23253182000607583,0.6527971427918836,-27.739797537950658,25.350341591394702,,,0.75,
Edirne,1998,4,0.6329125349482787,18.270971899580147,11,1998-04-01,0.27550266758994557,0.7089288854426856,15.91027664835724,29.246850846156192,82.46152462326722,82.29908808506075,0.75,82.42091548871561
Edirne,1998,5,0.6376921422803598,21.78908838089525,8,1998-05-01,0.4749712255444348,0.7409509183928333,13.369828360033154,37.630576166067875,61.17794745656451,65.2967827365657,0.75,62.207656276564805
Edirne,1998,6,0.526834671798541,35.1623418507613,14,1998-06-01,0.34821741659009237,0.6564900755009678,27.434696048485606,44.35770274837177,57.94132241227679,54.33644895781034,0.75,57.040104048660176
Edirne,1998,7,0.3792556032987278,41.60468798377493,14,1998-07-01,0.28210531739837,0.6438301827213176,30.75144696977978,47.61050744956102,26.857508347849436,35.62369013972492,0.75,29.04905379581831
Edirne,1998,8,0.3186629783038824,39.90740703268855,12,1998-08-01,0.23309401205761085,0.544882849453951,33.51354894506797,46.442914115609454,27.444525262941937,50.54778016334109,0.75,33.220338988041725
Edirne,1998,9,0.33551959135760523,26.99559987940297,12,1998-09-01,0.2307815860912639,0.4280952758844171,24.896432427423207,41.17754872016804,53.0819759014895,87.10673510197091,0.75,61.58816570160985
Edirne,1998,10,0.3906682635429382,21.94625010109732,10,1998-10-01,0.2152552747964182,0.41829391480057165,16.77522835590938,32.36020082729328,86.39389465125046,66.82046275870792,0.75,81.50053667811483
Edirne,1998,11,0.4775058798381407,12.024043865419147,10,1998-11-01,0.17948792195600366,0.4775058798381407,-3.1159622949419266,20.564694348016264,100.0,36.06593605645142,0.75,84.01648401411285
Edirne,1998,12,-0.07065826348439928,-7.373346699999981,7,1998-12-01,-0.07065826348439928,0.5561485411333174,-9.239650185571627,12.970578214877586,0.0,91.59709908460961,0.75,22.899274771152403
Edirne,1999,1,,,9,1999-01-01,0.08043616686526174,0.5398836344204454,-6.942285549142835,14.546001311495033,,,0.75,
Edirne,1999,2,0.36360972424782056,9.052100360156386,10,1999-02-01,0.2158447572788355,0.5781094115554106,-0.43709362442277844,21.385598511847704,40.78923108412674,56.51684986744776,0.75,44.721135779956995
Edirne,1999,3,0.44194029070443946,15.602364273249957,8,1999-03-01,0.23253182000607583,0.6527971427918836,-27.739797537950658,25.350341591394702,49.82768250072601,18.361182468170608,0.75,41.96105749258716
Edirne,1999,4,0.4958444588381989,26.255294171431604,12,1999-04-01,0.27550266758994557,0.7089288854426856,15.91027664835724,29.246850846156192,50.83720877335486,22.431222818962837,0.75,43.73571228475686
Edirne,1999,5,0.4749712255444348,29.84308115849107,14,1999-05-01,0.4749712255444348,0.7409509183928333,13.369828360033154,37.630576166067875,0.0,32.099154856387855,0.75,8.024788714096964
Edirne,1999,6,0.4028247702452553,36.09393675025407,11,1999-06-01,0.34821741659009237,0.6564900755009678,27.434696048485606,44.35770274837177,17.713978867957426,48.83154716338489,0.75,25.49337094181429
Edirne,1999,7,0.45888044034833636,39.27346636655003,21,1999-07-01,0.28210531739837,0.6438301827213176,30.75144696977978,47.61050744956102,48.870050111744916,49.451397917514136,0.75,49.01538706318722
Edirne,1999,8,0.40194265338001484,37.2817422540762,24,1999-08-01,0.23309401205761085,0.544882849453951,33.51354894506797,46.442914115609454,54.154806417192766,70.85554271764435,0.75,58.32999049230567
Edirne,1999,9,0.3378648086374924,34.94910422411083,23,1999-09-01,0.2307815860912639,0.4280952758844171,24.896432427423207,41.17754872016804,54.27054892059715,38.25563544947294,0.75,50.2668205528161
Edirne,1999,10,0.280850237248442,27.838079427742667,25,1999-10-01,0.2152552747964182,0.41829391480057165,16.77522835590938,32.36020082729328,32.30663998275498,29.015908804804354,0.75,31.483957188267325
Edirne,1999,11,0.2758824412536148,14.564734363344305,22,1999-11-01,0.17948792195600366,0.4775058798381407,-3.1159622949419266,20.564694348016264,32.34520496101585,25.336966263797162,0.75,30.59314528671118
Edirne,1999,12,0.3114131488603101,9.250270607529012,14,1999-12-01,-0.07065826348439928,0.5561485411333174,-9.239650185571627,12.970578214877586,60.955211323484434,16.750424805506857,0.75,49.90401469399004
Edirne,2000,1,0.3255230198207974,7.064153687665613,17,2000-01-01,0.08043616686526174,0.5398836344204454,-6.942285549142835,14.546001311495033,53.343824977356874,34.81826016356209,0.75,48.71243377390818
Edirne,2000,2,0.35788969741048726,11.154161742728249,15,2000-02-01,0.2158447572788355,0.5781094115554106,-0.43709362442277844,21.385598511847704,39.21026753639783,46.8843931135071,0.75,41.128798930675146
Edirne,2000,3,0.4081869082610239,20.367499042987937,17,2000-03-01,0.23253182000607583,0.6527971427918836,-27.739797537950658,25.350341591394702,41.79623650378415,9.385627218393404,0.75,33.69358418243647
Edirne,2000,4,0.27550266758994557,19.1240044039222,8,2000-04-01,0.27550266758994557,0.7089288854426856,15.91027664835724,29.246850846156192,0.0,75.9028989911416,0.75,18.9757247477854
Edirne,2000,5,0.6054191247353516,30.682681141634973,24,2000-05-01,0.4749712255444348,0.7409509183928333,13.369828360033154,37.630576166067875,49.04430777926671,28.638420711436826,0.75,43.942836012309236
Edirne,2000,6,0.46117356989415964,41.492825001921624,18,2000-06-01,0.34821741659009237,0.6564900755009678,27.434696048485606,44.35770274837177,36.64163851025269,16.928893294531512,0.75,31.713452206322394
Edirne,2000,7,0.31539198418541226,44.28126041932179,24,2000-07-01,0.28210531739837,0.6438301827213176,30.75144696977978,47.61050744956102,9.202205869182901,19.74752409383628,0.75,11.838535425346246
Edirne,2000,8,0.24351160112482317,41.19576983715891,24,2000-08-01,0.23309401205761085,0.544882849453951,33.51354894506797,46.442914115609454,3.341232211584816,40.58315477395391,0.75,12.651712852177088
Edirne,2000,9,0.2602309664337713,34.09689859353238,23,2000-09-01,0.2307815860912639,0.4280952758844171,24.896432427423207,41.17754872016804,14.925158195247183,43.48995486133177,0.75,22.06635736176833
Edirne,2000,10,0.28766647318702665,25.257883544851577,18,2000-10-01,0.2152552747964182,0.41829391480057165,16.77522835590938,32.36020082729328,35.663752667535185,45.57157412682321,0.75,38.14070803235719
Edirne,2000,11,0.38633321013191746,15.870957288982481,23,2000-11-01,0.17948792195600366,0.4775058798381407,-3.1159622949419266,20.564694348016264,69.40698797007359,19.82097510978243,0.75,57.010484755000796
Edirne,2000,12,0.38627138950826334,7.198167177104615,19,2000-12-01,-0.07065826348439928,0.5561485411333174,-9.239650185571627,12.970578214877586,72.89800455681709,25.98987697783523,0.75,61.17097266207162
Edirne,2001,1,0.4629906202784867,3.0902688758785954,15,2001-01-01,0.08043616686526174,0.5398836344204454,-6.942285549142835,14.546001311495033,83.26402481852331,53.31152041068936,0.75,75.77589871656483
Edirne,2001,2,0.49322685884473866,11.812951282184494,15,2001-02-01,0.2158447572788355,0.5781094115554106,-0.43709362442277844,21.385598511847704,76.56891123419747,43.86556511858112,0.75,68.39307470529339
Edirne,2001,3,0.6527971427918836,20.81288308104805,20,2001-03-01,0.23253182000607583,0.6527971427918836,-27.739797537950658,25.350341591394702,100.0,8.546706760914459,0.75,77.13667669022861
Edirne,2001,4,0.68444738987552,23.199697265785083,18,2001-04-01,0.27550266758994557,0.7089288854426856,15.91027664835724,29.246850846156192,94.35163482069666,45.342630653748564,0.75,82.09938377895965
Edirne,2001,5,0.6311637659891104,28.085285178722017,18,2001-05-01,0.4749712255444348,0.7409509183928333,13.369828360033154,37.630576166067875,58.72348327498116,39.34458683491826,0.75,53.87875916496544
Edirne,2001,6,0.4122777583312525,41.91670916079469,26,2001-06-01,0.34821741659009237,0.6564900755009678,27.434696048485606,44.35770274837177,20.780416261203563,14.424112871109969,0.75,19.191340413680166
Edirne,2001,7,0.28583019098535684,44.18264999519509,28,2001-07-01,0.28210531739837,0.6438301827213176,30.75144696977978,47.61050744956102,1.0297532583670317,20.33243464828241,0.75,5.855423605845876
Edirne,2001,8,0.23309401205761085,43.42601051889334,23,2001-08-01,0.23309401205761085,0.544882849453951,33.51354894506797,46.442914115609454,0.0,23.33373338073769,0.75,5.833433345184423
Edirne,2001,9,0.2307815860912639,33.75118468166789,22,2001-09-01,0.2307815860912639,0.4280952758844171,24.896432427423207,41.17754872016804,0.0,45.613359090184,0.75,11.403339772546
Edirne,2001,10,0.2798704552332417,32.36020082729328,23,2001-10-01,0.2152552747964182,0.41829391480057165,16.77522835590938,32.36020082729328,31.824080596433134,0.0,0.75,23.86806044732485
Edirne,2001,11,0.25103946963951723,20.564694348016264,19,2001-11-01,0.17948792195600366,0.4775058798381407,-3.1159622949419266,20.564694348016264,24.00913964782332,0.0,0.75,18.006854735867492
Edirne,2001,12,0.1183364738516977,-1.3140147684381904,11,2001-12-01,-0.07065826348439928,0.5561485411333174,-9.239650185571627,12.970578214877586,30.15199196048343,64.3153808496038,0.75,38.69283918276352
Edirne,2002,1,0.22384712371948134,6.689413700242454,22,2002-01-01,0.08043616686526174,0.5398836344204454,-6.942285549142835,14.546001311495033,31.213787643087773,36.5621869356381,0.75,32.550887466225355
Edirne,2002,2,0.31270662372642777,21.385598511847704,21,2002-02-01,0.2158447572788355,0.5781094115554106,-0.43709362442277844,21.385598511847704,26.737873900786898,0.0,0.75,20.053405425590174
Edirne,2002,3,0.31688096313476793,-27.739797537950658,14,2002-03-01,0.23253182000607583,0.6527971427918836,-27.739797537950658,25.350341591394702,20.070450392996488,100.0,0.75,40.05283779474736
Edirne,2002,4,0.5681630575748607,20.997260621212494,11,2002-04-01,0.27550266758994557,0.7089288854426856,15.91027664835724,29.246850846156192,67.52253969194564,61.85689145196821,0.75,66.10612763195128
Edirne,2002,5,0.5746809940307266,37.630576166067875,19,2002-05-01,0.4749712255444348,0.7409509183928333,13.369828360033154,37.630576166067875,37.487737284937666,0.0,0.75,28.11580296370325
Edirne,2002,6,0.4415823946534282,39.37116280657376,20,2002-06-01,0.34821741659009237,0.6564900755009678,27.434696048485606,44.35770274837177,30.28649325995807,29.466040108768357,0.75,30.081379972160644
Edirne,2002,7,0.3606145617737115,44.83822928807611,23,2002-07-01,0.28210531739837,0.6438301827213176,30.75144696977978,47.61050744956102,21.70413258852097,16.44384729985194,0.75,20.389061266353714
Edirne,2002,8,0.33071252367020937,38.298253066289455,11,2002-08-01,0.23309401205761085,0.544882849453951,33.51354894506797,46.442914115609454,31.309174641331904,62.99351083282071,0.75,39.230258689204106
Edirne,2002,9,0.31224071344210685,30.660871264937054,13,2002-09-01,0.2307815860912639,0.4280952758844171,24.896432427423207,41.17754872016804,41.28407280621925,64.59432674108109,0.75,47.11163628993471
Edirne,2002,10,0.33841053577455543,22.565607588567644,12,2002-10-01,0.2152552747964182,0.41829391480057165,16.77522835590938,32.36020082729328,60.6560706748321,62.84639422180452,0.75,61.20365156157521
Edirne,2002,11,0.43397902150192474,13.35618161065455,11,2002-11-01,0.17948792195600366,0.4775058798381407,-3.1159622949419266,20.564694348016264,85.39455184327169,30.440510354282242,0.75,71.65604147102432
Edirne,2002,12,0.42395677130648224,3.226312532706328,6,2002-12-01,-0.07065826348439928,0.5561485411333174,-9.239650185571627,12.970578214877586,78.91028481934595,43.87287472457589,0.75,70.15093229565343
Edirne,2003,1,0.10242115223997676,-0.10671791398255757,9,2003-01-01,0.08043616686526174,0.5398836344204454,-6.942285549142835,14.546001311495033,4.7850922961229365,68.18933179972744,0.75,20.63615217202406
Edirne,2003,2,0.31878152534665366,3.810711540809508,8,2003-02-01,0.2158447572788355,0.5781094115554106,-0.43709362442277844,21.385598511847704,28.414797538936792,80.53491687135977,0.75,41.44482737204254
Edirne,2003,3,0.35992152433543845,17.257575633638737,11,2003-03-01,0.23253182000607583,0.6527971427918836,-27.739797537950658,25.350341591394702,30.311733427096957,15.243444621682526,0.75,26.54466122574335
Edirne,2003,4,0.5067859689555052,24.130182442912126,13,2003-04-01,0.27550266758994557,0.7089288854426856,15.91027664835724,29.246850846156192,53.361631539359244,38.36568767478918,0.75,49.612645573216724
Edirne,2003,5,0.5130692858823374,36.54756300519834,10,2003-05-01,0.4749712255444348,0.7409509183928333,13.369828360033154,37.630576166067875,14.323672581882944,4.464055145901729,0.75,11.85876822288764
Edirne,2003,6,0.34878060704079555,44.35770274837177,3,2003-06-01,0.34821741659009237,0.6564900755009678,27.434696048485606,44.35770274837177,0.18269231293262755,0.0,0.75,0.13701923469947067
Edirne,2003,7,0.3393340163955999,44.608490573633304,16,2003-07-01,0.28210531739837,0.6438301827213176,30.75144696977978,47.61050744956102,15.821057517330512,17.806549063205388,0.75,16.31743040379923
Edirne,2003,8,0.31095969781012195,43.56449100369113,16,2003-08-01,0.23309401205761085,0.544882849453951,33.51354894506797,46.442914115609454,24.97385294571328,22.262679365546713,0.75,24.29605955067164
Edirne,2003,9,0.2537917565031488,34.675176344993055,20,2003-09-01,0.2307815860912639,0.4280952758844171,24.896432427423207,41.17754872016804,11.661720195900639,39.93812376410924,0.75,18.73082108795279
Edirne,2003,10,0.30759851667557986,26.263803923359315,15,2003-10-01,0.2152552747964182,0.41829391480057165,16.77522835590938,32.36020082729328,45.48062471127301,39.11714900445136,0.75,43.8897557845676
Edirne,2003,11,0.32007043006498476,14.190918715202292,9,2003-11-01,0.17948792195600366,0.4775058798381407,-3.1159622949419266,20.564694348016264,47.17249561336166,26.91553586926954,0.75,42.10825567733863
Edirne,2003,12,0.41542591097882203,4.315677290336464,4,2003-12-01,-0.07065826348439928,0.5561485411333174,-9.239650185571627,12.970578214877586,77.54928167374943,38.96808609300962,0.75,67.90398277856448
Edirne,2004,1,0.4401998140643572,1.4313173939554176,8,2004-01-01,0.08043616686526174,0.5398836344204454,-6.942285549142835,14.546001311495033,78.30354340910252,61.03177979051939,0.75,73.98560250445674
Edirne,2004,2,0.44431349857606356,9.45581402376205,11,2004-02-01,0.2158447572788355,0.5781094115554106,-0.43709362442277844,21.385598511847704,63.06680450331789,54.66687800749255,0.75,60.96682287936156
Edirne,2004,3,0.5577725280851202,13.213116263333045,15,2004-03-01,0.23253182000607583,0.6527971427918836,-27.739797537950658,25.350341591394702,77.38937534106434,22.861543644651807,0.75,63.757417416961204
Edirne,2004,4,0.6260588572922757,28.069090991301962,15,2004-04-01,0.27550266758994557,0.7089288854426856,15.91027664835724,29.246850846156192,80.88024564804576,8.83105239311461,0.75,62.86794733431297
Edirne,2004,5,0.5567309425996377,26.677561358657055,13,2004-05-01,0.4749712255444348,0.7409509183928333,13.369828360033154,37.630576166067875,30.739082438825058,45.147061809390394,0.75,34.3410772814664
Edirne,2004,6,0.5088127108856517,35.67840643053445,19,2004-06-01,0.34821741659009237,0.6564900755009678,27.434696048485606,44.35770274837177,52.09521170737006,51.28696378697116,0.75,51.89314972727034
Edirne,2004,7,0.4145209447131967,40.67690969211593,22,2004-07-01,0.28210531739837,0.6438301827213176,30.75144696977978,47.61050744956102,36.60672516848024,41.12683364390577,0.75,37.73675228733662
Edirne,2004,8,0.3344002450143755,43.38616923280066,18,2004-08-01,0.23309401205761085,0.544882849453951,33.51354894506797,46.442914115609454,32.491937108058174,23.641879106124556,0.75,30.279422607574766
Edirne,2004,9,0.30131545803639476,35.75418463909228,21,2004-09-01,0.2307815860912639,0.4280952758844171,24.896432427423207,41.17754872016804,35.747074629779895,33.31076311697689,0.75,35.137996751579145
Edirne,2004,10,0.25424254800213497,28.321894061283484,11,2004-10-01,0.2152552747964182,0.41829391480057165,16.77522835590938,32.36020082729328,19.201898320890656,25.91154250304049,0.75,20.879309366428114
Edirne,2004,11,0.2447424869756748,-3.1159622949419266,11,2004-11-01,0.17948792195600366,0.4775058798381407,-3.1159622949419266,20.564694348016264,21.896185546469194,100.0,0.75,41.422139159851895
Edirne,2004,12,0.28621653983059014,9.614880326766873,10,2004-12-01,-0.07065826348439928,0.5561485411333174,-9.239650185571627,12.970578214877586,56.93537477351477,15.108795045272217,0.75,46.47872984145413
Edirne,2005,1,0.31667298714474734,10.416391824990077,16,2005-01-01,0.08043616686526174,0.5398836344204454,-6.942285549142835,14.546001311495033,51.417591120166854,19.217955871901324,0.75,43.36768230810047
Edirne,2005,2,0.3060744131305556,10.942940672479624,10,2005-02-01,0.2158447572788355,0.5781094115554106,-0.43709362442277844,21.385598511847704,24.907109977898433,47.85228959909957,0.75,30.64340488319872
Edirne,2005,3,0.3521955673193491,17.430769397208163,17,2005-03-01,0.23253182000607583,0.6527971427918836,-27.739797537950658,25.350341591394702,28.47338117740945,14.9172187605156,0.75,25.084340573185987
Edirne,2005,4,0.4977465013698492,25.41199384077769,16,2005-04-01,0.27550266758994557,0.7089288854426856,15.91027664835724,29.246850846156192,51.27604760065823,28.754438347528566,0.75,45.64564528737582
Edirne,2005,5,0.505384374879284,30.663295259979073,13,2005-05-01,0.4749712255444348,0.7409509183928333,13.369828360033154,37.630576166067875,11.434387719284976,28.718327076281348,0.75,15.755372558534068
Edirne,2005,6,0.5072237628414016,34.94598432226686,24,2005-06-01,0.34821741659009237,0.6564900755009678,27.434696048485606,44.35770274837177,51.579775778065176,55.614930567676375,0.75,52.588564475467976
Edirne,2005,7,0.49365773255489515,38.80286040920921,20,2005-07-01,0.28210531739837,0.6438301827213176,30.75144696977978,47.61050744956102,58.48434416242061,52.24281062942185,0.75,56.923960779170926
Edirne,2005,8,0.40758391720452375,38.21423487869497,22,2005-08-01,0.23309401205761085,0.544882849453951,33.51354894506797,46.442914115609454,55.9641283517487,63.64333537166131,0.75,57.88393010672685
Edirne,2005,9,0.40121864717954075,34.366578948635684,20,2005-09-01,0.2307815860912639,0.4280952758844171,24.896432427423207,41.17754872016804,86.37873087617412,41.83355520018889,0.75,75.2424369571778
Edirne,2005,10,0.2980952216410413,25.105843919319287,13,2005-10-01,0.2152552747964182,0.41829391480057165,16.77522835590938,32.36020082729328,40.800089501647804,46.5471268639965,0.75,42.23684884223498
Edirne,2005,11,0.2798899638799262,18.529319693108704,8,2005-11-01,0.17948792195600366,0.4775058798381407,-3.1159622949419266,20.564694348016264,33.6899301764998,8.595093816846544,0.75,27.416221086586486
Edirne,2005,12,0.33823561371481214,9.268617774083214,4,2005-12-01,-0.07065826348439928,0.5561485411333174,-9.239650185571627,12.970578214877586,65.23443494660079,16.667817971288837,0.75,53.09278070277279
Edirne,2006,1,0.3471289082647866,6.894346677743028,2,2006-01-01,0.08043616686526174,0.5398836344204454,-6.942285549142835,14.546001311495033,58.04640578794631,35.608490725094825,0.75,52.43692702223345
Edirne,2006,2,0.2748246148371313,2.691341046806698,11,2006-02-01,0.2158447572788355,0.5781094115554106,-0.43709362442277844,21.385598511847704,16.280875559354715,85.66430460690113,0.75,33.62673282124132
Edirne,2006,3,0.3991165050677157,11.077568770569457,11,2006-03-01,0.23253182000607583,0.6527971427918836,-27.739797537950658,25.350341591394702,39.63798011156427,26.884037327632523,0.75,36.44949441558133
Edirne,2006,4,0.4845749116896644,26.617011002720307,11,2006-04-01,0.27550266758994557,0.7089288854426856,15.91027664835724,29.246850846156192,48.23710137690673,19.71900582887253,0.75,41.107577489898176
Edirne,2006,5,0.5337418096094153,35.25404658388785,16,2006-05-01,0.4749712255444348,0.7409509183928333,13.369828360033154,37.630576166067875,22.095891395166838,9.795780415263533,0.75,19.020863650191014
Edirne,2006,6,0.48006796202920043,31.581187530062117,19,2006-06-01,0.34821741659009237,0.6564900755009678,27.434696048485606,44.35770274837177,42.77075557233485,75.49790320886416,0.75,50.95254248146718
Edirne,2006,7,0.4761896289698638,38.28160687851585,21,2006-07-01,0.28210531739837,0.6438301827213176,30.75144696977978,47.61050744956102,53.65523086122804,55.33464087297834,0.75,54.07508336416562
Edirne,2006,8,0.43255258976765876,43.429214505655985,24,2006-08-01,0.23309401205761085,0.544882849453951,33.51354894506797,46.442914115609454,63.97232799469977,23.308952684080275,0.75,53.8064841670449
Edirne,2006,9,0.3464558136930235,35.7134887948878,22,2006-09-01,0.2307815860912639,0.4280952758844171,24.896432427423207,41.17754872016804,58.624532196941104,33.56072045081531,0.75,52.358579260409655
Edirne,2006,10,0.39166452971700905,21.604193888795567,11,2006-10-01,0.2152552747964182,0.41829391480057165,16.77522835590938,32.36020082729328,86.88457276751959,69.01524502688206,0.75,82.4172408323602
Edirne,2006,11,0.37656721744553434,14.905438759975349,15,2006-11-01,0.17948792195600366,0.4775058798381407,-3.1159622949419266,20.564694348016264,66.13000669156771,23.898220701256538,0.75,55.57206019398993
Edirne,2006,12,0.41019134269234847,7.2892359475279545,21,2006-12-01,-0.07065826348439928,0.5561485411333174,-9.239650185571627,12.970578214877586,76.71416497624227,25.5798462083115,0.75,63.93058528425958
Edirne,2007,1,0.38350505129498164,7.971407644755047,15,2007-01-01,0.08043616686526174,0.5398836344204454,-6.942285549142835,14.546001311495033,65.96377297330922,30.596174136074538,0.75,57.12187326400054
Edirne,2007,2,0.4619853375715737,8.43865749522821,18,2007-02-01,0.2158447572788355,0.5781094115554106,-0.43709362442277844,21.385598511847704,67.94496161494665,59.327881893641276,0.75,65.79069168462031
Edirne,2007,3,0.5183544272458485,15.527651759951802,17,2007-03-01,0.23253182000607583,0.6527971427918836,-27.739797537950658,25.350341591394702,68.01003835984936,18.501910133464783,0.75,55.63300630325321
Edirne,2007,4,0.5784816755331038,25.811382322434593,14,2007-04-01,0.27550266758994557,0.7089288854426856,15.91027664835724,29.246850846156192,69.90324891838863,25.75975263788945,0.75,58.867374848263836
Edirne,2007,5,0.5498492736166214,31.553566852684774,19,2007-05-01,0.4749712255444348,0.7409509183928333,13.369828360033154,37.630576166067875,28.15179131546148,25.04873040999783,0.75,27.376026089095568
Edirne,2007,6,0.46015503058346685,39.767735772316044,18,2007-06-01,0.34821741659009237,0.6564900755009678,27.434696048485606,44.35770274837177,36.31123641935976,27.122644678067772,0.75,34.01408848403676
Edirne,2007,7,0.3668231195249226,44.84568774814795,23,2007-07-01,0.28210531739837,0.6438301827213176,30.75144696977978,47.61050744956102,23.420508305647328,16.399607230360584,0.75,21.66528303682564
Edirne,2007,8,0.2773546886298151,44.395769415756355,24,2007-08-01,0.23309401205761085,0.544882849453951,33.51354894506797,46.442914115609454,14.195721996275607,15.833296320822873,0.75,14.605115577412423
Edirne,2007,9,0.282439023938277,33.273789101567424,11,2007-09-01,0.2307815860912639,0.4280952758844171,24.896432427423207,41.17754872016804,26.180361788969822,48.545563316949455,0.75,31.77166217096473
Edirne,2007,10,0.281065022153267,27.473466557688557,6,2007-10-01,0.2152552747964182,0.41829391480057165,16.77522835590938,32.36020082729328,32.41242521891526,31.355424455047487,0.75,32.14817502794832
Edirne,2007,11,0.2933252274842085,17.90540875566694,6,2007-11-01,0.17948792195600366,0.4775058798381407,-3.1159622949419266,20.564694348016264,38.198136225477484,11.229779783746425,0.75,31.45604711504472
Edirne,2007,12,0.32979043067871344,6.4921974877167905,4,2007-12-01,-0.07065826348439928,0.5561485411333174,-9.239650185571627,12.970578214877586,63.887100652543566,29.168456129112872,0.75,55.2074395216859
Edirne,2008,1,0.27974043461071013,1.4319379675746973,7,2008-01-01,0.08043616686526174,0.5398836344204454,-6.942285549142835,14.546001311495033,43.379119881972194,61.028891828238805,0.75,47.79156286853885
Edirne,2008,2,0.31264209583713726,11.125839443080503,9,2008-02-01,0.2158447572788355,0.5781094115554106,-0.43709362442277844,21.385598511847704,26.720061539429324,47.0141768242926,0.75,31.79359036064514
Edirne,2008,3,0.43551299280315525,20.95578145035318,14,2008-03-01,0.23253182000607583,0.6527971427918836,-27.739797537950658,25.350341591394702,48.29833959451628,8.277544969951771,0.75,38.29314093837515
Edirne,2008,4,0.5770077052960864,20.00825583405788,9,2008-04-01,0.27550266758994557,0.7089288854426856,15.91027664835724,29.246850846156192,69.56317483511796,69.2726248516132,0.75,69.49053733924177
Edirne,2008,5,0.6304548005837421,32.16449267125918,20,2008-05-01,0.4749712255444348,0.7409509183928333,13.369828360033154,37.630576166067875,58.45693457805777,22.530564756330534,0.75,49.47534212262596
Edirne,2008,6,0.45581106422155665,37.32479474742296,20,2008-06-01,0.34821741659009237,0.6564900755009678,27.434696048485606,44.35770274837177,34.90210517260651,41.558265181069245,0.75,36.566145174722195
Edirne,2008,7,0.3573123686313135,42.46459935997787,21,2008-07-01,0.28210531739837,0.6438301827213176,30.75144696977978,47.61050744956102,20.79123069568322,30.523101187960886,0.75,23.224198318752634
Edirne,2008,8,0.29857618695010574,45.18775131212552,20,2008-08-01,0.23309401205761085,0.544882849453951,33.51354894506797,46.442914115609454,21.002090850755877,9.7078455664917,0.75,18.178529529689833
Edirne,2008,9,0.2666087354681749,37.018252674835715,15,2008-09-01,0.2307815860912639,0.4280952758844171,24.896432427423207,41.17754872016804,18.157457505593808,25.546749808462366,0.75,20.004780581310946
Edirne,2008,10,0.3076297569178988,25.342601256197508,5,2008-10-01,0.2152552747964182,0.41829391480057165,16.77522835590938,32.36020082729328,45.496011064490446,45.027988236623635,0.75,45.37900535752374
Edirne,2008,11,0.3264822616703499,15.453527152566854,8,2008-11-01,0.17948792195600366,0.4775058798381407,-3.1159622949419266,20.564694348016264,49.32398730565121,21.583722413243528,0.75,42.38892108254929
Edirne,2008,12,0.38429814782172905,4.1317309510355065,4,2008-12-01,-0.07065826348439928,0.5561485411333174,-9.239650185571627,12.970578214877586,72.58319596316473,39.79629162059095,0.75,64.38646987752128
Edirne,2009,1,0.26690709876857915,14.546001311495033,7,2009-01-01,0.08043616686526174,0.5398836344204454,-6.942285549142835,14.546001311495033,40.58590917816314,0.0,0.75,30.439431883622355
Edirne,2009,2,0.40608609323995115,7.401381884866357,10,2009-02-01,0.2158447572788355,0.5781094115554106,-0.43709362442277844,21.385598511847704,52.514462483517285,64.08107917968026,0.75,55.40611665755803
Edirne,2009,3,0.4730657634525611,14.00352948307468,7,2009-03-01,0.23253182000607583,0.6527971427918836,-27.739797537950658,25.350341591394702,57.23383072675633,21.37273002934761,0.75,48.26855555240415
Edirne,2009,4,0.5429130729246492,22.975302072167683,13,2009-04-01,0.27550266758994557,0.7089288854426856,15.91027664835724,29.246850846156192,61.69686888335823,47.02518563593008,0.75,58.02894807150119
Edirne,2009,5,0.5956973354042958,33.205210390288364,25,2009-05-01,0.4749712255444348,0.7409509183928333,13.369828360033154,37.630576166067875,45.38922072094869,18.240846535978278,0.75,38.60212717470609
Edirne,2009,6,0.4283444464043449,35.55791695730677,23,2009-06-01,0.34821741659009237,0.6564900755009678,27.434696048485606,44.35770274837177,25.992259611131455,51.998949992285894,0.75,32.49393220642006
Edirne,2009,7,0.4016058216679159,42.31535088157759,27,2009-07-01,0.28210531739837,0.6438301827213176,30.75144696977978,47.61050744956102,33.03629795061392,31.40837281136643,0.75,32.62931666580205
Edirne,2009,8,0.33951834862346036,41.26338459651822,27,2009-08-01,0.23309401205761085,0.544882849453951,33.51354894506797,46.442914115609454,34.13346592346565,40.060199791497666,0.75,35.615149390473654
Edirne,2009,9,0.3578311343914942,33.466330652551555,21,2009-09-01,0.2307815860912639,0.4280952758844171,24.896432427423207,41.17754872016804,64.38962670730967,47.362956746723476,0.75,60.132959217163126
Edirne,2009,10,0.41829391480057165,21.810200505394107,21,2009-10-01,0.2152552747964182,0.41829391480057165,16.77522835590938,32.36020082729328,100.0,67.6934164707085,0.75,91.92335411767712
Edirne,2009,11,0.3591680726985615,15.374733088712338,17,2009-11-01,0.17948792195600366,0.4775058798381407,-3.1159622949419266,20.564694348016264,60.29171933780562,21.916458388611623,0.75,50.697904100507124
Edirne,2009,12,0.390047061526945,11.685330880879073,7,2009-12-01,-0.07065826348439928,0.5561485411333174,-9.239650185571627,12.970578214877586,73.50037070709914,5.786736231728791,0.75,56.57196208825655
Edirne,2010,1,0.08043616686526174,-6.942285549142835,3,2010-01-01,0.08043616686526174,0.5398836344204454,-6.942285549142835,14.546001311495033,0.0,100.0,0.75,25.0
Edirne,2010,2,0.4202126709121004,7.8695421409188135,10,2010-02-01,0.2158447572788355,0.5781094115554106,-0.43709362442277844,21.385598511847704,56.413981110406056,61.93578815358203,0.75,57.79443287120005
Edirne,2010,3,0.4540821188107495,4.623129887644752,12,2010-03-01,0.23253182000607583,0.6527971427918836,-27.739797537950658,25.350341591394702,52.71676885832165,39.041547156716845,0.75,49.297963432920454
Edirne,2010,4,0.5756065075907207,22.16772077673253,20,2010-04-01,0.27550266758994557,0.7089288854426856,15.91027664835724,29.246850846156192,69.23989081406648,53.08057349984219,0.75,65.20006148551042
Edirne,2010,5,0.5478497996509589,31.675225766768367,25,2010-05-01,0.4749712255444348,0.7409509183928333,13.369828360033154,37.630576166067875,27.40005198369147,24.547266419455333,0.75,26.686855592632433
Edirne,2010,6,0.3998484402761552,38.20193376808518,16,2010-06-01,0.34821741659009237,0.6564900755009678,27.434696048485606,44.35770274837177,16.748492671544327,36.37514946045607,0.75,21.655156868772263
Edirne,2010,7,0.4736973551000176,36.44013246692207,23,2010-07-01,0.28210531739837,0.6438301827213176,30.75144696977978,47.61050744956102,52.966233750780276,66.25739907651065,0.75,56.28902508221287
Edirne,2010,8,0.41955713278094964,39.0848761560246,16,2010-08-01,0.23309401205761085,0.544882849453951,33.51354894506797,46.442914115609454,59.80429648490279,56.90950686696939,0.75,59.08059908041944
Edirne,2010,9,0.34066775352525414,34.57609919423932,17,2010-09-01,0.2307815860912639,0.4280952758844171,24.896432427423207,41.17754872016804,55.691101590156016,40.54666404459287,0.75,51.90499220376523
Edirne,2010,10,0.3144681165320183,25.98229583806188,16,2010-10-01,0.2152552747964182,0.41829391480057165,16.77522835590938,32.36020082729328,48.86402003755075,40.9234280069605,0.75,46.87887202990319
Edirne,2010,11,0.27933545445075075,13.83274353066813,12,2010-11-01,0.17948792195600366,0.4775058798381407,-3.1159622949419266,20.564694348016264,33.50386439941842,28.428058051126648,0.75,32.23491281234548
Edirne,2010,12,0.3242171567231929,4.318841135958646,7,2010-12-01,-0.07065826348439928,0.5561485411333174,-9.239650185571627,12.970578214877586,62.99794726198336,38.95384109937363,0.75,56.98692072133093
Edirne,2011,1,0.3238927336135037,-6.910665360574593,8,2011-01-01,0.08043616686526174,0.5398836344204454,-6.942285549142835,14.546001311495033,52.98898871806289,99.85284918814928,0.75,64.70495383558449
Edirne,2011,2,0.48637689877546236,9.364057414356676,13,2011-02-01,0.2158447572788355,0.5781094115554106,-0.43709362442277844,21.385598511847704,74.67803946726914,55.087342214348446,0.75,69.78036515403898
Edirne,2011,3,0.4900843595147662,25.350341591394702,12,2011-03-01,0.23253182000607583,0.6527971427918836,-27.739797537950658,25.350341591394702,61.283319261616676,0.0,0.75,45.96248944621251
Edirne,2011,4,0.5797501889308032,17.203219329294658,10,2011-04-01,0.27550266758994557,0.7089288854426856,15.91027664835724,29.246850846156192,70.19592004566464,90.30528633694549,0.75,75.22326161848484
Edirne,2011,5,0.5835108799495995,32.06170819009165,19,2011-05-01,0.4749712255444348,0.7409509183928333,13.369828360033154,37.630576166067875,40.80749670879177,22.954230514654625,0.75,36.34418016025748
Edirne,2011,6,0.4646238384660772,36.22394272972177,20,2011-06-01,0.34821741659009237,0.6564900755009678,27.434696048485606,44.35770274837177,37.76086477706056,48.063326824214485,0.75,40.336480288849046
Edirne,2011,7,0.40676568094637644,43.39745636810202,18,2011-07-01,0.28210531739837,0.6438301827213176,30.75144696977978,47.61050744956102,34.462757609076654,24.989833131636455,0.75,32.09452648971661
Edirne,2011,8,0.3345312369142063,44.24190150333447,26,2011-08-01,0.23309401205761085,0.544882849453951,33.51354894506797,46.442914115609454,32.53395012588289,17.023361806578222,0.75,28.656303046056724
Edirne,2011,9,0.29253667279515755,39.773205511739334,24,2011-09-01,0.2307815860912639,0.4280952758844171,24.896432427423207,41.17754872016804,31.297923002013903,8.625595341116183,0.75,25.629841086789472
Edirne,2011,10,0.3240497263350567,21.71493249490241,22,2011-10-01,0.2152552747964182,0.41829391480057165,16.77522835590938,32.36020082729328,53.58312660901045,68.30469769476342,0.75,57.2635193804487
Edirne,2011,11,0.28046441646743064,15.087793129960763,13,2011-11-01,0.17948792195600366,0.4775058798381407,-3.1159622949419266,20.564694348016264,33.88268788532607,23.128164478851737,0.75,31.194057033707487
Edirne,2011,12,,,6,2011-12-01,-0.07065826348439928,0.5561485411333174,-9.239650185571627,12.970578214877586,,,0.75,
Edirne,2012,1,0.3067929685911822,3.469283407897625,5,2012-01-01,0.08043616686526174,0.5398836344204454,-6.942285549142835,14.546001311495033,49.2671780150215,51.54770119849658,0.75,49.83730881089027
Edirne,2012,2,0.26150445255214366,-0.43709362442277844,8,2012-02-01,0.2158447572788355,0.5781094115554106,-0.43709362442277844,21.385598511847704,12.603960870675706,100.0,0.75,34.45297065300678
Edirne,2012,3,0.34374503981314974,22.345367325968727,10,2012-03-01,0.23253182000607583,0.6527971427918836,-27.739797537950658,25.350341591394702,26.462621058020243,5.660136354332867,0.75,21.261999882098397
Edirne,2012,4,0.5447488674086564,26.235588747313955,10,2012-04-01,0.27550266758994557,0.7089288854426856,15.91027664835724,29.246850846156192,62.12042297593296,22.57897758585718,0.75,52.235061628414016
Edirne,2012,5,0.5880012186584006,31.441847390463817,10,2012-05-01,0.4749712255444348,0.7409509183928333,13.369828360033154,37.630576166067875,42.49572285143961,25.50922512810857,0.75,38.24909842060685
Edirne,2012,6,0.5226866497468918,39.75636670711199,12,2012-06-01,0.34821741659009237,0.6564900755009678,27.434696048485606,44.35770274837177,56.595753179408675,27.189825796681486,0.75,49.24427133372687
Edirne,2012,7,0.40207041281975603,45.03312230853006,14,2012-07-01,0.28210531739837,0.6438301827213176,30.75144696977978,47.61050744956102,33.16473566567819,15.287833768210096,0.75,28.69551019131116
Edirne,2012,8,0.30836404358714187,41.17772365626303,10,2012-08-01,0.23309401205761085,0.544882849453951,33.51354894506797,46.442914115609454,24.14134904831411,40.72272992445701,0.75,28.286694267349837
Edirne,2012,9,0.2864757165645702,38.98911990558155,9,2012-09-01,0.2307815860912639,0.4280952758844171,24.896432427423207,41.17754872016804,28.22618670386798,13.441515773471206,0.75,24.530018971268788
Edirne,2012,10,0.2868461453773353,27.176085899652275,13,2012-10-01,0.2152552747964182,0.41829391480057165,16.77522835590938,32.36020082729328,35.25972720239489,33.26354882666452,0.75,34.760682608462304
Edirne,2012,11,0.36373678722021696,14.151118422322918,6,2012-11-01,0.17948792195600366,0.4775058798381407,-3.1159622949419266,20.564694348016264,61.82475263355833,27.0836067698339,0.75,53.139466167627226
Edirne,2012,12,,,4,2012-12-01,-0.07065826348439928,0.5561485411333174,-9.239650185571627,12.970578214877586,,,0.75,
Edirne,2013,1,0.39007996859478444,10.670592872890614,5,2013-01-01,0.08043616686526174,0.5398836344204454,-6.942285549142835,14.546001311495033,67.39482173603052,18.034980935140865,0.75,55.054861535808115
Edirne,2013,2,,,8,2013-02-01,0.2158447572788355,0.5781094115554106,-0.43709362442277844,21.385598511847704,,,0.75,
Edirne,2013,3,0.5285118259718307,14.579524822615465,3,2013-03-01,0.23253182000607583,0.6527971427918836,-27.739797537950658,25.350341591394702,70.42693982072936,20.287791566222722,0.75,57.8921527571027
Edirne,2013,4,0.6417511408275666,23.195393945431015,11,2013-04-01,0.27550266758994557,0.7089288854426856,15.91027664835724,29.246850846156192,84.50076579401959,45.374897713416544,0.75,74.71929877386883
Edirne,2013,5,0.5949415561025065,34.980588577556254,23,2013-05-01,0.4749712255444348,0.7409509183928333,13.369828360033154,37.630576166067875,45.10507147117118,10.922942729129115,0.75,36.55953928566066
Edirne,2013,6,0.43953592854617546,34.50805223747539,26,2013-06-01,0.34821741659009237,0.6564900755009678,27.434696048485606,44.35770274837177,29.622643888923065,58.20272180689165,0.75,36.767663368415214
Edirne,2013,7,0.520494794924943,40.6404817250643,28,2013-07-01,0.28210531739837,0.6438301827213176,30.75144696977978,47.61050744956102,65.90353619006508,41.342907173598114,0.75,59.76337893594834
Edirne,2013,8,0.36438403916873524,42.20391911017913,26,2013-08-01,0.23309401205761085,0.544882849453951,33.51354894506797,46.442914115609454,42.10863615499837,32.78579380748355,0.75,39.77792556811966
Edirne,2013,9,0.32036948135101206,34.256924402708805,18,2013-09-01,0.2307815860912639,0.4280952758844171,24.896432427423207,41.17754872016804,45.40379096537319,42.507062740797416,0.75,44.679608909229245
Edirne,2013,10,0.27464992230452095,27.884610696362753,14,2013-10-01,0.2152552747964182,0.41829391480057165,16.77522835590938,32.36020082729328,29.252878913534758,28.71734383328757,0.75,29.11899514347296
Edirne,2013,11,0.445415739729597,17.12045914065167,23,2013-11-01,0.17948792195600366,0.4775058798381407,-3.1159622949419266,20.564694348016264,89.23214549331455,14.544508876145512,0.75,70.5602363390223
Edirne,2013,12,0.4057285984493248,6.066487437011899,23,2013-12-01,-0.07065826348439928,0.5561485411333174,-9.239650185571627,12.970578214877586,76.00218415373901,31.085185858449112,0.75,64.77293457991654
Edirne,2014,1,0.4436112709348194,12.208998820991004,21,2014-01-01,0.08043616686526174,0.5398836344204454,-6.942285549142835,14.546001311495033,79.04605634286953,10.875704078508639,0.75,62.003468276779316
Edirne,2014,2,0.5781094115554106,10.78647429053959,17,2014-02-01,0.2158447572788355,0.5781094115554106,-0.43709362442277844,21.385598511847704,99.99999999999999,48.569278964861546,0.75,87.14231974121537
Edirne,2014,3,0.597645833050286,23.071550918702535,15,2014-03-01,0.23253182000607583,0.6527971427918836,-27.739797537950658,25.350341591394702,86.87702583310542,4.292304955427354,0.75,66.2308456136859
Edirne,2014,4,0.696618338560109,20.5042793442973,18,2014-04-01,0.27550266758994557,0.7089288854426856,15.91027664835724,29.246850846156192,97.15971337784666,65.5533525491258,0.75,89.25812317066645
Edirne,2014,5,0.6127195391459561,28.507161721791313,25,2014-05-01,0.4749712255444348,0.7409509183928333,13.369828360033154,37.630576166067875,51.78903401472617,37.6056604570415,0.75,48.243190625305004
Edirne,2014,6,0.4972436280349362,35.18527622118949,24,2014-06-01,0.34821741659009237,0.6564900755009678,27.434696048485606,44.35770274837177,48.34233823114646,54.20092711565245,0.75,49.806985452272954
Edirne,2014,7,0.5449960323728088,37.48565021495951,25,2014-07-01,0.28210531739837,0.6438301827213176,30.75144696977978,47.61050744956102,72.67698192097748,60.05588061531698,0.75,69.52170659456236
Edirne,2014,8,0.5107775348393482,38.0124130382866,26,2014-08-01,0.23309401205761085,0.544882849453951,33.51354894506797,46.442914115609454,89.06140614288611,65.20429244686403,0.75,83.0971277188806
Edirne,2014,9,0.4164504879489334,29.275496536055105,26,2014-09-01,0.2307815860912639,0.4280952758844171,24.896432427423207,41.17754872016804,94.09833755189968,73.10341606869248,0.75,88.84960718109787
Edirne,2014,10,0.3690462337033318,24.880942252656773,23,2014-10-01,0.2152552747964182,0.41829391480057165,16.77522835590938,32.36020082729328,75.74467544885425,47.990194325780365,0.75,68.80605516808578
Edirne,2014,11,0.3005494575140294,15.079754493057393,19,2014-11-01,0.17948792195600366,0.4775058798381407,-3.1159622949419266,20.564694348016264,40.62222841145174,23.162110483916425,0.75,36.257198929567906
Edirne,2014,12,0.38329717185221684,8.10959832859096,17,2014-12-01,-0.07065826348439928,0.5561485411333174,-9.239650185571627,12.970578214877586,72.42350146684817,21.886221963337892,0.75,59.7891815909706
Edirne,2015,1,0.3663506589346349,3.870011584005491,20,2015-01-01,0.08043616686526174,0.5398836344204454,-6.942285549142835,14.546001311495033,62.230072480491444,49.68283324179632,0.75,59.09326267081766
Edirne,2015,2,0.34051926147456035,8.310732567453345,16,2015-02-01,0.2158447572788355,0.5781094115554106,-0.43709362442277844,21.385598511847704,34.41531011207642,59.91408329801451,0.75,40.79000340856094
Edirne,2015,3,0.37035295065463264,13.738396347896138,25,2015-03-01,0.23253182000607583,0.6527971427918836,-27.739797537950658,25.350341591394702,32.79383836262852,21.8721318759553,0.75,30.063411740960216
Edirne,2015,4,0.5475007760580696,25.107036021540505,23,2015-04-01,0.27550266758994557,0.7089288854426856,15.91027664835724,29.246850846156192,62.755342723761466,31.041066192987667,0.75,54.82677359106802
Edirne,2015,5,0.598015291711605,35.471526318169076,25,2015-05-01,0.4749712255444348,0.7409509183928333,13.369828360033154,37.630576166067875,46.26069939756718,8.899354072514402,0.75,36.920363066303985
Edirne,2015,6,0.4665479460366695,36.308273765957566,25,2015-06-01,0.34821741659009237,0.6564900755009678,27.434696048485606,44.35770274837177,38.3850224877671,47.5650049968269,0.75,40.680018115032055
Edirne,2015,7,0.4717971818595962,42.68815477283959,28,2015-07-01,0.28210531739837,0.6438301827213176,30.75144696977978,47.61050744956102,52.440924759725725,29.1970758549963,0.75,46.62996253354336
Edirne,2015,8,0.3784614016546486,43.65531069354424,28,2015-08-01,0.23309401205761085,0.544882849453951,33.51354894506797,46.442914115609454,46.623667098206404,21.56024975160069,0.75,40.357812761554975
Edirne,2015,9,0.36034683412370194,39.73171823603815,24,2015-09-01,0.2307815860912639,0.4280952758844171,24.896432427423207,41.17754872016804,65.66460146189713,8.880413714471048,0.75,51.46855452504062
Edirne,2015,10,0.3787654004961124,22.370482804111305,19,2015-10-01,0.2152552747964182,0.41829391480057165,16.77522835590938,32.36020082729328,80.53153118852124,64.09840018341026,0.75,76.4232484372435
Edirne,2015,11,0.4156499142492838,17.00550342075575,23,2015-11-01,0.17948792195600366,0.4775058798381407,-3.1159622949419266,20.564694348016264,79.24421533909033,15.029950313134131,0.75,63.19064908260128
Edirne,2015,12,0.5561485411333174,9.673491976929661,26,2015-12-01,-0.07065826348439928,0.5561485411333174,-9.239650185571627,12.970578214877586,100.0,14.844900189685756,0.75,78.71122504742144
Edirne,2016,1,0.4856228583394776,5.484873230521921,22,2016-01-01,0.08043616686526174,0.5398836344204454,-6.942285549142835,14.546001311495033,88.18999343500559,42.16775464577048,0.75,76.6844337376968
Edirne,2016,2,0.47092715433931503,12.675413196743042,16,2016-02-01,0.2158447572788355,0.5781094115554106,-0.43709362442277844,21.385598511847704,70.41327218904827,39.91343167339041,0.75,62.78831206013381
Edirne,2016,3,0.6087395219794557,16.631909748455545,23,2016-03-01,0.23253182000607583,0.6527971427918836,-27.739797537950658,25.350341591394702,89.51671279457851,16.42194197626444,0.75,71.24302009
Edirne,2016,4,0.6290392512523736,29.246850846156192,22,2016-04-01,0.27550266758994557,0.7089288854426856,15.91027664835724,29.246850846156192,81.5678814756298,0.0,0.75,61.17591110672235
Edirne,2016,5,0.6962490874927474,26.479235334697652,25,2016-05-01,0.4749712255444348,0.7409509183928333,13.369828360033154,37.630576166067875,83.19351736165632,45.96453877071502,0.75,73.88627271392099
Edirne,2016,6,0.49573685404641304,39.76041739748622,21,2016-06-01,0.34821741659009237,0.6564900755009678,27.434696048485606,44.35770274837177,47.853558592418004,27.165889799691882,0.75,42.68164139423647
Edirne,2016,7,0.4350471333773664,42.45916983809806,28,2016-07-01,0.28210531739837,0.6438301827213176,30.75144696977978,47.61050744956102,42.281255904940366,30.555306552466917,0.75,39.34976856682201
Edirne,2016,8,0.3735586255737426,43.267629479918746,28,2016-08-01,0.23309401205761085,0.544882849453951,33.51354894506797,46.442914115609454,45.051200257556275,24.558704884639948,0.75,39.928076414327194
Edirne,2016,9,0.42130594827280987,32.904501578034086,23,2016-09-01,0.2307815860912639,0.4280952758844171,24.896432427423207,41.17754872016804,96.55911983668007,50.81375867218992,0.75,85.12277954555753
Edirne,2016,10,0.2764771973566277,29.490840410584457,24,2016-10-01,0.2152552747964182,0.41829391480057165,16.77522835590938,32.36020082729328,30.15284310363638,18.411071447045263,0.75,27.2174001894886
Edirne,2016,11,0.2868479099114933,16.97909516147416,27,2016-11-01,0.17948792195600366,0.4775058798381407,-3.1159622949419266,20.564694348016264,36.02467070053187,15.14146858595806,0.75,30.80387017188842
Edirne,2016,12,0.3348628042234221,6.761626918810823,22,2016-12-01,-0.07065826348439928,0.5561485411333174,-9.239650185571627,12.970578214877586,64.69634099699104,27.955368959380824,0.75,55.511097987588485
Edirne,2017,1,0.36058418254298324,2.48220359804767,24,2017-01-01,0.08043616686526174,0.5398836344204454,-6.942285549142835,14.546001311495033,60.97498309620638,56.141272646288826,0.75,59.76655548372699
Edirne,2017,2,0.3157648433025379,9.30025482647403,18,2017-02-01,0.2158447572788355,0.5781094115554106,-0.43709362442277844,21.385598511847704,27.582068756676783,55.37971030296114,0.75,34.53147914324787
Edirne,2017,3,0.5481734576360198,16.731856386189385,20,2017-03-01,0.23253182000607583,0.6527971427918836,-27.739797537950658,25.350341591394702,75.10532525920861,16.233683592743656,0.75,60.38741484259238
Edirne,2017,4,0.6776416514588911,24.995160109661455,26,2017-04-01,0.27550266758994557,0.7089288854426856,15.91027664835724,29.246850846156192,92.78141637605675,31.87993163339075,0.75,77.55604519039025
Edirne,2017,5,0.6243542088245495,30.24507573287777,25,2017-05-01,0.4749712255444348,0.7409509183928333,13.369828360033154,37.630576166067875,56.16330392758935,30.44217965677466,0.75,49.73302285988568
Edirne,2017,6,0.6564900755009678,35.6956697368456,26,2017-06-01,0.34821741659009237,0.6564900755009678,27.434696048485606,44.35770274837177,100.0,51.18495291728766,0.75,87.79623822932192
Edirne,2017,7,0.45402345011635453,40.13003626702163,24,2017-07-01,0.28210531739837,0.6438301827213176,30.75144696977978,47.61050744956102,47.52731957326079,44.37062902473469,0.75,46.73814693612926
Edirne,2017,8,0.39754668031465284,41.03764948358522,26,2017-08-01,0.23309401205761085,0.544882849453951,33.51354894506797,46.442914115609454,52.74488645274776,41.80611005047404,0.75,50.01019235217933
Edirne,2017,9,0.3393982874904182,39.04827661602627,28,2017-09-01,0.2307815860912639,0.4280952758844171,24.896432427423207,41.17754872016804,55.047727054832734,13.078170230198603,0.75,44.5553378486742
Edirne,2017,10,0.33369275018271516,26.022192230091576,27,2017-10-01,0.2152552747964182,0.41829391480057165,16.77522835590938,32.36020082729328,58.33248064697151,40.66743530563907,0.75,53.9162193116384
Edirne,2017,11,0.41856628539963026,13.798726938733036,25,2017-11-01,0.17948792195600366,0.4775058798381407,-3.1159622949419266,20.564694348016264,80.22280440502166,28.571705216186196,0.75,67.3100296078128
Edirne,2017,12,0.48006522514781647,10.153046078840124,22,2017-12-01,-0.07065826348439928,0.5561485411333174,-9.239650185571627,12.970578214877586,87.86175972803879,12.685741385624274,0.75,69.06775514243516
Edirne,2018,1,0.5056838281814763,5.736901059567091,22,2018-01-01,0.08043616686526174,0.5398836344204454,-6.942285549142835,14.546001311495033,92.55631847946546,40.994893213494855,0.75,79.6659621629728
Edirne,2018,2,0.5043783976746966,12.338051493517277,16,2018-02-01,0.2158447572788355,0.5781094115554106,-0.43709362442277844,21.385598511847704,79.6471963217192,41.45935323576745,0.75,70.10023555023128
Edirne,2018,3,0.6073521015621184,17.441633569219416,22,2018-03-01,0.23253182000607583,0.6527971427918836,-27.739797537950658,25.350341591394702,89.18658314977687,14.896755126045205,0.75,70.61412614384395
Edirne,2018,4,0.6031705393165132,27.515238075737294,26,2018-04-01,0.27550266758994557,0.7089288854426856,15.91027664835724,29.246850846156192,75.59945804614324,12.983939838948155,0.75,59.94557849434447
Edirne,2018,5,0.5017130068863923,34.82884375255167,23,2018-05-01,0.4749712255444348,0.7409509183928333,13.369828360033154,37.630576166067875,10.054068810884596,11.548417369143463,0.75,10.427655950449314
Edirne,2018,6,0.4344809346545661,31.348728632364878,26,2018-06-01,0.34821741659009237,0.6564900755009678,27.434696048485606,44.35770274837177,27.98286373149081,76.87152966791888,0.75,40.20503021559783
Edirne,2018,7,0.6438301827213176,34.470262207774084,28,2018-07-01,0.28210531739837,0.6438301827213176,30.75144696977978,47.61050744956102,100.0,77.9417409264638,0.75,94.48543523161595
Edirne,2018,8,0.544882849453951,38.483528984292924,28,2018-08-01,0.23309401205761085,0.544882849453951,33.51354894506797,46.442914115609454,100.0,61.560525411188365,0.75,90.39013135279708
Edirne,2018,9,0.3785337914216165,34.88976026900373,26,2018-09-01,0.2307815860912639,0.4280952758844171,24.896432427423207,41.17754872016804,74.88188249139903,38.620131065375816,0.75,65.81644463489322
Edirne,2018,10,0.3174729814038656,27.09971379675184,23,2018-10-01,0.2152552747964182,0.41829391480057165,16.77522835590938,32.36020082729328,50.34396733811671,33.75358564283898,0.75,46.19637191429727
Edirne,2018,11,0.3488914828838631,12.468290153671116,21,2018-11-01,0.17948792195600366,0.4775058798381407,-3.1159622949419266,20.564694348016264,56.843407065710046,34.189948008695694,0.75,51.18004230145646
Edirne,2018,12,0.34469964048482815,4.039321078463316,13,2018-12-01,-0.07065826348439928,0.5561485411333174,-9.239650185571627,12.970578214877586,66.26569796455068,40.21236060874382,0.75,59.752363625598974
Edirne,2019,1,0.34483403460452283,8.09892587712314,14,2019-01-01,0.08043616686526174,0.5398836344204454,-6.942285549142835,14.546001311495033,57.54692024883227,30.002742778818785,0.75,50.660875881328906
Edirne,2019,2,0.3811616988499975,15.242984553075638,22,2019-02-01,0.2158447572788355,0.5781094115554106,-0.43709362442277844,21.385598511847704,45.634300674817936,28.1478285099514,0.75,41.2626826336013
Edirne,2019,3,0.46959314212200703,22.12459520979173,24,2019-03-01,0.23253182000607583,0.6527971427918836,-27.739797537950658,25.350341591394702,56.40753811057396,6.075980275252194,0.75,43.824648651743516
Edirne,2019,4,0.5349996141043627,25.1426057085688,19,2019-04-01,0.27550266758994557,0.7089288854426856,15.91027664835724,29.246850846156192,59.87107743504876,30.774358367569004,0.75,52.59689766817882
Edirne,2019,5,0.7409509183928333,26.528424707235544,28,2019-05-01,0.4749712255444348,0.7409509183928333,13.369828360033154,37.630576166067875,100.0,45.76178585917593,0.75,86.44044646479398
Edirne,2019,6,0.5626259165117652,34.95170967045055,27,2019-06-01,0.34821741659009237,0.6564900755009678,27.434696048485606,44.35770274837177,69.55157835896837,55.581098824386174,0.75,66.05895847532283
Edirne,2019,7,0.5124669470915335,41.80512280232637,26,2019-07-01,0.28210531739837,0.6438301827213176,30.75144696977978,47.61050744956102,63.68421189057513,34.434805273976785,0.75,56.37186023642555
Edirne,2019,8,0.402294351186527,41.75880206908117,26,2019-08-01,0.23309401205761085,0.544882849453951,33.51354894506797,46.442914115609454,54.267606416528565,36.228476686548035,0.75,49.757823984033436
Edirne,2019,9,0.3698786585048726,33.67617475736316,22,2019-09-01,0.2307815860912639,0.4280952758844171,24.896432427423207,41.17754872016804,70.49539875283169,46.07407642034738,0.75,64.39006816971062
Edirne,2019,10,0.3170059909593765,30.478412215529364,27,2019-10-01,0.2152552747964182,0.41829391480057165,16.77522835590938,32.36020082729328,50.11396656364366,12.074378798032116,0.75,40.60406962224077
Edirne,2019,11,0.4317730831183152,20.435897752843125,26,2019-11-01,0.17948792195600366,0.4775058798381407,-3.1159622949419266,20.564694348016264,84.65434866917907,0.5438894584514756,0.75,63.626733866497176
Edirne,2019,12,0.43996912485513817,7.444824570342659,21,2019-12-01,-0.07065826348439928,0.5561485411333174,-9.239650185571627,12.970578214877586,81.46487635069056,24.879319315884054,0.75,67.31848709198893
Edirne,2020,1,0.45336922295279974,7.598313319111476,22,2020-01-01,0.08043616686526174,0.5398836344204454,-6.942285549142835,14.546001311495033,81.16990133213554,32.3324424950334,0.75,68.96053662286
Edirne,2020,2,0.48728570937568716,7.91032558825053,18,2020-02-01,0.2158447572788355,0.5781094115554106,-0.43709362442277844,21.385598511847704,74.92890871147947,61.74890265349319,0.75,71.6339071969829
Edirne,2020,3,0.6001007900447664,15.265515702656922,22,2020-03-01,0.23253182000607583,0.6527971427918836,-27.739797537950658,25.350341591394702,87.4611703868857,18.99566671725566,0.75,70.34479446947819
Edirne,2020,4,0.6305699701897054,25.403268781600598,25,2020-04-01,0.27550266758994557,0.7089288854426856,15.91027664835724,29.246850846156192,81.92104860633897,28.819860389558908,0.75,68.64575155214396
Edirne,2020,5,0.6513159929273297,27.964520888864968,25,2020-05-01,0.4749712255444348,0.7409509183928333,13.369828360033154,37.630576166067875,66.30008685791167,39.84236328774058,0.75,59.685655965368895
Edirne,2020,6,0.49891161519405275,34.29563503957479,26,2020-06-01,0.34821741659009237,0.6564900755009678,27.434696048485606,44.35770274837177,48.88341351333642,59.457919548449176,0.75,51.52704002211461
Edirne,2020,7,0.4301255317107323,43.51252598114018,25,2020-07-01,0.28210531739837,0.6438301827213176,30.75144696977978,47.61050744956102,40.92066332797165,24.307294426848248,0.75,36.7673211026908
Edirne,2020,8,0.470261400022656,39.38104672404924,26,2020-08-01,0.23309401205761085,0.544882849453951,33.51354894506797,46.442914115609454,76.06667061770474,54.618825428878026,0.75,70.70470932049807
Edirne,2020,9,0.2871969181030614,41.17754872016804,28,2020-09-01,0.2307815860912639,0.4280952758844171,24.896432427423207,41.17754872016804,28.59169684117637,0.0,0.75,21.443772630882275
Edirne,2020,10,0.3072717620724402,26.35361322044117,27,2020-10-01,0.2152552747964182,0.41829391480057165,16.77522835590938,32.36020082729328,45.319692485203646,38.54089327319002,0.75,43.624992682200244
Edirne,2020,11,0.4043769220092762,12.533742150306566,19,2020-11-01,0.17948792195600366,0.4775058798381407,-3.1159622949419266,20.564694348016264,75.4615599849905,33.91355366025218,0.75,65.07455840380592
Edirne,2020,12,0.47429883298605346,11.163050279648575,11,2020-12-01,-0.07065826348439928,0.5561485411333174,-9.239650185571627,12.970578214877586,86.94179649227273,8.138268110707285,0.75,67.24091439688137
Edirne,2021,1,0.5398836344204454,4.9035509705309215,16,2021-01-01,0.08043616686526174,0.5398836344204454,-6.942285549142835,14.546001311495033,100.0,44.873052949730955,0.75,86.21826323743274
Edirne,2021,2,0.5621992214200018,10.751776119502479,25,2021-02-01,0.2158447572788355,0.5781094115554106,-0.43709362442277844,21.385598511847704,95.60813070014223,48.7282793797528,0.75,83.88816787004487
Edirne,2021,3,0.5607983767887134,15.445277771704136,25,2021-03-01,0.23253182000607583,0.6527971427918836,-27.739797537950658,25.350341591394702,78.1093606787876,18.657068868398543,0.75,63.24628772619033
Edirne,2021,4,0.6338784781149841,23.97681054951452,24,2021-04-01,0.27550266758994557,0.7089288854426856,15.91027664835724,29.246850846156192,82.68438681455109,39.515697348359744,0.75,71.89221444800326
Edirne,2021,5,0.6486312951480464,24.31220264292713,24,2021-05-01,0.4749712255444348,0.7409509183928333,13.369828360033154,37.630576166067875,65.29072492109137,54.89679720353829,0.75,62.6922429917031
Edirne,2021,6,0.5877951232320868,31.816250715053943,25,2021-06-01,0.34821741659009237,0.6564900755009678,27.434696048485606,44.35770274837177,77.7161709664491,74.10888771557474,0.75,76.8143501537305
Edirne,2021,7,0.4882226484034304,40.32490391918982,28,2021-07-01,0.28210531739837,0.6438301827213176,30.75144696977978,47.61050744956102,56.9817977044622,43.214765965806265,0.75,53.54003976979822
Edirne,2021,8,0.38516592492476226,41.28768850787617,28,2021-08-01,0.23309401205761085,0.544882849453951,33.51354894506797,46.442914115609454,48.77400811942488,39.87222527737905,0.75,46.54856240891342
Edirne,2021,9,0.3473053963382399,30.135941617074444,27,2021-09-01,0.2307815860912639,0.4280952758844171,24.896432427423207,41.17754872016804,59.05510680436295,67.81848925195591,0.75,61.24595241626119
Edirne,2021,10,0.30029490461617964,21.88723786752059,23,2021-10-01,0.2152552747964182,0.41829391480057165,16.77522835590938,32.36020082729328,41.88347095805105,67.19911106036572,0.75,48.212380983629714
Edirne,2021,11,0.29605305854499386,7.862820064351112,25,2021-11-01,0.17948792195600366,0.4775058798381407,-3.1159622949419266,20.564694348016264,39.113460617393564,53.63818442696035,0.75,42.74464156978526
Edirne,2021,12,0.47593212295862425,10.354895245582671,38,2021-12-01,-0.07065826348439928,0.5561485411333174,-9.239650185571627,12.970578214877586,87.2023696003721,11.776929629602597,0.75,68.34600960767972
Edirne,2022,1,0.48661741526351265,6.869034476945958,32,2022-01-01,0.08043616686526174,0.5398836344204454,-6.942285549142835,14.546001311495033,88.40646147417604,35.72628606616241,0.75,75.23641762217264
Edirne,2022,2,0.45041695111837576,9.397721325439605,34,2022-02-01,0.2158447572788355,0.5781094115554106,-0.43709362442277844,21.385598511847704,64.75160937463511,54.933081177842425,0.75,62.29697732543694
Edirne,2022,3,0.4624901457297144,16.844186527467173,27,2022-03-01,0.23253182000607583,0.6527971427918836,-27.739797537950658,25.350341591394702,54.71741617874075,16.022099778649455,0.75,45.04358707871793
Edirne,2022,4,0.5438105057925315,28.140821739698715,26,2022-04-01,0.27550266758994557,0.7089288854426856,15.91027664835724,29.246850846156192,61.90392439382743,8.2932025125314,0.75,48.501243923503424
Edirne,2022,5,0.6161420745530222,29.389582028082145,35,2022-05-01,0.4749712255444348,0.7409509183928333,13.369828360033154,37.630576166067875,53.07579969612606,33.968425886426424,0.75,48.29895624370115
Edirne,2022,6,0.6015545724737186,33.94176149238737,42,2022-06-01,0.34821741659009237,0.6564900755009678,27.434696048485606,44.35770274837177,82.1795733616676,61.54899918614618,0.75,77.02192981778724
Edirne,2022,7,0.4505003445964053,41.39934507521005,45,2022-07-01,0.28210531739837,0.6438301827213176,30.75144696977978,47.61050744956102,46.55334574461514,36.84168748193236,0.75,44.125431178944446
Edirne,2022,8,0.4192626443950708,40.10310002588748,39,2022-08-01,0.23309401205761085,0.544882849453951,33.51354894506797,46.442914115609454,59.709845256841525,49.0342256259165,0.75,57.040940349110265
Edirne,2022,9,0.3890667612533594,33.6515643245153,37,2022-09-01,0.2307815860912639,0.4280952758844171,24.896432427423207,41.17754872016804,80.22006751180224,46.22523579053643,0.75,71.72135958148579
Edirne,2022,10,0.3682856141602771,26.62938847138131,42,2022-10-01,0.2152552747964182,0.41829391480057165,16.77522835590938,32.36020082729328,75.37005732540784,36.77139864336951,0.75,65.72039265489826
Edirne,2022,11,0.46432590760936254,19.513820415482357,39,2022-11-01,0.17948792195600366,0.4775058798381407,-3.1159622949419266,20.564694348016264,95.5774570356627,4.4376891586171485,0.75,72.79251506640132
Edirne,2022,12,0.4260477626387933,8.350585053720447,22,2022-12-01,-0.07065826348439928,0.5561485411333174,-9.239650185571627,12.970578214877586,79.24387904916392,20.801196087941612,0.75,64.63320830885834
Edirne,2023,1,0.4717668349482139,11.407513343608937,23,2023-01-01,0.08043616686526174,0.5398836344204454,-6.942285549142835,14.546001311495033,85.17419198440787,14.605575531640739,0.75,67.53203787121609
Edirne,2023,2,0.4568620826807196,12.317112387453058,21,2023-02-01,0.2158447572788355,0.5781094115554106,-0.43709362442277844,21.385598511847704,66.53073176106125,41.555304303277666,0.75,60.28687489661535
Edirne,2023,3,0.6026324503592353,21.07044620429181,20,2023-03-01,0.23253182000607583,0.6527971427918836,-27.739797537950658,25.350341591394702,88.06356610625825,8.061563705221483,0.75,68.06306550599906
Edirne,2023,4,0.6700789610852638,20.334850078320265,20,2023-04-01,0.27550266758994557,0.7089288854426856,15.91027664835724,29.246850846156192,91.03655414527292,66.82376325178583,0.75,84.98335642190114
Edirne,2023,5,0.6515120676238703,27.708683118101828,25,2023-05-01,0.4749712255444348,0.7409509183928333,13.369828360033154,37.630576166067875,66.37380477766742,40.89689702597722,0.75,60.00457783974486
Edirne,2023,6,0.5165680630616813,37.3912630843047,23,2023-06-01,0.34821741659009237,0.6564900755009678,27.434696048485606,44.35770274837177,54.61095611474929,41.16549610604323,0.75,51.24959111257278
Edirne,2023,7,0.49349102980007375,41.35276553997489,26,2023-07-01,0.28210531739837,0.6438301827213176,30.75144696977978,47.61050744956102,58.43825865080598,37.11797532899846,0.75,53.1081878203541
Edirne,2023,8,0.4504438197330443,41.23783205140771,28,2023-08-01,0.23309401205761085,0.544882849453951,33.51354894506797,46.442914115609454,69.71058024092838,40.257831653336744,0.75,62.34739309403047
Edirne,2023,9,0.33424985648080496,37.161886690806526,27,2023-09-01,0.2307815860912639,0.4280952758844171,24.896432427423207,41.17754872016804,52.43846511512118,24.664537474933265,0.75,45.494983205074206
Edirne,2023,10,0.27385657808000324,32.06292457462234,28,2023-10-01,0.2152552747964182,0.41829391480057165,16.77522835590938,32.36020082729328,28.862143325224334,1.907454461127726,0.75,22.12347110920018
Edirne,2023,11,0.3530547554318378,16.88744431385937,24,2023-11-01,0.17948792195600366,0.4775058798381407,-3.1159622949419266,20.564694348016264,58.240394206203504,15.528496906146318,0.75,47.56241988118921
Edirne,2023,12,0.38589114475043446,10.10281650136195,13,2023-12-01,-0.07065826348439928,0.5561485411333174,-9.239650185571627,12.970578214877586,72.83734076774721,12.911896545186515,0.75,57.855979712107036
Edirne,2024,1,0.4656371524374638,9.782219534341559,15,2024-01-01,0.08043616686526174,0.5398836344204454,-6.942285549142835,14.546001311495033,83.84004979327393,22.169202263767914,0.75,68.42233791089743
Edirne,2024,2,0.4852078891866239,13.347114294460894,24,2024-02-01,0.2158447572788355,0.5781094115554106,-0.43709362442277844,21.385598511847704,74.35534456037215,36.83543793401373,0.75,64.97536790378254
Edirne,2024,3,0.6049198771346193,20.013774926351648,22,2024-03-01,0.23253182000607583,0.6527971427918836,-27.739797537950658,25.350341591394702,88.60784769490357,10.051898059715743,0.75,68.96886028610662
Edirne,2024,4,0.7089288854426856,25.68305202469572,23,2024-04-01,0.27550266758994557,0.7089288854426856,15.91027664835724,29.246850846156192,100.0,26.721995983411066,0.75,81.68049899585277
Edirne,2024,5,0.5949098957029025,30.786986405561702,22,2024-05-01,0.4749712255444348,0.7409509183928333,13.369828360033154,37.630576166067875,45.09316815657413,28.208486462251052,0.75,40.87199773299336
Edirne,2024,6,0.47414837829848966,42.48033949118481,26,2024-06-01,0.34821741659009237,0.6564900755009678,27.434696048485606,44.35770274837177,40.85051270953131,11.09355618939507,0.75,33.41127357949725
Edirne,2024,7,0.33180443070315546,47.61050744956102,28,2024-07-01,0.28210531739837,0.6438301827213176,30.75144696977978,47.61050744956102,13.739479385917834,0.0,0.75,10.304609539438376
Edirne,2024,8,0.30032123601571065,46.442914115609454,28,2024-08-01,0.23309401205761085,0.544882849453951,33.51354894506797,46.442914115609454,21.561780248290862,0.0,0.75,16.171335186218148
Edirne,2024,9,0.4280952758844171,36.323675880322014,26,2024-09-01,0.2307815860912639,0.4280952758844171,24.896432427423207,41.17754872016804,100.0,29.812899512357156,0.75,82.45322487808929
Edirne,2024,10,0.3176685690389347,27.459277410497577,26,2024-10-01,0.2152552747964182,0.41829391480057165,16.77522835590938,32.36020082729328,50.44029759085339,31.446468229536226,0.75,45.6918402505241
Edirne,2024,11,0.3182145392641359,15.38835144583288,19,2024-11-01,0.17948792195600366,0.4775058798381407,-3.1159622949419266,20.564694348016264,46.549750992857,21.858950029253727,0.75,40.377050751956176
Edirne,2024,12,0.3309719433428937,12.970578214877586,15,2024-12-01,-0.07065826348439928,0.5561485411333174,-9.239650185571627,12.970578214877586,64.07559775491642,0.0,0.75,48.05669831618731
Ipsala,1985,1,,,5,1985-01-01,-0.07649051885525583,0.8210845524906754,-16.463426538483702,17.591864007711507,,,0.0,
Ipsala,1985,2,0.26979524774724484,4.599019528781186,4,1985-02-01,0.09440616500648288,0.5719612032230124,-13.106780422233049,14.974961347217588,36.72646474336605,36.94906784494439,0.0,36.94906784494439
Ipsala,1985,3,0.3043515340227718,9.755598849580915,8,1985-03-01,0.25194587579068467,0.6338814024863394,8.564329741656861,23.1398786336882,13.721074518906063,91.82693484308274,0.0,91.82693484308274
Ipsala,1985,4,0.38139280424427846,23.860101837739098,3,1985-04-01,0.3638998914518524,0.7368592945707675,15.351583858933205,30.710862117297843,4.690299439064838,44.603399745218056,0.0,44.603399745218056
Ipsala,1985,5,0.44815225952449983,30.247887715516043,7,1985-05-01,0.4045638703274597,0.7901969297324329,16.26395783861783,38.9511044369421,11.303073772849357,38.36188338496874,0.0,38.36188338496874
Ipsala,1985,6,0.41552153159890887,33.87651859195438,6,1985-06-01,0.3195728929461006,0.5847516662786016,25.61250647464094,41.193824400614766,36.182624064144335,46.962046749989916,0.0,46.962046749989916
Ipsala,1985,7,0.41128640250715626,42.056115397051634,12,1985-07-01,0.3301637941204174,0.7782753017334223,31.528925994060288,44.47576659937166,18.103219178383036,18.689124830403617,0.0,18.689124830403617
Ipsala,1985,8,,,3,1985-08-01,0.2543263330656098,0.7623334775918464,32.954084857364684,46.48073268503943,,,0.0,
Ipsala,1985,9,0.23068673337161397,33.81861067452943,4,1985-09-01,0.23068673337161397,0.7001679023308086,24.14615219442835,40.22424817951327,0.0,39.84077163692841,0.0,39.84077163692841
Ipsala,1985,10,0.21498344740505065,26.732324707601055,3,1985-10-01,0.21498344740505065,0.5103104445254609,1.0637427213877666,31.044969910415862,0.0,14.384485250133652,0.0,14.384485250133652
Ipsala,1985,11,,,3,1985-11-01,0.19548947424988913,0.6289419014792978,8.733868040488895,19.96338461641323,,,0.0,
Ipsala,1985,12,,,2,1985-12-01,-0.015575688998993004,0.6655376515010966,-5.15340232662788,15.403814828638941,,,0.0,
Ipsala,1986,1,,,1,1986-01-01,-0.07649051885525583,0.8210845524906754,-16.463426538483702,17.591864007711507,,,0.0,
Ipsala,1986,2,0.09440616500648288,-9.591202551569175,6,1986-02-01,0.09440616500648288,0.5719612032230124,-13.106780422233049,14.974961347217588,0.0,87.48091233255205,0.0,87.48091233255205
Ipsala,1986,3,,,3,1986-03-01,0.25194587579068467,0.6338814024863394,8.564329741656861,23.1398786336882,,,0.0,
Ipsala,1986,4,0.44687893221267033,30.117823097868104,10,1986-04-01,0.3638998914518524,0.7368592945707675,15.351583858933205,30.710862117297843,22.248813159527906,3.86111254353225,0.0,3.86111254353225
Ipsala,1986,5,0.44052389894070504,34.34719483601864,14,1986-05-01,0.4045638703274597,0.7901969297324329,16.26395783861783,38.9511044369421,9.324934088568853,20.2930305976139,0.0,20.2930305976139
Ipsala,1986,6,0.3195728929461006,32.24931583799893,7,1986-06-01,0.3195728929461006,0.5847516662786016,25.61250647464094,41.193824400614766,0.0,57.4053401972209,0.0,57.4053401972209
Ipsala,1986,7,0.4268864705860743,35.9071767769854,10,1986-07-01,0.3301637941204174,0.7782753017334223,31.528925994060288,44.47576659937166,21.584510735035156,66.18286332243126,0.0,66.18286332243126
Ipsala,1986,8,0.3294848746781022,38.5417095971232,14,1986-08-01,0.2543263330656098,0.7623334775918464,32.954084857364684,46.48073268503943,14.794780432189524,58.691726058495,0.0,58.691726058495
Ipsala,1986,9,0.26015665860403536,29.598284006580457,14,1986-09-01,0.23068673337161397,0.7001679023308086,24.14615219442835,40.22424817951327,6.277126151354283,66.08969235405823,0.0,66.08969235405823
Ipsala,1986,10,0.2520754533722471,23.410759619738005,10,1986-10-01,0.21498344740505065,0.5103104445254609,1.0637427213877666,31.044969910415862,12.559639426419716,25.46330156049004,0.0,25.46330156049004
Ipsala,1986,11,0.19548947424988913,12.497067850678436,7,1986-11-01,0.19548947424988913,0.6289419014792978,8.733868040488895,19.96338461641323,0.0,66.48831866673851,0.0,66.48831866673851
Ipsala,1986,12,0.23102954673171688,7.52850860738995,8,1986-12-01,-0.015575688998993004,0.6655376515010966,-5.15340232662788,15.403814828638941,36.20619668815274,38.309203827383385,0.0,38.309203827383385
Ipsala,1987,1,0.18672632682621368,-0.03459833847481883,9,1987-01-01,-0.07649051885525583,0.8210845524906754,-16.463426538483702,17.591864007711507,29.325329332817898,51.75836724187227,0.0,51.75836724187227
Ipsala,1987,2,0.34680007323180373,6.623831474220596,11,1987-02-01,0.09440616500648288,0.5719612032230124,-13.106780422233049,14.974961347217588,52.851271168221295,29.738646347364245,0.0,29.738646347364245
Ipsala,1987,3,0.29738163236216214,14.889416250353872,5,1987-03-01,0.25194587579068467,0.6338814024863394,8.564329741656861,23.1398786336882,11.896184930626509,56.6048142985886,0.0,56.6048142985886
Ipsala,1987,4,0.4500361955021657,26.377107614507143,10,1987-04-01,0.3638998914518524,0.7368592945707675,15.351583858933205,30.710862117297843,23.09535658036471,28.215873362607677,0.0,28.215873362607677
Ipsala,1987,5,0.5507095761539461,28.144913271730182,13,1987-05-01,0.4045638703274597,0.7901969297324329,16.26395783861783,38.9511044369421,37.89760816979418,47.631336617757356,0.0,47.631336617757356
Ipsala,1987,6,0.5217484597486843,31.599851516959063,13,1987-06-01,0.3195728929461006,0.5847516662786016,25.61250647464094,41.193824400614766,76.24123313561032,61.57356476028702,0.0,61.57356476028702
Ipsala,1987,7,0.42014651739925835,38.764070846054274,12,1987-07-01,0.3301637941204174,0.7782753017334223,31.528925994060288,44.47576659937166,20.08043126545887,44.1165217634192,0.0,44.1165217634192
Ipsala,1987,8,0.41605886151796573,36.15753460556583,14,1987-08-01,0.2543263330656098,0.7623334775918464,32.954084857364684,46.48073268503943,31.836664148333263,76.31748982444068,0.0,76.31748982444068
Ipsala,1987,9,0.2651668884656154,34.333935814199165,11,1987-09-01,0.23068673337161397,0.7001679023308086,24.14615219442835,40.22424817951327,7.344310565307962,36.635633788841275,0.0,36.635633788841275
Ipsala,1987,10,0.27364634444767766,20.33324358994184,11,1987-10-01,0.21498344740505065,0.5103104445254609,1.0637427213877666,31.044969910415862,19.863709587887442,35.72811163778538,0.0,35.72811163778538
Ipsala,1987,11,0.20924401578955154,13.986779976868952,9,1987-11-01,0.19548947424988913,0.6289419014792978,8.733868040488895,19.96338461641323,3.1732528590462104,53.22227897466126,0.0,53.22227897466126
Ipsala,1987,12,0.36759638425967,5.694459738686888,5,1987-12-01,-0.015575688998993004,0.6655376515010966,-5.15340232662788,15.403814828638941,56.25672710761017,47.23088254902482,0.0,47.23088254902482
Ipsala,1988,1,0.3634366294700898,4.980296802752615,5,1988-01-01,-0.07649051885525583,0.8210845524906754,-16.463426538483702,17.591864007711507,49.01285278184769,37.03262254612567,0.0,37.03262254612567
Ipsala,1988,2,0.3346937047513469,8.726700247239359,6,1988-02-01,0.09440616500648288,0.5719612032230124,-13.106780422233049,14.974961347217588,50.3161982422463,22.250261936300344,0.0,22.250261936300344
Ipsala,1988,3,0.46178857091231484,13.720288021890196,7,1988-03-01,0.25194587579068467,0.6338814024863394,8.564329741656861,23.1398786336882,54.94191570422913,64.62597519704954,0.0,64.62597519704954
Ipsala,1988,4,0.5199652324811764,16.0482500317804,8,1988-04-01,0.3638998914518524,0.7368592945707675,15.351583858933205,30.710862117297843,41.84512837703246,95.46419980725466,0.0,95.46419980725466
Ipsala,1988,5,0.49371335637020947,33.72392265419542,12,1988-05-01,0.4045638703274597,0.7901969297324329,16.26395783861783,38.9511044369421,23.117697995163134,23.04027860045113,0.0,23.04027860045113
Ipsala,1988,6,0.38363041509030216,36.9302862695885,13,1988-06-01,0.3195728929461006,0.5847516662786016,25.61250647464094,41.193824400614766,24.15635359466779,27.363141881079336,0.0,27.363141881079336
Ipsala,1988,7,0.5611191678975563,41.171876986760275,11,1988-07-01,0.3301637941204174,0.7782753017334223,31.528925994060288,44.47576659937166,51.539710508080745,25.518886910957892,0.0,25.518886910957892
Ipsala,1988,8,0.38401912953673634,35.219206120546026,11,1988-08-01,0.2543263330656098,0.7623334775918464,32.954084857364684,46.48073268503943,25.52971899481394,83.25437837934219,0.0,83.25437837934219
Ipsala,1988,9,0.24096778824387885,31.365461953792696,13,1988-09-01,0.23068673337161397,0.7001679023308086,24.14615219442835,40.22424817951327,2.1898758783141883,55.098478289584506,0.0,55.098478289584506
Ipsala,1988,10,0.25921107698173707,24.544174617429505,11,1988-10-01,0.21498344740505065,0.5103104445254609,1.0637427213877666,31.044969910415862,14.975816639836008,21.682885933919952,0.0,21.682885933919952
Ipsala,1988,11,0.22364044315915743,8.733868040488895,5,1988-11-01,0.19548947424988913,0.6289419014792978,8.733868040488895,19.96338461641323,6.494592518308621,99.99999999999999,0.0,99.99999999999999
Ipsala,1988,12,0.2057250347256185,1.387442646775499,5,1988-12-01,-0.015575688998993004,0.6655376515010966,-5.15340232662788,15.403814828638941,32.49102764044047,68.18224507723511,0.0,68.18224507723511
Ipsala,1989,1,0.24550800599558031,5.096822387168001,11,1989-01-01,-0.07649051885525583,0.8210845524906754,-16.463426538483702,17.591864007711507,35.87427226203966,36.69045666662063,0.0,36.69045666662063
Ipsala,1989,2,0.217558899579952,12.318692624032611,11,1989-02-01,0.09440616500648288,0.5719612032230124,-13.106780422233049,14.974961347217588,25.788176171985043,9.459059715714144,0.0,9.459059715714144
Ipsala,1989,3,0.32885548041482837,19.144637047518046,8,1989-03-01,0.25194587579068467,0.6338814024863394,8.564329741656861,23.1398786336882,20.13680300691931,27.410573802502963,0.0,27.410573802502963
Ipsala,1989,4,0.5748035530268081,21.50667702134138,13,1989-04-01,0.3638998914518524,0.7368592945707675,15.351583858933205,30.710862117297843,56.54869130828986,59.92589587302958,0.0,59.92589587302958
Ipsala,1989,5,0.46701616042284616,28.98250881580895,7,1989-05-01,0.4045638703274597,0.7901969297324329,16.26395783861783,38.9511044369421,16.19474486750423,43.9393979226522,0.0,43.9393979226522
Ipsala,1989,6,0.44831122910644705,34.81616573833917,12,1989-06-01,0.3195728929461006,0.5847516662786016,25.61250647464094,41.193824400614766,48.54775310349772,40.93144554636249,0.0,40.93144554636249
Ipsala,1989,7,0.6012950933839925,34.93545051846133,10,1989-07-01,0.3301637941204174,0.7782753017334223,31.528925994060288,44.47576659937166,60.50531947011003,73.6883721036657,0.0,73.6883721036657
Ipsala,1989,8,0.3566112871864063,35.95051547928722,13,1989-08-01,0.2543263330656098,0.7623334775918464,32.954084857364684,46.48073268503943,20.13455031546586,77.84794385056725,0.0,77.84794385056725
Ipsala,1989,9,0.4976069034864103,32.62637937960624,14,1989-09-01,0.23068673337161397,0.7001679023308086,24.14615219442835,40.22424817951327,56.854286766504124,47.25602339328799,0.0,47.25602339328799
Ipsala,1989,10,0.34173560671612124,22.090881460420302,8,1989-10-01,0.21498344740505065,0.5103104445254609,1.0637427213877666,31.044969910415862,42.91925917608928,29.865650240202275,0.0,29.865650240202275
Ipsala,1989,11,0.27479233653380475,12.717442182344923,6,1989-11-01,0.19548947424988913,0.6289419014792978,8.733868040488895,19.96338461641323,18.295632300599355,64.52586257901197,0.0,64.52586257901197
Ipsala,1989,12,0.0617218787553326,11.83057370417717,3,1989-12-01,-0.015575688998993004,0.6655376515010966,-5.15340232662788,15.403814828638941,11.348708527360792,17.381930139052393,0.0,17.381930139052393
Ipsala,1990,1,0.2875556299130456,8.459846065829993,3,1990-01-01,-0.07649051885525583,0.8210845524906754,-16.463426538483702,17.591864007711507,40.55885244477737,26.81526950854859,0.0,26.81526950854859
Ipsala,1990,2,0.37149936755051083,12.546876729836912,8,1990-02-01,0.09440616500648288,0.5719612032230124,-13.106780422233049,14.974961347217588,58.02330210541939,8.646488659126279,0.0,8.646488659126279
Ipsala,1990,3,0.43375748915573104,15.27590906694033,10,1990-03-01,0.25194587579068467,0.6338814024863394,8.564329741656861,23.1398786336882,47.60269748614481,53.953162416046055,0.0,53.953162416046055
Ipsala,1990,4,0.44144819761869186,23.729859499299437,5,1990-04-01,0.3638998914518524,0.7368592945707675,15.351583858933205,30.710862117297843,20.792693660042616,45.45137148092596,0.0,45.45137148092596
Ipsala,1990,5,0.49812612529549466,28.102230299527598,14,1990-05-01,0.4045638703274597,0.7901969297324329,16.26395783861783,38.9511044369421,24.261990170759812,47.81947386109732,0.0,47.81947386109732
Ipsala,1990,6,0.41262434845420887,38.0437422707924,12,1990-06-01,0.3195728929461006,0.5847516662786016,25.61250647464094,41.193824400614766,35.090084450852096,20.21704546937731,0.0,20.21704546937731
Ipsala,1990,7,0.3301637941204174,39.42367471344078,14,1990-07-01,0.3301637941204174,0.7782753017334223,31.528925994060288,44.47576659937166,0.0,39.02181265642742,0.0,39.02181265642742
Ipsala,1990,8,0.2543263330656098,37.133973514947265,12,1990-08-01,0.2543263330656098,0.7623334775918464,32.954084857364684,46.48073268503943,0.0,69.09885796663701,0.0,69.09885796663701
Ipsala,1990,9,0.251650243851642,34.094304224893804,12,1990-09-01,0.23068673337161397,0.7001679023308086,24.14615219442835,40.22424817951327,4.465250550198333,38.126056470281036,0.0,38.126056470281036
Ipsala,1990,10,0.26806297417185604,20.86262232690285,11,1990-10-01,0.21498344740505065,0.5103104445254609,1.0637427213877666,31.044969910415862,17.973137330605734,33.96241094240243,0.0,33.96241094240243
Ipsala,1990,11,0.4195841721047281,13.303932033991714,12,1990-11-01,0.19548947424988913,0.6289419014792978,8.733868040488895,19.96338461641323,51.69995223864205,59.30311013297878,0.0,59.30311013297878
Ipsala,1990,12,,,1,1990-12-01,-0.015575688998993004,0.6655376515010966,-5.15340232662788,15.403814828638941,,,0.0,
Ipsala,1991,1,0.4267901326478684,11.056610122139674,6,1991-01-01,-0.07649051885525583,0.8210845524906754,-16.463426538483702,17.591864007711507,56.07114853896791,19.19012811447582,0.0,19.19012811447582
Ipsala,1991,2,0.20595229840233512,-13.106780422233049,3,1991-02-01,0.09440616500648288,0.5719612032230124,-13.106780422233049,14.974961347217588,23.35775449305925,100.0,0.0,100.0
Ipsala,1991,3,0.39080171878506365,9.489683142856403,9,1991-03-01,0.25194587579068467,0.6338814024863394,8.564329741656861,23.1398786336882,36.35583319407368,93.65133067677851,0.0,93.65133067677851
Ipsala,1991,4,0.6864629058115153,15.351583858933205,11,1991-04-01,0.3638998914518524,0.7368592945707675,15.351583858933205,30.710862117297843,86.48743312601674,100.0,0.0,100.0
Ipsala,1991,5,0.7037005486660919,25.31421771141835,11,1991-05-01,0.4045638703274597,0.7901969297324329,16.26395783861783,38.9511044369421,77.5702889166702,60.10842600422482,0.0,60.10842600422482
Ipsala,1991,6,0.49549476897900463,32.8461785278844,12,1991-06-01,0.3195728929461006,0.5847516662786016,25.61250647464094,41.193824400614766,66.3408589692509,53.574709869791995,0.0,53.574709869791995
Ipsala,1991,7,0.43103816996392735,35.83009517811398,11,1991-07-01,0.3301637941204174,0.7782753017334223,31.528925994060288,44.47576659937166,22.510998742443903,66.77823327577572,0.0,66.77823327577572
Ipsala,1991,8,0.3362351544913333,36.98324449926504,12,1991-08-01,0.2543263330656098,0.7623334775918464,32.954084857364684,46.48073268503943,16.123556983063885,70.21316963943626,0.0,70.21316963943626
Ipsala,1991,9,0.27609321901007594,33.52425904242136,10,1991-09-01,0.23068673337161397,0.7001679023308086,24.14615219442835,40.22424817951327,9.671630864156878,41.671533391187914,0.0,41.671533391187914
Ipsala,1991,10,0.24242284561833968,22.863327672772666,10,1991-10-01,0.21498344740505065,0.5103104445254609,1.0637427213877666,31.044969910415862,9.291191960381962,27.28921730274384,0.0,27.28921730274384
Ipsala,1991,11,0.22570155284687637,14.783272215724642,11,1991-11-01,0.19548947424988913,0.6289419014792978,8.733868040488895,19.96338461641323,6.970102530074707,46.129433672991375,0.0,46.129433672991375
Ipsala,1991,12,0.1477241998581474,1.3076619348600618,3,1991-12-01,-0.015575688998993004,0.6655376515010966,-5.15340232662788,15.403814828638941,23.97543538601692,68.57033608835232,0.0,68.57033608835232
Ipsala,1992,1,0.24611465441497743,2.4136771665259213,6,1992-01-01,-0.07649051885525583,0.8210845524906754,-16.463426538483702,17.591864007711507,35.94185974733907,44.569247825375996,0.0,44.569247825375996
Ipsala,1992,2,0.2406411584341291,5.407589621881138,12,1992-02-01,0.09440616500648288,0.5719612032230124,-13.106780422233049,14.974961347217588,30.621599967570948,34.069723323731054,0.0,34.069723323731054
Ipsala,1992,3,0.26921019697970894,14.305473944695287,8,1992-03-01,0.25194587579068467,0.6338814024863394,8.564329741656861,23.1398786336882,4.520218723402848,60.61112864039589,0.0,60.61112864039589
Ipsala,1992,4,0.5085534068652822,16.357677538334556,10,1992-04-01,0.3638998914518524,0.7368592945707675,15.351583858933205,30.710862117297843,38.785324677095794,93.4496031488105,0.0,93.4496031488105
Ipsala,1992,5,0.48240772537373355,16.26395783861783,13,1992-05-01,0.4045638703274597,0.7901969297324329,16.26395783861783,38.9511044369421,20.185991098995995,100.0,0.0,100.0
Ipsala,1992,6,0.3713435823492642,25.61250647464094,12,1992-06-01,0.3195728929461006,0.5847516662786016,25.61250647464094,41.193824400614766,19.52293871510206,100.0,0.0,100.0
Ipsala,1992,7,0.4746536180830733,32.1725845203029,13,1992-07-01,0.3301637941204174,0.7782753017334223,31.528925994060288,44.47576659937166,32.244167245854186,95.02845098765984,0.0,95.02845098765984
Ipsala,1992,8,0.4719168862266224,36.71278453989168,11,1992-08-01,0.2543263330656098,0.7623334775918464,32.954084857364684,46.48073268503943,42.83218366228605,72.21262998481478,0.0,72.21262998481478
Ipsala,1992,9,0.2945628457229422,32.66631755395684,14,1992-09-01,0.23068673337161397,0.7001679023308086,24.14615219442835,40.22424817951327,13.60568145745588,47.00762224934878,0.0,47.00762224934878
Ipsala,1992,10,0.3324784468159552,23.92122613265033,9,1992-10-01,0.21498344740505065,0.5103104445254609,1.0637427213877666,31.044969910415862,39.78471340464673,23.760681085037547,0.0,23.760681085037547
Ipsala,1992,11,0.28031589988701167,15.71179196599071,10,1992-11-01,0.19548947424988913,0.6289419014792978,8.733868040488895,19.96338461641323,19.569950543206296,37.86086980393952,0.0,37.86086980393952
Ipsala,1992,12,0.26084977496967915,1.4274932858788403,10,1992-12-01,-0.015575688998993004,0.6655376515010966,-5.15340232662788,15.403814828638941,40.58435616100458,67.98741987885906,0.0,67.98741987885906
Ipsala,1993,1,,,5,1993-01-01,-0.07649051885525583,0.8210845524906754,-16.463426538483702,17.591864007711507,,,0.0,
Ipsala,1993,2,0.29333724458820276,6.4151244210540534,11,1993-02-01,0.09440616500648288,0.5719612032230124,-13.106780422233049,14.974961347217588,41.65615764931414,30.48185898310463,0.0,30.48185898310463
Ipsala,1993,3,0.25194587579068467,12.848314955932164,9,1993-03-01,0.25194587579068467,0.6338814024863394,8.564329741656861,23.1398786336882,0.0,70.6084124446427,0.0,70.6084124446427
Ipsala,1993,4,0.566240805421119,25.564524958556408,8,1993-04-01,0.3638998914518524,0.7368592945707675,15.351583858933205,30.710862117297843,54.25279863630408,33.506373621030974,0.0,33.506373621030974
Ipsala,1993,5,0.5906728570911562,26.753424818481292,11,1993-05-01,0.4045638703274597,0.7901969297324329,16.26395783861783,38.9511044369421,48.26064110034038,53.76471459554002,0.0,53.76471459554002
Ipsala,1993,6,0.5847516662786016,31.988533939682632,12,1993-06-01,0.3195728929461006,0.5847516662786016,25.61250647464094,41.193824400614766,100.0,59.07902338342671,0.0,59.07902338342671
Ipsala,1993,7,0.3751862744022185,42.09767273857547,10,1993-07-01,0.3301637941204174,0.7782753017334223,31.528925994060288,44.47576659937166,10.047160029793998,18.36814040809764,0.0,18.36814040809764
Ipsala,1993,8,0.32041754388499516,37.864108035617896,14,1993-08-01,0.2543263330656098,0.7623334775918464,32.954084857364684,46.48073268503943,13.009897898389102,63.70110879794189,0.0,63.70110879794189
Ipsala,1993,9,0.2551048709022652,34.57370991748362,11,1993-09-01,0.23068673337161397,0.7001679023308086,24.14615219442835,40.22424817951327,5.201089872206045,35.144324721481034,0.0,35.144324721481034
Ipsala,1993,10,0.22202107042537014,30.47365620347232,7,1993-10-01,0.21498344740505065,0.5103104445254609,1.0637427213877666,31.044969910415862,2.3829934577400387,1.9055714542352666,0.0,1.9055714542352666
Ipsala,1993,11,0.25446310323648125,17.812788791487428,9,1993-11-01,0.19548947424988913,0.6289419014792978,8.733868040488895,19.96338461641323,13.605559752784536,19.151276997414108,0.0,19.151276997414108
Ipsala,1993,12,0.2777931065976263,11.251048498669581,6,1993-12-01,-0.015575688998993004,0.6655376515010966,-5.15340232662788,15.403814828638941,43.07194972590332,20.201014070162746,0.0,20.201014070162746
Ipsala,1994,1,0.3550587314458929,-2.681035458986108,10,1994-01-01,-0.07649051885525583,0.8210845524906754,-16.463426538483702,17.591864007711507,48.0794603234727,59.529368687070516,0.0,59.529368687070516
Ipsala,1994,2,,,1,1994-02-01,0.09440616500648288,0.5719612032230124,-13.106780422233049,14.974961347217588,,,0.0,
Ipsala,1994,3,0.2771267431884703,12.309004638539829,8,1994-03-01,0.25194587579068467,0.6338814024863394,8.564329741656861,23.1398786336882,6.59296285308672,74.30851541426179,0.0,74.30851541426179
Ipsala,1994,4,0.4910239154062848,21.6055442719692,11,1994-04-01,0.3638998914518524,0.7368592945707675,15.351583858933205,30.710862117297843,34.08521755755275,59.28219863045909,0.0,59.28219863045909
Ipsala,1994,5,0.5465344270466149,32.93468795340026,14,1994-05-01,0.4045638703274597,0.7901969297324329,16.26395783861783,38.9511044369421,36.81493410814258,26.519053233367977,0.0,26.519053233367977
Ipsala,1994,6,0.4035282693993888,33.947261782090806,4,1994-06-01,0.3195728929461006,0.5847516662786016,25.61250647464094,41.193824400614766,31.65991583648313,46.50802103488338,0.0,46.50802103488338
Ipsala,1994,7,0.4396562196474855,37.81862556933302,10,1994-07-01,0.3301637941204174,0.7782753017334223,31.528925994060288,44.47576659937166,24.434191862269078,51.4190390766654,0.0,51.4190390766654
Ipsala,1994,8,0.4865215372910235,39.92481416310431,14,1994-08-01,0.2543263330656098,0.7623334775918464,32.954084857364684,46.48073268503943,45.70707454163013,48.46669038371863,0.0,48.46669038371863
Ipsala,1994,9,0.273063476004003,39.309970247559264,14,1994-09-01,0.23068673337161397,0.7001679023308086,24.14615219442835,40.22424817951327,9.026292306107859,5.686481364473426,0.0,5.686481364473426
Ipsala,1994,10,0.2932726563041596,18.94823278318393,4,1994-10-01,0.21498344740505065,0.5103104445254609,1.0637427213877666,31.044969910415862,26.50933022123575,40.34770508546376,0.0,40.34770508546376
Ipsala,1994,11,,,5,1994-11-01,0.19548947424988913,0.6289419014792978,8.733868040488895,19.96338461641323,,,0.0,
Ipsala,1994,12,,,3,1994-12-01,-0.015575688998993004,0.6655376515010966,-5.15340232662788,15.403814828638941,,,0.0,
Ipsala,1995,1,0.33180747427848,4.555701282767639,5,1995-01-01,-0.07649051885525583,0.8210845524906754,-16.463426538483702,17.591864007711507,45.48900767948971,38.27940539006888,0.0,38.27940539006888
Ipsala,1995,2,0.32257048761846646,3.9298990632997217,5,1995-02-01,0.09440616500648288,0.5719612032230124,-13.106780422233049,14.974961347217588,47.7775972093359,39.33182768575092,0.0,39.33182768575092
Ipsala,1995,3,0.5064850164820733,16.476359818701287,7,1995-03-01,0.25194587579068467,0.6338814024863394,8.564329741656861,23.1398786336882,66.64453105306912,45.717103790375624,0.0,45.717103790375624
Ipsala,1995,4,0.6432377872444666,21.208980799365303,10,1995-04-01,0.3638998914518524,0.7368592945707675,15.351583858933205,30.710862117297843,74.89766807234768,61.864113391902585,0.0,61.864113391902585
Ipsala,1995,5,0.6641338257790461,24.855642348121336,14,1995-05-01,0.4045638703274597,0.7901969297324329,16.26395783861783,38.9511044369421,67.31008898772825,62.129726308824985,0.0,62.129726308824985
Ipsala,1995,6,0.3997315726162298,32.45370696587979,14,1995-06-01,0.3195728929461006,0.5847516662786016,25.61250647464094,41.193824400614766,30.22816595113375,56.09356972406892,0.0,56.09356972406892
Ipsala,1995,7,0.4480998893822757,31.528925994060288,14,1995-07-01,0.3301637941204174,0.7782753017334223,31.528925994060288,44.47576659937166,26.3184705722196,100.0,0.0,100.0
Ipsala,1995,8,0.3968265298593745,35.11286284193482,14,1995-08-01,0.2543263330656098,0.7623334775918464,32.954084857364684,46.48073268503943,28.050825333698647,84.04055452561276,0.0,84.04055452561276
Ipsala,1995,9,0.3226395484735695,34.98880408928326,7,1995-09-01,0.23068673337161397,0.7001679023308086,24.14615219442835,40.22424817951327,19.586049703720427,32.56258760419605,0.0,32.56258760419605
Ipsala,1995,10,0.28508925993272294,21.71693898198848,8,1995-10-01,0.21498344740505065,0.5103104445254609,1.0637427213877666,31.044969910415862,23.73836906589642,31.112905651310562,0.0,31.112905651310562
Ipsala,1995,11,0.2753397547995254,10.53509680964358,6,1995-11-01,0.19548947424988913,0.6289419014792978,8.733868040488895,19.96338461641323,18.421924883437036,83.95987256462622,0.0,83.95987256462622
Ipsala,1995,12,,,2,1995-12-01,-0.015575688998993004,0.6655376515010966,-5.15340232662788,15.403814828638941,,,0.0,
Ipsala,1996,1,,,1,1996-01-01,-0.07649051885525583,0.8210845524906754,-16.463426538483702,17.591864007711507,,,0.0,
Ipsala,1996,2,0.22814129060905822,6.758122117864839,6,1996-02-01,0.09440616500648288,0.5719612032230124,-13.106780422233049,14.974961347217588,28.00412829943554,29.260432977457356,0.0,29.260432977457356
Ipsala,1996,3,,,3,1996-03-01,0.25194587579068467,0.6338814024863394,8.564329741656861,23.1398786336882,,,0.0,
Ipsala,1996,4,0.49315956223623725,17.16427319148865,11,1996-04-01,0.3638998914518524,0.7368592945707675,15.351583858933205,30.710862117297843,34.65783935287226,88.19808260477176,0.0,88.19808260477176
Ipsala,1996,5,0.46000808401840304,35.52326635046325,12,1996-05-01,0.4045638703274597,0.7901969297324329,16.26395783861783,38.9511044369421,14.377453472607618,15.109163559299427,0.0,15.109163559299427
Ipsala,1996,6,0.3924412537034496,38.01661362727062,14,1996-06-01,0.3195728929461006,0.5847516662786016,25.61250647464094,41.193824400614766,27.478956871853846,20.39115553921007,0.0,20.39115553921007
Ipsala,1996,7,0.38262268641350344,36.62200790074474,14,1996-07-01,0.3301637941204174,0.7782753017334223,31.528925994060288,44.47576659937166,11.706660374004551,60.661584845687806,0.0,60.661584845687806
Ipsala,1996,8,0.3486727506999389,37.90491556858414,12,1996-08-01,0.2543263330656098,0.7623334775918464,32.954084857364684,46.48073268503943,18.57186826030091,63.399426271079975,0.0,63.399426271079975
Ipsala,1996,9,0.3403149383879445,24.14615219442835,11,1996-09-01,0.23068673337161397,0.7001679023308086,24.14615219442835,40.22424817951327,23.350926994445434,100.0,0.0,100.0
Ipsala,1996,10,0.29518932367077383,19.224246796301713,12,1996-10-01,0.21498344740505065,0.5103104445254609,1.0637427213877666,31.044969910415862,27.158328580783884,39.42708228581134,0.0,39.42708228581134
Ipsala,1996,11,0.33238593735677824,9.674729368462229,9,1996-11-01,0.19548947424988913,0.6289419014792978,8.733868040488895,19.96338461641323,31.582811516806988,91.62153311220445,0.0,91.62153311220445
Ipsala,1996,12,,,5,1996-12-01,-0.015575688998993004,0.6655376515010966,-5.15340232662788,15.403814828638941,,,0.0,
Ipsala,1997,1,0.3706400281861697,7.711980201307249,8,1997-01-01,-0.07649051885525583,0.8210845524906754,-16.463426538483702,17.591864007711507,49.81539275271366,29.011303817838304,0.0,29.011303817838304
Ipsala,1997,2,0.30172226665438984,12.6584929997271,6,1997-02-01,0.09440616500648288,0.5719612032230124,-13.106780422233049,14.974961347217588,43.41198083097329,8.249019475033101,0.0,8.249019475033101
Ipsala,1997,3,0.37528302142924974,12.616936877248632,8,1997-03-01,0.25194587579068467,0.6338814024863394,8.564329741656861,23.1398786336882,32.292661200079,72.19585234414473,0.0,72.19585234414473
Ipsala,1997,4,0.5306931973320006,19.253468061039488,9,1997-04-01,0.3638998914518524,0.7368592945707675,15.351583858933205,30.710862117297843,44.72157143252599,74.5959143621783,0.0,74.5959143621783
Ipsala,1997,5,0.6276911896252134,29.17801574204147,14,1997-05-01,0.4045638703274597,0.7901969297324329,16.26395783861783,38.9511044369421,57.86000807141282,43.07764598137033,0.0,43.07764598137033
Ipsala,1997,6,0.4643115827037743,37.794704837812006,12,1997-06-01,0.3195728929461006,0.5847516662786016,25.61250647464094,41.193824400614766,54.581551886202256,21.815353354265866,0.0,21.815353354265866
Ipsala,1997,7,0.3623249456155691,39.073993415613906,12,1997-07-01,0.3301637941204174,0.7782753017334223,31.528925994060288,44.47576659937166,7.1770420863475115,41.7227132737056,0.0,41.7227132737056
Ipsala,1997,8,0.4260322137914572,34.682261140199785,14,1997-08-01,0.2543263330656098,0.7623334775918464,32.954084857364684,46.48073268503943,33.79989485895497,87.22391308732566,0.0,87.22391308732566
Ipsala,1997,9,0.3890883043054416,30.524353775421442,14,1997-09-01,0.23068673337161397,0.7001679023308086,24.14615219442835,40.22424817951327,33.73970702275286,60.32986998640931,0.0,60.32986998640931
Ipsala,1997,10,0.2849604946382825,18.512087654187173,11,1997-10-01,0.21498344740505065,0.5103104445254609,1.0637427213877666,31.044969910415862,23.694768143631954,41.80243249287411,0.0,41.80243249287411
Ipsala,1997,11,0.2527656204113478,13.948379197734628,10,1997-11-01,0.19548947424988913,0.6289419014792978,8.733868040488895,19.96338461641323,13.21394057649255,53.56424186215237,0.0,53.56424186215237
Ipsala,1997,12,0.3271741088218857,7.018802625881376,2,1997-12-01,-0.015575688998993004,0.6655376515010966,-5.15340232662788,15.403814828638941,50.32199157473904,40.78865412291128,0.0,40.78865412291128
Ipsala,1998,1,0.2588707864290297,2.490007562313801,4,1998-01-01,-0.07649051885525583,0.8210845524906754,-16.463426538483702,17.591864007711507,37.36303691917432,44.34511115068124,0.0,44.34511115068124
Ipsala,1998,2,0.33830203629717803,4.938716695877346,11,1998-02-01,0.09440616500648288,0.5719612032230124,-13.106780422233049,14.974961347217588,51.071782679028026,35.739395133454295,0.0,35.739395133454295
Ipsala,1998,3,,,6,1998-03-01,0.25194587579068467,0.6338814024863394,8.564329741656861,23.1398786336882,,,0.0,
Ipsala,1998,4,0.43196203439521513,20.74122364218507,11,1998-04-01,0.3638998914518524,0.7368592945707675,15.351583858933205,30.710862117297843,18.24920953170382,64.90955048414027,0.0,64.90955048414027
Ipsala,1998,5,0.4842401622365614,28.965799125701057,8,1998-05-01,0.4045638703274597,0.7901969297324329,16.26395783861783,38.9511044369421,20.661167388512066,44.013050596581344,0.0,44.013050596581344
Ipsala,1998,6,0.44719314676354793,37.49824898751039,14,1998-06-01,0.3195728929461006,0.5847516662786016,25.61250647464094,41.193824400614766,48.126119679054206,23.71798990728448,0.0,23.71798990728448
Ipsala,1998,7,0.4872568627185942,38.623453322003016,14,1998-07-01,0.3301637941204174,0.7782753017334223,31.528925994060288,44.47576659937166,35.0566914549859,45.20263634795784,0.0,45.20263634795784
Ipsala,1998,8,0.41015176575848605,38.82026412287443,12,1998-08-01,0.2543263330656098,0.7623334775918464,32.954084857364684,46.48073268503943,30.673866376071892,56.63242408434795,0.0,56.63242408434795
Ipsala,1998,9,0.33290000157439703,30.970258661302683,12,1998-09-01,0.23068673337161397,0.7001679023308086,24.14615219442835,40.22424817951327,21.771537382294245,57.55650125982071,0.0,57.55650125982071
Ipsala,1998,10,0.3393483430070453,21.146831714783517,10,1998-10-01,0.21498344740505065,0.5103104445254609,1.0637427213877666,31.044969910415862,42.11091326381136,33.01445312170097,0.0,33.01445312170097
Ipsala,1998,11,0.6289419014792978,10.694425133036916,10,1998-11-01,0.19548947424988913,0.6289419014792978,8.733868040488895,19.96338461641323,100.0,82.54103745880404,0.0,82.54103745880404
Ipsala,1998,12,-0.015575688998993004,-5.15340232662788,7,1998-12-01,-0.015575688998993004,0.6655376515010966,-5.15340232662788,15.403814828638941,0.0,100.0,0.0,100.0
Ipsala,1999,1,0.2861257055438126,4.583390230146994,9,1999-01-01,-0.07649051885525583,0.8210845524906754,-16.463426538483702,17.591864007711507,40.39954272073515,38.19809952852648,0.0,38.19809952852648
Ipsala,1999,2,0.39691310323874573,13.53912048639042,10,1999-02-01,0.09440616500648288,0.5719612032230124,-13.106780422233049,14.974961347217588,63.34493702799181,5.113076220895887,0.0,5.113076220895887
Ipsala,1999,3,0.514546985670437,16.05889380095612,8,1999-03-01,0.25194587579068467,0.6338814024863394,8.564329741656861,23.1398786336882,68.75535045185937,48.58125676902195,0.0,48.58125676902195
Ipsala,1999,4,0.5787563460069157,24.485058687492877,12,1999-04-01,0.3638998914518524,0.7368592945707675,15.351583858933205,30.710862117297843,57.608536682089785,40.53447906261092,0.0,40.53447906261092
Ipsala,1999,5,0.5743520313909194,28.082389284095676,14,1999-05-01,0.4045638703274597,0.7901969297324329,16.26395783861783,38.9511044369421,44.02842467018792,47.90692873492173,0.0,47.90692873492173
Ipsala,1999,6,0.3697061890423681,36.87527898177966,11,1999-06-01,0.3195728929461006,0.5847516662786016,25.61250647464094,41.193824400614766,18.905471002163,27.716175482409973,0.0,27.716175482409973
Ipsala,1999,7,0.3806774591196908,42.273055919113226,21,1999-07-01,0.3301637941204174,0.7782753017334223,31.528925994060288,44.47576659937166,11.272565899579103,17.01349964372608,0.0,17.01349964372608
Ipsala,1999,8,0.3772472872550324,41.24752576486842,24,1999-08-01,0.2543263330656098,0.7623334775918464,32.954084857364684,46.48073268503943,24.196697923226594,38.688128698554316,0.0,38.688128698554316
Ipsala,1999,9,0.34324058612224095,36.2667667614068,23,1999-09-01,0.23068673337161397,0.7001679023308086,24.14615219442835,40.22424817951327,23.974093146302465,24.614117379182733,0.0,24.614117379182733
Ipsala,1999,10,0.28624983285827016,27.29124252829278,25,1999-10-01,0.21498344740505065,0.5103104445254609,1.0637427213877666,31.044969910415862,24.13134801359284,12.520259289108727,0.0,12.520259289108727
Ipsala,1999,11,0.3289829919888643,13.172434277299768,22,1999-11-01,0.19548947424988913,0.6289419014792978,8.733868040488895,19.96338461641323,30.79773219687671,60.474111180110874,0.0,60.474111180110874
Ipsala,1999,12,0.3235427120898008,13.430384636962083,14,1999-12-01,-0.015575688998993004,0.6655376515010966,-5.15340232662788,15.403814828638941,49.78883556146544,9.599695215416155,0.0,9.599695215416155
Ipsala,2000,1,0.36711811658968013,5.796378871208798,17,2000-01-01,-0.07649051885525583,0.8210845524906754,-16.463426538483702,17.591864007711507,49.423012025026075,34.63627808578643,0.0,34.63627808578643
Ipsala,2000,2,0.39088122971347394,11.726812624438136,15,2000-02-01,0.09440616500648288,0.5719612032230124,-13.106780422233049,14.974961347217588,62.0818630276005,11.566763733697691,0.0,11.566763733697691
Ipsala,2000,3,0.42850136824458696,18.796758082454623,17,2000-03-01,0.25194587579068467,0.6338814024863394,8.564329741656861,23.1398786336882,46.226517334322374,29.79730357604592,0.0,29.79730357604592
Ipsala,2000,4,0.3638998914518524,25.36026864464928,8,2000-04-01,0.3638998914518524,0.7368592945707675,15.351583858933205,30.710862117297843,0.0,34.83622981916248,0.0,34.83622981916248
Ipsala,2000,5,0.531924845053023,32.4273503459412,24,2000-05-01,0.4045638703274597,0.7901969297324329,16.26395783861783,38.9511044369421,33.0264669014839,28.755286887786777,0.0,28.755286887786777
Ipsala,2000,6,0.4840558194134192,39.451521824544486,18,2000-06-01,0.3195728929461006,0.5847516662786016,25.61250647464094,41.193824400614766,62.027184302974945,11.1819974686858,0.0,11.1819974686858
Ipsala,2000,7,0.4473512728436895,41.8684412324833,24,2000-07-01,0.3301637941204174,0.7782753017334223,31.528925994060288,44.47576659937166,26.151410247753947,20.13869982935234,0.0,20.13869982935234
Ipsala,2000,8,0.3412160178467099,39.76250814879797,24,2000-08-01,0.2543263330656098,0.7623334775918464,32.954084857364684,46.48073268503943,17.104028106166247,49.666588661355966,0.0,49.666588661355966
Ipsala,2000,9,0.30955749398302357,36.12873412461067,23,2000-09-01,0.23068673337161397,0.7001679023308086,24.14615219442835,40.22424817951327,16.799557857935024,25.472630955194308,0.0,25.472630955194308
Ipsala,2000,10,0.2728470220586228,21.933883674682107,18,2000-10-01,0.21498344740505065,0.5103104445254609,1.0637427213877666,31.044969910415862,19.59305285929553,30.389303874352546,0.0,30.389303874352546
Ipsala,2000,11,0.4033013242916874,17.799296429145848,23,2000-11-01,0.19548947424988913,0.6289419014792978,8.733868040488895,19.96338461641323,47.943404393906405,19.271427871677986,0.0,19.271427871677986
Ipsala,2000,12,0.4537067947141548,10.338981241296219,19,2000-12-01,-0.015575688998993004,0.6655376515010966,-5.15340232662788,15.403814828638941,68.89932347655818,24.637739384122312,0.0,24.637739384122312
Ipsala,2001,1,0.8210845524906754,12.824746053551081,15,2001-01-01,-0.07649051885525583,0.8210845524906754,-16.463426538483702,17.591864007711507,100.0,13.99817143739808,0.0,13.99817143739808
Ipsala,2001,2,0.5279791343570083,12.501696896753826,15,2001-02-01,0.09440616500648288,0.5719612032230124,-13.106780422233049,14.974961347217588,90.79015708215353,8.807375520967007,0.0,8.807375520967007
Ipsala,2001,3,0.6338814024863394,17.373490874664867,20,2001-03-01,0.25194587579068467,0.6338814024863394,8.564329741656861,23.1398786336882,100.0,39.56206247694657,0.0,39.56206247694657
Ipsala,2001,4,0.6755951215417809,22.544211636290044,18,2001-04-01,0.3638998914518524,0.7368592945707675,15.351583858933205,30.710862117297843,83.57350089134152,53.17079581236348,0.0,53.17079581236348
Ipsala,2001,5,0.5963807373047821,21.27009658742468,18,2001-05-01,0.4045638703274597,0.7901969297324329,16.26395783861783,38.9511044369421,49.74077359272396,77.93403094077678,0.0,77.93403094077678
Ipsala,2001,6,0.4177036873854816,40.02703859257915,26,2001-06-01,0.3195728929461006,0.5847516662786016,25.61250647464094,41.193824400614766,37.005523936238006,7.488364036848244,0.0,7.488364036848244
Ipsala,2001,7,0.33507986299360343,42.569945157163176,28,2001-07-01,0.3301637941204174,0.7782753017334223,31.528925994060288,44.47576659937166,1.0970637418737308,14.72035920042633,0.0,14.72035920042633
Ipsala,2001,8,0.26813427689959557,43.87306237288755,23,2001-08-01,0.2543263330656098,0.7623334775918464,32.954084857364684,46.48073268503943,2.7180609530330395,19.278023242511946,0.0,19.278023242511946
Ipsala,2001,9,0.24380386715291424,34.35328809625455,22,2001-09-01,0.23068673337161397,0.7001679023308086,24.14615219442835,40.22424817951327,2.793963772898496,36.515269523860276,0.0,36.515269523860276
Ipsala,2001,10,0.2230087362703523,1.0637427213877666,23,2001-10-01,0.21498344740505065,0.5103104445254609,1.0637427213877666,31.044969910415862,2.717424733787408,100.0,0.0,100.0
Ipsala,2001,11,0.22909719498594122,18.61576477906765,19,2001-11-01,0.19548947424988913,0.6289419014792978,8.733868040488895,19.96338461641323,7.753496952565199,12.000693246535885,0.0,12.000693246535885
Ipsala,2001,12,0.17526072093764253,0.5576931786661209,11,2001-12-01,-0.015575688998993004,0.6655376515010966,-5.15340232662788,15.403814828638941,28.018304530126944,72.21853783924834,0.0,72.21853783924834
Ipsala,2002,1,0.18955855859813864,3.8377953602790296,22,2002-01-01,-0.07649051885525583,0.8210845524906754,-16.463426538483702,17.591864007711507,29.640871938928598,40.38746528612171,0.0,40.38746528612171
Ipsala,2002,2,0.28472559786451207,14.974961347217588,21,2002-02-01,0.09440616500648288,0.5719612032230124,-13.106780422233049,14.974961347217588,39.852879276238724,0.0,0.0,0.0
Ipsala,2002,3,0.28314789856493466,11.27957638228348,14,2002-03-01,0.25194587579068467,0.6338814024863394,8.564329741656861,23.1398786336882,8.169447614417216,81.37122203259815,0.0,81.37122203259815
Ipsala,2002,4,0.4567891051961868,19.75953734208471,11,2002-04-01,0.3638998914518524,0.7368592945707675,15.351583858933205,30.710862117297843,24.905985200409983,71.30103765942947,0.0,71.30103765942947
Ipsala,2002,5,0.45024563074133095,38.9511044369421,19,2002-05-01,0.4045638703274597,0.7901969297324329,16.26395783861783,38.9511044369421,11.845913958818155,0.0,0.0,0.0
Ipsala,2002,6,0.4572119696518368,39.76256211872492,20,2002-06-01,0.3195728929461006,0.5847516662786016,25.61250647464094,41.193824400614766,51.90425876702959,9.185758795820156,0.0,9.185758795820156
Ipsala,2002,7,0.46133039918358104,43.29810503842216,23,2002-07-01,0.3301637941204174,0.7782753017334223,31.528925994060288,44.47576659937166,29.270974486207766,9.096130838796093,0.0,9.096130838796093
Ipsala,2002,8,0.3745213701732613,39.973550961157976,11,2002-08-01,0.2543263330656098,0.7623334775918464,32.954084857364684,46.48073268503943,23.66010761910532,48.10638826988703,0.0,48.10638826988703
Ipsala,2002,9,0.3516956791318863,32.86101192733186,13,2002-09-01,0.23068673337161397,0.7001679023308086,24.14615219442835,40.22424817951327,25.7750371603914,45.79669296048502,0.0,45.79669296048502
Ipsala,2002,10,0.36352063928624945,21.389589882814025,12,2002-10-01,0.21498344740505065,0.5103104445254609,1.0637427213877666,31.044969910415862,50.295839300000544,32.204752549739894,0.0,32.204752549739894
Ipsala,2002,11,0.4048990117750533,15.577660279735523,11,2002-11-01,0.19548947424988913,0.6289419014792978,8.733868040488895,19.96338461641323,48.312000203503814,39.055326264716825,0.0,39.055326264716825
Ipsala,2002,12,0.4932020227233566,2.1900695133358634,6,2002-12-01,-0.015575688998993004,0.6655376515010966,-5.15340232662788,15.403814828638941,74.69795134959374,64.27788944145914,0.0,64.27788944145914
Ipsala,2003,1,0.27243273874574053,-2.2032890636679885,9,2003-01-01,-0.07649051885525583,0.8210845524906754,-16.463426538483702,17.591864007711507,38.87399157351587,58.126513542816,0.0,58.126513542816
Ipsala,2003,2,0.3064574697729113,3.5269029582331037,8,2003-02-01,0.09440616500648288,0.5719612032230124,-13.106780422233049,14.974961347217588,44.403532116078665,40.76690998361973,0.0,40.76690998361973
Ipsala,2003,3,0.40493131634879465,15.859534189709638,11,2003-03-01,0.25194587579068467,0.6338814024863394,8.564329741656861,23.1398786336882,40.05530511436722,49.94902420421936,0.0,49.94902420421936
Ipsala,2003,4,0.6064052828202685,23.753198680977032,13,2003-04-01,0.3638998914518524,0.7368592945707675,15.351583858933205,30.710862117297843,65.02192714285722,45.29941654342826,0.0,45.29941654342826
Ipsala,2003,5,0.6412742316021914,33.64342823935387,10,2003-05-01,0.4045638703274597,0.7901969297324329,16.26395783861783,38.9511044369421,61.38227921640658,23.395080446036676,0.0,23.395080446036676
Ipsala,2003,6,0.4039274154041087,41.1890882078125,3,2003-06-01,0.3195728929461006,0.5847516662786016,25.61250647464094,41.193824400614766,31.81043542736284,0.0303966123068915,0.0,0.0303966123068915
Ipsala,2003,7,0.3495200521610328,43.41564362033545,16,2003-07-01,0.3301637941204174,0.7782753017334223,31.528925994060288,44.47576659937166,4.31951818058012,8.188275513342603,0.0,8.188275513342603
Ipsala,2003,8,0.3162575834137882,43.718791632054966,16,2003-08-01,0.2543263330656098,0.7623334775918464,32.954084857364684,46.48073268503943,12.191019558580216,20.418518232829935,0.0,20.418518232829935
Ipsala,2003,9,0.4967614549496645,33.350067695117374,20,2003-09-01,0.23068673337161397,0.7001679023308086,24.14615219442835,40.22424817951327,56.67420530793998,42.75494119933621,0.0,42.75494119933621
Ipsala,2003,10,0.30321410813193705,22.832712454280795,15,2003-10-01,0.21498344740505065,0.5103104445254609,1.0637427213877666,31.044969910415862,29.87558251943798,27.391331930336783,0.0,27.391331930336783
Ipsala,2003,11,0.30246845466189226,11.764291677724088,9,2003-11-01,0.19548947424988913,0.6289419014792978,8.733868040488895,19.96338461641323,24.680673977489004,73.01376584872489,0.0,73.01376584872489
Ipsala,2003,12,0.33780827421551995,2.27059723315413,4,2003-12-01,-0.015575688998993004,0.6655376515010966,-5.15340232662788,15.403814828638941,51.88328317795832,63.88616463157827,0.0,63.88616463157827
Ipsala,2004,1,0.4257052967841082,3.827040023928886,8,2004-01-01,-0.07649051885525583,0.8210845524906754,-16.463426538483702,17.591864007711507,55.950285571803114,40.41904726994168,0.0,40.41904726994168
Ipsala,2004,2,0.379888324871406,10.617827828005913,11,2004-02-01,0.09440616500648288,0.5719612032230124,-13.106780422233049,14.974961347217588,59.77994932920839,15.515894829400086,0.0,15.515894829400086
Ipsala,2004,3,0.45814085729718584,12.748222880661197,15,2004-03-01,0.25194587579068467,0.6338814024863394,8.564329741656861,23.1398786336882,53.98685565870588,71.29512466393817,0.0,71.29512466393817
Ipsala,2004,4,0.4933533831676934,24.127772054744845,15,2004-04-01,0.3638998914518524,0.7368592945707675,15.351583858933205,30.710862117297843,34.70980772525684,42.86067321534368,0.0,42.86067321534368
Ipsala,2004,5,0.43898683913074077,29.945300610894662,13,2004-05-01,0.4045638703274597,0.7901969297324329,16.26395783861783,38.9511044369421,8.926353164947852,39.69562142606612,0.0,39.69562142606612
Ipsala,2004,6,0.512418893023686,37.45789523201358,19,2004-06-01,0.3195728929461006,0.5847516662786016,25.61250647464094,41.193824400614766,72.72301536585685,23.976977983187485,0.0,23.976977983187485
Ipsala,2004,7,0.5140987853725505,38.9020186960445,22,2004-07-01,0.3301637941204174,0.7782753017334223,31.528925994060288,44.47576659937166,41.04670112845703,43.05102745329667,0.0,43.05102745329667
Ipsala,2004,8,0.39861366864558445,42.43287602674184,18,2004-08-01,0.2543263330656098,0.7623334775918464,32.954084857364684,46.48073268503943,28.402619359720983,29.92505393698436,0.0,29.92505393698436
Ipsala,2004,9,0.3120728477287065,35.679629221557974,21,2004-09-01,0.23068673337161397,0.7001679023308086,24.14615219442835,40.22424817951327,17.335330943628605,28.265902642770488,0.0,28.265902642770488
Ipsala,2004,10,0.2547658886927696,27.318912334099934,11,2004-10-01,0.21498344740505065,0.5103104445254609,1.0637427213877666,31.044969910415862,13.470641585638353,12.427968851386817,0.0,12.427968851386817
Ipsala,2004,11,0.2581093430261058,9.130460063356084,11,2004-11-01,0.19548947424988913,0.6289419014792978,8.733868040488895,19.96338461641323,14.44676851309325,96.46830724915205,0.0,96.46830724915205
Ipsala,2004,12,0.2959073428066425,9.897249083925766,10,2004-12-01,-0.015575688998993004,0.6655376515010966,-5.15340232662788,15.403814828638941,45.73145367802329,26.786532939369067,0.0,26.786532939369067
Ipsala,2005,1,0.34835229422322156,10.837296591966469,16,2005-01-01,-0.07649051885525583,0.8210845524906754,-16.463426538483702,17.591864007711507,47.33228747556651,19.834120653243655,0.0,19.834120653243655
Ipsala,2005,2,0.33875198274413415,12.821030464663082,10,2005-02-01,0.09440616500648288,0.5719612032230124,-13.106780422233049,14.974961347217588,51.16600144146356,7.6702182515534325,0.0,7.6702182515534325
Ipsala,2005,3,0.38141776825859247,23.10402800751395,17,2005-03-01,0.25194587579068467,0.6338814024863394,8.564329741656861,23.1398786336882,33.89888696347367,0.24596415846711916,0.0,0.24596415846711916
Ipsala,2005,4,0.5259880742396859,24.844688059213322,16,2005-04-01,0.3638998914518524,0.7368592945707675,15.351583858933205,30.710862117297843,43.460007022842895,38.19303198631623,0.0,38.19303198631623
Ipsala,2005,5,0.5396380051021828,30.76771725609359,13,2005-05-01,0.4045638703274597,0.7901969297324329,16.26395783861783,38.9511044369421,35.02659626307474,36.07058801062694,0.0,36.07058801062694
Ipsala,2005,6,0.5090283307701733,34.177075024241816,24,2005-06-01,0.3195728929461006,0.5847516662786016,25.61250647464094,41.193824400614766,71.44442047271983,45.03309289823381,0.0,45.03309289823381
Ipsala,2005,7,0.47263956163726206,39.4830407738329,20,2005-07-01,0.3301637941204174,0.7782753017334223,31.528925994060288,44.47576659937166,31.794712944504127,38.56327561096661,0.0,38.56327561096661
Ipsala,2005,8,0.3367656063107417,41.74320457980196,22,2005-08-01,0.2543263330656098,0.7623334775918464,32.954084857364684,46.48073268503943,16.227975164013507,35.02366710209425,0.0,35.02366710209425
Ipsala,2005,9,0.29355129449126327,37.051285630946786,20,2005-09-01,0.23068673337161397,0.7001679023308086,24.14615219442835,40.22424817951327,13.390219944074737,19.73469092055382,0.0,19.73469092055382
Ipsala,2005,10,0.28759857737942085,22.52762137415497,13,2005-10-01,0.21498344740505065,0.5103104445254609,1.0637427213877666,31.044969910415862,24.588043315512962,28.408938975579677,0.0,28.408938975579677
Ipsala,2005,11,0.2189461695511598,14.646540185897598,8,2005-11-01,0.19548947424988913,0.6289419014792978,8.733868040488895,19.96338461641323,5.4115962508743785,47.3470464607065,0.0,47.3470464607065
Ipsala,2005,12,0.2813554440973456,7.6257559818599026,4,2005-12-01,-0.015575688998993004,0.6655376515010966,-5.15340232662788,15.403814828638941,43.59496657022232,37.83614673149608,0.0,37.83614673149608
Ipsala,2006,1,0.18806099773832033,5.572575424637628,2,2006-01-01,-0.07649051885525583,0.8210845524906754,-16.463426538483702,17.591864007711507,29.474026745960767,35.29345482097707,0.0,35.29345482097707
Ipsala,2006,2,0.140236401040011,4.384789006747316,11,2006-02-01,0.09440616500648288,0.5719612032230124,-13.106780422233049,14.974961347217588,9.59684902596465,37.71194973379832,0.0,37.71194973379832
Ipsala,2006,3,0.31714149002313796,11.878504027773266,11,2006-03-01,0.25194587579068467,0.6338814024863394,8.564329741656861,23.1398786336882,17.069795731362902,77.26209619503035,0.0,77.26209619503035
Ipsala,2006,4,0.4254098432704302,27.665553348398888,11,2006-04-01,0.3638998914518524,0.7368592945707675,15.351583858933205,30.710862117297843,16.492398717982134,19.82716061049604,0.0,19.82716061049604
Ipsala,2006,5,0.4045638703274597,36.659883858942834,16,2006-05-01,0.4045638703274597,0.7901969297324329,16.26395783861783,38.9511044369421,0.0,10.099201184553126,0.0,10.099201184553126
Ipsala,2006,6,0.5511240214207107,34.57544683396839,19,2006-06-01,0.3195728929461006,0.5847516662786016,25.61250647464094,41.193824400614766,87.3188775876393,42.47636559429698,0.0,42.47636559429698
Ipsala,2006,7,0.5651648053523861,36.86848400712753,21,2006-07-01,0.3301637941204174,0.7782753017334223,31.528925994060288,44.47576659937166,52.442529870247995,58.75782999230936,0.0,58.75782999230936
Ipsala,2006,8,0.4507940669990586,44.57932592903342,24,2006-08-01,0.2543263330656098,0.7623334775918464,32.954084857364684,46.48073268503943,38.67420685917184,14.05674768966658,0.0,14.05674768966658
Ipsala,2006,9,0.5955812320713407,35.500409484944164,22,2006-09-01,0.23068673337161397,0.7001679023308086,24.14615219442835,40.22424817951327,77.72292539627759,29.380585231928222,0.0,29.380585231928222
Ipsala,2006,10,0.30656315465849376,24.549861820405795,11,2006-10-01,0.21498344740505065,0.5103104445254609,1.0637427213877666,31.044969910415862,31.009595514935054,21.663916720483712,0.0,21.663916720483712
Ipsala,2006,11,0.3862589733547887,14.795656651083512,15,2006-11-01,0.19548947424988913,0.6289419014792978,8.733868040488895,19.96338461641323,44.011634754079495,46.01914900245247,0.0,46.01914900245247
Ipsala,2006,12,0.47680254269532624,9.476333055840579,21,2006-12-01,-0.015575688998993004,0.6655376515010966,-5.15340232662788,15.403814828638941,72.29020522969107,28.834067023900285,0.0,28.834067023900285
Ipsala,2007,1,0.49784718184630006,11.073592689079016,15,2007-01-01,-0.07649051885525583,0.8210845524906754,-16.463426538483702,17.591864007711507,63.987706325257605,19.140260482554417,0.0,19.140260482554417
Ipsala,2007,2,0.5719612032230124,9.006454104561483,18,2007-02-01,0.09440616500648288,0.5719612032230124,-13.106780422233049,14.974961347217588,100.0,21.25404930953778,0.0,21.25404930953778
Ipsala,2007,3,0.6171107870003109,12.579347019295717,17,2007-03-01,0.25194587579068467,0.6338814024863394,8.564329741656861,23.1398786336882,95.60904542420528,72.45374903284826,0.0,72.45374903284826
Ipsala,2007,4,0.6727287313542443,22.81840970132436,14,2007-04-01,0.3638998914518524,0.7368592945707675,15.351583858933205,30.710862117297843,82.80494802377306,51.38556827483262,0.0,51.38556827483262
Ipsala,2007,5,0.6140328557781378,33.428909062786204,19,2007-05-01,0.4045638703274597,0.7901969297324329,16.26395783861783,38.9511044369421,54.31821270040645,24.340634245135885,0.0,24.340634245135885
Ipsala,2007,6,0.39862805489924147,40.358001430676,18,2007-06-01,0.3195728929461006,0.5847516662786016,25.61250647464094,41.193824400614766,29.812024906690247,5.364263625899472,0.0,5.364263625899472
Ipsala,2007,7,0.6162985556454401,42.056479768987174,23,2007-07-01,0.3301637941204174,0.7782753017334223,31.528925994060288,44.47576659937166,63.853473223484485,18.68631046088562,0.0,18.68631046088562
Ipsala,2007,8,0.5834387813552281,43.479593785508925,24,2007-08-01,0.2543263330656098,0.7623334775918464,32.954084857364684,46.48073268503943,64.78500387953125,22.1868635730306,0.0,22.1868635730306
Ipsala,2007,9,0.2808696415541797,33.23608847766322,11,2007-09-01,0.23068673337161397,0.7001679023308086,24.14615219442835,40.22424817951327,10.689014064998085,43.46385111976389,0.0,43.46385111976389
Ipsala,2007,10,0.2710201297188902,25.85674603403975,6,2007-10-01,0.21498344740505065,0.5103104445254609,1.0637427213877666,31.044969910415862,18.974453016563324,17.304908313675657,0.0,17.304908313675657
Ipsala,2007,11,0.2953948276294395,14.269909779714249,6,2007-11-01,0.19548947424988913,0.6289419014792978,8.733868040488895,19.96338461641323,23.048747014323343,50.700978962047024,0.0,50.700978962047024
Ipsala,2007,12,0.31979060796641423,14.482345713549774,4,2007-12-01,-0.015575688998993004,0.6655376515010966,-5.15340232662788,15.403814828638941,49.23795747697048,4.482460384250422,0.0,4.482460384250422
Ipsala,2008,1,,,7,2008-01-01,-0.07649051885525583,0.8210845524906754,-16.463426538483702,17.591864007711507,,,0.0,
Ipsala,2008,2,0.34948325330054414,12.246163639950453,9,2008-02-01,0.09440616500648288,0.5719612032230124,-13.106780422233049,14.974961347217588,53.41312893413683,9.717337797884461,0.0,9.717337797884461
Ipsala,2008,3,0.4167591594311968,21.26761725673708,14,2008-03-01,0.25194587579068467,0.6338814024863394,8.564329741656861,23.1398786336882,43.15212179039934,12.845220381200953,0.0,12.845220381200953
Ipsala,2008,4,0.510194344980102,24.225512734818665,9,2008-04-01,0.3638998914518524,0.7368592945707675,15.351583858933205,30.710862117297843,39.22530235324427,42.22431076113402,0.0,42.22431076113402
Ipsala,2008,5,0.5068599378397705,35.93115963078056,20,2008-05-01,0.4045638703274597,0.7901969297324329,16.26395783861783,38.9511044369421,26.52678887804698,13.311258835805292,0.0,13.311258835805292
Ipsala,2008,6,0.5258162789626514,36.02678451814193,20,2008-06-01,0.3195728929461006,0.5847516662786016,25.61250647464094,41.193824400614766,77.77522439850317,33.16176402420656,0.0,33.16176402420656
Ipsala,2008,7,0.4802861973590079,39.57016719136719,21,2008-07-01,0.3301637941204174,0.7782753017334223,31.528925994060288,44.47576659937166,33.501126547332106,37.89032056200625,0.0,37.89032056200625
Ipsala,2008,8,0.6460943454300521,41.88648349391596,20,2008-08-01,0.2543263330656098,0.7623334775918464,32.954084857364684,46.48073268503943,77.11860287512333,33.9644326491882,0.0,33.9644326491882
Ipsala,2008,9,0.372892779589186,35.79408844155617,15,2008-09-01,0.23068673337161397,0.7001679023308086,24.14615219442835,40.22424817951327,30.290042630002052,27.554007278391673,0.0,27.554007278391673
Ipsala,2008,10,0.24234673784840477,27.264356073869553,5,2008-10-01,0.21498344740505065,0.5103104445254609,1.0637427213877666,31.044969910415862,9.265421282226221,12.609936920560271,0.0,12.609936920560271
Ipsala,2008,11,0.2672033863042501,18.897940981058902,8,2008-11-01,0.19548947424988913,0.6289419014792978,8.733868040488895,19.96338461641323,16.544817273893297,9.487885147599311,0.0,9.487885147599311
Ipsala,2008,12,0.3432739731513399,3.905166454397408,4,2008-12-01,-0.015575688998993004,0.6655376515010966,-5.15340232662788,15.403814828638941,52.68574858434823,55.93484899922627,0.0,55.93484899922627
Ipsala,2009,1,0.2861150306685941,17.591864007711507,7,2009-01-01,-0.07649051885525583,0.8210845524906754,-16.463426538483702,17.591864007711507,40.398353419075676,0.0,0.0,0.0
Ipsala,2009,2,0.33866654440482563,7.152609135955554,10,2009-02-01,0.09440616500648288,0.5719612032230124,-13.106780422233049,14.974961347217588,51.14811065768549,27.855651816340533,0.0,27.855651816340533
Ipsala,2009,3,0.5068203252813127,20.09269745386736,7,2009-03-01,0.25194587579068467,0.6338814024863394,8.564329741656861,23.1398786336882,66.73232304302624,20.906116142814884,0.0,20.906116142814884
Ipsala,2009,4,0.5851298979394103,19.75814072962961,13,2009-04-01,0.3638998914518524,0.7368592945707675,15.351583858933205,30.710862117297843,59.317449737825875,71.31013061569739,0.0,71.31013061569739
Ipsala,2009,5,0.6350245802697101,32.95421341979174,25,2009-05-01,0.4045638703274597,0.7901969297324329,16.26395783861783,38.9511044369421,59.76165795999135,26.432989230974094,0.0,26.432989230974094
Ipsala,2009,6,0.38446382339312485,35.62262421568775,23,2009-06-01,0.3195728929461006,0.5847516662786016,25.61250647464094,41.193824400614766,24.470635274286884,35.755641540693475,0.0,35.755641540693475
Ipsala,2009,7,0.4898921517068631,42.583059376971626,27,2009-07-01,0.3301637941204174,0.7782753017334223,31.528925994060288,44.47576659937166,35.64477922856408,14.619066381519836,0.0,14.619066381519836
Ipsala,2009,8,0.49569291997803594,40.800134283963175,27,2009-08-01,0.2543263330656098,0.7623334775918464,32.954084857364684,46.48073268503943,47.512439443646535,41.995610985406714,0.0,41.995610985406714
Ipsala,2009,9,0.5034793227044247,33.006093770485855,21,2009-09-01,0.23068673337161397,0.7001679023308086,24.14615219442835,40.22424817951327,58.10511845183737,44.894335845012,0.0,44.894335845012
Ipsala,2009,10,0.3949602242049613,22.454106808172714,21,2009-10-01,0.21498344740505065,0.5103104445254609,1.0637427213877666,31.044969910415862,60.941525344711636,28.654140966541394,0.0,28.654140966541394
Ipsala,2009,11,0.41406759243040836,18.81773462189199,17,2009-11-01,0.19548947424988913,0.6289419014792978,8.733868040488895,19.96338461641323,50.42724517143717,10.202131024744824,0.0,10.202131024744824
Ipsala,2009,12,0.40396335720861903,12.022671937735177,7,2009-12-01,-0.015575688998993004,0.6655376515010966,-5.15340232662788,15.403814828638941,61.596069444121675,16.447473728405427,0.0,16.447473728405427
Ipsala,2010,1,-0.07649051885525583,-3.7300021345262295,3,2010-01-01,-0.07649051885525583,0.8210845524906754,-16.463426538483702,17.591864007711507,0.0,62.60955581428713,0.0,62.60955581428713
Ipsala,2010,2,0.42186430146713594,8.298622348802418,10,2010-02-01,0.09440616500648288,0.5719612032230124,-13.106780422233049,14.974961347217588,68.56971663068904,23.77466131989782,0.0,23.77466131989782
Ipsala,2010,3,0.4432659340600018,8.564329741656861,12,2010-03-01,0.25194587579068467,0.6338814024863394,8.564329741656861,23.1398786336882,50.09223936943957,100.0,0.0,100.0
Ipsala,2010,4,0.5138933863953906,25.635010122152426,20,2010-04-01,0.3638998914518524,0.7368592945707675,15.351583858933205,30.710862117297843,40.217110411803716,33.04746427379239,0.0,33.04746427379239
Ipsala,2010,5,0.47222670760621316,34.3648926841309,25,2010-05-01,0.4045638703274597,0.7901969297324329,16.26395783861783,38.9511044369421,17.545912008466367,20.215022338463452,0.0,20.215022338463452
Ipsala,2010,6,0.5036191768041464,34.35638899286842,16,2010-06-01,0.3195728929461006,0.5847516662786016,25.61250647464094,41.193824400614766,69.40460638879068,43.8822661871782,0.0,43.8822661871782
Ipsala,2010,7,0.5534278676680348,35.905517879268594,23,2010-07-01,0.3301637941204174,0.7782753017334223,31.528925994060288,44.47576659937166,49.82332962991684,66.19567646941731,0.0,66.19567646941731
Ipsala,2010,8,0.6997975612651811,38.131002345924905,16,2010-08-01,0.2543263330656098,0.7623334775918464,32.954084857364684,46.48073268503943,87.6899533794971,61.72800863515833,0.0,61.72800863515833
Ipsala,2010,9,0.3971190976028047,33.88911121809684,17,2010-09-01,0.23068673337161397,0.7001679023308086,24.14615219442835,40.22424817951327,35.45027473629222,39.40228349982055,0.0,39.40228349982055
Ipsala,2010,10,0.43665091670181844,23.43008263240188,16,2010-10-01,0.21498344740505065,0.5103104445254609,1.0637427213877666,31.044969910415862,75.05831551403676,25.39885118778833,0.0,25.39885118778833
Ipsala,2010,11,0.3961697411881027,13.733763028764216,12,2010-11-01,0.19548947424988913,0.6289419014792978,8.733868040488895,19.96338461641323,46.298106627512716,55.47542091887633,0.0,55.47542091887633
Ipsala,2010,12,,,7,2010-12-01,-0.015575688998993004,0.6655376515010966,-5.15340232662788,15.403814828638941,,,0.0,
Ipsala,2011,1,0.07174187641765796,-16.463426538483702,8,2011-01-01,-0.07649051885525583,0.8210845524906754,-16.463426538483702,17.591864007711507,16.514762943520306,100.0,0.0,100.0
Ipsala,2011,2,0.4907812016500224,11.455620574889998,13,2011-02-01,0.09440616500648288,0.5719612032230124,-13.106780422233049,14.974961347217588,83.00091192081993,12.532487483223656,0.0,12.532487483223656
Ipsala,2011,3,0.5160572476197933,19.60681213070943,12,2011-03-01,0.25194587579068467,0.6338814024863394,8.564329741656861,23.1398786336882,69.15077372196532,24.23968064015996,0.0,24.23968064015996
Ipsala,2011,4,0.6147866422471364,19.160541552899176,10,2011-04-01,0.3638998914518524,0.7368592945707675,15.351583858933205,30.710862117297843,67.26918498292716,75.20093307840413,0.0,75.20093307840413
Ipsala,2011,5,0.699077749153109,28.374668711260195,19,2011-05-01,0.4045638703274597,0.7901969297324329,16.26395783861783,38.9511044369421,76.37153289712256,46.61862469061274,0.0,46.61862469061274
Ipsala,2011,6,0.44933321141281646,36.66323276239249,20,2011-06-01,0.3195728929461006,0.5847516662786016,25.61250647464094,41.193824400614766,48.93314681111849,29.077075891442068,0.0,29.077075891442068
Ipsala,2011,7,0.640253888438074,41.79857253672371,18,2011-07-01,0.3301637941204174,0.7782753017334223,31.528925994060288,44.47576659937166,69.19931513685975,20.678358097261537,0.0,20.678358097261537
Ipsala,2011,8,0.6691633080702559,40.66094400493843,26,2011-08-01,0.2543263330656098,0.7623334775918464,32.954084857364684,46.48073268503943,81.65967338737327,43.02461891699469,0.0,43.02461891699469
Ipsala,2011,9,0.43271030813159395,36.98014346683784,24,2011-09-01,0.23068673337161397,0.7001679023308086,24.14615219442835,40.22424817951327,43.03124131854989,20.177169707687227,0.0,20.177169707687227
Ipsala,2011,10,0.36566358317640824,20.29282988005943,22,2011-10-01,0.21498344740505065,0.5103104445254609,1.0637427213877666,31.044969910415862,51.02145663639498,35.862908354502835,0.0,35.862908354502835
Ipsala,2011,11,0.2559268364515646,14.168333689668643,13,2011-11-01,0.19548947424988913,0.6289419014792978,8.733868040488895,19.96338461641323,13.943251532350617,51.60552449042161,0.0,51.60552449042161
Ipsala,2011,12,0.2509665839275643,15.403814828638941,6,2011-12-01,-0.015575688998993004,0.6655376515010966,-5.15340232662788,15.403814828638941,39.13332144263327,0.0,0.0,0.0
Ipsala,2012,1,0.33457876911181733,7.09531401020729,5,2012-01-01,-0.07649051885525583,0.8210845524906754,-16.463426538483702,17.591864007711507,45.79776122243088,30.82208323334047,0.0,30.82208323334047
Ipsala,2012,2,0.2596393818039631,0.4000216610185488,8,2012-02-01,0.09440616500648288,0.5719612032230124,-13.106780422233049,14.974961347217588,34.59982694655635,51.90183645251919,0.0,51.90183645251919
Ipsala,2012,3,0.3340251824182628,21.777024741496447,10,2012-03-01,0.25194587579068467,0.6338814024863394,8.564329741656861,23.1398786336882,21.490356589158832,9.350274917858105,0.0,9.350274917858105
Ipsala,2012,4,0.515857169246932,26.552562695355704,10,2012-04-01,0.3638998914518524,0.7368592945707675,15.351583858933205,30.710862117297843,40.74365105808293,27.073534003315135,0.0,27.073534003315135
Ipsala,2012,5,0.4786333974079165,29.695227946611148,10,2012-05-01,0.4045638703274597,0.7901969297324329,16.26395783861783,38.9511044369421,19.207255517653255,40.79788725398644,0.0,40.79788725398644
Ipsala,2012,6,0.41720918524427836,40.857745029472845,12,2012-06-01,0.3195728929461006,0.5847516662786016,25.61250647464094,41.193824400614766,36.81904515628559,2.1569380250028867,0.0,2.1569380250028867
Ipsala,2012,7,0.5828209240484252,39.71887073324586,14,2012-07-01,0.3301637941204174,0.7782753017334223,31.528925994060288,44.47576659937166,56.382647094661515,36.741750448169654,0.0,36.741750448169654
Ipsala,2012,8,0.6803165989715452,36.80491723339517,10,2012-08-01,0.2543263330656098,0.7623334775918464,32.954084857364684,46.48073268503943,83.85517221479444,71.53151006007633,0.0,71.53151006007633
Ipsala,2012,9,0.5145495527785745,36.18626017255708,9,2012-09-01,0.23068673337161397,0.7001679023308086,24.14615219442835,40.22424817951327,60.463089507139046,25.114839535117156,0.0,25.114839535117156
Ipsala,2012,10,0.2528038622821544,28.03020962951889,13,2012-10-01,0.21498344740505065,0.5103104445254609,1.0637427213877666,31.044969910415862,12.806284303796197,10.055493265466637,0.0,10.055493265466637
Ipsala,2012,11,0.37880952280992514,15.018800529542922,6,2012-11-01,0.19548947424988913,0.6289419014792978,8.733868040488895,19.96338461641323,42.293003117274544,44.03202981570294,0.0,44.03202981570294
Ipsala,2012,12,,,4,2012-12-01,-0.015575688998993004,0.6655376515010966,-5.15340232662788,15.403814828638941,,,0.0,
Ipsala,2013,1,0.3578956018444621,14.360631103031729,5,2013-01-01,-0.07649051885525583,0.8210845524906754,-16.463426538483702,17.591864007711507,48.395519724979394,9.488196555823498,0.0,9.488196555823498
Ipsala,2013,2,,,8,2013-02-01,0.09440616500648288,0.5719612032230124,-13.106780422233049,14.974961347217588,,,0.0,
Ipsala,2013,3,0.5350239706817889,16.431033018382745,3,2013-03-01,0.25194587579068467,0.6338814024863394,8.564329741656861,23.1398786336882,74.11672261550964,46.02808213262744,0.0,46.02808213262744
Ipsala,2013,4,0.6282116727143008,27.89687200168298,11,2013-04-01,0.3638998914518524,0.7368592945707675,15.351583858933205,30.710862117297843,70.86878063727883,18.321109027908715,0.0,18.321109027908715
Ipsala,2013,5,0.6304432150890099,32.374345083724926,23,2013-05-01,0.4045638703274597,0.7901969297324329,16.26395783861783,38.9511044369421,58.57364643738768,28.988922536882413,0.0,28.988922536882413
Ipsala,2013,6,0.4049560859277694,36.68858045964484,26,2013-06-01,0.3195728929461006,0.5847516662786016,25.61250647464094,41.193824400614766,32.198351289078836,28.91439583207369,0.0,28.91439583207369
Ipsala,2013,7,0.5160617761989205,39.93095267170613,28,2013-07-01,0.3301637941204174,0.7782753017334223,31.528925994060288,44.47576659937166,41.484759690448975,35.10365243703583,0.0,35.10365243703583
Ipsala,2013,8,0.3476295008222461,40.71281294270806,26,2013-08-01,0.2543263330656098,0.7623334775918464,32.954084857364684,46.48073268503943,18.366506999355305,42.64116147483735,0.0,42.64116147483735
Ipsala,2013,9,0.28039765691409957,35.418935385271055,18,2013-09-01,0.23068673337161397,0.7001679023308086,24.14615219442835,40.22424817951327,10.588480822924394,29.887324958750906,0.0,29.887324958750906
Ipsala,2013,10,0.2576215778204819,22.189201347200736,14,2013-10-01,0.21498344740505065,0.5103104445254609,1.0637427213877666,31.044969910415862,14.437599959087686,29.5377120735604,0.0,29.5377120735604
Ipsala,2013,11,0.32299272984511207,16.631098223163463,23,2013-11-01,0.19548947424988913,0.6289419014792978,8.733868040488895,19.96338461641323,29.415743824579085,29.674353038438586,0.0,29.674353038438586
Ipsala,2013,12,0.3738031577067515,4.368610088925541,23,2013-12-01,-0.015575688998993004,0.6655376515010966,-5.15340232662788,15.403814828638941,57.16799591971776,53.68044057892411,0.0,53.68044057892411
Ipsala,2014,1,0.4178493934679855,13.222137773220853,21,2014-01-01,-0.07649051885525583,0.8210845524906754,-16.463426538483702,17.591864007711507,55.07504921922231,12.83126986851932,0.0,12.83126986851932
Ipsala,2014,2,0.46441642509603576,-3.4767248156283292,17,2014-02-01,0.09440616500648288,0.5719612032230124,-13.106780422233049,14.974961347217588,77.48012909075112,65.70705732690344,0.0,65.70705732690344
Ipsala,2014,3,0.5737771240990599,19.512573079648554,15,2014-03-01,0.25194587579068467,0.6338814024863394,8.564329741656861,23.1398786336882,84.26323968674075,24.886236401174195,0.0,24.886236401174195
Ipsala,2014,4,0.6657150009505692,20.26173328039072,18,2014-04-01,0.3638998914518524,0.7368592945707675,15.351583858933205,30.710862117297843,80.92438666909962,68.03137921677109,0.0,68.03137921677109
Ipsala,2014,5,0.6457105735665357,30.610003978530106,25,2014-05-01,0.4045638703274597,0.7901969297324329,16.26395783861783,38.9511044369421,62.53268420792611,36.76575378160641,0.0,36.76575378160641
Ipsala,2014,6,0.40506310722148353,37.281004240336514,24,2014-06-01,0.3195728929461006,0.5847516662786016,25.61250647464094,41.193824400614766,32.23870945665357,25.112254167894477,0.0,25.112254167894477
Ipsala,2014,7,0.5776632456023316,37.49538564610065,25,2014-07-01,0.3301637941204174,0.7782753017334223,31.528925994060288,44.47576659937166,55.23166606461222,53.915709369337144,0.0,53.915709369337144
Ipsala,2014,8,0.6678269842204784,32.954084857364684,26,2014-08-01,0.2543263330656098,0.7623334775918464,32.954084857364684,46.48073268503943,81.39662121100599,100.0,0.0,100.0
Ipsala,2014,9,0.43928568692469644,34.14182892635277,26,2014-09-01,0.23068673337161397,0.7001679023308086,24.14615219442835,40.22424817951327,44.43180415852058,37.83046984420879,0.0,37.83046984420879
Ipsala,2014,10,0.2982681211386327,25.961798949051413,23,2014-10-01,0.21498344740505065,0.5103104445254609,1.0637427213877666,31.044969910415862,28.200833159734923,16.954512666595186,0.0,16.954512666595186
Ipsala,2014,11,0.28326834667851647,15.32692034057465,19,2014-11-01,0.19548947424988913,0.6289419014792978,8.733868040488895,19.96338461641323,20.251097217220003,41.28819121010949,0.0,41.28819121010949
Ipsala,2014,12,0.3442692185061137,8.857758053016047,17,2014-12-01,-0.015575688998993004,0.6655376515010966,-5.15340232662788,15.403814828638941,52.83186895750713,31.843107586893275,0.0,31.843107586893275
Ipsala,2015,1,0.3164979197034704,5.544703856421653,20,2015-01-01,-0.07649051885525583,0.8210845524906754,-16.463426538483702,17.591864007711507,43.78335039646684,35.37529693058458,0.0,35.37529693058458
Ipsala,2015,2,0.30928444757234286,8.06110849451649,16,2015-02-01,0.09440616500648288,0.5719612032230124,-13.106780422233049,14.974961347217588,44.99550111927235,24.620455915674327,0.0,24.620455915674327
Ipsala,2015,3,0.3898595986957736,16.84863229072461,25,2015-03-01,0.25194587579068467,0.6338814024863394,8.564329741656861,23.1398786336882,36.10916326592091,43.163014920166084,0.0,43.163014920166084
Ipsala,2015,4,0.6331141112355618,24.282367339411984,23,2015-04-01,0.3638998914518524,0.7368592945707675,15.351583858933205,30.710862117297843,72.18325038392253,41.85414620237714,0.0,41.85414620237714
Ipsala,2015,5,0.7314836332395253,34.344540485736836,25,2015-05-01,0.4045638703274597,0.7901969297324329,16.26395783861783,38.9511044369421,84.77482802343202,20.304730395428038,0.0,20.304730395428038
Ipsala,2015,6,0.5103411993832434,35.54153006254256,25,2015-06-01,0.3195728929461006,0.5847516662786016,25.61250647464094,41.193824400614766,71.9395085963171,36.27609913953371,0.0,36.27609913953371
Ipsala,2015,7,0.4543450161816721,42.11739496321288,28,2015-07-01,0.3301637941204174,0.7782753017334223,31.528925994060288,44.47576659937166,27.712125208018374,18.21580807283029,0.0,18.21580807283029
Ipsala,2015,8,0.38963584648627325,41.47127913376229,28,2015-08-01,0.2543263330656098,0.7623334775918464,32.954084857364684,46.48073268503943,26.635356387920886,37.033961518744405,0.0,37.033961518744405
Ipsala,2015,9,0.6801707414085986,39.57622318856495,24,2015-09-01,0.23068673337161397,0.7001679023308086,24.14615219442835,40.22424817951327,95.74058295745019,4.030483407671311,0.0,4.030483407671311
Ipsala,2015,10,0.30436640785458285,22.10686393218556,19,2015-10-01,0.21498344740505065,0.5103104445254609,1.0637427213877666,31.044969910415862,30.26576009679505,29.81234197611925,0.0,29.81234197611925
Ipsala,2015,11,0.33377102426420796,18.112944916444413,23,2015-11-01,0.19548947424988913,0.6289419014792978,8.733868040488895,19.96338461641323,31.90235913505037,16.478355835335698,0.0,16.478355835335698
Ipsala,2015,12,0.6655376515010966,9.038005284978306,26,2015-12-01,-0.015575688998993004,0.6655376515010966,-5.15340232662788,15.403814828638941,100.0,30.966300037501412,0.0,30.966300037501412
Ipsala,2016,1,0.4773994652715235,7.287954944540264,22,2016-01-01,-0.07649051885525583,0.8210845524906754,-16.463426538483702,17.591864007711507,61.70959976597953,30.256412140117348,0.0,30.256412140117348
Ipsala,2016,2,0.41497574919353775,11.481028522125575,16,2016-02-01,0.09440616500648288,0.5719612032230124,-13.106780422233049,14.974961347217588,67.12725414524986,12.442008952923882,0.0,12.442008952923882
Ipsala,2016,3,0.5536092363564031,23.1398786336882,23,2016-03-01,0.25194587579068467,0.6338814024863394,8.564329741656861,23.1398786336882,78.98279669754285,0.0,0.0,0.0
Ipsala,2016,4,0.6397325362506793,28.75952183748709,22,2016-04-01,0.3638998914518524,0.7368592945707675,15.351583858933205,30.710862117297843,73.9578202056699,12.7046352503449,0.0,12.7046352503449
Ipsala,2016,5,0.6247585856002157,28.83599710090559,25,2016-05-01,0.4045638703274597,0.7901969297324329,16.26395783861783,38.9511044369421,57.09954318037814,44.58518964559271,0.0,44.58518964559271
Ipsala,2016,6,0.531210472676176,39.520000913436405,21,2016-06-01,0.3195728929461006,0.5847516662786016,25.61250647464094,41.193824400614766,79.80939691002656,10.742502624814051,0.0,10.742502624814051
Ipsala,2016,7,0.5279891330223251,40.38008989894993,28,2016-07-01,0.3301637941204174,0.7782753017334223,31.528925994060288,44.47576659937166,44.14645362617027,31.634564951247626,0.0,31.634564951247626
Ipsala,2016,8,0.7003756754564839,41.58291333283418,28,2016-08-01,0.2543263330656098,0.7623334775918464,32.954084857364684,46.48073268503943,87.80375378516698,36.208670578268396,0.0,36.208670578268396
Ipsala,2016,9,0.3809208717277027,34.66908195855547,23,2016-09-01,0.23068673337161397,0.7001679023308086,24.14615219442835,40.22424817951327,32.00003499376702,34.551144775545104,0.0,34.551144775545104
Ipsala,2016,10,0.31807223315350275,28.20817753526982,24,2016-10-01,0.21498344740505065,0.5103104445254609,1.0637427213877666,31.044969910415862,34.906658298638675,9.461895462985561,0.0,9.461895462985561
Ipsala,2016,11,0.27522830017598093,15.985890438909653,27,2016-11-01,0.19548947424988913,0.6289419014792978,8.733868040488895,19.96338461641323,18.396211652516435,35.41999471313997,0.0,35.41999471313997
Ipsala,2016,12,0.322852788046692,9.263705417912696,22,2016-12-01,-0.015575688998993004,0.6655376515010966,-5.15340232662788,15.403814828638941,49.68754198782875,29.868388140041276,0.0,29.868388140041276
Ipsala,2017,1,0.5237272922509774,0.95488766157368,24,2017-01-01,-0.07649051885525583,0.8210845524906754,-16.463426538483702,17.591864007711507,66.87104290966937,48.85283924848668,0.0,48.85283924848668
Ipsala,2017,2,0.3510167638113391,11.76183497225974,18,2017-02-01,0.09440616500648288,0.5719612032230124,-13.106780422233049,14.974961347217588,53.734245954809886,11.442048008764619,0.0,11.442048008764619
Ipsala,2017,3,0.5230859974834418,17.11843450499873,20,2017-03-01,0.25194587579068467,0.6338814024863394,8.564329741656861,23.1398786336882,70.99107119951557,41.31195451569908,0.0,41.31195451569908
Ipsala,2017,4,0.6751783424812067,25.122470917529128,26,2017-04-01,0.3638998914518524,0.7368592945707675,15.351583858933205,30.710862117297843,83.4617517151339,36.38446485416909,0.0,36.38446485416909
Ipsala,2017,5,0.6536684916291263,31.782448283025502,25,2017-05-01,0.4045638703274597,0.7901969297324329,16.26395783861783,38.9511044369421,64.59628271653675,31.597874694590704,0.0,31.597874694590704
Ipsala,2017,6,0.5009440149199387,38.47879409814185,26,2017-06-01,0.3195728929461006,0.5847516662786016,25.61250647464094,41.193824400614766,68.39579190089296,17.42490792737759,0.0,17.42490792737759
Ipsala,2017,7,0.473682371529761,40.10098780452903,24,2017-07-01,0.3301637941204174,0.7782753017334223,31.528925994060288,44.47576659937166,32.027425087527135,33.79031941621266,0.0,33.79031941621266
Ipsala,2017,8,0.43212184903970124,39.95273516577183,26,2017-08-01,0.2543263330656098,0.7623334775918464,32.954084857364684,46.48073268503943,34.99862509609035,48.260275586621646,0.0,48.260275586621646
Ipsala,2017,9,0.5461440461054351,40.22424817951327,28,2017-09-01,0.23068673337161397,0.7001679023308086,24.14615219442835,40.22424817951327,67.19275097511725,0.0,0.0,0.0
Ipsala,2017,10,0.2712268389336801,25.813718957858196,27,2017-10-01,0.21498344740505065,0.5103104445254609,1.0637427213877666,31.044969910415862,19.04444635168182,17.448421705940344,0.0,17.448421705940344
Ipsala,2017,11,0.44546663250371765,14.770699100495213,25,2017-11-01,0.19548947424988913,0.6289419014792978,8.733868040488895,19.96338461641323,57.671186628636825,46.24139855718226,0.0,46.24139855718226
Ipsala,2017,12,0.4547037107940369,12.841994258863512,22,2017-12-01,-0.015575688998993004,0.6655376515010966,-5.15340232662788,15.403814828638941,69.04568914297577,12.461903527244123,0.0,12.461903527244123
Ipsala,2018,1,0.49511311293461946,7.67993745681282,22,2018-01-01,-0.07649051885525583,0.8210845524906754,-16.463426538483702,17.591864007711507,63.68310017041188,29.105394174962008,0.0,29.105394174962008
Ipsala,2018,2,0.5007828983866534,14.850365922444116,16,2018-02-01,0.09440616500648288,0.5719612032230124,-13.106780422233049,14.974961347217588,85.09526669382852,0.4436883787209261,0.0,0.4436883787209261
Ipsala,2018,3,0.5601235879432274,18.204228948371856,22,2018-03-01,0.25194587579068467,0.6338814024863394,8.564329741656861,23.1398786336882,80.68841220893128,33.86253047399631,0.0,33.86253047399631
Ipsala,2018,4,0.5341156108532014,28.17719547523508,26,2018-04-01,0.3638998914518524,0.7368592945707675,15.351583858933205,30.710862117297843,45.63920844410968,16.49600065473735,0.0,16.49600065473735
Ipsala,2018,5,0.5822690641199508,33.35014595798778,23,2018-05-01,0.4045638703274597,0.7901969297324329,16.26395783861783,38.9511044369421,46.081421044836745,24.687804853202767,0.0,24.687804853202767
Ipsala,2018,6,0.4660622895052824,35.67408255367186,26,2018-06-01,0.3195728929461006,0.5847516662786016,25.61250647464094,41.193824400614766,55.24175058140962,35.42538489469867,0.0,35.42538489469867
Ipsala,2018,7,0.7782753017334223,37.280027719131574,28,2018-07-01,0.3301637941204174,0.7782753017334223,31.528925994060288,44.47576659937166,100.0,55.57911076226637,0.0,55.57911076226637
Ipsala,2018,8,0.7623334775918464,39.80781992837631,28,2018-08-01,0.2543263330656098,0.7623334775918464,32.954084857364684,46.48073268503943,100.0,49.33160707422811,0.0,49.33160707422811
Ipsala,2018,9,0.3215505701647785,34.628118387497224,26,2018-09-01,0.23068673337161397,0.7001679023308086,24.14615219442835,40.22424817951327,19.354096138638106,34.80592351984573,0.0,34.80592351984573
Ipsala,2018,10,0.25573136246118755,23.984191839809014,23,2018-10-01,0.21498344740505065,0.5103104445254609,1.0637427213877666,31.044969910415862,13.79755845332461,23.55066397412446,0.0,23.55066397412446
Ipsala,2018,11,0.42731159814600367,11.491804026865063,21,2018-11-01,0.19548947424988913,0.6289419014792978,8.733868040488895,19.96338461641323,53.48271444179053,75.44029640341704,0.0,75.44029640341704
Ipsala,2018,12,0.4021864021159197,2.02096934357119,13,2018-12-01,-0.015575688998993004,0.6655376515010966,-5.15340232662788,15.403814828638941,61.335179664544796,65.10047242283972,0.0,65.10047242283972
Ipsala,2019,1,0.371267125949162,10.279609121340815,14,2019-01-01,-0.07649051885525583,0.8210845524906754,-16.463426538483702,17.591864007711507,49.885258525840804,21.47171487628857,0.0,21.47171487628857
Ipsala,2019,2,0.4455690782571346,13.884971857005164,22,2019-02-01,0.09440616500648288,0.5719612032230124,-13.106780422233049,14.974961347217588,73.53349564944389,3.8814881895901285,0.0,3.8814881895901285
Ipsala,2019,3,0.572918899522597,19.58160514159162,24,2019-03-01,0.25194587579068467,0.6338814024863394,8.564329741656861,23.1398786336882,84.03853564208487,24.412620879354588,0.0,24.412620879354588
Ipsala,2019,4,0.6414038110562523,22.96244535787475,19,2019-04-01,0.3638998914518524,0.7368592945707675,15.351583858933205,30.710862117297843,74.40593192817826,50.44779207124084,0.0,50.44779207124084
Ipsala,2019,5,0.6744041092791011,29.545588513144505,28,2019-05-01,0.4045638703274597,0.7901969297324329,16.26395783861783,38.9511044369421,69.9733159205804,41.457465279006534,0.0,41.457465279006534
Ipsala,2019,6,0.5217014104897573,33.74567384510706,27,2019-06-01,0.3195728929461006,0.5847516662786016,25.61250647464094,41.193824400614766,76.22349066763832,47.80180079049505,0.0,47.80180079049505
Ipsala,2019,7,0.733391426635912,41.356891206111875,26,2019-07-01,0.3301637941204174,0.7782753017334223,31.528925994060288,44.47576659937166,89.98377092866968,24.089857041881576,0.0,24.089857041881576
Ipsala,2019,8,0.6749219047817367,40.97892323671957,26,2019-08-01,0.2543263330656098,0.7623334775918464,32.954084857364684,46.48073268503943,82.79323947468711,40.673857399195946,0.0,40.673857399195946
Ipsala,2019,9,0.4359650447212053,36.764574630051,22,2019-09-01,0.23068673337161397,0.7001679023308086,24.14615219442835,40.22424817951327,43.724503754789204,21.517930684526846,0.0,21.517930684526846
Ipsala,2019,10,0.37541343417355283,28.30177348381965,27,2019-10-01,0.21498344740505065,0.5103104445254609,1.0637427213877666,31.044969910415862,54.32283141493221,9.149713616793205,0.0,9.149713616793205
Ipsala,2019,11,0.40808058802527825,19.96338461641323,26,2019-11-01,0.19548947424988913,0.6289419014792978,8.733868040488895,19.96338461641323,49.04600837841734,0.0,0.0,0.0
Ipsala,2019,12,0.4700716992086498,4.565321368290448,21,2019-12-01,-0.015575688998993004,0.6655376515010966,-5.15340232662788,15.403814828638941,71.30199327046934,52.72354413774162,0.0,52.72354413774162
Ipsala,2020,1,0.6909486753139668,8.020008961449573,22,2020-01-01,-0.07649051885525583,0.8210845524906754,-16.463426538483702,17.591864007711507,85.50139355123049,28.106807760978974,0.0,28.106807760978974
Ipsala,2020,2,0.46954100739877713,12.23126961290048,18,2020-02-01,0.09440616500648288,0.5719612032230124,-13.106780422233049,14.974961347217588,78.55321635664608,9.770375914865424,0.0,9.770375914865424
Ipsala,2020,3,0.539155021313025,15.959038457823167,22,2020-03-01,0.25194587579068467,0.6338814024863394,8.564329741656861,23.1398786336882,75.19833203450666,49.26634481526044,0.0,49.26634481526044
Ipsala,2020,4,0.5824840465089378,25.90663054985178,25,2020-04-01,0.3638998914518524,0.7368592945707675,15.351583858933205,30.710862117297843,58.60802897826164,31.279019017900055,0.0,31.279019017900055
Ipsala,2020,5,0.5628659554563478,27.848890609657303,25,2020-05-01,0.4045638703274597,0.7901969297324329,16.26395783861783,38.9511044369421,41.04992589928521,48.936140026109925,0.0,48.936140026109925
Ipsala,2020,6,0.5205868810109735,35.91250417867161,26,2020-06-01,0.3195728929461006,0.5847516662786016,25.61250647464094,41.193824400614766,75.80319704278385,33.89520865330187,0.0,33.89520865330187
Ipsala,2020,7,0.5157844837581737,40.244447646699044,25,2020-07-01,0.3301637941204174,0.7782753017334223,31.528925994060288,44.47576659937166,41.42287945840051,32.68225107318259,0.0,32.68225107318259
Ipsala,2020,8,0.7366761853851216,37.5906177958214,26,2020-08-01,0.2543263330656098,0.7623334775918464,32.954084857364684,46.48073268503943,94.94942295926711,65.72297144477557,0.0,65.72297144477557
Ipsala,2020,9,0.6832413430445115,38.4650364858361,28,2020-09-01,0.23068673337161397,0.7001679023308086,24.14615219442835,40.22424817951327,96.39462444812811,10.941666819933932,0.0,10.941666819933932
Ipsala,2020,10,0.5103104445254609,28.496129519378545,27,2020-10-01,0.21498344740505065,0.5103104445254609,1.0637427213877666,31.044969910415862,100.0,8.501454510074517,0.0,8.501454510074517
Ipsala,2020,11,0.30833946374601195,14.874423484382737,19,2020-11-01,0.19548947424988913,0.6289419014792978,8.733868040488895,19.96338461641323,26.03514997423141,45.31772225120568,0.0,45.31772225120568
Ipsala,2020,12,0.44483053398784345,14.03133478761431,11,2020-12-01,-0.015575688998993004,0.6655376515010966,-5.15340232662788,15.403814828638941,67.59612469912794,6.676390246103894,0.0,6.676390246103894
Ipsala,2021,1,0.5075341101286319,9.014055970826158,16,2021-01-01,-0.07649051885525583,0.8210845524906754,-16.463426538483702,17.591864007711507,65.06693953834207,25.18788681379697,0.0,25.18788681379697
Ipsala,2021,2,0.5406344359501589,9.092423776118833,25,2021-02-01,0.09440616500648288,0.5719612032230124,-13.106780422233049,14.974961347217588,93.44017657318705,20.947908500099548,0.0,20.947908500099548
Ipsala,2021,3,0.5514096783345477,14.922316053337521,25,2021-03-01,0.25194587579068467,0.6338814024863394,8.564329741656861,23.1398786336882,78.4068989692312,56.37909516288157,0.0,56.37909516288157
Ipsala,2021,4,0.6768298314829568,23.52930750331774,24,2021-04-01,0.3638998914518524,0.7368592945707675,15.351583858933205,30.710862117297843,83.90455835519697,46.75710989264122,0.0,46.75710989264122
Ipsala,2021,5,0.6251905844968588,26.873354864887357,24,2021-05-01,0.4045638703274597,0.7901969297324329,16.26395783861783,38.9511044369421,57.21156648494381,53.23608907674109,0.0,53.23608907674109
Ipsala,2021,6,0.5574193135706523,34.74797211193876,25,2021-06-01,0.3195728929461006,0.5847516662786016,25.61250647464094,41.193824400614766,89.6928580050116,41.36910830842408,0.0,41.36910830842408
Ipsala,2021,7,0.5486986127616093,39.19599378449415,28,2021-07-01,0.3301637941204174,0.7782753017334223,31.528925994060288,44.47576659937166,48.767955057722254,40.78039558710186,0.0,40.78039558710186
Ipsala,2021,8,0.49175495368371286,40.228011794002605,28,2021-08-01,0.2543263330656098,0.7623334775918464,32.954084857364684,46.48073268503943,46.73726013037219,46.22520650123023,0.0,46.22520650123023
Ipsala,2021,9,0.7001679023308086,32.80634910089953,27,2021-09-01,0.23068673337161397,0.7001679023308086,24.14615219442835,40.22424817951327,100.0,46.13667616796827,0.0,46.13667616796827
Ipsala,2021,10,0.26294192401609345,21.304817125701685,23,2021-10-01,0.21498344740505065,0.5103104445254609,1.0637427213877666,31.044969910415862,16.239110233288034,32.487505342271895,0.0,32.487505342271895
Ipsala,2021,11,0.27119285873963994,12.669321752646953,25,2021-11-01,0.19548947424988913,0.6289419014792978,8.733868040488895,19.96338461641323,17.465211805051005,64.95437995438269,0.0,64.95437995438269
Ipsala,2021,12,0.43816856527566556,9.758666822123226,38,2021-12-01,-0.015575688998993004,0.6655376515010966,-5.15340232662788,15.403814828638941,66.61802482704402,27.460662422731723,0.0,27.460662422731723
Ipsala,2022,1,0.40078238841628944,6.655082300419303,32,2022-01-01,-0.07649051885525583,0.8210845524906754,-16.463426538483702,17.591864007711507,53.17359210476571,32.114780205609215,0.0,32.114780205609215
Ipsala,2022,2,0.3699448892930479,10.869221015995898,34,2022-02-01,0.09440616500648288,0.5719612032230124,-13.106780422233049,14.974961347217588,57.69779443969185,14.620675472802098,0.0,14.620675472802098
Ipsala,2022,3,0.4075644706230677,14.32046461309374,27,2022-03-01,0.25194587579068467,0.6338814024863394,8.564329741656861,23.1398786336882,40.74472887576853,60.50828058637406,0.0,60.50828058637406
Ipsala,2022,4,0.4765060894655172,30.710862117297843,26,2022-04-01,0.3638998914518524,0.7368592945707675,15.351583858933205,30.710862117297843,30.19261535491068,0.0,0.0,0.0
Ipsala,2022,5,0.5395726563386141,31.446449599033578,35,2022-05-01,0.4045638703274597,0.7901969297324329,16.26395783861783,38.9511044369421,35.009650422469264,33.07888369911991,0.0,33.07888369911991
Ipsala,2022,6,0.5342716064985564,35.214541172300976,42,2022-06-01,0.3195728929461006,0.5847516662786016,25.61250647464094,41.193824400614766,80.96376299442734,38.37469498229296,0.0,38.37469498229296
Ipsala,2022,7,0.5600833166615921,38.17451830312615,45,2022-07-01,0.3301637941204174,0.7782753017334223,31.528925994060288,44.47576659937166,51.308551250091135,48.670161998136116,0.0,48.670161998136116
Ipsala,2022,8,0.5869341531920054,33.106587967003804,39,2022-08-01,0.2543263330656098,0.7623334775918464,32.954084857364684,46.48073268503943,65.47305952489761,98.87257277943536,0.0,98.87257277943536
Ipsala,2022,9,0.48319459980334817,31.465368304270815,37,2022-09-01,0.23068673337161397,0.7001679023308086,24.14615219442835,40.22424817951327,53.784450394789125,54.47709656272582,0.0,54.47709656272582
Ipsala,2022,10,0.3906990622996417,26.15490710016183,42,2022-10-01,0.21498344740505065,0.5103104445254609,1.0637427213877666,31.044969910415862,59.49866304398461,16.310415779256683,0.0,16.310415779256683
Ipsala,2022,11,0.28550915153532797,19.610092263361242,39,2022-11-01,0.19548947424988913,0.6289419014792978,8.733868040488895,19.96338461641323,20.768063951293804,3.146104738020807,0.0,3.146104738020807
Ipsala,2022,12,0.38046083791507246,8.895973861346652,22,2022-12-01,-0.015575688998993004,0.6655376515010966,-5.15340232662788,15.403814828638941,58.1454661603436,31.657207870788874,0.0,31.657207870788874
Ipsala,2023,1,0.5936380381418804,12.547336483773973,23,2023-01-01,-0.07649051885525583,0.8210845524906754,-16.463426538483702,17.591864007711507,74.6598895613562,14.812757263353104,0.0,14.812757263353104
Ipsala,2023,2,0.5000860746106762,13.022384523034049,21,2023-02-01,0.09440616500648288,0.5719612032230124,-13.106780422233049,14.974961347217588,84.94935183162133,6.953189870536075,0.0,6.953189870536075
Ipsala,2023,3,0.6159800427090859,22.301463188410295,20,2023-03-01,0.25194587579068467,0.6338814024863394,8.564329741656861,23.1398786336882,95.31298909736715,5.752204952887069,0.0,5.752204952887069
Ipsala,2023,4,0.7368592945707675,20.229818673882672,20,2023-04-01,0.3638998914518524,0.7368592945707675,15.351583858933205,30.710862117297843,100.0,68.23916636647436,0.0,68.23916636647436
Ipsala,2023,5,0.7901969297324329,23.529983739920485,25,2023-05-01,0.4045638703274597,0.7901969297324329,16.26395783861783,38.9511044369421,100.0,67.97294067011785,0.0,67.97294067011785
Ipsala,2023,6,0.42800188434923736,35.75976504955178,23,2023-06-01,0.3195728929461006,0.5847516662786016,25.61250647464094,41.193824400614766,40.8890161307068,34.87547957675961,0.0,34.87547957675961
Ipsala,2023,7,0.40931914822456555,43.72196648595216,26,2023-07-01,0.3301637941204174,0.7782753017334223,31.528925994060288,44.47576659937166,17.664209188867286,5.822270748511872,0.0,5.822270748511872
Ipsala,2023,8,0.35238709895369835,44.18855142670596,28,2023-08-01,0.2543263330656098,0.7623334775918464,32.954084857364684,46.48073268503943,19.30302889333165,16.94567114879559,0.0,16.94567114879559
Ipsala,2023,9,0.2936100720385765,36.08133318740196,27,2023-09-01,0.23068673337161397,0.7001679023308086,24.14615219442835,40.22424817951327,13.402739625629488,25.767447811945793,0.0,25.767447811945793
Ipsala,2023,10,0.2596289247407839,31.044969910415862,28,2023-10-01,0.21498344740505065,0.5103104445254609,1.0637427213877666,31.044969910415862,15.117303115207742,0.0,0.0,0.0
Ipsala,2023,11,0.3058499878818184,19.659890458926153,24,2023-11-01,0.19548947424988913,0.6289419014792978,8.733868040488895,19.96338461641323,25.46081339014395,2.702646685056386,0.0,2.702646685056386
Ipsala,2023,12,0.3302069896909872,12.53429235250691,13,2023-12-01,-0.015575688998993004,0.6655376515010966,-5.15340232662788,15.403814828638941,50.767274421038124,13.958710726548176,0.0,13.958710726548176
Ipsala,2024,1,0.4578688632074466,10.302468799374669,15,2024-01-01,-0.07649051885525583,0.8210845524906754,-16.463426538483702,17.591864007711507,59.53367012092038,21.404589687610926,0.0,21.404589687610926
Ipsala,2024,2,0.5156788216358652,13.047490135453966,24,2024-02-01,0.09440616500648288,0.5719612032230124,-13.106780422233049,14.974961347217588,88.21447224233282,6.863787964393526,0.0,6.863787964393526
Ipsala,2024,3,0.5800793116506922,17.682870477886777,22,2024-03-01,0.25194587579068467,0.6338814024863394,8.564329741656861,23.1398786336882,85.91330549919766,37.439469321013675,0.0,37.439469321013675
Ipsala,2024,4,0.6459149811332753,27.4907198094149,23,2024-04-01,0.3638998914518524,0.7368592945707675,15.351583858933205,30.710862117297843,75.61549255040626,20.965453283127136,0.0,20.965453283127136
Ipsala,2024,5,0.4849778321341134,31.035300156969672,22,2024-05-01,0.4045638703274597,0.7901969297324329,16.26395783861783,38.9511044369421,20.852455422450387,34.891140874265396,0.0,34.891140874265396
Ipsala,2024,6,0.49313307828218617,41.193824400614766,26,2024-06-01,0.3195728929461006,0.5847516662786016,25.61250647464094,41.193824400614766,65.45025574820907,0.0,0.0,0.0
Ipsala,2024,7,0.43159125126812836,44.47576659937166,28,2024-07-01,0.3301637941204174,0.7782753017334223,31.528925994060288,44.47576659937166,22.63442367012477,0.0,0.0,0.0
Ipsala,2024,8,0.33896177241209485,46.48073268503943,28,2024-08-01,0.2543263330656098,0.7623334775918464,32.954084857364684,46.48073268503943,16.660285245676096,0.0,0.0,0.0
Ipsala,2024,9,0.2948456124044248,36.72199329317491,26,2024-09-01,0.23068673337161397,0.7001679023308086,24.14615219442835,40.22424817951327,13.665911068392024,21.782771352946735,0.0,21.782771352946735
Ipsala,2024,10,0.2663183509384133,27.793363199422334,26,2024-10-01,0.21498344740505065,0.5103104445254609,1.0637427213877666,31.044969910415862,17.382394442060583,10.845475705489077,0.0,10.845475705489077
Ipsala,2024,11,0.25318408077631965,15.768434816086605,19,2024-11-01,0.19548947424988913,0.6289419014792978,8.733868040488895,19.96338461641323,13.310481820394818,37.35645939844321,0.0,37.35645939844321
Ipsala,2024,12,0.296305082070841,13.80516086300535,15,2024-12-01,-0.015575688998993004,0.6655376515010966,-5.15340232662788,15.403814828638941,45.789849137420184,7.776606889731723,0.0,7.776606889731723
Kirklareli,1985,1,,,5,1985-01-01,0.13970595833189764,0.6078714815700815,-6.425527477755359,11.526449097523706,,,1.0,
Kirklareli,1985,2,0.23974701570710413,3.7276650953493466,4,1985-02-01,0.21242336574234483,0.5753886864834776,-0.9936178652089842,19.635445314150193,7.527895477443301,77.11343981299981,1.0,7.527895477443301
Kirklareli,1985,3,0.23724717643922016,5.348427971099026,8,1985-03-01,0.23724717643922016,0.5931892859181188,3.7975030475724805,35.94484140280584,0.0,95.17557283782386,1.0,0.0
Kirklareli,1985,4,0.3510135638087512,22.88891433329684,3,1985-04-01,0.28418740768690265,0.6999090096739984,6.184823859460349,28.860975513722845,16.074737469120713,26.336308168513337,1.0,16.074737469120713
Kirklareli,1985,5,0.4884059505158201,31.14684654792746,7,1985-05-01,0.4534802277094651,0.7000804440146302,12.181477165828097,37.66463367081892,14.162892202468619,25.57684375408897,1.0,14.162892202468619
Kirklareli,1985,6,0.4226488384274783,33.483136714943974,6,1985-06-01,0.31855919093684887,0.7635793635851492,28.555355184881762,45.330319717212646,23.389871715521426,70.62419106422101,1.0,23.389871715521426
Kirklareli,1985,7,0.39233414067068384,39.50788576071926,12,1985-07-01,0.25743971142297445,0.6420665244564693,29.746321991304253,47.794908819947345,35.071509493531394,45.91507987803558,1.0,35.071509493531394
Kirklareli,1985,8,,,3,1985-08-01,0.2506241954359248,0.5932115534046041,32.278102419437786,45.240457508895474,,,1.0,
Kirklareli,1985,9,0.23123505398808003,35.999322341612874,4,1985-09-01,0.23123505398808003,0.4604263935315683,25.16473562127028,41.17652697901332,0.0,32.33370034450788,1.0,0.0
Kirklareli,1985,10,0.2308808700492857,23.978165773768197,3,1985-10-01,0.18899908851427108,0.5435990278122258,18.621679500609112,31.896861615883115,11.810995122540954,59.65037446080621,1.0,11.810995122540954
Kirklareli,1985,11,,,3,1985-11-01,0.20830657195174446,0.9303729307923922,-6.00568848203462,20.39563180552142,,,1.0,
Kirklareli,1985,12,,,2,1985-12-01,-0.17230462166769206,0.5661061663459706,-9.526207233348547,12.921159518974873,,,1.0,
Kirklareli,1986,1,,,1,1986-01-01,0.13970595833189764,0.6078714815700815,-6.425527477755359,11.526449097523706,,,1.0,
Kirklareli,1986,2,,,6,1986-02-01,0.21242336574234483,0.5753886864834776,-0.9936178652089842,19.635445314150193,,,1.0,
Kirklareli,1986,3,,,3,1986-03-01,0.23724717643922016,0.5931892859181188,3.7975030475724805,35.94484140280584,,,1.0,
Kirklareli,1986,4,0.5494187864469144,27.268653330885464,10,1986-04-01,0.28418740768690265,0.6999090096739984,6.184823859460349,28.860975513722845,63.800239749928785,7.022012408080137,1.0,63.800239749928785
Kirklareli,1986,5,0.5245316903619422,33.33576496079896,14,1986-05-01,0.4534802277094651,0.7000804440146302,12.181477165828097,37.66463367081892,28.812408892842058,16.9871762517809,1.0,28.812408892842058
Kirklareli,1986,6,0.3286092507084981,29.490418933519397,7,1986-06-01,0.31855919093684887,0.7635793635851492,28.555355184881762,45.330319717212646,2.2583380236095074,94.42583770096527,1.0,2.2583380236095074
Kirklareli,1986,7,0.36128339295415474,37.28950483119007,10,1986-07-01,0.25743971142297445,0.6420665244564693,29.746321991304253,47.794908819947345,26.998554966093113,58.206241233719226,1.0,26.998554966093113
Kirklareli,1986,8,0.30690032689176505,40.40863454943543,14,1986-08-01,0.2506241954359248,0.5932115534046041,32.278102419437786,45.240457508895474,16.426797471313943,37.27581080840606,1.0,16.426797471313943
Kirklareli,1986,9,0.2390929414928409,31.233246392788146,14,1986-09-01,0.23123505398808003,0.4604263935315683,25.16473562127028,41.17652697901332,3.428527238600075,62.099738649272155,1.0,3.428527238600075
Kirklareli,1986,10,0.18899908851427108,25.92727700332481,10,1986-10-01,0.18899908851427108,0.5435990278122258,18.621679500609112,31.896861615883115,0.0,44.968005415834476,1.0,0.0
Kirklareli,1986,11,,,7,1986-11-01,0.20830657195174446,0.9303729307923922,-6.00568848203462,20.39563180552142,,,1.0,
Kirklareli,1986,12,0.2693198529842312,6.5103468493085,8,1986-12-01,-0.17230462166769206,0.5661061663459706,-9.526207233348547,12.921159518974873,59.80742451500479,28.559308271660953,1.0,59.80742451500479
Kirklareli,1987,1,0.14062135887716995,-4.012349600949966,9,1987-01-01,0.13970595833189764,0.6078714815700815,-6.425527477755359,11.526449097523706,0.19552925190661488,86.55759232591423,1.0,0.19552925190661488
Kirklareli,1987,2,0.3742730798609699,2.961197018024067,11,1987-02-01,0.21242336574234483,0.5753886864834776,-0.9936178652089842,19.635445314150193,44.590958108104346,80.82891671401676,1.0,44.590958108104346
Kirklareli,1987,3,0.2700237310941588,6.545880119927052,5,1987-03-01,0.23724717643922016,0.5931892859181188,3.7975030475724805,35.94484140280584,9.208394787265739,91.45068545960306,1.0,9.208394787265739
Kirklareli,1987,4,0.4614967459704864,22.960025580815405,10,1987-04-01,0.28418740768690265,0.6999090096739984,6.184823859460349,28.860975513722845,42.65098023197927,26.02271330196464,1.0,42.65098023197927
Kirklareli,1987,5,0.5460335036167357,28.837687466679444,13,1987-05-01,0.4534802277094651,0.7000804440146302,12.181477165828097,37.66463367081892,37.53170913391939,34.63835495579497,1.0,37.53170913391939
Kirklareli,1987,6,0.5419623091809157,34.31912189652049,13,1987-06-01,0.31855919093684887,0.7635793635851492,28.555355184881762,45.330319717212646,50.20067223348601,65.64066230643854,1.0,50.20067223348601
Kirklareli,1987,7,0.43789101270504555,38.56810697594795,12,1987-07-01,0.25743971142297445,0.6420665244564693,29.746321991304253,47.794908819947345,46.91594427826764,51.12201820342227,1.0,46.91594427826764
Kirklareli,1987,8,0.3142721163358052,37.96489626895464,14,1987-08-01,0.2506241954359248,0.5932115534046041,32.278102419437786,45.240457508895474,18.578595917044716,56.128390170842216,1.0,18.578595917044716
Kirklareli,1987,9,0.30701117648789505,36.190249433981414,11,1987-09-01,0.23123505398808003,0.4604263935315683,25.16473562127028,41.17652697901332,33.06238475273485,31.14128477961101,1.0,33.06238475273485
Kirklareli,1987,10,0.2861935477072809,19.95331940898531,11,1987-10-01,0.18899908851427108,0.5435990278122258,18.621679500609112,31.896861615883115,27.409609653469673,89.96895186210627,1.0,27.409609653469673
Kirklareli,1987,11,0.20830657195174446,14.48460333745825,9,1987-11-01,0.20830657195174446,0.9303729307923922,-6.00568848203462,20.39563180552142,0.0,22.38913964787308,1.0,0.0
Kirklareli,1987,12,,,5,1987-12-01,-0.17230462166769206,0.5661061663459706,-9.526207233348547,12.921159518974873,,,1.0,
Kirklareli,1988,1,,,5,1988-01-01,0.13970595833189764,0.6078714815700815,-6.425527477755359,11.526449097523706,,,1.0,
Kirklareli,1988,2,0.36303783621808366,4.975744519888909,6,1988-02-01,0.21242336574234483,0.5753886864834776,-0.9936178652089842,19.635445314150193,41.49555394664198,71.0633375195115,1.0,41.49555394664198
Kirklareli,1988,3,0.436927178729178,12.607849362333244,7,1988-03-01,0.23724717643922016,0.5931892859181188,3.7975030475724805,35.94484140280584,56.099010758319814,72.59385452877936,1.0,56.099010758319814
Kirklareli,1988,4,0.5613885688004259,18.038865095544118,8,1988-04-01,0.28418740768690265,0.6999090096739984,6.184823859460349,28.860975513722845,66.67951816517048,47.7246341583029,1.0,66.67951816517048
Kirklareli,1988,5,0.5840239820806133,31.625201191110026,12,1988-05-01,0.4534802277094651,0.7000804440146302,12.181477165828097,37.66463367081892,52.937404649151546,23.699703286467223,1.0,52.937404649151546
Kirklareli,1988,6,0.5231452780423445,29.339445216090112,13,1988-06-01,0.31855919093684887,0.7635793635851492,28.555355184881762,45.330319717212646,45.97231758911299,95.32583195811145,1.0,45.97231758911299
Kirklareli,1988,7,0.37079590875815516,41.314255139264496,11,1988-07-01,0.25743971142297445,0.6420665244564693,29.746321991304253,47.794908819947345,29.471735587323497,35.90670971756114,1.0,29.471735587323497
Kirklareli,1988,8,0.3172874325981632,35.27110783099448,11,1988-08-01,0.2506241954359248,0.5932115534046041,32.278102419437786,45.240457508895474,19.45875573386834,76.91001835005343,1.0,19.45875573386834
Kirklareli,1988,9,0.23396844094335886,31.538429808615167,13,1988-09-01,0.23123505398808003,0.4604263935315683,25.16473562127028,41.17652697901332,1.1926222695514122,60.19374693973468,1.0,1.1926222695514122
Kirklareli,1988,10,0.25717121273865745,21.976364224661737,11,1988-10-01,0.18899908851427108,0.5435990278122258,18.621679500609112,31.896861615883115,19.225080624479276,74.7296519556381,1.0,19.225080624479276
Kirklareli,1988,11,0.22441688425547934,8.014799085147855,5,1988-11-01,0.20830657195174446,0.9303729307923922,-6.00568848203462,20.39563180552142,2.2311401308879226,46.89474838956872,1.0,2.2311401308879226
Kirklareli,1988,12,0.21591300137075248,2.179141090109554,5,1988-12-01,-0.17230462166769206,0.5661061663459706,-9.526207233348547,12.921159518974873,52.57474962991216,47.85424743752388,1.0,52.57474962991216
Kirklareli,1989,1,0.23538693266744104,3.002030557808719,11,1989-01-01,0.13970595833189764,0.6078714815700815,-6.425527477755359,11.526449097523706,20.43742428398871,47.48456808624414,1.0,20.43742428398871
Kirklareli,1989,2,0.21688710650796394,11.61659847690569,11,1989-02-01,0.21242336574234483,0.5753886864834776,-0.9936178652089842,19.635445314150193,1.229798140633568,38.87159958513249,1.0,1.229798140633568
Kirklareli,1989,3,0.2983472344188071,14.779524687974773,8,1989-03-01,0.23724717643922016,0.5931892859181188,3.7975030475724805,35.94484140280584,17.165729019541352,65.83847309830398,1.0,17.165729019541352
Kirklareli,1989,4,0.5256423689202543,22.20767538156069,13,1989-04-01,0.28418740768690265,0.6999090096739984,6.184823859460349,28.860975513722845,58.080927254977375,29.34051700483982,1.0,58.080927254977375
Kirklareli,1989,5,0.457798564632118,32.22972234091037,7,1989-05-01,0.4534802277094651,0.7000804440146302,12.181477165828097,37.66463367081892,1.7511488786810234,21.32746517820167,1.0,1.7511488786810234
Kirklareli,1989,6,0.5193877715401665,29.21834670227352,12,1989-06-01,0.31855919093684887,0.7635793635851492,28.555355184881762,45.330319717212646,45.12797238116046,96.04773222552002,1.0,45.12797238116046
Kirklareli,1989,7,0.4776226901037066,35.27269628959371,10,1989-07-01,0.25743971142297445,0.6420665244564693,29.746321991304253,47.794908819947345,57.24587345957021,69.38057061886359,1.0,57.24587345957021
Kirklareli,1989,8,0.33806371385389045,36.36594088712573,13,1989-08-01,0.2506241954359248,0.5932115534046041,32.278102419437786,45.240457508895474,25.52327643857767,68.46376727472469,1.0,25.52327643857767
Kirklareli,1989,9,0.2893386441203557,34.28882431458802,14,1989-09-01,0.23123505398808003,0.4604263935315683,25.16473562127028,41.17652697901332,25.351564438695,43.01644026290987,1.0,25.351564438695
Kirklareli,1989,10,0.27930326788767434,22.921507562360613,8,1989-10-01,0.18899908851427108,0.5435990278122258,18.621679500609112,31.896861615883115,25.466496004536715,67.61002580292849,1.0,25.466496004536715
Kirklareli,1989,11,0.30031976693476276,12.385612223368948,6,1989-11-01,0.20830657195174446,0.9303729307923922,-6.00568848203462,20.39563180552142,12.743038621928738,30.33946596196517,1.0,12.743038621928738
Kirklareli,1989,12,0.1351616480251583,12.262927438586265,3,1989-12-01,-0.17230462166769206,0.5661061663459706,-9.526207233348547,12.921159518974873,41.638918970826495,2.932335394397551,1.0,41.638918970826495
Kirklareli,1990,1,,,3,1990-01-01,0.13970595833189764,0.6078714815700815,-6.425527477755359,11.526449097523706,,,1.0,
Kirklareli,1990,2,0.35018886873266036,10.90328236797334,8,1990-02-01,0.21242336574234483,0.5753886864834776,-0.9936178652089842,19.635445314150193,37.95555528804087,42.32942073159189,1.0,37.95555528804087
Kirklareli,1990,3,0.4637292037254728,13.200407203587327,10,1990-03-01,0.23724717643922016,0.5931892859181188,3.7975030475724805,35.94484140280584,63.6288939282356,70.75059822337013,1.0,63.6288939282356
Kirklareli,1990,4,0.545586518381647,19.441990074654573,5,1990-04-01,0.28418740768690265,0.6999090096739984,6.184823859460349,28.860975513722845,62.87840454893135,41.53696616020717,1.0,62.87840454893135
Kirklareli,1990,5,0.5909152646167355,25.901387780810452,14,1990-05-01,0.4534802277094651,0.7000804440146302,12.181477165828097,37.66463367081892,55.731920663522864,46.160866640302835,1.0,55.731920663522864
Kirklareli,1990,6,0.44536617442795096,36.01800350736931,12,1990-06-01,0.31855919093684887,0.7635793635851492,28.555355184881762,45.330319717212646,28.494659632276424,55.513179726224976,1.0,28.494659632276424
Kirklareli,1990,7,0.309938960673394,37.902223535178464,14,1990-07-01,0.25743971142297445,0.6420665244564693,29.746321991304253,47.794908819947345,13.64939922840161,54.8114119886062,1.0,13.64939922840161
Kirklareli,1990,8,0.2552104305342121,37.673923192647564,12,1990-08-01,0.2506241954359248,0.5932115534046041,32.278102419437786,45.240457508895474,1.3387052941710151,58.373144880144416,1.0,1.3387052941710151
Kirklareli,1990,9,0.2557039815072117,34.991994650206536,12,1990-09-01,0.23123505398808003,0.4604263935315683,25.16473562127028,41.17652697901332,10.676200753427144,38.62486208213077,1.0,10.676200753427144
Kirklareli,1990,10,0.31002621820964654,20.109670252237983,11,1990-10-01,0.18899908851427108,0.5435990278122258,18.621679500609112,31.896861615883115,34.130612073704185,88.79118388954652,1.0,34.130612073704185
Kirklareli,1990,11,0.3658134782161162,11.672091575410775,12,1990-11-01,0.20830657195174446,0.9303729307923922,-6.00568848203462,20.39563180552142,21.81335611830267,33.04206052991366,1.0,21.81335611830267
Kirklareli,1990,12,,,1,1990-12-01,-0.17230462166769206,0.5661061663459706,-9.526207233348547,12.921159518974873,,,1.0,
Kirklareli,1991,1,0.4215473859864629,2.6317701958557453,6,1991-01-01,0.13970595833189764,0.6078714815700815,-6.425527477755359,11.526449097523706,60.20123517535819,49.54707279373604,1.0,60.20123517535819
Kirklareli,1991,2,,,3,1991-02-01,0.21242336574234483,0.5753886864834776,-0.9936178652089842,19.635445314150193,,,1.0,
Kirklareli,1991,3,0.37776290993024586,11.324382085495895,9,1991-03-01,0.23724717643922016,0.5931892859181188,3.7975030475724805,35.94484140280584,39.47713118201765,76.5863072247221,1.0,39.47713118201765
Kirklareli,1991,4,0.6703162070060127,20.249484752139065,11,1991-04-01,0.28418740768690265,0.6999090096739984,6.184823859460349,28.860975513722845,92.88158168193908,37.97597975565248,1.0,92.88158168193908
Kirklareli,1991,5,0.7000804440146302,25.622865366593434,11,1991-05-01,0.4534802277094651,0.7000804440146302,12.181477165828097,37.66463367081892,100.0,47.25383333837444,1.0,100.0
Kirklareli,1991,6,0.5406554821442809,32.35055674289861,12,1991-06-01,0.31855919093684887,0.7635793635851492,28.555355184881762,45.330319717212646,49.907016548428444,77.37579980749143,1.0,49.907016548428444
Kirklareli,1991,7,0.3517420096197339,37.86983916433812,11,1991-07-01,0.25743971142297445,0.6420665244564693,29.746321991304253,47.794908819947345,24.517869009966095,54.99084083335628,1.0,24.517869009966095
Kirklareli,1991,8,0.3236614013469685,35.998084805443554,12,1991-08-01,0.2506241954359248,0.5932115534046041,32.278102419437786,45.240457508895474,21.319293958804252,71.30164726754602,1.0,21.319293958804252
Kirklareli,1991,9,0.26745128118957584,32.87123174638244,10,1991-09-01,0.23123505398808003,0.4604263935315683,25.16473562127028,41.17652697901332,15.801743326616366,51.869869192459674,1.0,15.801743326616366
Kirklareli,1991,10,0.27002654419978867,23.265275271360768,10,1991-10-01,0.18899908851427108,0.5435990278122258,18.621679500609112,31.896861615883115,22.850386225654084,65.02047406634911,1.0,22.850386225654084
Kirklareli,1991,11,0.22293682973821685,15.120720764943094,11,1991-11-01,0.20830657195174446,0.9303729307923922,-6.00568848203462,20.39563180552142,2.0261652696246353,19.979724434707887,1.0,2.0261652696246353
Kirklareli,1991,12,0.24534433333205982,4.425163174618661,3,1991-12-01,-0.17230462166769206,0.5661061663459706,-9.526207233348547,12.921159518974873,56.56051641976068,37.84852111206688,1.0,56.56051641976068
Kirklareli,1992,1,0.20642097037401422,2.7158223365596927,6,1992-01-01,0.13970595833189764,0.6078714815700815,-6.425527477755359,11.526449097523706,14.250304375398153,49.078867299196276,1.0,14.250304375398153
Kirklareli,1992,2,0.2434528427939528,3.9503553042392463,12,1992-02-01,0.21242336574234483,0.5753886864834776,-0.9936178652089842,19.635445314150193,8.548882022185866,76.03394237313199,1.0,8.548882022185866
Kirklareli,1992,3,0.26855069663561815,17.0521495929492,8,1992-03-01,0.23724717643922016,0.5931892859181188,3.7975030475724805,35.94484140280584,8.794553766685972,58.76907008937816,1.0,8.794553766685972
Kirklareli,1992,4,0.5365351888252404,6.184823859460349,10,1992-04-01,0.28418740768690265,0.6999090096739984,6.184823859460349,28.860975513722845,60.70114709751619,100.0,1.0,60.70114709751619
Kirklareli,1992,5,0.57148561369512,12.181477165828097,13,1992-05-01,0.4534802277094651,0.7000804440146302,12.181477165828097,37.66463367081892,47.85291260232491,100.0,1.0,47.85291260232491
Kirklareli,1992,6,0.4090309054462351,28.555355184881762,12,1992-06-01,0.31855919093684887,0.7635793635851492,28.555355184881762,45.330319717212646,20.329800775320376,100.0,1.0,20.329800775320376
Kirklareli,1992,7,0.4112311015146625,29.746321991304253,13,1992-07-01,0.25743971142297445,0.6420665244564693,29.746321991304253,47.794908819947345,39.98457332674186,100.0,1.0,39.98457332674186
Kirklareli,1992,8,0.3984577445802832,39.44814491751285,11,1992-08-01,0.2506241954359248,0.5932115534046041,32.278102419437786,45.240457508895474,43.15207368448019,44.68564972497572,1.0,43.15207368448019
Kirklareli,1992,9,0.3498801695100436,31.72238803043884,14,1992-09-01,0.23123505398808003,0.4604263935315683,25.16473562127028,41.17652697901332,51.766840648641114,59.04485474076961,1.0,51.766840648641114
Kirklareli,1992,10,0.2642839333175611,21.439619686627353,9,1992-10-01,0.18899908851427108,0.5435990278122258,18.621679500609112,31.896861615883115,21.23092433471386,78.77286984427876,1.0,21.23092433471386
Kirklareli,1992,11,0.28124276603994336,10.885369660892161,10,1992-11-01,0.20830657195174446,0.9303729307923922,-6.00568848203462,20.39563180552142,10.101037556341153,36.02191875650935,1.0,10.101037556341153
Kirklareli,1992,12,0.2575483484600388,0.5862987110145013,10,1992-12-01,-0.17230462166769206,0.5661061663459706,-9.526207233348547,12.921159518974873,58.21325705222192,54.950146019615644,1.0,58.21325705222192
Kirklareli,1993,1,,,5,1993-01-01,0.13970595833189764,0.6078714815700815,-6.425527477755359,11.526449097523706,,,1.0,
Kirklareli,1993,2,0.270056871102712,5.925160750412054,11,1993-02-01,0.21242336574234483,0.5753886864834776,-0.9936178652089842,19.635445314150193,15.878515678215832,66.46101398078143,1.0,15.878515678215832
Kirklareli,1993,3,0.26231918307557983,4.178916860433523,9,1993-03-01,0.23724717643922016,0.5931892859181188,3.7975030475724805,35.94484140280584,7.043843919750106,98.81354465913677,1.0,7.043843919750106
Kirklareli,1993,4,0.5582794676881903,20.890034168406753,8,1993-04-01,0.28418740768690265,0.6999090096739984,6.184823859460349,28.860975513722845,65.93163758899294,35.15120848919606,1.0,65.93163758899294
Kirklareli,1993,5,0.6141663288333663,24.84574423633016,11,1993-05-01,0.4534802277094651,0.7000804440146302,12.181477165828097,37.66463367081892,65.16056779327958,50.30338149819945,1.0,65.16056779327958
Kirklareli,1993,6,0.609407562043051,31.308814672776556,12,1993-06-01,0.31855919093684887,0.7635793635851492,28.555355184881762,45.330319717212646,65.35622180346861,83.58589979377918,1.0,65.35622180346861
Kirklareli,1993,7,0.34893795783518106,42.61735014143222,10,1993-07-01,0.25743971142297445,0.6420665244564693,29.746321991304253,47.794908819947345,23.78883720835099,28.686781561747235,1.0,23.78883720835099
Kirklareli,1993,8,0.274253453245805,35.08780041789365,14,1993-08-01,0.2506241954359248,0.5932115534046041,32.278102419437786,45.240457508895474,6.897294152938509,78.32417042223297,1.0,6.897294152938509
Kirklareli,1993,9,0.2800738372588896,34.01583698437425,11,1993-09-01,0.23123505398808003,0.4604263935315683,25.16473562127028,41.17652697901332,21.309174844079394,44.72135462329937,1.0,21.309174844079394
Kirklareli,1993,10,0.386603906391606,25.16137858309108,7,1993-10-01,0.18899908851427108,0.5435990278122258,18.621679500609112,31.896861615883115,55.726128512192524,50.73740589247664,1.0,55.726128512192524
Kirklareli,1993,11,0.25300888689930817,12.510263036794298,9,1993-11-01,0.20830657195174446,0.9303729307923922,-6.00568848203462,20.39563180552142,6.190887361009022,29.86732740197012,1.0,6.190887361009022
Kirklareli,1993,12,0.2624216771843822,7.647239839025065,6,1993-12-01,-0.17230462166769206,0.5661061663459706,-9.526207233348547,12.921159518974873,58.873232340157884,23.494602899932257,1.0,58.873232340157884
Kirklareli,1994,1,0.3046134800689767,5.214048998897149,10,1994-01-01,0.13970595833189764,0.6078714815700815,-6.425527477755359,11.526449097523706,35.22419177654411,35.16270240302734,1.0,35.22419177654411
Kirklareli,1994,2,,,1,1994-02-01,0.21242336574234483,0.5753886864834776,-0.9936178652089842,19.635445314150193,,,1.0,
Kirklareli,1994,3,0.38937034056448994,9.398986412410704,8,1994-03-01,0.23724717643922016,0.5931892859181188,3.7975030475724805,35.94484140280584,42.73817569603636,82.5755920974206,1.0,42.73817569603636
Kirklareli,1994,4,0.532959068437441,21.7789316734081,11,1994-04-01,0.28418740768690265,0.6999090096739984,6.184823859460349,28.860975513722845,59.840927091938894,31.231242180299652,1.0,59.840927091938894
Kirklareli,1994,5,0.6395043217685732,29.705458695346,14,1994-05-01,0.4534802277094651,0.7000804440146302,12.181477165828097,37.66463367081892,75.43549508849793,31.23308124687825,1.0,75.43549508849793
Kirklareli,1994,6,0.40017420801948506,29.285741656328234,4,1994-06-01,0.31855919093684887,0.7635793635851492,28.555355184881762,45.330319717212646,18.3396219090357,95.64597308066567,1.0,18.3396219090357
Kirklareli,1994,7,0.2873090739418121,41.46848635260025,10,1994-07-01,0.25743971142297445,0.6420665244564693,29.746321991304253,47.794908819947345,7.765803502689374,35.05217625851497,1.0,7.765803502689374
Kirklareli,1994,8,0.2632754387971214,41.36923915651133,14,1994-08-01,0.2506241954359248,0.5932115534046041,32.278102419437786,45.240457508895474,3.6928517842019244,29.865084899059877,1.0,3.6928517842019244
Kirklareli,1994,9,0.23315454401756217,39.709196069824245,14,1994-09-01,0.23123505398808003,0.4604263935315683,25.16473562127028,41.17652697901332,0.8375054804886807,9.164064634651238,1.0,0.8375054804886807
Kirklareli,1994,10,0.32420374817113423,18.621679500609112,4,1994-10-01,0.18899908851427108,0.5435990278122258,18.621679500609112,31.896861615883115,38.128788156180875,100.0,1.0,38.128788156180875
Kirklareli,1994,11,0.24774781648267777,7.678655520855279,5,1994-11-01,0.20830657195174446,0.9303729307923922,-6.00568848203462,20.39563180552142,5.462274214555614,48.167955792196274,1.0,5.462274214555614
Kirklareli,1994,12,,,3,1994-12-01,-0.17230462166769206,0.5661061663459706,-9.526207233348547,12.921159518974873,,,1.0,
Kirklareli,1995,1,0.4229445127414241,4.201294409285072,5,1995-01-01,0.13970595833189764,0.6078714815700815,-6.425527477755359,11.526449097523706,60.49966098537888,40.804168039779,1.0,60.49966098537888
Kirklareli,1995,2,0.37340990370221067,6.229716513814563,5,1995-02-01,0.21242336574234483,0.5753886864834776,-0.9936178652089842,19.635445314150193,44.3531458132557,64.98467081989938,1.0,44.3531458132557
Kirklareli,1995,3,,,7,1995-03-01,0.23724717643922016,0.5931892859181188,3.7975030475724805,35.94484140280584,,,1.0,
Kirklareli,1995,4,0.625820142887487,18.7247093893212,10,1995-04-01,0.28418740768690265,0.6999090096739984,6.184823859460349,28.860975513722845,82.17824947455793,44.700116134989344,1.0,82.17824947455793
Kirklareli,1995,5,0.6619535498964898,24.93476055840199,14,1995-05-01,0.4534802277094651,0.7000804440146302,12.181477165828097,37.66463367081892,84.53898593869894,49.95406714989885,1.0,84.53898593869894
Kirklareli,1995,6,0.45944667259056143,33.79471023618059,14,1995-06-01,0.31855919093684887,0.7635793635851492,28.555355184881762,45.330319717212646,31.658673092344515,68.76681890324795,1.0,31.658673092344515
Kirklareli,1995,7,0.42863676724559935,33.57552995715361,14,1995-07-01,0.25743971142297445,0.6420665244564693,29.746321991304253,47.794908819947345,44.50991195138452,78.78389038319382,1.0,44.50991195138452
Kirklareli,1995,8,0.43501594646004405,32.428820497344105,14,1995-08-01,0.2506241954359248,0.5932115534046041,32.278102419437786,45.240457508895474,53.82327944540706,98.83726316038899,1.0,53.82327944540706
Kirklareli,1995,9,0.34374803413919236,32.258448574875196,7,1995-09-01,0.23123505398808003,0.4604263935315683,25.16473562127028,41.17652697901332,49.09128781882415,55.696943614154,1.0,49.09128781882415
Kirklareli,1995,10,0.3293573702274377,24.20411796586964,8,1995-10-01,0.18899908851427108,0.5435990278122258,18.621679500609112,31.896861615883115,39.58215051899085,57.94830973476778,1.0,39.58215051899085
Kirklareli,1995,11,0.29375817226565576,7.897372620877608,6,1995-11-01,0.20830657195174446,0.9303729307923922,-6.00568848203462,20.39563180552142,11.834314016666376,47.33952335912049,1.0,11.834314016666376
Kirklareli,1995,12,,,2,1995-12-01,-0.17230462166769206,0.5661061663459706,-9.526207233348547,12.921159518974873,,,1.0,
Kirklareli,1996,1,,,1,1996-01-01,0.13970595833189764,0.6078714815700815,-6.425527477755359,11.526449097523706,,,1.0,
Kirklareli,1996,2,0.21242336574234483,-0.9936178652089842,6,1996-02-01,0.21242336574234483,0.5753886864834776,-0.9936178652089842,19.635445314150193,0.0,100.0,1.0,0.0
Kirklareli,1996,3,,,3,1996-03-01,0.23724717643922016,0.5931892859181188,3.7975030475724805,35.94484140280584,,,1.0,
Kirklareli,1996,4,0.44849988202852836,18.71641076746121,11,1996-04-01,0.28418740768690265,0.6999090096739984,6.184823859460349,28.860975513722845,39.524641865188926,44.736712388121354,1.0,39.524641865188926
Kirklareli,1996,5,0.5283533667665222,30.295261106921426,12,1996-05-01,0.4534802277094651,0.7000804440146302,12.181477165828097,37.66463367081892,30.36215465618344,28.91860183197564,1.0,30.36215465618344
Kirklareli,1996,6,0.4208828974087148,37.49933126004656,14,1996-06-01,0.31855919093684887,0.7635793635851492,28.555355184881762,45.330319717212646,22.99304902583201,46.68259323036535,1.0,22.99304902583201
Kirklareli,1996,7,0.2805106028809826,39.861280265460906,14,1996-07-01,0.25743971142297445,0.6420665244564693,29.746321991304253,47.794908819947345,5.998253547653493,43.95706228864288,1.0,5.998253547653493
Kirklareli,1996,8,0.26636143424038594,37.55278094066838,12,1996-08-01,0.2506241954359248,0.5932115534046041,32.278102419437786,45.240457508895474,4.5936425960878315,59.307714648856525,1.0,4.5936425960878315
Kirklareli,1996,9,0.30666997402252105,25.854478483937008,11,1996-09-01,0.23123505398808003,0.4604263935315683,25.16473562127028,41.17652697901332,32.9135124323175,95.69228172378615,1.0,32.9135124323175
Kirklareli,1996,10,0.3320392864125952,19.844196659720136,12,1996-10-01,0.18899908851427108,0.5435990278122258,18.621679500609112,31.896861615883115,40.33847218967902,90.79095752890323,1.0,40.33847218967902
Kirklareli,1996,11,0.22294197678552394,10.261472451453084,9,1996-11-01,0.20830657195174446,0.9303729307923922,-6.00568848203462,20.39563180552142,2.0268780915480034,38.38504757977939,1.0,2.0268780915480034
Kirklareli,1996,12,0.03513289234741955,-9.526207233348547,5,1996-12-01,-0.17230462166769206,0.5661061663459706,-9.526207233348547,12.921159518974873,28.09242732938965,100.0,1.0,28.09242732938965
Kirklareli,1997,1,0.3632376034592048,7.432183357505226,8,1997-01-01,0.13970595833189764,0.6078714815700815,-6.425527477755359,11.526449097523706,47.746285027824065,22.80676850735493,1.0,47.746285027824065
Kirklareli,1997,2,0.3310059768953921,4.66162379214287,6,1997-02-01,0.21242336574234483,0.5753886864834776,-0.9936178652089842,19.635445314150193,32.67050717432602,72.58604713077655,1.0,32.67050717432602
Kirklareli,1997,3,0.4199746374863889,12.166035521140273,8,1997-03-01,0.23724717643922016,0.5931892859181188,3.7975030475724805,35.94484140280584,51.3362864862162,73.96819487481629,1.0,51.3362864862162
Kirklareli,1997,4,0.4828900072771985,20.081860999341707,9,1997-04-01,0.28418740768690265,0.6999090096739984,6.184823859460349,28.860975513722845,47.797034996623466,38.71518698690174,1.0,47.797034996623466
Kirklareli,1997,5,0.5501146127010438,30.788155863228493,14,1997-05-01,0.4534802277094651,0.7000804440146302,12.181477165828097,37.66463367081892,39.18665864915327,26.984403624581144,1.0,39.18665864915327
Kirklareli,1997,6,0.47356260289084645,40.059629557582134,12,1997-06-01,0.31855919093684887,0.7635793635851492,28.555355184881762,45.330319717212646,34.83064846961373,31.41997796461599,1.0,34.83064846961373
Kirklareli,1997,7,0.3697737022581679,31.962664433596558,12,1997-07-01,0.25743971142297445,0.6420665244564693,29.746321991304253,47.794908819947345,29.20596979426158,87.72013308668039,1.0,29.20596979426158
Kirklareli,1997,8,0.35354682303916846,32.278102419437786,14,1997-08-01,0.2506241954359248,0.5932115534046041,32.278102419437786,45.240457508895474,30.042739525914808,100.0,1.0,30.042739525914808
Kirklareli,1997,9,0.34720306150518876,28.594477448322017,14,1997-09-01,0.23123505398808003,0.4604263935315683,25.16473562127028,41.17652697901332,50.59877382282336,78.57989933529099,1.0,50.59877382282336
Kirklareli,1997,10,0.32607559898519567,19.84640979387689,11,1997-10-01,0.18899908851427108,0.5435990278122258,18.621679500609112,31.896861615883115,38.656664956658446,90.77428631386802,1.0,38.656664956658446
Kirklareli,1997,11,0.25793060681990554,-6.00568848203462,10,1997-11-01,0.20830657195174446,0.9303729307923922,-6.00568848203462,20.39563180552142,6.872503373213178,100.0,1.0,6.872503373213178
Kirklareli,1997,12,0.21937589222347276,6.010764656612046,2,1997-12-01,-0.17230462166769206,0.5661061663459706,-9.526207233348547,12.921159518974873,53.04371499565872,30.784879752755703,1.0,53.04371499565872
Kirklareli,1998,1,0.3519462570208838,3.758368004756392,4,1998-01-01,0.13970595833189764,0.6078714815700815,-6.425527477755359,11.526449097523706,45.3344571853504,43.27145292437838,1.0,45.3344571853504
Kirklareli,1998,2,0.42807434943526784,4.8971627565310305,11,1998-02-01,0.21242336574234483,0.5753886864834776,-0.9936178652089842,19.635445314150193,59.41366058128884,71.4442649648087,1.0,59.41366058128884
Kirklareli,1998,3,,,6,1998-03-01,0.23724717643922016,0.5931892859181188,3.7975030475724805,35.94484140280584,,,1.0,
Kirklareli,1998,4,0.6334829221292639,23.506125520361003,11,1998-04-01,0.28418740768690265,0.6999090096739984,6.184823859460349,28.860975513722845,84.02149726470158,23.614456610653672,1.0,84.02149726470158
Kirklareli,1998,5,0.6079483481110016,23.954489736990617,8,1998-05-01,0.4534802277094651,0.7000804440146302,12.181477165828097,37.66463367081892,62.639085527152936,53.80080733382932,1.0,62.639085527152936
Kirklareli,1998,6,0.541529467674096,34.032066796351565,14,1998-06-01,0.31855919093684887,0.7635793635851492,28.555355184881762,45.330319717212646,50.103408888266436,67.35187367511642,1.0,50.103408888266436
Kirklareli,1998,7,0.37407382896317265,40.94323350120453,14,1998-07-01,0.25743971142297445,0.6420665244564693,29.746321991304253,47.794908819947345,30.323969517445278,37.96239220163881,1.0,30.323969517445278
Kirklareli,1998,8,0.28672522356907176,40.45345904449336,12,1998-08-01,0.2506241954359248,0.5932115534046041,32.278102419437786,45.240457508895474,10.537758412103308,36.930005630654215,1.0,10.537758412103308
Kirklareli,1998,9,0.2733160278251565,25.16473562127028,12,1998-09-01,0.23123505398808003,0.4604263935315683,25.16473562127028,41.17652697901332,18.360629996270767,100.0,1.0,18.360629996270767
Kirklareli,1998,10,0.34944282533336085,21.883131323416833,10,1998-10-01,0.18899908851427108,0.5435990278122258,18.621679500609112,31.896861615883115,45.24640842768897,75.43196172762708,1.0,45.24640842768897
Kirklareli,1998,11,0.45560154547316084,12.445095861101851,10,1998-11-01,0.20830657195174446,0.9303729307923922,-6.00568848203462,20.39563180552142,34.248233627512306,30.114160420102024,1.0,34.248233627512306
Kirklareli,1998,12,-0.17230462166769206,-5.042257059999989,7,1998-12-01,-0.17230462166769206,0.5661061663459706,-9.526207233348547,12.921159518974873,0.0,80.02460501125618,1.0,0.0
Kirklareli,1999,1,0.3687967580290772,3.2875626272465985,9,1999-01-01,0.13970595833189764,0.6078714815700815,-6.425527477755359,11.526449097523706,48.93371859435862,45.894035321004935,1.0,48.93371859435862
Kirklareli,1999,2,0.4243688080056297,14.948603786080074,10,1999-02-01,0.21242336574234483,0.5753886864834776,-0.9936178652089842,19.635445314150193,58.39275273751141,22.719604314167942,1.0,58.39275273751141
Kirklareli,1999,3,0.46505119763119535,14.783216926717971,8,1999-03-01,0.23724717643922016,0.5931892859181188,3.7975030475724805,35.94484140280584,64.00030092687871,65.82698773456282,1.0,64.00030092687871
Kirklareli,1999,4,0.5172950895575237,25.606896860869092,12,1999-04-01,0.28418740768690265,0.6999090096739984,6.184823859460349,28.860975513722845,56.07302597613314,14.350224422855609,1.0,56.07302597613314
Kirklareli,1999,5,0.5503269756732447,26.77109174461267,14,1999-05-01,0.4534802277094651,0.7000804440146302,12.181477165828097,37.66463367081892,39.27277494514961,42.74800856821947,1.0,39.27277494514961
Kirklareli,1999,6,0.3967228542989654,36.85381005204637,11,1999-06-01,0.31855919093684887,0.7635793635851492,28.555355184881762,45.330319717212646,17.564071960371407,50.53071587024371,1.0,17.564071960371407
Kirklareli,1999,7,0.40892599794385137,40.24489149176625,21,1999-07-01,0.25743971142297445,0.6420665244564693,29.746321991304253,47.794908819947345,39.38526420613451,41.83162593206035,1.0,39.38526420613451
Kirklareli,1999,8,0.3885858029521624,38.985533561319485,24,1999-08-01,0.2506241954359248,0.5932115534046041,32.278102419437786,45.240457508895474,40.27048993700772,48.25453325733325,1.0,40.27048993700772
Kirklareli,1999,9,0.32003234779191125,33.683383487683464,23,1999-09-01,0.23123505398808003,0.4604263935315683,25.16473562127028,41.17652697901332,38.74373873842744,46.79765882476537,1.0,38.74373873842744
Kirklareli,1999,10,0.2962563674683964,27.541195502440104,25,1999-10-01,0.18899908851427108,0.5435990278122258,18.621679500609112,31.896861615883115,30.247404770140626,32.81059405152355,1.0,30.247404770140626
Kirklareli,1999,11,0.3021527751281207,15.0129758801725,22,1999-11-01,0.20830657195174446,0.9303729307923922,-6.00568848203462,20.39563180552142,12.996894541251867,20.38782858857999,1.0,12.996894541251867
Kirklareli,1999,12,0.4098564690402233,10.015646892605734,14,1999-12-01,-0.17230462166769206,0.5661061663459706,-9.526207233348547,12.921159518974873,78.8397325930108,12.9436679964629,1.0,78.8397325930108
Kirklareli,2000,1,0.34143864365880805,6.54278250925086,17,2000-01-01,0.13970595833189764,0.6078714815700815,-6.425527477755359,11.526449097523706,43.09003446720635,27.76110233530301,1.0,43.09003446720635
Kirklareli,2000,2,0.37257232176024824,9.796546689722131,15,2000-02-01,0.21242336574234483,0.5753886864834776,-0.9936178652089842,19.635445314150193,44.12238494049457,47.69435499268124,1.0,44.12238494049457
Kirklareli,2000,3,0.3961035789220978,16.805507040990353,17,2000-03-01,0.23724717643922016,0.5931892859181188,3.7975030475724805,35.94484140280584,44.62984239640664,59.53629551013744,1.0,44.62984239640664
Kirklareli,2000,4,0.28418740768690265,17.900026541395793,8,2000-04-01,0.28418740768690265,0.6999090096739984,6.184823859460349,28.860975513722845,0.0,48.33690098499008,1.0,0.0
Kirklareli,2000,5,0.5588785330798409,30.923003266943255,24,2000-05-01,0.4534802277094651,0.7000804440146302,12.181477165828097,37.66463367081892,42.74055673979886,26.45524074914084,1.0,42.74055673979886
Kirklareli,2000,6,0.47020935218305226,41.1651861127488,18,2000-06-01,0.31855919093684887,0.7635793635851492,28.555355184881762,45.330319717212646,34.07714314246437,24.829462956158636,1.0,34.07714314246437
Kirklareli,2000,7,0.32640570385807255,43.692267013504306,24,2000-07-01,0.25743971142297445,0.6420665244564693,29.746321991304253,47.794908819947345,17.930625244551596,22.731097151230422,1.0,17.930625244551596
Kirklareli,2000,8,0.26745199549738186,39.73433216188723,24,2000-08-01,0.2506241954359248,0.5932115534046041,32.278102419437786,45.240457508895474,4.911973448534412,42.47781602192326,1.0,4.911973448534412
Kirklareli,2000,9,0.2503278654097717,34.09419094336501,23,2000-09-01,0.23123505398808003,0.4604263935315683,25.16473562127028,41.17652697901332,8.330511728637493,44.23200301210152,1.0,8.330511728637493
Kirklareli,2000,10,0.2891499742477172,23.600053194825485,18,2000-10-01,0.18899908851427108,0.5435990278122258,18.621679500609112,31.896861615883115,28.24334542519302,62.49864106580945,1.0,28.24334542519302
Kirklareli,2000,11,0.32866917690535147,17.380722400538396,23,2000-11-01,0.20830657195174446,0.9303729307923922,-6.00568848203462,20.39563180552142,16.6691888466957,11.41954028111263,1.0,16.6691888466957
Kirklareli,2000,12,0.3331208231691447,6.906559309636169,19,2000-12-01,-0.17230462166769206,0.5661061663459706,-9.526207233348547,12.921159518974873,68.44773302898778,26.794235046372027,1.0,68.44773302898778
Kirklareli,2001,1,0.3470822360511008,4.275595005436936,15,2001-01-01,0.13970595833189764,0.6078714815700815,-6.425527477755359,11.526449097523706,44.29550392451654,40.39028271723363,1.0,44.29550392451654
Kirklareli,2001,2,0.47295357086033574,12.487464306099579,15,2001-02-01,0.21242336574234483,0.5753886864834776,-0.9936178652089842,19.635445314150193,71.7782637156681,34.65005146332902,1.0,71.7782637156681
Kirklareli,2001,3,0.5533709627881428,22.594600646008306,20,2001-03-01,0.23724717643922016,0.5931892859181188,3.7975030475724805,35.94484140280584,88.81325865369784,41.52829266695484,1.0,88.81325865369784
Kirklareli,2001,4,0.5973660804869353,22.654327514149564,18,2001-04-01,0.28418740768690265,0.6999090096739984,6.184823859460349,28.860975513722845,75.3337501113916,27.370817121901727,1.0,75.3337501113916
Kirklareli,2001,5,0.52971071694603,29.147542806586337,18,2001-05-01,0.4534802277094651,0.7000804440146302,12.181477165828097,37.66463367081892,30.912580036925224,33.422432823675244,1.0,30.912580036925224
Kirklareli,2001,6,0.3635994954155177,44.02106422979498,26,2001-06-01,0.31855919093684887,0.7635793635851492,28.555355184881762,45.330319717212646,10.120957935599975,7.8048182152295995,1.0,10.120957935599975
Kirklareli,2001,7,0.25743971142297445,47.794908819947345,28,2001-07-01,0.25743971142297445,0.6420665244564693,29.746321991304253,47.794908819947345,0.0,0.0,1.0,0.0
Kirklareli,2001,8,0.2506241954359248,43.477563821936236,23,2001-08-01,0.2506241954359248,0.5932115534046041,32.278102419437786,45.240457508895474,0.0,13.600103336105978,1.0,0.0
Kirklareli,2001,9,0.23403994415337018,34.05945016262003,22,2001-09-01,0.23123505398808003,0.4604263935315683,25.16473562127028,41.17652697901332,1.2238203113944142,44.448972993590665,1.0,1.2238203113944142
Kirklareli,2001,10,0.2879777744065648,24.119008997216007,23,2001-10-01,0.18899908851427108,0.5435990278122258,18.621679500609112,31.896861615883115,27.912775757450504,58.5894231139636,1.0,27.912775757450504
Kirklareli,2001,11,0.2759653719791299,16.87657726315958,19,2001-11-01,0.20830657195174446,0.9303729307923922,-6.00568848203462,20.39563180552142,9.370163725120591,13.329085454944106,1.0,9.370163725120591
Kirklareli,2001,12,0.14198275882096104,0.21250454931204996,11,2001-12-01,-0.17230462166769206,0.5661061663459706,-9.526207233348547,12.921159518974873,42.56267454245779,56.615348739501535,1.0,42.56267454245779
Kirklareli,2002,1,0.23667575298008647,5.99449823771607,22,2002-01-01,0.13970595833189764,0.6078714815700815,-6.425527477755359,11.526449097523706,20.71271587396547,30.81527449977547,1.0,20.71271587396547
Kirklareli,2002,2,0.29020490757929246,19.635445314150193,21,2002-02-01,0.21242336574234483,0.5753886864834776,-0.9936178652089842,19.635445314150193,21.429469261175367,0.0,1.0,21.429469261175367
Kirklareli,2002,3,0.2889432669435634,35.94484140280584,14,2002-03-01,0.23724717643922016,0.5931892859181188,3.7975030475724805,35.94484140280584,14.52373549733316,0.0,1.0,14.52373549733316
Kirklareli,2002,4,0.4959239613933413,20.3054090425179,11,2002-04-01,0.28418740768690265,0.6999090096739984,6.184823859460349,28.860975513722845,50.93229524142242,37.72935814528622,1.0,50.93229524142242
Kirklareli,2002,5,0.546228593147085,37.66463367081892,19,2002-05-01,0.4534802277094651,0.7000804440146302,12.181477165828097,37.66463367081892,37.610820796217325,0.0,1.0,37.610820796217325
Kirklareli,2002,6,0.42121217956437323,38.18308492383581,20,2002-06-01,0.31855919093684887,0.7635793635851492,28.555355184881762,45.330319717212646,23.067041661648688,42.60655681030957,1.0,23.067041661648688
Kirklareli,2002,7,0.4004291329005363,43.954225168986525,23,2002-07-01,0.25743971142297445,0.6420665244564693,29.746321991304253,47.794908819947345,37.17614493639312,21.279691797618515,1.0,37.17614493639312
Kirklareli,2002,8,0.3876968764359814,37.64432582008275,11,2002-08-01,0.2506241954359248,0.5932115534046041,32.278102419437786,45.240457508895474,40.01101552982242,58.6014781757574,1.0,40.01101552982242
Kirklareli,2002,9,0.36169863214336445,30.35085908557736,13,2002-09-01,0.23123505398808003,0.4604263935315683,25.16473562127028,41.17652697901332,56.92343280297876,67.61059803718243,1.0,56.92343280297876
Kirklareli,2002,10,0.4254879795191244,22.373764549937224,12,2002-10-01,0.18899908851427108,0.5435990278122258,18.621679500609112,31.896861615883115,66.69174604853559,71.73609358615816,1.0,66.69174604853559
Kirklareli,2002,11,0.44748523034916476,14.563856297143731,11,2002-11-01,0.20830657195174446,0.9303729307923922,-6.00568848203462,20.39563180552142,33.124193568780356,22.08895405555315,1.0,33.124193568780356
Kirklareli,2002,12,0.43247814118796457,3.31685953883894,6,2002-12-01,-0.17230462166769206,0.5661061663459706,-9.526207233348547,12.921159518974873,81.9032945716479,42.785864756906676,1.0,81.9032945716479
Kirklareli,2003,1,0.4028002619072888,1.1064795677313788,9,2003-01-01,0.13970595833189764,0.6078714815700815,-6.425527477755359,11.526449097523706,56.19685570941525,58.043578021047786,1.0,56.19685570941525
Kirklareli,2003,2,0.3839348416424068,2.3404339144915376,8,2003-02-01,0.21242336574234483,0.5753886864834776,-0.9936178652089842,19.635445314150193,47.25285477682981,83.83808440202716,1.0,47.25285477682981
Kirklareli,2003,3,0.3701193259410874,17.178396327422433,11,2003-03-01,0.23724717643922016,0.5931892859181188,3.7975030475724805,35.94484140280584,37.32970782703761,58.37635722127634,1.0,37.32970782703761
Kirklareli,2003,4,0.4974601792320673,22.05697138524323,13,2003-04-01,0.28418740768690265,0.6999090096739984,6.184823859460349,28.860975513722845,51.301825675102826,30.00510947456399,1.0,51.301825675102826
Kirklareli,2003,5,0.5083665421708795,37.23253587998816,10,2003-05-01,0.4534802277094651,0.7000804440146302,12.181477165828097,37.66463367081892,22.257204508488012,1.6956211478202643,1.0,22.257204508488012
Kirklareli,2003,6,0.31855919093684887,45.330319717212646,3,2003-06-01,0.31855919093684887,0.7635793635851492,28.555355184881762,45.330319717212646,0.0,0.0,1.0,0.0
Kirklareli,2003,7,0.35371295111503626,40.68246193197762,16,2003-07-01,0.25743971142297445,0.6420665244564693,29.746321991304253,47.794908819947345,25.030298572470546,39.40722315545657,1.0,25.030298572470546
Kirklareli,2003,8,0.3094715589441884,43.841758426032115,16,2003-08-01,0.2506241954359248,0.5932115534046041,32.278102419437786,45.240457508895474,17.177330727318797,10.790470352111589,1.0,17.177330727318797
Kirklareli,2003,9,0.2624555402516656,32.723898325529596,20,2003-09-01,0.23123505398808003,0.4604263935315683,25.16473562127028,41.17652697901332,13.62201832136053,52.790024954929045,1.0,13.62201832136053
Kirklareli,2003,10,0.3106609154912836,25.305170901810698,15,2003-10-01,0.18899908851427108,0.5435990278122258,18.621679500609112,31.896861615883115,34.30960174947617,49.65423944345161,1.0,34.30960174947617
Kirklareli,2003,11,0.457289780110895,15.373864814868195,9,2003-11-01,0.20830657195174446,0.9303729307923922,-6.00568848203462,20.39563180552142,34.482039650610346,19.020893409713967,1.0,34.482039650610346
Kirklareli,2003,12,0.34650106489621285,7.06419503737368,4,2003-12-01,-0.17230462166769206,0.5661061663459706,-9.526207233348547,12.921159518974873,70.25976529399048,26.09198907927571,1.0,70.25976529399048
Kirklareli,2004,1,0.39042681497929055,1.0757457466535056,8,2004-01-01,0.13970595833189764,0.6078714815700815,-6.425527477755359,11.526449097523706,53.55389156237295,58.214778228161435,1.0,53.55389156237295
Kirklareli,2004,2,0.37907938278506825,9.931543423829774,11,2004-02-01,0.21242336574234483,0.5753886864834776,-0.9936178652089842,19.635445314150193,45.91513500585437,47.03995429142827,1.0,45.91513500585437
Kirklareli,2004,3,0.48580028966760935,13.228440379311616,15,2004-03-01,0.23724717643922016,0.5931892859181188,3.7975030475724805,35.94484140280584,69.82964549832904,70.66339605622795,1.0,69.82964549832904
Kirklareli,2004,4,0.5512923007043518,26.32170659276523,15,2004-04-01,0.28418740768690265,0.6999090096739984,6.184823859460349,28.860975513722845,64.25090535125481,11.197971153453194,1.0,64.25090535125481
Kirklareli,2004,5,0.4907060702734035,26.667507234198403,13,2004-05-01,0.4534802277094651,0.7000804440146302,12.181477165828097,37.66463367081892,15.095624457146393,43.154490827958284,1.0,15.095624457146393
Kirklareli,2004,6,0.48814971237161314,34.04955436493323,19,2004-06-01,0.31855919093684887,0.7635793635851492,28.555355184881762,45.330319717212646,38.108502009141894,67.24762565391818,1.0,38.108502009141894
Kirklareli,2004,7,0.4504239206434662,37.16818751177834,22,2004-07-01,0.25743971142297445,0.6420665244564693,29.746321991304253,47.794908819947345,50.174403520767,58.878411972423265,1.0,50.174403520767
Kirklareli,2004,8,0.42843807964392355,39.63388086590727,18,2004-08-01,0.2506241954359248,0.5932115534046041,32.278102419437786,45.240457508895474,51.90322411846125,43.25276235911824,1.0,51.90322411846125
Kirklareli,2004,9,0.3464563065417317,34.97817959760302,21,2004-09-01,0.23123505398808003,0.4604263935315683,25.16473562127028,41.17652697901332,50.27295219058173,38.71114257564244,1.0,50.27295219058173
Kirklareli,2004,10,0.25373307085570646,27.423915173025136,11,2004-10-01,0.18899908851427108,0.5435990278122258,18.621679500609112,31.896861615883115,18.255497299180938,33.69404957323748,1.0,18.255497299180938
Kirklareli,2004,11,0.2611913531939747,11.6042522713616,11,2004-11-01,0.20830657195174446,0.9303729307923922,-6.00568848203462,20.39563180552142,7.324088789725949,33.29901474019666,1.0,7.324088789725949
Kirklareli,2004,12,0.37508013879580043,8.318849641834266,10,2004-12-01,-0.17230462166769206,0.5661061663459706,-9.526207233348547,12.921159518974873,74.13011420593769,20.502671551282265,1.0,74.13011420593769
Kirklareli,2005,1,0.3148884968288756,10.051905812587874,16,2005-01-01,0.13970595833189764,0.6078714815700815,-6.425527477755359,11.526449097523706,37.41893193785056,8.21382135138459,1.0,37.41893193785056
Kirklareli,2005,2,0.2531248720534988,10.939432184132304,10,2005-02-01,0.21242336574234483,0.5753886864834776,-0.9936178652089842,19.635445314150193,11.21360746752507,42.154183417882294,1.0,11.21360746752507
Kirklareli,2005,3,0.3399167861940883,19.95349977190845,17,2005-03-01,0.23724717643922016,0.5931892859181188,3.7975030475724805,35.94484140280584,28.844468530339686,49.74390555818477,1.0,28.844468530339686
Kirklareli,2005,4,0.42465675731016833,25.144546601175193,16,2005-04-01,0.28418740768690265,0.6999090096739984,6.184823859460349,28.860975513722845,33.78928324913603,16.38915178029807,1.0,33.78928324913603
Kirklareli,2005,5,0.4534802277094651,32.27675605947641,13,2005-05-01,0.4534802277094651,0.7000804440146302,12.181477165828097,37.66463367081892,0.0,21.14289731057181,1.0,0.0
Kirklareli,2005,6,0.4956886992852259,36.554020038006705,24,2005-06-01,0.31855919093684887,0.7635793635851492,28.555355184881762,45.330319717212646,39.802579576176335,52.31784342846818,1.0,39.802579576176335
Kirklareli,2005,7,0.4404465940292995,37.68718097139692,20,2005-07-01,0.25743971142297445,0.6420665244564693,29.746321991304253,47.794908819947345,47.58037567973402,56.002876815316476,1.0,47.58037567973402
Kirklareli,2005,8,0.4054813437866653,37.90628581857608,22,2005-08-01,0.2506241954359248,0.5932115534046041,32.278102419437786,45.240457508895474,45.20223667006946,56.58054913404041,1.0,45.20223667006946
Kirklareli,2005,9,0.36601008627280157,36.2284325506492,20,2005-09-01,0.23123505398808003,0.4604263935315683,25.16473562127028,41.17652697901332,58.80459207279446,30.90281604232433,1.0,58.80459207279446
Kirklareli,2005,10,0.29699847230425297,24.416201842574612,13,2005-10-01,0.18899908851427108,0.5435990278122258,18.621679500609112,31.896861615883115,30.456684229501445,56.35071299475051,1.0,30.456684229501445
Kirklareli,2005,11,0.2704515216323355,19.53153615465126,8,2005-11-01,0.20830657195174446,0.9303729307923922,-6.00568848203462,20.39563180552142,8.606542725570428,3.2729259046845476,1.0,8.606542725570428
Kirklareli,2005,12,0.2887797931880285,6.978877580546885,4,2005-12-01,-0.17230462166769206,0.5661061663459706,-9.526207233348547,12.921159518974873,62.44280586637222,26.472066875340428,1.0,62.44280586637222
Kirklareli,2006,1,0.3250382290943907,6.807893521698176,2,2006-01-01,0.13970595833189764,0.6078714815700815,-6.425527477755359,11.526449097523706,39.58691137284011,26.2843233782026,1.0,39.58691137284011
Kirklareli,2006,2,0.24094408933932984,3.115840279451135,11,2006-02-01,0.21242336574234483,0.5753886864834776,-0.9936178652089842,19.635445314150193,7.857699335779249,80.07927888469546,1.0,7.857699335779249
Kirklareli,2006,3,0.37420709095174726,10.789771874605487,11,2006-03-01,0.23724717643922016,0.5931892859181188,3.7975030475724805,35.94484140280584,38.47814317700067,78.24930714397787,1.0,38.47814317700067
Kirklareli,2006,4,0.410917615452797,24.313083579546515,11,2006-04-01,0.28418740768690265,0.6999090096739984,6.184823859460349,28.860975513722845,30.484393199713526,20.055836649520078,1.0,30.484393199713526
Kirklareli,2006,5,0.46705569612761444,36.60823127373505,16,2006-05-01,0.4534802277094651,0.7000804440146302,12.181477165828097,37.66463367081892,5.505051301881193,4.145492717422889,1.0,5.505051301881193
Kirklareli,2006,6,0.45141734603010425,34.601098053931096,19,2006-06-01,0.31855919093684887,0.7635793635851492,28.555355184881762,45.330319717212646,29.854411835450264,63.959727858755265,1.0,29.854411835450264
Kirklareli,2006,7,0.49479344304030953,37.5345151118105,21,2006-07-01,0.25743971142297445,0.6420665244564693,29.746321991304253,47.794908819947345,61.71013657247691,56.84873727539494,1.0,61.71013657247691
Kirklareli,2006,8,0.420917706378074,43.62336602249314,24,2006-08-01,0.2506241954359248,0.5932115534046041,32.278102419437786,45.240457508895474,49.70805459719216,12.475290757290868,1.0,49.70805459719216
Kirklareli,2006,9,0.35967755913823624,36.23362977473482,22,2006-09-01,0.23123505398808003,0.4604263935315683,25.16473562127028,41.17652697901332,56.04160497774161,30.870357312570103,1.0,56.04160497774161
Kirklareli,2006,10,0.3466849594262969,22.767761290275153,11,2006-10-01,0.18899908851427108,0.5435990278122258,18.621679500609112,31.896861615883115,44.46866833204089,68.76817392285948,1.0,44.46866833204089
Kirklareli,2006,11,0.3816683734345051,14.210669493958557,15,2006-11-01,0.20830657195174446,0.9303729307923922,-6.00568848203462,20.39563180552142,24.009123172711018,23.42671595283086,1.0,24.009123172711018
Kirklareli,2006,12,0.44460466533134696,9.53734727399997,21,2006-12-01,-0.17230462166769206,0.5661061663459706,-9.526207233348547,12.921159518974873,83.54554091206269,15.074428472215617,1.0,83.54554091206269
Kirklareli,2007,1,0.41161672616307254,8.107252179459996,15,2007-01-01,0.13970595833189764,0.6078714815700815,-6.425527477755359,11.526449097523706,58.080049541118726,19.046353496094387,1.0,58.080049541118726
Kirklareli,2007,2,0.46260119053214327,7.298850022687188,18,2007-02-01,0.21242336574234483,0.5753886864834776,-0.9936178652089842,19.635445314150193,68.92609582616998,59.802014198136895,1.0,68.92609582616998
Kirklareli,2007,3,0.5143778581210962,15.603559501556436,17,2007-03-01,0.23724717643922016,0.5931892859181188,3.7975030475724805,35.94484140280584,77.8583579469136,63.27516659847514,1.0,77.8583579469136
Kirklareli,2007,4,0.5633346179893015,26.44495836658706,14,2007-04-01,0.28418740768690265,0.6999090096739984,6.184823859460349,28.860975513722845,67.1476317247194,10.654440770957011,1.0,67.1476317247194
Kirklareli,2007,5,0.5718822351949618,33.62811802403026,19,2007-05-01,0.4534802277094651,0.7000804440146302,12.181477165828097,37.66463367081892,48.01374843036452,15.839935865080616,1.0,48.01374843036452
Kirklareli,2007,6,0.46726303672741043,39.21207955964356,18,2007-06-01,0.31855919093684887,0.7635793635851492,28.555355184881762,45.330319717212646,33.41507979416526,36.472447651243726,1.0,33.41507979416526
Kirklareli,2007,7,0.3739362324872974,42.825964543548515,23,2007-07-01,0.25743971142297445,0.6420665244564693,29.746321991304253,47.794908819947345,30.288195496702922,27.53093260749434,1.0,30.288195496702922
Kirklareli,2007,8,0.3234462662312128,43.354314754524445,24,2007-08-01,0.2506241954359248,0.5932115534046041,32.278102419437786,45.240457508895474,21.25649680334839,14.550926443181867,1.0,21.25649680334839
Kirklareli,2007,9,0.3152537894169032,31.880739970138873,11,2007-09-01,0.23123505398808003,0.4604263935315683,25.16473562127028,41.17652697901332,36.65877410384475,58.0558839494193,1.0,36.65877410384475
Kirklareli,2007,10,0.2965966883416085,25.463817772636887,6,2007-10-01,0.18899908851427108,0.5435990278122258,18.621679500609112,31.896861615883115,30.343377960064426,48.45917583190495,1.0,30.343377960064426
Kirklareli,2007,11,0.3093617883331634,17.43373079432246,6,2007-11-01,0.20830657195174446,0.9303729307923922,-6.00568848203462,20.39563180552142,13.99528106304157,11.218760951871849,1.0,13.99528106304157
Kirklareli,2007,12,0.3730326549736254,12.096355466857402,4,2007-12-01,-0.17230462166769206,0.5661061663459706,-9.526207233348547,12.921159518974873,73.85283171556634,3.6743911266656704,1.0,73.85283171556634
Kirklareli,2008,1,0.34923460624328634,3.604262003298398,7,2008-01-01,0.13970595833189764,0.6078714815700815,-6.425527477755359,11.526449097523706,44.7552494814508,44.129887653344134,1.0,44.7552494814508
Kirklareli,2008,2,0.34270323261591334,11.114817962685684,9,2008-02-01,0.21242336574234483,0.5753886864834776,-0.9936178652089842,19.635445314150193,35.8931995507318,41.303995617164,1.0,35.8931995507318
Kirklareli,2008,3,0.41368083561972935,20.044924043284606,14,2008-03-01,0.23724717643922016,0.5931892859181188,3.7975030475724805,35.94484140280584,49.568077078266775,49.45951414025181,1.0,49.568077078266775
Kirklareli,2008,4,0.5779241735907783,21.460018096707177,9,2008-04-01,0.28418740768690265,0.6999090096739984,6.184823859460349,28.860975513722845,70.65708505400049,32.63762533368174,1.0,70.65708505400049
Kirklareli,2008,5,0.6062957512729258,32.26814859904119,20,2008-05-01,0.4534802277094651,0.7000804440146302,12.181477165828097,37.66463367081892,61.96893330148304,21.17667436810994,1.0,61.96893330148304
Kirklareli,2008,6,0.442934238178369,37.30399138879438,20,2008-06-01,0.31855919093684887,0.7635793635851492,28.555355184881762,45.330319717212646,27.948181877097472,47.847065863828725,1.0,27.948181877097472
Kirklareli,2008,7,0.37538694733202493,41.582219833333234,21,2008-07-01,0.25743971142297445,0.6420665244564693,29.746321991304253,47.794908819947345,30.665370149007053,34.4220245363176,1.0,30.665370149007053
Kirklareli,2008,8,0.3367366573004748,43.64902986897392,20,2008-08-01,0.2506241954359248,0.5932115534046041,32.278102419437786,45.240457508895474,25.13591347186336,12.277303228761777,1.0,25.13591347186336
Kirklareli,2008,9,0.3097478846625329,34.010454737091344,15,2008-09-01,0.23123505398808003,0.4604263935315683,25.16473562127028,41.17652697901332,34.25645612562744,44.75496889644756,1.0,34.25645612562744
Kirklareli,2008,10,0.29423780447159337,22.22464921756808,5,2008-10-01,0.18899908851427108,0.5435990278122258,18.621679500609112,31.896861615883115,29.678153968575508,72.8593575163575,1.0,29.678153968575508
Kirklareli,2008,11,0.3716332737791627,16.079850548445716,8,2008-11-01,0.20830657195174446,0.9303729307923922,-6.00568848203462,20.39563180552142,22.61934790725553,16.346838756809813,1.0,22.61934790725553
Kirklareli,2008,12,0.4229304091151292,3.2660753233925885,4,2008-12-01,-0.17230462166769206,0.5661061663459706,-9.526207233348547,12.921159518974873,80.6102836585058,43.01210160689754,1.0,80.6102836585058
Kirklareli,2009,1,0.13970595833189764,10.667583726377035,7,2009-01-01,0.13970595833189764,0.6078714815700815,-6.425527477755359,11.526449097523706,0.0,4.784238479507482,1.0,0.0
Kirklareli,2009,2,0.39714327669298904,7.17916711259408,10,2009-02-01,0.21242336574234483,0.5753886864834776,-0.9936178652089842,19.635445314150193,50.89188977433649,60.38218068001988,1.0,50.89188977433649
Kirklareli,2009,3,0.4628378689969031,15.245442667695322,7,2009-03-01,0.23724717643922016,0.5931892859181188,3.7975030475724805,35.94484140280584,63.37847828343464,64.38915255247191,1.0,63.37847828343464
Kirklareli,2009,4,0.5228815514593976,24.104892388926096,13,2009-04-01,0.28418740768690265,0.6999090096739984,6.184823859460349,28.860975513722845,57.416824776862136,20.973943009870176,1.0,57.416824776862136
Kirklareli,2009,5,0.5739747741152471,33.413939114350384,25,2009-05-01,0.4534802277094651,0.7000804440146302,12.181477165828097,37.66463367081892,48.862303614799465,16.68040831455102,1.0,48.862303614799465
Kirklareli,2009,6,0.3997607530933393,40.332271668429634,23,2009-06-01,0.31855919093684887,0.7635793635851492,28.555355184881762,45.330319717212646,18.24671490131843,29.794686237041674,1.0,18.24671490131843
Kirklareli,2009,7,0.4376742050457919,39.11530875973086,27,2009-07-01,0.25743971142297445,0.6420665244564693,29.746321991304253,47.794908819947345,46.859575961783484,48.090192005736256,1.0,46.859575961783484
Kirklareli,2009,8,0.3989075106529967,40.8129440187567,27,2009-08-01,0.2506241954359248,0.5932115534046041,32.278102419437786,45.240457508895474,43.28335876031612,34.15670578056975,1.0,43.28335876031612
Kirklareli,2009,9,0.3845369006185172,31.98227740430309,21,2009-09-01,0.23123505398808003,0.4604263935315683,25.16473562127028,41.17652697901332,66.88814984710567,57.42174232281662,1.0,66.88814984710567
Kirklareli,2009,10,0.41506471059414896,22.014188309075095,21,2009-10-01,0.18899908851427108,0.5435990278122258,18.621679500609112,31.896861615883115,63.752301404069016,74.44472867485057,1.0,63.752301404069016
Kirklareli,2009,11,0.38729890989325844,15.818179893991973,17,2009-11-01,0.20830657195174446,0.9303729307923922,-6.00568848203462,20.39563180552142,24.78890419834885,17.337965911072164,1.0,24.78890419834885
Kirklareli,2009,12,0.4388002178990691,11.681503247307855,7,2009-12-01,-0.17230462166769206,0.5661061663459706,-9.526207233348547,12.921159518974873,82.75946796642062,5.522501972480612,1.0,82.75946796642062
Kirklareli,2010,1,0.16659973086510052,-3.5380692834978125,3,2010-01-01,0.13970595833189764,0.6078714815700815,-6.425527477755359,11.526449097523706,5.744500865246415,83.91565306388742,1.0,5.744500865246415
Kirklareli,2010,2,0.41951519941818183,8.462746870675948,10,2010-02-01,0.21242336574234483,0.5753886864834776,-0.9936178652089842,19.635445314150193,57.05554273145977,54.15998945920778,1.0,57.05554273145977
Kirklareli,2010,3,0.41652929486158313,3.7975030475724805,12,2010-03-01,0.23724717643922016,0.5931892859181188,3.7975030475724805,35.94484140280584,50.36833621198488,100.0,1.0,50.36833621198488
Kirklareli,2010,4,0.5684545717996561,20.78548408681209,20,2010-04-01,0.28418740768690265,0.6999090096739984,6.184823859460349,28.860975513722845,68.37921405911865,35.612265917231966,1.0,68.37921405911865
Kirklareli,2010,5,0.5449209484942306,31.752387872563993,25,2010-05-01,0.4534802277094651,0.7000804440146302,12.181477165828097,37.66463367081892,37.080551734637794,23.20060231587491,1.0,37.080551734637794
Kirklareli,2010,6,0.36557242071941737,38.752442189946116,16,2010-06-01,0.31855919093684887,0.7635793635851492,28.555355184881762,45.330319717212646,10.564291839355128,39.212467570877976,1.0,10.564291839355128
Kirklareli,2010,7,0.5322762111736012,35.35233368421639,23,2010-07-01,0.25743971142297445,0.6420665244564693,29.746321991304253,47.794908819947345,71.45536671846456,68.93933167102368,1.0,71.45536671846456
Kirklareli,2010,8,0.4762193832869301,39.23030792981462,16,2010-08-01,0.2506241954359248,0.5932115534046041,32.278102419437786,45.240457508895474,65.8504123411437,46.36618529273991,1.0,65.8504123411437
Kirklareli,2010,9,0.3642116639069495,34.40493974030794,17,2010-09-01,0.23123505398808003,0.4604263935315683,25.16473562127028,41.17652697901332,58.01991043105606,42.29125328585269,1.0,58.01991043105606
Kirklareli,2010,10,0.33962196894183594,22.620440907719548,16,2010-10-01,0.18899908851427108,0.5435990278122258,18.621679500609112,31.896861615883115,42.47684890351971,69.8779167593521,1.0,42.47684890351971
Kirklareli,2010,11,0.3731590175295599,16.006016993967773,12,2010-11-01,0.20830657195174446,0.9303729307923922,-6.00568848203462,20.39563180552142,22.83065033558731,16.626497325675945,1.0,22.83065033558731
Kirklareli,2010,12,0.3960671117296854,7.039486297315903,7,2010-12-01,-0.17230462166769206,0.5661061663459706,-9.526207233348547,12.921159518974873,76.97229545173724,26.202063193225936,1.0,76.97229545173724
Kirklareli,2011,1,0.42197753086446443,-6.425527477755359,8,2011-01-01,0.13970595833189764,0.6078714815700815,-6.425527477755359,11.526449097523706,60.29311397818551,100.0,1.0,60.29311397818551
Kirklareli,2011,2,0.42949106572897855,8.448710229923657,13,2011-02-01,0.21242336574234483,0.5753886864834776,-0.9936178652089842,19.635445314150193,59.80397784102537,54.228032494561596,1.0,59.80397784102537
Kirklareli,2011,3,0.44143621583960674,24.274879142927624,12,2011-03-01,0.23724717643922016,0.5931892859181188,3.7975030475724805,35.94484140280584,57.3658002137821,36.301488262957335,1.0,57.3658002137821
Kirklareli,2011,4,0.5162560784569262,21.20351135532391,10,2011-04-01,0.28418740768690265,0.6999090096739984,6.184823859460349,28.860975513722845,55.8230964329891,33.768799376324246,1.0,55.8230964329891
Kirklareli,2011,5,0.5157959623624397,33.900799264418254,19,2011-05-01,0.4534802277094651,0.7000804440146302,12.181477165828097,37.66463367081892,25.26994322497251,14.769890871499884,1.0,25.26994322497251
Kirklareli,2011,6,0.4183043165602831,38.14050324924571,20,2011-06-01,0.31855919093684887,0.7635793635851492,28.555355184881762,45.330319717212646,22.413618922003984,42.86039743398437,1.0,22.413618922003984
Kirklareli,2011,7,0.3850048918413062,43.13576698415959,18,2011-07-01,0.25743971142297445,0.6420665244564693,29.746321991304253,47.794908819947345,33.16596141913353,25.814441208182032,1.0,33.16596141913353
Kirklareli,2011,8,0.3677745690250833,43.07172457451715,26,2011-08-01,0.2506241954359248,0.5932115534046041,32.278102419437786,45.240457508895474,34.19576667504143,16.731010062686536,1.0,34.19576667504143
Kirklareli,2011,9,0.30845639216155674,38.52081509004693,24,2011-09-01,0.23123505398808003,0.4604263935315683,25.16473562127028,41.17652697901332,33.69295642989347,16.58597610742741,1.0,33.69295642989347
Kirklareli,2011,10,0.30730333909703966,22.019516099408342,22,2011-10-01,0.18899908851427108,0.5435990278122258,18.621679500609112,31.896861615883115,33.36273853204547,74.40459521161831,1.0,33.36273853204547
Kirklareli,2011,11,0.28154996098078255,14.188854679868868,13,2011-11-01,0.20830657195174446,0.9303729307923922,-6.00568848203462,20.39563180552142,10.143581421884539,23.509343692095744,1.0,10.143581421884539
Kirklareli,2011,12,,,6,2011-12-01,-0.17230462166769206,0.5661061663459706,-9.526207233348547,12.921159518974873,,,1.0,
Kirklareli,2012,1,0.3142934915231286,1.770989199451876,5,2012-01-01,0.13970595833189764,0.6078714815700815,-6.425527477755359,11.526449097523706,37.29183900250762,54.34198210522219,1.0,37.29183900250762
Kirklareli,2012,2,0.2439203269289472,-0.3222337931580141,8,2012-02-01,0.21242336574234483,0.5753886864834776,-0.9936178652089842,19.635445314150193,8.677677834975873,96.74544565493048,1.0,8.677677834975873
Kirklareli,2012,3,0.32309227644282124,21.852998277285682,10,2012-03-01,0.23724717643922016,0.5931892859181188,3.7975030475724805,35.94484140280584,24.117714009527784,43.8351784206922,1.0,24.117714009527784
Kirklareli,2012,4,0.5037280679553194,24.755714604630594,10,2012-04-01,0.28418740768690265,0.6999090096739984,6.184823859460349,28.860975513722845,52.809538695858166,18.103869526382244,1.0,52.809538695858166
Kirklareli,2012,5,0.5706356357591783,32.961813402513734,10,2012-05-01,0.4534802277094651,0.7000804440146302,12.181477165828097,37.66463367081892,47.50823409851946,18.454622241888092,1.0,47.50823409851946
Kirklareli,2012,6,0.47408846609352523,40.45818092123525,12,2012-06-01,0.31855919093684887,0.7635793635851492,28.555355184881762,45.330319717212646,34.948814619150134,29.044107882238336,1.0,34.948814619150134
Kirklareli,2012,7,0.4429478266250746,42.898683876196856,14,2012-07-01,0.25743971142297445,0.6420665244564693,29.746321991304253,47.794908819947345,48.23067683166055,27.128023873759386,1.0,48.23067683166055
Kirklareli,2012,8,0.3680248837360537,40.19274527011042,10,2012-08-01,0.2506241954359248,0.5932115534046041,32.278102419437786,45.240457508895474,34.26883262600196,38.9413204926809,1.0,34.26883262600196
Kirklareli,2012,9,0.30214391577613764,37.99593840163657,9,2012-09-01,0.23123505398808003,0.4604263935315683,25.16473562127028,41.17652697901332,30.938717810758682,19.8640396087766,1.0,30.938717810758682
Kirklareli,2012,10,0.3088365488339013,27.418672171821953,13,2012-10-01,0.18899908851427108,0.5435990278122258,18.621679500609112,31.896861615883115,33.79511585841984,33.733544332387716,1.0,33.79511585841984
Kirklareli,2012,11,0.36952264522135914,13.745291225516672,6,2012-11-01,0.20830657195174446,0.9303729307923922,-6.00568848203462,20.39563180552142,22.32704394765929,25.189424269585896,1.0,22.32704394765929
Kirklareli,2012,12,,,4,2012-12-01,-0.17230462166769206,0.5661061663459706,-9.526207233348547,12.921159518974873,,,1.0,
Kirklareli,2013,1,0.5155502959462775,8.952003358122164,5,2013-01-01,0.13970595833189764,0.6078714815700815,-6.425527477755359,11.526449097523706,80.2802254670012,14.340736957882987,1.0,80.2802254670012
Kirklareli,2013,2,,,8,2013-02-01,0.21242336574234483,0.5753886864834776,-0.9936178652089842,19.635445314150193,,,1.0,
Kirklareli,2013,3,0.44272170939688654,13.516664138292738,3,2013-03-01,0.23724717643922016,0.5931892859181188,3.7975030475724805,35.94484140280584,57.726952638023725,69.76682491308632,1.0,57.726952638023725
Kirklareli,2013,4,0.5664854561849854,27.284923985283832,11,2013-04-01,0.28418740768690265,0.6999090096739984,6.184823859460349,28.860975513722845,67.9055519724581,6.9502601343855375,1.0,67.9055519724581
Kirklareli,2013,5,0.5219878316325814,35.51314704505167,23,2013-05-01,0.4534802277094651,0.7000804440146302,12.181477165828097,37.66463367081892,27.780836914732838,8.442779156286589,1.0,27.780836914732838
Kirklareli,2013,6,0.4612629667534475,37.304319860359215,26,2013-06-01,0.31855919093684887,0.7635793635851492,28.555355184881762,45.330319717212646,32.06681058239971,47.845107757960896,1.0,32.06681058239971
Kirklareli,2013,7,0.48317441478935563,39.227214576574056,28,2013-07-01,0.25743971142297445,0.6420665244564693,29.746321991304253,47.794908819947345,58.689278988650045,47.470166638068115,1.0,58.689278988650045
Kirklareli,2013,8,0.4318071775728661,40.46588185813615,26,2013-08-01,0.2506241954359248,0.5932115534046041,32.278102419437786,45.240457508895474,52.886651513131945,36.83416800271501,1.0,52.886651513131945
Kirklareli,2013,9,0.35094440597403803,32.51242797504354,18,2013-09-01,0.23123505398808003,0.4604263935315683,25.16473562127028,41.17652697901332,52.23118474912686,54.11074133051303,1.0,52.23118474912686
Kirklareli,2013,10,0.2827054099249815,26.14389936869848,14,2013-10-01,0.18899908851427108,0.5435990278122258,18.621679500609112,31.896861615883115,26.42592708736284,43.336220906268835,1.0,26.42592708736284
Kirklareli,2013,11,0.30458917803758817,18.286002119729037,23,2013-11-01,0.20830657195174446,0.9303729307923922,-6.00568848203462,20.39563180552142,13.334315455498494,7.99062191896036,1.0,13.334315455498494
Kirklareli,2013,12,0.39206368118830265,6.364884967678702,23,2013-12-01,-0.17230462166769206,0.5661061663459706,-9.526207233348547,12.921159518974873,76.43012697229884,29.207321391572858,1.0,76.43012697229884
Kirklareli,2014,1,0.45080516531495246,11.526449097523706,21,2014-01-01,0.13970595833189764,0.6078714815700815,-6.425527477755359,11.526449097523706,66.4506871055475,0.0,1.0,66.4506871055475
Kirklareli,2014,2,0.48233618592866345,11.68677649139041,17,2014-02-01,0.21242336574234483,0.5753886864834776,-0.9936178652089842,19.635445314150193,74.36325311607956,38.531409563537444,1.0,74.36325311607956
Kirklareli,2014,3,0.5021455680858452,21.72112294817787,15,2014-03-01,0.23724717643922016,0.5931892859181188,3.7975030475724805,35.94484140280584,74.42176258224627,44.24540003111159,1.0,74.42176258224627
Kirklareli,2014,4,0.6055410541628311,22.18068968825669,18,2014-04-01,0.28418740768690265,0.6999090096739984,6.184823859460349,28.860975513722845,77.30020401631751,29.45952173595753,1.0,77.30020401631751
Kirklareli,2014,5,0.6124597536738573,26.65713560298724,25,2014-05-01,0.4534802277094651,0.7000804440146302,12.181477165828097,37.66463367081892,64.46852656757476,43.19519077503561,1.0,64.46852656757476
Kirklareli,2014,6,0.45187077158265804,34.07076997500078,24,2014-06-01,0.31855919093684887,0.7635793635851492,28.555355184881762,45.330319717212646,29.956300599246177,67.12115379147899,1.0,29.956300599246177
Kirklareli,2014,7,0.5792782086068429,36.88249602334591,25,2014-07-01,0.25743971142297445,0.6420665244564693,29.746321991304253,47.794908819947345,83.67552294276517,60.46131423033878,1.0,83.67552294276517
Kirklareli,2014,8,0.5932115534046041,37.50337282978401,26,2014-08-01,0.2506241954359248,0.5932115534046041,32.278102419437786,45.240457508895474,100.0,59.688880806884,1.0,100.0
Kirklareli,2014,9,0.45717643253565293,25.916856583843828,26,2014-09-01,0.23123505398808003,0.4604263935315683,25.16473562127028,41.17652697901332,98.58198786987818,95.30270570125913,1.0,98.58198786987818
Kirklareli,2014,10,0.35640847176476226,23.470986254579408,23,2014-10-01,0.18899908851427108,0.5435990278122258,18.621679500609112,31.896861615883115,47.21077605989787,63.470883398346466,1.0,47.21077605989787
Kirklareli,2014,11,0.35392416139035043,13.952167656672792,19,2014-11-01,0.20830657195174446,0.9303729307923922,-6.00568848203462,20.39563180552142,20.166787672037525,24.40584061201545,1.0,20.166787672037525
Kirklareli,2014,12,0.4753188395743832,7.987757936634453,17,2014-12-01,-0.17230462166769206,0.5661061663459706,-9.526207233348547,12.921159518974873,87.70503786709202,21.977640570379094,1.0,87.70503786709202
Kirklareli,2015,1,0.34471612308148003,3.776734319129684,20,2015-01-01,0.13970595833189764,0.6078714815700815,-6.425527477755359,11.526449097523706,43.79010298143663,43.16914488996069,1.0,43.79010298143663
Kirklareli,2015,2,0.3328200472051857,6.663779356362327,16,2015-02-01,0.21242336574234483,0.5753886864834776,-0.9936178652089842,19.635445314150193,33.17029880898949,62.880538224183276,1.0,33.17029880898949
Kirklareli,2015,3,0.3685509654966649,14.06199975692908,25,2015-03-01,0.23724717643922016,0.5931892859181188,3.7975030475724805,35.94484140280584,36.88908548911907,68.07046170997975,1.0,36.88908548911907
Kirklareli,2015,4,0.49631523394541316,23.875493614494797,23,2015-04-01,0.28418740768690265,0.6999090096739984,6.184823859460349,28.860975513722845,51.02641413016952,21.985573104468607,1.0,51.02641413016952
Kirklareli,2015,5,0.5548546807732532,34.04784961568452,25,2015-05-01,0.4534802277094651,0.7000804440146302,12.181477165828097,37.66463367081892,41.10882568664834,14.192841669461407,1.0,41.10882568664834
Kirklareli,2015,6,0.5019454996095299,35.718478791988304,25,2015-06-01,0.31855919093684887,0.7635793635851492,28.555355184881762,45.330319717212646,41.2085383863287,57.29872576898244,1.0,41.2085383863287
Kirklareli,2015,7,0.5378200008459496,40.18798242688438,28,2015-07-01,0.25743971142297445,0.6420665244564693,29.746321991304253,47.794908819947345,72.89670920538722,42.146936296368516,1.0,72.89670920538722
Kirklareli,2015,8,0.4562338595023287,41.7402248177973,28,2015-08-01,0.2506241954359248,0.5932115534046041,32.278102419437786,45.240457508895474,60.016710857498005,27.003061302840898,1.0,60.016710857498005
Kirklareli,2015,9,0.3614248057669555,37.51999347613855,24,2015-09-01,0.23123505398808003,0.4604263935315683,25.16473562127028,41.17652697901332,56.80395779272996,22.836504805607067,1.0,56.80395779272996
Kirklareli,2015,10,0.37256534963387977,22.45212975559844,19,2015-10-01,0.18899908851427108,0.5435990278122258,18.621679500609112,31.896861615883115,51.767143977248686,71.1457799845764,1.0,51.767143977248686
Kirklareli,2015,11,0.3798960897402483,17.904188910555852,23,2015-11-01,0.20830657195174446,0.9303729307923922,-6.00568848203462,20.39563180552142,23.763677075886566,9.436811749675561,1.0,23.763677075886566
Kirklareli,2015,12,0.5281459465648397,10.684365797354484,26,2015-12-01,-0.17230462166769206,0.5661061663459706,-9.526207233348547,12.921159518974873,94.85920027208101,9.964615209883668,1.0,94.85920027208101
Kirklareli,2016,1,0.4510287915893629,5.901970678589574,22,2016-01-01,0.13970595833189764,0.6078714815700815,-6.425527477755359,11.526449097523706,66.49845360335871,31.330691611303525,1.0,66.49845360335871
Kirklareli,2016,2,0.5115108368726387,14.701683595369733,16,2016-02-01,0.21242336574234483,0.5753886864834776,-0.9936178652089842,19.635445314150193,82.40111493836164,23.91655731471623,1.0,82.40111493836164
Kirklareli,2016,3,0.5675608513506132,16.39516133339606,23,2016-03-01,0.23724717643922016,0.5931892859181188,3.7975030475724805,35.94484140280584,92.79983067891972,60.81274864308395,1.0,92.79983067891972
Kirklareli,2016,4,0.6999090096739984,28.45298563315083,22,2016-04-01,0.28418740768690265,0.6999090096739984,6.184823859460349,28.860975513722845,100.0,1.7992024695924238,1.0,100.0
Kirklareli,2016,5,0.5915782641850318,26.19569835085946,25,2016-05-01,0.4534802277094651,0.7000804440146302,12.181477165828097,37.66463367081892,56.00077670032206,45.005944682375976,1.0,56.00077670032206
Kirklareli,2016,6,0.5593341501551962,38.426154359500536,21,2016-06-01,0.31855919093684887,0.7635793635851492,28.555355184881762,45.330319717212646,54.10427976455617,41.15755562049331,1.0,54.10427976455617
Kirklareli,2016,7,0.45500193088729207,40.26165034208791,28,2016-07-01,0.25743971142297445,0.6420665244564693,29.746321991304253,47.794908819947345,51.36465081728795,41.73877184613789,1.0,51.36465081728795
Kirklareli,2016,8,0.3992537430713911,39.48381235186859,28,2016-08-01,0.2506241954359248,0.5932115534046041,32.278102419437786,45.240457508895474,43.38442274015687,44.41048804247596,1.0,43.38442274015687
Kirklareli,2016,9,0.3987173648557366,34.051242021564974,23,2016-09-01,0.23123505398808003,0.4604263935315683,25.16473562127028,41.17652697901332,73.07532265453573,44.500236096335804,1.0,73.07532265453573
Kirklareli,2016,10,0.31322748234805897,26.515972256576266,24,2016-10-01,0.18899908851427108,0.5435990278122258,18.621679500609112,31.896861615883115,35.03339399316824,40.53345040830565,1.0,35.03339399316824
Kirklareli,2016,11,0.3008831779951996,16.200603833393263,27,2016-11-01,0.20830657195174446,0.9303729307923922,-6.00568848203462,20.39563180552142,12.821066223344964,15.889462823968822,1.0,12.821066223344964
Kirklareli,2016,12,0.4220522174021769,6.723715394556743,22,2016-12-01,-0.17230462166769206,0.5661061663459706,-9.526207233348547,12.921159518974873,80.49135369063322,27.60878009790018,1.0,80.49135369063322
Kirklareli,2017,1,0.32271542424987887,1.75411838876643,24,2017-01-01,0.13970595833189764,0.6078714815700815,-6.425527477755359,11.526449097523706,39.090761030874404,54.435959560098546,1.0,39.090761030874404
Kirklareli,2017,2,0.32149777531359636,7.327337967102824,18,2017-02-01,0.21242336574234483,0.5753886864834776,-0.9936178652089842,19.635445314150193,30.050917632718832,59.66391803658099,1.0,30.050917632718832
Kirklareli,2017,3,0.51419842429326,16.682124614157186,20,2017-03-01,0.23724717643922016,0.5931892859181188,3.7975030475724805,35.94484140280584,77.80794698876683,59.92009844109791,1.0,77.80794698876683
Kirklareli,2017,4,0.6826203272955808,25.082207930680333,26,2017-04-01,0.28418740768690265,0.6999090096739984,6.184823859460349,28.860975513722845,95.84128361485668,16.66406028966651,1.0,95.84128361485668
Kirklareli,2017,5,0.568793327292157,32.19569854445009,25,2017-05-01,0.4534802277094651,0.7000804440146302,12.181477165828097,37.66463367081892,46.76115102834833,21.460980021441824,1.0,46.76115102834833
Kirklareli,2017,6,0.5312717474565587,38.62002226557134,26,2017-06-01,0.31855919093684887,0.7635793635851492,28.555355184881762,45.330319717212646,47.79840771124249,40.00185776076217,1.0,47.79840771124249
Kirklareli,2017,7,0.49809002091048327,37.2298127784325,24,2017-07-01,0.25743971142297445,0.6420665244564693,29.746321991304253,47.794908819947345,62.567221351401734,58.536971020623305,1.0,62.567221351401734
Kirklareli,2017,8,0.4671556311402532,39.09516135005934,26,2017-08-01,0.2506241954359248,0.5932115534046041,32.278102419437786,45.240457508895474,63.204736154953096,47.40879351341111,1.0,63.204736154953096
Kirklareli,2017,9,0.36762155234485905,36.4979278835276,28,2017-09-01,0.23123505398808003,0.4604263935315683,25.16473562127028,41.17652697901332,59.50770156867125,29.21971059298885,1.0,59.50770156867125
Kirklareli,2017,10,0.3402897499642854,26.66306872222353,27,2017-10-01,0.18899908851427108,0.5435990278122258,18.621679500609112,31.896861615883115,42.66516845703446,39.42539430504496,1.0,42.66516845703446
Kirklareli,2017,11,0.40255753036505765,13.9486065463946,25,2017-11-01,0.20830657195174446,0.9303729307923922,-6.00568848203462,20.39563180552142,26.902092312568502,24.41932899153361,1.0,26.902092312568502
Kirklareli,2017,12,0.48032663757962685,4.443951745707603,22,2017-12-01,-0.17230462166769206,0.5661061663459706,-9.526207233348547,12.921159518974873,88.3832237883344,37.76482055468638,1.0,88.3832237883344
Kirklareli,2018,1,0.5583572630819355,4.9731242746711795,22,2018-01-01,0.13970595833189764,0.6078714815700815,-6.425527477755359,11.526449097523706,89.42377940484198,36.50475364298794,1.0,89.42377940484198
Kirklareli,2018,2,0.48520360852368,11.467747026535815,16,2018-02-01,0.21242336574234483,0.5753886864834776,-0.9936178652089842,19.635445314150193,75.15325216865065,39.5931614373392,1.0,75.15325216865065
Kirklareli,2018,3,0.5676982710423972,15.800931393701482,22,2018-03-01,0.23724717643922016,0.5931892859181188,3.7975030475724805,35.94484140280584,92.83843799402082,62.66120630738027,1.0,92.83843799402082
Kirklareli,2018,4,0.5585631067732908,28.860975513722845,26,2018-04-01,0.28418740768690265,0.6999090096739984,6.184823859460349,28.860975513722845,65.9998657214125,0.0,1.0,65.9998657214125
Kirklareli,2018,5,0.5039191200494892,32.907124424761825,23,2018-05-01,0.4534802277094651,0.7000804440146302,12.181477165828097,37.66463367081892,20.45370969083277,18.669230576382283,1.0,20.45370969083277
Kirklareli,2018,6,0.44004882438815834,33.59223771161991,26,2018-06-01,0.31855919093684887,0.7635793635851492,28.555355184881762,45.330319717212646,27.29980367593871,69.97381116943399,1.0,27.29980367593871
Kirklareli,2018,7,0.6420665244564693,34.897527594087116,28,2018-07-01,0.25743971142297445,0.6420665244564693,29.746321991304253,47.794908819947345,100.0,71.45923028938806,1.0,100.0
Kirklareli,2018,8,0.5838298519696794,36.711690106876866,28,2018-08-01,0.2506241954359248,0.5932115534046041,32.278102419437786,45.240457508895474,97.26151557647893,65.79643392854648,1.0,97.26151557647893
Kirklareli,2018,9,0.3977298671404511,34.554774310056374,26,2018-09-01,0.23123505398808003,0.4604263935315683,25.16473562127028,41.17652697901332,72.64446094865608,41.35547685459176,1.0,72.64446094865608
Kirklareli,2018,10,0.3347633411758992,27.356980999063822,23,2018-10-01,0.18899908851427108,0.5435990278122258,18.621679500609112,31.896861615883115,41.10667727417426,34.198254889444044,1.0,41.10667727417426
Kirklareli,2018,11,0.9303729307923922,6.281840794192216,21,2018-11-01,0.20830657195174446,0.9303729307923922,-6.00568848203462,20.39563180552142,100.0,53.458656073278185,1.0,100.0
Kirklareli,2018,12,0.34213236608295344,-0.5234347703000162,13,2018-12-01,-0.17230462166769206,0.5661061663459706,-9.526207233348547,12.921159518974873,69.66813000315037,59.89385943401715,1.0,69.66813000315037
Kirklareli,2019,1,0.33269411161422624,8.691705442130713,14,2019-01-01,0.13970595833189764,0.6078714815700815,-6.425527477755359,11.526449097523706,41.222205331883,15.790704959456123,1.0,41.222205331883
Kirklareli,2019,2,0.3596204252290872,14.927118412447427,22,2019-02-01,0.21242336574234483,0.5753886864834776,-0.9936178652089842,19.635445314150193,40.554028463706445,22.823755304670236,1.0,40.554028463706445
Kirklareli,2019,3,0.4630600323876318,18.590241380144505,24,2019-03-01,0.23724717643922016,0.5931892859181188,3.7975030475724805,35.94484140280584,63.44089387990733,53.98456267480113,1.0,63.44089387990733
Kirklareli,2019,4,0.4861057933174375,25.83119119687901,19,2019-04-01,0.28418740768690265,0.6999090096739984,6.184823859460349,28.860975513722845,48.570578162258336,13.361104490030685,1.0,48.570578162258336
Kirklareli,2019,5,0.545607808944404,29.519050152393557,28,2019-05-01,0.4534802277094651,0.7000804440146302,12.181477165828097,37.66463367081892,37.359083708560895,31.964578315994995,1.0,37.359083708560895
Kirklareli,2019,6,0.5288055077870503,36.16836493476345,27,2019-06-01,0.31855919093684887,0.7635793635851492,28.555355184881762,45.330319717212646,47.24422167180254,54.61683549190872,1.0,47.24422167180254
Kirklareli,2019,7,0.5495447425030943,39.540711692426,26,2019-07-01,0.25743971142297445,0.6420665244564693,29.746321991304253,47.794908819947345,75.94505145814733,45.733204521153645,1.0,75.94505145814733
Kirklareli,2019,8,0.45271203299552765,40.86433295452619,26,2019-08-01,0.2506241954359248,0.5932115534046041,32.278102419437786,45.240457508895474,58.9887025481187,33.76025825683787,1.0,58.9887025481187
Kirklareli,2019,9,0.3652807843880253,33.81644184528317,22,2019-09-01,0.23123505398808003,0.4604263935315683,25.16473562127028,41.17652697901332,58.48638550956703,45.96665650511946,1.0,58.48638550956703
Kirklareli,2019,10,0.3353141957683956,29.747118289134956,27,2019-10-01,0.18899908851427108,0.5435990278122258,18.621679500609112,31.896861615883115,41.26202264552064,16.19370120937725,1.0,41.26202264552064
Kirklareli,2019,11,0.5109385257251221,20.39563180552142,26,2019-11-01,0.20830657195174446,0.9303729307923922,-6.00568848203462,20.39563180552142,41.91193095594213,0.0,1.0,41.91193095594213
Kirklareli,2019,12,0.5661061663459706,6.464577852152663,21,2019-12-01,-0.17230462166769206,0.5661061663459706,-9.526207233348547,12.921159518974873,100.0,28.76320299864981,1.0,100.0
Kirklareli,2020,1,0.4880917638451315,7.418876926685072,22,2020-01-01,0.13970595833189764,0.6078714815700815,-6.425527477755359,11.526449097523706,74.41509214594366,22.880890879141432,1.0,74.41509214594366
Kirklareli,2020,2,0.4856639666737517,7.887553007610921,18,2020-02-01,0.21242336574234483,0.5753886864834776,-0.9936178652089842,19.635445314150193,75.28008471263357,56.94825889279286,1.0,75.28008471263357
Kirklareli,2020,3,0.550027614102321,14.68425388270139,22,2020-03-01,0.23724717643922016,0.5931892859181188,3.7975030475724805,35.94484140280584,87.87396302196818,66.13482984243197,1.0,87.87396302196818
Kirklareli,2020,4,0.5657514577211652,28.542772524622233,25,2020-04-01,0.28418740768690265,0.6999090096739984,6.184823859460349,28.860975513722845,67.72899187543362,1.4032495193724766,1.0,67.72899187543362
Kirklareli,2020,5,0.5731477841249512,29.671734937937035,25,2020-05-01,0.4534802277094651,0.7000804440146302,12.181477165828097,37.66463367081892,48.526947059689,31.365418688679693,1.0,48.526947059689
Kirklareli,2020,6,0.587891652279484,30.239165608825484,26,2020-06-01,0.31855919093684887,0.7635793635851492,28.555355184881762,45.330319717212646,60.5214050724592,89.96236075075768,1.0,60.5214050724592
Kirklareli,2020,7,0.4837033891009197,39.296023807489064,25,2020-07-01,0.25743971142297445,0.6420665244564693,29.746321991304253,47.794908819947345,58.826808223128566,47.08892221395726,1.0,58.826808223128566
Kirklareli,2020,8,0.3481814904867299,39.231854928811515,26,2020-08-01,0.2506241954359248,0.5932115534046041,32.278102419437786,45.240457508895474,28.476618527098193,46.35425074083003,1.0,28.476618527098193
Kirklareli,2020,9,0.3046508361035094,41.17652697901332,28,2020-09-01,0.23123505398808003,0.4604263935315683,25.16473562127028,41.17652697901332,32.03252891739349,0.0,1.0,32.03252891739349
Kirklareli,2020,10,0.41581282645087264,26.45266987499472,27,2020-10-01,0.18899908851427108,0.5435990278122258,18.621679500609112,31.896861615883115,63.9632760190689,41.01029796513662,1.0,63.9632760190689
Kirklareli,2020,11,0.35241596448301793,13.643710266706133,19,2020-11-01,0.20830657195174446,0.9303729307923922,-6.00568848203462,20.39563180552142,19.957915331030797,25.57418138666999,1.0,19.957915331030797
Kirklareli,2020,12,0.4156627715749323,12.045291117397555,11,2020-12-01,-0.17230462166769206,0.5661061663459706,-9.526207233348547,12.921159518974873,79.62605676770603,3.901875936012231,1.0,79.62605676770603
Kirklareli,2021,1,0.5344682205874101,1.7319605057723741,16,2021-01-01,0.13970595833189764,0.6078714815700815,-6.425527477755359,11.526449097523706,84.32108787615127,54.55938821376874,1.0,84.32108787615127
Kirklareli,2021,2,0.5276990856999462,10.754259021356978,25,2021-02-01,0.21242336574234483,0.5753886864834776,-0.9936178652089842,19.635445314150193,86.86111370470466,43.05181585598837,1.0,86.86111370470466
Kirklareli,2021,3,0.5180035143849951,15.1110895876165,25,2021-03-01,0.23724717643922016,0.5931892859181188,3.7975030475724805,35.94484140280584,78.87696635747984,64.80708164692507,1.0,78.87696635747984
Kirklareli,2021,4,0.5960397860016602,22.714915152231494,24,2021-04-01,0.28418740768690265,0.6999090096739984,6.184823859460349,28.860975513722845,75.01471581561874,27.103630524256346,1.0,75.01471581561874
Kirklareli,2021,5,0.5849314113022112,27.436782578593323,24,2021-05-01,0.4534802277094651,0.7000804440146302,12.181477165828097,37.66463367081892,53.30538049085757,40.13573079230783,1.0,53.30538049085757
Kirklareli,2021,6,0.5366736743013122,30.07102078142981,25,2021-06-01,0.31855919093684887,0.7635793635851492,28.555355184881762,45.330319717212646,49.01226882962883,90.96471653560364,1.0,49.01226882962883
Kirklareli,2021,7,0.49622898772993207,40.59619870999739,28,2021-07-01,0.25743971142297445,0.6420665244564693,29.746321991304253,47.794908819947345,62.083367101648975,39.88517316228665,1.0,62.083367101648975
Kirklareli,2021,8,0.4243929457748539,40.9876881767133,28,2021-08-01,0.2506241954359248,0.5932115534046041,32.278102419437786,45.240457508895474,50.72246429911048,32.808616203092306,1.0,50.72246429911048
Kirklareli,2021,9,0.36690133764684574,29.91844899287989,27,2021-09-01,0.23123505398808003,0.4604263935315683,25.16473562127028,41.17652697901332,59.19345989643013,70.31117090274357,1.0,59.19345989643013
Kirklareli,2021,10,0.32230317404967573,22.267878244086475,23,2021-10-01,0.18899908851427108,0.5435990278122258,18.621679500609112,31.896861615883115,37.59281115482513,72.53371959935554,1.0,37.59281115482513
Kirklareli,2021,11,0.33917476390189105,10.762596816595881,25,2021-11-01,0.20830657195174446,0.9303729307923922,-6.00568848203462,20.39563180552142,18.124122575142405,36.48694415281177,1.0,18.124122575142405
Kirklareli,2021,12,0.4284150626034563,8.829460705665946,38,2021-12-01,-0.17230462166769206,0.5661061663459706,-9.526207233348547,12.921159518974873,81.3530481978865,18.22796793252115,1.0,81.3530481978865
Kirklareli,2022,1,0.6078714815700815,3.0732607379173427,32,2022-01-01,0.13970595833189764,0.6078714815700815,-6.425527477755359,11.526449097523706,100.0,47.08778626219301,1.0,100.0
Kirklareli,2022,2,0.41971446627126285,5.859779040512122,34,2022-02-01,0.21242336574234483,0.5753886864834776,-0.9936178652089842,19.635445314150193,57.11044242619482,66.77795377262495,1.0,57.11044242619482
Kirklareli,2022,3,0.41035929367291196,14.554526365108591,27,2022-03-01,0.23724717643922016,0.5931892859181188,3.7975030475724805,35.94484140280584,48.63490793127258,66.53837030403812,1.0,48.63490793127258
Kirklareli,2022,4,0.4912082651415805,27.220407543696023,26,2022-04-01,0.28418740768690265,0.6999090096739984,6.184823859460349,28.860975513722845,49.797955281886914,7.234772438640135,1.0,49.797955281886914
Kirklareli,2022,5,0.6201103920544963,27.67433304724668,35,2022-05-01,0.4534802277094651,0.7000804440146302,12.181477165828097,37.66463367081892,67.57097250021391,39.20354459077965,1.0,67.57097250021391
Kirklareli,2022,6,0.7635793635851492,31.990305672653314,42,2022-06-01,0.31855919093684887,0.7635793635851492,28.555355184881762,45.330319717212646,100.0,79.52335171170543,1.0,100.0
Kirklareli,2022,7,0.47986885369732507,39.6507990347959,45,2022-07-01,0.25743971142297445,0.6420665244564693,29.746321991304253,47.794908819947345,57.829858641441255,45.12325459313384,1.0,57.829858641441255
Kirklareli,2022,8,0.42088389860004005,39.15910884100018,39,2022-08-01,0.2506241954359248,0.5932115534046041,32.278102419437786,45.240457508895474,49.69818623011801,46.91546116369907,1.0,49.69818623011801
Kirklareli,2022,9,0.4604263935315683,30.365374170935365,37,2022-09-01,0.23123505398808003,0.4604263935315683,25.16473562127028,41.17652697901332,100.0,67.51994556093099,1.0,100.0
Kirklareli,2022,10,0.5435990278122258,24.974829096249998,42,2022-10-01,0.18899908851427108,0.5435990278122258,18.621679500609112,31.896861615883115,100.0,52.14265581840001,1.0,100.0
Kirklareli,2022,11,0.2929249383813132,19.173572516778286,39,2022-11-01,0.20830657195174446,0.9303729307923922,-6.00568848203462,20.39563180552142,11.71891826748892,4.628780967894003,1.0,11.71891826748892
Kirklareli,2022,12,0.3686529328980604,7.6214754203556625,22,2022-12-01,-0.17230462166769206,0.5661061663459706,-9.526207233348547,12.921159518974873,73.25970358869449,23.609379920122105,1.0,73.25970358869449
Kirklareli,2023,1,0.45953670752503184,11.407869239549795,23,2023-01-01,0.13970595833189764,0.6078714815700815,-6.425527477755359,11.526449097523706,68.31574161654298,0.6605392864493957,1.0,68.31574161654298
Kirklareli,2023,2,0.45979993645247325,12.029167316115633,21,2023-02-01,0.21242336574234483,0.5753886864834776,-0.9936178652089842,19.635445314150193,68.1543267563453,36.87165981267231,1.0,68.1543267563453
Kirklareli,2023,3,0.5931892859181188,19.269439159373864,20,2023-03-01,0.23724717643922016,0.5931892859181188,3.7975030475724805,35.94484140280584,100.0,51.871797469408044,1.0,100.0
Kirklareli,2023,4,0.5742806352490389,19.322269923277975,20,2023-04-01,0.28418740768690265,0.6999090096739984,6.184823859460349,28.860975513722845,69.78064795659596,42.064922372539584,1.0,69.78064795659596
Kirklareli,2023,5,0.6042029239373152,28.990270144270745,25,2023-05-01,0.4534802277094651,0.7000804440146302,12.181477165828097,37.66463367081892,61.12026116040888,34.03959601648768,1.0,61.12026116040888
Kirklareli,2023,6,0.4748802629238909,39.751965177520525,23,2023-06-01,0.31855919093684887,0.7635793635851492,28.555355184881762,45.330319717212646,35.1267384255371,33.2540467012064,1.0,35.1267384255371
Kirklareli,2023,7,0.5047923148937749,40.912737939861145,26,2023-07-01,0.25743971142297445,0.6420665244564693,29.746321991304253,47.794908819947345,64.30976600928234,38.131355908509136,1.0,64.30976600928234
Kirklareli,2023,8,0.49631493554545264,40.84309612290929,28,2023-08-01,0.2506241954359248,0.5932115534046041,32.278102419437786,45.240457508895474,71.7162307349327,33.92409292631222,1.0,71.7162307349327
Kirklareli,2023,9,0.3594569128271267,36.17566796947468,27,2023-09-01,0.23123505398808003,0.4604263935315683,25.16473562127028,41.17652697901332,55.94533331601609,31.232351820024835,1.0,55.94533331601609
Kirklareli,2023,10,0.29065863353437493,31.896861615883115,28,2023-10-01,0.18899908851427108,0.5435990278122258,18.621679500609112,31.896861615883115,28.66879932956892,0.0,1.0,28.66879932956892
Kirklareli,2023,11,0.5654182354591243,15.70176717966796,24,2023-11-01,0.20830657195174446,0.9303729307923922,-6.00568848203462,20.39563180552142,49.45690366751881,17.77890111073671,1.0,49.45690366751881
Kirklareli,2023,12,0.3784102442167439,9.497809161710865,13,2023-12-01,-0.17230462166769206,0.5661061663459706,-9.526207233348547,12.921159518974873,74.58109697528502,15.250565445096912,1.0,74.58109697528502
Kirklareli,2024,1,0.48963003406060757,9.595156435392969,15,2024-01-01,0.13970595833189764,0.6078714815700815,-6.425527477755359,11.526449097523706,74.7436661521704,10.758105961380549,1.0,74.7436661521704
Kirklareli,2024,2,0.5753886864834776,11.897699503020117,24,2024-02-01,0.21242336574234483,0.5753886864834776,-0.9936178652089842,19.635445314150193,100.0,37.50895396390192,1.0,100.0
Kirklareli,2024,3,0.5861978410031603,19.02376389295269,22,2024-03-01,0.23724717643922016,0.5931892859181188,3.7975030475724805,35.94484140280584,98.03579157150187,52.63601397687259,1.0,98.03579157150187
Kirklareli,2024,4,0.590303761965467,27.972993028354942,23,2024-04-01,0.28418740768690265,0.6999090096739984,6.184823859460349,28.860975513722845,73.634940502338,3.9159311461077957,1.0,73.634940502338
Kirklareli,2024,5,0.5846156985115962,27.20708343710832,22,2024-05-01,0.4534802277094651,0.7000804440146302,12.181477165828097,37.66463367081892,53.17735432958923,41.03710712471005,1.0,53.17735432958923
Kirklareli,2024,6,0.45160896628673447,41.881148836864,26,2024-06-01,0.31855919093684887,0.7635793635851492,28.555355184881762,45.330319717212646,29.89747061534554,20.561419809269683,1.0,29.89747061534554
Kirklareli,2024,7,0.36447858332915267,45.150662753929915,28,2024-07-01,0.25743971142297445,0.6420665244564693,29.746321991304253,47.794908819947345,27.82927977952927,14.65070972659762,1.0,27.82927977952927
Kirklareli,2024,8,0.37044482234081255,45.240457508895474,28,2024-08-01,0.2506241954359248,0.5932115534046041,32.278102419437786,45.240457508895474,34.975203876566354,0.0,1.0,34.975203876566354
Kirklareli,2024,9,0.3105238648379384,36.20395758042947,26,2024-09-01,0.23123505398808003,0.4604263935315683,25.16473562127028,41.17652697901332,34.595029204763485,31.05567195752397,1.0,34.595029204763485
Kirklareli,2024,10,0.3073903897123463,28.353013299484992,26,2024-10-01,0.18899908851427108,0.5435990278122258,18.621679500609112,31.896861615883115,33.38728749713524,26.695289643677906,1.0,33.38728749713524
Kirklareli,2024,11,0.30759937304057516,15.969326385255478,19,2024-11-01,0.20830657195174446,0.9303729307923922,-6.00568848203462,20.39563180552142,13.751201655240603,16.765469953986464,1.0,13.751201655240603
Kirklareli,2024,12,0.34780136984951626,12.921159518974873,15,2024-12-01,-0.17230462166769206,0.5661061663459706,-9.526207233348547,12.921159518974873,70.43586035847368,0.0,1.0,70.43586035847368
Luleburgaz,1985,1,,,5,1985-01-01,0.1604679638108805,0.5589896093008915,-6.58822835032347,12.325756949266282,,,1.0,
Luleburgaz,1985,2,,,4,1985-02-01,0.10410375471515715,0.5772034390518601,-1.9261102242456578,18.675263339091867,,,1.0,
Luleburgaz,1985,3,0.33436719664249537,16.84420292717423,8,1985-03-01,0.1867906886606869,0.6405415335490338,6.284947589173722,33.82888181482781,32.52368775602439,61.66395384372598,1.0,32.52368775602439
Luleburgaz,1985,4,0.3928846926249716,23.119379244499527,3,1985-04-01,0.3425612266566765,0.6820941305430991,11.199432551528933,34.003339332304996,14.821381195246062,47.72848877360244,1.0,14.821381195246062
Luleburgaz,1985,5,,,7,1985-05-01,0.4534477000250322,0.8062169102955177,21.563091956610133,37.89093458713674,,,1.0,
Luleburgaz,1985,6,,,6,1985-06-01,0.34099110485417694,0.6568695292585218,20.665396881359225,43.24732335614233,,,1.0,
Luleburgaz,1985,7,0.4213217362279201,33.426100439020274,12,1985-07-01,0.28709914536698894,0.6727178355910103,29.38960752014333,46.93138124376155,34.807076073764954,76.98925443644153,1.0,34.807076073764954
Luleburgaz,1985,8,,,3,1985-08-01,0.21741393174608073,0.5150975419677485,30.059823087459748,46.78504940467901,,,1.0,
Luleburgaz,1985,9,0.22297031221169814,37.458501988175385,4,1985-09-01,0.21012626194084713,0.386588409360026,21.5606973170537,43.40242741199069,7.27864330039035,27.213619974148184,1.0,7.27864330039035
Luleburgaz,1985,10,0.2326492545033763,26.666101426927113,3,1985-10-01,0.18414668172638726,0.3553190998723294,17.021239231355093,32.23033632186737,28.335507146738795,36.584912712611526,1.0,28.335507146738795
Luleburgaz,1985,11,0.1862056357025402,17.76486380890832,3,1985-11-01,0.15427896691648302,0.4224067957550833,3.311875558934537,24.04805057847782,11.907256670949835,30.300606373392238,1.0,11.907256670949835
Luleburgaz,1985,12,,,2,1985-12-01,0.0723148194666472,0.5619697452959381,-1.499755021406604,14.807968294933929,,,1.0,
Luleburgaz,1986,1,,,1,1986-01-01,0.1604679638108805,0.5589896093008915,-6.58822835032347,12.325756949266282,,,1.0,
Luleburgaz,1986,2,,,6,1986-02-01,0.10410375471515715,0.5772034390518601,-1.9261102242456578,18.675263339091867,,,1.0,
Luleburgaz,1986,3,,,3,1986-03-01,0.1867906886606869,0.6405415335490338,6.284947589173722,33.82888181482781,,,1.0,
Luleburgaz,1986,4,0.606397346598267,23.07850289295832,10,1986-04-01,0.3425612266566765,0.6820941305430991,11.199432551528933,34.003339332304996,77.70561171586675,47.90774030244866,1.0,77.70561171586675
Luleburgaz,1986,5,0.5312689263583744,28.145297720237814,14,1986-05-01,0.4534477000250322,0.8062169102955177,21.563091956610133,37.89093458713674,22.060095968600223,59.68722927717616,1.0,22.060095968600223
Luleburgaz,1986,6,0.412482088461483,33.077059325483724,7,1986-06-01,0.34099110485417694,0.6568695292585218,20.665396881359225,43.24732335614233,22.632436432503205,45.03718512242783,1.0,22.632436432503205
Luleburgaz,1986,7,0.4002738502476807,37.69656598903021,10,1986-07-01,0.28709914536698894,0.6727178355910103,29.38960752014333,46.93138124376155,29.348863981396764,52.64470628929385,1.0,29.348863981396764
Luleburgaz,1986,8,0.26499844604531375,37.66136845397779,14,1986-08-01,0.21741393174608073,0.5150975419677485,30.059823087459748,46.78504940467901,15.984929188341805,54.55041849752452,1.0,15.984929188341805
Luleburgaz,1986,9,0.2418846729652143,39.87435743729824,14,1986-09-01,0.21012626194084713,0.386588409360026,21.5606973170537,43.40242741199069,17.997293747608268,16.15288697075457,1.0,17.997293747608268
Luleburgaz,1986,10,,,10,1986-10-01,0.18414668172638726,0.3553190998723294,17.021239231355093,32.23033632186737,,,1.0,
Luleburgaz,1986,11,0.2528078786084544,15.00840340478643,7,1986-11-01,0.15427896691648302,0.4224067957550833,3.311875558934537,24.04805057847782,36.746991954826484,43.59360955032338,1.0,36.746991954826484
Luleburgaz,1986,12,0.2778343873477614,7.786510227632768,8,1986-12-01,0.0723148194666472,0.5619697452959381,-1.499755021406604,14.807968294933929,41.97232725332876,43.056028920147156,1.0,41.97232725332876
Luleburgaz,1987,1,,,9,1987-01-01,0.1604679638108805,0.5589896093008915,-6.58822835032347,12.325756949266282,,,1.0,
Luleburgaz,1987,2,0.24525013354504382,2.2949735041263724,11,1987-02-01,0.10410375471515715,0.5772034390518601,-1.9261102242456578,18.675263339091867,29.834384486596573,79.5106684736598,1.0,29.834384486596573
Luleburgaz,1987,3,,,5,1987-03-01,0.1867906886606869,0.6405415335490338,6.284947589173722,33.82888181482781,,,1.0,
Luleburgaz,1987,4,0.5741260790357328,25.342278425888544,10,1987-04-01,0.3425612266566765,0.6820941305430991,11.199432551528933,34.003339332304996,68.20100488891563,37.98060126134974,1.0,68.20100488891563
Luleburgaz,1987,5,0.6230537529772446,26.581766412649724,13,1987-05-01,0.4534477000250322,0.8062169102955177,21.563091956610133,37.89093458713674,48.078473975142884,69.26308900934252,1.0,48.078473975142884
Luleburgaz,1987,6,0.5600805944684599,36.27999904562469,13,1987-06-01,0.34099110485417694,0.6568695292585218,20.665396881359225,43.24732335614233,69.35880157925386,30.853542625328913,1.0,69.35880157925386
Luleburgaz,1987,7,0.4636019546352808,36.76718711590485,12,1987-07-01,0.28709914536698894,0.6727178355910103,29.38960752014333,46.93138124376155,45.771331562210925,57.94279579705014,1.0,45.771331562210925
Luleburgaz,1987,8,0.3036229374718977,38.04020286894158,14,1987-08-01,0.21741393174608073,0.5150975419677485,30.059823087459748,46.78504940467901,28.95994363331664,52.28537043312996,1.0,28.95994363331664
Luleburgaz,1987,9,0.2486606871293337,43.40242741199069,11,1987-09-01,0.21012626194084713,0.386588409360026,21.5606973170537,43.40242741199069,21.83721877584861,0.0,1.0,21.83721877584861
Luleburgaz,1987,10,0.2307706428749443,22.017388155456157,11,1987-10-01,0.18414668172638726,0.3553190998723294,17.021239231355093,32.23033632186737,27.238010453766748,67.15025951660368,1.0,27.238010453766748
Luleburgaz,1987,11,0.21594917811041445,13.644278941121907,9,1987-11-01,0.15427896691648302,0.4224067957550833,3.311875558934537,24.04805057847782,23.00030230396333,50.17208635416436,1.0,23.00030230396333
Luleburgaz,1987,12,,,5,1987-12-01,0.0723148194666472,0.5619697452959381,-1.499755021406604,14.807968294933929,,,1.0,
Luleburgaz,1988,1,,,5,1988-01-01,0.1604679638108805,0.5589896093008915,-6.58822835032347,12.325756949266282,,,1.0,
Luleburgaz,1988,2,0.3255504180986226,6.0159058836676325,6,1988-02-01,0.10410375471515715,0.5772034390518601,-1.9261102242456578,18.675263339091867,46.80761173914943,61.4490942388084,1.0,46.80761173914943
Luleburgaz,1988,3,0.462073575262875,15.995235409947883,7,1988-03-01,0.1867906886606869,0.6405415335490338,6.284947589173722,33.82888181482781,60.66829179567174,64.74618425522482,1.0,60.66829179567174
Luleburgaz,1988,4,,,8,1988-04-01,0.3425612266566765,0.6820941305430991,11.199432551528933,34.003339332304996,,,1.0,
Luleburgaz,1988,5,0.597041960624841,32.8827992025274,12,1988-05-01,0.4534477000250322,0.8062169102955177,21.563091956610133,37.89093458713674,40.70487344678071,30.672364365186294,1.0,40.70487344678071
Luleburgaz,1988,6,0.46584537520451696,32.21844549774675,13,1988-06-01,0.34099110485417694,0.6568695292585218,20.665396881359225,43.24732335614233,39.52605202010203,48.83940203556752,1.0,39.52605202010203
Luleburgaz,1988,7,0.44303951877264525,36.631749093911424,11,1988-07-01,0.28709914536698894,0.6727178355910103,29.38960752014333,46.93138124376155,40.43900810800024,58.71488432200397,1.0,40.43900810800024
Luleburgaz,1988,8,0.3369865112022941,36.11299658882443,11,1988-08-01,0.21741393174608073,0.5150975419677485,30.059823087459748,46.78504940467901,40.16767311010995,63.808122015468875,1.0,40.16767311010995
Luleburgaz,1988,9,0.21695401962064664,36.469551970600804,13,1988-09-01,0.21012626194084713,0.386588409360026,21.5606973170537,43.40242741199069,3.8692477563363457,31.741420717386116,1.0,3.8692477563363457
Luleburgaz,1988,10,0.18414668172638726,20.598372576371844,11,1988-10-01,0.18414668172638726,0.3553190998723294,17.021239231355093,32.23033632186737,0.0,76.4803043617347,1.0,0.0
Luleburgaz,1988,11,,,5,1988-11-01,0.15427896691648302,0.4224067957550833,3.311875558934537,24.04805057847782,,,1.0,
Luleburgaz,1988,12,,,5,1988-12-01,0.0723148194666472,0.5619697452959381,-1.499755021406604,14.807968294933929,,,1.0,
Luleburgaz,1989,1,0.2277664228628078,2.2833204835299084,11,1989-01-01,0.1604679638108805,0.5589896093008915,-6.58822835032347,12.325756949266282,16.887027295387934,53.095295923457215,1.0,16.887027295387934
Luleburgaz,1989,2,0.23697396200888632,11.370673295745828,11,1989-02-01,0.10410375471515715,0.5772034390518601,-1.9261102242456578,18.675263339091867,28.08503401984222,35.45681078442936,1.0,28.08503401984222
Luleburgaz,1989,3,0.1867906886606869,11.474137387591465,8,1989-03-01,0.1867906886606869,0.6405415335490338,6.284947589173722,33.82888181482781,0.0,81.16031734644287,1.0,0.0
Luleburgaz,1989,4,0.5283301434665904,19.1069993110669,13,1989-04-01,0.3425612266566765,0.6820941305430991,11.199432551528933,34.003339332304996,54.713082203089094,65.32363144808095,1.0,54.713082203089094
Luleburgaz,1989,5,0.551482864418979,29.54630667536305,7,1989-05-01,0.4534477000250322,0.8062169102955177,21.563091956610133,37.89093458713674,27.790170326593525,51.10673896484364,1.0,27.790170326593525
Luleburgaz,1989,6,0.47720749253274175,20.665396881359225,12,1989-06-01,0.34099110485417694,0.6568695292585218,20.665396881359225,43.24732335614233,43.12304265016815,100.0,1.0,43.12304265016815
Luleburgaz,1989,7,0.4959977060714678,34.98225271885131,10,1989-07-01,0.28709914536698894,0.6727178355910103,29.38960752014333,46.93138124376155,54.17231218308463,68.1181316848361,1.0,54.17231218308463
Luleburgaz,1989,8,0.3140679788431592,37.42251844672969,13,1989-08-01,0.21741393174608073,0.5150975419677485,30.059823087459748,46.78504940467901,32.468716374779845,55.97850086076404,1.0,32.468716374779845
Luleburgaz,1989,9,0.24985640068354792,35.267581309061605,14,1989-09-01,0.21012626194084713,0.386588409360026,21.5606973170537,43.40242741199069,22.514822200550135,37.24451345003472,1.0,22.514822200550135
Luleburgaz,1989,10,0.23886833498588228,24.36221381415978,8,1989-10-01,0.18414668172638726,0.3553190998723294,17.021239231355093,32.23033632186737,31.968732960726864,51.73300203741795,1.0,31.968732960726864
Luleburgaz,1989,11,,,6,1989-11-01,0.15427896691648302,0.4224067957550833,3.311875558934537,24.04805057847782,,,1.0,
Luleburgaz,1989,12,,,3,1989-12-01,0.0723148194666472,0.5619697452959381,-1.499755021406604,14.807968294933929,,,1.0,
Luleburgaz,1990,1,,,3,1990-01-01,0.1604679638108805,0.5589896093008915,-6.58822835032347,12.325756949266282,,,1.0,
Luleburgaz,1990,2,0.3728866162309438,11.110729790939786,8,1990-02-01,0.10410375471515715,0.5772034390518601,-1.9261102242456578,18.675263339091867,56.81315596154469,36.71858832565429,1.0,56.81315596154469
Luleburgaz,1990,3,0.36455785714071925,6.284947589173722,10,1990-03-01,0.1867906886606869,0.6405415335490338,6.284947589173722,33.82888181482781,39.1772644574965,100.0,1.0,39.1772644574965
Luleburgaz,1990,4,,,5,1990-04-01,0.3425612266566765,0.6820941305430991,11.199432551528933,34.003339332304996,,,1.0,
Luleburgaz,1990,5,0.6089480838108489,22.819261790160187,14,1990-05-01,0.4534477000250322,0.8062169102955177,21.563091956610133,37.89093458713674,44.07991946536005,92.30657802151086,1.0,44.07991946536005
Luleburgaz,1990,6,0.47329714864995664,33.400759652798676,12,1990-06-01,0.34099110485417694,0.6568695292585218,20.665396881359225,43.24732335614233,41.88511578315947,43.60373644090624,1.0,41.88511578315947
Luleburgaz,1990,7,0.3664218571920449,38.97124313967659,14,1990-07-01,0.28709914536698894,0.6727178355910103,29.38960752014333,46.93138124376155,20.570245643169997,45.37818255726012,1.0,20.570245643169997
Luleburgaz,1990,8,0.2484859895394594,36.502165534212814,12,1990-08-01,0.21741393174608073,0.5150975419677485,30.059823087459748,46.78504940467901,10.437947111109382,61.48128387285003,1.0,10.437947111109382
Luleburgaz,1990,9,0.23616533736051099,40.024093728012446,12,1990-09-01,0.21012626194084713,0.386588409360026,21.5606973170537,43.40242741199069,14.756181878377046,15.467335551231631,1.0,14.756181878377046
Luleburgaz,1990,10,0.2792898774498111,17.659424338620767,11,1990-10-01,0.18414668172638726,0.3553190998723294,17.021239231355093,32.23033632186737,55.58325152730182,95.80392508859855,1.0,55.58325152730182
Luleburgaz,1990,11,0.30541777026740097,11.298692313216492,12,1990-11-01,0.15427896691648302,0.4224067957550833,3.311875558934537,24.04805057847782,56.368189756944645,61.48365478804748,1.0,56.368189756944645
Luleburgaz,1990,12,,,1,1990-12-01,0.0723148194666472,0.5619697452959381,-1.499755021406604,14.807968294933929,,,1.0,
Luleburgaz,1991,1,,,6,1991-01-01,0.1604679638108805,0.5589896093008915,-6.58822835032347,12.325756949266282,,,1.0,
Luleburgaz,1991,2,,,3,1991-02-01,0.10410375471515715,0.5772034390518601,-1.9261102242456578,18.675263339091867,,,1.0,
Luleburgaz,1991,3,,,9,1991-03-01,0.1867906886606869,0.6405415335490338,6.284947589173722,33.82888181482781,,,1.0,
Luleburgaz,1991,4,0.6820941305430991,25.210936872885746,11,1991-04-01,0.3425612266566765,0.6820941305430991,11.199432551528933,34.003339332304996,100.0,38.556562013449984,1.0,100.0
Luleburgaz,1991,5,0.7102289967789531,25.509972013448557,11,1991-05-01,0.4534477000250322,0.8062169102955177,21.563091956610133,37.89093458713674,72.79016685073907,75.8273021969276,1.0,72.79016685073907
Luleburgaz,1991,6,0.5527151369300731,32.00639956619192,12,1991-06-01,0.34099110485417694,0.6568695292585218,20.665396881359225,43.24732335614233,67.02706348974176,49.77840930667711,1.0,67.02706348974176
Luleburgaz,1991,7,0.3650106727206491,36.654294064749735,11,1991-07-01,0.28709914536698894,0.6727178355910103,29.38960752014333,46.93138124376155,20.20429230450376,58.58636270729429,1.0,20.20429230450376
Luleburgaz,1991,8,0.27309578783821403,37.67367689696224,12,1991-08-01,0.21741393174608073,0.5150975419677485,30.059823087459748,46.78504940467901,18.705045954888224,54.47682641122924,1.0,18.705045954888224
Luleburgaz,1991,9,0.2457851018336941,36.61567570767858,10,1991-09-01,0.21012626194084713,0.386588409360026,21.5606973170537,43.40242741199069,20.207642496915103,31.072408984145973,1.0,20.207642496915103
Luleburgaz,1991,10,0.21875374343432888,25.128645919224475,10,1991-10-01,0.18414668172638726,0.3553190998723294,17.021239231355093,32.23033632186737,20.21766244982035,46.693701541777024,1.0,20.21766244982035
Luleburgaz,1991,11,,,11,1991-11-01,0.15427896691648302,0.4224067957550833,3.311875558934537,24.04805057847782,,,1.0,
Luleburgaz,1991,12,0.25020794384519157,6.290959533114535,3,1991-12-01,0.0723148194666472,0.5619697452959381,-1.499755021406604,14.807968294933929,36.330304260140025,52.226841212625004,1.0,36.330304260140025
Luleburgaz,1992,1,,,6,1992-01-01,0.1604679638108805,0.5589896093008915,-6.58822835032347,12.325756949266282,,,1.0,
Luleburgaz,1992,2,,,12,1992-02-01,0.10410375471515715,0.5772034390518601,-1.9261102242456578,18.675263339091867,,,1.0,
Luleburgaz,1992,3,0.2920376459074424,18.80123282730375,8,1992-03-01,0.1867906886606869,0.6405415335490338,6.284947589173722,33.82888181482781,23.194878518111263,54.55883267949242,1.0,23.194878518111263
Luleburgaz,1992,4,0.5723916622665738,15.558793424916121,10,1992-04-01,0.3425612266566765,0.6820941305430991,11.199432551528933,34.003339332304996,67.69018053307083,80.88327182137853,1.0,67.69018053307083
Luleburgaz,1992,5,0.569588933026584,28.57629395877432,13,1992-05-01,0.4534477000250322,0.8062169102955177,21.563091956610133,37.89093458713674,32.92272387164985,57.04758944055308,1.0,32.92272387164985
Luleburgaz,1992,6,0.45789286089528125,31.001095760852763,12,1992-06-01,0.34099110485417694,0.6568695292585218,20.665396881359225,43.24732335614233,37.00846496925111,54.230216403214065,1.0,37.00846496925111
Luleburgaz,1992,7,0.47717350692223004,29.38960752014333,13,1992-07-01,0.28709914536698894,0.6727178355910103,29.38960752014333,46.93138124376155,49.290754409445064,100.0,1.0,49.290754409445064
Luleburgaz,1992,8,0.30694290481835124,39.403543698253614,11,1992-08-01,0.21741393174608073,0.5150975419677485,30.059823087459748,46.78504940467901,30.075210726449956,44.133966060751305,1.0,30.075210726449956
Luleburgaz,1992,9,0.23221151825128689,31.124994947980316,14,1992-09-01,0.21012626194084713,0.386588409360026,21.5606973170537,43.40242741199069,12.515577212135533,56.21089726246704,1.0,12.515577212135533
Luleburgaz,1992,10,0.24511862158958253,24.304855733625562,9,1992-10-01,0.18414668172638726,0.3553190998723294,17.021239231355093,32.23033632186737,35.62018958639142,52.11013212076786,1.0,35.62018958639142
Luleburgaz,1992,11,0.28630941158796486,11.063327872890804,10,1992-11-01,0.15427896691648302,0.4224067957550833,3.311875558934537,24.04805057847782,49.24160436586299,62.61869748567066,1.0,49.24160436586299
Luleburgaz,1992,12,0.182411639481278,3.437874946774811,10,1992-12-01,0.0723148194666472,0.5619697452959381,-1.499755021406604,14.807968294933929,22.484573156936648,69.72213795635194,1.0,22.484573156936648
Luleburgaz,1993,1,,,5,1993-01-01,0.1604679638108805,0.5589896093008915,-6.58822835032347,12.325756949266282,,,1.0,
Luleburgaz,1993,2,0.31362493307085115,9.052796288255223,11,1993-02-01,0.10410375471515715,0.5772034390518601,-1.9261102242456578,18.675263339091867,44.28689878528405,46.70789072026203,1.0,44.28689878528405
Luleburgaz,1993,3,,,9,1993-03-01,0.1867906886606869,0.6405415335490338,6.284947589173722,33.82888181482781,,,1.0,
Luleburgaz,1993,4,0.6044817952785984,19.320845773339865,8,1993-04-01,0.3425612266566765,0.6820941305430991,11.199432551528933,34.003339332304996,77.14143920187985,64.38586905355459,1.0,77.14143920187985
Luleburgaz,1993,5,0.6403399841680659,24.823335417550062,11,1993-05-01,0.4534477000250322,0.8062169102955177,21.563091956610133,37.89093458713674,52.97862701785517,80.03261340328842,1.0,52.97862701785517
Luleburgaz,1993,6,0.5559442527611118,32.66811679422667,12,1993-06-01,0.34099110485417694,0.6568695292585218,20.665396881359225,43.24732335614233,68.04932888730029,46.84811357316791,1.0,68.04932888730029
Luleburgaz,1993,7,0.28709914536698894,44.871261889434,10,1993-07-01,0.28709914536698894,0.6727178355910103,29.38960752014333,46.93138124376155,0.0,11.744076664002371,1.0,0.0
Luleburgaz,1993,8,0.23178695902910115,30.059823087459748,14,1993-08-01,0.21741393174608073,0.5150975419677485,30.059823087459748,46.78504940467901,4.82828976453143,100.0,1.0,4.82828976453143
Luleburgaz,1993,9,0.2275267624137213,43.13768867479367,11,1993-09-01,0.21012626194084713,0.386588409360026,21.5606973170537,43.40242741199069,9.860755253952549,1.2120776881973683,1.0,9.860755253952549
Luleburgaz,1993,10,0.19793145416119104,30.436421610126175,7,1993-10-01,0.18414668172638726,0.3553190998723294,17.021239231355093,32.23033632186737,8.053150492418023,11.795011242713894,1.0,8.053150492418023
Luleburgaz,1993,11,0.21939450692286083,14.714932071243986,9,1993-11-01,0.15427896691648302,0.4224067957550833,3.311875558934537,24.04805057847782,24.285259865947808,45.00887216874676,1.0,24.285259865947808
Luleburgaz,1993,12,0.2054784192937348,7.394659304685981,6,1993-12-01,0.0723148194666472,0.5619697452959381,-1.499755021406604,14.807968294933929,27.195396758555763,45.45888378434606,1.0,27.195396758555763
Luleburgaz,1994,1,0.2345707798942587,-6.58822835032347,10,1994-01-01,0.1604679638108805,0.5589896093008915,-6.58822835032347,12.325756949266282,18.594426908044973,100.0,1.0,18.594426908044973
Luleburgaz,1994,2,,,1,1994-02-01,0.10410375471515715,0.5772034390518601,-1.9261102242456578,18.675263339091867,,,1.0,
Luleburgaz,1994,3,0.30748887139069364,6.401872053500033,8,1994-03-01,0.1867906886606869,0.6405415335490338,6.284947589173722,33.82888181482781,26.600100934182635,99.57549831709441,1.0,26.600100934182635
Luleburgaz,1994,4,0.558258332133024,20.04023405644323,11,1994-04-01,0.3425612266566765,0.6820941305430991,11.199432551528933,34.003339332304996,63.52760012575998,61.23119783857744,1.0,63.52760012575998
Luleburgaz,1994,5,0.6148046087755253,31.457731572516344,14,1994-05-01,0.4534477000250322,0.8062169102955177,21.563091956610133,37.89093458713674,45.74007709651669,39.40020222018095,1.0,45.74007709651669
Luleburgaz,1994,6,,,4,1994-06-01,0.34099110485417694,0.6568695292585218,20.665396881359225,43.24732335614233,,,1.0,
Luleburgaz,1994,7,0.2883370459726382,42.02684024624222,10,1994-07-01,0.28709914536698894,0.6727178355910103,29.38960752014333,46.93138124376155,0.321016754901097,27.959207972885086,1.0,0.321016754901097
Luleburgaz,1994,8,0.21741393174608073,43.76558876194825,14,1994-08-01,0.21741393174608073,0.5150975419677485,30.059823087459748,46.78504940467901,0.0,18.053332047424114,1.0,0.0
Luleburgaz,1994,9,0.21012626194084713,37.831990709812665,14,1994-09-01,0.21012626194084713,0.386588409360026,21.5606973170537,43.40242741199069,0.0,25.503642238804517,1.0,0.0
Luleburgaz,1994,10,,,4,1994-10-01,0.18414668172638726,0.3553190998723294,17.021239231355093,32.23033632186737,,,1.0,
Luleburgaz,1994,11,0.31807721073051004,5.351796293116572,5,1994-11-01,0.15427896691648302,0.4224067957550833,3.311875558934537,24.04805057847782,61.08960958044586,90.16250233102555,1.0,61.08960958044586
Luleburgaz,1994,12,,,3,1994-12-01,0.0723148194666472,0.5619697452959381,-1.499755021406604,14.807968294933929,,,1.0,
Luleburgaz,1995,1,0.45467175494933676,6.2294843172950705,5,1995-01-01,0.1604679638108805,0.5589896093008915,-6.58822835032347,12.325756949266282,73.82379212469415,32.23156059079437,1.0,73.82379212469415
Luleburgaz,1995,2,,,5,1995-02-01,0.10410375471515715,0.5772034390518601,-1.9261102242456578,18.675263339091867,,,1.0,
Luleburgaz,1995,3,,,7,1995-03-01,0.1867906886606869,0.6405415335490338,6.284947589173722,33.82888181482781,,,1.0,
Luleburgaz,1995,4,0.593214653507839,18.611545050357684,10,1995-04-01,0.3425612266566765,0.6820941305430991,11.199432551528933,34.003339332304996,73.82301508398395,67.49630416364778,1.0,73.82301508398395
Luleburgaz,1995,5,0.6435192047361118,24.91969619804651,14,1995-05-01,0.4534477000250322,0.8062169102955177,21.563091956610133,37.89093458713674,53.87984528619786,79.44245104885532,1.0,53.87984528619786
Luleburgaz,1995,6,0.456901755357521,34.97600848441296,14,1995-06-01,0.34099110485417694,0.6568695292585218,20.665396881359225,43.24732335614233,36.69470326183813,36.62803030098351,1.0,36.69470326183813
Luleburgaz,1995,7,0.4099181417680326,35.536407530149866,14,1995-07-01,0.28709914536698894,0.6727178355910103,29.38960752014333,46.93138124376155,31.84985570323191,64.95907365553067,1.0,31.84985570323191
Luleburgaz,1995,8,0.3957825898161713,35.32722187222929,14,1995-08-01,0.21741393174608073,0.5150975419677485,30.059823087459748,46.78504940467901,59.918870890227964,68.5062630252928,1.0,59.918870890227964
Luleburgaz,1995,9,0.3179771852720137,36.74372030827888,7,1995-09-01,0.21012626194084713,0.386588409360026,21.5606973170537,43.40242741199069,61.118446595218494,30.486170622790222,1.0,61.118446595218494
Luleburgaz,1995,10,0.27052279721526745,23.578632801714363,8,1995-10-01,0.18414668172638726,0.3553190998723294,17.021239231355093,32.23033632186737,50.4614682812015,56.88505680952029,1.0,50.4614682812015
Luleburgaz,1995,11,0.2791776880483065,3.311875558934537,6,1995-11-01,0.15427896691648302,0.4224067957550833,3.311875558934537,24.04805057847782,46.581782156974974,99.99999999999999,1.0,46.581782156974974
Luleburgaz,1995,12,,,2,1995-12-01,0.0723148194666472,0.5619697452959381,-1.499755021406604,14.807968294933929,,,1.0,
Luleburgaz,1996,1,,,1,1996-01-01,0.1604679638108805,0.5589896093008915,-6.58822835032347,12.325756949266282,,,1.0,
Luleburgaz,1996,2,0.19254785479742154,-1.9261102242456578,6,1996-02-01,0.10410375471515715,0.5772034390518601,-1.9261102242456578,18.675263339091867,18.69460137270333,100.0,1.0,18.69460137270333
Luleburgaz,1996,3,,,3,1996-03-01,0.1867906886606869,0.6405415335490338,6.284947589173722,33.82888181482781,,,1.0,
Luleburgaz,1996,4,0.3831529681662855,16.11152094199504,11,1996-04-01,0.3425612266566765,0.6820941305430991,11.199432551528933,34.003339332304996,11.955171662298572,78.4594436484583,1.0,11.955171662298572
Luleburgaz,1996,5,0.5939252446605108,32.99712050412077,12,1996-05-01,0.4534477000250322,0.8062169102955177,21.563091956610133,37.89093458713674,39.821373449164554,29.972202658705637,1.0,39.821373449164554
Luleburgaz,1996,6,0.5032343378949697,35.25877729684859,14,1996-06-01,0.34099110485417694,0.6568695292585218,20.665396881359225,43.24732335614233,51.36255613112434,35.375839471510226,1.0,51.36255613112434
Luleburgaz,1996,7,0.3541341960105735,38.49829718103728,14,1996-07-01,0.28709914536698894,0.6727178355910103,29.38960752014333,46.93138124376155,17.38376596960101,48.0742950832274,1.0,17.38376596960101
Luleburgaz,1996,8,0.26579069724148574,44.24297485045426,12,1996-08-01,0.21741393174608073,0.5150975419677485,30.059823087459748,46.78504940467901,16.2510678567025,15.199044282035123,1.0,16.2510678567025
Luleburgaz,1996,9,0.3130267413782903,29.33049342175708,11,1996-09-01,0.21012626194084713,0.386588409360026,21.5606973170537,43.40242741199069,58.31306087022003,64.42682850245251,1.0,58.31306087022003
Luleburgaz,1996,10,0.2836632572792172,17.35068145695789,12,1996-10-01,0.18414668172638726,0.3553190998723294,17.021239231355093,32.23033632186737,58.138207446471775,97.83391332409661,1.0,58.138207446471775
Luleburgaz,1996,11,0.2317683495927544,12.861793478998548,9,1996-11-01,0.15427896691648302,0.4224067957550833,3.311875558934537,24.04805057847782,28.900164153761224,53.94561479605823,1.0,28.900164153761224
Luleburgaz,1996,12,,,5,1996-12-01,0.0723148194666472,0.5619697452959381,-1.499755021406604,14.807968294933929,,,1.0,
Luleburgaz,1997,1,0.38159824158217914,5.470889787091852,8,1997-01-01,0.1604679638108805,0.5589896093008915,-6.58822835032347,12.325756949266282,55.48764547014832,36.24232045016507,1.0,55.48764547014832
Luleburgaz,1997,2,,,6,1997-02-01,0.10410375471515715,0.5772034390518601,-1.9261102242456578,18.675263339091867,,,1.0,
Luleburgaz,1997,3,0.3694971779856344,17.235581801757426,8,1997-03-01,0.1867906886606869,0.6405415335490338,6.284947589173722,33.82888181482781,40.265817988703816,60.24302801890801,1.0,40.265817988703816
Luleburgaz,1997,4,,,9,1997-04-01,0.3425612266566765,0.6820941305430991,11.199432551528933,34.003339332304996,,,1.0,
Luleburgaz,1997,5,0.6147387153745704,35.42255220315562,14,1997-05-01,0.4534477000250322,0.8062169102955177,21.563091956610133,37.89093458713674,45.721398198518635,15.117627232431943,1.0,45.721398198518635
Luleburgaz,1997,6,0.4237712252217001,40.0446189305174,12,1997-06-01,0.34099110485417694,0.6568695292585218,20.665396881359225,43.24732335614233,26.20632305724028,14.182600537652716,1.0,26.20632305724028
Luleburgaz,1997,7,0.3913752412569533,42.11827659985603,12,1997-07-01,0.28709914536698894,0.6727178355910103,29.38960752014333,46.93138124376155,27.04124528543629,27.437958781928423,1.0,27.04124528543629
Luleburgaz,1997,8,0.30828530860241193,37.70417778554145,14,1997-08-01,0.21741393174608073,0.5150975419677485,30.059823087459748,46.78504940467901,30.52616057318861,54.29446183211557,1.0,30.52616057318861
Luleburgaz,1997,9,0.2841499335508896,32.98872041957635,14,1997-09-01,0.21012626194084713,0.386588409360026,21.5606973170537,43.40242741199069,41.94875370874987,47.67803167217181,1.0,41.94875370874987
Luleburgaz,1997,10,,,11,1997-10-01,0.18414668172638726,0.3553190998723294,17.021239231355093,32.23033632186737,,,1.0,
Luleburgaz,1997,11,0.24810348230991816,19.296164990554455,10,1997-11-01,0.15427896691648302,0.4224067957550833,3.311875558934537,24.04805057847782,34.992457067898336,22.915921492005356,1.0,34.992457067898336
Luleburgaz,1997,12,,,2,1997-12-01,0.0723148194666472,0.5619697452959381,-1.499755021406604,14.807968294933929,,,1.0,
Luleburgaz,1998,1,0.360178374159967,4.455021725652809,4,1998-01-01,0.1604679638108805,0.5589896093008915,-6.58822835032347,12.325756949266282,50.112813848173346,41.61330940541754,1.0,50.112813848173346
Luleburgaz,1998,2,0.4348758661068665,8.434243938328454,11,1998-02-01,0.10410375471515715,0.5772034390518601,-1.9261102242456578,18.675263339091867,69.91594421701205,49.71037183165528,1.0,69.91594421701205
Luleburgaz,1998,3,,,6,1998-03-01,0.1867906886606869,0.6405415335490338,6.284947589173722,33.82888181482781,,,1.0,
Luleburgaz,1998,4,0.41717975377568267,11.199432551528933,11,1998-04-01,0.3425612266566765,0.6820941305430991,11.199432551528933,34.003339332304996,21.97681764120478,100.0,1.0,21.97681764120478
Luleburgaz,1998,5,0.5836282744305421,23.939750187574706,8,1998-05-01,0.4534477000250322,0.8062169102955177,21.563091956610133,37.89093458713674,36.902476354354754,85.44413806070644,1.0,36.902476354354754
Luleburgaz,1998,6,0.4858346411786839,35.358465417364215,14,1998-06-01,0.34099110485417694,0.6568695292585218,20.665396881359225,43.24732335614233,45.85420374868587,34.9343885588658,1.0,45.85420374868587
Luleburgaz,1998,7,0.441134477601153,39.938197575516796,14,1998-07-01,0.28709914536698894,0.6727178355910103,29.38960752014333,46.93138124376155,39.9449861065289,39.86588687339605,1.0,39.9449861065289
Luleburgaz,1998,8,0.29460453159935795,38.84244499574258,12,1998-08-01,0.21741393174608073,0.5150975419677485,30.059823087459748,46.78504940467901,25.93041645651833,47.48877090386042,1.0,25.93041645651833
Luleburgaz,1998,9,0.2668889572313759,24.782064321464883,12,1998-09-01,0.21012626194084713,0.386588409360026,21.5606973170537,43.40242741199069,32.16706592360073,85.25131942199987,1.0,32.16706592360073
Luleburgaz,1998,10,0.2943151663812738,17.021239231355093,10,1998-10-01,0.18414668172638726,0.3553190998723294,17.021239231355093,32.23033632186737,64.3611195355998,100.0,1.0,64.3611195355998
Luleburgaz,1998,11,0.41959936178869917,13.788710124680613,10,1998-11-01,0.15427896691648302,0.4224067957550833,3.311875558934537,24.04805057847782,98.95294942768732,49.475568392570274,1.0,98.95294942768732
Luleburgaz,1998,12,,,7,1998-12-01,0.0723148194666472,0.5619697452959381,-1.499755021406604,14.807968294933929,,,1.0,
Luleburgaz,1999,1,,,9,1999-01-01,0.1604679638108805,0.5589896093008915,-6.58822835032347,12.325756949266282,,,1.0,
Luleburgaz,1999,2,,,10,1999-02-01,0.10410375471515715,0.5772034390518601,-1.9261102242456578,18.675263339091867,,,1.0,
Luleburgaz,1999,3,0.46316998396853876,15.735546083579585,8,1999-03-01,0.1867906886606869,0.6405415335490338,6.284947589173722,33.82888181482781,60.90992411834731,65.68900282370087,1.0,60.90992411834731
Luleburgaz,1999,4,0.5271234225109694,24.776237045060245,12,1999-04-01,0.3425612266566765,0.6820941305430991,11.199432551528933,34.003339332304996,54.357676013642255,40.4628135693981,1.0,54.357676013642255
Luleburgaz,1999,5,0.4534477000250322,25.850724068139314,14,1999-05-01,0.4534477000250322,0.8062169102955177,21.563091956610133,37.89093458713674,0.0,73.74036357067158,1.0,0.0
Luleburgaz,1999,6,0.34099110485417694,42.904333521164716,11,1999-06-01,0.34099110485417694,0.6568695292585218,20.665396881359225,43.24732335614233,0.0,1.5188687969586065,1.0,0.0
Luleburgaz,1999,7,0.44506743932439774,38.47522928425617,21,1999-07-01,0.28709914536698894,0.6727178355910103,29.38960752014333,46.93138124376155,40.96489562413033,48.20579773024905,1.0,40.96489562413033
Luleburgaz,1999,8,0.4332989846659471,40.337338340302466,24,1999-08-01,0.21741393174608073,0.5150975419677485,30.059823087459748,46.78504940467901,72.52164563548166,38.550815050785744,1.0,72.52164563548166
Luleburgaz,1999,9,0.3276857250142623,33.60991548609634,23,1999-09-01,0.21012626194084713,0.386588409360026,21.5606973170537,43.40242741199069,66.6202156058757,44.83395721552433,1.0,66.6202156058757
Luleburgaz,1999,10,0.26175089747070907,32.23033632186737,25,1999-10-01,0.18414668172638726,0.3553190998723294,17.021239231355093,32.23033632186737,45.33686944713032,0.0,1.0,45.33686944713032
Luleburgaz,1999,11,0.3381256065590814,14.236472720805187,22,1999-11-01,0.15427896691648302,0.4224067957550833,3.311875558934537,24.04805057847782,68.56678787835374,47.3162376784797,1.0,68.56678787835374
Luleburgaz,1999,12,,,14,1999-12-01,0.0723148194666472,0.5619697452959381,-1.499755021406604,14.807968294933929,,,1.0,
Luleburgaz,2000,1,0.4135088436732904,10.201965133834253,17,2000-01-01,0.1604679638108805,0.5589896093008915,-6.58822835032347,12.325756949266282,63.4948898575579,11.228684921723472,1.0,63.4948898575579
Luleburgaz,2000,2,0.44291350751165426,12.379954159193828,15,2000-02-01,0.10410375471515715,0.5772034390518601,-1.9261102242456578,18.675263339091867,71.61487610618816,30.557715778239437,1.0,71.61487610618816
Luleburgaz,2000,3,0.39725195330301444,17.218983803510653,17,2000-03-01,0.1867906886606869,0.6405415335490338,6.284947589173722,33.82888181482781,46.382561490131245,60.30328810416233,1.0,46.382561490131245
Luleburgaz,2000,4,0.3425612266566765,21.80086424318775,8,2000-04-01,0.3425612266566765,0.6820941305430991,11.199432551528933,34.003339332304996,0.0,53.51045856495109,1.0,0.0
Luleburgaz,2000,5,0.6115258185582995,27.333960550532982,24,2000-05-01,0.4534477000250322,0.8062169102955177,21.563091956610133,37.89093458713674,44.81063367521814,64.65627012393169,1.0,44.81063367521814
Luleburgaz,2000,6,0.5268799728760934,38.13582099151009,18,2000-06-01,0.34099110485417694,0.6568695292585218,20.665396881359225,43.24732335614233,58.84823199699347,22.635368910354842,1.0,58.84823199699347
Luleburgaz,2000,7,0.39506057749247686,43.46775203095188,24,2000-07-01,0.28709914536698894,0.6727178355910103,29.38960752014333,46.93138124376155,27.99693968743289,19.745034153223887,1.0,27.99693968743289
Luleburgaz,2000,8,0.2534181822373154,39.586924114662374,24,2000-08-01,0.21741393174608073,0.5150975419677485,30.059823087459748,46.78504940467901,12.094804434958434,43.03753595612568,1.0,12.094804434958434
Luleburgaz,2000,9,0.2258382486388461,38.36773178082285,23,2000-09-01,0.21012626194084713,0.386588409360026,21.5606973170537,43.40242741199069,8.90388501318403,23.050809662440187,1.0,8.90388501318403
Luleburgaz,2000,10,0.26627562769161717,26.993703966014746,18,2000-10-01,0.18414668172638726,0.3553190998723294,17.021239231355093,32.23033632186737,47.980245214042895,34.43092199812003,1.0,47.980245214042895
Luleburgaz,2000,11,0.2684440654349591,18.086552088792995,23,2000-11-01,0.15427896691648302,0.4224067957550833,3.311875558934537,24.04805057847782,42.5786084991565,28.749267808871572,1.0,42.5786084991565
Luleburgaz,2000,12,0.3227862114220355,11.792460622811953,19,2000-12-01,0.0723148194666472,0.5619697452959381,-1.499755021406604,14.807968294933929,51.152633976097384,18.49128547024342,1.0,51.152633976097384
Luleburgaz,2001,1,0.38195191971646625,11.034851479694671,15,2001-01-01,0.1604679638108805,0.5589896093008915,-6.58822835032347,12.325756949266282,55.5763930045143,6.82513732100453,1.0,55.5763930045143
Luleburgaz,2001,2,0.36315500908246096,8.453705465183967,15,2001-02-01,0.10410375471515715,0.5772034390518601,-1.9261102242456578,18.675263339091867,54.756167239997175,49.615904699181414,1.0,54.756167239997175
Luleburgaz,2001,3,0.3767185233159133,14.684198077694358,20,2001-03-01,0.1867906886606869,0.6405415335490338,6.284947589173722,33.82888181482781,41.85729608987536,69.50598843393377,1.0,41.85729608987536
Luleburgaz,2001,4,0.6129999309718109,24.59492350423266,18,2001-04-01,0.3425612266566765,0.6820941305430991,11.199432551528933,34.003339332304996,79.650219822465,41.25791215741914,1.0,79.650219822465
Luleburgaz,2001,5,0.6076232448154473,27.156659115610438,18,2001-05-01,0.4534477000250322,0.8062169102955177,21.563091956610133,37.89093458713674,43.704365432629764,65.74215414997603,1.0,43.704365432629764
Luleburgaz,2001,6,0.4059521996650514,41.19033092144439,26,2001-06-01,0.34099110485417694,0.6568695292585218,20.665396881359225,43.24732335614233,20.565220601366576,9.109021043864221,1.0,20.565220601366576
Luleburgaz,2001,7,0.36554230635347806,44.88361082723432,28,2001-07-01,0.28709914536698894,0.6727178355910103,29.38960752014333,46.93138124376155,20.34215741485931,11.673679348457865,1.0,20.34215741485931
Luleburgaz,2001,8,0.2504492393430287,43.17496018511511,23,2001-08-01,0.21741393174608073,0.5150975419677485,30.059823087459748,46.78504940467901,11.09745597762285,21.584695782843735,1.0,11.09745597762285
Luleburgaz,2001,9,0.23751936076534994,33.33769022993293,22,2001-09-01,0.21012626194084713,0.386588409360026,21.5606973170537,43.40242741199069,15.523498509531102,46.080311121465655,1.0,15.523498509531102
Luleburgaz,2001,10,0.2193589018860825,30.00806880415204,23,2001-10-01,0.18414668172638726,0.3553190998723294,17.021239231355093,32.23033632186737,20.571199811918994,14.611436198284402,1.0,20.571199811918994
Luleburgaz,2001,11,0.2610381252738101,15.14186785376331,19,2001-11-01,0.15427896691648302,0.4224067957550833,3.311875558934537,24.04805057847782,39.816515435848636,42.94997855834393,1.0,39.816515435848636
Luleburgaz,2001,12,0.0723148194666472,-1.499755021406604,11,2001-12-01,0.0723148194666472,0.5619697452959381,-1.499755021406604,14.807968294933929,0.0,100.0,1.0,0.0
Luleburgaz,2002,1,0.25034018537076685,7.880805596106938,22,2002-01-01,0.1604679638108805,0.5589896093008915,-6.58822835032347,12.325756949266282,22.55140281009881,23.500871353938063,1.0,22.55140281009881
Luleburgaz,2002,2,0.31038605844071804,17.58373162938132,21,2002-02-01,0.10410375471515715,0.5772034390518601,-1.9261102242456578,18.675263339091867,43.602291558231244,5.29834433784091,1.0,43.602291558231244
Luleburgaz,2002,3,0.30465455463931923,33.82888181482781,14,2002-03-01,0.1867906886606869,0.6405415335490338,6.284947589173722,33.82888181482781,25.975459287053173,0.0,1.0,25.975459287053173
Luleburgaz,2002,4,0.5856698802585908,19.41035775620072,11,2002-04-01,0.3425612266566765,0.6820941305430991,11.199432551528933,34.003339332304996,71.60091137536313,63.99333989738247,1.0,71.60091137536313
Luleburgaz,2002,5,0.5573963090778398,36.75589366820699,19,2002-05-01,0.4534477000250322,0.8062169102955177,21.563091956610133,37.89093458713674,29.46646306606664,6.951566992737155,1.0,29.46646306606664
Luleburgaz,2002,6,0.5153256345084187,36.23843749749784,20,2002-06-01,0.34099110485417694,0.6568695292585218,20.665396881359225,43.24732335614233,55.19038851196823,31.03759046630147,1.0,55.19038851196823
Luleburgaz,2002,7,0.41861260705656866,42.73140871609667,23,2002-07-01,0.28709914536698894,0.6727178355910103,29.38960752014333,46.93138124376155,34.104535133703784,23.94269013976646,1.0,34.104535133703784
Luleburgaz,2002,8,0.37596312366940143,36.59383890311945,11,2002-08-01,0.21741393174608073,0.5150975419677485,30.059823087459748,46.78504940467901,53.260974564658866,60.93316950256942,1.0,53.260974564658866
Luleburgaz,2002,9,0.34462520648833567,26.462710451743085,13,2002-09-01,0.21012626194084713,0.386588409360026,21.5606973170537,43.40242741199069,76.21971426426747,77.55666280380558,1.0,76.21971426426747
Luleburgaz,2002,10,0.3553190998723294,26.180096266566558,12,2002-10-01,0.18414668172638726,0.3553190998723294,17.021239231355093,32.23033632186737,99.99999999999999,39.780402605721186,1.0,99.99999999999999
Luleburgaz,2002,11,0.3168485574951718,17.63322727550962,11,2002-11-01,0.15427896691648302,0.4224067957550833,3.311875558934537,24.04805057847782,60.63137544613009,30.935422260481527,1.0,60.63137544613009
Luleburgaz,2002,12,0.4489947180835727,2.5118677374089726,6,2002-12-01,0.0723148194666472,0.5619697452959381,-1.499755021406604,14.807968294933929,76.9276236686421,75.40047325431452,1.0,76.9276236686421
Luleburgaz,2003,1,,,9,2003-01-01,0.1604679638108805,0.5589896093008915,-6.58822835032347,12.325756949266282,,,1.0,
Luleburgaz,2003,2,0.3197151106385912,0.40723386230304665,8,2003-02-01,0.10410375471515715,0.5772034390518601,-1.9261102242456578,18.675263339091867,45.574191457287974,88.67384216215002,1.0,45.574191457287974
Luleburgaz,2003,3,0.44174482829952405,21.013796693000447,11,2003-03-01,0.1867906886606869,0.6405415335490338,6.284947589173722,33.82888181482781,56.18813551775821,46.52597924769783,1.0,56.18813551775821
Luleburgaz,2003,4,0.543814880689409,27.736049619882095,13,2003-04-01,0.3425612266566765,0.6820941305430991,11.199432551528933,34.003339332304996,59.27368208768774,27.48340349166088,1.0,59.27368208768774
Luleburgaz,2003,5,0.5738363018589925,37.89093458713674,10,2003-05-01,0.4534477000250322,0.8062169102955177,21.563091956610133,37.89093458713674,34.126731678666744,0.0,1.0,34.126731678666744
Luleburgaz,2003,6,0.3937672237456952,43.02322396867236,3,2003-06-01,0.34099110485417694,0.6568695292585218,20.665396881359225,43.24732335614233,16.707731460620884,0.9923838327975166,1.0,16.707731460620884
Luleburgaz,2003,7,0.3387485977243059,40.95052302311889,16,2003-07-01,0.28709914536698894,0.6727178355910103,29.38960752014333,46.93138124376155,13.393918310160668,34.09494567011795,1.0,13.393918310160668
Luleburgaz,2003,8,0.2936341556182597,42.76897608775229,16,2003-08-01,0.21741393174608073,0.5150975419677485,30.059823087459748,46.78504940467901,25.60444084087201,24.012071590278055,1.0,25.60444084087201
Luleburgaz,2003,9,0.24548929380666906,33.98155878632354,20,2003-09-01,0.21012626194084713,0.386588409360026,21.5606973170537,43.40242741199069,20.04000993018545,43.1324285426041,1.0,20.04000993018545
Luleburgaz,2003,10,0.22675579418441963,27.346515192852003,15,2003-10-01,0.18414668172638726,0.3553190998723294,17.021239231355093,32.23033632186737,24.892510674064148,32.111183852340496,1.0,24.892510674064148
Luleburgaz,2003,11,0.15427896691648302,14.704388436509607,9,2003-11-01,0.15427896691648302,0.4224067957550833,3.311875558934537,24.04805057847782,0.0,45.05971874351015,1.0,0.0
Luleburgaz,2003,12,0.3709906447322676,7.769204598144224,4,2003-12-01,0.0723148194666472,0.5619697452959381,-1.499755021406604,14.807968294933929,60.9972062998807,43.16214814447324,1.0,60.9972062998807
Luleburgaz,2004,1,0.16735010337801556,0.1870928308486185,8,2004-01-01,0.1604679638108805,0.5589896093008915,-6.58822835032347,12.325756949266282,1.7269173820340387,64.17824655220048,1.0,1.7269173820340387
Luleburgaz,2004,2,0.46042638464415586,11.092380191841151,11,2004-02-01,0.10410375471515715,0.5772034390518601,-1.9261102242456578,18.675263339091867,75.31660699130914,36.80765811045393,1.0,75.31660699130914
Luleburgaz,2004,3,0.6008722647499263,13.580217721025091,15,2004-03-01,0.1867906886606869,0.6405415335490338,6.284947589173722,33.82888181482781,91.25747770037349,73.51405913155048,1.0,91.25747770037349
Luleburgaz,2004,4,0.5947701803299233,25.071305032270885,15,2004-04-01,0.3425612266566765,0.6820941305430991,11.199432551528933,34.003339332304996,74.28115236737511,39.1688774467536,1.0,74.28115236737511
Luleburgaz,2004,5,0.5789810691027193,28.989016577943474,13,2004-05-01,0.4534477000250322,0.8062169102955177,21.563091956610133,37.89093458713674,35.585126315710625,54.51986652878563,1.0,35.585126315710625
Luleburgaz,2004,6,0.564277528926351,32.34158474269517,19,2004-06-01,0.34099110485417694,0.6568695292585218,20.665396881359225,43.24732335614233,70.68745657232762,48.2941020360926,1.0,70.68745657232762
Luleburgaz,2004,7,0.47979304463960076,37.69118160026814,22,2004-07-01,0.28709914536698894,0.6727178355910103,29.38960752014333,46.93138124376155,49.970062177398155,52.675400954764456,1.0,49.970062177398155
Luleburgaz,2004,8,0.32208369723814095,40.730154212850906,18,2004-08-01,0.21741393174608073,0.5150975419677485,30.059823087459748,46.78504940467901,35.16141362775018,36.20217195862011,1.0,35.16141362775018
Luleburgaz,2004,9,0.2754080035320277,36.122464369808256,21,2004-09-01,0.21012626194084713,0.386588409360026,21.5606973170537,43.40242741199069,36.994756408640086,33.33052377508302,1.0,36.994756408640086
Luleburgaz,2004,10,0.23430631663252757,29.908126866079254,11,2004-10-01,0.18414668172638726,0.3553190998723294,17.021239231355093,32.23033632186737,29.30357323302756,15.268555667494251,1.0,29.30357323302756
Luleburgaz,2004,11,0.25133485969839714,9.280735004735948,11,2004-11-01,0.15427896691648302,0.4224067957550833,3.311875558934537,24.04805057847782,36.197620068872816,71.21523405268367,1.0,36.197620068872816
Luleburgaz,2004,12,0.2663103713076311,12.188369438524504,10,2004-12-01,0.0723148194666472,0.5619697452959381,-1.499755021406604,14.807968294933929,39.6188298345878,16.06354734866366,1.0,39.6188298345878
Luleburgaz,2005,1,0.29002824174670794,9.715954870977951,16,2005-01-01,0.1604679638108805,0.5589896093008915,-6.58822835032347,12.325756949266282,32.51022357305681,13.79826639891138,1.0,32.51022357305681
Luleburgaz,2005,2,,,10,2005-02-01,0.10410375471515715,0.5772034390518601,-1.9261102242456578,18.675263339091867,,,1.0,
Luleburgaz,2005,3,0.3726470722667995,19.588761938796562,17,2005-03-01,0.1867906886606869,0.6405415335490338,6.284947589173722,33.82888181482781,40.96000827322884,51.69965829633797,1.0,40.96000827322884
Luleburgaz,2005,4,0.5257833800293605,27.251273808884676,16,2005-04-01,0.3425612266566765,0.6820941305430991,11.199432551528933,34.003339332304996,53.963003666346815,29.609248925330565,1.0,53.963003666346815
Luleburgaz,2005,5,0.5464797447485209,34.236386836888094,13,2005-05-01,0.4534477000250322,0.8062169102955177,21.563091956610133,37.89093458713674,26.371928732713513,22.382306303075747,1.0,26.371928732713513
Luleburgaz,2005,6,0.5311741410812385,34.621057432594675,24,2005-06-01,0.34099110485417694,0.6568695292585218,20.665396881359225,43.24732335614233,60.2076690061031,38.1998671954781,1.0,60.2076690061031
Luleburgaz,2005,7,0.44338316598226296,37.70060700431426,20,2005-07-01,0.28709914536698894,0.6727178355910103,29.38960752014333,46.93138124376155,40.52812391548822,52.62166976318359,1.0,40.52812391548822
Luleburgaz,2005,8,0.33316431621460324,41.87054008496966,22,2005-08-01,0.21741393174608073,0.5150975419677485,30.059823087459748,46.78504940467901,38.883694128249076,29.383813566992934,1.0,38.883694128249076
Luleburgaz,2005,9,0.2738128288239301,39.29870756437357,20,2005-09-01,0.21012626194084713,0.386588409360026,21.5606973170537,43.40242741199069,36.09078083573247,18.788437682271248,1.0,36.09078083573247
Luleburgaz,2005,10,0.272467188199102,24.94608813897334,13,2005-10-01,0.18414668172638726,0.3553190998723294,17.021239231355093,32.23033632186737,51.597393686062425,47.89402118708336,1.0,51.597393686062425
Luleburgaz,2005,11,0.24033061371487704,19.679264482485447,8,2005-11-01,0.15427896691648302,0.4224067957550833,3.311875558934537,24.04805057847782,32.09351568284726,21.068427961641486,1.0,32.09351568284726
Luleburgaz,2005,12,,,4,2005-12-01,0.0723148194666472,0.5619697452959381,-1.499755021406604,14.807968294933929,,,1.0,
Luleburgaz,2006,1,,,2,2006-01-01,0.1604679638108805,0.5589896093008915,-6.58822835032347,12.325756949266282,,,1.0,
Luleburgaz,2006,2,0.10410375471515715,1.394850280213122,11,2006-02-01,0.10410375471515715,0.5772034390518601,-1.9261102242456578,18.675263339091867,0.0,83.87990735545515,1.0,0.0
Luleburgaz,2006,3,0.3910007270042315,15.110773714778563,11,2006-03-01,0.1867906886606869,0.6405415335490338,6.284947589173722,33.82888181482781,45.00488332838123,67.95727853073156,1.0,45.00488332838123
Luleburgaz,2006,4,0.49140611600438566,27.8444633686492,11,2006-04-01,0.3425612266566765,0.6820941305430991,11.199432551528933,34.003339332304996,43.83813399054231,27.00798605635326,1.0,43.83813399054231
Luleburgaz,2006,5,0.5358883466384698,37.47638281197107,16,2006-05-01,0.4534477000250322,0.8062169102955177,21.563091956610133,37.89093458713674,23.36956973944136,2.5389255919861813,1.0,23.36956973944136
Luleburgaz,2006,6,0.4948568958683457,29.957299519455315,19,2006-06-01,0.34099110485417694,0.6568695292585218,20.665396881359225,43.24732335614233,48.710446528380345,58.85248032991244,1.0,48.710446528380345
Luleburgaz,2006,7,0.48218760457639076,38.108528217377895,21,2006-07-01,0.28709914536698894,0.6727178355910103,29.38960752014333,46.93138124376155,50.59102791310948,50.29624236062615,1.0,50.59102791310948
Luleburgaz,2006,8,0.40183202576471533,44.77870447224996,24,2006-08-01,0.21741393174608073,0.5150975419677485,30.059823087459748,46.78504940467901,61.95104052967817,11.995920978142076,1.0,61.95104052967817
Luleburgaz,2006,9,0.29573844045616077,39.046794874882174,22,2006-09-01,0.21012626194084713,0.386588409360026,21.5606973170537,43.40242741199069,48.51588840293624,19.941792697631467,1.0,48.51588840293624
Luleburgaz,2006,10,0.2549166649393296,24.30525148906753,11,2006-10-01,0.18414668172638726,0.3553190998723294,17.021239231355093,32.23033632186737,41.34426794894233,52.10753002388063,1.0,41.34426794894233
Luleburgaz,2006,11,0.34007577368614533,13.646467513006419,15,2006-11-01,0.15427896691648302,0.4224067957550833,3.311875558934537,24.04805057847782,69.29411526376951,50.16153198778556,1.0,69.29411526376951
Luleburgaz,2006,12,0.22824518657940773,13.930355061479805,21,2006-12-01,0.0723148194666472,0.5619697452959381,-1.499755021406604,14.807968294933929,31.844950165399286,5.381580349568139,1.0,31.844950165399286
Luleburgaz,2007,1,0.1604679638108805,8.51165710571431,15,2007-01-01,0.1604679638108805,0.5589896093008915,-6.58822835032347,12.325756949266282,0.0,20.165500729424277,1.0,0.0
Luleburgaz,2007,2,0.513022951163639,8.347109768639042,18,2007-02-01,0.10410375471515715,0.5772034390518601,-1.9261102242456578,18.675263339091867,86.43404550603248,50.13332503631187,1.0,86.43404550603248
Luleburgaz,2007,3,0.5700019991758333,17.797079875319593,17,2007-03-01,0.1867906886606869,0.6405415335490338,6.284947589173722,33.82888181482781,84.4541260544522,58.204473653500045,1.0,84.4541260544522
Luleburgaz,2007,4,0.6031161314274381,27.647342647869742,14,2007-04-01,0.3425612266566765,0.6820941305430991,11.199432551528933,34.003339332304996,76.73922079078382,27.872402503387825,1.0,76.73922079078382
Luleburgaz,2007,5,0.5853421439501725,35.516635185346935,19,2007-05-01,0.4534477000250322,0.8062169102955177,21.563091956610133,37.89093458713674,37.38830943437788,14.54141527154852,1.0,37.38830943437788
Luleburgaz,2007,6,0.41897164054706754,43.24732335614233,18,2007-06-01,0.34099110485417694,0.6568695292585218,20.665396881359225,43.24732335614233,24.686882568804524,0.0,1.0,24.686882568804524
Luleburgaz,2007,7,0.3269170989761489,44.76029962394863,23,2007-07-01,0.28709914536698894,0.6727178355910103,29.38960752014333,46.93138124376155,10.32573228907243,12.376636787246749,1.0,10.32573228907243
Luleburgaz,2007,8,0.23776459385739604,46.78504940467901,24,2007-08-01,0.21741393174608073,0.5150975419677485,30.059823087459748,46.78504940467901,6.836339459925707,0.0,1.0,6.836339459925707
Luleburgaz,2007,9,0.23612492285726244,31.596476356909587,11,2007-09-01,0.21012626194084713,0.386588409360026,21.5606973170537,43.40242741199069,14.73327923107301,54.05227060203339,1.0,14.73327923107301
Luleburgaz,2007,10,0.24630982808170263,29.031426361940117,6,2007-10-01,0.18414668172638726,0.3553190998723294,17.021239231355093,32.23033632186737,36.31609988842646,21.032872240146283,1.0,36.31609988842646
Luleburgaz,2007,11,,,6,2007-11-01,0.15427896691648302,0.4224067957550833,3.311875558934537,24.04805057847782,,,1.0,
Luleburgaz,2007,12,,,4,2007-12-01,0.0723148194666472,0.5619697452959381,-1.499755021406604,14.807968294933929,,,1.0,
Luleburgaz,2008,1,,,7,2008-01-01,0.1604679638108805,0.5589896093008915,-6.58822835032347,12.325756949266282,,,1.0,
Luleburgaz,2008,2,0.32056760190181927,16.72280291905032,9,2008-02-01,0.10410375471515715,0.5772034390518601,-1.9261102242456578,18.675263339091867,45.75438419286827,9.477331276183307,1.0,45.75438419286827
Luleburgaz,2008,3,0.47695820303839476,22.17463172860574,14,2008-03-01,0.1867906886606869,0.6405415335490338,6.284947589173722,33.82888181482781,63.94864442601942,42.31149403256795,1.0,63.94864442601942
Luleburgaz,2008,4,0.6322596834020417,24.478105266211802,9,2008-04-01,0.3425612266566765,0.6820941305430991,11.199432551528933,34.003339332304996,85.32264573753137,41.770185072511644,1.0,85.32264573753137
Luleburgaz,2008,5,0.5378311238928902,35.63017181590877,20,2008-05-01,0.4534477000250322,0.8062169102955177,21.563091956610133,37.89093458713674,23.920291627253157,13.846059288942689,1.0,23.920291627253157
Luleburgaz,2008,6,0.4395839363663598,36.22643748617247,20,2008-06-01,0.34099110485417694,0.6568695292585218,20.665396881359225,43.24732335614233,31.212271524432328,31.090730358235714,1.0,31.212271524432328
Luleburgaz,2008,7,0.36503152328343863,40.66011759916812,21,2008-07-01,0.28709914536698894,0.6727178355910103,29.38960752014333,46.93138124376155,20.20969934604976,35.750453422790486,1.0,20.20969934604976
Luleburgaz,2008,8,0.2829515218419831,46.59019556403927,20,2008-08-01,0.21741393174608073,0.5150975419677485,30.059823087459748,46.78504940467901,22.015854365344566,1.1650296201919137,1.0,22.015854365344566
Luleburgaz,2008,9,0.24194677590114674,36.54466239044112,15,2008-09-01,0.21012626194084713,0.386588409360026,21.5606973170537,43.40242741199069,18.03248709464656,31.397535780094795,1.0,18.03248709464656
Luleburgaz,2008,10,,,5,2008-10-01,0.18414668172638726,0.3553190998723294,17.021239231355093,32.23033632186737,,,1.0,
Luleburgaz,2008,11,0.23567469231286609,24.04805057847782,8,2008-11-01,0.15427896691648302,0.4224067957550833,3.311875558934537,24.04805057847782,30.3570598206646,0.0,1.0,30.3570598206646
Luleburgaz,2008,12,0.31615488668312086,6.17555213721904,4,2008-12-01,0.0723148194666472,0.5619697452959381,-1.499755021406604,14.807968294933929,49.79834866431712,52.93452672860292,1.0,49.79834866431712
Luleburgaz,2009,1,,,7,2009-01-01,0.1604679638108805,0.5589896093008915,-6.58822835032347,12.325756949266282,,,1.0,
Luleburgaz,2009,2,0.38804787676199376,7.769896883952473,10,2009-02-01,0.10410375471515715,0.5772034390518601,-1.9261102242456578,18.675263339091867,60.0178210739948,52.935142511792165,1.0,60.0178210739948
Luleburgaz,2009,3,0.540928115484118,19.414864860829034,7,2009-03-01,0.1867906886606869,0.6405415335490338,6.284947589173722,33.82888181482781,78.04667050494918,52.33100266618316,1.0,78.04667050494918
Luleburgaz,2009,4,0.54985779434649,19.22468376789697,13,2009-04-01,0.3425612266566765,0.6820941305430991,11.199432551528933,34.003339332304996,61.05345470704553,64.80755997856731,1.0,61.05345470704553
Luleburgaz,2009,5,0.6243103655644214,33.27554577191721,25,2009-05-01,0.4534477000250322,0.8062169102955177,21.563091956610133,37.89093458713674,48.43468776891851,28.26698492665884,1.0,48.43468776891851
Luleburgaz,2009,6,0.4376955478215414,40.639691914583175,23,2009-06-01,0.34099110485417694,0.6568695292585218,20.665396881359225,43.24732335614233,30.614450211254855,11.547426852492233,1.0,30.614450211254855
Luleburgaz,2009,7,0.6727178355910103,38.29876436148383,27,2009-07-01,0.28709914536698894,0.6727178355910103,29.38960752014333,46.93138124376155,100.0,49.211767397585184,1.0,100.0
Luleburgaz,2009,8,0.3079742847092613,42.02099206847641,27,2009-08-01,0.21741393174608073,0.5150975419677485,30.059823087459748,46.78504940467901,30.42167921026808,28.484262310386907,1.0,30.42167921026808
Luleburgaz,2009,9,0.30924617991516445,34.82280171969355,21,2009-09-01,0.21012626194084713,0.386588409360026,21.5606973170537,43.40242741199069,56.17064023303642,39.28088871625576,1.0,56.17064023303642
Luleburgaz,2009,10,0.329832572603586,23.10564108397104,21,2009-10-01,0.18414668172638726,0.3553190998723294,17.021239231355093,32.23033632186737,85.11061095893761,59.99498315773451,1.0,85.11061095893761
Luleburgaz,2009,11,,,17,2009-11-01,0.15427896691648302,0.4224067957550833,3.311875558934537,24.04805057847782,,,1.0,
Luleburgaz,2009,12,,,7,2009-12-01,0.0723148194666472,0.5619697452959381,-1.499755021406604,14.807968294933929,,,1.0,
Luleburgaz,2010,1,,,3,2010-01-01,0.1604679638108805,0.5589896093008915,-6.58822835032347,12.325756949266282,,,1.0,
Luleburgaz,2010,2,0.4712271715624163,8.561551336920976,10,2010-02-01,0.10410375471515715,0.5772034390518601,-1.9261102242456578,18.675263339091867,77.59959031931609,49.09241595506712,1.0,77.59959031931609
Luleburgaz,2010,3,0.4902597423926562,15.97401663286822,12,2010-03-01,0.1867906886606869,0.6405415335490338,6.284947589173722,33.82888181482781,66.88010769580895,64.8232203710746,1.0,66.88010769580895
Luleburgaz,2010,4,0.5584944723136569,23.94503562051538,20,2010-04-01,0.3425612266566765,0.6820941305430991,11.199432551528933,34.003339332304996,63.59714866669075,44.10780928235013,1.0,63.59714866669075
Luleburgaz,2010,5,0.5804702399657289,32.26777134287181,25,2010-05-01,0.4534477000250322,0.8062169102955177,21.563091956610133,37.89093458713674,36.00726374144225,34.43910730589624,1.0,36.00726374144225
Luleburgaz,2010,6,0.4105790722762311,37.62591169939775,16,2010-06-01,0.34099110485417694,0.6568695292585218,20.665396881359225,43.24732335614233,22.029984337574454,24.893410502518147,1.0,22.029984337574454
Luleburgaz,2010,7,0.47948194270603356,38.0267969402347,23,2010-07-01,0.28709914536698894,0.6727178355910103,29.38960752014333,46.93138124376155,49.88938612578186,50.762166037620965,1.0,49.88938612578186
Luleburgaz,2010,8,0.3869673622933535,39.942202106759936,16,2010-08-01,0.21741393174608073,0.5150975419677485,30.059823087459748,46.78504940467901,56.95759683276352,40.91333156355617,1.0,56.95759683276352
Luleburgaz,2010,9,0.2937180354724098,36.151842388289616,17,2010-09-01,0.21012626194084713,0.386588409360026,21.5606973170537,43.40242741199069,47.370937480996275,33.196019693429854,1.0,47.370937480996275
Luleburgaz,2010,10,0.27805545614686106,27.084824130270114,16,2010-10-01,0.18414668172638726,0.3553190998723294,17.021239231355093,32.23033632186737,54.86209486180588,33.831805800011125,1.0,54.86209486180588
Luleburgaz,2010,11,0.2829713288687924,19.63457097673476,12,2010-11-01,0.15427896691648302,0.4224067957550833,3.311875558934537,24.04805057847782,47.99664492482645,21.2839619533664,1.0,47.99664492482645
Luleburgaz,2010,12,,,7,2010-12-01,0.0723148194666472,0.5619697452959381,-1.499755021406604,14.807968294933929,,,1.0,
Luleburgaz,2011,1,0.448432328379028,3.5209250842552677,8,2011-01-01,0.1604679638108805,0.5589896093008915,-6.58822835032347,12.325756949266282,72.25814904334109,46.55196525505385,1.0,72.25814904334109
Luleburgaz,2011,2,0.46499445828538905,12.102278106696094,13,2011-02-01,0.10410375471515715,0.5772034390518601,-1.9261102242456578,18.675263339091867,76.28216959734591,31.90556790879781,1.0,76.28216959734591
Luleburgaz,2011,3,0.5061814969899405,24.62815547806605,12,2011-03-01,0.1867906886606869,0.6405415335490338,6.284947589173722,33.82888181482781,70.38902779516481,33.40382046146594,1.0,70.38902779516481
Luleburgaz,2011,4,0.4382055657760287,14.844446700321594,10,2011-04-01,0.3425612266566765,0.6820941305430991,11.199432551528933,34.003339332304996,28.169387421534342,84.01583472589246,1.0,28.169387421534342
Luleburgaz,2011,5,0.5970043203255606,30.877192719914223,19,2011-05-01,0.4534477000250322,0.8062169102955177,21.563091956610133,37.89093458713674,40.69420349651731,42.955716967222564,1.0,40.69420349651731
Luleburgaz,2011,6,0.5070887048201234,36.18483715169356,20,2011-06-01,0.34099110485417694,0.6568695292585218,20.665396881359225,43.24732335614233,52.582761953165466,31.27494995759261,1.0,52.582761953165466
Luleburgaz,2011,7,0.41932950181565787,40.91869387163435,18,2011-07-01,0.28709914536698894,0.6727178355910103,29.38960752014333,46.93138124376155,34.29044281330115,34.27639340730819,1.0,34.29044281330115
Luleburgaz,2011,8,0.35685805895398887,42.086212260242746,26,2011-08-01,0.21741393174608073,0.5150975419677485,30.059823087459748,46.78504940467901,46.84306505960209,28.094311283540772,1.0,46.84306505960209
Luleburgaz,2011,9,0.26533213721528365,37.797909810949236,24,2011-09-01,0.21012626194084713,0.386588409360026,21.5606973170537,43.40242741199069,31.284825715793396,25.659677949873622,1.0,31.284825715793396
Luleburgaz,2011,10,0.2799215680254013,23.790338300162954,22,2011-10-01,0.18414668172638726,0.3553190998723294,17.021239231355093,32.23033632186737,55.95228912251276,55.49309055939584,1.0,55.95228912251276
Luleburgaz,2011,11,0.26390527829371774,14.11781461614423,13,2011-11-01,0.15427896691648302,0.4224067957550833,3.311875558934537,24.04805057847782,40.88583861365034,47.88846522068131,1.0,40.88583861365034
Luleburgaz,2011,12,,,6,2011-12-01,0.0723148194666472,0.5619697452959381,-1.499755021406604,14.807968294933929,,,1.0,
Luleburgaz,2012,1,0.31262788990525336,1.0275315504433404,5,2012-01-01,0.1604679638108805,0.5589896093008915,-6.58822835032347,12.325756949266282,38.18109450674412,59.73476884888984,1.0,38.18109450674412
Luleburgaz,2012,2,0.21830727218388446,-0.31730954498543196,8,2012-02-01,0.10410375471515715,0.5772034390518601,-1.9261102242456578,18.675263339091867,24.139419502856647,92.19080866470345,1.0,24.139419502856647
Luleburgaz,2012,3,0.3721104881029828,21.111021414800522,10,2012-03-01,0.1867906886606869,0.6405415335490338,6.284947589173722,33.82888181482781,40.84175303032152,46.172998729360984,1.0,40.84175303032152
Luleburgaz,2012,4,0.5753566902078745,21.429185233186224,10,2012-04-01,0.3425612266566765,0.6820941305430991,11.199432551528933,34.003339332304996,68.56344727905093,55.14035037943112,1.0,68.56344727905093
Luleburgaz,2012,5,0.5968116812509479,35.54548830362324,10,2012-05-01,0.4534477000250322,0.8062169102955177,21.563091956610133,37.89093458713674,40.63959581846484,14.364704122811954,1.0,40.63959581846484
Luleburgaz,2012,6,0.5241612755692012,39.395678943060986,12,2012-06-01,0.34099110485417694,0.6568695292585218,20.665396881359225,43.24732335614233,57.987553616689745,17.056314559266756,1.0,57.987553616689745
Luleburgaz,2012,7,0.339952700694884,46.93138124376155,14,2012-07-01,0.28709914536698894,0.6727178355910103,29.38960752014333,46.93138124376155,13.706170543027957,0.0,1.0,13.706170543027957
Luleburgaz,2012,8,0.24689410759162822,40.12925779777403,10,2012-08-01,0.21741393174608073,0.5150975419677485,30.059823087459748,46.78504940467901,9.903190781513066,39.79492702022564,1.0,9.903190781513066
Luleburgaz,2012,9,0.23895153033648567,41.00671133297357,9,2012-09-01,0.21012626194084713,0.386588409360026,21.5606973170537,43.40242741199069,16.335100086459477,10.968527074567493,1.0,16.335100086459477
Luleburgaz,2012,10,0.267971659673764,25.969038510067115,13,2012-10-01,0.18414668172638726,0.3553190998723294,17.021239231355093,32.23033632186737,48.97107773280817,41.168109944581595,1.0,48.97107773280817
Luleburgaz,2012,11,,,6,2012-11-01,0.15427896691648302,0.4224067957550833,3.311875558934537,24.04805057847782,,,1.0,
Luleburgaz,2012,12,,,4,2012-12-01,0.0723148194666472,0.5619697452959381,-1.499755021406604,14.807968294933929,,,1.0,
Luleburgaz,2013,1,,,5,2013-01-01,0.1604679638108805,0.5589896093008915,-6.58822835032347,12.325756949266282,,,1.0,
Luleburgaz,2013,2,,,8,2013-02-01,0.10410375471515715,0.5772034390518601,-1.9261102242456578,18.675263339091867,,,1.0,
Luleburgaz,2013,3,0.5125552057212276,14.057421207856272,3,2013-03-01,0.1867906886606869,0.6405415335490338,6.284947589173722,33.82888181482781,71.79369928020753,71.78154160910186,1.0,71.79369928020753
Luleburgaz,2013,4,0.5946432276244533,29.77857757781435,11,2013-04-01,0.3425612266566765,0.6820941305430991,11.199432551528933,34.003339332304996,74.24376196897282,18.526482304567942,1.0,74.24376196897282
Luleburgaz,2013,5,0.5931688969351376,35.34267329591803,23,2013-05-01,0.4534477000250322,0.8062169102955177,21.563091956610133,37.89093458713674,39.60697046178557,15.606846225076099,1.0,39.60697046178557
Luleburgaz,2013,6,0.4811342751120245,34.4787804106556,26,2013-06-01,0.34099110485417694,0.6568695292585218,20.665396881359225,43.24732335614233,44.36617363851835,38.829915398398036,1.0,44.36617363851835
Luleburgaz,2013,7,0.5165652094174122,38.751687661288756,28,2013-07-01,0.28709914536698894,0.6727178355910103,29.38960752014333,46.93138124376155,59.50594975495542,46.62979759828771,1.0,59.50594975495542
Luleburgaz,2013,8,0.3340468098775248,40.753143522929925,26,2013-08-01,0.21741393174608073,0.5150975419677485,30.059823087459748,46.78504940467901,39.18014768921751,36.06471904980446,1.0,39.18014768921751
Luleburgaz,2013,9,0.25711624358776686,34.68351423281849,18,2013-09-01,0.21012626194084713,0.386588409360026,21.5606973170537,43.40242741199069,26.628929962694425,39.91860141698797,1.0,26.628929962694425
Luleburgaz,2013,10,0.23664740857971533,24.33612092342338,14,2013-10-01,0.18414668172638726,0.3553190998723294,17.021239231355093,32.23033632186737,30.671253828152256,51.904563114194005,1.0,30.671253828152256
Luleburgaz,2013,11,0.31864401108043006,19.1976576711264,23,2013-11-01,0.15427896691648302,0.4224067957550833,3.311875558934537,24.04805057847782,61.301001420067706,23.390972070693156,1.0,61.301001420067706
Luleburgaz,2013,12,0.4239031840363087,8.498990543155518,23,2013-12-01,0.0723148194666472,0.5619697452959381,-1.499755021406604,14.807968294933929,71.80329371224099,38.68705416075302,1.0,71.80329371224099
Luleburgaz,2014,1,0.5589896093008915,11.535926921800478,21,2014-01-01,0.1604679638108805,0.5589896093008915,-6.58822835032347,12.325756949266282,100.0,4.175904839488988,1.0,100.0
Luleburgaz,2014,2,0.5772034390518601,18.675263339091867,17,2014-02-01,0.10410375471515715,0.5772034390518601,-1.9261102242456578,18.675263339091867,100.0,0.0,1.0,100.0
Luleburgaz,2014,3,0.6405415335490338,22.742437023969888,15,2014-03-01,0.1867906886606869,0.6405415335490338,6.284947589173722,33.82888181482781,100.0,40.25004089841364,1.0,100.0
Luleburgaz,2014,4,0.6591715518717219,21.23821635346888,18,2014-04-01,0.3425612266566765,0.6820941305430991,11.199432551528933,34.003339332304996,93.24879020295334,55.977789689954584,1.0,93.24879020295334
Luleburgaz,2014,5,0.6185463719624021,28.14749021447783,25,2014-05-01,0.4534477000250322,0.8062169102955177,21.563091956610133,37.89093458713674,46.80076013742262,59.673801329041,1.0,46.80076013742262
Luleburgaz,2014,6,0.4594936051954897,35.35727879630698,24,2014-06-01,0.34099110485417694,0.6568695292585218,20.665396881359225,43.24732335614233,37.515224588312456,34.93964329680218,1.0,37.515224588312456
Luleburgaz,2014,7,0.6011019012647459,34.45275111600444,25,2014-07-01,0.28709914536698894,0.6727178355910103,29.38960752014333,46.93138124376155,81.42830310308356,71.13664971607687,1.0,81.42830310308356
Luleburgaz,2014,8,0.5075654164525284,37.12247871171749,26,2014-08-01,0.21741393174608073,0.5150975419677485,30.059823087459748,46.78504940467901,97.4697547138684,57.772436137462186,1.0,97.4697547138684
Luleburgaz,2014,9,0.35935136184365835,21.5606973170537,26,2014-09-01,0.21012626194084713,0.386588409360026,21.5606973170537,43.40242741199069,84.56493479495798,100.0,1.0,84.56493479495798
Luleburgaz,2014,10,0.29576825827072906,26.627385895133575,23,2014-10-01,0.18414668172638726,0.3553190998723294,17.021239231355093,32.23033632186737,65.21002492888363,36.83946780922992,1.0,65.21002492888363
Luleburgaz,2014,11,0.31050079165048516,15.560077945085528,19,2014-11-01,0.15427896691648302,0.4224067957550833,3.311875558934537,24.04805057847782,58.263935306782344,40.93316450788349,1.0,58.263935306782344
Luleburgaz,2014,12,0.41144978708129837,10.85663586818997,17,2014-12-01,0.0723148194666472,0.5619697452959381,-1.499755021406604,14.807968294933929,69.25999305332921,24.229822582191325,1.0,69.25999305332921
Luleburgaz,2015,1,0.4208081577593318,4.277271864808645,20,2015-01-01,0.1604679638108805,0.5589896093008915,-6.58822835032347,12.325756949266282,65.32648775660462,42.55308945720821,1.0,65.32648775660462
Luleburgaz,2015,2,0.3983706865257677,10.359201824163415,16,2015-02-01,0.10410375471515715,0.5772034390518601,-1.9261102242456578,18.675263339091867,62.19977344165422,40.366539101683124,1.0,62.19977344165422
Luleburgaz,2015,3,0.44051882750113136,20.81275902143767,25,2015-03-01,0.1867906886606869,0.6405415335490338,6.284947589173722,33.82888181482781,55.91794300744026,47.25585926380509,1.0,55.91794300744026
Luleburgaz,2015,4,0.6261087548416684,21.045549141492128,23,2015-04-01,0.3425612266566765,0.6820941305430991,11.199432551528933,34.003339332304996,83.51106032416864,56.822676550039326,1.0,83.51106032416864
Luleburgaz,2015,5,0.5465306860277447,31.90822988460145,25,2015-05-01,0.4534477000250322,0.8062169102955177,21.563091956610133,37.89093458713674,26.386369131064804,36.64112178145323,1.0,26.386369131064804
Luleburgaz,2015,6,0.5291437173253731,34.581374859740635,25,2015-06-01,0.34099110485417694,0.6568695292585218,20.665396881359225,43.24732335614233,59.564882541755566,38.37559433239157,1.0,59.564882541755566
Luleburgaz,2015,7,0.49697788442284613,39.74611342415909,28,2015-07-01,0.28709914536698894,0.6727178355910103,29.38960752014333,46.93138124376155,54.42649549323717,40.96089673034731,1.0,54.42649549323717
Luleburgaz,2015,8,0.33155097201430445,45.22705085368984,28,2015-08-01,0.21741393174608073,0.5150975419677485,30.059823087459748,46.78504940467901,38.34172804583781,9.315261398795839,1.0,38.34172804583781
Luleburgaz,2015,9,0.30851321656399705,39.132073346849864,24,2015-09-01,0.21012626194084713,0.386588409360026,21.5606973170537,43.40242741199069,55.75527446656058,19.551354432910586,1.0,55.75527446656058
Luleburgaz,2015,10,0.3168476668551459,26.617526324183647,19,2015-10-01,0.18414668172638726,0.3553190998723294,17.021239231355093,32.23033632186737,77.52474760017552,36.904294609211874,1.0,77.52474760017552
Luleburgaz,2015,11,0.36024951243085146,19.278036658618348,23,2015-11-01,0.15427896691648302,0.4224067957550833,3.311875558934537,24.04805057847782,76.81804100922048,23.00334519439513,1.0,76.81804100922048
Luleburgaz,2015,12,0.472461296332079,11.050419878070203,26,2015-12-01,0.0723148194666472,0.5619697452959381,-1.499755021406604,14.807968294933929,81.72009628775498,23.04152666791089,1.0,81.72009628775498
Luleburgaz,2016,1,0.4894915587749766,7.567484184892616,22,2016-01-01,0.1604679638108805,0.5589896093008915,-6.58822835032347,12.325756949266282,82.5610349368948,25.157430805853878,1.0,82.5610349368948
Luleburgaz,2016,2,0.4481468166976531,15.52876700624796,16,2016-02-01,0.10410375471515715,0.5772034390518601,-1.9261102242456578,18.675263339091867,72.72105084256239,15.273235656691613,1.0,72.72105084256239
Luleburgaz,2016,3,0.6144756668293595,15.833097860157851,23,2016-03-01,0.1867906886606869,0.6405415335490338,6.284947589173722,33.82888181482781,94.25546706671408,65.3348349122505,1.0,94.25546706671408
Luleburgaz,2016,4,0.6071880919415182,34.003339332304996,22,2016-04-01,0.3425612266566765,0.6820941305430991,11.199432551528933,34.003339332304996,77.93850382564462,0.0,1.0,77.93850382564462
Luleburgaz,2016,5,0.6318569084226278,25.035751723102205,25,2016-05-01,0.4534477000250322,0.8062169102955177,21.563091956610133,37.89093458713674,50.573917225032325,78.7316680772047,1.0,50.573917225032325
Luleburgaz,2016,6,0.5314800852068239,36.972268117486855,21,2016-06-01,0.34099110485417694,0.6568695292585218,20.665396881359225,43.24732335614233,60.30452403067856,27.787953546225275,1.0,60.30452403067856
Luleburgaz,2016,7,0.3838911543427456,43.5643113169999,28,2016-07-01,0.28709914536698894,0.6727178355910103,29.38960752014333,46.93138124376155,25.100445447684688,19.19458077507996,1.0,25.100445447684688
Luleburgaz,2016,8,0.286895527769047,43.78649937023086,28,2016-08-01,0.21741393174608073,0.5150975419677485,30.059823087459748,46.78504940467901,23.340752946132074,17.92830768072196,1.0,23.340752946132074
Luleburgaz,2016,9,0.24866125875393785,33.71922345868031,23,2016-09-01,0.21012626194084713,0.386588409360026,21.5606973170537,43.40242741199069,21.837542711951908,44.33350247998437,1.0,21.837542711951908
Luleburgaz,2016,10,0.24085569787047598,28.67393630460653,24,2016-10-01,0.18414668172638726,0.3553190998723294,17.021239231355093,32.23033632186737,33.1297628194622,23.383373753852805,1.0,33.1297628194622
Luleburgaz,2016,11,0.2589369434350062,19.457698879179603,27,2016-11-01,0.15427896691648302,0.4224067957550833,3.311875558934537,24.04805057847782,39.032866141441104,22.136925903508896,1.0,39.032866141441104
Luleburgaz,2016,12,0.469809825673534,6.01086306214722,22,2016-12-01,0.0723148194666472,0.5619697452959381,-1.499755021406604,14.807968294933929,81.17859848620539,53.944410646039756,1.0,81.17859848620539
Luleburgaz,2017,1,0.2852172243696058,6.188222693414401,24,2017-01-01,0.1604679638108805,0.5589896093008915,-6.58822835032347,12.325756949266282,31.303007495449116,32.44971463515416,1.0,31.303007495449116
Luleburgaz,2017,2,0.3087758689950536,13.263752282986445,18,2017-02-01,0.10410375471515715,0.5772034390518601,-1.9261102242456578,18.675263339091867,43.26194268483853,26.267719671545674,1.0,43.26194268483853
Luleburgaz,2017,3,0.5047729702373545,19.312957737914626,20,2017-03-01,0.1867906886606869,0.6405415335490338,6.284947589173722,33.82888181482781,70.0786092541409,52.70098293871624,1.0,70.0786092541409
Luleburgaz,2017,4,0.59014041505899,26.566697404782126,26,2017-04-01,0.3425612266566765,0.6820941305430991,11.199432551528933,34.003339332304996,72.91758341192504,32.61126261835117,1.0,72.91758341192504
Luleburgaz,2017,5,0.6679053180266421,33.43436562961869,25,2017-05-01,0.4534477000250322,0.8062169102955177,21.563091956610133,37.89093458713674,60.79261221158579,27.294291464973025,1.0,60.79261221158579
Luleburgaz,2017,6,0.577074437001818,37.883799972000084,26,2017-06-01,0.34099110485417694,0.6568695292585218,20.665396881359225,43.24732335614233,74.73866966154013,23.75139866889396,1.0,74.73866966154013
Luleburgaz,2017,7,0.41862580564540536,40.140121474843745,24,2017-07-01,0.28709914536698894,0.6727178355910103,29.38960752014333,46.93138124376155,34.10795783835252,38.71478378366072,1.0,34.10795783835252
Luleburgaz,2017,8,0.39391996097126114,39.35419720395909,26,2017-08-01,0.21741393174608073,0.5150975419677485,30.059823087459748,46.78504940467901,59.29316333329422,44.42900837203962,1.0,59.29316333329422
Luleburgaz,2017,9,0.3148374790482523,39.65160439911162,28,2017-09-01,0.21012626194084713,0.386588409360026,21.5606973170537,43.40242741199069,59.339194631168034,17.172737674972602,1.0,59.339194631168034
Luleburgaz,2017,10,0.29411694469611177,30.848155290367448,27,2017-10-01,0.18414668172638726,0.3553190998723294,17.021239231355093,32.23033632186737,64.24531718419934,9.087857242769216,1.0,64.24531718419934
Luleburgaz,2017,11,0.3962621473361123,13.97450662828221,25,2017-11-01,0.15427896691648302,0.4224067957550833,3.311875558934537,24.04805057847782,90.24918505019903,48.579566582079714,1.0,90.24918505019903
Luleburgaz,2017,12,0.5008662143658631,10.390814915347818,22,2017-12-01,0.0723148194666472,0.5619697452959381,-1.499755021406604,14.807968294933929,87.5211035962543,27.086266389864925,1.0,87.5211035962543
Luleburgaz,2018,1,0.5412572206591487,3.3437841847074763,22,2018-01-01,0.1604679638108805,0.5589896093008915,-6.58822835032347,12.325756949266282,95.55045783775697,47.488525671813996,1.0,95.55045783775697
Luleburgaz,2018,2,0.5681673869080566,13.40533397754953,16,2018-02-01,0.10410375471515715,0.5772034390518601,-1.9261102242456578,18.675263339091867,98.09003209197395,25.580475716050177,1.0,98.09003209197395
Luleburgaz,2018,3,0.6034104053643204,16.97907440783208,22,2018-03-01,0.1867906886606869,0.6405415335490338,6.284947589173722,33.82888181482781,91.81684649119495,61.17429437985668,1.0,91.81684649119495
Luleburgaz,2018,4,0.6093481438646877,26.25979345761457,26,2018-04-01,0.3425612266566765,0.6820941305430991,11.199432551528933,34.003339332304996,78.57468721124428,33.9571019524528,1.0,78.57468721124428
Luleburgaz,2018,5,0.5183792614192861,30.797376721445684,23,2018-05-01,0.4534477000250322,0.8062169102955177,21.563091956610133,37.89093458713674,18.406243941887023,43.44455067461827,1.0,18.406243941887023
Luleburgaz,2018,6,0.44733945498752137,35.227387062901265,26,2018-06-01,0.34099110485417694,0.6568695292585218,20.665396881359225,43.24732335614233,33.66749417402805,35.514845476964986,1.0,33.66749417402805
Luleburgaz,2018,7,0.5555566807076674,37.15612626652538,28,2018-07-01,0.28709914536698894,0.6727178355910103,29.38960752014333,46.93138124376155,69.61735573157014,55.72557901641825,1.0,69.61735573157014
Luleburgaz,2018,8,0.5150975419677485,38.90990007183935,28,2018-08-01,0.21741393174608073,0.5150975419677485,30.059823087459748,46.78504940467901,100.0,47.08545752072657,1.0,100.0
Luleburgaz,2018,9,0.31816486999583127,36.041083310667055,26,2018-09-01,0.21012626194084713,0.386588409360026,21.5606973170537,43.40242741199069,61.22480635937332,33.70311815651468,1.0,61.22480635937332
Luleburgaz,2018,10,0.269880732210171,26.306524915740756,23,2018-10-01,0.18414668172638726,0.3553190998723294,17.021239231355093,32.23033632186737,50.08636987922121,38.94913268600278,1.0,50.08636987922121
Luleburgaz,2018,11,0.325696959881464,13.496702097956398,21,2018-11-01,0.15427896691648302,0.4224067957550833,3.311875558934537,24.04805057847782,63.93144408302585,50.88377422826082,1.0,63.93144408302585
Luleburgaz,2018,12,0.419623131676941,3.0161583360719186,13,2018-12-01,0.0723148194666472,0.5619697452959381,-1.499755021406604,14.807968294933929,70.92919807190428,72.30813112365279,1.0,70.92919807190428
Luleburgaz,2019,1,0.27248999672047813,11.02935954344351,14,2019-01-01,0.1604679638108805,0.5589896093008915,-6.58822835032347,12.325756949266282,28.109397363312222,6.854173698923679,1.0,28.109397363312222
Luleburgaz,2019,2,0.4860759872736841,16.541402932733337,22,2019-02-01,0.10410375471515715,0.5772034390518601,-1.9261102242456578,18.675263339091867,80.7382133628056,10.357855022618372,1.0,80.7382133628056
Luleburgaz,2019,3,0.5766385363760479,19.487532353355302,24,2019-03-01,0.1867906886606869,0.6405415335490338,6.284947589173722,33.82888181482781,85.91672106115631,52.06717872610641,1.0,85.91672106115631
Luleburgaz,2019,4,0.6325299099659512,22.470457832157724,19,2019-04-01,0.3425612266566765,0.6820941305430991,11.199432551528933,34.003339332304996,85.40223347728099,50.574147715204724,1.0,85.40223347728099
Luleburgaz,2019,5,0.6673245713380668,26.9921162867225,28,2019-05-01,0.4534477000250322,0.8062169102955177,21.563091956610133,37.89093458713674,60.627987104953036,66.74989799349096,1.0,60.627987104953036
Luleburgaz,2019,6,0.6497717971453385,35.71274525950764,27,2019-06-01,0.34099110485417694,0.6568695292585218,20.665396881359225,43.24732335614233,97.75301775467331,33.36552399569823,1.0,97.75301775467331
Luleburgaz,2019,7,0.4298574222747859,43.04567528108097,26,2019-07-01,0.28709914536698894,0.6727178355910103,29.38960752014333,46.93138124376155,37.02058031078913,22.151157710174274,1.0,37.02058031078913
Luleburgaz,2019,8,0.3374218964305487,44.115182165525205,26,2019-08-01,0.21741393174608073,0.5150975419677485,30.059823087459748,46.78504940467901,40.31393081906826,15.96311576606334,1.0,40.31393081906826
Luleburgaz,2019,9,0.34967590215946787,36.249382363700356,22,2019-09-01,0.21012626194084713,0.386588409360026,21.5606973170537,43.40242741199069,79.08191204719168,32.74944346074693,1.0,79.08191204719168
Luleburgaz,2019,10,0.2883192690553896,29.565000710779024,27,2019-10-01,0.18414668172638726,0.3553190998723294,17.021239231355093,32.23033632186737,60.85827872115734,17.524614349072912,1.0,60.85827872115734
Luleburgaz,2019,11,0.4224067957550833,20.717818662010934,26,2019-11-01,0.15427896691648302,0.4224067957550833,3.311875558934537,24.04805057847782,100.0,16.060010649641185,1.0,100.0
Luleburgaz,2019,12,0.5619697452959381,5.667420396269023,21,2019-12-01,0.0723148194666472,0.5619697452959381,-1.499755021406604,14.807968294933929,100.0,56.05042298887895,1.0,100.0
Luleburgaz,2020,1,0.5456631810851399,5.9205696293194165,22,2020-01-01,0.1604679638108805,0.5589896093008915,-6.58822835032347,12.325756949266282,96.65603402812266,33.86482128695424,1.0,96.65603402812266
Luleburgaz,2020,2,0.5576092806014411,9.992964202262666,18,2020-02-01,0.10410375471515715,0.5772034390518601,-1.9261102242456578,18.675263339091867,95.85834463662971,42.14427309973319,1.0,95.85834463662971
Luleburgaz,2020,3,0.6272530595638317,13.821874541241804,22,2020-03-01,0.1867906886606869,0.6405415335490338,6.284947589173722,33.82888181482781,97.07141614502737,72.63670872025145,1.0,97.07141614502737
Luleburgaz,2020,4,0.6667616292098262,27.1691310725692,25,2020-04-01,0.3425612266566765,0.6820941305430991,11.199432551528933,34.003339332304996,95.48423697445187,29.969462362024327,1.0,95.48423697445187
Luleburgaz,2020,5,0.6764751303097155,26.21505972127675,25,2020-05-01,0.4534477000250322,0.8062169102955177,21.563091956610133,37.89093458713674,63.22190933661054,71.50898701112371,1.0,63.22190933661054
Luleburgaz,2020,6,0.5588683413453093,29.81428804995698,26,2020-06-01,0.34099110485417694,0.6568695292585218,20.665396881359225,43.24732335614233,68.97502952345847,59.48578090175707,1.0,68.97502952345847
Luleburgaz,2020,7,0.5191370046856743,36.82826378943745,25,2020-07-01,0.28709914536698894,0.6727178355910103,29.38960752014333,46.93138124376155,60.17287678247266,57.59461736028025,1.0,60.17287678247266
Luleburgaz,2020,8,0.33528656570673876,38.27970671049676,26,2020-08-01,0.21741393174608073,0.5150975419677485,30.059823087459748,46.78504940467901,39.59661530337028,50.85337879957816,1.0,39.59661530337028
Luleburgaz,2020,9,0.2749846325412969,38.98601899545707,28,2020-09-01,0.21012626194084713,0.386588409360026,21.5606973170537,43.40242741199069,36.75483470479438,20.22004849129311,1.0,36.75483470479438
Luleburgaz,2020,10,0.2856587994201173,28.02480606816391,27,2020-10-01,0.18414668172638726,0.3553190998723294,17.021239231355093,32.23033632186737,59.3040156780285,27.65141302389967,1.0,59.3040156780285
Luleburgaz,2020,11,0.31105143307698313,14.137410774087618,19,2020-11-01,0.15427896691648302,0.4224067957550833,3.311875558934537,24.04805057847782,58.469300571881114,47.79396294181397,1.0,58.469300571881114
Luleburgaz,2020,12,,,11,2020-12-01,0.0723148194666472,0.5619697452959381,-1.499755021406604,14.807968294933929,,,1.0,
Luleburgaz,2021,1,0.5184769327497573,5.652024382363172,16,2021-01-01,0.1604679638108805,0.5589896093008915,-6.58822835032347,12.325756949266282,89.83425944121029,35.28464499254879,1.0,89.83425944121029
Luleburgaz,2021,2,0.491286925852484,11.483857173726511,25,2021-02-01,0.10410375471515715,0.5772034390518601,-1.9261102242456578,18.675263339091867,81.83965958044696,34.907411116330984,1.0,81.83965958044696
Luleburgaz,2021,3,0.5209285337554646,16.988212667308822,25,2021-03-01,0.1867906886606869,0.6405415335490338,6.284947589173722,33.82888181482781,73.63905739437202,61.141117349292074,1.0,73.63905739437202
Luleburgaz,2021,4,0.6078783883662,21.170913904428478,24,2021-04-01,0.3425612266566765,0.6820941305430991,11.199432551528933,34.003339332304996,78.14181149237747,56.27292529845978,1.0,78.14181149237747
Luleburgaz,2021,5,0.8062169102955177,27.427435870245393,24,2021-05-01,0.4534477000250322,0.8062169102955177,21.563091956610133,37.89093458713674,100.0,64.08377979665693,1.0,100.0
Luleburgaz,2021,6,0.6568695292585218,28.627352878405862,25,2021-06-01,0.34099110485417694,0.6568695292585218,20.665396881359225,43.24732335614233,100.0,64.74190983688823,1.0,100.0
Luleburgaz,2021,7,0.5328784370905851,39.954579199032125,28,2021-07-01,0.28709914536698894,0.6727178355910103,29.38960752014333,46.93138124376155,63.736353541580975,39.77250051593054,1.0,63.736353541580975
Luleburgaz,2021,8,0.37394886833333707,40.9852873068755,28,2021-08-01,0.21741393174608073,0.5150975419677485,30.059823087459748,46.78504940467901,52.58433155614238,34.67673314430689,1.0,52.58433155614238
Luleburgaz,2021,9,0.32319719236439015,28.91475713195109,27,2021-09-01,0.21012626194084713,0.386588409360026,21.5606973170537,43.40242741199069,64.07659210615152,66.33023216140697,1.0,64.07659210615152
Luleburgaz,2021,10,0.22331109578014444,17.825306265139325,23,2021-10-01,0.18414668172638726,0.3553190998723294,17.021239231355093,32.23033632186737,22.88009626665756,94.71324938621225,1.0,22.88009626665756
Luleburgaz,2021,11,0.32342957356544416,14.789516045429137,25,2021-11-01,0.15427896691648302,0.4224067957550833,3.311875558934537,24.04805057847782,63.085807758799056,44.64919168710124,1.0,63.085807758799056
Luleburgaz,2021,12,0.43348503391118104,7.983457891402969,38,2021-12-01,0.0723148194666472,0.5619697452959381,-1.499755021406604,14.807968294933929,73.76015136227775,41.84833327833518,1.0,73.76015136227775
Luleburgaz,2022,1,0.42590543036243456,5.005353242799463,32,2022-01-01,0.1604679638108805,0.5589896093008915,-6.58822835032347,12.325756949266282,66.60553311356016,38.70365547246989,1.0,66.60553311356016
Luleburgaz,2022,2,0.5110935313469736,7.868717867204722,34,2022-02-01,0.10410375471515715,0.5772034390518601,-1.9261102242456578,18.675263339091867,86.02622028852666,52.45546098498313,1.0,86.02622028852666
Luleburgaz,2022,3,0.5053586335971234,15.000753163327303,27,2022-03-01,0.1867906886606869,0.6405415335490338,6.284947589173722,33.82888181482781,70.20768082863307,68.35671512010879,1.0,70.20768082863307
Luleburgaz,2022,4,0.5698545183553341,26.952186727538766,26,2022-04-01,0.3425612266566765,0.6820941305430991,11.199432551528933,34.003339332304996,66.94293516091436,30.92080963385812,1.0,66.94293516091436
Luleburgaz,2022,5,0.6668549167214554,28.763167893559636,35,2022-05-01,0.4534477000250322,0.8062169102955177,21.563091956610133,37.89093458713674,60.494853429184865,55.90307856416862,1.0,60.494853429184865
Luleburgaz,2022,6,0.585238816932309,33.55837369259402,42,2022-06-01,0.34099110485417694,0.6568695292585218,20.665396881359225,43.24732335614233,77.32332859982836,42.90577101279564,1.0,77.32332859982836
Luleburgaz,2022,7,0.4914510255621787,38.171527960893116,45,2022-07-01,0.28709914536698894,0.6727178355910103,29.38960752014333,46.93138124376155,52.9932509434316,49.937101121502785,1.0,52.9932509434316
Luleburgaz,2022,8,0.36879779496670045,37.90468503099895,39,2022-08-01,0.21741393174608073,0.5150975419677485,30.059823087459748,46.78504940467901,50.8539462780275,53.095630547835306,1.0,50.8539462780275
Luleburgaz,2022,9,0.386588409360026,30.452107643637135,37,2022-09-01,0.21012626194084713,0.386588409360026,21.5606973170537,43.40242741199069,100.0,59.2916390417053,1.0,100.0
Luleburgaz,2022,10,0.32020986595674666,24.2223839634669,42,2022-10-01,0.18414668172638726,0.3553190998723294,17.021239231355093,32.23033632186737,79.48896539765624,52.65238502156701,1.0,79.48896539765624
Luleburgaz,2022,11,0.2655674999030548,19.606738204784023,39,2022-11-01,0.15427896691648302,0.4224067957550833,3.311875558934537,24.04805057847782,41.50577486440692,21.41818522224075,1.0,41.50577486440692
Luleburgaz,2022,12,0.3642696191749159,9.169510931926236,22,2022-12-01,0.0723148194666472,0.5619697452959381,-1.499755021406604,14.807968294933929,59.624601797645,34.57538034973828,1.0,59.624601797645
Luleburgaz,2023,1,0.4261563948337892,12.325756949266282,23,2023-01-01,0.1604679638108805,0.5589896093008915,-6.58822835032347,12.325756949266282,66.66850697563133,0.0,1.0,66.66850697563133
Luleburgaz,2023,2,0.4727583447825138,11.855990550977738,21,2023-02-01,0.10410375471515715,0.5772034390518601,-1.9261102242456578,18.675263339091867,77.9232373795005,33.101058854880414,1.0,77.9232373795005
Luleburgaz,2023,3,0.5894384062434674,21.0238223288733,20,2023-03-01,0.1867906886606869,0.6405415335490338,6.284947589173722,33.82888181482781,88.737623768361,46.4895805408511,1.0,88.737623768361
Luleburgaz,2023,4,0.6483958471749645,17.753693634213928,20,2023-04-01,0.3425612266566765,0.6820941305430991,11.199432551528933,34.003339332304996,90.07510524534993,71.25816577968865,1.0,90.07510524534993
Luleburgaz,2023,5,0.6090774086701392,29.697917918967992,25,2023-05-01,0.4534477000250322,0.8062169102955177,21.563091956610133,37.89093458713674,44.116579370908816,50.17819471661889,1.0,44.116579370908816
Luleburgaz,2023,6,0.45644368530742724,39.11779640451674,23,2023-06-01,0.34099110485417694,0.6568695292585218,20.665396881359225,43.24732335614233,36.54968859331257,18.286867403615776,1.0,36.54968859331257
Luleburgaz,2023,7,0.4455244878942872,42.314165973013516,26,2023-07-01,0.28709914536698894,0.6727178355910103,29.38960752014333,46.93138124376155,41.083419072675824,26.321256581547516,1.0,41.083419072675824
Luleburgaz,2023,8,0.34641044672167026,41.870108302670374,28,2023-08-01,0.21741393174608073,0.5150975419677485,30.059823087459748,46.78504940467901,43.33342869616949,29.38639519005201,1.0,43.33342869616949
Luleburgaz,2023,9,0.2842435173172146,36.61697723981746,27,2023-09-01,0.21012626194084713,0.386588409360026,21.5606973170537,43.40242741199069,42.001787046320395,31.066450059952583,1.0,42.001787046320395
Luleburgaz,2023,10,0.24255791841755153,32.089138551071926,28,2023-10-01,0.18414668172638726,0.3553190998723294,17.021239231355093,32.23033632186737,34.12421073666358,0.9283770756090797,1.0,34.12421073666358
Luleburgaz,2023,11,0.2669300509227285,21.207439001503495,24,2023-11-01,0.15427896691648302,0.4224067957550833,3.311875558934537,24.04805057847782,42.01394703943837,13.698821380014039,1.0,42.01394703943837
Luleburgaz,2023,12,0.337456001455818,9.40353646542564,13,2023-12-01,0.0723148194666472,0.5619697452959381,-1.499755021406604,14.807968294933929,54.148578519887565,33.14032084474344,1.0,54.148578519887565
Luleburgaz,2024,1,0.46733492539692834,9.571540146247877,15,2024-01-01,0.1604679638108805,0.5589896093008915,-6.58822835032347,12.325756949266282,77.00132854985401,14.56180048462946,1.0,77.00132854985401
Luleburgaz,2024,2,0.4858560817334578,7.720924276638669,24,2024-02-01,0.10410375471515715,0.5772034390518601,-1.9261102242456578,18.675263339091867,80.69173150126416,53.17285776491954,1.0,80.69173150126416
Luleburgaz,2024,3,0.5998821491787124,21.36511255588946,22,2024-03-01,0.1867906886606869,0.6405415335490338,6.284947589173722,33.82888181482781,91.03927081825572,45.250504727569904,1.0,91.03927081825572
Luleburgaz,2024,4,0.6448300719021198,27.21213363197438,23,2024-04-01,0.3425612266566765,0.6820941305430991,11.199432551528933,34.003339332304996,89.02490503440443,29.780886957736893,1.0,89.02490503440443
Luleburgaz,2024,5,0.5940520352068265,21.563091956610133,22,2024-05-01,0.4534477000250322,0.8062169102955177,21.563091956610133,37.89093458713674,39.85731494933643,100.0,1.0,39.85731494933643
Luleburgaz,2024,6,0.5161964332496802,39.87211291271767,26,2024-06-01,0.34099110485417694,0.6568695292585218,20.665396881359225,43.24732335614233,55.466063795236956,14.946512412011037,1.0,55.466063795236956
Luleburgaz,2024,7,0.4101188783319146,43.887249911673294,28,2024-07-01,0.28709914536698894,0.6727178355910103,29.38960752014333,46.93138124376155,31.90191141758679,17.353611898377423,1.0,31.90191141758679
Luleburgaz,2024,8,0.315578815999872,46.559109766644404,28,2024-08-01,0.21741393174608073,0.5150975419677485,30.059823087459748,46.78504940467901,32.97624756052022,1.350891364632775,1.0,32.97624756052022
Luleburgaz,2024,9,0.2631858310436563,36.80432225387815,26,2024-09-01,0.21012626194084713,0.386588409360026,21.5606973170537,43.40242741199069,30.06852737475094,30.208711166346735,1.0,30.06852737475094
Luleburgaz,2024,10,0.2538086293289141,30.492576439749023,26,2024-10-01,0.18414668172638726,0.3553190998723294,17.021239231355093,32.23033632186737,40.696946597513666,11.425792548871257,1.0,40.696946597513666
Luleburgaz,2024,11,0.2882923084753846,13.06464260192886,19,2024-11-01,0.15427896691648302,0.4224067957550833,3.311875558934537,24.04805057847782,49.98113852612107,52.96737689664269,1.0,49.98113852612107
Luleburgaz,2024,12,0.31985868727722155,14.807968294933929,15,2024-12-01,0.0723148194666472,0.5619697452959381,-1.499755021406604,14.807968294933929,50.554759025721694,0.0,1.0,50.554759025721694
Tekirdag,1985,1,,,5,1985-01-01,-0.0050865274920376905,0.6300042436764792,-38.83809844924997,13.655763930805435,,,0.75,
Tekirdag,1985,2,,,4,1985-02-01,0.16328460709512352,0.6688530490177179,1.5208725686927114,15.678807865115092,,,0.75,
Tekirdag,1985,3,0.32939377611874876,19.216855422782018,8,1985-03-01,-0.004213978008281556,0.8042243575554168,-6.37647373652173,23.4384856221573,41.265701965310214,14.159436370810887,0.75,34.489135566685384
Tekirdag,1985,4,0.3589365807592279,22.360843279475475,3,1985-04-01,0.3589365807592279,0.76297292290068,11.650205110967432,27.62053614569861,0.0,32.93415054944519,0.75,8.233537637361298
Tekirdag,1985,5,,,7,1985-05-01,0.4909109921080576,0.8305317246621506,22.95094549298597,36.48105643056582,,,0.75,
Tekirdag,1985,6,0.4879077351754387,30.525605594289242,6,1985-06-01,0.3605264365280641,0.685446618911345,23.34347465697919,41.799034400861544,39.20387392160011,61.08418797923057,0.75,44.673952436007724
Tekirdag,1985,7,0.4772507290981226,34.13818998550928,12,1985-07-01,0.34307704886934254,0.5586179129993682,29.225946974140832,43.84808638844113,62.24976445665513,66.4054426497649,0.75,63.28868400493257
Tekirdag,1985,8,,,3,1985-08-01,0.2588177933406586,0.4933459379731013,31.729916959568616,45.889186749332026,,,0.75,
Tekirdag,1985,9,0.20634531800365485,36.4698985345155,4,1985-09-01,0.20634531800365485,0.3684679317251474,27.55670785601816,40.686863961492165,0.0,32.1166434968629,0.75,8.029160874215725
Tekirdag,1985,10,0.23220990150175122,26.0396416344865,3,1985-10-01,0.2060988946648045,0.6360863033610373,13.799725248551503,32.91324769072603,6.072504987092076,35.962005836625515,0.75,13.544880199475436
Tekirdag,1985,11,0.23689760534204748,18.12709102202395,3,1985-11-01,0.15654052524097636,0.40777133456846726,1.8349735012981674,23.505586702922745,31.985360520143043,24.81930543846164,0.75,30.19384674972269
Tekirdag,1985,12,,,2,1985-12-01,0.03350860470922411,0.6178967893219002,0.3252400200222403,14.937566957105162,,,0.75,
Tekirdag,1986,1,,,1,1986-01-01,-0.0050865274920376905,0.6300042436764792,-38.83809844924997,13.655763930805435,,,0.75,
Tekirdag,1986,2,0.46534540906534194,12.006840057163698,6,1986-02-01,0.16328460709512352,0.6688530490177179,1.5208725686927114,15.678807865115092,59.74676758334251,25.935757799933413,0.75,51.294015137490234
Tekirdag,1986,3,0.4783860575374928,22.335953238804155,3,1986-03-01,-0.004213978008281556,0.8042243575554168,-6.37647373652173,23.4384856221573,59.69534277580648,3.6979167742256314,0.75,45.69598627541127
Tekirdag,1986,4,0.5576228367771716,23.902939962883924,10,1986-04-01,0.3589365807592279,0.76297292290068,11.650205110967432,27.62053614569861,49.175342733992025,23.27814103996913,0.75,42.70104231048631
Tekirdag,1986,5,0.6011462242013225,28.387605253247415,14,1986-05-01,0.4909109921080576,0.8305317246621506,22.95094549298597,36.48105643056582,32.45833411413043,59.818069597928165,0.75,39.29826798507987
Tekirdag,1986,6,0.4859448966575486,34.869563097501924,7,1986-06-01,0.3605264365280641,0.685446618911345,23.34347465697919,41.799034400861544,38.59977524619845,37.546795651411216,0.75,38.336530347501636
Tekirdag,1986,7,0.4683871933211792,35.706002258774426,10,1986-07-01,0.34307704886934254,0.5586179129993682,29.225946974140832,43.84808638844113,58.13753459587268,55.68326151851509,0.75,57.52396632653328
Tekirdag,1986,8,0.2877007171343016,36.7545693396517,14,1986-08-01,0.2588177933406586,0.4933459379731013,31.729916959568616,45.889186749332026,12.315333768963614,64.5133368126391,0.75,25.364834529882486
Tekirdag,1986,9,0.24681758113429492,34.232826430040426,14,1986-09-01,0.20634531800365485,0.3684679317251474,27.55670785601816,40.686863961492165,24.963983864809023,49.15430920704005,0.75,31.011565200366782
Tekirdag,1986,10,0.21641182453985333,27.67895575324827,10,1986-10-01,0.2060988946648045,0.6360863033610373,13.799725248551503,32.91324769072603,2.398426015849796,27.38528156342416,0.75,8.645139902743388
Tekirdag,1986,11,0.24775598985324754,14.431407789104743,7,1986-11-01,0.15654052524097636,0.40777133456846726,1.8349735012981674,23.505586702922745,36.30743572272923,41.87319864644043,0.75,37.698876453657036
Tekirdag,1986,12,0.23843750331741123,7.374314685422071,8,1986-12-01,0.03350860470922411,0.6178967893219002,0.3252400200222403,14.937566957105162,35.06725563659557,51.75939673570535,0.75,39.24029091137301
Tekirdag,1987,1,-0.0050865274920376905,-38.83809844924997,9,1987-01-01,-0.0050865274920376905,0.6300042436764792,-38.83809844924997,13.655763930805435,0.0,100.0,0.75,25.0
Tekirdag,1987,2,0.16328460709512352,2.527923826998534,11,1987-02-01,0.16328460709512352,0.6688530490177179,1.5208725686927114,15.678807865115092,0.0,92.8870189245723,0.75,23.221754731143076
Tekirdag,1987,3,,,5,1987-03-01,-0.004213978008281556,0.8042243575554168,-6.37647373652173,23.4384856221573,,,0.75,
Tekirdag,1987,4,0.4541886136791961,25.55321188414645,10,1987-04-01,0.3589365807592279,0.76297292290068,11.650205110967432,27.62053614569861,23.575115153037576,12.944780274474489,0.75,20.917531433396803
Tekirdag,1987,5,0.5139706517011821,26.17866907214296,13,1987-05-01,0.4909109921080576,0.8305317246621506,22.95094549298597,36.48105643056582,6.789826822322052,76.14414549852658,0.75,24.128406491373184
Tekirdag,1987,6,0.5719577689927955,34.6893115470627,13,1987-06-01,0.3605264365280641,0.685446618911345,23.34347465697919,41.799034400861544,65.07177575547576,38.52347451101055,0.75,58.43470044435945
Tekirdag,1987,7,0.5364448913743649,33.75914489251422,12,1987-07-01,0.34307704886934254,0.5586179129993682,29.225946974140832,43.84808638844113,89.71284553650699,68.99771100568246,0.75,84.53406190380086
Tekirdag,1987,8,0.3499740619697735,36.1091393075752,14,1987-08-01,0.2588177933406586,0.4933459379731013,31.729916959568616,45.889186749332026,38.867944302368,69.07169357580442,0.75,46.418881620727106
Tekirdag,1987,9,0.24666965179175676,40.686863961492165,11,1987-09-01,0.20634531800365485,0.3684679317251474,27.55670785601816,40.686863961492165,24.87273851714131,0.0,0.75,18.654553887855982
Tekirdag,1987,10,0.21152093588909732,20.6645743815375,11,1987-10-01,0.2060988946648045,0.6360863033610373,13.799725248551503,32.91324769072603,1.260976743652337,64.08380949270496,0.75,16.96668493091549
Tekirdag,1987,11,0.2005862532452561,12.60707081636691,9,1987-11-01,0.15654052524097636,0.40777133456846726,1.8349735012981674,23.505586702922745,17.531977117847884,50.29168203573865,0.75,25.721903347320577
Tekirdag,1987,12,,,5,1987-12-01,0.03350860470922411,0.6178967893219002,0.3252400200222403,14.937566957105162,,,0.75,
Tekirdag,1988,1,,,5,1988-01-01,-0.0050865274920376905,0.6300042436764792,-38.83809844924997,13.655763930805435,,,0.75,
Tekirdag,1988,2,0.36737859846464627,7.864788704059517,6,1988-02-01,0.16328460709512352,0.6688530490177179,1.5208725686927114,15.678807865115092,40.36921105941394,55.191798786014566,0.75,44.0748579910641
Tekirdag,1988,3,0.4441692784483198,15.750196710338503,7,1988-03-01,-0.004213978008281556,0.8042243575554168,-6.37647373652173,23.4384856221573,55.46288897148327,25.786682515066932,0.75,48.04383735737918
Tekirdag,1988,4,,,8,1988-04-01,0.3589365807592279,0.76297292290068,11.650205110967432,27.62053614569861,,,0.75,
Tekirdag,1988,5,0.5652157310647863,32.494744259863474,12,1988-05-01,0.4909109921080576,0.8305317246621506,22.95094549298597,36.48105643056582,21.878740558011664,29.462523914939787,0.75,23.7746863972437
Tekirdag,1988,6,0.5088536931874332,30.179660229267974,13,1988-06-01,0.3605264365280641,0.685446618911345,23.34347465697919,41.799034400861544,45.65036729063509,62.958665750818845,0.75,49.97744190568103
Tekirdag,1988,7,0.5262569288802467,32.46509256959489,11,1988-07-01,0.34307704886934254,0.5586179129993682,29.225946974140832,43.84808638844113,84.98614903037611,77.84766302880271,0.75,83.20152752998277
Tekirdag,1988,8,0.4408581433174312,33.513937659987775,11,1988-08-01,0.2588177933406586,0.4933459379731013,31.729916959568616,45.889186749332026,77.61983119854119,87.40033400798016,0.75,80.06495690090094
Tekirdag,1988,9,0.23593065538302335,32.160945117781424,13,1988-09-01,0.20634531800365485,0.3684679317251474,27.55670785601816,40.686863961492165,18.248741924548913,64.93387264570494,0.75,29.92002460483792
Tekirdag,1988,10,0.21670041840944254,19.360971324641625,11,1988-10-01,0.2060988946648045,0.6360863033610373,13.799725248551503,32.91324769072603,2.465542834564153,70.90412772990982,0.75,19.575189058400568
Tekirdag,1988,11,0.21287589811566263,12.871769593678948,5,1988-11-01,0.15654052524097636,0.40777133456846726,1.8349735012981674,23.505586702922745,22.423751698881215,49.07021785819431,0.75,29.08536823870949
Tekirdag,1988,12,0.20562382681800892,2.1436723723433238,5,1988-12-01,0.03350860470922411,0.6178967893219002,0.3252400200222403,14.937566957105162,29.452207734634516,87.55549092111883,0.75,43.978028531255596
Tekirdag,1989,1,0.21323573213327102,0.0707016136638477,11,1989-01-01,-0.0050865274920376905,0.6300042436764792,-38.83809844924997,13.655763930805435,34.37654419440122,25.879334652088996,0.75,32.252241808823165
Tekirdag,1989,2,0.24081917159644115,12.172333641436904,11,1989-02-01,0.16328460709512352,0.6688530490177179,1.5208725686927114,15.678807865115092,15.33611635379501,24.76684735636736,0.75,17.6937991044381
Tekirdag,1989,3,,,8,1989-03-01,-0.004213978008281556,0.8042243575554168,-6.37647373652173,23.4384856221573,,,0.75,
Tekirdag,1989,4,0.5124458673099419,23.561214617917543,13,1989-04-01,0.3589365807592279,0.76297292290068,11.650205110967432,27.62053614569861,37.99393038187906,25.417892208703332,0.75,34.84992083858513
Tekirdag,1989,5,0.5803263721289295,24.894654013496194,7,1989-05-01,0.4909109921080576,0.8305317246621506,22.95094549298597,36.48105643056582,26.328009879853326,85.6342011571274,0.75,41.154557699171846
Tekirdag,1989,6,0.5494083281365875,23.34347465697919,12,1989-06-01,0.3605264365280641,0.685446618911345,23.34347465697919,41.799034400861544,58.13178184964681,100.0,0.75,68.59883638723511
Tekirdag,1989,7,0.49131224966208414,33.4666921522928,10,1989-07-01,0.34307704886934254,0.5586179129993682,29.225946974140832,43.84808638844113,68.77359492412458,70.99777906641647,0.75,69.32964095969756
Tekirdag,1989,8,0.37734371546249784,35.100713498500056,13,1989-08-01,0.2588177933406586,0.4933459379731013,31.729916959568616,45.889186749332026,50.53803768737245,76.19371204178628,0.75,56.95195627597591
Tekirdag,1989,9,0.26133329437025676,34.22331925534112,14,1989-09-01,0.20634531800365485,0.3684679317251474,27.55670785601816,40.686863961492165,33.91752396804109,49.22671637891933,0.75,37.74482207076065
Tekirdag,1989,10,0.24128689769264766,24.122817684531856,8,1989-10-01,0.2060988946648045,0.6360863033610373,13.799725248551503,32.91324769072603,8.183496148070219,45.990633242974845,0.75,17.635280421796374
Tekirdag,1989,11,0.1982674997431446,23.505586702922745,6,1989-11-01,0.15654052524097636,0.40777133456846726,1.8349735012981674,23.505586702922745,16.60901965561684,0.0,0.75,12.45676474171263
Tekirdag,1989,12,,,3,1989-12-01,0.03350860470922411,0.6178967893219002,0.3252400200222403,14.937566957105162,,,0.75,
Tekirdag,1990,1,,,3,1990-01-01,-0.0050865274920376905,0.6300042436764792,-38.83809844924997,13.655763930805435,,,0.75,
Tekirdag,1990,2,0.36770105209468484,10.3577285586385,8,1990-02-01,0.16328460709512352,0.6688530490177179,1.5208725686927114,15.678807865115092,40.43299147039299,37.58372386276686,0.75,39.72067456848646
Tekirdag,1990,3,0.46628898277034636,13.862779251380076,10,1990-03-01,-0.004213978008281556,0.8042243575554168,-6.37647373652173,23.4384856221573,58.198991819278476,32.11712032064123,0.75,51.67852394461916
Tekirdag,1990,4,0.4473594637176836,22.545760219431457,5,1990-04-01,0.3589365807592279,0.76297292290068,11.650205110967432,27.62053614569861,21.884883545326986,31.77627260969655,0.75,24.357730811419376
Tekirdag,1990,5,0.5997994846379365,25.90331852868983,14,1990-05-01,0.4909109921080576,0.8305317246621506,22.95094549298597,36.48105643056582,32.06179190268831,78.17923999792454,0.75,43.59115392649737
Tekirdag,1990,6,0.5321873086441665,33.49722819011819,12,1990-06-01,0.3605264365280641,0.685446618911345,23.34347465697919,41.799034400861544,52.831704961192166,44.98268449156755,0.75,50.86944984378601
Tekirdag,1990,7,0.423571658814028,38.110769271170305,14,1990-07-01,0.34307704886934254,0.5586179129993682,29.225946974140832,43.84808638844113,37.34540560073416,39.23719337308322,0.75,37.818352543821426
Tekirdag,1990,8,0.2690156996826329,35.30993919626921,12,1990-08-01,0.2588177933406586,0.4933459379731013,31.729916959568616,45.889186749332026,4.3482654748992635,74.71605322974487,0.75,21.940212413610666
Tekirdag,1990,9,0.24458950074548444,37.137318935367766,12,1990-09-01,0.20634531800365485,0.3684679317251474,27.55670785601816,40.686863961492165,23.5896657868646,27.03353256131191,0.75,24.45063248047643
Tekirdag,1990,10,0.2595435340490126,17.461053715682276,11,1990-10-01,0.2060988946648045,0.6360863033610373,13.799725248551503,32.91324769072603,12.429349860791941,80.84430288447541,0.75,29.533088116712808
Tekirdag,1990,11,0.3991769953301306,16.72216065643865,12,1990-11-01,0.15654052524097636,0.40777133456846726,1.8349735012981674,23.505586702922745,96.57910617676932,31.30241854889258,0.75,80.25993426980014
Tekirdag,1990,12,,,1,1990-12-01,0.03350860470922411,0.6178967893219002,0.3252400200222403,14.937566957105162,,,0.75,
Tekirdag,1991,1,,,6,1991-01-01,-0.0050865274920376905,0.6300042436764792,-38.83809844924997,13.655763930805435,,,0.75,
Tekirdag,1991,2,,,3,1991-02-01,0.16328460709512352,0.6688530490177179,1.5208725686927114,15.678807865115092,,,0.75,
Tekirdag,1991,3,0.19573572913999404,6.626500702727293,9,1991-03-01,-0.004213978008281556,0.8042243575554168,-6.37647373652173,23.4384856221573,24.732833458331367,56.38775058244746,0.75,32.64656273936039
Tekirdag,1991,4,0.5893330060487042,21.5501332343333,11,1991-04-01,0.3589365807592279,0.76297292290068,11.650205110967432,27.62053614569861,57.02368852968555,38.010501461515204,0.75,52.27039176264296
Tekirdag,1991,5,0.6435505260868231,26.109365293121773,11,1991-05-01,0.4909109921080576,0.8305317246621506,22.95094549298597,36.48105643056582,44.94411540510231,76.65636435128334,0.75,52.87217764164757
Tekirdag,1991,6,0.5300479090997361,28.559186698015317,12,1991-06-01,0.3605264365280641,0.685446618911345,23.34347465697919,41.799034400861544,52.17326647062565,71.73907422252512,0.75,57.06471840860051
Tekirdag,1991,7,0.4185865220227623,33.64628357826019,11,1991-07-01,0.34307704886934254,0.5586179129993682,29.225946974140832,43.84808638844113,35.032555640061105,69.76956327063662,0.75,43.71680754770499
Tekirdag,1991,8,0.3827538836799697,34.747075723804045,12,1991-08-01,0.2588177933406586,0.4933459379731013,31.729916959568616,45.889186749332026,52.844868803932386,78.69128274950509,0.75,59.30647229032556
Tekirdag,1991,9,0.2888393509991623,33.98103272774134,10,1991-09-01,0.20634531800365485,0.3684679317251474,27.55670785601816,40.686863961492165,50.883729975648194,51.071984063884344,0.75,50.930793497707235
Tekirdag,1991,10,0.2067859507541837,22.928220847076663,10,1991-10-01,0.2060988946648045,0.6360863033610373,13.799725248551503,32.91324769072603,0.15978516474760138,52.24064205777751,0.75,13.179999388005077
Tekirdag,1991,11,0.15654052524097636,13.444923218283686,11,1991-11-01,0.15654052524097636,0.40777133456846726,1.8349735012981674,23.505586702922745,0.0,46.42537518912867,0.75,11.606343797282168
Tekirdag,1991,12,0.21949196364658097,5.082632079336491,3,1991-12-01,0.03350860470922411,0.6178967893219002,0.3252400200222403,14.937566957105162,31.82531129725422,67.44261143486312,0.75,40.72963633165645
Tekirdag,1992,1,0.17285837163339246,1.0493579259827515,6,1992-01-01,-0.0050865274920376905,0.6300042436764792,-38.83809844924997,13.655763930805435,28.018813562355124,24.01500943777454,0.75,27.01786253120998
Tekirdag,1992,2,0.27523617491298347,10.500846230118096,12,1992-02-01,0.16328460709512352,0.6688530490177179,1.5208725686927114,15.678807865115092,22.143701729507953,36.572858447131296,0.75,25.75099090891379
Tekirdag,1992,3,0.48519359213996155,18.32776590507928,8,1992-03-01,-0.004213978008281556,0.8042243575554168,-6.37647373652173,23.4384856221573,60.53740262168477,17.141461289935684,0.75,49.688417288747495
Tekirdag,1992,4,0.5613855249131603,16.837620881797015,10,1992-04-01,0.3589365807592279,0.76297292290068,11.650205110967432,27.62053614569861,50.10661740993971,67.51842050394355,0.75,54.459568183440666
Tekirdag,1992,5,0.6195988799797717,25.06120276840442,13,1992-05-01,0.4909109921080576,0.8305317246621506,22.95094549298597,36.48105643056582,37.891646632973845,84.40325223382156,0.75,49.51954803318577
Tekirdag,1992,6,0.504144961920334,29.526050824015943,12,1992-06-01,0.3605264365280641,0.685446618911345,23.34347465697919,41.799034400861544,44.20117098877387,66.50019694425062,0.75,49.77592747764305
Tekirdag,1992,7,0.5041525785127776,29.225946974140832,13,1992-07-01,0.34307704886934254,0.5586179129993682,29.225946974140832,43.84808638844113,74.73085453822146,100.0,0.75,81.0481409036661
Tekirdag,1992,8,0.32102050669941645,36.28617763023401,11,1992-08-01,0.2588177933406586,0.4933459379731013,31.729916959568616,45.889186749332026,26.52249411525565,67.82135845762762,0.75,36.84721020084864
Tekirdag,1992,9,0.24076972999706195,31.006301004894173,14,1992-09-01,0.20634531800365485,0.3684679317251474,27.55670785601816,40.686863961492165,21.23356588152727,73.72770650123599,0.75,34.35710103645445
Tekirdag,1992,10,0.24299412166918286,24.856463746250206,9,1992-10-01,0.2060988946648045,0.6360863033610373,13.799725248551503,32.91324769072603,8.58053660600169,42.15227187375103,0.75,16.973470422939027
Tekirdag,1992,11,0.2712661763915919,10.333383421025657,10,1992-11-01,0.15654052524097636,0.40777133456846726,1.8349735012981674,23.505586702922745,45.665438668816044,60.78371276041977,0.75,49.445007191716975
Tekirdag,1992,12,0.24443945124601943,5.1031214505757525,10,1992-12-01,0.03350860470922411,0.6178967893219002,0.3252400200222403,14.937566957105162,36.09430376772542,67.30239166475064,0.75,43.89632574198173
Tekirdag,1993,1,,,5,1993-01-01,-0.0050865274920376905,0.6300042436764792,-38.83809844924997,13.655763930805435,,,0.75,
Tekirdag,1993,2,0.28608842013573205,9.28644306704933,11,1993-02-01,0.16328460709512352,0.6688530490177179,1.5208725686927114,15.678807865115092,24.2902449713051,45.150402683935646,0.75,29.505284399462738
Tekirdag,1993,3,-0.004213978008281556,-6.37647373652173,9,1993-03-01,-0.004213978008281556,0.8042243575554168,-6.37647373652173,23.4384856221573,0.0,100.0,0.75,25.0
Tekirdag,1993,4,0.5477101866995334,22.02035210307092,8,1993-04-01,0.3589365807592279,0.76297292290068,11.650205110967432,27.62053614569861,46.72193717520004,35.066173834773956,0.75,43.807996340093524
Tekirdag,1993,5,0.5966475904630578,25.758426500974732,11,1993-05-01,0.4909109921080576,0.8305317246621506,22.95094549298597,36.48105643056582,31.133728956950243,79.25012573111289,0.75,43.1628281504909
Tekirdag,1993,6,0.5567941764770086,29.945036139563577,12,1993-06-01,0.3605264365280641,0.685446618911345,23.34347465697919,41.799034400861544,60.40490883309428,64.22995794114199,0.75,61.36117111010621
Tekirdag,1993,7,0.34307704886934254,41.53804925030554,10,1993-07-01,0.34307704886934254,0.5586179129993682,29.225946974140832,43.84808638844113,0.0,15.79821579239218,0.75,3.949553948098045
Tekirdag,1993,8,0.2678921161413842,32.66673800939949,14,1993-08-01,0.2588177933406586,0.4933459379731013,31.729916959568616,45.889186749332026,3.869182871397838,93.38369094069981,0.75,26.24780988872333
Tekirdag,1993,9,0.23963444625447283,39.61307849905509,11,1993-09-01,0.20634531800365485,0.3684679317251474,27.55670785601816,40.686863961492165,20.53330345882824,8.178009871408978,0.75,17.444480061973422
Tekirdag,1993,10,0.22351143700662654,28.69745915509611,7,1993-10-01,0.2060988946648045,0.6360863033610373,13.799725248551503,32.91324769072603,4.049547030834859,22.05657564367971,0.75,8.55130418404607
Tekirdag,1993,11,0.22300346787201877,12.711759572868882,9,1993-11-01,0.15654052524097636,0.40777133456846726,1.8349735012981674,23.505586702922745,26.454933138556633,49.8085911535013,0.75,32.2933476422928
Tekirdag,1993,12,0.14344156472151048,9.074285371279025,6,1993-12-01,0.03350860470922411,0.6178967893219002,0.3252400200222403,14.937566957105162,18.811632902049233,40.12558445394757,0.75,24.140120790023815
Tekirdag,1994,1,0.3740967048863262,-14.180934366570176,10,1994-01-01,-0.0050865274920376905,0.6300042436764792,-38.83809844924997,13.655763930805435,59.705360177206906,53.02848187439133,0.75,58.036140601503014
Tekirdag,1994,2,,,1,1994-02-01,0.16328460709512352,0.6688530490177179,1.5208725686927114,15.678807865115092,,,0.75,
Tekirdag,1994,3,0.5693724585734481,12.469539541418854,8,1994-03-01,-0.004213978008281556,0.8042243575554168,-6.37647373652173,23.4384856221573,70.94993042132101,36.7900755750835,0.75,62.40996670976163
Tekirdag,1994,4,0.577851641434288,20.930968728946002,11,1994-04-01,0.3589365807592279,0.76297292290068,11.650205110967432,27.62053614569861,54.18202221977807,41.887468720620724,0.75,51.10838384498873
Tekirdag,1994,5,0.6104883631883445,31.17982765354659,14,1994-05-01,0.4909109921080576,0.8305317246621506,22.95094549298597,36.48105643056582,35.20909049957404,39.180970514403406,0.75,36.20206050328138
Tekirdag,1994,6,,,4,1994-06-01,0.3605264365280641,0.685446618911345,23.34347465697919,41.799034400861544,,,0.75,
Tekirdag,1994,7,0.4701923453015156,33.82208645576317,10,1994-07-01,0.34307704886934254,0.5586179129993682,29.225946974140832,43.84808638844113,58.975033316879696,68.56725714755967,0.75,61.37308927454969
Tekirdag,1994,8,0.30915953991414447,39.15252376870652,14,1994-08-01,0.2588177933406586,0.4933459379731013,31.729916959568616,45.889186749332026,21.46511952856767,47.57775704998462,0.75,27.99327890892191
Tekirdag,1994,9,0.2453611940581188,36.5430142583893,14,1994-09-01,0.20634531800365485,0.3684679317251474,27.55670785601816,40.686863961492165,24.065659415958212,31.559790072680716,0.75,25.939192080138838
Tekirdag,1994,10,,,4,1994-10-01,0.2060988946648045,0.6360863033610373,13.799725248551503,32.91324769072603,,,0.75,
Tekirdag,1994,11,0.26707524820574385,3.988507823750011,5,1994-11-01,0.15654052524097636,0.40777133456846726,1.8349735012981674,23.505586702922745,43.99728013481038,90.06242092729337,0.75,55.51356533293113
Tekirdag,1994,12,0.38658354952056734,0.3252400200222403,3,1994-12-01,0.03350860470922411,0.6178967893219002,0.3252400200222403,14.937566957105162,60.41787875046723,100.0,0.75,70.31340906285043
Tekirdag,1995,1,0.42032379167772754,6.3132108801896,5,1995-01-01,-0.0050865274920376905,0.6300042436764792,-38.83809844924997,13.655763930805435,66.98417588198359,13.987450566040984,0.75,53.73499455299794
Tekirdag,1995,2,0.44631490491950837,4.297486348139703,5,1995-02-01,0.16328460709512352,0.6688530490177179,1.5208725686927114,15.678807865115092,55.98258798513347,80.3882859942959,0.75,62.084012487424076
Tekirdag,1995,3,,,7,1995-03-01,-0.004213978008281556,0.8042243575554168,-6.37647373652173,23.4384856221573,,,0.75,
Tekirdag,1995,4,0.5476203274965569,18.22492408758453,10,1995-04-01,0.3589365807592279,0.76297292290068,11.650205110967432,27.62053614569861,46.69969679887639,58.83166753200762,0.75,49.732689482159195
Tekirdag,1995,5,0.6067295429726353,25.950768584599754,14,1995-05-01,0.4909109921080576,0.8305317246621506,22.95094549298597,36.48105643056582,34.1023205484461,77.8285403168293,0.75,45.0338754905419
Tekirdag,1995,6,0.46473172664198675,35.09419833204243,14,1995-06-01,0.3605264365280641,0.685446618911345,23.34347465697919,41.799034400861544,32.07104260177981,36.32962728774255,0.75,33.135688773270495
Tekirdag,1995,7,0.4954339935619906,32.51266289129542,14,1995-07-01,0.34307704886934254,0.5586179129993682,29.225946974140832,43.84808638844113,70.68587448955304,77.52233223860378,0.75,72.39498892681573
Tekirdag,1995,8,0.47521569856794393,31.729916959568616,14,1995-08-01,0.2588177933406586,0.4933459379731013,31.729916959568616,45.889186749332026,92.26948243948655,100.0,0.75,94.20211182961492
Tekirdag,1995,9,0.3142268212882871,35.3837287895305,7,1995-09-01,0.20634531800365485,0.3684679317251474,27.55670785601816,40.686863961492165,66.54315570680342,40.388972753726584,0.75,60.00460996853421
Tekirdag,1995,10,0.2553029655732782,22.195077019902012,8,1995-10-01,0.2060988946648045,0.6360863033610373,13.799725248551503,32.91324769072603,11.44314226727374,56.07637578709235,0.75,22.601450647228393
Tekirdag,1995,11,0.24567402273511155,1.8349735012981674,6,1995-11-01,0.15654052524097636,0.40777133456846726,1.8349735012981674,23.505586702922745,35.47872879633388,99.99999999999999,0.75,51.60904659725041
Tekirdag,1995,12,,,2,1995-12-01,0.03350860470922411,0.6178967893219002,0.3252400200222403,14.937566957105162,,,0.75,
Tekirdag,1996,1,,,1,1996-01-01,-0.0050865274920376905,0.6300042436764792,-38.83809844924997,13.655763930805435,,,0.75,
Tekirdag,1996,2,,,6,1996-02-01,0.16328460709512352,0.6688530490177179,1.5208725686927114,15.678807865115092,,,0.75,
Tekirdag,1996,3,,,3,1996-03-01,-0.004213978008281556,0.8042243575554168,-6.37647373652173,23.4384856221573,,,0.75,
Tekirdag,1996,4,0.38378297987376214,15.361579563190853,11,1996-04-01,0.3589365807592279,0.76297292290068,11.650205110967432,27.62053614569861,6.149545603458506,76.76081701655289,0.75,23.802363456732103
Tekirdag,1996,5,0.5402181271727258,33.022665054273006,12,1996-05-01,0.4909109921080576,0.8305317246621506,22.95094549298597,36.48105643056582,14.518293595876033,25.56070229023135,0.75,17.278895769464864
Tekirdag,1996,6,0.49668679520148024,35.23080608014729,14,1996-06-01,0.3605264365280641,0.685446618911345,23.34347465697919,41.799034400861544,41.90578673035437,35.58942894100782,0.75,40.32669728301773
Tekirdag,1996,7,0.4110564870833046,35.618563839350784,14,1996-07-01,0.34307704886934254,0.5586179129993682,29.225946974140832,43.84808638844113,31.539002355002744,56.28124801656563,0.75,37.724563770393466
Tekirdag,1996,8,0.31115300326228473,42.72642012475822,12,1996-08-01,0.2588177933406586,0.4933459379731013,31.729916959568616,45.889186749332026,22.315108493117943,22.33707437978447,0.75,22.320599964784574
Tekirdag,1996,9,0.3178839722720962,27.55670785601816,11,1996-09-01,0.20634531800365485,0.3684679317251474,27.55670785601816,40.686863961492165,68.7989489609707,100.0,0.75,76.59921172072802
Tekirdag,1996,10,0.29698250533457415,13.799725248551503,12,1996-10-01,0.2060988946648045,0.6360863033610373,13.799725248551503,32.91324769072603,21.13634232810173,100.0,0.75,40.85225674607629
Tekirdag,1996,11,0.25247387061562804,12.199879238088487,9,1996-11-01,0.15654052524097636,0.40777133456846726,1.8349735012981674,23.505586702922745,38.18534264625091,52.17068552534871,0.75,41.68167836602536
Tekirdag,1996,12,,,5,1996-12-01,0.03350860470922411,0.6178967893219002,0.3252400200222403,14.937566957105162,,,0.75,
Tekirdag,1997,1,0.4513900531816963,5.185346885047151,8,1997-01-01,-0.0050865274920376905,0.6300042436764792,-38.83809844924997,13.655763930805435,71.8758012864607,16.13601411996033,0.75,57.940854494835605
Tekirdag,1997,2,,,6,1997-02-01,0.16328460709512352,0.6688530490177179,1.5208725686927114,15.678807865115092,,,0.75,
Tekirdag,1997,3,0.4351970219615319,14.513914801879189,8,1997-03-01,-0.004213978008281556,0.8042243575554168,-6.37647373652173,23.4384856221573,54.35306326281845,29.93319800612172,0.75,48.24809694864427
Tekirdag,1997,4,,,9,1997-04-01,0.3589365807592279,0.76297292290068,11.650205110967432,27.62053614569861,,,0.75,
Tekirdag,1997,5,0.5745799962079687,35.37937603400256,14,1997-05-01,0.4909109921080576,0.8305317246621506,22.95094549298597,36.48105643056582,24.63601190383298,8.142434320352434,0.75,20.512617507962844
Tekirdag,1997,6,0.48448550516294864,36.120126996403656,12,1997-06-01,0.3605264365280641,0.685446618911345,23.34347465697919,41.799034400861544,38.15062140050768,30.770713450402564,0.75,36.3056444129814
Tekirdag,1997,7,0.44226783134961495,39.221141820784005,12,1997-07-01,0.34307704886934254,0.5586179129993682,29.225946974140832,43.84808638844113,46.01947889586044,31.643417126306584,0.75,42.42546345347198
Tekirdag,1997,8,0.3345812386900149,34.686719737392714,14,1997-08-01,0.2588177933406586,0.4933459379731013,31.729916959568616,45.889186749332026,32.30462828591184,79.11754757323891,0.75,44.00785810774361
Tekirdag,1997,9,0.30459631679719446,31.31638438143805,14,1997-09-01,0.20634531800365485,0.3684679317251474,27.55670785601816,40.686863961492165,60.60289588121444,71.36609423971382,0.75,63.29369547083928
Tekirdag,1997,10,,,11,1997-10-01,0.2060988946648045,0.6360863033610373,13.799725248551503,32.91324769072603,,,0.75,
Tekirdag,1997,11,0.1908290751408395,5.194158795773834,10,1997-11-01,0.15654052524097636,0.40777133456846726,1.8349735012981674,23.505586702922745,13.648226502015696,84.49889136397933,0.75,31.3608927175066
Tekirdag,1997,12,,,2,1997-12-01,0.03350860470922411,0.6178967893219002,0.3252400200222403,14.937566957105162,,,0.75,
Tekirdag,1998,1,0.29938767585688675,7.865862968962868,4,1998-01-01,-0.0050865274920376905,0.6300042436764792,-38.83809844924997,13.655763930805435,47.94184031185274,11.029672230867108,0.75,38.71379829160633
Tekirdag,1998,2,0.38161647571308865,7.129659995072784,11,1998-02-01,0.16328460709512352,0.6688530490177179,1.5208725686927114,15.678807865115092,43.18542268731897,60.38414282203015,0.75,47.485102720996764
Tekirdag,1998,3,,,6,1998-03-01,-0.004213978008281556,0.8042243575554168,-6.37647373652173,23.4384856221573,,,0.75,
Tekirdag,1998,4,0.4081148151531833,16.10924366255859,11,1998-04-01,0.3589365807592279,0.76297292290068,11.650205110967432,27.62053614569861,12.171735377392917,72.0792352901518,0.75,27.148610355582637
Tekirdag,1998,5,0.5598479777537271,24.14540400411865,8,1998-05-01,0.4909109921080576,0.8305317246621506,22.95094549298597,36.48105643056582,20.29822653264831,91.17184983446755,0.75,38.016632358103124
Tekirdag,1998,6,0.511188312722917,34.87881372164295,14,1998-06-01,0.3605264365280641,0.685446618911345,23.34347465697919,41.799034400861544,46.36888822656446,37.49667187153459,0.75,44.150834137806996
Tekirdag,1998,7,0.46820514152158643,37.84188144988923,14,1998-07-01,0.34307704886934254,0.5586179129993682,29.225946974140832,43.84808638844113,58.05307181878976,41.07610226091742,0.75,53.808829429321676
Tekirdag,1998,8,0.3461731253115192,36.53265402806454,12,1998-08-01,0.2588177933406586,0.4933459379731013,31.729916959568616,45.889186749332026,37.24727030428084,66.0806161630728,0.75,44.455606768978825
Tekirdag,1998,9,0.35459064023674963,30.547271729211612,12,1998-09-01,0.20634531800365485,0.3684679317251474,27.55670785601816,40.686863961492165,91.44024934594422,77.22369902406054,0.75,87.8861117654733
Tekirdag,1998,10,0.2778608745781356,16.02970170869881,10,1998-10-01,0.2060988946648045,0.6360863033610373,13.799725248551503,32.91324769072603,16.689321236387123,88.33299059922727,0.75,34.60023857709716
Tekirdag,1998,11,0.3258524424487224,16.451863026995444,10,1998-11-01,0.15654052524097636,0.40777133456846726,1.8349735012981674,23.505586702922745,67.3929752728059,32.549718876429885,0.75,58.6821611737119
Tekirdag,1998,12,,,7,1998-12-01,0.03350860470922411,0.6178967893219002,0.3252400200222403,14.937566957105162,,,0.75,
Tekirdag,1999,1,0.3641672260982174,8.23076089101271,9,1999-01-01,-0.0050865274920376905,0.6300042436764792,-38.83809844924997,13.655763930805435,58.14188622373733,10.334547304817692,0.75,46.19005149400742
Tekirdag,1999,2,0.3630774913974632,11.556124291878843,10,1999-02-01,0.16328460709512352,0.6688530490177179,1.5208725686927114,15.678807865115092,39.51846431366639,29.119242932816793,0.75,36.918658968454
Tekirdag,1999,3,0.4596509126282784,15.238669152576454,8,1999-03-01,-0.004213978008281556,0.8042243575554168,-6.37647373652173,23.4384856221573,57.377893925963036,27.50235668925676,0.75,49.90900961678647
Tekirdag,1999,4,0.6949117097067723,23.409137009691317,12,1999-04-01,0.3589365807592279,0.76297292290068,11.650205110967432,27.62053614569861,83.15468038514227,26.370143028648748,0.75,68.95854604601888
Tekirdag,1999,5,0.4909109921080576,27.434264780329766,14,1999-05-01,0.4909109921080576,0.8305317246621506,22.95094549298597,36.48105643056582,0.0,66.86413505382733,0.75,16.71603376345683
Tekirdag,1999,6,0.3605264365280641,33.14256540357975,11,1999-06-01,0.3605264365280641,0.685446618911345,23.34347465697919,41.799034400861544,0.0,46.904396926520945,0.75,11.726099231630236
Tekirdag,1999,7,0.4215951619129229,37.9772808902356,21,1999-07-01,0.34307704886934254,0.5586179129993682,29.225946974140832,43.84808638844113,36.428411549938886,40.15011300236919,0.75,37.35883691304646
Tekirdag,1999,8,0.3661980099737762,38.5506301647995,24,1999-08-01,0.2588177933406586,0.4933459379731013,31.729916959568616,45.889186749332026,45.785641975467854,51.828637306127256,0.75,47.296390808132706
Tekirdag,1999,9,0.28721335140197246,34.46108392339506,23,1999-09-01,0.20634531800365485,0.3684679317251474,27.55670785601816,40.686863961492165,49.88078562392246,47.41588742803719,0.75,49.264561074951146
Tekirdag,1999,10,0.2506097993757376,27.740749572863844,25,1999-10-01,0.2060988946648045,0.6360863033610373,13.799725248551503,32.91324769072603,10.351676307428358,27.061982601641876,0.75,14.529252880981737
Tekirdag,1999,11,0.31665161725686936,13.695812359780211,22,1999-11-01,0.15654052524097636,0.40777133456846726,1.8349735012981674,23.505586702922745,63.730675566618444,45.26763618487329,0.75,59.11491572118215
Tekirdag,1999,12,,,14,1999-12-01,0.03350860470922411,0.6178967893219002,0.3252400200222403,14.937566957105162,,,0.75,
Tekirdag,2000,1,0.3998836825424824,8.259185370475583,17,2000-01-01,-0.0050865274920376905,0.6300042436764792,-38.83809844924997,13.655763930805435,63.76572112509318,10.28039910886846,0.75,50.394390621037
Tekirdag,2000,2,0.4415748971218313,12.265103209202268,15,2000-02-01,0.16328460709512352,0.6688530490177179,1.5208725686927114,15.678807865115092,55.045027923106744,24.11159949837774,0.75,47.31167081692449
Tekirdag,2000,3,0.441723945301008,18.560118566620584,17,2000-03-01,-0.004213978008281556,0.8042243575554168,-6.37647373652173,23.4384856221573,55.16041282212962,16.362145582186216,0.75,45.460846012143776
Tekirdag,2000,4,0.4158633985975613,26.13256616962753,8,2000-04-01,0.3589365807592279,0.76297292290068,11.650205110967432,27.62053614569861,14.08952905983973,9.317089125047834,0.75,12.896419076141756
Tekirdag,2000,5,0.6040332690289785,28.30642897509879,24,2000-05-01,0.4909109921080576,0.8305317246621506,22.95094549298597,36.48105643056582,33.308413202631364,60.418037170427205,0.75,40.085819194580324
Tekirdag,2000,6,0.5907359319970307,34.63127567101325,18,2000-06-01,0.3605264365280641,0.685446618911345,23.34347465697919,41.799034400861544,70.85109142201819,38.83793734418845,0.75,62.84780290256075
Tekirdag,2000,7,0.4984518988644827,41.05435698500339,24,2000-07-01,0.34307704886934254,0.5586179129993682,29.225946974140832,43.84808638844113,72.0860290795762,19.10616035233193,0.75,58.84106189776514
Tekirdag,2000,8,0.27802712320405365,38.67962216266363,24,2000-08-01,0.2588177933406586,0.4933459379731013,31.729916959568616,45.889186749332026,8.190628844781221,50.91762988992998,0.75,18.872379106068408
Tekirdag,2000,9,0.24801043334625486,35.90909364765588,23,2000-09-01,0.20634531800365485,0.3684679317251474,27.55670785601816,40.686863961492165,25.699755503680528,36.38776474138352,0.75,28.371757813106274
Tekirdag,2000,10,0.26107424646045907,25.10657646040041,18,2000-10-01,0.2060988946648045,0.6360863033610373,13.799725248551503,32.91324769072603,12.785339915497907,40.843707662696325,0.75,19.79993185229751
Tekirdag,2000,11,0.27781745337128,18.697196671877524,23,2000-11-01,0.15654052524097636,0.40777133456846726,1.8349735012981674,23.505586702922745,48.27311126965069,22.188527783259733,0.75,41.75196539805295
Tekirdag,2000,12,0.3771519963817013,11.65991618422592,19,2000-12-01,0.03350860470922411,0.6178967893219002,0.3252400200222403,14.937566957105162,58.803959546211395,22.430724326057017,0.75,49.7106507411728
Tekirdag,2001,1,0.4388702731312348,11.472147745426923,15,2001-01-01,-0.0050865274920376905,0.6300042436764792,-38.83809844924997,13.655763930805435,69.9044641770541,4.159755229228775,0.75,53.46828694009777
Tekirdag,2001,2,0.48089162404239555,10.621323560015185,15,2001-02-01,0.16328460709512352,0.6688530490177179,1.5208725686927114,15.678807865115092,62.821764693117366,35.72190576671092,0.75,56.04679996151576
Tekirdag,2001,3,0.5761677734984987,12.556771049302371,20,2001-03-01,-0.004213978008281556,0.8042243575554168,-6.37647373652173,23.4384856221573,71.79047875087448,36.4974992652046,0.75,62.96723387945701
Tekirdag,2001,4,0.581710861231437,23.055885679350215,18,2001-04-01,0.3589365807592279,0.76297292290068,11.650205110967432,27.62053614569861,55.13718872205224,28.582065433844207,0.75,48.49840790000023
Tekirdag,2001,5,0.5937385873378623,27.375041898303948,18,2001-05-01,0.4909109921080576,0.8305317246621506,22.95094549298597,36.48105643056582,30.277184333387794,67.30184677917119,0.75,39.533349944833645
Tekirdag,2001,6,0.4474594504147552,38.09901711032168,26,2001-06-01,0.3605264365280641,0.685446618911345,23.34347465697919,41.799034400861544,26.75519053603866,20.048252894450098,0.75,25.07845612564152
Tekirdag,2001,7,0.40239992179084305,42.50662249795691,28,2001-07-01,0.34307704886934254,0.5586179129993682,29.225946974140832,43.84808638844113,27.52279627389533,9.174197102595555,0.75,22.93564648107039
Tekirdag,2001,8,0.2821062147223082,42.971991618635634,23,2001-08-01,0.2588177933406586,0.4933459379731013,31.729916959568616,45.889186749332026,9.929904753285664,20.602722979439296,0.75,12.598109309824071
Tekirdag,2001,9,0.24416172332960562,33.72561947942662,22,2001-09-01,0.20634531800365485,0.3684679317251474,27.55670785601816,40.686863961492165,23.32580536291801,53.01722558472386,0.75,30.748660418369475
Tekirdag,2001,10,0.2060988946648045,24.724780945411766,23,2001-10-01,0.2060988946648045,0.6360863033610373,13.799725248551503,32.91324769072603,0.0,42.84122285720701,0.75,10.710305714301752
Tekirdag,2001,11,0.25763288729860934,19.217534587757253,19,2001-11-01,0.15654052524097636,0.40777133456846726,1.8349735012981674,23.505586702922745,40.238839467278254,19.787405530564453,0.75,35.1259809830998
Tekirdag,2001,12,0.03350860470922411,2.2603426700000284,11,2001-12-01,0.03350860470922411,0.6178967893219002,0.3252400200222403,14.937566957105162,0.0,86.75705342270356,0.75,21.68926335567589
Tekirdag,2002,1,0.2620015395973543,7.652611532147332,22,2002-01-01,-0.0050865274920376905,0.6300042436764792,-38.83809844924997,13.655763930805435,42.055101288587615,11.435912936250142,0.75,34.40030420050324
Tekirdag,2002,2,0.32819177616827094,14.287716644341417,21,2002-02-01,0.16328460709512352,0.6688530490177179,1.5208725686927114,15.678807865115092,32.61816905462538,9.825523225305275,0.75,26.920007597295356
Tekirdag,2002,3,0.32364589626996554,22.78635380054648,14,2002-03-01,-0.004213978008281556,0.8042243575554168,-6.37647373652173,23.4384856221573,40.554716402660546,2.1872638287564508,0.75,30.962853259184524
Tekirdag,2002,4,0.5612832677619939,18.48269326914907,11,2002-04-01,0.3589365807592279,0.76297292290068,11.650205110967432,27.62053614569861,50.081308510590596,57.21761719702107,0.75,51.865385682198216
Tekirdag,2002,5,0.58967894481819,33.64940309354344,19,2002-05-01,0.4909109921080576,0.8305317246621506,22.95094549298597,36.48105643056582,29.08183842822411,20.928530076996413,0.75,27.043511340417187
Tekirdag,2002,6,0.5132188593987098,35.16579326898349,20,2002-06-01,0.3605264365280641,0.685446618911345,23.34347465697919,41.799034400861544,46.99382529907834,35.94169574876664,0.75,44.230792911500416
Tekirdag,2002,7,0.5586179129993682,40.619039880195224,23,2002-07-01,0.34307704886934254,0.5586179129993682,29.225946974140832,43.84808638844113,100.0,22.083269874228762,0.75,80.5208174685572
Tekirdag,2002,8,0.4014842429792522,35.446489697938446,11,2002-08-01,0.2588177933406586,0.4933459379731013,31.729916959568616,45.889186749332026,60.831270320320584,73.75166379655563,0.75,64.06136868937935
Tekirdag,2002,9,0.31428331027425505,28.526701151199955,13,2002-09-01,0.20634531800365485,0.3684679317251474,27.55670785601816,40.686863961492165,66.57799907915675,92.61247705366276,0.75,73.08661857278325
Tekirdag,2002,10,0.30496303560048355,23.74412008595833,12,2002-10-01,0.2060988946648045,0.6360863033610373,13.799725248551503,32.91324769072603,22.992333946578935,47.97194045476287,0.75,29.23723557362492
Tekirdag,2002,11,0.36410982776389056,19.785779422631514,11,2002-11-01,0.15654052524097636,0.40777133456846726,1.8349735012981674,23.505586702922745,82.62095842406737,17.165214688121374,0.75,66.25702249008087
Tekirdag,2002,12,0.4096140382688187,6.931581070746022,6,2002-12-01,0.03350860470922411,0.6178967893219002,0.3252400200222403,14.937566957105162,64.35883603787639,54.78926060736899,0.75,61.96644218024954
Tekirdag,2003,1,0.2683443034967846,4.044447779903151,9,2003-01-01,-0.0050865274920376905,0.6300042436764792,-38.83809844924997,13.655763930805435,43.053818981770306,18.30940935783384,0.75,36.86771657578619
Tekirdag,2003,2,0.25756607246550933,1.5208725686927114,8,2003-02-01,0.16328460709512352,0.6688530490177179,1.5208725686927114,15.678807865115092,18.648605718317533,99.99999999999999,0.75,38.986454288738145
Tekirdag,2003,3,0.39129321121656824,19.124599121614207,11,2003-03-01,-0.004213978008281556,0.8042243575554168,-6.37647373652173,23.4384856221573,48.92236944071624,14.468865942919145,0.75,40.30899356626696
Tekirdag,2003,4,0.4836090705103333,24.93442360454323,13,2003-04-01,0.3589365807592279,0.76297292290068,11.650205110967432,27.62053614569861,30.85675142248909,16.819391754083277,0.75,27.34741150538764
Tekirdag,2003,5,0.6879640787541952,34.79061158118456,10,2003-05-01,0.4909109921080576,0.8305317246621506,22.95094549298597,36.48105643056582,58.0215127516551,12.493946702876311,0.75,46.6396212394604
Tekirdag,2003,6,0.3995826845435391,41.799034400861544,3,2003-06-01,0.3605264365280641,0.685446618911345,23.34347465697919,41.799034400861544,12.02025916918995,0.0,0.75,9.015194376892463
Tekirdag,2003,7,0.37478317554178603,38.75504579098397,16,2003-07-01,0.34307704886934254,0.5586179129993682,29.225946974140832,43.84808638844113,14.710030416003468,34.83102200814896,0.75,19.74027831403984
Tekirdag,2003,8,0.36490750219056334,42.45442816849824,16,2003-08-01,0.2588177933406586,0.4933459379731013,31.729916959568616,45.889186749332026,45.235384868699114,24.25802058886526,0.75,39.991043798740655
Tekirdag,2003,9,0.3684679317251474,32.752107659084956,20,2003-09-01,0.20634531800365485,0.3684679317251474,27.55670785601816,40.686863961492165,100.0,60.431545814593804,0.75,90.10788645364845
Tekirdag,2003,10,0.21296534022334396,23.99656217454914,15,2003-10-01,0.2060988946648045,0.6360863033610373,13.799725248551503,32.91324769072603,1.5968945647406863,46.65118919421138,0.75,12.860468222108361
Tekirdag,2003,11,0.26798857253533,18.10996457436512,9,2003-11-01,0.15654052524097636,0.40777133456846726,1.8349735012981674,23.505586702922745,44.36082007325622,24.898336186228146,0.75,39.4951991014992
Tekirdag,2003,12,0.37548397533307776,6.174472679648758,4,2003-12-01,0.03350860470922411,0.6178967893219002,0.3252400200222403,14.937566957105162,58.518529229079114,59.9705598922617,0.75,58.881536894874756
Tekirdag,2004,1,,,8,2004-01-01,-0.0050865274920376905,0.6300042436764792,-38.83809844924997,13.655763930805435,,,0.75,
Tekirdag,2004,2,0.4399946088823968,9.381263615668686,11,2004-02-01,0.16328460709512352,0.6688530490177179,1.5208725686927114,15.678807865115092,54.73245140361019,44.48066838557847,0.75,52.16950564910226
Tekirdag,2004,3,0.5724782686438817,12.450792388862173,15,2004-03-01,-0.004213978008281556,0.8042243575554168,-6.37647373652173,23.4384856221573,71.3341044434829,36.85295391857259,0.75,62.713816812255324
Tekirdag,2004,4,0.5784747187604061,24.083560290205796,15,2004-04-01,0.3589365807592279,0.76297292290068,11.650205110967432,27.62053614569861,54.336235408328314,22.14716681702365,0.75,46.288968260502145
Tekirdag,2004,5,0.5890080736029211,29.5470207165302,13,2004-05-01,0.4909109921080576,0.8305317246621506,22.95094549298597,36.48105643056582,28.884303015640857,51.248919879705895,0.75,34.47545723165712
Tekirdag,2004,6,0.5625909930455106,30.73839381575815,19,2004-06-01,0.3605264365280641,0.685446618911345,23.34347465697919,41.799034400861544,62.18898285582275,59.931211724801635,0.75,61.62454007306747
Tekirdag,2004,7,0.5037458542744679,37.24191340819513,22,2004-07-01,0.34307704886934254,0.5586179129993682,29.225946974140832,43.84808638844113,74.54215517490059,45.179250402887234,0.75,67.20142898189725
Tekirdag,2004,8,0.3366167534828985,40.64604589140104,18,2004-08-01,0.2588177933406586,0.4933459379731013,31.729916959568616,45.889186749332026,33.1725474842979,37.02974048648732,0.75,34.13684573484526
Tekirdag,2004,9,0.3421779375039117,35.85899079459243,21,2004-09-01,0.20634531800365485,0.3684679317251474,27.55670785601816,40.686863961492165,83.78388207680958,36.76935086009358,0.75,72.03024927263058
Tekirdag,2004,10,0.2242081820480239,28.87538625823782,11,2004-10-01,0.2060988946648045,0.6360863033610373,13.799725248551503,32.91324769072603,4.211585506219512,21.125679187100307,0.75,8.440108926439711
Tekirdag,2004,11,0.24820513579203096,8.043146548521378,11,2004-11-01,0.15654052524097636,0.40777133456846726,1.8349735012981674,23.505586702922745,36.486213930698916,71.35211177707791,0.75,45.202688392293666
Tekirdag,2004,12,0.27125408718482624,13.110908373558221,10,2004-12-01,0.03350860470922411,0.6178967893219002,0.3252400200222403,14.937566957105162,40.68280104485281,12.500805596617722,0.75,33.63730218279404
Tekirdag,2005,1,0.29205670528674643,8.192621670661584,16,2005-01-01,-0.0050865274920376905,0.6300042436764792,-38.83809844924997,13.655763930805435,46.78752176355264,10.407201932657799,0.75,37.692441805828935
Tekirdag,2005,2,0.2902012849601884,14.60963015509091,10,2005-02-01,0.16328460709512352,0.6688530490177179,1.5208725686927114,15.678807865115092,25.10375793679317,7.551791187337576,0.75,20.71576624942927
Tekirdag,2005,3,0.4033325588119873,21.719157633728518,17,2005-03-01,-0.004213978008281556,0.8042243575554168,-6.37647373652173,23.4384856221573,50.411579819022265,5.766662190429227,0.75,39.250350411874
Tekirdag,2005,4,0.5048512153121462,26.102263281702466,16,2005-04-01,0.3589365807592279,0.76297292290068,11.650205110967432,27.62053614569861,36.11423511547234,9.506834020499053,0.75,29.46238484172902
Tekirdag,2005,5,0.536547329296067,31.40178645767898,13,2005-05-01,0.4909109921080576,0.8305317246621506,22.95094549298597,36.48105643056582,13.437441479147813,37.54049021711404,0.75,19.46320366363937
Tekirdag,2005,6,0.684717868497505,32.16506247403667,24,2005-06-01,0.3605264365280641,0.685446618911345,23.34347465697919,41.799034400861544,99.77571402044201,52.200919725657975,0.75,87.882015446746
Tekirdag,2005,7,0.5321413966799136,37.06398169730023,20,2005-07-01,0.34307704886934254,0.5586179129993682,29.225946974140832,43.84808638844113,87.71624284503069,46.39611549939211,0.75,77.38621100862105
Tekirdag,2005,8,0.34214628494028454,41.47055167213679,22,2005-08-01,0.2588177933406586,0.4933459379731013,31.729916959568616,45.889186749332026,35.53027366085212,31.206659261410014,0.75,34.44937006099159
Tekirdag,2005,9,0.26533095633363707,37.46924883662,20,2005-09-01,0.20634531800365485,0.3684679317251474,27.55670785601816,40.686863961492165,36.38335021622126,24.505535951173755,0.75,33.41389664995938
Tekirdag,2005,10,0.256065856578431,23.01761211555625,13,2005-10-01,0.2060988946648045,0.6360863033610373,13.799725248551503,32.91324769072603,11.62056397538049,51.77295605824482,0.75,21.658661996096573
Tekirdag,2005,11,0.23299538476567935,17.24662350614906,8,2005-11-01,0.15654052524097636,0.40777133456846726,1.8349735012981674,23.505586702922745,30.432119264895007,28.8822616071818,0.75,30.044654850466706
Tekirdag,2005,12,,,4,2005-12-01,0.03350860470922411,0.6178967893219002,0.3252400200222403,14.937566957105162,,,0.75,
Tekirdag,2006,1,,,2,2006-01-01,-0.0050865274920376905,0.6300042436764792,-38.83809844924997,13.655763930805435,,,0.75,
Tekirdag,2006,2,0.18575231082319563,4.255218610786665,11,2006-02-01,0.16328460709512352,0.6688530490177179,1.5208725686927114,15.678807865115092,4.444047900345814,80.68683049579337,0.75,23.504743549207703
Tekirdag,2006,3,0.3991685740082567,14.580531080564096,11,2006-03-01,-0.004213978008281556,0.8042243575554168,-6.37647373652173,23.4384856221573,49.89651458515664,29.709765608030875,0.75,44.849827340875194
Tekirdag,2006,4,0.5029872010101618,25.938604433653875,11,2006-04-01,0.3589365807592279,0.76297292290068,11.650205110967432,27.62053614569861,35.65288693770575,10.531602058761234,0.75,29.372565717969625
Tekirdag,2006,5,0.5322847416648305,36.48105643056582,16,2006-05-01,0.4909109921080576,0.8305317246621506,22.95094549298597,36.48105643056582,12.182339177477372,0.0,0.75,9.136754383108029
Tekirdag,2006,6,0.5396433892467875,30.493639891446918,19,2006-06-01,0.3605264365280641,0.685446618911345,23.34347465697919,41.799034400861544,55.126447180013656,61.25739162781088,0.75,56.65918329196296
Tekirdag,2006,7,0.5138091352429123,35.66462519314964,21,2006-07-01,0.34307704886934254,0.5586179129993682,29.225946974140832,43.84808638844113,79.21100579358124,55.96623697410622,0.75,73.39981358871248
Tekirdag,2006,8,0.38843084600121613,42.99775370901853,24,2006-08-01,0.2588177933406586,0.4933459379731013,31.729916959568616,45.889186749332026,55.265457740131694,20.420777930256584,0.75,46.554287787662915
Tekirdag,2006,9,0.2662074974882999,35.061648235322615,22,2006-09-01,0.20634531800365485,0.3684679317251474,27.55670785601816,40.686863961492165,36.924015786891516,42.84195618835316,0.75,38.403500887256925
Tekirdag,2006,10,0.24551617624693708,29.225564903414664,11,2006-10-01,0.2060988946648045,0.6360863033610373,13.799725248551503,32.91324769072603,9.167078101577426,19.293580230791946,0.75,11.698703633881056
Tekirdag,2006,11,0.39180305148015226,16.772209218534634,15,2006-11-01,0.15654052524097636,0.40777133456846726,1.8349735012981674,23.505586702922745,93.64397896457851,31.071467252635617,0.75,78.00085103659278
Tekirdag,2006,12,0.339537930737025,10.597298396373256,21,2006-12-01,0.03350860470922411,0.6178967893219002,0.3252400200222403,14.937566957105162,52.36747321142926,29.702788470447125,0.75,46.701302026183726
Tekirdag,2007,1,0.35148145779331535,12.16236064825387,15,2007-01-01,-0.0050865274920376905,0.6300042436764792,-38.83809844924997,13.655763930805435,56.14441296781815,2.8449102711081347,0.75,42.81953729364065
Tekirdag,2007,2,0.4942239828345053,8.942334031715621,18,2007-02-01,0.16328460709512352,0.6688530490177179,1.5208725686927114,15.678807865115092,65.45886734561067,47.580905636019786,0.75,60.989376918212955
Tekirdag,2007,3,0.5492546496242233,15.888775697270825,17,2007-03-01,-0.004213978008281556,0.8042243575554168,-6.37647373652173,23.4384856221573,68.46145256664367,25.321885681822277,0.75,57.67656084543832
Tekirdag,2007,4,0.5987815289017019,24.50800232811358,14,2007-04-01,0.3589365807592279,0.76297292290068,11.650205110967432,27.62053614569861,59.36222144554137,19.489475896373744,0.75,49.394035058249464
Tekirdag,2007,5,0.5627733607081913,32.564095907491186,19,2007-05-01,0.4909109921080576,0.8305317246621506,22.95094549298597,36.48105643056582,21.15959413304893,28.949951269026823,0.75,23.107183417043405
Tekirdag,2007,6,0.42582845331927677,41.34101151932656,18,2007-06-01,0.3605264365280641,0.685446618911345,23.34347465697919,41.799034400861544,20.097864131499655,2.481760986343491,0.75,15.693838345210613
Tekirdag,2007,7,0.3555596972680026,42.38217545756812,23,2007-07-01,0.34307704886934254,0.5586179129993682,29.225946974140832,43.84808638844113,5.791314073571607,10.025283505636457,0.75,6.849806431587821
Tekirdag,2007,8,0.2588177933406586,45.889186749332026,24,2007-08-01,0.2588177933406586,0.4933459379731013,31.729916959568616,45.889186749332026,0.0,0.0,0.75,0.0
Tekirdag,2007,9,0.2254222730494301,29.849532418669657,11,2007-09-01,0.20634531800365485,0.3684679317251474,27.55670785601816,40.686863961492165,11.766992036377601,82.53772046399654,0.75,29.459674143282335
Tekirdag,2007,10,0.26839229274354387,22.197517207777413,6,2007-10-01,0.2060988946648045,0.6360863033610373,13.799725248551503,32.91324769072603,14.487260979948116,56.06360897300675,0.75,24.881347978212773
Tekirdag,2007,11,0.33544283470109526,9.115971199852599,6,2007-11-01,0.15654052524097636,0.40777133456846726,1.8349735012981674,23.505586702922745,71.21033838923455,66.40151512644508,0.75,70.00813257353718
Tekirdag,2007,12,,,4,2007-12-01,0.03350860470922411,0.6178967893219002,0.3252400200222403,14.937566957105162,,,0.75,
Tekirdag,2008,1,0.34440828339504664,9.541287389974377,7,2008-01-01,-0.0050865274920376905,0.6300042436764792,-38.83809844924997,13.655763930805435,55.03068643936385,7.838014492136739,0.75,43.23251845255707
Tekirdag,2008,2,0.47819972734096494,15.33818554590045,9,2008-02-01,0.16328460709512352,0.6688530490177179,1.5208725686927114,15.678807865115092,62.28931518119892,2.4058756597137094,0.75,47.318455300827615
Tekirdag,2008,3,0.8042243575554168,19.997593744233402,14,2008-03-01,-0.004213978008281556,0.8042243575554168,-6.37647373652173,23.4384856221573,100.0,11.540823640003614,0.75,77.8852059100009
Tekirdag,2008,4,0.6810057124648856,24.362242561824768,9,2008-04-01,0.3589365807592279,0.76297292290068,11.650205110967432,27.62053614569861,79.71291146698435,20.402166847937764,0.75,64.8852253122227
Tekirdag,2008,5,0.6600771136981123,32.47051025873986,20,2008-05-01,0.4909109921080576,0.8305317246621506,22.95094549298597,36.48105643056582,49.8103046648104,29.6416355366805,0.75,44.76813738277792
Tekirdag,2008,6,0.4512015758448791,34.98373539296983,20,2008-06-01,0.3605264365280641,0.685446618911345,23.34347465697919,41.799034400861544,27.90689659587018,36.92816204152709,0.75,30.162212957284407
Tekirdag,2008,7,0.40754051945366293,39.238689187970536,21,2008-07-01,0.34307704886934254,0.5586179129993682,29.225946974140832,43.84808638844113,29.907772173276896,31.523411655907573,0.75,30.311682043934567
Tekirdag,2008,8,0.30716054858435454,43.68706301721616,20,2008-08-01,0.2588177933406586,0.4933459379731013,31.729916959568616,45.889186749332026,20.61277349866035,15.552523292605901,0.75,19.347710947146737
Tekirdag,2008,9,0.25239884820771774,33.34980980050995,15,2008-09-01,0.20634531800365485,0.3684679317251474,27.55670785601816,40.686863961492165,28.406604820211818,55.87941302482589,0.75,35.274806871365335
Tekirdag,2008,10,,,5,2008-10-01,0.2060988946648045,0.6360863033610373,13.799725248551503,32.91324769072603,,,0.75,
Tekirdag,2008,11,0.24174279165885892,22.902868369476174,8,2008-11-01,0.15654052524097636,0.40777133456846726,1.8349735012981674,23.505586702922745,33.91394019147449,2.7812703214202874,0.75,26.130772723960938
Tekirdag,2008,12,,,4,2008-12-01,0.03350860470922411,0.6178967893219002,0.3252400200222403,14.937566957105162,,,0.75,
Tekirdag,2009,1,,,7,2009-01-01,-0.0050865274920376905,0.6300042436764792,-38.83809844924997,13.655763930805435,,,0.75,
Tekirdag,2009,2,0.504709993156163,7.1690431171602045,10,2009-02-01,0.16328460709512352,0.6688530490177179,1.5208725686927114,15.678807865115092,67.53297036552647,60.10597286812894,0.75,65.67622099117709
Tekirdag,2009,3,0.5844142288387463,17.720410964020864,7,2009-03-01,-0.004213978008281556,0.8042243575554168,-6.37647373652173,23.4384856221573,72.81052628913201,19.17854252070924,0.75,59.40253034702632
Tekirdag,2009,4,0.6023528169161754,11.650205110967432,13,2009-04-01,0.3589365807592279,0.76297292290068,11.650205110967432,27.62053614569861,60.2461241151738,100.0,0.75,70.18459308638035
Tekirdag,2009,5,0.6923431173027029,32.11138275108521,25,2009-05-01,0.4909109921080576,0.8305317246621506,22.95094549298597,36.48105643056582,59.31090357169589,32.29591907738062,0.75,52.55715744811707
Tekirdag,2009,6,0.44991195624363933,37.03881791737081,23,2009-06-01,0.3605264365280641,0.685446618911345,23.34347465697919,41.799034400861544,27.509993088128546,25.79285889753982,0.75,27.080709540481365
Tekirdag,2009,7,0.42632200488419986,38.83549990888151,27,2009-07-01,0.34307704886934254,0.5586179129993682,29.225946974140832,43.84808638844113,38.62142631322083,34.280800760642215,0.75,37.536269925076176
Tekirdag,2009,8,0.4128613333649857,38.90297902341414,27,2009-08-01,0.2588177933406586,0.4933459379731013,31.729916959568616,45.889186749332026,65.68232578897826,49.340169582534806,0.75,61.596786737367395
Tekirdag,2009,9,0.30582895661815107,33.72579153751975,21,2009-09-01,0.20634531800365485,0.3684679317251474,27.55670785601816,40.686863961492165,61.36320919757519,53.01591518070622,0.75,59.276385693357945
Tekirdag,2009,10,0.34204299888943296,22.97361583544787,21,2009-10-01,0.2060988946648045,0.6360863033610373,13.799725248551503,32.91324769072603,31.615833737277406,52.00314010852381,0.75,36.71266033008901
Tekirdag,2009,11,0.3435154170410479,17.2147884824251,17,2009-11-01,0.15654052524097636,0.40777133456846726,1.8349735012981674,23.505586702922745,74.4235519125129,29.02916572765022,0.75,63.07495536629724
Tekirdag,2009,12,,,7,2009-12-01,0.03350860470922411,0.6178967893219002,0.3252400200222403,14.937566957105162,,,0.75,
Tekirdag,2010,1,,,3,2010-01-01,-0.0050865274920376905,0.6300042436764792,-38.83809844924997,13.655763930805435,,,0.75,
Tekirdag,2010,2,0.4472050943394335,7.953425120274132,10,2010-02-01,0.16328460709512352,0.6688530490177179,1.5208725686927114,15.678807865115092,56.15866492073884,54.56574410813358,0.75,55.76043471758753
Tekirdag,2010,3,0.49185386446869883,16.125436210704496,12,2010-03-01,-0.004213978008281556,0.8042243575554168,-6.37647373652173,23.4384856221573,61.361246820524414,24.528121348332483,0.75,52.15296545247644
Tekirdag,2010,4,0.5952624617043949,21.76071377591939,20,2010-04-01,0.3589365807592279,0.76297292290068,11.650205110967432,27.62053614569861,58.491243558093075,36.69192803227235,0.75,53.0414146766379
Tekirdag,2010,5,0.6323358992392604,30.193567978005667,25,2010-05-01,0.4909109921080576,0.8305317246621506,22.95094549298597,36.48105643056582,41.642012272815926,46.47033924235366,0.75,42.849094015200365
Tekirdag,2010,6,0.4492976102101692,36.82459998294636,16,2010-06-01,0.3605264365280641,0.685446618911345,23.34347465697919,41.799034400861544,27.320917103693247,26.953581939253336,0.75,27.22908331258327
Tekirdag,2010,7,0.49037270965621166,37.50073478382636,23,2010-07-01,0.34307704886934254,0.5586179129993682,29.225946974140832,43.84808638844113,68.33769614007511,43.40918537821578,0.75,62.105568449610274
Tekirdag,2010,8,0.37950371299060254,40.01579598092443,16,2010-08-01,0.2588177933406586,0.4933459379731013,31.729916959568616,45.889186749332026,51.45903483741169,41.4808874724163,0.75,48.96449799616284
Tekirdag,2010,9,0.2971424073355891,34.322475921846674,17,2010-09-01,0.20634531800365485,0.3684679317251474,27.55670785601816,40.686863961492165,56.00519708367945,48.47153368566697,0.75,54.12178123417633
Tekirdag,2010,10,0.26610602878686396,25.289614116885136,16,2010-10-01,0.2060988946648045,0.6360863033610373,13.799725248551503,32.91324769072603,13.955556118261093,39.88607331225945,0.75,20.438185416760682
Tekirdag,2010,11,0.23743021464408737,18.139648563250613,12,2010-11-01,0.15654052524097636,0.40777133456846726,1.8349735012981674,23.505586702922745,32.1973605146762,24.761358110853383,0.75,30.338359913720492
Tekirdag,2010,12,0.3178884619745315,13.005810717560756,7,2010-12-01,0.03350860470922411,0.6178967893219002,0.3252400200222403,14.937566957105162,48.662834867852474,13.220045293689855,0.75,39.80213747431182
Tekirdag,2011,1,0.5965511555452383,4.18137992302618,8,2011-01-01,-0.0050865274920376905,0.6300042436764792,-38.83809844924997,13.655763930805435,94.73255010938202,18.048555732448765,0.75,75.56155151514871
Tekirdag,2011,2,0.46906828637517195,13.765511125642947,13,2011-02-01,0.16328460709512352,0.6688530490177179,1.5208725686927114,15.678807865115092,60.48314212754319,13.513953125323454,0.75,48.74084487698825
Tekirdag,2011,3,0.5130069754494092,19.911789598157686,12,2011-03-01,-0.004213978008281556,0.8042243575554168,-6.37647373652173,23.4384856221573,63.977786641828295,11.82861254839513,0.75,50.94049311847001
Tekirdag,2011,4,,,10,2011-04-01,0.3589365807592279,0.76297292290068,11.650205110967432,27.62053614569861,,,0.75,
Tekirdag,2011,5,0.7891641373328415,24.54066203311174,19,2011-05-01,0.4909109921080576,0.8305317246621506,22.95094549298597,36.48105643056582,87.8194752663634,88.25052841429158,0.75,87.92723855334545
Tekirdag,2011,6,0.5577121288440449,33.7125013148178,20,2011-06-01,0.3605264365280641,0.685446618911345,23.34347465697919,41.799034400861544,60.68742509918251,43.81624398427832,0.75,56.46962982045646
Tekirdag,2011,7,0.43555570077131894,39.02792826659044,18,2011-07-01,0.34307704886934254,0.5586179129993682,29.225946974140832,43.84808638844113,42.90539164127521,32.96479390106638,0.75,40.420242206223
Tekirdag,2011,8,0.39070170994857684,39.116672755224506,26,2011-08-01,0.2588177933406586,0.4933459379731013,31.729916959568616,45.889186749332026,56.23372700731054,47.83095523050051,0.75,54.133034063108035
Tekirdag,2011,9,0.2831084878254183,36.781866310255424,24,2011-09-01,0.20634531800365485,0.3684679317251474,27.55670785601816,40.686863961492165,47.3488355878801,29.740679546138335,0.75,42.94679657744466
Tekirdag,2011,10,0.3229312239101066,22.2074302341453,22,2011-10-01,0.2060988946648045,0.6360863033610373,13.799725248551503,32.91324769072603,27.17110475386943,56.01174503009474,0.75,34.38126482292576
Tekirdag,2011,11,0.35390894037627035,13.486324427790821,13,2011-11-01,0.15654052524097636,0.40777133456846726,1.8349735012981674,23.505586702922745,78.560593608571,46.234327482624316,0.75,70.47902707708433
Tekirdag,2011,12,0.41123909002110415,10.543206095860688,6,2011-12-01,0.03350860470922411,0.6178967893219002,0.3252400200222403,14.937566957105162,64.63691348623591,30.07297113023483,0.75,55.99592789723564
Tekirdag,2012,1,0.33898567210377306,1.3984242807596496,5,2012-01-01,-0.0050865274920376905,0.6300042436764792,-38.83809844924997,13.655763930805435,54.17685395785946,23.350043403746295,0.75,46.470151319331165
Tekirdag,2012,2,0.37333276869080634,4.672239951976171,8,2012-02-01,0.16328460709512352,0.6688530490177179,1.5208725686927114,15.678807865115092,41.54692899677517,77.74133503718024,0.75,50.59553050687644
Tekirdag,2012,3,0.5899481157221651,21.58259740474368,10,2012-03-01,-0.004213978008281556,0.8042243575554168,-6.37647373652173,23.4384856221573,73.4950419336753,6.224688067110777,0.75,56.67745346703417
Tekirdag,2012,4,0.6539783863056495,22.73371618547904,10,2012-04-01,0.3589365807592279,0.76297292290068,11.650205110967432,27.62053614569861,73.02358099339693,30.599365470834947,0.75,62.41752711275644
Tekirdag,2012,5,0.6009522224939047,34.17310894943801,10,2012-05-01,0.4909109921080576,0.8305317246621506,22.95094549298597,36.48105643056582,32.40121106809057,17.057860735771893,0.75,28.565373485010902
Tekirdag,2012,6,0.685446618911345,36.305211078841985,12,2012-06-01,0.3605264365280641,0.685446618911345,23.34347465697919,41.799034400861544,100.0,29.7678498959678,0.75,82.44196247399195
Tekirdag,2012,7,0.3823562287259178,43.84808638844113,14,2012-07-01,0.34307704886934254,0.5586179129993682,29.225946974140832,43.84808638844113,18.22354197897247,0.0,0.75,13.667656484229353
Tekirdag,2012,8,0.26894507980686483,41.342290052423785,10,2012-08-01,0.2588177933406586,0.4933459379731013,31.729916959568616,45.889186749332026,4.318154003255321,32.112508373810826,0.75,11.266742595894197
Tekirdag,2012,9,0.23774303238914216,37.988205445476964,9,2012-09-01,0.20634531800365485,0.3684679317251474,27.55670785601816,40.686863961492165,19.366647048649767,20.55313352207687,0.75,19.66326866700654
Tekirdag,2012,10,0.2732390045826694,26.96887989843771,13,2012-10-01,0.2060988946648045,0.6360863033610373,13.799725248551503,32.91324769072603,15.614436274178544,31.100326014067956,0.75,19.4859087091509
Tekirdag,2012,11,,,6,2012-11-01,0.15654052524097636,0.40777133456846726,1.8349735012981674,23.505586702922745,,,0.75,
Tekirdag,2012,12,0.38197393848216843,10.555728823339841,4,2012-12-01,0.03350860470922411,0.6178967893219002,0.3252400200222403,14.937566957105162,59.62908610205766,29.987271381433196,0.75,52.218632421901546
Tekirdag,2013,1,,,5,2013-01-01,-0.0050865274920376905,0.6300042436764792,-38.83809844924997,13.655763930805435,,,0.75,
Tekirdag,2013,2,0.607649264288031,12.228735832891058,8,2013-02-01,0.16328460709512352,0.6688530490177179,1.5208725686927114,15.678807865115092,87.89406544108273,24.368468706703617,0.75,72.01266625748795
Tekirdag,2013,3,0.5352781647229162,13.854254353396225,3,2013-03-01,-0.004213978008281556,0.8042243575554168,-6.37647373652173,23.4384856221573,66.73262746193588,32.1457130075582,0.75,58.08589884834146
Tekirdag,2013,4,0.76297292290068,24.676809830165684,11,2013-04-01,0.3589365807592279,0.76297292290068,11.650205110967432,27.62053614569861,100.0,18.43246898972295,0.75,79.60811724743074
Tekirdag,2013,5,0.7168545407347513,31.71850217490273,23,2013-05-01,0.4909109921080576,0.8305317246621506,22.95094549298597,36.48105643056582,66.52819659374198,35.19966892832421,0.75,58.69606467738753
Tekirdag,2013,6,0.4634684689137113,33.70174825968424,26,2013-06-01,0.3605264365280641,0.685446618911345,23.34347465697919,41.799034400861544,31.682252432141993,43.874508568407926,0.75,34.73031646620848
Tekirdag,2013,7,0.5021647141609852,39.33400836317866,28,2013-07-01,0.34307704886934254,0.5586179129993682,29.225946974140832,43.84808638844113,73.80858656837921,30.871529106388838,0.75,63.07432220288162
Tekirdag,2013,8,0.3125910997385547,39.366024177781064,26,2013-08-01,0.2588177933406586,0.4933459379731013,31.729916959568616,45.889186749332026,22.928295656016356,46.069908041917174,0.75,28.71369875249156
Tekirdag,2013,9,0.25006721393757647,35.89373337795395,18,2013-09-01,0.20634531800365485,0.3684679317251474,27.55670785601816,40.686863961492165,26.968412937772303,36.50474941070917,0.75,29.35249705600652
Tekirdag,2013,10,0.6360863033610373,24.259833621366422,14,2013-10-01,0.2060988946648045,0.6360863033610373,13.799725248551503,32.91324769072603,99.99999999999999,45.27377983592185,0.75,86.31844495898045
Tekirdag,2013,11,0.3148690622836789,19.082910218365164,23,2013-11-01,0.15654052524097636,0.40777133456846726,1.8349735012981674,23.505586702922745,63.02114675605492,20.408635618239114,0.75,52.36801897160097
Tekirdag,2013,12,0.4330424976586372,8.568830381848887,23,2013-12-01,0.03350860470922411,0.6178967893219002,0.3252400200222403,14.937566957105162,68.36789371677976,43.58468437421695,0.75,62.17209138113906
Tekirdag,2014,1,0.6300042436764792,13.655763930805435,21,2014-01-01,-0.0050865274920376905,0.6300042436764792,-38.83809844924997,13.655763930805435,100.0,0.0,0.75,75.0
Tekirdag,2014,2,0.6305083593647242,15.198421865029255,17,2014-02-01,0.16328460709512352,0.6688530490177179,1.5208725686927114,15.678807865115092,92.41552943708766,3.3930512467254097,0.75,70.15990988949709
Tekirdag,2014,3,0.6265663742232224,23.4384856221573,15,2014-03-01,-0.004213978008281556,0.8042243575554168,-6.37647373652173,23.4384856221573,78.02454738761007,0.0,0.75,58.51841054070755
Tekirdag,2014,4,0.6382034320240699,20.020868746448848,18,2014-04-01,0.3589365807592279,0.76297292290068,11.650205110967432,27.62053614569861,69.11924055759108,47.5861607547303,0.75,63.735970606875895
Tekirdag,2014,5,0.698992250333176,27.685296221862593,25,2014-05-01,0.4909109921080576,0.8305317246621506,22.95094549298597,36.48105643056582,61.268714857381774,65.00878114955454,0.75,62.203731430424966
Tekirdag,2014,6,0.400614677227444,36.110591267617224,24,2014-06-01,0.3605264365280641,0.685446618911345,23.34347465697919,41.799034400861544,12.33787338334409,30.822382047393198,0.75,16.959000549356368
Tekirdag,2014,7,0.43679689342386635,37.11840012995468,25,2014-07-01,0.34307704886934254,0.5586179129993682,29.225946974140832,43.84808638844113,43.48124191336034,46.02395085841467,0.75,44.116919149623925
Tekirdag,2014,8,0.4933459379731013,35.81846672216246,26,2014-08-01,0.2588177933406586,0.4933459379731013,31.729916959568616,45.889186749332026,100.0,71.12457193555485,0.75,92.78114298388871
Tekirdag,2014,9,0.3544142260132726,28.534584493278718,26,2014-09-01,0.20634531800365485,0.3684679317251474,27.55670785601816,40.686863961492165,91.33143403669928,92.55243708143821,0.75,91.636684797884
Tekirdag,2014,10,0.2798637975714131,25.425404278931843,23,2014-10-01,0.2060988946648045,0.6360863033610373,13.799725248551503,32.91324769072603,17.15513092122199,39.17563303387789,0.75,22.66025644938596
Tekirdag,2014,11,0.30369684456363083,15.760034907827672,19,2014-11-01,0.15654052524097636,0.40777133456846726,1.8349735012981674,23.505586702922745,58.57415327227222,35.742190232597636,0.75,52.866162512353576
Tekirdag,2014,12,0.3997083757459498,12.574752543970524,17,2014-12-01,0.03350860470922411,0.6178967893219002,0.3252400200222403,14.937566957105162,62.66378764646611,16.170007852331352,0.75,51.04034269793242
Tekirdag,2015,1,0.3816742146815601,3.8164162403382527,20,2015-01-01,-0.0050865274920376905,0.6300042436764792,-38.83809844924997,13.655763930805435,60.898498251200934,18.743805931501733,0.75,50.359825171276135
Tekirdag,2015,2,0.44629024877467144,10.21712352500216,16,2015-02-01,0.16328460709512352,0.6688530490177179,1.5208725686927114,15.678807865115092,55.977711069805615,38.57684207310274,0.75,51.627493820629894
Tekirdag,2015,3,0.4632200054823896,15.706498535693848,25,2015-03-01,-0.004213978008281556,0.8042243575554168,-6.37647373652173,23.4384856221573,57.81937383817212,25.933247110775277,0.75,49.84784215632291
Tekirdag,2015,4,0.6793591975972468,20.495217733775686,23,2015-04-01,0.3589365807592279,0.76297292290068,11.650205110967432,27.62053614569861,79.30539494039864,44.615971932123834,0.75,70.63303918832995
Tekirdag,2015,5,0.557515687354138,34.445759052134264,25,2015-05-01,0.4909109921080576,0.8305317246621506,22.95094549298597,36.48105643056582,19.611492721655907,15.042724984453189,0.75,18.469300787355227
Tekirdag,2015,6,0.5261868809416241,33.71624370182147,25,2015-06-01,0.3605264365280641,0.685446618911345,23.34347465697919,41.799034400861544,50.98496596870194,43.79596615442323,0.75,49.18771601513227
Tekirdag,2015,7,0.4756268779405242,39.80420085035305,28,2015-07-01,0.34307704886934254,0.5586179129993682,29.225946974140832,43.84808638844113,61.49638009766007,27.65590877989582,0.75,53.036262268219005
Tekirdag,2015,8,0.3778188554247019,43.14292428726935,28,2015-08-01,0.2588177933406586,0.4933459379731013,31.729916959568616,45.889186749332026,50.740631692858955,19.395509110562415,0.75,42.90435104728482
Tekirdag,2015,9,0.2783192574633477,38.07946738193631,24,2015-09-01,0.20634531800365485,0.3684679317251474,27.55670785601816,40.686863961492165,44.39475641771698,19.85807753244321,0.75,38.26058669639854
Tekirdag,2015,10,0.28543021906775506,24.167980605312597,19,2015-10-01,0.2060988946648045,0.6360863033610373,13.799725248551503,32.91324769072603,18.449685455555898,45.75434544768554,0.75,25.27585045358831
Tekirdag,2015,11,0.3355175131618612,17.212002432843917,23,2015-11-01,0.15654052524097636,0.40777133456846726,1.8349735012981674,23.505586702922745,71.24006343011064,29.042022076269713,0.75,60.69055309165041
Tekirdag,2015,12,0.5897981683313979,10.53534962363355,26,2015-12-01,0.03350860470922411,0.6178967893219002,0.3252400200222403,14.937566957105162,95.19178831291299,30.12673718858382,0.75,78.9255255318307
Tekirdag,2016,1,0.49045321185113555,5.032660469037038,22,2016-01-01,-0.0050865274920376905,0.6300042436764792,-38.83809844924997,13.655763930805435,78.02660058048384,16.426879392751015,0.75,62.62667028355064
Tekirdag,2016,2,0.46758278341055515,12.151238045000014,16,2016-02-01,0.16328460709512352,0.6688530490177179,1.5208725686927114,15.678807865115092,60.189313865840845,24.915849283521393,0.75,51.37094772026098
Tekirdag,2016,3,0.6403086477244956,19.715046414465757,23,2016-03-01,-0.004213978008281556,0.8042243575554168,-6.37647373652173,23.4384856221573,79.72440164943094,12.48849331940365,0.75,62.91542456692412
Tekirdag,2016,4,0.6598956137476577,27.62053614569861,22,2016-04-01,0.3589365807592279,0.76297292290068,11.650205110967432,27.62053614569861,74.4881095084919,0.0,0.75,55.86608213136893
Tekirdag,2016,5,0.8162331109482805,24.235947938949483,25,2016-05-01,0.4909109921080576,0.8305317246621506,22.95094549298597,36.48105643056582,95.78982896410994,90.50264663836256,0.75,94.4680333826731
Tekirdag,2016,6,0.5054473932832129,35.27365881894435,21,2016-06-01,0.3605264365280641,0.685446618911345,23.34347465697919,41.799034400861544,44.60201754540374,35.35723474374829,0.75,42.29082184498988
Tekirdag,2016,7,0.3998026646243399,41.70687866083087,28,2016-07-01,0.34307704886934254,0.5586179129993682,29.225946974140832,43.84808638844113,26.317801027640606,14.643600822983442,0.75,23.399250976476317
Tekirdag,2016,8,0.27856291601205885,41.54861255740913,28,2016-08-01,0.2588177933406586,0.4933459379731013,31.729916959568616,45.889186749332026,8.419084499365836,30.655353393018615,0.75,13.97815172277903
Tekirdag,2016,9,0.24874901968063912,34.91774242486535,23,2016-09-01,0.20634531800365485,0.3684679317251474,27.55670785601816,40.686863961492165,26.15532818255003,43.93795085362045,0.75,30.600983850317636
Tekirdag,2016,10,0.2392813392361276,29.46693546077859,24,2016-10-01,0.2060988946648045,0.6360863033610373,13.799725248551503,32.91324769072603,7.717073546859377,18.030754092417084,0.75,10.295493683248804
Tekirdag,2016,11,0.256614277351289,19.791549576750903,27,2016-11-01,0.15654052524097636,0.40777133456846726,1.8349735012981674,23.505586702922745,39.833391604395906,17.138588057551658,0.75,34.159690717684846
Tekirdag,2016,12,0.3211401626131547,6.356859251868223,22,2016-12-01,0.03350860470922411,0.6178967893219002,0.3252400200222403,14.937566957105162,49.219263064767226,58.722390637599005,0.75,51.59504495797517
Tekirdag,2017,1,0.4304800181456463,6.286963785348617,24,2017-01-01,-0.0050865274920376905,0.6300042436764792,-38.83809844924997,13.655763930805435,68.5833530278319,14.037450877793535,0.75,54.946877490322315
Tekirdag,2017,2,0.33081185530727353,12.21306481013697,18,2017-02-01,0.16328460709512352,0.6688530490177179,1.5208725686927114,15.678807865115092,33.13641325694127,24.479155910917974,0.75,30.972098920435442
Tekirdag,2017,3,0.5646818993189895,14.66126374457621,20,2017-03-01,-0.004213978008281556,0.8042243575554168,-6.37647373652173,23.4384856221573,70.36973041742239,29.438986557015287,0.75,60.137044452320616
Tekirdag,2017,4,0.6193834083590748,25.45145462994121,26,2017-04-01,0.3589365807592279,0.76297292290068,11.650205110967432,27.62053614569861,64.46123787267264,13.58194461367287,0.75,51.741414557922695
Tekirdag,2017,5,0.632964601473552,29.832288313760255,25,2017-05-01,0.4909109921080576,0.8305317246621506,22.95094549298597,36.48105643056582,41.82713119343174,49.14052920540828,0.75,43.655480696425876
Tekirdag,2017,6,0.5408534596032486,38.33287976066264,26,2017-06-01,0.3605264365280641,0.685446618911345,23.34347465697919,41.799034400861544,55.49886798428174,18.781086503474175,0.75,46.31942261407985
Tekirdag,2017,7,0.4526945905268333,39.23578826060979,24,2017-07-01,0.34307704886934254,0.5586179129993682,29.225946974140832,43.84808638844113,50.856964919359164,31.54325093714101,0.75,46.028536423804624
Tekirdag,2017,8,0.41847171797972316,38.26528636883099,26,2017-08-01,0.2588177933406586,0.4933459379731013,31.729916959568616,45.889186749332026,68.07452678623176,53.84388103130015,0.75,64.51686534749885
Tekirdag,2017,9,0.30056125361989366,39.2035863773487,28,2017-09-01,0.20634531800365485,0.3684679317251474,27.55670785601816,40.686863961492165,58.11399992482889,11.296724671270908,0.75,46.4096811114394
Tekirdag,2017,10,0.3065545945025655,28.03852645016329,27,2017-10-01,0.2060988946648045,0.6360863033610373,13.799725248551503,32.91324769072603,23.362474762308338,25.504044350331426,0.75,23.89786715931411
Tekirdag,2017,11,0.40275880924739743,16.09398751953614,25,2017-11-01,0.15654052524097636,0.40777133456846726,1.8349735012981674,23.505586702922745,98.00481265236233,34.201151183073044,0.75,82.05389728504001
Tekirdag,2017,12,0.5700869789426448,10.812306316277708,22,2017-12-01,0.03350860470922411,0.6178967893219002,0.3252400200222403,14.937566957105162,91.81882665698606,28.231373816024032,0.75,75.92196344674555
Tekirdag,2018,1,0.526714581387413,5.047477858372898,22,2018-01-01,-0.0050865274920376905,0.6300042436764792,-38.83809844924997,13.655763930805435,83.73623630224992,16.398652494092687,0.75,66.90184035021062
Tekirdag,2018,2,0.5407970137486835,15.318618081189687,16,2018-02-01,0.16328460709512352,0.6688530490177179,1.5208725686927114,15.678807865115092,74.67088040897922,2.5440841223255366,0.75,56.6391813373158
Tekirdag,2018,3,0.7914900419081577,15.93715207140017,22,2018-03-01,-0.004213978008281556,0.8042243575554168,-6.37647373652173,23.4384856221573,98.42482535932938,25.159630306769202,0.75,80.10852659618934
Tekirdag,2018,4,0.6025712853520144,25.421500791541895,26,2018-04-01,0.3589365807592279,0.76297292290068,11.650205110967432,27.62053614569861,60.300195596635376,13.769503896784622,0.75,48.667522671672685
Tekirdag,2018,5,0.6569580802194769,29.416215576556773,23,2018-05-01,0.4909109921080576,0.8305317246621506,22.95094549298597,36.48105643056582,48.89191742290708,52.2156905187412,0.75,49.72286069686561
Tekirdag,2018,6,0.4575985451365142,32.40533522889923,26,2018-06-01,0.3605264365280641,0.685446618911345,23.34347465697919,41.799034400861544,29.875678357813538,50.89902068711913,0.75,35.13151394013994
Tekirdag,2018,7,0.4928452030175748,39.14714537319805,28,2018-07-01,0.34307704886934254,0.5586179129993682,29.225946974140832,43.84808638844113,69.4848073253915,32.14947472492028,0.75,60.150974175273696
Tekirdag,2018,8,0.4729980875471169,37.652040271112845,28,2018-08-01,0.2588177933406586,0.4933459379731013,31.729916959568616,45.889186749332026,91.3239195842043,58.17493840094996,0.75,83.03667428839071
Tekirdag,2018,9,0.2947626585729223,33.612603943297614,26,2018-09-01,0.20634531800365485,0.3684679317251474,27.55670785601816,40.686863961492165,54.53732735962297,53.877958200704626,0.75,54.372485069893386
Tekirdag,2018,10,0.28778417372374493,28.251984431570275,23,2018-10-01,0.2060988946648045,0.6360863033610373,13.799725248551503,32.91324769072603,18.997132801311277,24.38725396251686,0.75,20.344663091612674
Tekirdag,2018,11,0.40777133456846726,14.73472019454473,21,2018-11-01,0.15654052524097636,0.40777133456846726,1.8349735012981674,23.505586702922745,100.0,40.47355017956064,0.75,85.11838754489015
Tekirdag,2018,12,0.5004119552651594,2.27735400772952,13,2018-12-01,0.03350860470922411,0.6178967893219002,0.3252400200222403,14.937566957105162,79.89609695230097,86.64063570359052,0.75,81.58223164012335
Tekirdag,2019,1,0.37798161036852185,11.522741187386309,14,2019-01-01,-0.0050865274920376905,0.6300042436764792,-38.83809844924997,13.655763930805435,60.31706887438223,4.063375500884366,0.75,46.25364553100776
Tekirdag,2019,2,0.4518701716017509,15.678807865115092,22,2019-02-01,0.16328460709512352,0.6688530490177179,1.5208725686927114,15.678807865115092,57.08140393597028,0.0,0.75,42.81105295197771
Tekirdag,2019,3,0.638921556402309,17.570458782819053,24,2019-03-01,-0.004213978008281556,0.8042243575554168,-6.37647373652173,23.4384856221573,79.552825010723,19.681485286445934,0.75,64.58499007965374
Tekirdag,2019,4,0.6839316190349288,20.758361783834143,19,2019-04-01,0.3589365807592279,0.76297292290068,11.650205110967432,27.62053614569861,80.43708062328736,42.968266261614,0.75,71.06987703286902
Tekirdag,2019,5,0.6936757813109629,26.172689366632742,28,2019-05-01,0.4909109921080576,0.8305317246621506,22.95094549298597,36.48105643056582,59.703301290833274,76.18834103792612,0.75,63.82456122760648
Tekirdag,2019,6,0.6408038807863609,32.84674797475763,27,2019-06-01,0.3605264365280641,0.685446618911345,23.34347465697919,41.799034400861544,86.26039853925639,48.50726041550386,0.75,76.82211400831827
Tekirdag,2019,7,0.45534172851985133,41.350191284525216,26,2019-07-01,0.34307704886934254,0.5586179129993682,29.225946974140832,43.84808638844113,52.085102332513976,17.08296599520177,0.75,43.334568248185924
Tekirdag,2019,8,0.3620929336789347,41.801373575815425,26,2019-08-01,0.2588177933406586,0.4933459379731013,31.729916959568616,45.889186749332026,44.035286468552,28.870225895913975,0.75,40.244021325392495
Tekirdag,2019,9,0.2890133739902496,36.2827189945922,22,2019-09-01,0.20634531800365485,0.3684679317251474,27.55670785601816,40.686863961492165,50.99107033187159,33.54221329526967,0.75,46.62885607272111
Tekirdag,2019,10,0.2719156908326306,28.50718160485532,27,2019-10-01,0.2060988946648045,0.6360863033610373,13.799725248551503,32.91324769072603,15.306679878694492,23.05208837984046,0.75,17.243032003980982
Tekirdag,2019,11,0.29318837080312293,22.068173894284694,26,2019-11-01,0.15654052524097636,0.40777133456846726,1.8349735012981674,23.505586702922745,54.39135666836938,6.633004775934502,0.75,42.45176869526066
Tekirdag,2019,12,0.36846784566123497,8.924166782184887,21,2019-12-01,0.03350860470922411,0.6178967893219002,0.3252400200222403,14.937566957105162,57.317935196451124,41.15292657228718,0.75,53.27668304041014
Tekirdag,2020,1,0.5498682543300929,7.770523124804358,22,2020-01-01,-0.0050865274920376905,0.6300042436764792,-38.83809844924997,13.655763930805435,87.38196286509684,11.21129316679339,0.75,68.33929544052097
Tekirdag,2020,2,0.5363558169136546,9.751082642644622,18,2020-02-01,0.16328460709512352,0.6688530490177179,1.5208725686927114,15.678807865115092,73.79242430556032,41.86857121721956,0.75,65.81146103347513
Tekirdag,2020,3,0.6522228993270563,14.876988719431374,22,2020-03-01,-0.004213978008281556,0.8042243575554168,-6.37647373652173,23.4384856221573,81.19813824484528,28.71544045970234,0.75,68.07746379855955
Tekirdag,2020,4,0.7272307058235887,23.98843528416638,25,2020-04-01,0.3589365807592279,0.76297292290068,11.650205110967432,27.62053614569861,91.15371233992165,22.742802598351822,0.75,74.0509849045292
Tekirdag,2020,5,0.6661413977530493,25.223963736633458,25,2020-05-01,0.4909109921080576,0.8305317246621506,22.95094549298597,36.48105643056582,51.59590945087013,83.20029854792848,0.75,59.497006725134725
Tekirdag,2020,6,0.5509742330504297,30.69701919947223,26,2020-06-01,0.3605264365280641,0.685446618911345,23.34347465697919,41.799034400861544,58.61371710597849,60.15539683140419,0.75,58.99913703733492
Tekirdag,2020,7,0.503251314629095,36.997654767443265,25,2020-07-01,0.34307704886934254,0.5586179129993682,29.225946974140832,43.84808638844113,74.31271392840237,46.849721691876475,0.75,67.4469658692709
Tekirdag,2020,8,0.34004560249778554,36.85876697567198,26,2020-08-01,0.2588177933406586,0.4933459379731013,31.729916959568616,45.889186749332026,34.63456775493996,63.777439852079645,0.75,41.92028577922488
Tekirdag,2020,9,0.26487221187178195,36.600325630776005,28,2020-09-01,0.20634531800365485,0.3684679317251474,27.55670785601816,40.686863961492165,36.100388788864066,31.123303469426908,0.75,34.85611745900478
Tekirdag,2020,10,0.34505425688962316,26.777811064676012,27,2020-10-01,0.2060988946648045,0.6360863033610373,13.799725248551503,32.91324769072603,32.31614680209962,32.099978664905876,0.75,32.26210476780118
Tekirdag,2020,11,0.37283618466774093,13.951461618756232,19,2020-11-01,0.15654052524097636,0.40777133456846726,1.8349735012981674,23.505586702922745,86.09440060546606,44.087931408651926,0.75,75.59278330626253
Tekirdag,2020,12,,,11,2020-12-01,0.03350860470922411,0.6178967893219002,0.3252400200222403,14.937566957105162,,,0.75,
Tekirdag,2021,1,0.4954601166953952,9.08424568232361,16,2021-01-01,-0.0050865274920376905,0.6300042436764792,-38.83809844924997,13.655763930805435,78.81497683653419,8.70867191174474,0.75,61.288400605336825
Tekirdag,2021,2,0.49962417054852915,10.370544193338926,25,2021-02-01,0.16328460709512352,0.6688530490177179,1.5208725686927114,15.678807865115092,66.52700911757093,37.49320476918361,0.75,59.268558030474104
Tekirdag,2021,3,0.5304622939375924,12.889040629711182,25,2021-03-01,-0.004213978008281556,0.8042243575554168,-6.37647373652173,23.4384856221573,66.1369270141131,35.383060112658555,0.75,58.44846028874946
Tekirdag,2021,4,0.6218627963454051,21.89893652527017,24,2021-04-01,0.3589365807592279,0.76297292290068,11.650205110967432,27.62053614569861,65.07489256848271,35.826430948647825,0.75,57.76277716352399
Tekirdag,2021,5,0.6421639377653194,30.026374365188317,24,2021-05-01,0.4909109921080576,0.8305317246621506,22.95094549298597,36.48105643056582,44.53583988226368,47.70605426042472,0.75,45.32839347680394
Tekirdag,2021,6,0.5948636645124242,32.09735576226428,25,2021-06-01,0.3605264365280641,0.685446618911345,23.34347465697919,41.799034400861544,72.12147496209771,52.56778322214354,0.75,67.23305202710917
Tekirdag,2021,7,0.5167775121843078,38.68226560900224,28,2021-07-01,0.34307704886934254,0.5586179129993682,29.225946974140832,43.84808638844113,80.58818174273436,35.328761633791906,0.75,69.27332671549874
Tekirdag,2021,8,0.391255089753036,40.001855809120585,28,2021-08-01,0.2588177933406586,0.4933459379731013,31.729916959568616,45.889186749332026,56.469681547149015,41.57934009045966,0.75,52.74709618297668
Tekirdag,2021,9,0.2907173468340897,28.120966631762606,27,2021-09-01,0.20634531800365485,0.3684679317251474,27.55670785601816,40.686863961492165,52.042109915262024,95.70257374541646,0.75,62.957225872800635
Tekirdag,2021,10,0.25797239298093483,22.648918923514703,23,2021-10-01,0.2060988946648045,0.6360863033610373,13.799725248551503,32.91324769072603,12.063957517597144,53.70192123542229,0.75,22.47344844705343
Tekirdag,2021,11,0.23315683757450426,19.388226953206356,25,2021-11-01,0.15654052524097636,0.40777133456846726,1.8349735012981674,23.505586702922745,30.496383997893755,18.999738084973636,0.75,27.622222519663723
Tekirdag,2021,12,0.3547281253290732,9.522764464233461,38,2021-12-01,0.03350860470922411,0.6178967893219002,0.3252400200222403,14.937566957105162,54.96680615347291,37.05640118912276,0.75,50.489204912385375
Tekirdag,2022,1,0.454001866930693,4.262112604071234,32,2022-01-01,-0.0050865274920376905,0.6300042436764792,-38.83809844924997,13.655763930805435,72.2870517513653,17.894761217462325,0.75,58.68897911788955
Tekirdag,2022,2,0.37966378426401187,7.385428212954314,34,2022-02-01,0.16328460709512352,0.6688530490177179,1.5208725686927114,15.678807865115092,42.79918587205198,58.57760668150858,0.75,46.74379107441613
Tekirdag,2022,3,0.43072392955418665,16.56196458436856,27,2022-03-01,-0.004213978008281556,0.8042243575554168,-6.37647373652173,23.4384856221573,53.79976287977484,23.063996013085323,0.75,46.11582116310246
Tekirdag,2022,4,0.6364366726670012,26.008260335004888,26,2022-04-01,0.3589365807592279,0.76297292290068,11.650205110967432,27.62053614569861,68.6819632206801,10.095443902743494,0.75,54.03533339119595
Tekirdag,2022,5,0.6592381418533965,30.351580476066683,35,2022-05-01,0.4909109921080576,0.8305317246621506,22.95094549298597,36.48105643056582,49.56327267756794,45.30248113099008,0.75,48.498074790923475
Tekirdag,2022,6,0.5755825555525899,32.3433769516212,42,2022-06-01,0.3605264365280641,0.685446618911345,23.34347465697919,41.799034400861544,66.18736867839199,51.23473674308199,0.75,62.44921069456449
Tekirdag,2022,7,0.49914347648088303,37.0624862200793,45,2022-07-01,0.34307704886934254,0.5586179129993682,29.225946974140832,43.84808638844113,72.40688592460728,46.406342985114655,0.75,65.90675018973413
Tekirdag,2022,8,0.3877978776703749,35.63101458242762,39,2022-08-01,0.2588177933406586,0.4933459379731013,31.729916959568616,45.889186749332026,54.9955676031363,72.44845475238178,0.75,59.35878939044767
Tekirdag,2022,9,0.32627154106772793,30.729917341746578,37,2022-09-01,0.20634531800365485,0.3684679317251474,27.55670785601816,40.686863961492165,73.97254479877317,75.8326598690971,0.75,74.43757356635415
Tekirdag,2022,10,0.2878237575845013,25.826920303815108,42,2022-10-01,0.2060988946648045,0.6360863033610373,13.799725248551503,32.91324769072603,19.0063386198901,37.0749421429236,0.75,23.523489500648473
Tekirdag,2022,11,0.2661258599918964,21.070510007623906,39,2022-11-01,0.15654052524097636,0.40777133456846726,1.8349735012981674,23.505586702922745,43.61938531514682,11.236768764421901,0.75,35.52373117746559
Tekirdag,2022,12,0.3523702435899678,9.078982748086705,22,2022-12-01,0.03350860470922411,0.6178967893219002,0.3252400200222403,14.937566957105162,54.56332747248827,40.09343778197734,0.75,50.94585504986054
Tekirdag,2023,1,0.4871469978337483,10.834114739359046,23,2023-01-01,-0.0050865274920376905,0.6300042436764792,-38.83809844924997,13.655763930805435,77.50601137221932,5.375198287025741,0.75,59.473308100920924
Tekirdag,2023,2,0.4841979018389443,12.701295210909862,21,2023-02-01,0.16328460709512352,0.6688530490177179,1.5208725686927114,15.678807865115092,63.47573703837997,21.03069827531722,0.75,52.86447734761428
Tekirdag,2023,3,0.7229799615689156,21.14371702268027,20,2023-03-01,-0.004213978008281556,0.8042243575554168,-6.37647373652173,23.4384856221573,89.95045232115918,7.696702087937046,0.75,69.38701476285365
Tekirdag,2023,4,0.668223725076541,17.834959900319365,20,2023-04-01,0.3589365807592279,0.76297292290068,11.650205110967432,27.62053614569861,76.54933778433043,61.27347156485514,0.75,72.73037122946161
Tekirdag,2023,5,0.8305317246621506,23.850846189778604,25,2023-05-01,0.4909109921080576,0.8305317246621506,22.95094549298597,36.48105643056582,100.0,93.34890378250215,0.75,98.33722594562553
Tekirdag,2023,6,0.454431490897486,38.70113518226949,23,2023-06-01,0.3605264365280641,0.685446618911345,23.34347465697919,41.799034400861544,28.900960746922784,16.785723443684475,0.75,25.87215142111321
Tekirdag,2023,7,0.4421444440476318,40.94592972364394,26,2023-07-01,0.34307704886934254,0.5586179129993682,29.225946974140832,43.84808638844113,45.96223346238723,19.847688375607408,0.75,39.433597190692275
Tekirdag,2023,8,0.33137062118725996,42.75786149316887,28,2023-08-01,0.2588177933406586,0.4933459379731013,31.729916959568616,45.889186749332026,30.935659325795488,22.1150193665141,0.75,28.730499335975143
Tekirdag,2023,9,0.2645136341843547,35.70201875810794,27,2023-09-01,0.20634531800365485,0.3684679317251474,27.55670785601816,40.686863961492165,35.87921194055391,37.964858630325246,0.75,36.40062361299674
Tekirdag,2023,10,0.23710799452021414,32.91324769072603,28,2023-10-01,0.2060988946648045,0.6360863033610373,13.799725248551503,32.91324769072603,7.211629742701653,0.0,0.75,5.40872230702624
Tekirdag,2023,11,0.26383766685577775,16.95405521235959,24,2023-11-01,0.15654052524097636,0.40777133456846726,1.8349735012981674,23.505586702922745,42.70859211177983,30.232330897180177,0.75,39.58952680812992
Tekirdag,2023,12,0.6178967893219002,10.773781946401153,13,2023-12-01,0.03350860470922411,0.6178967893219002,0.3252400200222403,14.937566957105162,100.0,28.495016766544037,0.75,82.12375419163601
Tekirdag,2024,1,0.45748165546758646,10.089407321451125,15,2024-01-01,-0.0050865274920376905,0.6300042436764792,-38.83809844924997,13.655763930805435,72.83497162280209,6.793854457753364,0.75,56.32469233153991
Tekirdag,2024,2,0.6688530490177179,10.333557630632455,24,2024-02-01,0.16328460709512352,0.6688530490177179,1.5208725686927114,15.678807865115092,100.0,37.75444740048605,0.75,84.43861185012152
Tekirdag,2024,3,0.6630844061195756,18.305866984289597,22,2024-03-01,-0.004213978008281556,0.8042243575554168,-6.37647373652173,23.4384856221573,82.54165528439114,17.214910730286192,0.75,66.2099691458649
Tekirdag,2024,4,0.6801561752208559,27.19494122923148,23,2024-04-01,0.3589365807592279,0.76297292290068,11.650205110967432,27.62053614569861,79.50264888527524,2.6649097976840648,0.75,60.293214113377445
Tekirdag,2024,5,0.6249845850392759,22.95094549298597,22,2024-05-01,0.4909109921080576,0.8305317246621506,22.95094549298597,36.48105643056582,39.477446480645504,100.0,0.75,54.60808486048413
Tekirdag,2024,6,0.49867137564603115,39.36455313253112,26,2024-06-01,0.3605264365280641,0.685446618911345,23.34347465697919,41.799034400861544,42.516576872719206,13.191045419998188,0.75,35.18519400953895
Tekirdag,2024,7,0.40480476210617355,42.32988538101132,28,2024-07-01,0.34307704886934254,0.5586179129993682,29.225946974140832,43.84808638844113,28.63851988623075,10.382892437374961,0.75,24.074613024016802
Tekirdag,2024,8,0.3332742751194059,44.83707975197037,28,2024-08-01,0.2588177933406586,0.4933459379731013,31.729916959568616,45.889186749332026,31.747354627921958,7.43051734293732,0.75,25.668145306675797
Tekirdag,2024,9,0.25786300092982595,39.16836245717522,26,2024-09-01,0.20634531800365485,0.3684679317251474,27.55670785601816,40.686863961492165,31.776987641386274,11.564992008616532,0.75,26.72398873319384
Tekirdag,2024,10,0.25303045116632455,28.658874124113904,26,2024-10-01,0.2060988946648045,0.6360863033610373,13.799725248551503,32.91324769072603,10.914635068924806,22.258448590432142,0.75,13.750588449301638
Tekirdag,2024,11,0.24592246636645199,13.945225195839441,19,2024-11-01,0.15654052524097636,0.40777133456846726,1.8349735012981674,23.505586702922745,35.57761938702437,44.11670965714341,0.75,37.71239195455413
Tekirdag,2024,12,0.2921649784241657,14.937566957105162,15,2024-12-01,0.03350860470922411,0.6178967893219002,0.3252400200222403,14.937566957105162,44.26105464236503,0.0,0.75,33.195790981773776
Uzunkopru,1985,1,,,5,1985-01-01,-0.0647190120439122,0.5596458188613598,-7.8868494621720915,16.049935688297637,,,0.75,
Uzunkopru,1985,2,0.28798282898355554,9.909060971563905,4,1985-02-01,0.14497324919639862,0.5708260833320726,-1.2901862272312008,16.46466146675858,33.58192509800111,36.922876547196864,0.75,34.41716296030005
Uzunkopru,1985,3,0.19157096690320047,4.009034644796145,8,1985-03-01,0.19157096690320047,0.6186994925298193,0.4511778307202947,24.384634204348206,0.0,85.13437942880567,0.75,21.283594857201418
Uzunkopru,1985,4,0.40126063533815715,22.740420368082848,3,1985-04-01,0.31482139099059014,0.6966322466544559,7.881526346692025,28.00457890297639,22.63928410240525,26.159840909671345,0.75,23.519423304221775
Uzunkopru,1985,5,0.4744968563436615,30.143640296572492,7,1985-05-01,0.4669033629700133,0.7093165895839915,23.883111121526277,37.45215429014965,3.13245835621841,53.86167545311621,0.75,15.81476263044286
Uzunkopru,1985,6,0.44569000545255016,33.00794935311795,6,1985-06-01,0.3736482584792338,0.6319068909531388,25.83337122305903,43.49734916614595,27.89519416377907,59.38299881728053,0.75,35.76714532715444
Uzunkopru,1985,7,0.43508386311574015,36.86630247404504,12,1985-07-01,0.34869625194046744,0.5812463186914664,30.308854412252526,44.25445989095502,37.14796232149507,52.97839113685707,0.75,41.10556952533557
Uzunkopru,1985,8,,,3,1985-08-01,0.27677114142760134,0.6218823223082021,33.24022972312667,46.03706704997984,,,0.75,
Uzunkopru,1985,9,0.24814356640604646,34.372791513953274,4,1985-09-01,0.24702682561194406,0.48095182065481445,25.98564550250391,39.28815759813896,0.47739267618568926,36.95066051320158,0.75,9.595709635439663
Uzunkopru,1985,10,0.23399270227687632,26.40937726213253,3,1985-10-01,0.22065137736978338,0.4072850613575389,17.76662096714209,30.76695871365202,7.148401415024433,33.51898647932686,0.75,13.74104768110004
Uzunkopru,1985,11,0.2172232733920477,17.046415866755748,3,1985-11-01,0.2172232733920477,0.619542160827769,4.0716506832536075,20.69758873927648,0.0,21.960702970369045,0.75,5.490175742592261
Uzunkopru,1985,12,,,2,1985-12-01,-0.034489528128139324,0.5731047756550935,-10.19155139623947,13.73951865467373,,,0.75,
Uzunkopru,1986,1,,,1,1986-01-01,-0.0647190120439122,0.5596458188613598,-7.8868494621720915,16.049935688297637,,,0.75,
Uzunkopru,1986,2,0.43333467116774177,11.771161717092784,6,1986-02-01,0.14497324919639862,0.5708260833320726,-1.2901862272312008,16.46466146675858,67.71386705846675,26.435032451754573,0.75,57.394158406788705
Uzunkopru,1986,3,,,3,1986-03-01,0.19157096690320047,0.6186994925298193,0.4511778307202947,24.384634204348206,,,0.75,
Uzunkopru,1986,4,0.5304011564540094,26.968963396776754,10,1986-04-01,0.31482139099059014,0.6966322466544559,7.881526346692025,28.00457890297639,56.462450521105374,5.1464135637623105,0.75,43.633441281769606
Uzunkopru,1986,5,0.5044304936573659,31.8049866225742,14,1986-05-01,0.4669033629700133,0.7093165895839915,23.883111121526277,37.45215429014965,15.48064485239962,41.61802418488711,0.75,22.014989685521492
Uzunkopru,1986,6,0.3736482584792338,31.827554986599655,7,1986-06-01,0.3736482584792338,0.6319068909531388,25.83337122305903,43.49734916614595,0.0,66.06549338516048,0.75,16.51637334629012
Uzunkopru,1986,7,0.47012633892130806,35.5453780350327,10,1986-07-01,0.34869625194046744,0.5812463186914664,30.308854412252526,44.25445989095502,52.216750000274516,62.45036738793946,0.75,54.77515434719075
Uzunkopru,1986,8,0.3611891191581828,37.253172766116876,14,1986-08-01,0.27677114142760134,0.6218823223082021,33.24022972312667,46.03706704997984,24.461096135795103,68.64113420767366,0.75,35.50610565376474
Uzunkopru,1986,9,0.2759766353965203,28.996123038820695,14,1986-09-01,0.24702682561194406,0.48095182065481445,25.98564550250391,39.28815759813896,12.375680409556372,77.36910506321124,0.75,28.624036572970088
Uzunkopru,1986,10,0.22065137736978338,26.015149178613914,10,1986-10-01,0.22065137736978338,0.4072850613575389,17.76662096714209,30.76695871365202,0.0,36.55143141426288,0.75,9.13785785356572
Uzunkopru,1986,11,0.22786439931334215,11.023042525560879,7,1986-11-01,0.2172232733920477,0.619542160827769,4.0716506832536075,20.69758873927648,2.6449481378113515,58.18947587267669,0.75,16.531080071527686
Uzunkopru,1986,12,0.24299199987602585,6.313255104320525,8,1986-12-01,-0.034489528128139324,0.5731047756550935,-10.19155139623947,13.73951865467373,45.66888239017465,31.031890903974947,0.75,42.00963451862473
Uzunkopru,1987,1,0.16215136993502982,-3.6924709785203365,9,1987-01-01,-0.0647190120439122,0.5596458188613598,-7.8868494621720915,16.049935688297637,36.3361885149746,82.47726895117557,0.75,47.87145862402485
Uzunkopru,1987,2,0.35376868503898035,3.9791628597339974,11,1987-02-01,0.14497324919639862,0.5708260833320726,-1.2901862272312008,16.46466146675858,49.02995098444286,70.32163171555152,0.75,54.35287116722003
Uzunkopru,1987,3,0.3617439698170933,13.03759787655572,5,1987-03-01,0.19157096690320047,0.6186994925298193,0.4511778307202947,24.384634204348206,39.84117021082602,47.41077156033216,0.75,41.73357054820256
Uzunkopru,1987,4,0.5173575402461409,24.34091953780795,10,1987-04-01,0.31482139099059014,0.6966322466544559,7.881526346692025,28.00457890297639,53.046199774334646,18.20628035891251,0.75,44.33621992047912
Uzunkopru,1987,5,0.5622179712422459,25.637110755120553,13,1987-05-01,0.4669033629700133,0.7093165895839915,23.883111121526277,37.45215429014965,39.319062579045166,87.07352013110129,0.75,51.2576769670592
Uzunkopru,1987,6,0.5307573524343868,34.33989828192106,13,1987-06-01,0.3736482584792338,0.6319068909531388,25.83337122305903,43.49734916614595,60.83401451102614,51.842517657857506,0.75,58.586140297733984
Uzunkopru,1987,7,0.4621778491196432,37.06675895039123,12,1987-07-01,0.34869625194046744,0.5812463186914664,30.308854412252526,44.25445989095502,48.79878073769175,51.54097433446493,0.75,49.484329136885044
Uzunkopru,1987,8,0.3692979387184041,35.5416820948711,14,1987-08-01,0.27677114142760134,0.6218823223082021,33.24022972312667,46.03706704997984,26.810721418734495,82.01545965646518,0.75,40.61190597816717
Uzunkopru,1987,9,0.30531123924926384,35.94900940457902,11,1987-09-01,0.24702682561194406,0.48095182065481445,25.98564550250391,39.28815759813896,24.915855454710282,25.101636213926916,0.75,24.962300644514443
Uzunkopru,1987,10,0.29318694646715077,20.563735318861266,11,1987-10-01,0.22065137736978338,0.4072850613575389,17.76662096714209,30.76695871365202,38.86520779503353,78.48429474480315,0.75,48.76997953247593
Uzunkopru,1987,11,0.24549662714564174,13.297108028327655,9,1987-11-01,0.2172232733920477,0.619542160827769,4.0716506832536075,20.69758873927648,7.027597917115263,44.511658145315565,0.75,16.39861297416534
Uzunkopru,1987,12,,,5,1987-12-01,-0.034489528128139324,0.5731047756550935,-10.19155139623947,13.73951865467373,,,0.75,
Uzunkopru,1988,1,0.3883585356843024,4.795195559415967,5,1988-01-01,-0.0647190120439122,0.5596458188613598,-7.8868494621720915,16.049935688297637,72.56615448235506,47.01859526303519,0.75,66.1792646775251
Uzunkopru,1988,2,0.3832352383619631,8.922619343819504,6,1988-02-01,0.14497324919639862,0.5708260833320726,-1.2901862272312008,16.46466146675858,55.94937266277668,42.47877679903807,0.75,52.58172369684203
Uzunkopru,1988,3,0.47284242263033627,12.990099390283357,7,1988-03-01,0.19157096690320047,0.6186994925298193,0.4511778307202947,24.384634204348206,65.85171414493954,47.6092321818607,0.75,61.29109365416983
Uzunkopru,1988,4,0.5615796714953617,14.325395777446895,8,1988-04-01,0.31482139099059014,0.6966322466544559,7.881526346692025,28.00457890297639,64.62840876426252,67.97767429801564,0.75,65.4657251477008
Uzunkopru,1988,5,0.5577563777244554,35.150920087031324,12,1988-05-01,0.4669033629700133,0.7093165895839915,23.883111121526277,37.45215429014965,37.478571620647415,16.959443451691772,0.75,32.34878957840851
Uzunkopru,1988,6,0.4572887816951112,33.68897779782682,13,1988-06-01,0.3736482584792338,0.6319068909531388,25.83337122305903,43.49734916614595,32.386341712828774,55.52753405785241,0.75,38.17163979908469
Uzunkopru,1988,7,0.41624222157163854,40.02326476685356,11,1988-07-01,0.34869625194046744,0.5812463186914664,30.308854412252526,44.25445989095502,29.04577520654741,30.340705755395668,0.75,29.36950784375948
Uzunkopru,1988,8,0.3957164076627986,35.47058697668116,11,1988-08-01,0.27677114142760134,0.6218823223082021,33.24022972312667,46.03706704997984,34.465781703070675,82.57102753916968,0.75,46.49209316209543
Uzunkopru,1988,9,0.2626657466354759,30.51042482957751,13,1988-09-01,0.24702682561194406,0.48095182065481445,25.98564550250391,39.28815759813896,6.685442494362689,65.98552743614258,0.75,21.51046372980766
Uzunkopru,1988,10,0.26302220546712096,18.158764078555958,11,1988-10-01,0.22065137736978338,0.4072850613575389,17.76662096714209,30.76695871365202,22.702669310282385,96.98359289535271,0.75,41.27290020654996
Uzunkopru,1988,11,0.22421772497126924,9.56618057566326,5,1988-11-01,0.2172232733920477,0.619542160827769,4.0716506832536075,20.69758873927648,1.7385342318384323,66.95206084676096,0.75,18.041915885569065
Uzunkopru,1988,12,0.21215002865485527,0.06247186378129099,5,1988-12-01,-0.034489528128139324,0.5731047756550935,-10.19155139623947,13.73951865467373,40.5928026723217,57.15183968704538,0.75,44.73256192600262
Uzunkopru,1989,1,0.23255830772243163,2.6840510809718494,11,1989-01-01,-0.0647190120439122,0.5596458188613598,-7.8868494621720915,16.049935688297637,47.61275860706615,55.83826116709537,0.75,49.66913424707345
Uzunkopru,1989,2,0.22277699411033192,11.004127737761152,11,1989-02-01,0.14497324919639862,0.5708260833320726,-1.2901862272312008,16.46466146675858,18.2701014710508,30.755170774266244,0.75,21.39136879685466
Uzunkopru,1989,3,0.28429413934189535,16.145823971020203,8,1989-03-01,0.19157096690320047,0.6186994925298193,0.4511778307202947,24.384634204348206,21.70849448714889,34.42382121792606,0.75,24.88732616984318
Uzunkopru,1989,4,0.49508446899893566,25.078170838441014,13,1989-04-01,0.31482139099059014,0.6966322466544559,7.881526346692025,28.00457890297639,47.212664421213695,14.54256533073293,0.75,39.045139648593505
Uzunkopru,1989,5,0.4734416046810981,29.858321583779553,7,1989-05-01,0.4669033629700133,0.7093165895839915,23.883111121526277,37.45215429014965,2.6971472647803907,55.964393450599644,0.75,16.013958811235206
Uzunkopru,1989,6,0.5244418851463809,25.83337122305903,12,1989-06-01,0.3736482584792338,0.6319068909531388,25.83337122305903,43.49734916614595,58.38861037196254,100.0,0.75,68.7914577789719
Uzunkopru,1989,7,0.5094471412358476,33.574646629203016,10,1989-07-01,0.34869625194046744,0.5812463186914664,30.308854412252526,44.25445989095502,69.12528194090041,76.58192595554236,0.75,70.98944294456089
Uzunkopru,1989,8,0.38673885796545,35.274493591780605,13,1989-08-01,0.27677114142760134,0.6218823223082021,33.24022972312667,46.03706704997984,31.86443170495092,84.10338572965063,0.75,44.92417021112585
Uzunkopru,1989,9,0.31444995902512585,31.670124579437815,14,1989-09-01,0.24702682561194406,0.48095182065481445,25.98564550250391,39.28815759813896,28.822543482719944,57.267627076248615,0.75,35.93381438110211
Uzunkopru,1989,10,0.2896224206169913,21.972089703303308,8,1989-10-01,0.22065137736978338,0.4072850613575389,17.76662096714209,30.76695871365202,36.955302908628695,67.6510809321841,0.75,44.62924741451755
Uzunkopru,1989,11,0.2880838457344084,11.326248614057649,6,1989-11-01,0.2172232733920477,0.619542160827769,4.0716506832536075,20.69758873927648,17.61303646319168,56.36578275247448,0.75,27.30122303551238
Uzunkopru,1989,12,0.046755082149356565,10.761929372767577,3,1989-12-01,-0.034489528128139324,0.5731047756550935,-10.19155139623947,13.73951865467373,13.37152270382063,12.442357469061564,0.75,13.139231395130864
Uzunkopru,1990,1,0.2556635699017934,9.368088986221197,3,1990-01-01,-0.0647190120439122,0.5596458188613598,-7.8868494621720915,16.049935688297637,51.3133613693744,27.914553521174575,0.75,45.46365940732444
Uzunkopru,1990,2,0.3628264726191657,10.779508137928753,8,1990-02-01,0.14497324919639862,0.5708260833320726,-1.2901862272312008,16.46466146675858,51.15692698510031,32.020287793030846,0.75,46.37276718708294
Uzunkopru,1990,3,0.4538616846902002,15.502714987818383,10,1990-03-01,0.19157096690320047,0.6186994925298193,0.4511778307202947,24.384634204348206,61.40791402358487,37.1108922918327,0.75,55.33365859064683
Uzunkopru,1990,4,0.4849810311924096,23.443210904680498,5,1990-04-01,0.31482139099059014,0.6966322466544559,7.881526346692025,28.00457890297639,44.56647517419532,22.66737606303867,0.75,39.091700396406154
Uzunkopru,1990,5,0.656488862488211,24.533153215868925,14,1990-05-01,0.4669033629700133,0.7093165895839915,23.883111121526277,37.45215429014965,78.20757232034045,95.20937411529661,0.75,82.45802276907949
Uzunkopru,1990,6,0.44768948859868785,35.78363350653353,12,1990-06-01,0.3736482584792338,0.6319068909531388,25.83337122305903,43.49734916614595,28.669411515967564,43.669187566163735,0.75,32.419355528516604
Uzunkopru,1990,7,0.3631267488423016,38.49410049900026,14,1990-07-01,0.34869625194046744,0.5812463186914664,30.308854412252526,44.25445989095502,6.205329073195027,41.30591103234554,0.75,14.980474562982655
Uzunkopru,1990,8,0.28571980893903504,36.10280084515728,12,1990-08-01,0.27677114142760134,0.6218823223082021,33.24022972312667,46.03706704997984,2.592981047035302,77.63063600078958,0.75,21.35239478547387
Uzunkopru,1990,9,0.25697522183123944,34.740914190584874,12,1990-09-01,0.24702682561194406,0.48095182065481445,25.98564550250391,39.28815759813896,4.25281454744594,34.18334352837139,0.75,11.735446792677301
Uzunkopru,1990,10,0.2784346340813984,19.47326903445439,11,1990-10-01,0.22065137736978338,0.4072850613575389,17.76662096714209,30.76695871365202,30.960786647391053,86.87227900851678,0.75,44.93865973767249
Uzunkopru,1990,11,0.47241599552745583,11.543600573561118,12,1990-11-01,0.2172232733920477,0.619542160827769,4.0716506832536075,20.69758873927648,63.430460290328874,55.05847630894583,0.75,61.33746429498311
Uzunkopru,1990,12,,,1,1990-12-01,-0.034489528128139324,0.5731047756550935,-10.19155139623947,13.73951865467373,,,0.75,
Uzunkopru,1991,1,0.37186880808434747,9.888008385128265,6,1991-01-01,-0.0647190120439122,0.5596458188613598,-7.8868494621720915,16.049935688297637,69.92511405475021,25.742501611785798,0.75,58.879460944009104
Uzunkopru,1991,2,,,3,1991-02-01,0.14497324919639862,0.5708260833320726,-1.2901862272312008,16.46466146675858,,,0.75,
Uzunkopru,1991,3,0.39444768913310513,10.361145870331162,9,1991-03-01,0.19157096690320047,0.6186994925298193,0.4511778307202947,24.384634204348206,47.497816244483886,58.59366117076769,0.75,50.27177747605484
Uzunkopru,1991,4,0.667692837753472,19.121739434541965,11,1991-04-01,0.31482139099059014,0.6966322466544559,7.881526346692025,28.00457890297639,92.42048556983376,44.14260432699782,0.75,80.35101525912476
Uzunkopru,1991,5,0.6698360199065709,27.56064725650396,11,1991-05-01,0.4669033629700133,0.7093165895839915,23.883111121526277,37.45215429014965,83.71352494709792,72.89760162690395,0.75,81.00954411704943
Uzunkopru,1991,6,0.5214133990260847,32.62637850333332,12,1991-06-01,0.3736482584792338,0.6319068909531388,25.83337122305903,43.49734916614595,57.215954073396354,61.543162575489724,0.75,58.2977561989197
Uzunkopru,1991,7,0.3810053154812087,35.47528087852426,11,1991-07-01,0.34869625194046744,0.5812463186914664,30.308854412252526,44.25445989095502,13.893379602997888,62.9530143086163,0.75,26.15828827940249
Uzunkopru,1991,8,0.35042737261179524,35.571398280891856,12,1991-08-01,0.27677114142760134,0.6218823223082021,33.24022972312667,46.03706704997984,21.342754238286183,81.78324457658447,0.75,36.45287682286076
Uzunkopru,1991,9,0.2938137996437914,33.11245094284066,10,1991-09-01,0.24702682561194406,0.48095182065481445,25.98564550250391,39.28815759813896,20.000844297665967,46.42511587961445,0.75,26.60691219315309
Uzunkopru,1991,10,0.2550271802331521,22.63451675283619,10,1991-10-01,0.22065137736978338,0.4072850613575389,17.76662096714209,30.76695871365202,18.418863159569838,62.55562062607999,0.75,29.453052526197375
Uzunkopru,1991,11,0.2603578346154883,13.694168200807917,11,1991-11-01,0.2172232733920477,0.619542160827769,4.0716506832536075,20.69758873927648,10.721485510752268,42.12346103341532,0.75,18.571979391418033
Uzunkopru,1991,12,0.20871146775664712,1.9855320746253993,3,1991-12-01,-0.034489528128139324,0.5731047756550935,-10.19155139623947,13.73951865467373,40.02687226830085,49.11600925091022,0.75,42.29915651395319
Uzunkopru,1992,1,0.16476375304818494,0.877579119192453,6,1992-01-01,-0.0647190120439122,0.5596458188613598,-7.8868494621720915,16.049935688297637,36.754595027296475,63.385105701245124,0.75,43.41222269578364
Uzunkopru,1992,2,0.24346747031165628,4.455208655840789,12,1992-02-01,0.14497324919639862,0.5708260833320726,-1.2901862272312008,16.46466146675858,23.128699217222547,67.64041583405488,0.75,34.25662837143063
Uzunkopru,1992,3,0.2739201212188123,16.92828499500774,8,1992-03-01,0.19157096690320047,0.6186994925298193,0.4511778307202947,24.384634204348206,19.279713101531097,31.154502270539407,0.75,22.248410393783175
Uzunkopru,1992,4,0.5324855756450786,7.881526346692025,10,1992-04-01,0.31482139099059014,0.6966322466544559,7.881526346692025,28.00457890297639,57.00838030810552,100.0,0.75,67.75628523107915
Uzunkopru,1992,5,0.49129116922155125,23.883111121526277,13,1992-05-01,0.4669033629700133,0.7093165895839915,23.883111121526277,37.45215429014965,10.060427226759128,100.0,0.75,32.545320420069345
Uzunkopru,1992,6,0.4290484090047131,33.69488875165275,12,1992-06-01,0.3736482584792338,0.6319068909531388,25.83337122305903,43.49734916614595,21.45142255063906,55.494070735802474,0.75,29.962084596929913
Uzunkopru,1992,7,0.4902286792981355,30.308854412252526,13,1992-07-01,0.34869625194046744,0.5812463186914664,30.308854412252526,44.25445989095502,60.861056431866245,100.0,0.75,70.64579232389968
Uzunkopru,1992,8,0.46871224594662686,37.335707711182565,11,1992-08-01,0.27677114142760134,0.6218823223082021,33.24022972312667,46.03706704997984,55.61717937658822,67.99617058926071,0.75,58.711927179756344
Uzunkopru,1992,9,0.32127349164312885,30.97934680547245,14,1992-09-01,0.24702682561194406,0.48095182065481445,25.98564550250391,39.28815759813896,31.739518052603973,62.46046410582012,0.75,39.41975456590801
Uzunkopru,1992,10,0.25901298795337396,24.23123566353607,9,1992-10-01,0.22065137736978338,0.4072850613575389,17.76662096714209,30.76695871365202,20.554494646372287,50.27348656284358,0.75,27.98424262549011
Uzunkopru,1992,11,0.26583499635504054,10.30012088357132,10,1992-11-01,0.2172232733920477,0.619542160827769,4.0716506832536075,20.69758873927648,12.082883623195436,62.53763138458583,0.75,24.696570563543034
Uzunkopru,1992,12,0.2484204963140641,-2.548906093078131,10,1992-12-01,-0.034489528128139324,0.5731047756550935,-10.19155139623947,13.73951865467373,46.56232335962373,68.06392155928816,0.75,51.937722909539836
Uzunkopru,1993,1,,,5,1993-01-01,-0.0647190120439122,0.5596458188613598,-7.8868494621720915,16.049935688297637,,,0.75,
Uzunkopru,1993,2,0.2862861153505991,3.8013957971896097,11,1993-02-01,0.14497324919639862,0.5708260833320726,-1.2901862272312008,16.46466146675858,33.18349787222013,71.32286284751197,0.75,42.71833911604309
Uzunkopru,1993,3,0.24305384022056503,0.4511778307202947,9,1993-03-01,0.19157096690320047,0.6186994925298193,0.4511778307202947,24.384634204348206,12.053251007255165,100.0,0.75,34.03993825544137
Uzunkopru,1993,4,0.5654638541580825,24.302674944937497,8,1993-04-01,0.31482139099059014,0.6966322466544559,7.881526346692025,28.00457890297639,65.64571421933329,18.39633399398344,0.75,53.83336916299582
Uzunkopru,1993,5,0.5940540938762884,24.71013016451687,11,1993-05-01,0.4669033629700133,0.7093165895839915,23.883111121526277,37.45215429014965,52.45205993184171,93.90510419406016,0.75,62.81532099739632
Uzunkopru,1993,6,0.5742621105473182,30.581152437339927,12,1993-06-01,0.3736482584792338,0.6319068909531388,25.83337122305903,43.49734916614595,77.67943713879724,73.12167604840664,0.75,76.53999686619959
Uzunkopru,1993,7,0.3920700565125252,42.18015196582267,10,1993-07-01,0.34869625194046744,0.5812463186914664,30.308854412252526,44.25445989095502,18.651383410910775,14.874276547548991,0.75,17.70710669507033
Uzunkopru,1993,8,0.283651636885255,35.585399286466114,14,1993-08-01,0.27677114142760134,0.6218823223082021,33.24022972312667,46.03706704997984,1.9937040115875433,81.67383468712,0.75,21.91373668047066
Uzunkopru,1993,9,0.2560381916584524,35.715163925609346,11,1993-09-01,0.24702682561194406,0.48095182065481445,25.98564550250391,39.28815759813896,3.852245906794545,26.859540865984393,0.75,9.604069646592007
Uzunkopru,1993,10,0.22500324115611875,30.26183707217979,7,1993-10-01,0.22065137736978338,0.4072850613575389,17.76662096714209,30.76695871365202,2.331767606656086,3.8854501423075254,0.75,2.7201882405689455
Uzunkopru,1993,11,0.23284042626838378,18.669781028277505,9,1993-11-01,0.2172232733920477,0.619542160827769,4.0716506832536075,20.69758873927648,3.881784664865192,12.196651426019152,0.75,5.960501355153681
Uzunkopru,1993,12,0.2901941979802634,8.35305286353074,6,1993-12-01,-0.034489528128139324,0.5731047756550935,-10.19155139623947,13.73951865467373,53.43758558741161,22.508252993632624,0.75,45.705252438966866
Uzunkopru,1994,1,0.23043513568348187,-3.3980344600866674,10,1994-01-01,-0.0647190120439122,0.5596458188613598,-7.8868494621720915,16.049935688297637,47.27270549487029,81.24721020860507,0.75,55.76633167330398
Uzunkopru,1994,2,,,1,1994-02-01,0.14497324919639862,0.5708260833320726,-1.2901862272312008,16.46466146675858,,,0.75,
Uzunkopru,1994,3,0.4416646741657983,10.310632916268846,8,1994-03-01,0.19157096690320047,0.6186994925298193,0.4511778307202947,24.384634204348206,58.552330799189285,58.80471699686215,0.75,58.6154273486075
Uzunkopru,1994,4,0.5639107502948397,21.476342289995607,11,1994-04-01,0.31482139099059014,0.6966322466544559,7.881526346692025,28.00457890297639,65.23894111683929,32.44158208463276,0.75,57.03960135878766
Uzunkopru,1994,5,0.5785181363832351,31.35299149356618,14,1994-05-01,0.4669033629700133,0.7093165895839915,23.883111121526277,37.45215429014965,46.043186245344025,44.94910010078664,0.75,45.769664709204676
Uzunkopru,1994,6,0.42260100575176357,31.120724246003682,4,1994-06-01,0.3736482584792338,0.6319068909531388,25.83337122305903,43.49734916614595,18.954931652662598,70.06703110714683,0.75,31.732956516283657
Uzunkopru,1994,7,0.44360999645854504,38.185885854199036,10,1994-07-01,0.34869625194046744,0.5812463186914664,30.308854412252526,44.25445989095502,40.81432692930839,43.51603124026284,0.75,41.48975300704701
Uzunkopru,1994,8,0.2959704115820093,40.09148062722825,14,1994-08-01,0.27677114142760134,0.6218823223082021,33.24022972312667,46.03706704997984,5.563213021791494,46.46137378237384,0.75,15.78775321193708
Uzunkopru,1994,9,0.24702682561194406,38.18014246899728,14,1994-09-01,0.24702682561194406,0.48095182065481445,25.98564550250391,39.28815759813896,0.0,8.329367574905268,0.75,2.082341893726317
Uzunkopru,1994,10,0.30935689076633766,21.01029151886463,4,1994-10-01,0.22065137736978338,0.4072850613575389,17.76662096714209,30.76695871365202,47.52920882297645,75.04933629441022,0.75,54.40924069083489
Uzunkopru,1994,11,0.2869274868818028,4.0716506832536075,5,1994-11-01,0.2172232733920477,0.619542160827769,4.0716506832536075,20.69758873927648,17.32561300664558,100.0,0.75,37.99420975498418
Uzunkopru,1994,12,,,3,1994-12-01,-0.034489528128139324,0.5731047756550935,-10.19155139623947,13.73951865467373,,,0.75,
Uzunkopru,1995,1,0.3569862906750118,4.587982101158638,5,1995-01-01,-0.0647190120439122,0.5596458188613598,-7.8868494621720915,16.049935688297637,67.5414888611663,47.88426480451605,0.75,62.62718284700374
Uzunkopru,1995,2,0.32667841606216563,7.9384234026804785,5,1995-02-01,0.14497324919639862,0.5708260833320726,-1.2901862272312008,16.46466146675858,42.668535301534924,48.02202874972751,0.75,44.006908663583076
Uzunkopru,1995,3,,,7,1995-03-01,0.19157096690320047,0.6186994925298193,0.4511778307202947,24.384634204348206,,,0.75,
Uzunkopru,1995,4,0.5924734862037873,19.84579343048238,10,1995-04-01,0.31482139099059014,0.6966322466544559,7.881526346692025,28.00457890297639,72.71980120377543,40.5444723143957,0.75,64.6759689814305
Uzunkopru,1995,5,0.6107080090642731,26.70257902764243,14,1995-05-01,0.4669033629700133,0.7093165895839915,23.883111121526277,37.45215429014965,59.32211212355015,79.2213211272273,0.75,64.29691437446944
Uzunkopru,1995,6,0.40222194126956506,33.7832285748111,14,1995-06-01,0.3736482584792338,0.6319068909531388,25.83337122305903,43.49734916614595,11.063979746434395,54.99395788781897,0.75,22.04647428178054
Uzunkopru,1995,7,0.49629756553124565,32.193217645508874,14,1995-07-01,0.34869625194046744,0.5812463186914664,30.308854412252526,44.25445989095502,63.47076810294839,86.48776321591689,0.75,69.22501688119051
Uzunkopru,1995,8,0.47588719232485127,33.24022972312667,14,1995-08-01,0.27677114142760134,0.6218823223082021,33.24022972312667,46.03706704997984,57.696203985387186,100.0,0.75,68.27215298904039
Uzunkopru,1995,9,0.3627190309043993,34.2098892740632,7,1995-09-01,0.24702682561194406,0.48095182065481445,25.98564550250391,39.28815759813896,49.45696601222662,38.17525808333668,0.75,46.63653903000414
Uzunkopru,1995,10,0.32019018269698896,21.967817433559574,8,1995-10-01,0.22065137736978338,0.4072850613575389,17.76662096714209,30.76695871365202,53.33378369883971,67.68394369180648,0.75,56.921323697081405
Uzunkopru,1995,11,0.286207349965977,7.05322131416402,6,1995-11-01,0.2172232733920477,0.619542160827769,4.0716506832536075,20.69758873927648,17.146616459797936,82.0667524390883,0.75,33.37665045462053
Uzunkopru,1995,12,,,2,1995-12-01,-0.034489528128139324,0.5731047756550935,-10.19155139623947,13.73951865467373,,,0.75,
Uzunkopru,1996,1,,,1,1996-01-01,-0.0647190120439122,0.5596458188613598,-7.8868494621720915,16.049935688297637,,,0.75,
Uzunkopru,1996,2,0.22145634376431264,-1.2901862272312008,6,1996-02-01,0.14497324919639862,0.5708260833320726,-1.2901862272312008,16.46466146675858,17.959982519112927,100.0,0.75,38.46998688933469
Uzunkopru,1996,3,,,3,1996-03-01,0.19157096690320047,0.6186994925298193,0.4511778307202947,24.384634204348206,,,0.75,
Uzunkopru,1996,4,0.31482139099059014,14.11140136635905,11,1996-04-01,0.31482139099059014,0.6966322466544559,7.881526346692025,28.00457890297639,0.0,69.0411034695556,0.75,17.2602758673889
Uzunkopru,1996,5,0.4979550392299013,32.61886544419104,12,1996-05-01,0.4669033629700133,0.7093165895839915,23.883111121526277,37.45215429014965,12.809398519056511,35.619968083932086,0.75,18.512040910275402
Uzunkopru,1996,6,0.4130731720150594,36.785106166812035,14,1996-06-01,0.3736482584792338,0.6319068909531388,25.83337122305903,43.49734916614595,15.265671144529577,37.99961153122283,0.75,20.949156241202893
Uzunkopru,1996,7,0.34869625194046744,37.42831106913902,14,1996-07-01,0.34869625194046744,0.5812463186914664,30.308854412252526,44.25445989095502,0.0,48.94838615821151,0.75,12.237096539552878
Uzunkopru,1996,8,0.3007655380245807,38.0474257469424,12,1996-08-01,0.27677114142760134,0.6218823223082021,33.24022972312667,46.03706704997984,6.952656977312133,62.43449923577441,0.75,20.8231175419277
Uzunkopru,1996,9,0.3369825071273752,25.98564550250391,11,1996-09-01,0.24702682561194406,0.48095182065481445,25.98564550250391,39.28815759813896,38.45492504934984,99.99999999999999,0.75,53.84119378701237
Uzunkopru,1996,10,0.319035502865951,17.76662096714209,12,1996-10-01,0.22065137736978338,0.4072850613575389,17.76662096714209,30.76695871365202,52.71509590017112,100.0,0.75,64.53632192512833
Uzunkopru,1996,11,0.23337949552476978,8.721973339109203,9,1996-11-01,0.2172232733920477,0.619542160827769,4.0716506832536075,20.69758873927648,4.015775206502918,72.02971260817984,0.75,21.019259556922147
Uzunkopru,1996,12,0.00291647167414699,-10.19155139623947,5,1996-12-01,-0.034489528128139324,0.5731047756550935,-10.19155139623947,13.73951865467373,6.156410547198183,100.0,0.75,29.617307910398637
Uzunkopru,1997,1,0.3852446825868768,6.585521173447037,8,1997-01-01,-0.0647190120439122,0.5596458188613598,-7.8868494621720915,16.049935688297637,72.06743114892983,39.53920484875503,0.75,63.93537457388613
Uzunkopru,1997,2,,,6,1997-02-01,0.14497324919639862,0.5708260833320726,-1.2901862272312008,16.46466146675858,,,0.75,
Uzunkopru,1997,3,0.38836595320817924,11.26312743019174,8,1997-03-01,0.19157096690320047,0.6186994925298193,0.4511778307202947,24.384634204348206,46.07395069581708,54.82495536505521,0.75,48.26170186312662
Uzunkopru,1997,4,0.5175166002349819,19.433024253726128,9,1997-04-01,0.31482139099059014,0.6966322466544559,7.881526346692025,28.00457890297639,53.08785914218171,42.59569777137711,0.75,50.46481879948056
Uzunkopru,1997,5,0.5790604693009993,31.182533491097008,14,1997-05-01,0.4669033629700133,0.7093165895839915,23.883111121526277,37.45215429014965,46.266908739920524,46.20532723744527,0.75,46.25151336430171
Uzunkopru,1997,6,0.4577017405707014,37.341641696564906,12,1997-06-01,0.3736482584792338,0.6319068909531388,25.83337122305903,43.49734916614595,32.546242999238586,34.84893091134197,0.75,33.12191497726443
Uzunkopru,1997,7,0.4204021057953601,33.25662071123067,12,1997-07-01,0.34869625194046744,0.5812463186914664,30.308854412252526,44.25445989095502,30.834587517737027,78.86240003361686,0.75,42.84154064670699
Uzunkopru,1997,8,0.43437952721743794,33.33548028156064,14,1997-08-01,0.27677114142760134,0.6218823223082021,33.24022972312667,46.03706704997984,45.66887267682148,99.25567110059218,0.75,59.06557228276415
Uzunkopru,1997,9,0.35318604510187307,29.26197710977864,14,1997-09-01,0.24702682561194406,0.48095182065481445,25.98564550250391,39.28815759813896,45.38173420521979,75.37057975425715,0.75,52.87894559247913
Uzunkopru,1997,10,0.3111463801964003,18.807432506502696,11,1997-10-01,0.22065137736978338,0.4072850613575389,17.76662096714209,30.76695871365202,48.488033292293586,91.99396539032209,0.75,59.36451631680072
Uzunkopru,1997,11,0.24892007282730674,13.635673804582142,10,1997-11-01,0.2172232733920477,0.619542160827769,4.0716506832536075,20.69758873927648,7.878526319578586,42.47528717416402,0.75,16.527716533224947
Uzunkopru,1997,12,0.2728961128341946,6.410474644968837,2,1997-12-01,-0.034489528128139324,0.5731047756550935,-10.19155139623947,13.73951865467373,50.59060610811746,30.625642706792462,0.75,45.59936525778621
Uzunkopru,1998,1,0.29440143774049987,6.1223351259011,4,1998-01-01,-0.0647190120439122,0.5596458188613598,-7.8868494621720915,16.049935688297637,57.517725536161315,41.4742435126119,0.75,53.50685503027396
Uzunkopru,1998,2,0.35893539430444366,6.297161118764941,11,1998-02-01,0.14497324919639862,0.5708260833320726,-1.2901862272312008,16.46466146675858,50.24321266812987,57.266052197313165,0.75,51.998922550425696
Uzunkopru,1998,3,,,6,1998-03-01,0.19157096690320047,0.6186994925298193,0.4511778307202947,24.384634204348206,,,0.75,
Uzunkopru,1998,4,0.5505461506100587,16.574815999600364,11,1998-04-01,0.31482139099059014,0.6966322466544559,7.881526346692025,28.00457890297639,61.738621655900026,56.79934926078871,0.75,60.5038035571222
Uzunkopru,1998,5,0.5248821080300017,27.02526769261015,8,1998-05-01,0.4669033629700133,0.7093165895839915,23.883111121526277,37.45215429014965,23.917319145425374,76.84319718025736,0.75,37.14878865413337
Uzunkopru,1998,6,0.4956831479479174,37.28291928328399,14,1998-06-01,0.3736482584792338,0.6319068909531388,25.83337122305903,43.49734916614595,47.25297594109048,35.181372524834245,0.75,44.23507508702642
Uzunkopru,1998,7,0.4345982285452352,38.7373549150676,14,1998-07-01,0.34869625194046744,0.5812463186914664,30.308854412252526,44.25445989095502,36.939132207064304,39.56160228620447,0.75,37.594749726849344
Uzunkopru,1998,8,0.3777348450979577,37.74205747309623,12,1998-08-01,0.27677114142760134,0.6218823223082021,33.24022972312667,46.03706704997984,29.255413693851633,64.82077848623716,0.75,38.146754891948014
Uzunkopru,1998,9,0.3105962653553056,26.778757224520913,12,1998-09-01,0.24702682561194406,0.48095182065481445,25.98564550250391,39.28815759813896,27.175137796502444,94.0378800912555,0.75,43.89082337019071
Uzunkopru,1998,10,0.37243589406244987,19.631310788636856,10,1998-10-01,0.22065137736978338,0.4072850613575389,17.76662096714209,30.76695871365202,81.32750393686952,85.65660479093813,0.75,82.40977915038667
Uzunkopru,1998,11,0.46459134627717785,12.687012740993996,10,1998-11-01,0.2172232733920477,0.619542160827769,4.0716506832536075,20.69758873927648,61.48557291500571,48.18119718291981,0.75,58.159478981984236
Uzunkopru,1998,12,-0.034489528128139324,-8.224078548433752,7,1998-12-01,-0.034489528128139324,0.5731047756550935,-10.19155139623947,13.73951865467373,0.0,91.7785838927389,0.75,22.944645973184723
Uzunkopru,1999,1,0.23657187774323418,4.047360053646077,9,1999-01-01,-0.0647190120439122,0.5596458188613598,-7.8868494621720915,16.049935688297637,48.25558309399043,50.142805557228414,0.75,48.727388709799925
Uzunkopru,1999,2,0.3773773457538043,11.727497322434157,10,1999-02-01,0.14497324919639862,0.5708260833320726,-1.2901862272312008,16.46466146675858,54.57380529804417,26.680961875713574,0.75,47.60059444246152
Uzunkopru,1999,3,0.46397504042730675,15.821910526965038,8,1999-03-01,0.19157096690320047,0.6186994925298193,0.4511778307202947,24.384634204348206,63.77566872277518,35.777213051510465,0.75,56.776054804959
Uzunkopru,1999,4,0.5120317276493821,26.437594061156062,12,1999-04-01,0.31482139099059014,0.6966322466544559,7.881526346692025,28.00457890297639,51.651317329858664,7.787013612559315,0.75,40.685241400533826
Uzunkopru,1999,5,0.4669033629700133,29.101772567181424,14,1999-05-01,0.4669033629700133,0.7093165895839915,23.883111121526277,37.45215429014965,0.0,61.53994514718167,0.75,15.384986286795417
Uzunkopru,1999,6,0.3760214262551426,36.41524192784983,11,1999-06-01,0.3736482584792338,0.6319068909531388,25.83337122305903,43.49734916614595,0.9189113073107581,40.093501368234094,0.75,10.712558822541592
Uzunkopru,1999,7,0.38905159173607956,40.70148359623212,21,1999-07-01,0.34869625194046744,0.5812463186914664,30.308854412252526,44.25445989095502,17.35339850012697,25.47738999320571,0.75,19.384396373396655
Uzunkopru,1999,8,0.36646070689976723,40.768310117784424,24,1999-08-01,0.27677114142760134,0.6218823223082021,33.24022972312667,46.03706704997984,25.98860032390434,41.17233655177703,0.75,29.784534380872515
Uzunkopru,1999,9,0.31101021090728986,34.813349828280046,23,1999-09-01,0.24702682561194406,0.48095182065481445,25.98564550250391,39.28815759813896,27.35209432562769,33.63881752324984,0.75,28.923775125033227
Uzunkopru,1999,10,0.3138254685476974,25.70705911852315,25,1999-10-01,0.22065137736978338,0.4072850613575389,17.76662096714209,30.76695871365202,49.92351283384991,38.921293383221894,0.75,47.17295797119291
Uzunkopru,1999,11,0.29595521892267596,13.476049486479326,22,1999-11-01,0.2172232733920477,0.619542160827769,4.0716506832536075,20.69758873927648,19.569537496100605,43.43537927582436,0.75,25.535997941031543
Uzunkopru,1999,12,0.3027913951849887,11.944263135910953,14,1999-12-01,-0.034489528128139324,0.5731047756550935,-10.19155139623947,13.73951865467373,55.510876453749205,7.501777041074148,0.75,43.50860160058044
Uzunkopru,2000,1,0.3629868075932832,5.872119831956519,17,2000-01-01,-0.0647190120439122,0.5596458188613598,-7.8868494621720915,16.049935688297637,68.50254826445959,42.519560552355095,0.75,62.00680133643347
Uzunkopru,2000,2,0.392443998752798,10.168995693361195,15,2000-02-01,0.14497324919639862,0.5708260833320726,-1.2901862272312008,16.46466146675858,58.11180053754363,35.45885541743363,0.75,52.44856425751613
Uzunkopru,2000,3,0.4125207733062196,17.29845785232325,17,2000-03-01,0.19157096690320047,0.6186994925298193,0.4511778307202947,24.384634204348206,51.72911504303647,29.607826974097893,0.75,46.19879302580183
Uzunkopru,2000,4,0.3407309085077045,22.69634506532742,8,2000-04-01,0.31482139099059014,0.6966322466544559,7.881526346692025,28.00457890297639,6.785956222241168,26.378869820082173,0.75,11.68418462170142
Uzunkopru,2000,5,0.5631276370482503,30.904511338057905,24,2000-05-01,0.4669033629700133,0.7093165895839915,23.883111121526277,37.45215429014965,39.69431677565422,48.25427165883227,0.75,41.834305496448735
Uzunkopru,2000,6,0.49319451480968873,39.02259498099104,18,2000-06-01,0.3736482584792338,0.6319068909531388,25.83337122305903,43.49734916614595,46.28935543617662,25.332652699026838,0.75,41.050179751889175
Uzunkopru,2000,7,0.3931823421899548,42.47061430404781,24,2000-07-01,0.34869625194046744,0.5812463186914664,30.308854412252526,44.25445989095502,19.129682855400112,12.791453118557474,0.75,17.545125421189454
Uzunkopru,2000,8,0.29131823826872955,39.58873335299261,24,2000-08-01,0.27677114142760134,0.6218823223082021,33.24022972312667,46.03706704997984,4.215191407015327,50.3900575766162,0.75,15.758907949415546
Uzunkopru,2000,9,0.2597332433599082,33.90190187414759,23,2000-09-01,0.24702682561194406,0.48095182065481445,25.98564550250391,39.28815759813896,5.431834142236708,40.49051551517672,0.75,14.19650448547171
Uzunkopru,2000,10,0.28383038149480216,21.749428987281437,18,2000-10-01,0.22065137736978338,0.4072850613575389,17.76662096714209,30.76695871365202,33.851876453965176,69.36381117322453,0.75,42.729860133780015
Uzunkopru,2000,11,0.3567108828999481,16.819890988301225,23,2000-11-01,0.2172232733920477,0.619542160827769,4.0716506832536075,20.69758873927648,34.670907547234265,23.323181753167482,0.75,31.83397609871757
Uzunkopru,2000,12,0.3518421504627698,9.315470074736163,19,2000-12-01,-0.034489528128139324,0.5731047756550935,-10.19155139623947,13.73951865467373,63.583821669391085,18.48663085489045,0.75,52.309523965765926
Uzunkopru,2001,1,0.40195596153025115,9.703308563412556,15,2001-01-01,-0.0647190120439122,0.5596458188613598,-7.8868494621720915,16.049935688297637,74.74395585310711,26.51411659915633,0.75,62.68649603961941
Uzunkopru,2001,2,0.4552708370048879,11.753706375480672,15,2001-02-01,0.14497324919639862,0.5708260833320726,-1.2901862272312008,16.46466146675858,72.864981264779,26.533345554254584,0.75,61.2820723371479
Uzunkopru,2001,3,0.5692367068092459,19.09876545159624,20,2001-03-01,0.19157096690320047,0.6186994925298193,0.4511778307202947,24.384634204348206,88.41969506765932,22.085689046469795,0.75,71.83619356236194
Uzunkopru,2001,4,0.5958323308125367,22.467179599944817,18,2001-04-01,0.31482139099059014,0.6966322466544559,7.881526346692025,28.00457890297639,73.59951548086411,27.517690407771966,0.75,62.079059212591076
Uzunkopru,2001,5,0.6141947713245623,24.94554785651924,18,2001-05-01,0.4669033629700133,0.7093165895839915,23.883111121526277,37.45215429014965,60.76046691507379,92.17014256797627,0.75,68.61288582829941
Uzunkopru,2001,6,0.4309549174060694,40.21540240286939,26,2001-06-01,0.3736482584792338,0.6319068909531388,25.83337122305903,43.49734916614595,22.1896392689317,18.579884858614232,0.75,21.287200666352334
Uzunkopru,2001,7,0.35259703165678846,42.69198455190147,28,2001-07-01,0.34869625194046744,0.5812463186914664,30.308854412252526,44.25445989095502,1.6773935053296507,11.204069564707938,0.75,4.059062520174223
Uzunkopru,2001,8,0.2811192746568611,43.63052323044817,23,2001-08-01,0.27677114142760134,0.6218823223082021,33.24022972312667,46.03706704997984,1.259922445330478,18.80577019199677,0.75,5.646384381997051
Uzunkopru,2001,9,0.25184567485630965,32.618497319740506,22,2001-09-01,0.24702682561194406,0.48095182065481445,25.98564550250391,39.28815759813896,2.0599975831921973,50.13835154178862,0.75,14.079586072841304
Uzunkopru,2001,10,0.2511347440485202,21.50121476128962,23,2001-10-01,0.22065137736978338,0.4072850613575389,17.76662096714209,30.76695871365202,16.333260978086226,71.27310176883582,0.75,30.068221175773623
Uzunkopru,2001,11,0.24078436875574877,20.69758873927648,19,2001-11-01,0.2172232733920477,0.619542160827769,4.0716506832536075,20.69758873927648,5.856323453734308,0.0,0.75,4.3922425903007305
Uzunkopru,2001,12,0.049287778694041266,-2.3709203727823125,11,2001-12-01,-0.034489528128139324,0.5731047756550935,-10.19155139623947,13.73951865467373,13.788362777684833,67.3201783003484,0.75,27.171316658350726
Uzunkopru,2002,1,0.24121533328269432,5.429718856278588,22,2002-01-01,-0.0647190120439122,0.5596458188613598,-7.8868494621720915,16.049935688297637,48.9992917895503,44.36776603566015,0.75,47.84141035107777
Uzunkopru,2002,2,0.309329398693824,16.46466146675858,21,2002-02-01,0.14497324919639862,0.5708260833320726,-1.2901862272312008,16.46466146675858,38.5945886284891,0.0,0.75,28.945941471366822
Uzunkopru,2002,3,0.32182979718991406,16.654703323421963,14,2002-03-01,0.19157096690320047,0.6186994925298193,0.4511778307202947,24.384634204348206,30.49640154462112,32.29759530029183,0.75,30.946699983538796
Uzunkopru,2002,4,0.5269824232489476,18.864169068426094,11,2002-04-01,0.31482139099059014,0.6966322466544559,7.881526346692025,28.00457890297639,55.56705083449418,45.42258093787951,0.75,53.03093336034051
Uzunkopru,2002,5,0.5263915423621772,37.45215429014965,19,2002-05-01,0.4669033629700133,0.7093165895839915,23.883111121526277,37.45215429014965,24.53998910170593,0.0,0.75,18.40499182627945
Uzunkopru,2002,6,0.43415706820822597,38.55768189822362,20,2002-06-01,0.3736482584792338,0.6319068909531388,25.83337122305903,43.49734916614595,23.42954005036255,27.964636753045472,0.75,24.56331422603328
Uzunkopru,2002,7,0.4443345744694671,41.42036589049773,23,2002-07-01,0.34869625194046744,0.5812463186914664,30.308854412252526,44.25445989095502,41.1259062898501,20.322488003733326,0.75,35.92505171832091
Uzunkopru,2002,8,0.4179507989018025,36.23550805319679,11,2002-08-01,0.27677114142760134,0.6218823223082021,33.24022972312667,46.03706704997984,40.90845654839723,76.59360470430641,0.75,49.82974358737453
Uzunkopru,2002,9,0.3555221048378621,31.157280429424596,13,2002-09-01,0.24702682561194406,0.48095182065481445,25.98564550250391,39.28815759813896,46.38037042857887,61.12286995312973,0.75,50.065995309716584
Uzunkopru,2002,10,0.38213623431457966,23.595043904306387,12,2002-10-01,0.22065137736978338,0.4072850613575389,17.76662096714209,30.76695871365202,86.52503315285296,55.16714218652515,0.75,78.685560411271
Uzunkopru,2002,11,0.3977308907588742,15.068493374748874,11,2002-11-01,0.2172232733920477,0.619542160827769,4.0716506832536075,20.69758873927648,44.86680168493613,33.857309858606286,0.75,42.11442872835367
Uzunkopru,2002,12,0.44296213592936085,3.3555012558975985,6,2002-12-01,-0.034489528128139324,0.5731047756550935,-10.19155139623947,13.73951865467373,78.58066823283407,43.39136267907871,0.75,69.78334184439524
Uzunkopru,2003,1,0.255773726041951,-1.80885259487988,9,2003-01-01,-0.0647190120439122,0.5596458188613598,-7.8868494621720915,16.049935688297637,51.33100428177193,74.608132090065,0.75,57.1502862338452
Uzunkopru,2003,2,0.339068530358065,3.4220193294244905,8,2003-02-01,0.14497324919639862,0.5708260833320726,-1.2901862272312008,16.46466146675858,45.57801794500418,73.45961149387486,0.75,52.54841633222185
Uzunkopru,2003,3,0.3800306765728001,16.1931819947339,11,2003-03-01,0.19157096690320047,0.6186994925298193,0.4511778307202947,24.384634204348206,44.122482663296694,34.225947484294004,0.75,41.64834886854602
Uzunkopru,2003,4,0.5542581163489149,25.834855401353586,13,2003-04-01,0.31482139099059014,0.6966322466544559,7.881526346692025,28.00457890297639,62.71082181307,10.78227816358412,0.75,49.72868590069853
Uzunkopru,2003,5,0.5369235853782642,35.17798800226728,10,2003-05-01,0.4669033629700133,0.7093165895839915,23.883111121526277,37.45215429014965,28.884654268371264,16.759960592807925,0.75,25.85348084948043
Uzunkopru,2003,6,0.3818422989003386,43.49734916614595,3,2003-06-01,0.3736482584792338,0.6319068909531388,25.83337122305903,43.49734916614595,3.172804077297503,0.0,0.75,2.379603057973127
Uzunkopru,2003,7,0.38708387361240204,38.361628817994806,16,2003-07-01,0.34869625194046744,0.5812463186914664,30.308854412252526,44.25445989095502,16.50725033462916,42.25582805966834,0.75,22.94439476588895
Uzunkopru,2003,8,0.3232673732499489,42.92130889323435,16,2003-08-01,0.27677114142760134,0.6218823223082021,33.24022972312667,46.03706704997984,13.472826844875257,24.3478765664022,0.75,16.191589275256995
Uzunkopru,2003,9,0.2604646446398206,32.74692231799912,20,2003-09-01,0.24702682561194406,0.48095182065481445,25.98564550250391,39.28815759813896,5.7444990114946295,49.17293239888285,0.75,16.601607358341685
Uzunkopru,2003,10,0.3200878285489899,22.368384481796497,15,2003-10-01,0.22065137736978338,0.4072850613575389,17.76662096714209,30.76695871365202,53.2789414293136,64.60273875661579,0.75,56.10989076113915
Uzunkopru,2003,11,0.3160700255546797,14.182262596728942,9,2003-11-01,0.2172232733920477,0.619542160827769,4.0716506832536075,20.69758873927648,24.569254700582462,39.18772053999872,0.75,28.223871160436527
Uzunkopru,2003,12,0.39440997822401713,2.6242019463518638,4,2003-12-01,-0.034489528128139324,0.5731047756550935,-10.19155139623947,13.73951865467373,70.5897839531379,46.44721980535806,0.75,64.55414291619294
Uzunkopru,2004,1,0.45212252154368,-0.12521390681250436,8,2004-01-01,-0.0647190120439122,0.5596458188613598,-7.8868494621720915,16.049935688297637,82.77877100127809,67.57444449382429,0.75,78.97768937441464
Uzunkopru,2004,2,0.4413571128048808,10.137069585906819,11,2004-02-01,0.14497324919639862,0.5708260833320726,-1.2901862272312008,16.46466146675858,69.59772011616018,35.638671702003535,0.75,61.10795801262101
Uzunkopru,2004,3,0.531205096489575,13.132271142551803,15,2004-03-01,0.19157096690320047,0.6186994925298193,0.4511778307202947,24.384634204348206,79.51567484005298,47.01520284464761,0.75,71.39055684120164
Uzunkopru,2004,4,0.5514875141949892,25.46924597358651,15,2004-04-01,0.31482139099059014,0.6966322466544559,7.881526346692025,28.00457890297639,61.98517399221159,12.599146785998453,0.75,49.6386671906583
Uzunkopru,2004,5,0.5126373793797571,29.16685258824961,13,2004-05-01,0.4669033629700133,0.7093165895839915,23.883111121526277,37.45215429014965,18.86613905047813,61.06032384846935,0.75,29.414685249975935
Uzunkopru,2004,6,0.5092894360214705,35.23367027732474,19,2004-06-01,0.3736482584792338,0.6319068909531388,25.83337122305903,43.49734916614595,52.5214496192851,46.78266082219228,0.75,51.08675242001189
Uzunkopru,2004,7,0.4681200244632548,38.75821295146965,22,2004-07-01,0.34869625194046744,0.5812463186914664,30.308854412252526,44.25445989095502,51.35400483486396,39.412035195453846,0.75,48.36851242501143
Uzunkopru,2004,8,0.3335632081741967,44.35785543302618,18,2004-08-01,0.27677114142760134,0.6218823223082021,33.24022972312667,46.03706704997984,16.45616540202559,13.122083012104584,0.75,15.622644804545338
Uzunkopru,2004,9,0.270723466763028,35.37505667484176,21,2004-09-01,0.24702682561194406,0.48095182065481445,25.98564550250391,39.28815759813896,10.13001673751929,29.416255329556936,0.75,14.9515763855287
Uzunkopru,2004,10,0.23860794042400477,27.461156794975665,11,2004-10-01,0.22065137736978338,0.4072850613575389,17.76662096714209,30.76695871365202,9.621287363860569,25.42858488091073,0.75,13.57311174312311
Uzunkopru,2004,11,0.23586254361526113,11.256601694823145,11,2004-11-01,0.2172232733920477,0.619542160827769,4.0716506832536075,20.69758873927648,4.632959278152567,56.78468795349124,0.75,17.670891446987238
Uzunkopru,2004,12,0.28537623679818436,10.799902712648034,10,2004-12-01,-0.034489528128139324,0.5731047756550935,-10.19155139623947,13.73951865467373,52.64462865017904,12.283679483498574,0.75,42.55439135850892
Uzunkopru,2005,1,0.3155697064732963,10.18417499578526,16,2005-01-01,-0.0647190120439122,0.5596458188613598,-7.8868494621720915,16.049935688297637,60.90809406510366,24.505215114057492,0.75,51.80737432734212
Uzunkopru,2005,2,0.3153398862149591,12.524799388493536,10,2005-02-01,0.14497324919639862,0.5708260833320726,-1.2901862272312008,16.46466146675858,40.00598877411316,22.19034568006311,0.75,35.55207800060065
Uzunkopru,2005,3,0.3640981802343653,20.1546359702827,17,2005-03-01,0.19157096690320047,0.6186994925298193,0.4511778307202947,24.384634204348206,40.39234164425306,17.67399646766652,0.75,34.71275535010642
Uzunkopru,2005,4,0.49791354684493677,25.526410635027275,16,2005-04-01,0.31482139099059014,0.6966322466544559,7.881526346692025,28.00457890297639,47.953627598146454,12.315071289595135,0.75,39.04398852100862
Uzunkopru,2005,5,0.5313612172058695,30.694490738393522,13,2005-05-01,0.4669033629700133,0.7093165895839915,23.883111121526277,37.45215429014965,26.590073130992845,49.80206391694836,0.75,32.39307082748172
Uzunkopru,2005,6,0.5277639235270539,33.16832343972956,24,2005-06-01,0.3736482584792338,0.6319068909531388,25.83337122305903,43.49734916614595,59.67493267176358,58.475082791069816,0.75,59.37497020159014
Uzunkopru,2005,7,0.4719011875763944,37.37431968376147,20,2005-07-01,0.34869625194046744,0.5812463186914664,30.308854412252526,44.25445989095502,52.97996141529712,49.33554314081801,0.75,52.06885684667734
Uzunkopru,2005,8,0.3824293828318279,40.94032701809465,22,2005-08-01,0.27677114142760134,0.6218823223082021,33.24022972312667,46.03706704997984,30.615710894855507,39.82812238450571,0.75,32.918813767268055
Uzunkopru,2005,9,0.3142502077678927,36.504137261865075,20,2005-09-01,0.24702682561194406,0.48095182065481445,25.98564550250391,39.28815759813896,28.737152326808392,20.92853076365481,0.75,26.784996936019994
Uzunkopru,2005,10,0.28117901240007603,22.680084471910877,13,2005-10-01,0.22065137736978338,0.4072850613575389,17.76662096714209,30.76695871365202,32.43124913842653,62.2051088165932,0.75,39.8747140579682
Uzunkopru,2005,11,0.2476417827324953,17.526025071380598,8,2005-11-01,0.2172232733920477,0.619542160827769,4.0716506832536075,20.69758873927648,7.560795749443302,19.075998341921878,0.75,10.439596397562946
Uzunkopru,2005,12,0.2739589986139591,5.734777569610155,4,2005-12-01,-0.034489528128139324,0.5731047756550935,-10.19155139623947,13.73951865467373,50.76553957493015,33.44915654851012,0.75,46.436443818325145
Uzunkopru,2006,1,0.24841380664350177,3.0870699588945874,2,2006-01-01,-0.0647190120439122,0.5596458188613598,-7.8868494621720915,16.049935688297637,50.152219213468506,54.15458110985581,0.75,51.15280968756534
Uzunkopru,2006,2,0.14497324919639862,9.003568497160744,11,2006-02-01,0.14497324919639862,0.5708260833320726,-1.2901862272312008,16.46466146675858,0.0,42.022849748936466,0.75,10.505712437234116
Uzunkopru,2006,3,0.3266720535716774,14.599824352558628,11,2006-03-01,0.19157096690320047,0.6186994925298193,0.4511778307202947,24.384634204348206,31.630078199595054,40.88339644319566,0.75,33.943407760495205
Uzunkopru,2006,4,0.45647998543638363,27.146401702022107,11,2006-04-01,0.31482139099059014,0.6966322466544559,7.881526346692025,28.00457890297639,37.101772342090044,4.26464721768208,0.75,28.892491060988053
Uzunkopru,2006,5,0.5040409640948648,35.408621982288054,16,2006-05-01,0.4669033629700133,0.7093165895839915,23.883111121526277,37.45215429014965,15.319956606159058,15.060253567377515,0.75,15.255030846463672
Uzunkopru,2006,6,0.519438563188364,32.32161449928205,19,2006-06-01,0.3736482584792338,0.6319068909531388,25.83337122305903,43.49734916614595,56.45128037447545,63.26850442676024,0.75,58.15558638754665
Uzunkopru,2006,7,0.5812463186914664,35.83662834985066,21,2006-07-01,0.34869625194046744,0.5812463186914664,30.308854412252526,44.25445989095502,100.0,60.361893601249044,0.75,90.09047340031226
Uzunkopru,2006,8,0.4168298007806742,43.92857467016287,24,2006-08-01,0.27677114142760134,0.6218823223082021,33.24022972312667,46.03706704997984,40.58363423511609,16.476667835672682,0.75,34.55689263525524
Uzunkopru,2006,9,0.34152643427693335,36.63555662464039,22,2006-09-01,0.24702682561194406,0.48095182065481445,25.98564550250391,39.28815759813896,40.39739688684006,19.940601853457213,0.75,35.283198128494355
Uzunkopru,2006,10,0.32257888813481894,23.87383716574713,11,2006-10-01,0.22065137736978338,0.4072850613575389,17.76662096714209,30.76695871365202,54.613673473713746,53.02263435236839,0.75,54.21591369337741
Uzunkopru,2006,11,0.3705336987030966,14.454185762956447,15,2006-11-01,0.2172232733920477,0.619542160827769,4.0716506832536075,20.69758873927648,38.1066934958512,37.55218475662679,0.75,37.96806631104509
Uzunkopru,2006,12,0.3977920060415929,9.296695010100857,21,2006-12-01,-0.034489528128139324,0.5731047756550935,-10.19155139623947,13.73951865467373,71.14640994461237,18.565085619325817,0.75,58.001078863290736
Uzunkopru,2007,1,0.36699073201760957,10.365078380016467,15,2007-01-01,-0.0647190120439122,0.5596458188613598,-7.8868494621720915,16.049935688297637,69.14382788594644,23.749460391382645,0.75,57.79523601230549
Uzunkopru,2007,2,0.4711708019736219,8.596239209463144,18,2007-02-01,0.14497324919639862,0.5708260833320726,-1.2901862272312008,16.46466146675858,76.59865724253905,44.31703607324657,0.75,68.52825195021593
Uzunkopru,2007,3,0.5379501775746113,14.913984404928941,17,2007-03-01,0.19157096690320047,0.6186994925298193,0.4511778307202947,24.384634204348206,81.09484379748584,39.57075673305131,0.75,70.7138220313772
Uzunkopru,2007,4,0.6043866600177892,24.7836461052501,14,2007-04-01,0.31482139099059014,0.6966322466544559,7.881526346692025,28.00457890297639,75.83997802360109,16.006183896391033,0.75,60.88152949179858
Uzunkopru,2007,5,0.55389238340736,33.122774631814536,19,2007-05-01,0.4669033629700133,0.7093165895839915,23.883111121526277,37.45215429014965,35.88460153449842,31.906300278756827,0.75,34.89002622056302
Uzunkopru,2007,6,0.44814968495494795,40.86325803932369,18,2007-06-01,0.3736482584792338,0.6319068909531388,25.83337122305903,43.49734916614595,28.847603567807923,14.912219293464164,0.75,25.363757499221983
Uzunkopru,2007,7,0.37321546655753646,42.88545247013004,23,2007-07-01,0.34869625194046744,0.5812463186914664,30.308854412252526,44.25445989095502,10.543628285999489,9.816765739685556,0.75,10.361912649421006
Uzunkopru,2007,8,0.27677114142760134,43.75755577418571,24,2007-08-01,0.27677114142760134,0.6218823223082021,33.24022972312667,46.03706704997984,0.0,17.8130831671256,0.75,4.4532707917814
Uzunkopru,2007,9,0.2792170625539053,31.13627051409358,11,2007-09-01,0.24702682561194406,0.48095182065481445,25.98564550250391,39.28815759813896,13.760922357211939,61.2808094098276,0.75,25.640894120365854
Uzunkopru,2007,10,0.28731097647326603,26.394146905895795,6,2007-10-01,0.22065137736978338,0.4072850613575389,17.76662096714209,30.76695871365202,35.71681042734815,33.63614002205558,0.75,35.196642826025005
Uzunkopru,2007,11,0.3342805713672599,14.979964683948555,6,2007-11-01,0.2172232733920477,0.619542160827769,4.0716506832536075,20.69758873927648,29.09565064700437,34.38978321741474,0.75,30.41918378960696
Uzunkopru,2007,12,0.35207102965945986,11.759381016221704,4,2007-12-01,-0.034489528128139324,0.5731047756550935,-10.19155139623947,13.73951865467373,63.62149140975319,8.27433806444633,0.75,49.78470307342648
Uzunkopru,2008,1,0.35762103859397604,5.336508888961296,7,2008-01-01,-0.0647190120439122,0.5596458188613598,-7.8868494621720915,16.049935688297637,67.64315184529754,44.757166561801654,0.75,61.921655524423564
Uzunkopru,2008,2,0.35147392811286793,12.255859047699204,9,2008-02-01,0.14497324919639862,0.5708260833320726,-1.2901862272312008,16.46466146675858,48.49108949470547,23.705088838830793,0.75,42.2945893307368
Uzunkopru,2008,3,0.49342235886305863,20.206864654485518,14,2008-03-01,0.19157096690320047,0.6186994925298193,0.4511778307202947,24.384634204348206,70.66992107750873,17.455771889538443,0.75,57.366383780516166
Uzunkopru,2008,4,0.6069582179816424,22.529492289525667,9,2008-04-01,0.31482139099059014,0.6966322466544559,7.881526346692025,28.00457890297639,76.5134942229721,27.208032171743607,0.75,64.18712871016497
Uzunkopru,2008,5,0.6117455622912582,34.49013808868746,20,2008-05-01,0.4669033629700133,0.7093165895839915,23.883111121526277,37.45215429014965,59.75012227855596,21.829219383069425,0.75,50.26989655468432
Uzunkopru,2008,6,0.43172858430979183,37.39564087015791,20,2008-06-01,0.3736482584792338,0.6319068909531388,25.83337122305903,43.49734916614595,22.489209856877334,34.54322868635623,0.75,25.502714564247057
Uzunkopru,2008,7,0.3936074925760568,40.92788595760433,21,2008-07-01,0.34869625194046744,0.5812463186914664,30.308854412252526,44.25445989095502,19.312503867684423,23.85392257389597,0.75,20.44785854423731
Uzunkopru,2008,8,0.32844120476791827,43.927457986227324,20,2008-08-01,0.27677114142760134,0.6218823223082021,33.24022972312667,46.03706704997984,14.972005024141305,16.485394085034308,0.75,15.350352289364556
Uzunkopru,2008,9,0.2834482928220569,34.54950236873184,15,2008-09-01,0.24702682561194406,0.48095182065481445,25.98564550250391,39.28815759813896,15.569720201741612,35.622258377513646,0.75,20.58285474568462
Uzunkopru,2008,10,0.26577635549576145,26.780082493875614,5,2008-10-01,0.22065137736978338,0.4072850613575389,17.76662096714209,30.76695871365202,24.178367571064285,30.66748185712884,0.75,25.800646142580426
Uzunkopru,2008,11,0.2716143988225524,19.220542950634933,8,2008-11-01,0.2172232733920477,0.619542160827769,4.0716506832536075,20.69758873927648,13.519406403507416,8.883984673012035,0.75,12.36055097088357
Uzunkopru,2008,12,0.3121856353376157,4.1266725552120125,4,2008-12-01,-0.034489528128139324,0.5731047756550935,-10.19155139623947,13.73951865467373,57.05701342279796,40.168893739437685,0.75,52.83498350195789
Uzunkopru,2009,1,0.23400226565012025,16.049935688297637,7,2009-01-01,-0.0647190120439122,0.5596458188613598,-7.8868494621720915,16.049935688297637,47.844026906658705,0.0,0.75,35.88302017999403
Uzunkopru,2009,2,0.3915401616862974,7.688665615028178,10,2009-02-01,0.14497324919639862,0.5708260833320726,-1.2901862272312008,16.46466146675858,57.8995588911225,49.42873069365263,0.75,55.781851841755035
Uzunkopru,2009,3,0.4877271521797532,19.957718487825673,7,2009-03-01,0.19157096690320047,0.6186994925298193,0.4511778307202947,24.384634204348206,69.33655036082568,18.496767234173983,0.75,56.62660457916275
Uzunkopru,2009,4,0.5324754901976742,21.209518554659123,13,2009-04-01,0.31482139099059014,0.6966322466544559,7.881526346692025,28.00457890297639,57.00573883072089,33.7675426196469,0.75,51.1961897779524
Uzunkopru,2009,5,0.5993027206373521,33.09617463943323,25,2009-05-01,0.4669033629700133,0.7093165895839915,23.883111121526277,37.45215429014965,54.61721685598172,32.102334678903894,0.75,48.98849631171226
Uzunkopru,2009,6,0.4089890484945115,36.77134494324293,23,2009-06-01,0.3736482584792338,0.6319068909531388,25.83337122305903,43.49734916614595,13.684262816983917,38.07751710613605,0.75,19.782576389271952
Uzunkopru,2009,7,0.4011978315200816,41.87544882451285,27,2009-07-01,0.34869625194046744,0.5812463186914664,30.308854412252526,44.25445989095502,22.57646291532988,17.05921675523774,0.75,21.197151375306845
Uzunkopru,2009,8,0.34290994114092804,40.44584733229323,27,2009-08-01,0.27677114142760134,0.6218823223082021,33.24022972312667,46.03706704997984,19.164490569260625,43.69219968088416,0.75,25.29641784716651
Uzunkopru,2009,9,0.35992230982996337,32.66475203179751,21,2009-09-01,0.24702682561194406,0.48095182065481445,25.98564550250391,39.28815759813896,48.26140284723719,49.79063742790945,0.75,48.64371149240525
Uzunkopru,2009,10,0.3884942642299211,21.763416799554097,21,2009-10-01,0.22065137736978338,0.4072850613575389,17.76662096714209,30.76695871365202,89.9317225454058,69.25621541267274,0.75,84.76284576222254
Uzunkopru,2009,11,0.4155690122602154,16.877621038246513,17,2009-11-01,0.2172232733920477,0.619542160827769,4.0716506832536075,20.69758873927648,49.30062819878361,22.975952924630047,0.75,42.71945938024522
Uzunkopru,2009,12,0.39161020788275386,8.211733697908505,7,2009-12-01,-0.034489528128139324,0.5731047756550935,-10.19155139623947,13.73951865467373,70.12898793779833,23.09877888872039,0.75,58.37143567552884
Uzunkopru,2010,1,-0.0647190120439122,-7.8868494621720915,3,2010-01-01,-0.0647190120439122,0.5596458188613598,-7.8868494621720915,16.049935688297637,0.0,100.0,0.75,25.0
Uzunkopru,2010,2,0.44055648713779594,7.8219185344288915,10,2010-02-01,0.14497324919639862,0.5708260833320726,-1.2901862272312008,16.46466146675858,69.40971487047244,48.678214993955464,0.75,64.2268399013432
Uzunkopru,2010,3,0.4356015171474643,7.053606126247577,12,2010-03-01,0.19157096690320047,0.6186994925298193,0.4511778307202947,24.384634204348206,57.13281497325866,72.41339406872112,0.75,60.952959747124275
Uzunkopru,2010,4,0.569602648677724,22.679625453638337,20,2010-04-01,0.31482139099059014,0.6966322466544559,7.881526346692025,28.00457890297639,66.72970501169702,26.461956676026713,0.75,56.66276792777944
Uzunkopru,2010,5,0.5358353636063744,33.681668822775144,25,2010-05-01,0.4669033629700133,0.7093165895839915,23.883111121526277,37.45215429014965,28.435742388813335,27.787408592621013,0.75,28.273658939765255
Uzunkopru,2010,6,0.4558922148496622,36.68053510315863,16,2010-06-01,0.3736482584792338,0.6319068909531388,25.83337122305903,43.49734916614595,31.845578822515645,38.59161331015581,0.75,33.532087444425684
Uzunkopru,2010,7,0.48180743369414036,38.436628361231584,23,2010-07-01,0.34869625194046744,0.5812463186914664,30.308854412252526,44.25445989095502,57.23979511741041,41.71802750772159,0.75,53.359353214988204
Uzunkopru,2010,8,0.4032990637333401,40.46326338137975,16,2010-08-01,0.27677114142760134,0.6218823223082021,33.24022972312667,46.03706704997984,36.66294496251458,43.55610317014733,0.75,38.38623451442277
Uzunkopru,2010,9,0.3225629996894681,34.25734611397146,17,2010-09-01,0.24702682561194406,0.48095182065481445,25.98564550250391,39.28815759813896,32.290766561170976,37.81850712105919,0.75,33.672701701143026
Uzunkopru,2010,10,0.3190714296363109,21.943456672959847,16,2010-10-01,0.22065137736978338,0.4072850613575389,17.76662096714209,30.76695871365202,52.73434578561102,67.87132928958657,0.75,56.5185916616049
Uzunkopru,2010,11,0.3527822452540353,13.932984909787711,12,2010-11-01,0.2172232733920477,0.619542160827769,4.0716506832536075,20.69758873927648,33.694409110645076,40.6870505994592,0.75,35.44256948284861
Uzunkopru,2010,12,,,7,2010-12-01,-0.034489528128139324,0.5731047756550935,-10.19155139623947,13.73951865467373,,,0.75,
Uzunkopru,2011,1,0.49083496955520356,-6.3615227126938585,8,2011-01-01,-0.0647190120439122,0.5596458188613598,-7.8868494621720915,16.049935688297637,88.97906385816339,93.62768751154414,0.75,90.14121977150857
Uzunkopru,2011,2,0.4778857655712006,11.660896759723146,13,2011-02-01,0.14497324919639862,0.5708260833320726,-1.2901862272312008,16.46466146675858,78.1754845075748,27.056073866866033,0.75,65.39563184739761
Uzunkopru,2011,3,0.4977047340755036,24.384634204348206,12,2011-03-01,0.19157096690320047,0.6186994925298193,0.4511778307202947,24.384634204348206,71.67251747543428,0.0,0.75,53.7543881065757
Uzunkopru,2011,4,0.5613731055019974,19.727636032878294,10,2011-04-01,0.31482139099059014,0.6966322466544559,7.881526346692025,28.00457890297639,64.57430710887476,41.13164663734496,0.75,58.713641990992315
Uzunkopru,2011,5,0.5947975701417642,29.40109161770898,19,2011-05-01,0.4669033629700133,0.7093165895839915,23.883111121526277,37.45215429014965,52.758757827769514,59.334048631061144,0.75,54.40258052859242
Uzunkopru,2011,6,0.4612709624245287,36.95932863935755,20,2011-06-01,0.3736482584792338,0.6319068909531388,25.83337122305903,43.49734916614595,33.9282769005402,37.01329648312405,0.75,34.699531796186164
Uzunkopru,2011,7,0.40875884654222017,42.400049205819215,18,2011-07-01,0.34869625194046744,0.5812463186914664,30.308854412252526,44.25445989095502,25.827812238843286,13.297455517208128,0.75,22.6952230584345
Uzunkopru,2011,8,0.37342315448420277,42.0163182271038,26,2011-08-01,0.27677114142760134,0.6218823223082021,33.24022972312667,46.03706704997984,28.006050922482412,31.41986351923695,0.75,28.859504071671047
Uzunkopru,2011,9,0.3036278523660883,37.809358209376896,24,2011-09-01,0.24702682561194406,0.48095182065481445,25.98564550250391,39.28815759813896,24.19622868593894,11.11669268278509,0.75,20.92634468515048
Uzunkopru,2011,10,0.329476270205648,21.695777441776464,22,2011-10-01,0.22065137736978338,0.4072850613575389,17.76662096714209,30.76695871365202,58.30935258342986,69.77650464743351,0.75,61.176140599430774
Uzunkopru,2011,11,0.2800069859969587,13.518323385971971,13,2011-11-01,0.2172232733920477,0.619542160827769,4.0716506832536075,20.69758873927648,15.605459889064248,43.181114527873305,0.75,22.499373548766513
Uzunkopru,2011,12,0.31874406170746417,13.73951865467373,6,2011-12-01,-0.034489528128139324,0.5731047756550935,-10.19155139623947,13.73951865467373,58.13642222057831,0.0,0.75,43.60231666543373
Uzunkopru,2012,1,0.334443071096742,4.10861573651381,5,2012-01-01,-0.0647190120439122,0.5596458188613598,-7.8868494621720915,16.049935688297637,63.93090439797924,49.88689950099458,0.75,60.419903173733076
Uzunkopru,2012,2,0.2540100324210493,-0.12243106625192424,8,2012-02-01,0.14497324919639862,0.5708260833320726,-1.2901862272312008,16.46466146675858,25.6043342874436,93.42289395490239,0.75,42.5589742043083
Uzunkopru,2012,3,0.3398846623532281,21.180384659951685,10,2012-03-01,0.19157096690320047,0.6186994925298193,0.4511778307202947,24.384634204348206,34.723434880038525,13.388160466146706,0.75,29.38961627656557
Uzunkopru,2012,4,0.5540594761432741,25.361018368502393,10,2012-04-01,0.31482139099059014,0.6966322466544559,7.881526346692025,28.00457890297639,62.658795999059194,13.136975749975981,0.75,50.278340936788396
Uzunkopru,2012,5,0.5239983530649385,32.35098039586688,10,2012-05-01,0.4669033629700133,0.7093165895839915,23.883111121526277,37.45215429014965,23.55275365640174,37.59420491843203,0.75,27.063116471909314
Uzunkopru,2012,6,0.4599237775368149,39.587450312122435,12,2012-06-01,0.3736482584792338,0.6319068909531388,25.83337122305903,43.49734916614595,33.40663513592274,22.1348716954989,0.75,30.58869427581678
Uzunkopru,2012,7,0.42183875677566207,42.5561076934047,14,2012-07-01,0.34869625194046744,0.5812463186914664,30.308854412252526,44.25445989095502,31.452368884293364,12.178404158528773,0.75,26.633877702852217
Uzunkopru,2012,8,0.3599778974425021,38.554827196099616,10,2012-08-01,0.27677114142760134,0.6218823223082021,33.24022972312667,46.03706704997984,24.110130481019695,58.4694457135852,0.75,32.69995928916107
Uzunkopru,2012,9,0.3145919189873984,37.87394049502651,9,2012-09-01,0.24702682561194406,0.48095182065481445,25.98564550250391,39.28815759813896,28.883229585223248,10.631203286607017,0.75,24.32022301056919
Uzunkopru,2012,10,0.31081440114624365,25.779868697168883,13,2012-10-01,0.22065137736978338,0.4072850613575389,17.76662096714209,30.76695871365202,48.310155942898064,38.36123425194834,0.75,45.82292552016063
Uzunkopru,2012,11,0.32956522092657603,13.912806258506293,6,2012-11-01,0.2172232733920477,0.619542160827769,4.0716506832536075,20.69758873927648,27.92360762641979,40.808419097365444,0.75,31.144810494156204
Uzunkopru,2012,12,,,4,2012-12-01,-0.034489528128139324,0.5731047756550935,-10.19155139623947,13.73951865467373,,,0.75,
Uzunkopru,2013,1,0.36380532567052815,13.153073128671066,5,2013-01-01,-0.0647190120439122,0.5596458188613598,-7.8868494621720915,16.049935688297637,68.63364438594647,12.102137114138422,0.75,54.50076756799446
Uzunkopru,2013,2,0.3952181066152599,12.264110387272746,8,2013-02-01,0.14497324919639862,0.5708260833320726,-1.2901862272312008,16.46466146675858,58.763224607103325,23.658615111115655,0.75,49.98707223310641
Uzunkopru,2013,3,0.5097324794789214,15.937428967798283,3,2013-03-01,0.19157096690320047,0.6186994925298193,0.4511778307202947,24.384634204348206,74.48847208435966,35.29454795278894,0.75,64.68999105146698
Uzunkopru,2013,4,0.616938301187339,24.262215247663022,11,2013-04-01,0.31482139099059014,0.6966322466544559,7.881526346692025,28.00457890297639,79.12737569272339,18.59739542420785,0.75,63.99488062559451
Uzunkopru,2013,5,0.606860243839624,33.599770896489325,23,2013-05-01,0.4669033629700133,0.7093165895839915,23.883111121526277,37.45215429014965,57.734836842248626,28.39097308326393,0.75,50.39887090250245
Uzunkopru,2013,6,0.47437929281584446,35.42337433032628,26,2013-06-01,0.3736482584792338,0.6319068909531388,25.83337122305903,43.49734916614595,39.00393701139448,45.70870084775863,0.75,40.680127970485515
Uzunkopru,2013,7,0.531458182895693,38.31331082124898,28,2013-07-01,0.34869625194046744,0.5812463186914664,30.308854412252526,44.25445989095502,78.59035841555634,42.60230277401195,0.75,69.59334450517024
Uzunkopru,2013,8,0.40050983542615903,39.78448515737307,26,2013-08-01,0.27677114142760134,0.6218823223082021,33.24022972312667,46.03706704997984,35.85473344642751,48.86036864347889,0.75,39.10614224569036
Uzunkopru,2013,9,0.33813147659590426,34.95145656350032,18,2013-09-01,0.24702682561194406,0.48095182065481445,25.98564550250391,39.28815759813896,38.94609507943512,32.60061711247485,0.75,37.35972558769505
Uzunkopru,2013,10,0.3162602156331415,22.29739611192022,14,2013-10-01,0.22065137736978338,0.4072850613575389,17.76662096714209,30.76695871365202,51.22807213601952,65.14878895362189,0.75,54.708251340420105
Uzunkopru,2013,11,0.34382840866006875,16.858647535749256,23,2013-11-01,0.2172232733920477,0.619542160827769,4.0716506832536075,20.69758873927648,31.46885200318835,23.09007281629164,0.75,29.374157206464172
Uzunkopru,2013,12,0.3871246168507384,5.283054000977545,23,2013-12-01,-0.034489528128139324,0.5731047756550935,-10.19155139623947,13.73951865467373,69.39073364474694,35.33675943326024,0.75,60.877240091875265
Uzunkopru,2014,1,0.41906276843548856,13.232658684226802,21,2014-01-01,-0.0647190120439122,0.5596458188613598,-7.8868494621720915,16.049935688297637,77.48382941075675,11.76965489041685,0.75,61.05528578067178
Uzunkopru,2014,2,0.4746406727594193,10.061335952297112,17,2014-02-01,0.14497324919639862,0.5708260833320726,-1.2901862272312008,16.46466146675858,77.41346238357798,36.06522356499328,0.75,67.0764026789318
Uzunkopru,2014,3,0.5668327879593462,23.283451817154617,15,2014-03-01,0.19157096690320047,0.6186994925298193,0.4511778307202947,24.384634204348206,87.85688581806096,4.6010169613736736,0.75,67.04291860388913
Uzunkopru,2014,4,0.6682352133023078,19.750906672433995,18,2014-04-01,0.31482139099059014,0.6966322466544559,7.881526346692025,28.00457890297639,92.56253903447211,41.0160049398907,0.75,79.67590551082675
Uzunkopru,2014,5,0.6623605637180311,30.062862345768195,25,2014-05-01,0.4669033629700133,0.7093165895839915,23.883111121526277,37.45215429014965,80.62975914233685,54.45698604208305,0.75,74.08656586727339
Uzunkopru,2014,6,0.43332632505577384,36.122879797594884,24,2014-06-01,0.3736482584792338,0.6319068909531388,25.83337122305903,43.49734916614595,23.107869039990394,41.74863324847608,0.75,27.768060092111817
Uzunkopru,2014,7,0.5687381543338491,35.75770277900084,25,2014-07-01,0.34869625194046744,0.5812463186914664,30.308854412252526,44.25445989095502,94.62130261565986,60.927846588879156,0.75,86.19793860896469
Uzunkopru,2014,8,0.6218823223082021,34.266641838204734,26,2014-08-01,0.27677114142760134,0.6218823223082021,33.24022972312667,46.03706704997984,100.0,91.97917353435274,0.75,97.99479338358819
Uzunkopru,2014,9,0.48095182065481445,30.372995960031705,26,2014-09-01,0.24702682561194406,0.48095182065481445,25.98564550250391,39.28815759813896,100.0,67.01863207500924,0.75,91.75465801875231
Uzunkopru,2014,10,0.34296418381510213,23.972499296953337,23,2014-10-01,0.22065137736978338,0.4072850613575389,17.76662096714209,30.76695871365202,65.53629753852114,52.26371459866665,0.75,62.21815180355752
Uzunkopru,2014,11,0.619542160827769,13.405462037304417,19,2014-11-01,0.2172232733920477,0.619542160827769,4.0716506832536075,20.69758873927648,100.0,43.85994148059775,0.75,85.96498537014944
Uzunkopru,2014,12,0.355306003475619,10.464198653991975,17,2014-12-01,-0.034489528128139324,0.5731047756550935,-10.19155139623947,13.73951865467373,64.15391473828282,13.686475338183932,0.75,51.5370548882581
Uzunkopru,2015,1,0.3480581393541913,4.106281972704495,20,2015-01-01,-0.0647190120439122,0.5596458188613598,-7.8868494621720915,16.049935688297637,66.11153142620387,49.8966491970989,0.75,62.057810868927625
Uzunkopru,2015,2,0.33633933441443253,9.442278209823845,16,2015-02-01,0.14497324919639862,0.5708260833320726,-1.2901862272312008,16.46466146675858,44.937140222733824,39.55192056821694,0.75,43.590835309104605
Uzunkopru,2015,3,0.3855036398208557,15.635867330172601,25,2015-03-01,0.19157096690320047,0.6186994925298193,0.4511778307202947,24.384634204348206,45.403821398523164,36.554548317625375,0.75,43.19150312829871
Uzunkopru,2015,4,0.5152363235800255,25.166197851989853,23,2015-04-01,0.31482139099059014,0.6966322466544559,7.881526346692025,28.00457890297639,52.49063236847156,14.10512169089436,0.75,42.89425469907726
Uzunkopru,2015,5,0.5991323542143292,32.603288502785034,25,2015-05-01,0.4669033629700133,0.7093165895839915,23.883111121526277,37.45215429014965,54.546937512976136,35.73476572450576,0.75,49.84389456585854
Uzunkopru,2015,6,0.6319068909531388,33.03686951414515,25,2015-06-01,0.3736482584792338,0.6319068909531388,25.83337122305903,43.49734916614595,100.0,59.21927487514031,0.75,89.80481871878507
Uzunkopru,2015,7,0.5088043267158187,40.4874050361266,28,2015-07-01,0.34869625194046744,0.5812463186914664,30.308854412252526,44.25445989095502,68.8488621019342,27.012486912679424,0.75,58.38976830462051
Uzunkopru,2015,8,0.4144421315319292,42.16233828475638,28,2015-08-01,0.27677114142760134,0.6218823223082021,33.24022972312667,46.03706704997984,39.89177915158836,30.278799880441092,0.75,37.48853433380154
Uzunkopru,2015,9,0.34426098807636496,39.28815759813896,24,2015-09-01,0.24702682561194406,0.48095182065481445,25.98564550250391,39.28815759813896,41.566384321864035,0.0,0.75,31.174788241398026
Uzunkopru,2015,10,0.36293979594913184,23.438696290894427,19,2015-10-01,0.22065137736978338,0.4072850613575389,17.76662096714209,30.76695871365202,76.23940948874137,56.36978489058823,0.75,71.27200333920308
Uzunkopru,2015,11,0.3760118055223174,17.56704330430495,23,2015-11-01,0.2172232733920477,0.619542160827769,4.0716506832536075,20.69758873927648,39.46832651639787,18.829286049441688,0.75,34.30856639965883
Uzunkopru,2015,12,0.49356535346920566,10.297978215288312,26,2015-12-01,-0.034489528128139324,0.5731047756550935,-10.19155139623947,13.73951865467373,86.9091231286025,14.381055389765535,0.75,68.77710619389326
Uzunkopru,2016,1,0.4799371418784027,7.301552473341662,22,2016-01-01,-0.0647190120439122,0.5596458188613598,-7.8868494621720915,16.049935688297637,87.2336376045738,36.54786204564442,0.75,74.56219371484146
Uzunkopru,2016,2,0.39549149778096976,10.798003775840776,16,2016-02-01,0.14497324919639862,0.5708260833320726,-1.2901862272312008,16.46466146675858,58.82742311508432,31.916115466515855,0.75,52.09959620294221
Uzunkopru,2016,3,0.5913764183598837,17.834620398446333,23,2016-03-01,0.19157096690320047,0.6186994925298193,0.4511778307202947,24.384634204348206,93.60307904281242,27.367605011365104,0.75,77.04421053495061
Uzunkopru,2016,4,0.6553334811610328,28.00457890297639,22,2016-04-01,0.31482139099059014,0.6966322466544559,7.881526346692025,28.00457890297639,89.18344911340573,0.0,0.75,66.8875868350543
Uzunkopru,2016,5,0.5706116150017424,26.805201782425833,25,2016-05-01,0.4669033629700133,0.7093165895839915,23.883111121526277,37.45215429014965,42.781597968198085,78.46502052807595,0.75,51.70245360816756
Uzunkopru,2016,6,0.48612547280891605,38.69826110313102,21,2016-06-01,0.3736482584792338,0.6319068909531388,25.83337122305903,43.49734916614595,43.552160581136505,27.168784282212794,0.75,39.45631650640558
Uzunkopru,2016,7,0.47784619128938116,41.18210258276567,28,2016-07-01,0.34869625194046744,0.5812463186914664,30.308854412252526,44.25445989095502,55.53640175352001,22.03100692100749,0.75,47.16005304539188
Uzunkopru,2016,8,0.35601474572915925,42.65578913290988,28,2016-08-01,0.27677114142760134,0.6218823223082021,33.24022972312667,46.03706704997984,22.961760931464603,26.422762364686847,0.75,23.827011289770166
Uzunkopru,2016,9,0.3307309871153086,34.224414270914274,23,2016-09-01,0.24702682561194406,0.48095182065481445,25.98564550250391,39.28815759813896,35.782478690669386,38.06606820441269,0.75,36.35337606910521
Uzunkopru,2016,10,0.2687492372556652,27.459235817287887,24,2016-10-01,0.22065137736978338,0.4072850613575389,17.76662096714209,30.76695871365202,25.77126425315452,25.44336124845775,0.75,25.689288501980325
Uzunkopru,2016,11,0.2590937694313507,17.250467619502288,27,2016-11-01,0.2172232733920477,0.619542160827769,4.0716506832536075,20.69758873927648,10.40729067088422,20.73339325672181,0.75,12.988816317343618
Uzunkopru,2016,12,0.36267739345986433,6.398920278658726,22,2016-12-01,-0.034489528128139324,0.5731047756550935,-10.19155139623947,13.73951865467373,65.36712393697786,30.673924569181104,0.75,56.693824095028674
Uzunkopru,2017,1,0.4537635995731546,1.703031560590799,24,2017-01-01,-0.0647190120439122,0.5596458188613598,-7.8868494621720915,16.049935688297637,83.04161060214015,59.936637428628536,0.75,77.26536730876225
Uzunkopru,2017,2,0.3085944581712363,10.896191714590712,18,2017-02-01,0.14497324919639862,0.5708260833320726,-1.2901862272312008,16.46466146675858,38.422007759307064,31.363095015750883,0.75,36.657279573418016
Uzunkopru,2017,3,0.4953394523371537,18.437951950812632,20,2017-03-01,0.19157096690320047,0.6186994925298193,0.4511778307202947,24.384634204348206,71.11875400696073,24.846734047524272,0.75,59.550749017101616
Uzunkopru,2017,4,0.6966322466544559,25.353805214232764,26,2017-04-01,0.31482139099059014,0.6966322466544559,7.881526346692025,28.00457890297639,99.99999999999999,13.172820978971197,0.75,78.29320524474278
Uzunkopru,2017,5,0.5926440057815382,31.77411837610875,25,2017-05-01,0.4669033629700133,0.7093165895839915,23.883111121526277,37.45215429014965,51.87037216073852,41.84551440716624,0.75,49.364157722345446
Uzunkopru,2017,6,0.5254549430930002,36.85888315943885,26,2017-06-01,0.3736482584792338,0.6319068909531388,25.83337122305903,43.49734916614595,58.78087526429743,37.58194234671344,0.75,53.48114203490143
Uzunkopru,2017,7,0.5033538889113532,37.92696334967067,24,2017-07-01,0.34869625194046744,0.5812463186914664,30.308854412252526,44.25445989095502,66.5050924868081,45.37269142560787,0.75,61.22199222150803
Uzunkopru,2017,8,0.48168561185355274,38.01834731959636,26,2017-08-01,0.27677114142760134,0.6218823223082021,33.24022972312667,46.03706704997984,59.376363843988685,62.66173059461199,0.75,60.19770553164451
Uzunkopru,2017,9,0.3583689860544821,34.94025463369903,28,2017-09-01,0.24702682561194406,0.48095182065481445,25.98564550250391,39.28815759813896,47.597376424923226,32.68482624320716,0.75,43.86923887949421
Uzunkopru,2017,10,0.339914834434583,25.264225416310005,27,2017-10-01,0.22065137736978338,0.4072850613575389,17.76662096714209,30.76695871365202,63.90242882020382,42.32761797915041,0.75,58.50872610994047
Uzunkopru,2017,11,0.4317935000783926,14.04754545633555,25,2017-11-01,0.2172232733920477,0.619542160827769,4.0716506832536075,20.69758873927648,53.33337145913313,39.99800348427198,0.75,49.999529465417844
Uzunkopru,2017,12,0.4937900530696831,11.080209085775275,22,2017-12-01,-0.034489528128139324,0.5731047756550935,-10.19155139623947,13.73951865467373,86.94610497637137,11.112372172413483,0.75,67.9876717753819
Uzunkopru,2018,1,0.49665977058461575,4.915471131142064,22,2018-01-01,-0.0647190120439122,0.5596458188613598,-7.8868494621720915,16.049935688297637,89.91198011819148,46.51612356113359,0.75,79.06301597892701
Uzunkopru,2018,2,0.5040531542056357,12.65860537667628,16,2018-02-01,0.14497324919639862,0.5708260833320726,-1.2901862272312008,16.46466146675858,84.32018674668171,21.436714950648078,0.75,68.5993187976733
Uzunkopru,2018,3,0.5869551457112323,17.36745977715512,22,2018-03-01,0.19157096690320047,0.6186994925298193,0.4511778307202947,24.384634204348206,92.56796375938215,29.319519578146917,0.75,76.75585271407334
Uzunkopru,2018,4,0.5821546375560499,26.067420498351243,26,2018-04-01,0.31482139099059014,0.6966322466544559,7.881526346692025,28.00457890297639,70.01719374915089,9.62656336163163,0.75,54.91953615227108
Uzunkopru,2018,5,0.5725449926515852,30.922916756430027,23,2018-05-01,0.4669033629700133,0.7093165895839915,23.883111121526277,37.45215429014965,43.579152489809054,48.11862894516856,0.75,44.71402160364893
Uzunkopru,2018,6,0.4287174137299697,35.007574045366354,26,2018-06-01,0.3736482584792338,0.6319068909531388,25.83337122305903,43.49734916614595,21.32325828694234,48.06264561772851,0.75,28.008105119638884
Uzunkopru,2018,7,0.5235293662233583,37.30900372542413,28,2018-07-01,0.34869625194046744,0.5812463186914664,30.308854412252526,44.25445989095502,75.18084889224822,49.80390543915703,0.75,68.83661302897542
Uzunkopru,2018,8,0.5421525812071429,38.201857614276946,28,2018-08-01,0.27677114142760134,0.6218823223082021,33.24022972312667,46.03706704997984,76.89737524654599,61.22770209215142,0.75,72.97995695794734
Uzunkopru,2018,9,0.3896160785163201,33.370281667984685,26,2018-09-01,0.24702682561194406,0.48095182065481445,25.98564550250391,39.28815759813896,60.95511635182223,44.486905086867814,0.75,56.83806353558362
Uzunkopru,2018,10,0.31684682649202034,23.283956685369876,23,2018-10-01,0.22065137736978338,0.4072850613575389,17.76662096714209,30.76695871365202,51.5423834898678,57.560058624561734,0.75,53.04680227354129
Uzunkopru,2018,11,0.34966659397326594,6.978760669239857,21,2018-11-01,0.2172232733920477,0.619542160827769,4.0716506832536075,20.69758873927648,32.91998579171324,82.51461074743312,0.75,45.31864203064321
Uzunkopru,2018,12,0.38952888171802863,-3.1954317927324483,13,2018-12-01,-0.034489528128139324,0.5731047756550935,-10.19155139623947,13.73951865467373,69.78643598302101,70.76553790272304,0.75,70.03121146294652
Uzunkopru,2019,1,0.3660847975771973,9.676229959153586,14,2019-01-01,-0.0647190120439122,0.5596458188613598,-7.8868494621720915,16.049935688297637,68.99873091770453,26.62724208400632,0.75,58.40585870927998
Uzunkopru,2019,2,0.42143701585618015,14.42121758354829,22,2019-02-01,0.14497324919639862,0.5708260833320726,-1.2901862272312008,16.46466146675858,64.92002506473915,11.509216628774695,0.75,51.56732295574804
Uzunkopru,2019,3,0.5116100905131916,19.34001388716476,24,2019-03-01,0.19157096690320047,0.6186994925298193,0.4511778307202947,24.384634204348206,74.92806132310594,21.077692408615395,0.75,61.4654690944833
Uzunkopru,2019,4,0.5773839119315594,23.713762325355585,19,2019-04-01,0.31482139099059014,0.6966322466544559,7.881526346692025,28.00457890297639,68.76769401552087,21.322891075394015,0.75,56.90649328048916
Uzunkopru,2019,5,0.6998878367453092,27.84420349788502,28,2019-05-01,0.4669033629700133,0.7093165895839915,23.883111121526277,37.45215429014965,96.11046271262387,70.8078725438928,0.75,89.7848151704411
Uzunkopru,2019,6,0.5055328691654245,34.07166884060788,27,2019-06-01,0.3736482584792338,0.6319068909531388,25.83337122305903,43.49734916614595,51.06687409549287,53.36102861941675,0.75,51.64041272647384
Uzunkopru,2019,7,0.5052899568806458,41.38196625856394,26,2019-07-01,0.34869625194046744,0.5812463186914664,30.308854412252526,44.25445989095502,67.3376306134755,20.59784092399504,0.75,55.65268319110539
Uzunkopru,2019,8,0.4127434386164975,40.383800236368685,26,2019-08-01,0.27677114142760134,0.6218823223082021,33.24022972312667,46.03706704997984,39.3995630167482,44.177062419541826,0.75,40.59393786744661
Uzunkopru,2019,9,0.35390871808724694,34.32575246676322,22,2019-09-01,0.24702682561194406,0.48095182065481445,25.98564550250391,39.28815759813896,45.690667838088494,37.304270770060434,0.75,43.59406857108148
Uzunkopru,2019,10,0.32420840947281293,28.46612581610209,27,2019-10-01,0.22065137736978338,0.4072850613575389,17.76662096714209,30.76695871365202,55.48678560608793,17.698254787015916,0.75,46.039652901319926
Uzunkopru,2019,11,0.4076207851990558,20.52097897013757,26,2019-11-01,0.2172232733920477,0.619542160827769,4.0716506832536075,20.69758873927648,47.32502444032733,1.0622544637409599,0.75,35.759331946180744
Uzunkopru,2019,12,0.48827056683682796,4.297471319739493,21,2019-12-01,-0.034489528128139324,0.5731047756550935,-10.19155139623947,13.73951865467373,86.03768858759229,39.45518238359732,0.75,74.39206203659354
Uzunkopru,2020,1,0.5596458188613598,6.9106389294163995,22,2020-01-01,-0.0647190120439122,0.5596458188613598,-7.8868494621720915,16.049935688297637,100.0,38.18097000675085,0.75,84.54524250168771
Uzunkopru,2020,2,0.493757050303047,9.850875536807077,18,2020-02-01,0.14497324919639862,0.5708260833320726,-1.2901862272312008,16.46466146675858,81.90242570876683,37.25059231113735,0.75,70.73946735935945
Uzunkopru,2020,3,0.571383303797763,14.403059062466957,22,2020-03-01,0.19157096690320047,0.6186994925298193,0.4511778307202947,24.384634204348206,88.92225971968483,41.705531311724236,0.75,77.1180776176947
Uzunkopru,2020,4,0.6087031797380885,24.907953933845008,25,2020-04-01,0.31482139099059014,0.6966322466544559,7.881526346692025,28.00457890297639,76.97051678546894,15.388445468052597,0.75,61.57499895611486
Uzunkopru,2020,5,0.6400303104449748,27.800357072479475,25,2020-05-01,0.4669033629700133,0.7093165895839915,23.883111121526277,37.45215429014965,71.41811108791148,71.13100826437554,0.75,71.34633538202749
Uzunkopru,2020,6,0.5067884389274525,35.612978899109685,26,2020-06-01,0.3736482584792338,0.6319068909531388,25.83337122305903,43.49734916614595,51.55304168261306,44.635304077255945,0.75,49.82360728127378
Uzunkopru,2020,7,0.44373516242183997,40.60975355596393,25,2020-07-01,0.34869625194046744,0.5812463186914664,30.308854412252526,44.25445989095502,40.86815016188951,26.13516021629344,0.75,37.18490267549049
Uzunkopru,2020,8,0.3527287869460117,38.627334799001595,26,2020-08-01,0.27677114142760134,0.6218823223082021,33.24022972312667,46.03706704997984,22.009615951761834,57.90284006681475,0.75,30.982921980525063
Uzunkopru,2020,9,0.30633578539045775,38.69011406398853,28,2020-09-01,0.24702682561194406,0.48095182065481445,25.98564550250391,39.28815759813896,25.353836073671562,4.495718777407942,0.75,20.13930674960566
Uzunkopru,2020,10,0.30445277131533,25.552335165001068,27,2020-10-01,0.22065137736978338,0.4072850613575389,17.76662096714209,30.76695871365202,44.901537683328684,40.11144672030439,0.75,43.70401494257261
Uzunkopru,2020,11,0.4205935009406735,13.064661760955143,19,2020-11-01,0.2172232733920477,0.619542160827769,4.0716506832536075,20.69758873927648,50.54951032621315,45.90975229548778,0.75,49.38957081853181
Uzunkopru,2020,12,0.5731047756550935,12.215053489975958,11,2020-12-01,-0.034489528128139324,0.5731047756550935,-10.19155139623947,13.73951865467373,100.0,6.370234015672859,0.75,76.59255850391821
Uzunkopru,2021,1,0.4921957891985846,8.295344518275272,16,2021-01-01,-0.0647190120439122,0.5596458188613598,-7.8868494621720915,16.049935688297637,89.19701649995584,32.396126385711376,0.75,74.99679397139472
Uzunkopru,2021,2,0.5708260833320726,9.682573174554935,25,2021-02-01,0.14497324919639862,0.5708260833320726,-1.2901862272312008,16.46466146675858,100.0,38.1985157467696,0.75,84.5496289366924
Uzunkopru,2021,3,0.5185365948098568,15.35946849408225,25,2021-03-01,0.19157096690320047,0.6186994925298193,0.4511778307202947,24.384634204348206,76.54970536725017,37.709412169195566,0.75,66.83963206773652
Uzunkopru,2021,4,0.6215522219520234,22.63540484366486,24,2021-04-01,0.31482139099059014,0.6966322466544559,7.881526346692025,28.00457890297639,80.33580669887223,26.681707679756357,0.75,66.92228194409327
Uzunkopru,2021,5,0.5742985024798689,29.900481071556612,24,2021-05-01,0.4669033629700133,0.7093165895839915,23.883111121526277,37.45215429014965,44.3025081634151,55.6536899820268,0.75,47.140303618068025
Uzunkopru,2021,6,0.5849701774524277,27.10733296207511,25,2021-06-01,0.3736482584792338,0.6319068909531388,25.83337122305903,43.49734916614595,81.82569424646294,92.78779817818634,0.75,84.56622022939379
Uzunkopru,2021,7,0.5178637795430954,38.66630244209064,28,2021-07-01,0.34869625194046744,0.5812463186914664,30.308854412252526,44.25445989095502,72.74456204898134,40.07109951158825,0.75,64.57619641463307
Uzunkopru,2021,8,0.41236524148691595,40.64500958971728,28,2021-08-01,0.27677114142760134,0.6218823223082021,33.24022972312667,46.03706704997984,39.28997597624244,42.13585999837429,0.75,40.0014469817754
Uzunkopru,2021,9,0.3440126948387374,30.11062704492954,27,2021-09-01,0.24702682561194406,0.48095182065481445,25.98564550250391,39.28815759813896,41.46024207845733,68.9909581530908,0.75,48.34292109711569
Uzunkopru,2021,10,0.3017801546814142,20.400330831419243,23,2021-10-01,0.22065137736978338,0.4072850613575389,17.76662096714209,30.76695871365202,43.46952574592777,79.74121968497164,0.75,52.537449230688736
Uzunkopru,2021,11,0.35832977552649276,9.79055580645768,25,2021-11-01,0.2172232733920477,0.619542160827769,4.0716506832536075,20.69758873927648,35.073297958696934,65.60251154591332,0.75,42.70560135550103
Uzunkopru,2021,12,0.47854934935356686,9.662816160652595,38,2021-12-01,-0.034489528128139324,0.5731047756550935,-10.19155139623947,13.73951865467373,84.43773654348469,17.035186831796395,0.75,67.58709911556262
Uzunkopru,2022,1,0.44431992350635696,5.626152338681818,32,2022-01-01,-0.0647190120439122,0.5596458188613598,-7.8868494621720915,16.049935688297637,81.52908529652593,43.54713168076067,0.75,72.03359689258463
Uzunkopru,2022,2,0.397114497818264,3.0634586260976002,34,2022-02-01,0.14497324919639862,0.5708260833320726,-1.2901862272312008,16.46466146675858,59.208540700127124,75.47912024724066,0.75,63.27618558690551
Uzunkopru,2022,3,0.4058572389869917,17.381581194042546,27,2022-03-01,0.19157096690320047,0.6186994925298193,0.4511778307202947,24.384634204348206,50.169037942249965,29.260516746850943,0.75,44.941907643400214
Uzunkopru,2022,4,0.5463623356288141,27.389798093371475,26,2022-04-01,0.31482139099059014,0.6966322466544559,7.881526346692025,28.00457890297639,60.64283956401316,3.0551071110377936,0.75,46.24590645076931
Uzunkopru,2022,5,0.6090868957044572,29.874705254502086,35,2022-05-01,0.4669033629700133,0.7093165895839915,23.883111121526277,37.45215429014965,58.65337247495109,55.843650443749915,0.75,57.9509419671508
Uzunkopru,2022,6,0.520635344231255,34.4764535010488,42,2022-06-01,0.3736482584792338,0.6319068909531388,25.83337122305903,43.49734916614595,56.91468445565827,51.06944593206776,0.75,55.453374824760644
Uzunkopru,2022,7,0.493389137076863,39.478718314935776,45,2022-07-01,0.34869625194046744,0.5812463186914664,30.308854412252526,44.25445989095502,62.220100453174354,34.24549463494202,0.75,55.22644899861627
Uzunkopru,2022,8,0.43173263882554863,39.160435525631236,39,2022-08-01,0.27677114142760134,0.6218823223082021,33.24022972312667,46.03706704997984,44.90190581555219,53.7369613187043,0.75,47.11066969134022
Uzunkopru,2022,9,0.4713718340959996,32.85812878386371,37,2022-09-01,0.24702682561194406,0.48095182065481445,25.98564550250391,39.28815759813896,95.90467595946333,48.33695145735016,0.75,84.01274483393503
Uzunkopru,2022,10,0.4072850613575389,26.388075132335764,42,2022-10-01,0.22065137736978338,0.4072850613575389,17.76662096714209,30.76695871365202,99.99999999999999,33.682844759104896,0.75,83.42071118977621
Uzunkopru,2022,11,0.2765640806413684,19.42357737740383,39,2022-11-01,0.2172232733920477,0.619542160827769,4.0716506832536075,20.69758873927648,14.74969460855889,7.662793868109768,0.75,12.97796942344661
Uzunkopru,2022,12,0.40687877020944113,7.329132522556825,22,2022-12-01,-0.034489528128139324,0.5731047756550935,-10.19155139623947,13.73951865467373,72.64194143845106,26.786876301305586,0.75,61.17817515416469
Uzunkopru,2023,1,0.5014966039850708,12.211994621552984,23,2023-01-01,-0.0647190120439122,0.5596458188613598,-7.8868494621720915,16.049935688297637,90.68666074737459,16.033652984805013,0.75,72.02340880673219
Uzunkopru,2023,2,0.4586225218868059,9.145897683685607,21,2023-02-01,0.14497324919639862,0.5708260833320726,-1.2901862272312008,16.46466146675858,73.65203364843185,41.22121411129006,0.75,65.5443287641464
Uzunkopru,2023,3,0.5826463332615874,22.06004831480683,20,2023-03-01,0.19157096690320047,0.6186994925298193,0.4511778307202947,24.384634204348206,91.55917783403953,9.712704480506282,0.75,71.09755949565621
Uzunkopru,2023,4,0.6610443044369072,19.963553265827706,20,2023-04-01,0.31482139099059014,0.6966322466544559,7.881526346692025,28.00457890297639,90.67916962296138,39.959273647265306,0.75,77.99919562903737
Uzunkopru,2023,5,0.7093165895839915,26.75404491637217,25,2023-05-01,0.4669033629700133,0.7093165895839915,23.883111121526277,37.45215429014965,100.0,78.84203212290939,0.75,94.71050803072734
Uzunkopru,2023,6,0.4771360268662155,37.68313887717442,23,2023-06-01,0.3736482584792338,0.6319068909531388,25.83337122305903,43.49734916614595,40.0713685330299,32.91563377006488,0.75,38.282434842288644
Uzunkopru,2023,7,0.4490778775583571,43.001044488645455,26,2023-07-01,0.34869625194046744,0.5812463186914664,30.308854412252526,44.25445989095502,43.1655974218113,8.987888006897656,0.75,34.62117006808289
Uzunkopru,2023,8,0.3852745810765031,41.91920628522143,28,2023-08-01,0.27677114142760134,0.6218823223082021,33.24022972312667,46.03706704997984,31.440140354780638,32.17873807083098,0.75,31.624789783793226
Uzunkopru,2023,9,0.3104140322141535,36.282899180947474,27,2023-09-01,0.24702682561194406,0.48095182065481445,25.98564550250391,39.28815759813896,27.097235415391474,22.591660850115666,0.75,25.970841774072518
Uzunkopru,2023,10,0.26620079929345924,30.76695871365202,28,2023-10-01,0.22065137736978338,0.4072850613575389,17.76662096714209,30.76695871365202,24.405788360617812,0.0,0.75,18.30434127046336
Uzunkopru,2023,11,0.32821164127556673,17.084953246767604,24,2023-11-01,0.2172232733920477,0.619542160827769,4.0716506832536075,20.69758873927648,27.587163155806774,21.728912259481028,0.75,26.12260043172534
Uzunkopru,2023,12,,,13,2023-12-01,-0.034489528128139324,0.5731047756550935,-10.19155139623947,13.73951865467373,,,0.75,
Uzunkopru,2024,1,0.46518826766209787,9.12858157625471,15,2024-01-01,-0.0647190120439122,0.5596458188613598,-7.8868494621720915,16.049935688297637,84.8714170748043,28.915136550436493,0.75,70.88234694371235
Uzunkopru,2024,2,0.5021162398694679,11.443576689875163,24,2024-02-01,0.14497324919639862,0.5708260833320726,-1.2901862272312008,16.46466146675858,83.865354893772,28.280078001362483,0.75,69.96903567066961
Uzunkopru,2024,3,0.6186994925298193,18.88241832789787,22,2024-03-01,0.19157096690320047,0.6186994925298193,0.4511778307202947,24.384634204348206,100.0,22.9896417406438,0.75,80.74741043516094
Uzunkopru,2024,4,0.6248464014095029,26.86453711531181,23,2024-04-01,0.31482139099059014,0.6966322466544559,7.881526346692025,28.00457890297639,81.19858453994534,5.66535213519855,0.75,62.31527643875865
Uzunkopru,2024,5,0.5711566139736396,27.13592844785,22,2024-05-01,0.4669033629700133,0.7093165895839915,23.883111121526277,37.45215429014965,43.00642026007949,76.02765879730242,0.75,51.26172989438522
Uzunkopru,2024,6,0.46194517372091665,40.747458158157585,26,2024-06-01,0.3736482584792338,0.6319068909531388,25.83337122305903,43.49734916614595,34.189337407958504,15.567790091498503,0.75,29.533950578843505
Uzunkopru,2024,7,0.4202514507349384,44.25445989095502,28,2024-07-01,0.34869625194046744,0.5812463186914664,30.308854412252526,44.25445989095502,30.769803592913227,0.0,0.75,23.07735269468492
Uzunkopru,2024,8,0.3360263555252058,46.03706704997984,28,2024-08-01,0.27677114142760134,0.6218823223082021,33.24022972312667,46.03706704997984,17.169891148239905,0.0,0.75,12.877418361179929
Uzunkopru,2024,9,0.30584937557879943,36.881041553995104,26,2024-09-01,0.24702682561194406,0.48095182065481445,25.98564550250391,39.28815759813896,25.145901982845068,18.095199063443825,0.75,23.38322625299476
Uzunkopru,2024,10,0.28337328868852235,27.617897748870927,26,2024-10-01,0.22065137736978338,0.4072850613575389,17.76662096714209,30.76695871365202,33.606962033099,24.222916559429304,0.75,31.26095066468158
Uzunkopru,2024,11,0.25703345195875277,15.604946467704252,19,2024-11-01,0.2172232733920477,0.619542160827769,4.0716506832536075,20.69758873927648,9.89518011954275,30.63070639630694,0.75,15.079061688733798
Uzunkopru,2024,12,0.3317624220911833,13.60372852271613,15,2024-12-01,-0.034489528128139324,0.5731047756550935,-10.19155139623947,13.73951865467373,60.27902959899831,0.567421898263253,0.75,45.351127673814545
