name,year,month,NDVI,LST,n_scenes,n_valid,date,NDVI_min,NDVI_max,LST_min,LST_max,VCI,TCI,alpha,VHI,composite
Corlu,1985,1,0.2675973678505172,8.094597614709539,3,1,1985-01-01,0.0632624797163617,0.5457713693848678,0.1718234083315051,13.213034453185834,42.34841937824977,39.24817120796368,0.5,40.798295293106726,median
Corlu,1985,2,,,4,0,1985-02-01,0.2044319401573952,0.5837306856107087,2.3623914020917023,16.633679969237065,,,0.5,,median
Corlu,1985,3,0.3618300166101198,19.47070114735819,7,2,1985-03-01,0.2688143662807367,0.6472203578366255,7.715905140759137,23.739539738776436,24.580913728910964,26.6408882785336,0.5,25.610901003722283,median
Corlu,1985,4,0.3408896718572628,19.704132654241466,2,2,1985-04-01,0.3408896718572628,0.6451298951583873,10.856278290354153,28.172210491533786,0.0,48.90338988919949,0.5,24.451694944599744,median
Corlu,1985,5,0.5521407388832602,33.73277628181506,7,4,1985-05-01,0.45141232508227275,0.6420504322443671,21.219416184917712,38.876294781871536,52.837502061086276,29.130395113799082,0.5,40.98394858744268,median
Corlu,1985,6,0.4890398066111431,28.89789863022649,5,1,1985-06-01,0.3398058060169734,0.5550912779270141,24.8281463037949,41.81771643367222,69.31912277690931,76.04558387693015,0.5,72.68235332691972,median
Corlu,1985,7,0.381123055209963,35.43117982142569,10,8,1985-07-01,0.24115679410704532,0.46871385428598,32.97320114614718,44.767587698768864,61.50820413695719,79.15975820944973,0.5,70.33398117320345,median
Corlu,1985,8,0.24499248254221712,38.580753291550444,2,2,1985-08-01,0.2114858986548909,0.38612769064926966,33.698988564166115,46.741763192392796,19.18589101994825,62.571117982676796,0.5,40.87850450131252,median
Corlu,1985,9,0.1993734068907274,37.56841129540716,4,2,1985-09-01,0.1993734068907274,0.34806656309858314,27.666430007419827,42.38830436288306,0.0,32.73966990274752,0.5,16.36983495137376,median
Corlu,1985,10,0.22577193147054436,26.375891801329175,2,2,1985-10-01,0.1847029231834753,0.3357082850914537,18.0578755063624,35.573697423261756,27.19705298418226,52.511413198706315,0.5,39.854233091444286,median
Corlu,1985,11,0.2333837998909647,18.993356557077004,1,1,1985-11-01,0.1802735544025179,0.3916224211582265,3.194579634730279,22.621228148470067,25.129183942980504,18.674716788267396,0.5,21.90195036562395,median
Corlu,1985,12,0.12741087640343104,11.072640505000024,2,2,1985-12-01,0.0625685155391693,0.5036983592679913,-2.010565502441839,14.840898452834558,14.699155313582143,22.36160583932322,0.5,18.530380576452682,median
Corlu,1986,1,0.4434272247805185,6.51958573088881,1,1,1986-01-01,0.0632624797163617,0.5457713693848678,0.1718234083315051,13.213034453185834,78.78916911258112,51.32536157321109,0.5,65.0572653428961,median
Corlu,1986,2,0.5000692399425161,11.088648568364164,4,1,1986-02-01,0.2044319401573952,0.5837306856107087,2.3623914020917023,16.633679969237065,77.9431261845578,38.85445504646575,0.5,58.39879061551177,median
Corlu,1986,3,0.4665883645585308,22.347984227998033,3,2,1986-03-01,0.2688143662807367,0.6472203578366255,7.715905140759137,23.739539738776436,52.26502822130496,8.684393682757772,0.5,30.474710952031366,median
Corlu,1986,4,0.551295462677126,22.46469479414894,8,4,1986-04-01,0.3408896718572628,0.6451298951583873,10.856278290354153,28.172210491533786,69.15778214230806,32.96106516861983,0.5,51.059423655463945,median
Corlu,1986,5,0.551334352045689,30.409034959197086,12,7,1986-05-01,0.45141232508227275,0.6420504322443671,21.219416184917712,38.876294781871536,52.414508542332165,47.954454555377794,0.5,50.184481548854976,median
Corlu,1986,6,0.4242219871037334,34.27084670752777,6,6,1986-06-01,0.3398058060169734,0.5550912779270141,24.8281463037949,41.81771643367222,39.21127623606398,44.42060433814488,0.5,41.815940287104425,median
Corlu,1986,7,0.3560899018116946,35.22751300268571,8,6,1986-07-01,0.24115679410704532,0.46871385428598,32.97320114614718,44.767587698768864,50.50737938619617,80.88656967040447,0.5,65.69697452830032,median
Corlu,1986,8,0.2681892472731733,38.23003357034157,12,8,1986-08-01,0.2114858986548909,0.38612769064926966,33.698988564166115,46.741763192392796,32.46837310287535,65.26011423696967,0.5,48.86424366992251,median
Corlu,1986,9,0.24869949659993928,31.3248618508006,12,6,1986-09-01,0.1993734068907274,0.34806656309858314,27.666430007419827,42.38830436288306,33.173073305579535,75.14968709114719,0.5,54.16138019836336,median
Corlu,1986,10,0.219251405113695,27.037343192945087,8,4,1986-10-01,0.1847029231834753,0.3357082850914537,18.0578755063624,35.573697423261756,22.878976940748178,48.73510515701664,0.5,35.80704104888241,median
Corlu,1986,11,0.2429539151214543,14.681835613215332,6,2,1986-11-01,0.1802735544025179,0.3916224211582265,3.194579634730279,22.621228148470067,29.657296810295477,40.868565309345456,0.5,35.26293105982047,median
Corlu,1986,12,0.2406747834448783,6.653945946187089,6,3,1986-12-01,0.0625685155391693,0.5036983592679913,-2.010565502441839,14.840898452834558,40.375021195618125,48.5830342596676,0.5,44.47902772764286,median
Corlu,1987,1,0.1968358335220123,5.548015171609039,7,3,1987-01-01,0.0632624797163617,0.5457713693848678,0.1718234083315051,13.213034453185834,27.683086605392564,58.77536415301845,0.5,43.22922537920551,median
Corlu,1987,2,0.2044319401573952,2.564118058719917,8,3,1987-02-01,0.2044319401573952,0.5837306856107087,2.3623914020917023,16.633679969237065,0.0,98.58648603677864,0.5,49.29324301838932,median
Corlu,1987,3,,,4,0,1987-03-01,0.2688143662807367,0.6472203578366255,7.715905140759137,23.739539738776436,,,0.5,,median
Corlu,1987,4,0.444382301474283,21.42880802560237,8,7,1987-04-01,0.3408896718572628,0.6451298951583873,10.856278290354153,28.172210491533786,34.016747849474,38.94334066214482,0.5,36.48004425580941,median
Corlu,1987,5,0.5694585693038665,23.65045804881037,11,7,1987-05-01,0.45141232508227275,0.6420504322443671,21.219416184917712,38.876294781871536,61.921640945176975,86.23175749584604,0.5,74.0766992205115,median
Corlu,1987,6,0.5550912779270141,31.995043907042678,11,6,1987-06-01,0.3398058060169734,0.5550912779270141,24.8281463037949,41.81771643367222,100.0,57.815897939381635,0.5,78.90794896969082,median
Corlu,1987,7,0.3467044916289542,36.84790603289381,10,6,1987-07-01,0.24115679410704532,0.46871385428598,32.97320114614718,44.767587698768864,46.38295882312493,67.14788963835215,0.5,56.765424230738546,median
Corlu,1987,8,0.2789254228131338,38.61094226760096,12,8,1987-08-01,0.2114858986548909,0.38612769064926966,33.698988564166115,46.741763192392796,38.615913973451214,62.33965668007034,0.5,50.47778532676078,median
Corlu,1987,9,0.2614550365753938,35.45932634852159,10,6,1987-09-01,0.1993734068907274,0.34806656309858314,27.666430007419827,42.38830436288306,41.751504418860755,47.065868428568336,0.5,44.40868642371454,median
Corlu,1987,10,0.1909580590740615,22.338505349723206,9,3,1987-10-01,0.1847029231834753,0.3357082850914537,18.0578755063624,35.573697423261756,4.142327008492599,75.5613532515375,0.5,39.85184013001505,median
Corlu,1987,11,0.2242113928682536,13.534219445125608,7,2,1987-11-01,0.1802735544025179,0.3916224211582265,3.194579634730279,22.621228148470067,20.789247248021454,46.77599791295722,0.5,33.78262258048934,median
Corlu,1987,12,0.2970730093381879,10.792958735180932,4,2,1987-12-01,0.0625685155391693,0.5036983592679913,-2.010565502441839,14.840898452834558,53.15997027468782,24.021294104754432,0.5,38.59063218972113,median
Corlu,1988,1,,,3,0,1988-01-01,0.0632624797163617,0.5457713693848678,0.1718234083315051,13.213034453185834,,,0.5,,median
Corlu,1988,2,0.3380350802782244,6.28539752771902,4,2,1988-02-01,0.2044319401573952,0.5837306856107087,2.3623914020917023,16.633679969237065,35.22372317924629,72.51119892103742,0.5,53.867461050141856,median
Corlu,1988,3,0.3934068345857574,7.715905140759137,6,4,1988-03-01,0.2688143662807367,0.6472203578366255,7.715905140759137,23.739539738776436,32.92560664611438,100.0,0.5,66.46280332305719,median
Corlu,1988,4,,,6,0,1988-04-01,0.3408896718572628,0.6451298951583873,10.856278290354153,28.172210491533786,,,0.5,,median
Corlu,1988,5,0.547148055640198,29.404734054543674,11,4,1988-05-01,0.45141232508227275,0.6420504322443671,21.219416184917712,38.876294781871536,50.21856961500555,53.64232797614581,0.5,51.93044879557568,median
Corlu,1988,6,0.4298282690896308,30.89408293642248,11,7,1988-06-01,0.3398058060169734,0.5550912779270141,24.8281463037949,41.81771643367222,41.81539157007038,64.29611469709751,0.5,53.05575313358395,median
Corlu,1988,7,0.4031049623142705,37.58551183574705,10,6,1988-07-01,0.24115679410704532,0.46871385428598,32.97320114614718,44.767587698768864,71.168158034684,60.894017937926314,0.5,66.03108798630515,median
Corlu,1988,8,0.3001174268262007,37.22596802183996,10,6,1988-08-01,0.2114858986548909,0.38612769064926966,33.698988564166115,46.741763192392796,50.75046880769673,72.95836539227712,0.5,61.85441709998692,median
Corlu,1988,9,0.2263541481964559,32.08042617482385,11,7,1988-09-01,0.1993734068907274,0.34806656309858314,27.666430007419827,42.38830436288306,18.1452475647316,70.01743079157578,0.5,44.08133917815369,median
Corlu,1988,10,0.21795495220550332,21.78064027299805,9,4,1988-10-01,0.1847029231834753,0.3357082850914537,18.0578755063624,35.573697423261756,22.020429342298165,78.74627417258733,0.5,50.38335175744275,median
Corlu,1988,11,0.18539478093851292,11.526043217378902,4,2,1988-11-01,0.1802735544025179,0.3916224211582265,3.194579634730279,22.621228148470067,2.4231152097514994,57.1132221970451,0.5,29.7681687033983,median
Corlu,1988,12,0.2130518985535733,1.2143202781580276,4,1,1988-12-01,0.0625685155391693,0.5036983592679913,-2.010565502441839,14.840898452834558,34.11317215411783,80.86287464899976,0.5,57.48802340155879,median
Corlu,1989,1,0.26245357411575,4.557480764894825,9,3,1989-01-01,0.0632624797163617,0.5457713693848678,0.1718234083315051,13.213034453185834,41.28236777901373,66.37078150580373,0.5,53.82657464240873,median
Corlu,1989,2,0.2492874754374547,10.648155153161436,10,6,1989-02-01,0.2044319401573952,0.5837306856107087,2.3623914020917023,16.633679969237065,11.82591184857494,41.94102577292986,0.5,26.8834688107524,median
Corlu,1989,3,,,7,0,1989-03-01,0.2688143662807367,0.6472203578366255,7.715905140759137,23.739539738776436,,,0.5,,median
Corlu,1989,4,0.5063980629946135,21.107721619895468,11,5,1989-04-01,0.3408896718572628,0.6451298951583873,10.856278290354153,28.172210491533786,54.4005619446109,40.797623769611754,0.5,47.59909285711133,median
Corlu,1989,5,0.5366896607655903,21.219416184917712,6,5,1989-05-01,0.45141232508227275,0.6420504322443671,21.219416184917712,38.876294781871536,44.73257574405552,100.0,0.5,72.36628787202775,median
Corlu,1989,6,0.4493443536817493,24.8281463037949,10,6,1989-06-01,0.3398058060169734,0.5550912779270141,24.8281463037949,41.81771643367222,50.88060364358805,100.0,0.5,75.44030182179402,median
Corlu,1989,7,0.3725228057766685,33.63253403177973,8,6,1989-07-01,0.24115679410704532,0.46871385428598,32.97320114614718,44.767587698768864,57.72882263741952,94.40977381323843,0.5,76.06929822532898,median
Corlu,1989,8,0.2824274212768053,39.89748865398879,11,7,1989-08-01,0.2114858986548909,0.38612769064926966,33.698988564166115,46.741763192392796,40.62116049759603,52.475602266345135,0.5,46.548381381970586,median
Corlu,1989,9,0.22690700817139844,33.254416964392135,12,8,1989-09-01,0.1993734068907274,0.34806656309858314,27.666430007419827,42.38830436288306,18.51706022177797,62.04296530422006,0.5,40.280012762999014,median
Corlu,1989,10,0.22429309488061377,25.24791446909342,6,4,1989-10-01,0.1847029231834753,0.3357082850914537,18.0578755063624,35.573697423261756,26.21772577934315,58.95117570364178,0.5,42.58445074149247,median
Corlu,1989,11,0.22406931067208596,22.621228148470067,5,2,1989-11-01,0.1802735544025179,0.3916224211582265,3.194579634730279,22.621228148470067,20.722020866187172,0.0,0.5,10.361010433093586,median
Corlu,1989,12,0.2788860425846377,13.533666795506232,3,1,1989-12-01,0.0625685155391693,0.5036983592679913,-2.010565502441839,14.840898452834558,49.03715541368957,7.757377405296688,0.5,28.397266409493128,median
Corlu,1990,1,,,2,0,1990-01-01,0.0632624797163617,0.5457713693848678,0.1718234083315051,13.213034453185834,,,0.5,,median
Corlu,1990,2,0.3255913974311299,9.534569505316531,7,5,1990-02-01,0.2044319401573952,0.5837306856107087,2.3623914020917023,16.633679969237065,31.943015558602156,49.744004758363204,0.5,40.84351015848268,median
Corlu,1990,3,0.4224921486226191,18.77742716809897,10,6,1990-03-01,0.2688143662807367,0.6472203578366255,7.715905140759137,23.739539738776436,40.611878715240934,30.96745960052944,0.5,35.789669157885186,median
Corlu,1990,4,0.4647474098934828,21.374204235488868,4,1,1990-04-01,0.3408896718572628,0.6451298951583873,10.856278290354153,28.172210491533786,40.710507207862086,39.258679100059126,0.5,39.9845931539606,median
Corlu,1990,5,0.553849979009224,29.328651987950188,12,8,1990-05-01,0.45141232508227275,0.6420504322443671,21.219416184917712,38.876294781871536,53.73409097051687,54.07321991537345,0.5,53.90365544294516,median
Corlu,1990,6,0.45181527209537153,33.4694501601475,10,6,1990-06-01,0.3398058060169734,0.5550912779270141,24.8281463037949,41.81771643367222,52.02834407943815,49.137595652545194,0.5,50.58296986599167,median
Corlu,1990,7,0.30086134489737193,39.04946397694836,12,8,1990-07-01,0.24115679410704532,0.46871385428598,32.97320114614718,44.767587698768864,26.237177938306637,48.48173914182479,0.5,37.35945854006572,median
Corlu,1990,8,0.2400782583604916,35.579771475893665,10,6,1990-08-01,0.2114858986548909,0.38612769064926966,33.698988564166115,46.741763192392796,16.37200316091638,85.5798864479554,0.5,50.97594480443589,median
Corlu,1990,9,0.2232040484799045,38.65556705799968,10,8,1990-09-01,0.1993734068907274,0.34806656309858314,27.666430007419827,42.38830436288306,16.02672389028088,25.355041177200196,0.5,20.690882533740538,median
Corlu,1990,10,0.2351874549408708,18.0578755063624,11,6,1990-10-01,0.1847029231834753,0.3357082850914537,18.0578755063624,35.573697423261756,33.43227758240823,100.0,0.5,66.71613879120412,median
Corlu,1990,11,0.2937362571168043,13.877844627667509,10,3,1990-11-01,0.1802735544025179,0.3916224211582265,3.194579634730279,22.621228148470067,53.685030090761884,45.00716381736494,0.5,49.34609695406341,median
Corlu,1990,12,,,0,0,1990-12-01,0.0625685155391693,0.5036983592679913,-2.010565502441839,14.840898452834558,,,0.5,,median
Corlu,1991,1,0.4668824734008794,0.1718234083315051,5,1,1991-01-01,0.0632624797163617,0.5457713693848678,0.1718234083315051,13.213034453185834,83.65027097465774,100.0,0.5,91.82513548732888,median
Corlu,1991,2,,,3,0,1991-02-01,0.2044319401573952,0.5837306856107087,2.3623914020917023,16.633679969237065,,,0.5,,median
Corlu,1991,3,,,6,0,1991-03-01,0.2688143662807367,0.6472203578366255,7.715905140759137,23.739539738776436,,,0.5,,median
Corlu,1991,4,0.6154487083548471,18.31638459661181,9,5,1991-04-01,0.3408896718572628,0.6451298951583873,10.856278290354153,28.172210491533786,90.24416085372022,56.91767431527916,0.5,73.58091758449969,median
Corlu,1991,5,0.6326502552548972,23.124644036349245,9,4,1991-05-01,0.45141232508227275,0.6420504322443671,21.219416184917712,38.876294781871536,95.06909865535056,89.20971313831073,0.5,92.13940589683065,median
Corlu,1991,6,0.43934098850830244,31.270506780569924,10,6,1991-06-01,0.3398058060169734,0.5550912779270141,24.8281463037949,41.81771643367222,46.23404524617475,62.0804974609352,0.5,54.157271353554975,median
Corlu,1991,7,0.344093349278796,35.2088082479063,9,7,1991-07-01,0.24115679410704532,0.46871385428598,32.97320114614718,44.767587698768864,45.23549174471171,81.04515998534761,0.5,63.14032586502966,median
Corlu,1991,8,0.30891819108512714,36.70247664240852,10,6,1991-08-01,0.2114858986548909,0.38612769064926966,33.698988564166115,46.741763192392796,55.78979196077667,76.97201581830319,0.5,66.38090388953992,median
Corlu,1991,9,0.23341774359210885,35.05098556446008,8,4,1991-09-01,0.1993734068907274,0.34806656309858314,27.666430007419827,42.38830436288306,22.89569847706468,49.83956948185834,0.5,36.36763397946151,median
Corlu,1991,10,0.2187732204204095,22.548479045319283,8,4,1991-10-01,0.1847029231834753,0.3357082850914537,18.0578755063624,35.573697423261756,22.562309580567344,74.36258737807601,0.5,48.46244847932168,median
Corlu,1991,11,0.274128342687999,15.992929207507666,9,3,1991-11-01,0.1802735544025179,0.3916224211582265,3.194579634730279,22.621228148470067,44.407519058980746,34.11962148939091,0.5,39.263570274185824,median
Corlu,1991,12,0.264882607277223,6.74953572288537,2,2,1991-12-01,0.0625685155391693,0.5036983592679913,-2.010565502441839,14.840898452834558,45.86270791110276,48.01578516515585,0.5,46.939246538129304,median
Corlu,1992,1,0.17768494739271717,2.530352110056735,5,2,1992-01-01,0.0632624797163617,0.5457713693848678,0.1718234083315051,13.213034453185834,23.714064160551764,81.9148030530812,0.5,52.81443360681648,median
Corlu,1992,2,0.21270079636366,6.477144030587953,10,3,1992-02-01,0.2044319401573952,0.5837306856107087,2.3623914020917023,16.633679969237065,2.1800378475764255,71.16761665117595,0.5,36.67382724937619,median
Corlu,1992,3,0.39666222622890324,14.446746712848519,7,4,1992-03-01,0.2688143662807367,0.6472203578366255,7.715905140759137,23.739539738776436,33.78589736977884,57.9942894296764,0.5,45.89009339972762,median
Corlu,1992,4,0.5540080232829693,19.739987246458618,8,6,1992-04-01,0.3408896718572628,0.6451298951583873,10.856278290354153,28.172210491533786,70.04936727737366,48.69632860136013,0.5,59.37284793936689,median
Corlu,1992,5,0.5767668905691277,21.515041968802407,11,7,1992-05-01,0.45141232508227275,0.6420504322443671,21.219416184917712,38.876294781871536,65.75525080107377,98.32571888478807,0.5,82.04048484293092,median
Corlu,1992,6,0.3822138433304696,25.93477921481256,10,7,1992-06-01,0.3398058060169734,0.5550912779270141,24.8281463037949,41.81771643367222,19.698513298294852,93.48639840468022,0.5,56.592455851487536,median
Corlu,1992,7,0.3955464599286693,32.97320114614718,11,6,1992-07-01,0.24115679410704532,0.46871385428598,32.97320114614718,44.767587698768864,67.84657250371531,100.0,0.5,83.92328625185766,median
Corlu,1992,8,0.3259764276076069,35.79431193424159,10,6,1992-08-01,0.2114858986548909,0.38612769064926966,33.698988564166115,46.741763192392796,65.55734892848623,83.93498753293754,0.5,74.74616823071189,median
Corlu,1992,9,0.2450336481157486,31.69266623213863,12,8,1992-09-01,0.1993734068907274,0.34806656309858314,27.666430007419827,42.38830436288306,30.70769522249799,72.65133414737585,0.5,51.67951468493692,median
Corlu,1992,10,0.23574622485200597,26.35822186189979,8,6,1992-10-01,0.1847029231834753,0.3357082850914537,18.0578755063624,35.573697423261756,33.80231074154578,52.61229307470195,0.5,43.20730190812387,median
Corlu,1992,11,0.2934926149924373,8.40264268369347,9,4,1992-11-01,0.1802735544025179,0.3916224211582265,3.194579634730279,22.621228148470067,53.56975049257571,73.19113976206596,0.5,63.38044512732083,median
Corlu,1992,12,0.2874714253913106,4.9117981920634834,8,3,1992-12-01,0.0625685155391693,0.5036983592679913,-2.010565502441839,14.840898452834558,50.983381208367526,58.92129186593402,0.5,54.95233653715077,median
Corlu,1993,1,0.3364159211931288,2.8942182243832284,4,3,1993-01-01,0.0632624797163617,0.5457713693848678,0.1718234083315051,13.213034453185834,56.61106921044073,79.12467786397875,0.5,67.86787353720973,median
Corlu,1993,2,0.3178794935025369,8.20551313071354,9,5,1993-02-01,0.2044319401573952,0.5837306856107087,2.3623914020917023,16.633679969237065,29.909815074541434,59.05680344749264,0.5,44.48330926101704,median
Corlu,1993,3,0.2688143662807367,8.946084485279878,8,3,1993-03-01,0.2688143662807367,0.6472203578366255,7.715905140759137,23.739539738776436,0.0,92.3227196863753,0.5,46.16135984318765,median
Corlu,1993,4,0.4809069198642561,16.641036983620555,7,5,1993-04-01,0.3408896718572628,0.6451298951583873,10.856278290354153,28.172210491533786,46.02193835113314,66.5928543375082,0.5,56.307396344320665,median
Corlu,1993,5,0.6420504322443671,22.905128489868325,9,5,1993-05-01,0.45141232508227275,0.6420504322443671,21.219416184917712,38.876294781871536,100.0,90.45294276848325,0.5,95.22647138424162,median
Corlu,1993,6,0.5317218941958806,27.774422035338578,10,6,1993-06-01,0.3398058060169734,0.5550912779270141,24.8281463037949,41.81771643367222,89.14493229673265,82.65832679096188,0.5,85.90162954384726,median
Corlu,1993,7,0.275035335123222,38.48824089496982,9,5,1993-07-01,0.24115679410704532,0.46871385428598,32.97320114614718,44.767587698768864,14.887932279287217,53.240130597578705,0.5,34.06403143843296,median
Corlu,1993,8,0.25325413978965716,36.961690254744425,12,6,1993-08-01,0.2114858986548909,0.38612769064926966,33.698988564166115,46.741763192392796,23.916521158985052,74.98460424580752,0.5,49.45056270239628,median
Corlu,1993,9,0.2212069149238216,36.51572136985055,10,6,1993-09-01,0.1993734068907274,0.34806656309858314,27.666430007419827,42.38830436288306,14.68359983062939,39.8901855241905,0.5,27.286892677409945,median
Corlu,1993,10,0.1847029231834753,29.318635905494464,6,3,1993-10-01,0.1847029231834753,0.3357082850914537,18.0578755063624,35.573697423261756,0.0,35.7109220877176,0.5,17.8554610438588,median
Corlu,1993,11,0.1802735544025179,5.865964476807262,7,6,1993-11-01,0.1802735544025179,0.3916224211582265,3.194579634730279,22.621228148470067,0.0,86.24886407870298,0.5,43.12443203935149,median
Corlu,1993,12,0.16978241256239118,8.100078759792773,5,2,1993-12-01,0.0625685155391693,0.5036983592679913,-2.010565502441839,14.840898452834558,24.304385329488163,40.00138926167986,0.5,32.15288729558401,median
Corlu,1994,1,0.256060951770033,2.5497974093531104,8,5,1994-01-01,0.0632624797163617,0.5457713693848678,0.1718234083315051,13.213034453185834,39.95749636574116,81.76569650745832,0.5,60.86159643659974,median
Corlu,1994,2,,,0,0,1994-02-01,0.2044319401573952,0.5837306856107087,2.3623914020917023,16.633679969237065,,,0.5,,median
Corlu,1994,3,0.47890926030631187,16.560221736868826,7,2,1994-03-01,0.2688143662807367,0.6472203578366255,7.715905140759137,23.739539738776436,55.52102733937424,44.80455391060871,0.5,50.16279062499147,median
Corlu,1994,4,0.591417808189635,21.6210397085651,9,4,1994-04-01,0.3408896718572628,0.6451298951583873,10.856278290354153,28.172210491533786,82.3455010695314,37.83319723625617,0.5,60.08934915289378,median
Corlu,1994,5,0.5676617981341489,34.57322197154081,12,6,1994-05-01,0.45141232508227275,0.6420504322443671,21.219416184917712,38.876294781871536,60.9791372682023,24.3705181904184,0.5,42.67482772931035,median
Corlu,1994,6,,,4,0,1994-06-01,0.3398058060169734,0.5550912779270141,24.8281463037949,41.81771643367222,,,0.5,,median
Corlu,1994,7,0.24115679410704532,35.53851528368824,10,6,1994-07-01,0.24115679410704532,0.46871385428598,32.97320114614718,44.767587698768864,0.0,78.24970272005511,0.5,39.124851360027556,median
Corlu,1994,8,0.22759717736232793,41.770559905043456,12,8,1994-08-01,0.2114858986548909,0.38612769064926966,33.698988564166115,46.741763192392796,9.225328326885016,38.1146146356838,0.5,23.669971481284406,median
Corlu,1994,9,0.21132304910408461,38.0547710891756,12,8,1994-09-01,0.1993734068907274,0.34806656309858314,27.666430007419827,42.38830436288306,8.036443988486594,29.436015884073218,0.5,18.736229936279905,median
Corlu,1994,10,,,4,0,1994-10-01,0.1847029231834753,0.3357082850914537,18.0578755063624,35.573697423261756,,,0.5,,median
Corlu,1994,11,0.1803414486513708,7.603615563529586,3,3,1994-11-01,0.1802735544025179,0.3916224211582265,3.194579634730279,22.621228148470067,0.03212425497950378,77.3041864340061,0.5,38.6681553444928,median
Corlu,1994,12,0.3436597035080694,-2.010565502441839,2,1,1994-12-01,0.0625685155391693,0.5036983592679913,-2.010565502441839,14.840898452834558,63.720737094744536,100.0,0.5,81.86036854737227,median
Corlu,1995,1,0.3486339153291031,1.4360123711543675,3,2,1995-01-01,0.0632624797163617,0.5457713693848678,0.1718234083315051,13.213034453185834,59.143249321022374,90.30619964300269,0.5,74.72472448201253,median
Corlu,1995,2,0.43277008249287935,2.382957591593373,4,2,1995-02-01,0.2044319401573952,0.5837306856107087,2.3623914020917023,16.633679969237065,60.20007845335451,99.85589115233073,0.5,80.02798480284261,median
Corlu,1995,3,0.5228631840764666,13.1512846213707,6,2,1995-03-01,0.2688143662807367,0.6472203578366255,7.715905140759137,23.739539738776436,67.13657380295685,66.07898509315662,0.5,66.60777944805673,median
Corlu,1995,4,0.5755602829859601,19.852970742418123,9,2,1995-04-01,0.3408896718572628,0.6451298951583873,10.856278290354153,28.172210491533786,77.1333285856913,48.04384570499139,0.5,62.58858714534135,median
Corlu,1995,5,0.5923618439909457,27.176116075221493,12,8,1995-05-01,0.45141232508227275,0.6420504322443671,21.219416184917712,38.876294781871536,73.93564749823469,66.26413973684207,0.5,70.09989361753838,median
Corlu,1995,6,0.380456686729627,36.18765293740951,12,8,1995-06-01,0.3398058060169734,0.5550912779270141,24.8281463037949,41.81771643367222,18.882314887295323,33.13835166648423,0.5,26.010333276889778,median
Corlu,1995,7,0.4091734934931903,33.80460116193501,12,8,1995-07-01,0.24115679410704532,0.46871385428598,32.97320114614718,44.767587698768864,73.83497539211862,92.95088377781697,0.5,83.39292958496779,median
Corlu,1995,8,0.3396418325832274,33.698988564166115,12,7,1995-08-01,0.2114858986548909,0.38612769064926966,33.698988564166115,46.741763192392796,73.38216841731759,99.99999999999999,0.5,86.6910842086588,median
Corlu,1995,9,0.2903738189426467,34.011199893759084,6,4,1995-09-01,0.1993734068907274,0.34806656309858314,27.666430007419827,42.38830436288306,61.20013480964201,56.90243148974617,0.5,59.051283149694086,median
Corlu,1995,10,0.24030507905520215,23.195705889183543,6,2,1995-10-01,0.1847029231834753,0.3357082850914537,18.0578755063624,35.573697423261756,36.82131228267935,70.66748904392469,0.5,53.74440066330202,median
Corlu,1995,11,0.23205029347786435,3.194579634730279,4,2,1995-11-01,0.1802735544025179,0.3916224211582265,3.194579634730279,22.621228148470067,24.49823359365041,100.0,0.5,62.249116796825206,median
Corlu,1995,12,,,2,0,1995-12-01,0.0625685155391693,0.5036983592679913,-2.010565502441839,14.840898452834558,,,0.5,,median
Corlu,1996,1,,,0,0,1996-01-01,0.0632624797163617,0.5457713693848678,0.1718234083315051,13.213034453185834,,,0.5,,median
Corlu,1996,2,,,5,0,1996-02-01,0.2044319401573952,0.5837306856107087,2.3623914020917023,16.633679969237065,,,0.5,,median
Corlu,1996,3,0.355560779781226,14.980721566522249,2,2,1996-03-01,0.2688143662807367,0.6472203578366255,7.715905140759137,23.739539738776436,22.924164901251913,54.66186912011816,0.5,38.793017010685034,median
Corlu,1996,4,0.4343483735637751,17.853083334753915,9,7,1996-04-01,0.3408896718572628,0.6451298951583873,10.856278290354153,28.172210491533786,30.718719797286866,59.59325225399582,0.5,45.15598602564134,median
Corlu,1996,5,0.5523549226478933,33.33163753125936,10,6,1996-05-01,0.45141232508227275,0.6420504322443671,21.219416184917712,38.876294781871536,52.949853032159965,31.402250517646664,0.5,42.176051774903314,median
Corlu,1996,6,0.34304877984501725,36.60516005198907,12,8,1996-06-01,0.3398058060169734,0.5550912779270141,24.8281463037949,41.81771643367222,1.5063598111250858,30.680919775106695,0.5,16.09363979311589,median
Corlu,1996,7,0.27456204924281474,37.41611503258329,12,8,1996-07-01,0.24115679410704532,0.46871385428598,32.97320114614718,44.767587698768864,14.679946695348368,62.330267313067424,0.5,38.50510700420789,median
Corlu,1996,8,0.25272930835935575,40.07074076185424,10,6,1996-08-01,0.2114858986548909,0.38612769064926966,33.698988564166115,46.741763192392796,23.616002351712226,51.14726444863489,0.5,37.381633400173556,median
Corlu,1996,9,0.25269229383734165,29.33798862779899,9,6,1996-09-01,0.1993734068907274,0.34806656309858314,27.666430007419827,42.38830436288306,35.85833289602155,88.64574863214443,0.5,62.25204076408299,median
Corlu,1996,10,0.3034611731797042,24.64054427173847,11,6,1996-10-01,0.1847029231834753,0.3357082850914537,18.0578755063624,35.573697423261756,78.64505504685282,62.41872749902146,0.5,70.53189127293714,median
Corlu,1996,11,0.3103279162239272,15.30948410643439,8,5,1996-11-01,0.1802735544025179,0.3916224211582265,3.194579634730279,22.621228148470067,61.535395868355884,37.637701824194416,0.5,49.58654884627515,median
Corlu,1996,12,0.0625685155391693,1.3716574700000308,3,1,1996-12-01,0.0625685155391693,0.5036983592679913,-2.010565502441839,14.840898452834558,0.0,79.92920388745897,0.5,39.964601943729484,median
Corlu,1997,1,0.45536210807503436,5.896830025579941,7,4,1997-01-01,0.0632624797163617,0.5457713693848678,0.1718234083315051,13.213034453185834,81.26267448213304,56.100652021060945,0.5,68.68166325159699,median
Corlu,1997,2,0.3606207079853675,5.713429321828505,6,3,1997-02-01,0.2044319401573952,0.5837306856107087,2.3623914020917023,16.633679969237065,41.17829803030471,76.51902346469686,0.5,58.84866074750079,median
Corlu,1997,3,0.3873431982191705,14.087599592746455,7,3,1997-03-01,0.2688143662807367,0.6472203578366255,7.715905140759137,23.739539738776436,31.323191118375217,60.23564807964526,0.5,45.77941959901024,median
Corlu,1997,4,0.5507313790248551,20.687357655945128,8,2,1997-04-01,0.3408896718572628,0.6451298951583873,10.856278290354153,28.172210491533786,68.97237481971594,43.22523759407396,0.5,56.09880620689495,median
Corlu,1997,5,0.5662435770836229,31.169117637668492,12,6,1997-05-01,0.45141232508227275,0.6420504322443671,21.219416184917712,38.876294781871536,60.23520360685932,43.64971476630468,0.5,51.942459186582,median
Corlu,1997,6,0.4344544052071717,34.70186423713292,10,5,1997-06-01,0.3398058060169734,0.5550912779270141,24.8281463037949,41.81771643367222,43.96422961125228,41.88365062883839,0.5,42.92394012004533,median
Corlu,1997,7,0.36562159516924375,38.850600267990416,10,8,1997-07-01,0.24115679410704532,0.46871385428598,32.97320114614718,44.767587698768864,54.69608412251774,50.16782690968534,0.5,52.43195551610154,median
Corlu,1997,8,0.2997290572067179,33.87905890114464,12,7,1997-08-01,0.2114858986548909,0.38612769064926966,33.698988564166115,46.741763192392796,50.52808811917556,98.61938627239006,0.5,74.57373719578281,median
Corlu,1997,9,0.2696818685449256,30.77028916549292,12,8,1997-09-01,0.1993734068907274,0.34806656309858314,27.666430007419827,42.38830436288306,47.284262065104826,78.91668490621738,0.5,63.100473485661105,median
Corlu,1997,10,0.2536426702588721,26.27208446390512,9,3,1997-10-01,0.1847029231834753,0.3357082850914537,18.0578755063624,35.573697423261756,45.653840502304945,53.10406216440458,0.5,49.37895133335476,median
Corlu,1997,11,0.24360968237471456,13.489508811453764,8,4,1997-11-01,0.1802735544025179,0.3916224211582265,3.194579634730279,22.621228148470067,29.967573966414907,47.00614895337072,0.5,38.486861459892815,median
Corlu,1997,12,,,2,0,1997-12-01,0.0625685155391693,0.5036983592679913,-2.010565502441839,14.840898452834558,,,0.5,,median
Corlu,1998,1,0.33111512235930035,4.468979060241826,4,2,1998-01-01,0.0632624797163617,0.5457713693848678,0.1718234083315051,13.213034453185834,55.51247829381114,67.04941253438385,0.5,61.280945414097495,median
Corlu,1998,2,0.3576298248249224,8.975488060563192,10,4,1998-02-01,0.2044319401573952,0.5837306856107087,2.3623914020917023,16.633679969237065,40.38976835645341,53.661530790598505,0.5,47.02564957352595,median
Corlu,1998,3,0.3919138962830283,13.414892515798732,5,1,1998-03-01,0.2688143662807367,0.6472203578366255,7.715905140759137,23.739539738776436,32.53107317253205,64.43386586121501,0.5,48.48246951687353,median
Corlu,1998,4,0.45409895942792533,20.768004526402585,9,4,1998-04-01,0.3408896718572628,0.6451298951583873,10.856278290354153,28.172210491533786,37.21049318932843,42.75949962790219,0.5,39.98499640861531,median
Corlu,1998,5,0.5721093134945632,24.542553303653072,6,5,1998-05-01,0.45141232508227275,0.6420504322443671,21.219416184917712,38.876294781871536,63.312099668333936,81.1793624762835,0.5,72.24573107230871,median
Corlu,1998,6,0.46402709017646865,33.8900541218683,12,8,1998-06-01,0.3398058060169734,0.5550912779270141,24.8281463037949,41.81771643367222,57.70072780916793,46.661935830045394,0.5,52.18133181960666,median
Corlu,1998,7,0.3818911155407655,35.4011850313356,12,8,1998-07-01,0.24115679410704532,0.46871385428598,32.97320114614718,44.767587698768864,61.84572841776771,79.41407232707053,0.5,70.62990037241912,median
Corlu,1998,8,0.2822936382220502,38.58674398813771,11,7,1998-08-01,0.2114858986548909,0.38612769064926966,33.698988564166115,46.741763192392796,40.544556236252106,62.52518683107733,0.5,51.53487153366471,median
Corlu,1998,9,0.2464890083256347,31.94999644697565,10,5,1998-09-01,0.1993734068907274,0.34806656309858314,27.666430007419827,42.38830436288306,31.68646267017505,70.90338949967871,0.5,51.29492608492688,median
Corlu,1998,10,0.29737152413642753,27.25140684557168,9,2,1998-10-01,0.1847029231834753,0.3357082850914537,18.0578755063624,35.573697423261756,74.61231808550725,47.512989211546426,0.5,61.06265364852684,median
Corlu,1998,11,0.3411986571793233,12.106784940225744,8,5,1998-11-01,0.1802735544025179,0.3916224211582265,3.194579634730279,22.621228148470067,76.14192838933629,54.12381451596154,0.5,65.13287145264891,median
Corlu,1998,12,0.4355724574105333,4.284256888857598,6,2,1998-12-01,0.0625685155391693,0.5036983592679913,-2.010565502441839,14.840898452834558,84.55649672631593,62.64524905369748,0.5,73.60087289000671,median
Corlu,1999,1,0.34558103037997373,8.46428719474402,7,2,1999-01-01,0.0632624797163617,0.5457713693848678,0.1718234083315051,13.213034453185834,58.51053870894914,36.41339168662198,0.5,47.46196519778556,median
Corlu,1999,2,0.3865682720731082,11.112231602809958,8,3,1999-02-01,0.2044319401573952,0.5837306856107087,2.3623914020917023,16.633679969237065,48.019228668430024,38.689206937755465,0.5,43.354217803092745,median
Corlu,1999,3,0.4751250801347855,15.94386171919956,6,5,1999-03-01,0.2688143662807367,0.6472203578366255,7.715905140759137,23.739539738776436,54.52099555975918,48.65112201536025,0.5,51.586058787559715,median
Corlu,1999,4,0.5327118020844867,22.77829984525628,10,7,1999-04-01,0.3408896718572628,0.6451298951583873,10.856278290354153,28.172210491533786,63.049562660018886,31.149987096334602,0.5,47.099774878176746,median
Corlu,1999,5,0.45141232508227275,30.870818983052047,12,6,1999-05-01,0.45141232508227275,0.6420504322443671,21.219416184917712,38.876294781871536,0.0,45.33913372548531,0.5,22.669566862742656,median
Corlu,1999,6,0.3600933804396774,36.38458810260869,10,6,1999-06-01,0.3398058060169734,0.5550912779270141,24.8281463037949,41.81771643367222,9.423568735367983,31.979198352458617,0.5,20.701383543913302,median
Corlu,1999,7,0.37331154615715456,38.21003815834658,18,10,1999-07-01,0.24115679410704532,0.46871385428598,32.97320114614718,44.767587698768864,58.0754347705987,55.59890301343956,0.5,56.83716889201913,median
Corlu,1999,8,0.303558041946088,43.14071985521152,21,13,1999-08-01,0.2114858986548909,0.38612769064926966,33.698988564166115,46.741763192392796,52.72056719056149,27.60948831691097,0.5,40.165027753736226,median
Corlu,1999,9,0.2823667606620803,34.85283263738885,19,11,1999-09-01,0.1993734068907274,0.34806656309858314,27.666430007419827,42.38830436288306,55.81518066328339,51.18554569580214,0.5,53.50036317954277,median
Corlu,1999,10,0.2708715484405807,28.66786219070675,21,11,1999-10-01,0.1847029231834753,0.3357082850914537,18.0578755063624,35.573697423261756,57.06328846098589,39.426269947927594,0.5,48.24477920445674,median
Corlu,1999,11,0.29135120977317663,17.212089842027197,19,10,1999-11-01,0.1802735544025179,0.3916224211582265,3.194579634730279,22.621228148470067,52.556541738664656,27.843908858582452,0.5,40.20022529862355,median
Corlu,1999,12,0.3527530495077362,8.686640904768334,13,1,1999-12-01,0.0625685155391693,0.5036983592679913,-2.010565502441839,14.840898452834558,65.78211338314112,36.520610698272606,0.5,51.151362040706864,median
Corlu,2000,1,0.3676896731401077,6.211344160679886,13,10,2000-01-01,0.0632624797163617,0.5457713693848678,0.1718234083315051,13.213034453185834,63.09255641546707,53.68895778485699,0.5,58.390757100162034,median
Corlu,2000,2,0.4038601478022322,10.898313682137381,14,8,2000-02-01,0.2044319401573952,0.5837306856107087,2.3623914020917023,16.633679969237065,52.57813531824189,40.18814601158969,0.5,46.383140664915786,median
Corlu,2000,3,0.40601536695294593,14.0103506126239,15,8,2000-03-01,0.2688143662807367,0.6472203578366255,7.715905140759137,23.739539738776436,36.257618466367575,60.71774207430059,0.5,48.48768027033408,median
Corlu,2000,4,0.4655007599956412,26.37582395482823,6,4,2000-04-01,0.3408896718572628,0.6451298951583873,10.856278290354153,28.172210491533786,40.95812407258309,10.374183242546868,0.5,25.66615365756498,median
Corlu,2000,5,0.5692608694676887,25.671810692528048,20,14,2000-05-01,0.45141232508227275,0.6420504322443671,21.219416184917712,38.876294781871536,61.81793668629567,74.78379611004141,0.5,68.30086639816854,median
Corlu,2000,6,0.4501146613988388,34.870213376556876,16,8,2000-06-01,0.3398058060169734,0.5550912779270141,24.8281463037949,41.81771643367222,51.238411214277924,40.892753636524816,0.5,46.065582425401374,median
Corlu,2000,7,0.2939720210236947,42.140865271538246,20,16,2000-07-01,0.24115679410704532,0.46871385428598,32.97320114614718,44.767587698768864,23.209663051157026,22.270954199366518,0.5,22.740308625261772,median
Corlu,2000,8,0.2394716410750488,39.695326827246674,21,14,2000-08-01,0.2114858986548909,0.38612769064926966,33.698988564166115,46.741763192392796,16.02465372152085,54.025593219225684,0.5,35.025123470373266,median
Corlu,2000,9,0.2203750611121176,38.2991789143037,21,13,2000-09-01,0.1993734068907274,0.34806656309858314,27.666430007419827,42.38830436288306,14.124156589986109,27.775848032977535,0.5,20.95000231148182,median
Corlu,2000,10,0.2280467143241674,23.83752376650191,16,9,2000-10-01,0.1847029231834753,0.3357082850914537,18.0578755063624,35.573697423261756,28.703478203049176,67.00327117071637,0.5,47.85337468688277,median
Corlu,2000,11,0.2474531831198811,17.990685679582175,20,11,2000-11-01,0.1802735544025179,0.3916224211582265,3.194579634730279,22.621228148470067,31.786131503138826,23.83603360926035,0.5,27.811082556199587,median
Corlu,2000,12,0.3809303446634311,10.436018643642987,19,6,2000-12-01,0.0625685155391693,0.5036983592679913,-2.010565502441839,14.840898452834558,72.1696420340062,26.139448898220802,0.5,49.154545466113504,median
Corlu,2001,1,0.4510884679000704,10.093471419796819,12,8,2001-01-01,0.0632624797163617,0.5457713693848678,0.1718234083315051,13.213034453185834,80.37696226698608,23.92080783494338,0.5,52.14888505096473,median
Corlu,2001,2,0.4650926831825582,15.444127083990075,12,5,2001-02-01,0.2044319401573952,0.5837306856107087,2.3623914020917023,16.633679969237065,68.72175195666361,8.335287172214553,0.5,38.52851956443908,median
Corlu,2001,3,0.6004951085248468,19.70450162105757,17,3,2001-03-01,0.2688143662807367,0.6472203578366255,7.715905140759137,23.739539738776436,87.65208523267327,25.18179064204413,0.5,56.4169379373587,median
Corlu,2001,4,0.6085341137153395,18.14093279126873,16,9,2001-04-01,0.3408896718572628,0.6451298951583873,10.856278290354153,28.172210491533786,87.97141908260213,57.93091347159283,0.5,72.95116627709749,median
Corlu,2001,5,0.561136135693496,25.183519920355582,16,13,2001-05-01,0.45141232508227275,0.6420504322443671,21.219416184917712,38.876294781871536,57.556074304665685,77.54923831145467,0.5,67.55265630806018,median
Corlu,2001,6,0.3687498653156587,39.10338579442702,22,14,2001-06-01,0.3398058060169734,0.5550912779270141,24.8281463037949,41.81771643367222,13.444501870883258,15.976452720671617,0.5,14.710477295777437,median
Corlu,2001,7,0.2911779172113424,42.8573114399594,24,16,2001-07-01,0.24115679410704532,0.46871385428598,32.97320114614718,44.767587698768864,21.981793518058293,16.19648678027125,0.5,19.08914014916477,median
Corlu,2001,8,0.2379264226310979,42.8478154988468,20,14,2001-08-01,0.2114858986548909,0.38612769064926966,33.698988564166115,46.741763192392796,15.13986066809143,29.85520952818476,0.5,22.497535098138094,median
Corlu,2001,9,0.23744144202365952,35.59584743458674,19,12,2001-09-01,0.1993734068907274,0.34806656309858314,27.666430007419827,42.38830436288306,25.601739921182,46.138533479438834,0.5,35.87013670031042,median
Corlu,2001,10,0.22442421352705616,22.48983108909515,21,10,2001-10-01,0.1847029231834753,0.3357082850914537,18.0578755063624,35.573697423261756,26.304556236742595,74.69741583489852,0.5,50.50098603582056,median
Corlu,2001,11,0.2664524114089773,22.02643201566841,15,9,2001-11-01,0.1802735544025179,0.3916224211582265,3.194579634730279,22.621228148470067,40.775641870874466,3.0617537161954607,0.5,21.918697793534964,median
Corlu,2001,12,0.08826231761451155,1.0336493935796645,9,2,2001-12-01,0.0625685155391693,0.5036983592679913,-2.010565502441839,14.840898452834558,5.824544052190023,81.93501226895884,0.5,43.87977816057443,median
Corlu,2002,1,0.2250078383325175,7.513869159076706,19,11,2002-01-01,0.0632624797163617,0.5457713693848678,0.1718234083315051,13.213034453185834,33.52173650671562,43.701196725574405,0.5,38.61146661614501,median
Corlu,2002,2,0.2837582447008805,16.633679969237065,19,10,2002-02-01,0.2044319401573952,0.5837306856107087,2.3623914020917023,16.633679969237065,20.913938022304716,0.0,0.5,10.456969011152358,median
Corlu,2002,3,0.34680806708036127,19.51176694257012,11,6,2002-03-01,0.2688143662807367,0.6472203578366255,7.715905140759137,23.739539738776436,20.611116774060193,26.384605629545778,0.5,23.497861201802984,median
Corlu,2002,4,0.4512536337558577,22.270572000585428,9,5,2002-04-01,0.3408896718572628,0.6451298951583873,10.856278290354153,28.172210491533786,36.27526981840307,34.082129811909944,0.5,35.178699815156506,median
Corlu,2002,5,0.5329503444975132,30.93248518421927,16,12,2002-05-01,0.45141232508227275,0.6420504322443671,21.219416184917712,38.876294781871536,42.77110207872078,44.989886258960496,0.5,43.88049416884064,median
Corlu,2002,6,0.4271741490087831,36.30154321204086,17,11,2002-06-01,0.3398058060169734,0.5550912779270141,24.8281463037949,41.81771643367222,40.58255404633968,32.46799759771902,0.5,36.52527582202935,median
Corlu,2002,7,0.35055454420041154,44.10807202925139,20,12,2002-07-01,0.24115679410704532,0.46871385428598,32.97320114614718,44.767587698768864,48.07486526998706,5.59177593997779,0.5,26.833320604982426,median
Corlu,2002,8,0.3260069618439447,36.72629513362055,10,7,2002-08-01,0.2114858986548909,0.38612769064926966,33.698988564166115,46.741763192392796,65.57483285142877,76.78939753430335,0.5,71.18211519286606,median
Corlu,2002,9,0.3122578427608613,27.666430007419827,11,6,2002-09-01,0.1993734068907274,0.34806656309858314,27.666430007419827,42.38830436288306,75.91770781456452,100.0,0.5,87.95885390728226,median
Corlu,2002,10,0.3357082850914537,23.194645564720098,10,8,2002-10-01,0.1847029231834753,0.3357082850914537,18.0578755063624,35.573697423261756,100.0,70.67354256780999,0.5,85.336771283905,median
Corlu,2002,11,0.3916224211582265,15.626716312889032,9,5,2002-11-01,0.1802735544025179,0.3916224211582265,3.194579634730279,22.621228148470067,100.0,36.00472737556384,0.5,68.00236368778192,median
Corlu,2002,12,0.32922659064307236,7.599666869042777,7,2,2002-12-01,0.0625685155391693,0.5036983592679913,-2.010565502441839,14.840898452834558,60.44888571806244,42.97093476869387,0.5,51.70991024337816,median
Corlu,2003,1,0.5036601354877053,9.295022834490457,7,2,2003-01-01,0.0632624797163617,0.5457713693848678,0.1718234083315051,13.213034453185834,91.27244392821574,30.04331120184814,0.5,60.65787756503194,median
Corlu,2003,2,0.3480819376613717,3.5019139734069937,7,3,2003-02-01,0.2044319401573952,0.5837306856107087,2.3623914020917023,16.633679969237065,37.872521126400045,92.01527902716057,0.5,64.94390007678031,median
Corlu,2003,3,0.3940628475629783,19.228517257344453,9,5,2003-03-01,0.2688143662807367,0.6472203578366255,7.715905140759137,23.739539738776436,33.098968852807666,28.152304983228703,0.5,30.625636918018184,median
Corlu,2003,4,0.5072021743881272,21.325851999853082,11,4,2003-04-01,0.3408896718572628,0.6451298951583873,10.856278290354153,28.172210491533786,54.66486341822564,39.537914633405066,0.5,47.10138902581535,median
Corlu,2003,5,0.5501952727644563,32.22023625414432,8,6,2003-05-01,0.45141232508227275,0.6420504322443671,21.219416184917712,38.876294781871536,51.81699983948707,37.69668852384547,0.5,44.75684418166627,median
Corlu,2003,6,0.3694958415604902,41.81771643367222,2,2,2003-06-01,0.3398058060169734,0.5550912779270141,24.8281463037949,41.81771643367222,13.79100748420362,0.0,0.5,6.89550374210181,median
Corlu,2003,7,0.30219268022894635,39.82187628757548,14,10,2003-07-01,0.24115679410704532,0.46871385428598,32.97320114614718,44.767587698768864,26.822233541735315,41.932756647644744,0.5,34.37749509469003,median
Corlu,2003,8,0.27971696692909975,41.264333152947465,14,8,2003-08-01,0.2114858986548909,0.38612769064926966,33.698988564166115,46.741763192392796,39.06915263238081,41.995895778121344,0.5,40.53252420525108,median
Corlu,2003,9,0.23518203359554185,32.35791979539468,17,12,2003-09-01,0.1993734068907274,0.34806656309858314,27.666430007419827,42.38830436288306,24.082229214879362,68.13252392529857,0.5,46.10737657008897,median
Corlu,2003,10,0.2043799845603193,28.202059895311343,13,5,2003-10-01,0.1847029231834753,0.3357082850914537,18.0578755063624,35.573697423261756,13.030703763244555,42.085593030825564,0.5,27.55814839703506,median
Corlu,2003,11,0.2771922919471853,14.779862349554042,8,3,2003-11-01,0.1802735544025179,0.3916224211582265,3.194579634730279,22.621228148470067,45.857230763717645,40.36396598914167,0.5,43.11059837642966,median
Corlu,2003,12,0.36830787554298205,7.394674020825956,4,2,2003-12-01,0.0625685155391693,0.5036983592679913,-2.010565502441839,14.840898452834558,69.30824661950585,44.18740384675658,0.5,56.747825233131216,median
Corlu,2004,1,0.150730536708421,2.6248982045985594,7,1,2004-01-01,0.0632624797163617,0.5457713693848678,0.1718234083315051,13.213034453185834,18.12776072419136,81.18982364574981,0.5,49.65879218497059,median
Corlu,2004,2,0.4196140692953577,9.571598765230371,8,5,2004-02-01,0.2044319401573952,0.5837306856107087,2.3623914020917023,16.633679969237065,56.73156890640138,49.484537929284535,0.5,53.10805341784295,median
Corlu,2004,3,0.4709247165086037,11.40991395965655,14,10,2004-03-01,0.2688143662807367,0.6472203578366255,7.715905140759137,23.739539738776436,53.41098046488417,76.94649864672716,0.5,65.17873955580566,median
Corlu,2004,4,0.5581381839204748,24.850343582801756,13,8,2004-04-01,0.3408896718572628,0.6451298951583873,10.856278290354153,28.172210491533786,71.40690001669776,19.183875694002374,0.5,45.29538785535007,median
Corlu,2004,5,0.5431968025387652,27.42019434922074,12,8,2004-05-01,0.45141232508227275,0.6420504322443671,21.219416184917712,38.876294781871536,48.14592361560256,64.881798726459,0.5,56.51386117103078,median
Corlu,2004,6,0.4669255419996164,29.76653862368704,16,11,2004-06-01,0.3398058060169734,0.5550912779270141,24.8281463037949,41.81771643367222,59.04705731177314,70.93280005238248,0.5,64.9899286820778,median
Corlu,2004,7,0.3827571476184113,37.94124492942712,19,13,2004-07-01,0.24115679410704532,0.46871385428598,32.97320114614718,44.767587698768864,62.226306404214185,57.87789588619486,0.5,60.05210114520452,median
Corlu,2004,8,0.30569312147602723,41.28198106874126,15,10,2004-08-01,0.2114858986548909,0.38612769064926966,33.698988564166115,46.741763192392796,53.94311507303395,41.860587791156654,0.5,47.9018514320953,median
Corlu,2004,9,0.27761284192540814,33.75014458702216,18,12,2004-09-01,0.1993734068907274,0.34806656309858314,27.666430007419827,42.38830436288306,52.61804714489421,58.67567924634073,0.5,55.64686319561747,median
Corlu,2004,10,0.2689022846545856,26.22228171046983,9,7,2004-10-01,0.1847029231834753,0.3357082850914537,18.0578755063624,35.573697423261756,55.75918656611731,53.388392261339625,0.5,54.57378941372846,median
Corlu,2004,11,0.243744912935245,13.024535156522504,10,6,2004-11-01,0.1802735544025179,0.3916224211582265,3.194579634730279,22.621228148470067,30.031558487650475,49.39963259828456,0.5,39.71559554296752,median
Corlu,2004,12,0.2297152419151503,14.840898452834558,9,7,2004-12-01,0.0625685155391693,0.5036983592679913,-2.010565502441839,14.840898452834558,37.89059587605956,0.0,0.5,18.94529793802978,median
Corlu,2005,1,0.20483868365220098,9.467444712482454,13,4,2005-01-01,0.0632624797163617,0.5457713693848678,0.1718234083315051,13.213034453185834,29.341677835843633,28.721180324593227,0.5,29.03142908021843,median
Corlu,2005,2,0.3528385248374496,15.412907631091011,8,3,2005-02-01,0.2044319401573952,0.5837306856107087,2.3623914020917023,16.633679969237065,39.12656882181046,8.554044243464139,0.5,23.8403065326373,median
Corlu,2005,3,0.3774704865028531,22.5130827430229,14,9,2005-03-01,0.2688143662807367,0.6472203578366255,7.715905140759137,23.739539738776436,28.71416485118429,7.654049948850519,0.5,18.184107400017403,median
Corlu,2005,4,0.49444027562229326,25.826480238592723,14,10,2005-04-01,0.3408896718572628,0.6451298951583873,10.856278290354153,28.172210491533786,50.47018507248872,13.546658797735777,0.5,32.008421935112246,median
Corlu,2005,5,0.5231210775392109,29.824182841117658,10,7,2005-05-01,0.45141232508227275,0.6420504322443671,21.219416184917712,38.876294781871536,37.61511983329029,51.266773405326326,0.5,44.440946619308306,median
Corlu,2005,6,0.45415614127762927,33.72370088986712,20,14,2005-06-01,0.3398058060169734,0.5550912779270141,24.8281463037949,41.81771643367222,53.11567670875551,47.641084982905014,0.5,50.378380845830264,median
Corlu,2005,7,0.3625448024032798,39.71336609568686,16,11,2005-07-01,0.24115679410704532,0.46871385428598,32.97320114614718,44.767587698768864,53.3439868667593,42.85277221101883,0.5,48.09837953888906,median
Corlu,2005,8,0.286346895555053,42.67287495223969,19,12,2005-08-01,0.2114858986548909,0.38612769064926966,33.698988564166115,46.741763192392796,42.865453935889335,31.196492741255938,0.5,37.030973338572636,median
Corlu,2005,9,0.26320606014388004,36.746982466950314,16,12,2005-09-01,0.1993734068907274,0.34806656309858314,27.666430007419827,42.38830436288306,42.92911313545729,38.31931831315537,0.5,40.62421572430633,median
Corlu,2005,10,0.272301811941687,24.50200637553148,11,9,2005-10-01,0.1847029231834753,0.3357082850914537,18.0578755063624,35.573697423261756,58.01044919954158,63.20965753281752,0.5,60.61005336617956,median
Corlu,2005,11,0.2259030995971527,17.540681207410778,5,2,2005-11-01,0.1802735544025179,0.3916224211582265,3.194579634730279,22.621228148470067,21.58968055758564,26.15246236357237,0.5,23.871071460579003,median
Corlu,2005,12,,,4,0,2005-12-01,0.0625685155391693,0.5036983592679913,-2.010565502441839,14.840898452834558,,,0.5,,median
Corlu,2006,1,,,2,0,2006-01-01,0.0632624797163617,0.5457713693848678,0.1718234083315051,13.213034453185834,,,0.5,,median
Corlu,2006,2,0.23016927422457317,5.5204946641802,10,4,2006-02-01,0.2044319401573952,0.5837306856107087,2.3623914020917023,16.633679969237065,6.785504665041372,77.87093122509678,0.5,42.32821794506908,median
Corlu,2006,3,0.4525871545182195,13.07136338631694,8,5,2006-03-01,0.2688143662807367,0.6472203578366255,7.715905140759137,23.739539738776436,48.564978445998115,66.57775604655598,0.5,57.57136724627705,median
Corlu,2006,4,0.5361527043920382,25.799676418234917,7,6,2006-04-01,0.3408896718572628,0.6451298951583873,10.856278290354153,28.172210491533786,64.18054470776275,13.701451621167942,0.5,38.94099816446535,median
Corlu,2006,5,0.527127039168729,38.876294781871536,13,7,2006-05-01,0.45141232508227275,0.6420504322443671,21.219416184917712,38.876294781871536,39.7164634151965,0.0,0.5,19.85823170759825,median
Corlu,2006,6,0.4368478649312372,32.848539295043935,16,8,2006-06-01,0.3398058060169734,0.5550912779270141,24.8281463037949,41.81771643367222,45.07599052239522,52.79225471900182,0.5,48.93412262069852,median
Corlu,2006,7,0.4305386907798188,35.671069897130856,18,11,2006-07-01,0.24115679410704532,0.46871385428598,32.97320114614718,44.767587698768864,83.22391602521893,77.12582389133257,0.5,80.17486995827575,median
Corlu,2006,8,0.3065591239913966,44.52110810128883,22,14,2006-08-01,0.2114858986548909,0.38612769064926966,33.698988564166115,46.741763192392796,54.43898865831947,17.02594083239088,0.5,35.73246474535517,median
Corlu,2006,9,0.2574354343556877,36.45182462175623,19,12,2006-09-01,0.1993734068907274,0.34806656309858314,27.666430007419827,42.38830436288306,39.04821778333655,40.3242114270852,0.5,39.68621460521088,median
Corlu,2006,10,0.2805328524681438,31.37116617717555,9,2,2006-10-01,0.1847029231834753,0.3357082850914537,18.0578755063624,35.573697423261756,63.4612758605662,23.992772169209957,0.5,43.72702401488807,median
Corlu,2006,11,0.32951136850629914,17.039834061234217,12,6,2006-11-01,0.1802735544025179,0.3916224211582265,3.194579634730279,22.621228148470067,70.61207206579464,28.730607254711614,0.5,49.671339660253125,median
Corlu,2006,12,0.2458179296789323,9.050099162866278,18,8,2006-12-01,0.0625685155391693,0.5036983592679913,-2.010565502441839,14.840898452834558,41.540924230103286,34.36377578432947,0.5,37.95235000721638,median
Corlu,2007,1,0.2793079892075168,12.900652425961184,13,5,2007-01-01,0.0632624797163617,0.5457713693848678,0.1718234083315051,13.213034453185834,44.775446446092005,2.3953452340448633,0.5,23.585395840068433,median
Corlu,2007,2,0.5150574808079699,8.964003286375085,14,3,2007-02-01,0.2044319401573952,0.5837306856107087,2.3623914020917023,16.633679969237065,81.89469234319111,53.74200547327395,0.5,67.81834890823254,median
Corlu,2007,3,0.5451967924940633,15.258112436419502,15,6,2007-03-01,0.2688143662807367,0.6472203578366255,7.715905140759137,23.739539738776436,73.03859674021737,52.930733351885046,0.5,62.984665046051205,median
Corlu,2007,4,0.5981100833907758,27.04094108538144,12,8,2007-04-01,0.3408896718572628,0.6451298951583873,10.856278290354153,28.172210491533786,84.54516918984996,6.5331129332747,0.5,45.539141061562326,median
Corlu,2007,5,0.538890824789954,34.315924707291245,18,9,2007-05-01,0.45141232508227275,0.6420504322443671,21.219416184917712,38.876294781871536,45.887205349400936,25.82772515277445,0.5,35.85746525108769,median
Corlu,2007,6,0.37194539552793693,39.947608892318584,18,10,2007-06-01,0.3398058060169734,0.5550912779270141,24.8281463037949,41.81771643367222,14.928824144897892,11.007385867079245,0.5,12.96810500598857,median
Corlu,2007,7,0.24723109655831982,44.767587698768864,20,12,2007-07-01,0.24115679410704532,0.46871385428598,32.97320114614718,44.767587698768864,2.6693535443365697,0.0,0.5,1.3346767721682848,median
Corlu,2007,8,0.2114858986548909,46.741763192392796,20,16,2007-08-01,0.2114858986548909,0.38612769064926966,33.698988564166115,46.741763192392796,0.0,0.0,0.5,0.0,median
Corlu,2007,9,0.2063004134987545,32.72791323549582,9,4,2007-09-01,0.1993734068907274,0.34806656309858314,27.666430007419827,42.38830436288306,4.658591413813247,65.61930155179124,0.5,35.13894648280224,median
Corlu,2007,10,0.2495549461895101,28.38694773166446,5,5,2007-10-01,0.1847029231834753,0.3357082850914537,18.0578755063624,35.573697423261756,42.94683459356574,41.03004543945199,0.5,41.98844001650886,median
Corlu,2007,11,0.28165937897425875,8.009951565497392,6,2,2007-11-01,0.1802735544025179,0.3916224211582265,3.194579634730279,22.621228148470067,47.970838986768484,75.21254411247844,0.5,61.59169154962346,median
Corlu,2007,12,,,2,0,2007-12-01,0.0625685155391693,0.5036983592679913,-2.010565502441839,14.840898452834558,,,0.5,,median
Corlu,2008,1,0.40875421046600213,5.065098386044998,6,4,2008-01-01,0.0632624797163617,0.5457713693848678,0.1718234083315051,13.213034453185834,71.60318455210238,62.47836983173252,0.5,67.04077719191744,median
Corlu,2008,2,0.4278130582484452,12.003329057096847,8,4,2008-02-01,0.2044319401573952,0.5837306856107087,2.3623914020917023,16.633679969237065,58.893186642122735,32.4452195774387,0.5,45.66920310978072,median
Corlu,2008,3,0.5166912459089409,18.47947730804603,12,8,2008-03-01,0.2688143662807367,0.6472203578366255,7.715905140759137,23.739539738776436,65.50553774505813,32.82689953115423,0.5,49.16621863810619,median
Corlu,2008,4,0.640385292659159,22.71819761310855,7,7,2008-04-01,0.3408896718572628,0.6451298951583873,10.856278290354153,28.172210491533786,98.44050781722828,31.497079193077948,0.5,64.96879350515312,median
Corlu,2008,5,0.5582773804538479,33.7457938745618,17,10,2008-05-01,0.45141232508227275,0.6420504322443671,21.219416184917712,38.876294781871536,56.05650253373043,29.056669779645283,0.5,42.55658615668786,median
Corlu,2008,6,0.3950316584654239,36.55080673940341,17,10,2008-06-01,0.3398058060169734,0.5550912779270141,24.8281463037949,41.81771643367222,25.652382373264455,31.00084142215337,0.5,28.326611897708915,median
Corlu,2008,7,0.31819277186237394,40.87740945979167,17,10,2008-07-01,0.24115679410704532,0.46871385428598,32.97320114614718,44.767587698768864,33.85347731894277,32.98330287565889,0.5,33.41839009730083,median
Corlu,2008,8,0.27078238595930726,43.30515183041285,17,12,2008-08-01,0.2114858986548909,0.38612769064926966,33.698988564166115,46.741763192392796,33.95320594644663,26.348775164316322,0.5,30.150990555381476,median
Corlu,2008,9,0.22518314162296493,35.13662760263193,13,8,2008-09-01,0.1993734068907274,0.34806656309858314,27.666430007419827,42.38830436288306,17.35771530477066,49.25783623170278,0.5,33.30777576823672,median
Corlu,2008,10,0.3107772885461539,22.023362755670092,5,4,2008-10-01,0.1847029231834753,0.3357082850914537,18.0578755063624,35.573697423261756,83.48999252060165,77.36054141152366,0.5,80.42526696606265,median
Corlu,2008,11,0.3780334967684025,15.560426482615677,5,1,2008-11-01,0.1802735544025179,0.3916224211582265,3.194579634730279,22.621228148470067,93.57038218448031,36.34595880427101,0.5,64.95817049437565,median
Corlu,2008,12,0.5032757669936075,10.505938659876993,4,1,2008-12-01,0.0625685155391693,0.5036983592679913,-2.010565502441839,14.840898452834558,99.9042022931816,25.724529361143354,0.5,62.814365827162476,median
Corlu,2009,1,0.4336385278633931,11.733491473342394,6,4,2009-01-01,0.0632624797163617,0.5457713693848678,0.1718234083315051,13.213034453185834,76.76046101481936,11.345134855610086,0.5,44.05279793521472,median
Corlu,2009,2,0.44097501402781125,6.6711432331045994,9,4,2009-02-01,0.2044319401573952,0.5837306856107087,2.3623914020917023,16.633679969237065,62.36326291765477,69.80824954424727,0.5,66.08575623095102,median
Corlu,2009,3,0.6425414558902462,17.497610495426535,5,2,2009-03-01,0.2688143662807367,0.6472203578366255,7.715905140759137,23.739539738776436,98.7635232922341,38.95451562607557,0.5,68.85901945915484,median
Corlu,2009,4,0.5975887415314415,24.046952685212016,12,3,2009-04-01,0.3408896718572628,0.6451298951583873,10.856278290354153,28.172210491533786,84.37381056616846,23.823480933014626,0.5,54.09864574959154,median
Corlu,2009,5,0.5781505547876247,31.122887778109494,22,14,2009-05-01,0.45141232508227275,0.6420504322443671,21.219416184917712,38.876294781871536,66.48105753462497,43.91153827777728,0.5,55.196297906201124,median
Corlu,2009,6,0.3398058060169734,37.17956608095058,20,14,2009-06-01,0.3398058060169734,0.5550912779270141,24.8281463037949,41.81771643367222,0.0,27.299986505044846,0.5,13.649993252522423,median
Corlu,2009,7,0.3192190962834051,40.11371406508197,23,15,2009-07-01,0.24115679410704532,0.46871385428598,32.97320114614718,44.767587698768864,34.30449581084285,39.458378042157854,0.5,36.881436926500356,median
Corlu,2009,8,0.26713283534599264,39.24322609108738,23,16,2009-08-01,0.2114858986548909,0.38612769064926966,33.698988564166115,46.741763192392796,31.86347096855995,57.491885852856534,0.5,44.67767841070824,median
Corlu,2009,9,0.2888976169156584,32.25497451979896,17,11,2009-09-01,0.1993734068907274,0.34806656309858314,27.666430007419827,42.38830436288306,60.207350699978804,68.83179137664399,0.5,64.5195710383114,median
Corlu,2009,10,0.33194833860424466,24.311560534671045,17,10,2009-10-01,0.1847029231834753,0.3357082850914537,18.0578755063624,35.573697423261756,97.51005762994012,64.29693646134265,0.5,80.90349704564139,median
Corlu,2009,11,0.2837980555374185,18.666610202137107,14,5,2009-11-01,0.1802735544025179,0.3916224211582265,3.194579634730279,22.621228148470067,48.98275667338271,20.35666596601054,0.5,34.669711319696624,median
Corlu,2009,12,,,5,0,2009-12-01,0.0625685155391693,0.5036983592679913,-2.010565502441839,14.840898452834558,,,0.5,,median
Corlu,2010,1,,,2,0,2010-01-01,0.0632624797163617,0.5457713693848678,0.1718234083315051,13.213034453185834,,,0.5,,median
Corlu,2010,2,0.44540123559265526,14.324760353366901,8,4,2010-02-01,0.2044319401573952,0.5837306856107087,2.3623914020917023,16.633679969237065,63.5302115611453,16.178774642576013,0.5,39.854493101860655,median
Corlu,2010,3,0.4819477066079858,15.532975723881894,9,6,2010-03-01,0.2688143662807367,0.6472203578366255,7.715905140759137,23.739539738776436,56.32398669241746,51.215371672978556,0.5,53.76967918269801,median
Corlu,2010,4,0.5213190583228692,21.55742762158164,17,11,2010-04-01,0.3408896718572628,0.6451298951583873,10.856278290354153,28.172210491533786,59.30490863695718,38.20055884430825,0.5,48.75273374063271,median
Corlu,2010,5,0.5455636919767237,33.336804728278345,21,13,2010-05-01,0.45141232508227275,0.6420504322443671,21.219416184917712,38.876294781871536,49.38748516549037,31.372986018881434,0.5,40.3802355921859,median
Corlu,2010,6,0.37735958676790093,38.182652758391484,14,10,2010-06-01,0.3398058060169734,0.5550912779270141,24.8281463037949,41.81771643367222,17.443713418163103,21.395854324108093,0.5,19.4197838711356,median
Corlu,2010,7,0.43136933507178865,38.29386526826946,20,12,2010-07-01,0.24115679410704532,0.46871385428598,32.97320114614718,44.767587698768864,83.5889428414894,54.88816566776349,0.5,69.23855425462645,median
Corlu,2010,8,0.3176762171175913,39.73394471282314,14,10,2010-08-01,0.2114858986548909,0.38612769064926966,33.698988564166115,46.741763192392796,60.804643178488675,53.72950679070695,0.5,57.26707498459781,median
Corlu,2010,9,0.2992724042721546,36.980326689867894,14,10,2010-09-01,0.1993734068907274,0.34806656309858314,27.666430007419827,42.38830436288306,67.18466399474367,36.734301233920576,0.5,51.959482614332124,median
Corlu,2010,10,0.2759344701515837,23.218179327425627,13,7,2010-10-01,0.1847029231834753,0.3357082850914537,18.0578755063624,35.573697423261756,60.41609769042787,70.53918539737755,0.5,65.4776415439027,median
Corlu,2010,11,0.2628968475178717,20.499886797766788,10,4,2010-11-01,0.1802735544025179,0.3916224211582265,3.194579634730279,22.621228148470067,39.093322043148405,10.919749483308603,0.5,25.006535763228506,median
Corlu,2010,12,,,5,0,2010-12-01,0.0625685155391693,0.5036983592679913,-2.010565502441839,14.840898452834558,,,0.5,,median
Corlu,2011,1,0.4308703401808709,3.678954537833392,7,5,2011-01-01,0.0632624797163617,0.5457713693848678,0.1718234083315051,13.213034453185834,76.18675393049517,73.10732019105161,0.5,74.64703706077339,median
Corlu,2011,2,0.4580251362186643,13.576756580512363,11,6,2011-02-01,0.2044319401573952,0.5837306856107087,2.3623914020917023,16.633679969237065,66.85843259465327,21.42009373815197,0.5,44.139263166402614,median
Corlu,2011,3,0.4598003048825092,17.999851310076295,10,4,2011-03-01,0.2688143662807367,0.6472203578366255,7.715905140759137,23.739539738776436,50.47117193268987,35.82014051550044,0.5,43.145656224095156,median
Corlu,2011,4,0.415469033553647,10.856278290354153,9,2,2011-04-01,0.3408896718572628,0.6451298951583873,10.856278290354153,28.172210491533786,24.51331414602881,100.0,0.5,62.25665707301441,median
Corlu,2011,5,0.5829604214032962,30.98775785616802,15,12,2011-05-01,0.45141232508227275,0.6420504322443671,21.219416184917712,38.876294781871536,69.00409276995795,44.67684864223086,0.5,56.84047070609441,median
Corlu,2011,6,0.4100302049899392,35.62504263603699,16,14,2011-06-01,0.3398058060169734,0.5550912779270141,24.8281463037949,41.81771643367222,32.6192001484939,36.44985570732593,0.5,34.53452792790992,median
Corlu,2011,7,0.3554323346495431,40.30970753918806,15,12,2011-07-01,0.24115679410704532,0.46871385428598,32.97320114614718,44.767587698768864,50.218411352581036,37.7966258752974,0.5,44.00751861393922,median
Corlu,2011,8,0.31667807532438774,40.109450436401225,22,16,2011-08-01,0.2114858986548909,0.38612769064926966,33.698988564166115,46.741763192392796,60.2331065595586,50.85047426671139,0.5,55.54179041313499,median
Corlu,2011,9,0.2614012980509107,37.17807397909135,22,16,2011-09-01,0.1993734068907274,0.34806656309858314,27.666430007419827,42.38830436288306,41.715363868849174,35.39108036102898,0.5,38.553222114939075,median
Corlu,2011,10,0.2720627252459401,21.280767329399463,18,9,2011-10-01,0.1847029231834753,0.3357082850914537,18.0578755063624,35.573697423261756,57.85211926163341,81.60011081222743,0.5,69.72611503693042,median
Corlu,2011,11,0.2636985339959515,14.741748090342169,11,7,2011-11-01,0.1802735544025179,0.3916224211582265,3.194579634730279,22.621228148470067,39.47264107635924,40.56016174151201,0.5,40.01640140893562,median
Corlu,2011,12,0.3304900435264878,10.615274394338757,5,5,2011-12-01,0.0625685155391693,0.5036983592679913,-2.010565502441839,14.840898452834558,60.735298641916245,25.075708969324932,0.5,42.90550380562059,median
Corlu,2012,1,0.35777101633711605,1.6695697093716282,4,2,2012-01-01,0.0632624797163617,0.5457713693848678,0.1718234083315051,13.213034453185834,61.036914122574615,88.51528208623623,0.5,74.77609810440542,median
Corlu,2012,2,0.30248109717249383,2.3623914020917023,6,6,2012-02-01,0.2044319401573952,0.5837306856107087,2.3623914020917023,16.633679969237065,25.850113713905532,100.0,0.5,62.925056856952764,median
Corlu,2012,3,0.41555289891686975,23.739539738776436,8,6,2012-03-01,0.2688143662807367,0.6472203578366255,7.715905140759137,23.739539738776436,38.77806797740951,0.0,0.5,19.389033988704757,median
Corlu,2012,4,0.614153123093171,21.248970543231103,9,5,2012-04-01,0.3408896718572628,0.6451298951583873,10.856278290354153,28.172210491533786,89.81831799585663,39.98190722779016,0.5,64.9001126118234,median
Corlu,2012,5,0.6309273640172997,32.30017343897943,8,4,2012-05-01,0.45141232508227275,0.6420504322443671,21.219416184917712,38.876294781871536,94.16534899939506,37.2439630639281,0.5,65.70465603166159,median
Corlu,2012,6,0.44821177078965035,36.01793950845456,10,8,2012-06-01,0.3398058060169734,0.5550912779270141,24.8281463037949,41.81771643367222,50.354519425247396,34.13727881801055,0.5,42.24589912162897,median
Corlu,2012,7,0.3051072232201798,42.80603941094203,12,8,2012-07-01,0.24115679410704532,0.46871385428598,32.97320114614718,44.767587698768864,28.10303009840627,16.63120230183417,0.5,22.36711620012022,median
Corlu,2012,8,0.25733257338814497,42.18268816073925,10,6,2012-08-01,0.2114858986548909,0.38612769064926966,33.698988564166115,46.741763192392796,26.251834804082716,34.95479421830207,0.5,30.603314511192394,median
Corlu,2012,9,0.2518330960651637,37.18225191953871,8,4,2012-09-01,0.1993734068907274,0.34806656309858314,27.666430007419827,42.38830436288306,35.280500133512355,35.362701227051346,0.5,35.32160068028185,median
Corlu,2012,10,0.274039618564882,35.573697423261756,11,6,2012-10-01,0.1847029231834753,0.3357082850914537,18.0578755063624,35.573697423261756,59.161273647917135,0.0,0.5,29.580636823958567,median
Corlu,2012,11,0.3644051576647072,12.960928679389902,5,1,2012-11-01,0.1802735544025179,0.3916224211582265,3.194579634730279,22.621228148470067,87.12211524418588,49.72705128343561,0.5,68.42458326381075,median
Corlu,2012,12,0.3555222758164248,9.676363667429763,2,2,2012-12-01,0.0625685155391693,0.5036983592679913,-2.010565502441839,14.840898452834558,66.4098710259432,30.647395378297187,0.5,48.5286332021202,median
Corlu,2013,1,0.0632624797163617,6.007635982352989,4,1,2013-01-01,0.0632624797163617,0.5457713693848678,0.1718234083315051,13.213034453185834,0.0,55.25099199798534,0.5,27.62549599899267,median
Corlu,2013,2,0.4666858002189912,10.009305809638056,6,3,2013-02-01,0.2044319401573952,0.5837306856107087,2.3623914020917023,16.633679969237065,69.14176838316905,46.41749151404105,0.5,57.77962994860505,median
Corlu,2013,3,0.5998466250110238,13.52943809858383,2,2,2013-03-01,0.2688143662807367,0.6472203578366255,7.715905140759137,23.739539738776436,87.48071281038246,63.71901192414837,0.5,75.59986236726542,median
Corlu,2013,4,0.615233429105619,22.31684106830388,8,4,2013-04-01,0.3408896718572628,0.6451298951583873,10.856278290354153,28.172210491533786,90.1734012260509,33.814924632420386,0.5,61.99416292923564,median
Corlu,2013,5,0.540583492177573,33.80289761291809,19,14,2013-05-01,0.45141232508227275,0.6420504322443671,21.219416184917712,38.876294781871536,46.77510096104784,28.733261890517355,0.5,37.7541814257826,median
Corlu,2013,6,0.39350930988092964,34.4259713498211,22,16,2013-06-01,0.3398058060169734,0.5550912779270141,24.8281463037949,41.81771643367222,24.945252174933945,43.507546261292575,0.5,34.22639921811326,median
Corlu,2013,7,0.3611877822857959,41.794953230478924,24,16,2013-07-01,0.24115679410704532,0.46871385428598,32.97320114614718,44.767587698768864,52.74764407852991,25.203807379275492,0.5,38.9757257289027,median
Corlu,2013,8,0.28649295242829653,40.15113436971868,22,12,2013-08-01,0.2114858986548909,0.38612769064926966,33.698988564166115,46.741763192392796,42.949086193423796,50.530880204055066,0.5,46.73998319873943,median
Corlu,2013,9,0.2494752031318897,33.96320638516895,15,9,2013-09-01,0.1993734068907274,0.34806656309858314,27.666430007419827,42.38830436288306,33.694756045884056,57.22843283598318,0.5,45.46159444093362,median
Corlu,2013,10,0.2460253138942255,21.958808213973697,13,7,2013-10-01,0.1847029231834753,0.3357082850914537,18.0578755063624,35.573697423261756,40.609412762521394,77.72909129746485,0.5,59.16925202999312,median
Corlu,2013,11,0.3376838730100209,18.62999727534866,20,11,2013-11-01,0.1802735544025179,0.3916224211582265,3.194579634730279,22.621228148470067,74.47890354172023,20.545133507195274,0.5,47.51201852445775,median
Corlu,2013,12,0.425038402206053,9.368582493794465,19,7,2013-12-01,0.0625685155391693,0.5036983592679913,-2.010565502441839,14.840898452834558,82.168525167775,32.47383119688332,0.5,57.32117818232916,median
Corlu,2014,1,0.5334965800318975,12.406565593350548,17,7,2014-01-01,0.0632624797163617,0.5457713693848678,0.1718234083315051,13.213034453185834,97.45604907685673,6.184002828123042,0.5,51.820025952489885,median
Corlu,2014,2,0.5837306856107087,13.495280645721941,14,4,2014-02-01,0.2044319401573952,0.5837306856107087,2.3623914020917023,16.633679969237065,99.99999999999999,21.991001784801604,0.5,60.9955008924008,median
Corlu,2014,3,0.6350640521236115,21.03843976137965,13,6,2014-03-01,0.2688143662807367,0.6472203578366255,7.715905140759137,23.739539738776436,96.78749650262381,16.856974370415372,0.5,56.82223543651959,median
Corlu,2014,4,0.6395014716671126,20.302863952982214,14,8,2014-04-01,0.3408896718572628,0.6451298951583873,10.856278290354153,28.172210491533786,98.15000678404581,45.4456996431037,0.5,71.79785321357475,median
Corlu,2014,5,0.5389009747821698,28.923445705403456,21,11,2014-05-01,0.45141232508227275,0.6420504322443671,21.219416184917712,38.876294781871536,45.89252956939394,56.36811184840537,0.5,51.13032070889966,median
Corlu,2014,6,0.4581932100241971,34.306389973688866,20,12,2014-06-01,0.3398058060169734,0.5550912779270141,24.8281463037949,41.81771643367222,54.99089323439955,44.2113979492287,0.5,49.601145591814124,median
Corlu,2014,7,0.4262107789060915,37.68742746965141,22,13,2014-07-01,0.24115679410704532,0.46871385428598,32.97320114614718,44.767587698768864,81.32201420317739,60.029915057715826,0.5,70.6759646304466,median
Corlu,2014,8,0.37054487085114507,37.4643158787744,22,14,2014-08-01,0.2114858986548909,0.38612769064926966,33.698988564166115,46.741763192392796,91.07726757715236,71.13093324130966,0.5,81.10410040923101,median
Corlu,2014,9,0.34806656309858314,34.10064620258375,22,12,2014-09-01,0.1993734068907274,0.34806656309858314,27.666430007419827,42.38830436288306,100.0,56.294857300040704,0.5,78.14742865002034,median
Corlu,2014,10,0.2870169633410107,27.16973053586085,19,7,2014-10-01,0.1847029231834753,0.3357082850914537,18.0578755063624,35.573697423261756,67.75523654576243,47.97928939487969,0.5,57.867262970321065,median
Corlu,2014,11,0.2968302095290509,17.98343910765876,15,6,2014-11-01,0.1802735544025179,0.3916224211582265,3.194579634730279,22.621228148470067,55.14893782764265,23.873335833152897,0.5,39.511136830397774,median
Corlu,2014,12,0.5036983592679913,12.966172327486102,14,4,2014-12-01,0.0625685155391693,0.5036983592679913,-2.010565502441839,14.840898452834558,100.0,11.125004511916346,0.5,55.56250225595817,median
Corlu,2015,1,0.4156094828677392,7.370215029813403,17,10,2015-01-01,0.0632624797163617,0.5457713693848678,0.1718234083315051,13.213034453185834,73.0239402207589,44.802736519457156,0.5,58.91333837010803,median
Corlu,2015,2,0.4247136191467799,12.065745558129562,12,9,2015-02-01,0.2044319401573952,0.5837306856107087,2.3623914020917023,16.633679969237065,58.076036799467445,32.00786242682788,0.5,45.041949613147665,median
Corlu,2015,3,0.5090910983100756,18.347680865129078,21,6,2015-03-01,0.2688143662807367,0.6472203578366255,7.715905140759137,23.739539738776436,63.49707388125517,33.649412314447844,0.5,48.5732430978515,median
Corlu,2015,4,0.6030745674530152,19.81806154093832,19,9,2015-04-01,0.3408896718572628,0.6451298951583873,10.856278290354153,28.172210491533786,86.1769337239319,48.245447334486244,0.5,67.21119052920906,median
Corlu,2015,5,0.5744161505042205,32.98860421166854,22,11,2015-05-01,0.45141232508227275,0.6420504322443671,21.219416184917712,38.876294781871536,64.52216047097076,33.34502493106991,0.5,48.93359270102033,median
Corlu,2015,6,0.4358502143205885,33.6297492751222,21,15,2015-06-01,0.3398058060169734,0.5550912779270141,24.8281463037949,41.81771643367222,44.612582285045356,48.19408081521096,0.5,46.40333155012816,median
Corlu,2015,7,0.3774317223355133,40.25112442358393,24,16,2015-07-01,0.24115679410704532,0.46871385428598,32.97320114614718,44.767587698768864,59.88604709575308,38.29332924636935,0.5,49.08968817106121,median
Corlu,2015,8,0.2924220303616861,43.47711052009073,24,16,2015-08-01,0.2114858986548909,0.38612769064926966,33.698988564166115,46.741763192392796,46.344079949317255,25.030354087671075,0.5,35.68721701849417,median
Corlu,2015,9,0.2395291325258236,37.75822615776863,20,11,2015-09-01,0.1993734068907274,0.34806656309858314,27.666430007419827,42.38830436288306,27.00576587328819,31.450330938303544,0.5,29.228048405795867,median
Corlu,2015,10,0.28377435913068805,23.88274541233661,16,6,2015-10-01,0.1847029231834753,0.3357082850914537,18.0578755063624,35.573697423261756,65.6078927896522,66.7450951853173,0.5,66.17649398748475,median
Corlu,2015,11,0.32747874522540765,17.66631649491421,20,12,2015-11-01,0.1802735544025179,0.3916224211582265,3.194579634730279,22.621228148470067,69.65033363204144,25.505746140675896,0.5,47.57803988635867,median
Corlu,2015,12,0.4714098055253016,10.901924244636314,22,11,2015-12-01,0.0625685155391693,0.5036983592679913,-2.010565502441839,14.840898452834558,92.68048757033571,23.374670703104723,0.5,58.02757913672022,median
Corlu,2016,1,0.49617858583346924,6.908840682901852,19,12,2016-01-01,0.0632624797163617,0.5457713693848678,0.1718234083315051,13.213034453185834,89.72189225664424,48.34055478897743,0.5,69.03122352281083,median
Corlu,2016,2,,,14,0,2016-02-01,0.2044319401573952,0.5837306856107087,2.3623914020917023,16.633679969237065,,,0.5,,median
Corlu,2016,3,0.49820875144495014,21.40782825961461,19,6,2016-03-01,0.2688143662807367,0.6472203578366255,7.715905140759137,23.739539738776436,60.621234938964484,14.551701518769917,0.5,37.586468228867204,median
Corlu,2016,4,0.5947793787305932,26.268170119993872,19,12,2016-04-01,0.3408896718572628,0.6451298951583873,10.856278290354153,28.172210491533786,83.45040774639479,10.99588719462763,0.5,47.22314747051121,median
Corlu,2016,5,0.590343419184032,27.454215868534334,21,10,2016-05-01,0.45141232508227275,0.6420504322443671,21.219416184917712,38.876294781871536,72.87687449793548,64.68911733531286,0.5,68.78299591662417,median
Corlu,2016,6,0.4153095441968939,36.83167868331749,18,12,2016-06-01,0.3398058060169734,0.5550912779270141,24.8281463037949,41.81771643367222,35.07145071613126,29.347639241245062,0.5,32.20954497868816,median
Corlu,2016,7,0.34319384244700385,43.14497031314046,24,16,2016-07-01,0.24115679410704532,0.46871385428598,32.97320114614718,44.767587698768864,44.840203270214445,13.75753947345166,0.5,29.29887137183305,median
Corlu,2016,8,0.2701020046870404,43.222554650068545,24,16,2016-08-01,0.2114858986548909,0.38612769064926966,33.698988564166115,46.741763192392796,33.563619201775126,26.982054375976965,0.5,30.272836788876045,median
Corlu,2016,9,0.25019658993656313,38.372920232982395,20,12,2016-09-01,0.1993734068907274,0.34806656309858314,27.666430007419827,42.38830436288306,34.179907362239874,27.274951768696305,0.5,30.72742956546809,median
Corlu,2016,10,0.23827458934053294,26.964498926912675,20,12,2016-10-01,0.1847029231834753,0.3357082850914537,18.0578755063624,35.573697423261756,35.47666485492339,49.15098210745612,0.5,42.31382348118976,median
Corlu,2016,11,0.24953013455155595,20.57211893615607,23,12,2016-11-01,0.1802735544025179,0.3916224211582265,3.194579634730279,22.621228148470067,32.768843860937054,10.547929617734802,0.5,21.658386739335928,median
Corlu,2016,12,0.3044563581270678,7.185825721691241,19,8,2016-12-01,0.0625685155391693,0.5036983592679913,-2.010565502441839,14.840898452834558,54.833706226549346,45.426751951401954,0.5,50.13022908897565,median
Corlu,2017,1,0.2717708142893299,6.982095985337219,20,6,2017-01-01,0.0632624797163617,0.5457713693848678,0.1718234083315051,13.213034453185834,43.213366434806595,47.77883316524623,0.5,45.496099800026414,median
Corlu,2017,2,0.3466653040686234,15.981304288108308,15,7,2017-02-01,0.2044319401573952,0.5837306856107087,2.3623914020917023,16.633679969237065,37.49903357609053,4.57124581329413,0.5,21.035139694692333,median
Corlu,2017,3,0.46886956502030447,16.482820744012542,16,6,2017-03-01,0.2688143662807367,0.6472203578366255,7.715905140759137,23.739539738776436,52.867872920564096,45.28759658349805,0.5,49.07773475203108,median
Corlu,2017,4,0.6110846011504184,25.662905190167464,22,12,2017-04-01,0.3408896718572628,0.6451298951583873,10.856278290354153,28.172210491533786,88.80973277018923,14.491309345709826,0.5,51.650521057949526,median
Corlu,2017,5,0.6049818953830874,30.90176972856442,21,11,2017-05-01,0.45141232508227275,0.6420504322443671,21.219416184917712,38.876294781871536,80.55554714999279,45.16384370838278,0.5,62.85969542918778,median
Corlu,2017,6,0.5009978900216729,35.64919048282668,22,13,2017-06-01,0.3398058060169734,0.5550912779270141,24.8281463037949,41.81771643367222,74.87364687202646,36.30772234782893,0.5,55.59068460992769,median
Corlu,2017,7,0.42907217887900806,41.18782844945769,21,12,2017-07-01,0.24115679410704532,0.46871385428598,32.97320114614718,44.767587698768864,82.57945704879447,30.351381424881797,0.5,56.46541923683813,median
Corlu,2017,8,0.34813358130690136,38.00759752313945,22,16,2017-08-01,0.2114858986548909,0.38612769064926966,33.698988564166115,46.741763192392796,78.24454908044507,66.96554926550054,0.5,72.6050491729728,median
Corlu,2017,9,0.2853880491290023,42.38830436288306,24,16,2017-09-01,0.1993734068907274,0.34806656309858314,27.666430007419827,42.38830436288306,57.847075435022994,0.0,0.5,28.923537717511497,median
Corlu,2017,10,0.2956247243961506,29.191417570500505,23,14,2017-10-01,0.1847029231834753,0.3357082850914537,18.0578755063624,35.573697423261756,73.45553814193055,36.43722734246113,0.5,54.94638274219584,median
Corlu,2017,11,0.3455660085139166,16.888282250364387,21,14,2017-11-01,0.1802735544025179,0.3916224211582265,3.194579634730279,22.621228148470067,78.20834653561448,29.510730551649026,0.5,53.85953854363176,median
Corlu,2017,12,0.4836604127040063,12.793175302533797,21,13,2017-12-01,0.0625685155391693,0.5036983592679913,-2.010565502441839,14.840898452834558,95.45758536883234,12.151603894684738,0.5,53.80459463175854,median
Corlu,2018,1,0.5457713693848678,6.764425512381473,19,8,2018-01-01,0.0632624797163617,0.5457713693848678,0.1718234083315051,13.213034453185834,99.99999999999999,49.44793024685226,0.5,74.72396512342613,median
Corlu,2018,2,0.5396260606732828,13.478362133154546,13,7,2018-02-01,0.2044319401573952,0.5837306856107087,2.3623914020917023,16.633679969237065,88.37206147763159,22.109551083891134,0.5,55.24080628076136,median
Corlu,2018,3,0.6252732462764558,17.99516143647334,18,7,2018-03-01,0.2688143662807367,0.6472203578366255,7.715905140759137,23.739539738776436,94.20011520696859,35.84940899122777,0.5,65.02476209909818,median
Corlu,2018,4,0.5924259960229766,24.964065339495754,22,14,2018-04-01,0.3408896718572628,0.6451298951583873,10.856278290354153,28.172210491533786,82.6768799458688,18.527129320935313,0.5,50.60200463340206,median
Corlu,2018,5,0.5210154777997142,30.790624395179563,20,8,2018-05-01,0.45141232508227275,0.6420504322443671,21.219416184917712,38.876294781871536,36.51061886502044,45.79331699141272,0.5,41.15196792821658,median
Corlu,2018,6,0.38293787719211425,32.49633781060319,22,16,2018-06-01,0.3398058060169734,0.5550912779270141,24.8281463037949,41.81771643367222,20.034826684990634,54.86530001531204,0.5,37.45006335015134,median
Corlu,2018,7,0.46871385428598,38.007864322981746,24,16,2018-07-01,0.24115679410704532,0.46871385428598,32.97320114614718,44.767587698768864,100.0,57.313056051097064,0.5,78.65652802554854,median
Corlu,2018,8,0.38612769064926966,37.59527643260299,24,16,2018-08-01,0.2114858986548909,0.38612769064926966,33.698988564166115,46.741763192392796,100.0,70.12684816308432,0.5,85.06342408154217,median
Corlu,2018,9,0.3028029450925268,34.294969430085715,22,10,2018-09-01,0.1993734068907274,0.34806656309858314,27.666430007419827,42.38830436288306,69.55904416825811,54.97489475444368,0.5,62.2669694613509,median
Corlu,2018,10,0.3134419594811591,25.86036861717681,19,11,2018-10-01,0.1847029231834753,0.3357082850914537,18.0578755063624,35.573697423261756,85.25461259854897,55.45459900293617,0.5,70.35460580074258,median
Corlu,2018,11,0.3484549345432151,17.665029887490014,18,8,2018-11-01,0.1802735544025179,0.3916224211582265,3.194579634730279,22.621228148470067,79.5752457641955,25.51236904026295,0.5,52.54380740222923,median
Corlu,2018,12,0.4665124788909218,2.1434455133617387,11,4,2018-12-01,0.0625685155391693,0.5036983592679913,-2.010565502441839,14.840898452834558,91.57030953454851,75.34925732964045,0.5,83.45978343209448,median
Corlu,2019,1,0.4179014144886429,10.294686855618524,13,5,2019-01-01,0.0632624797163617,0.5457713693848678,0.1718234083315051,13.213034453185834,73.49894320411912,22.37788797014218,0.5,47.93841558713065,median
Corlu,2019,2,0.48212304481184914,14.176710696742818,18,10,2019-02-01,0.2044319401573952,0.5837306856107087,2.3623914020917023,16.633679969237065,73.21171187175305,17.216169800886494,0.5,45.21394083631977,median
Corlu,2019,3,0.5266493105780845,20.392510563171907,22,13,2019-03-01,0.2688143662807367,0.6472203578366255,7.715905140759137,23.739539738776436,68.13711993227433,20.888077265682764,0.5,44.51259859897855,median
Corlu,2019,4,0.5689596307851434,21.698797218792865,15,11,2019-04-01,0.3408896718572628,0.6451298951583873,10.856278290354153,28.172210491533786,74.9637758128209,37.3841454074296,0.5,56.17396061012525,median
Corlu,2019,5,0.6279790771277994,27.971525884989816,24,14,2019-05-01,0.45141232508227275,0.6420504322443671,21.219416184917712,38.876294781871536,92.61881303479207,61.75932420333352,0.5,77.1890686190628,median
Corlu,2019,6,0.4351106347802214,35.8225954993333,23,15,2019-06-01,0.3398058060169734,0.5550912779270141,24.8281463037949,41.81771643367222,44.269047937926864,35.2870666444708,0.5,39.778057291198834,median
Corlu,2019,7,0.368961924805632,43.165437667286,22,14,2019-07-01,0.24115679410704532,0.46871385428598,32.97320114614718,44.767587698768864,56.163992713779045,13.58400476646015,0.5,34.873998740119596,median
Corlu,2019,8,0.2804298447046045,42.06357200551301,22,14,2019-08-01,0.2114858986548909,0.38612769064926966,33.698988564166115,46.741763192392796,39.477346895256744,35.8680673417098,0.5,37.672707118483274,median
Corlu,2019,9,0.2633833554311745,37.05995966384162,19,13,2019-09-01,0.1993734068907274,0.34806656309858314,27.666430007419827,42.38830436288306,43.048348809657824,36.19338523334235,0.5,39.62086702150009,median
Corlu,2019,10,0.25680567654252007,29.00197097159228,23,12,2019-10-01,0.1847029231834753,0.3357082850914537,18.0578755063624,35.573697423261756,47.74847227145728,37.51880147473434,0.5,42.63363687309581,median
Corlu,2019,11,0.2927689989358658,22.56177334014445,22,11,2019-11-01,0.1802735544025179,0.3916224211582265,3.194579634730279,22.621228148470067,53.22737058409581,0.3060476864219181,0.5,26.766709135258864,median
Corlu,2019,12,0.382057433705349,12.700806005597917,17,9,2019-12-01,0.0625685155391693,0.5036983592679913,-2.010565502441839,14.840898452834558,72.42514255339766,12.699742010049832,0.5,42.56244228172375,median
Corlu,2020,1,0.4290041481986713,8.237052608787147,19,9,2020-01-01,0.0632624797163617,0.5457713693848678,0.1718234083315051,13.213034453185834,75.79998551603514,38.15582638210629,0.5,56.97790594907072,median
Corlu,2020,2,0.5105507949976216,10.04472987825919,16,6,2020-02-01,0.2044319401573952,0.5837306856107087,2.3623914020917023,16.633679969237065,80.70652974988693,46.16927238193909,0.5,63.43790106591301,median
Corlu,2020,3,0.5517568222026087,15.653921645830533,18,11,2020-03-01,0.2688143662807367,0.6472203578366255,7.715905140759137,23.739539738776436,74.7721923636832,50.46057461860985,0.5,62.61638349114652,median
Corlu,2020,4,0.5984222078500477,26.93657203211621,21,12,2020-04-01,0.3408896718572628,0.6451298951583873,10.856278290354153,28.172210491533786,84.64776064073875,7.135847178550392,0.5,45.89180390964457,median
Corlu,2020,5,0.5858381136150435,27.30624167484296,21,13,2020-05-01,0.45141232508227275,0.6420504322443671,21.219416184917712,38.876294781871536,70.51359800717711,65.52717142782332,0.5,68.0203847175002,median
Corlu,2020,6,0.4963118076966085,33.27315356450655,22,13,2020-06-01,0.3398058060169734,0.5550912779270141,24.8281463037949,41.81771643367222,72.69696384576883,50.29299036907043,0.5,61.49497710741963,median
Corlu,2020,7,0.423863174609754,37.88055143403598,22,14,2020-07-01,0.24115679410704532,0.46871385428598,32.97320114614718,44.767587698768864,80.29035898031086,58.3924923437584,0.5,69.34142566203462,median
Corlu,2020,8,0.291645095594459,40.04184937578352,22,15,2020-08-01,0.2114858986548909,0.38612769064926966,33.698988564166115,46.741763192392796,45.899206612669325,51.368777024710475,0.5,48.6339918186899,median
Corlu,2020,9,0.2581319915490744,36.032447485966074,24,14,2020-09-01,0.1993734068907274,0.34806656309858314,27.666430007419827,42.38830436288306,39.51667054279844,43.17287815024961,0.5,41.34477434652402,median
Corlu,2020,10,0.2383147545379101,28.589230259977374,23,11,2020-10-01,0.1847029231834753,0.3357082850914537,18.0578755063624,35.573697423261756,35.503263378889464,39.87518939402857,0.5,37.68922638645901,median
Corlu,2020,11,0.33100489647744263,13.463605090942217,16,8,2020-11-01,0.1802735544025179,0.3916224211582265,3.194579634730279,22.621228148470067,71.31873683011051,47.13949012384192,0.5,59.22911347697621,median
Corlu,2020,12,0.487756458009454,13.169572372765158,11,5,2020-12-01,0.0625685155391693,0.5036983592679913,-2.010565502441839,14.840898452834558,96.38612043932865,9.91798744907316,0.5,53.1520539442009,median
Corlu,2021,1,0.5115644674372297,10.6188916676842,14,4,2021-01-01,0.0632624797163617,0.5457713693848678,0.1718234083315051,13.213034453185834,92.9106172590646,19.89188562764043,0.5,56.401251443352514,median
Corlu,2021,2,0.5434850385962406,15.415621266049929,19,10,2021-02-01,0.2044319401573952,0.5837306856107087,2.3623914020917023,16.633679969237065,89.3894594967961,8.53502959775678,0.5,48.96224454727644,median
Corlu,2021,3,0.5572914061460055,19.007166356352577,17,7,2021-03-01,0.2688143662807367,0.6472203578366255,7.715905140759137,23.739539738776436,76.2347970969329,29.53370755851749,0.5,52.88425232772519,median
Corlu,2021,4,0.616997289149975,20.002725935605348,20,12,2021-04-01,0.3408896718572628,0.6451298951583873,10.856278290354153,28.172210491533786,90.75316021558143,47.17900521331389,0.5,68.96608271444767,median
Corlu,2021,5,0.5986819670075058,29.319007059474337,21,11,2021-05-01,0.45141232508227275,0.6420504322443671,21.219416184917712,38.876294781871536,77.25089391493678,54.127844114225425,0.5,65.6893690145811,median
Corlu,2021,6,0.4602448194579475,33.97755553656036,21,15,2021-06-01,0.3398058060169734,0.5550912779270141,24.8281463037949,41.81771643367222,55.94386484718337,46.146905643741974,0.5,51.04538524546267,median
Corlu,2021,7,0.44039177114260897,39.67247676650612,24,16,2021-07-01,0.24115679410704532,0.46871385428598,32.97320114614718,44.767587698768864,87.55385435147538,43.19945687323763,0.5,65.3766556123565,median
Corlu,2021,8,0.33633233610590396,40.28124108356488,24,16,2021-08-01,0.2114858986548909,0.38612769064926966,33.698988564166115,46.741763192392796,71.48714865169931,49.533341585511245,0.5,60.51024511860528,median
Corlu,2021,9,0.26628653393433366,29.923538442399526,23,14,2021-09-01,0.1993734068907274,0.34806656309858314,27.666430007419827,42.38830436288306,45.00081157068822,84.66833515569236,0.5,64.83457336319029,median
Corlu,2021,10,0.2346903513960869,23.15664131223992,17,5,2021-10-01,0.1847029231834753,0.3357082850914537,18.0578755063624,35.573697423261756,33.10308162638198,70.8905135592969,0.5,51.99679759283944,median
Corlu,2021,11,0.2658448630780696,16.875005991150054,18,7,2021-11-01,0.1802735544025179,0.3916224211582265,3.194579634730279,22.621228148470067,40.48817956259062,29.579071002679182,0.5,35.0336252826349,median
Corlu,2021,12,0.37249967415997176,12.743914274664391,29,10,2021-12-01,0.0625685155391693,0.5036983592679913,-2.010565502441839,14.840898452834558,70.25848806804557,12.443928810787838,0.5,41.3512084394167,median
Corlu,2022,1,0.3765096239541489,6.896700504545624,26,12,2022-01-01,0.0632624797163617,0.5457713693848678,0.1718234083315051,13.213034453185834,64.92049181788022,48.43364567075576,0.5,56.67706874431799,median
Corlu,2022,2,0.3937947007368371,8.655424306390223,28,13,2022-02-01,0.2044319401573952,0.5837306856107087,2.3623914020917023,16.633679969237065,49.924436304983736,55.90424176001862,0.5,52.914339032501175,median
Corlu,2022,3,0.44523707529521234,12.78189791163297,23,12,2022-03-01,0.2688143662807367,0.6472203578366255,7.715905140759137,23.739539738776436,46.62259925882248,68.3842467831819,0.5,57.50342302100219,median
Corlu,2022,4,0.5305154212720735,26.79756665844299,20,12,2022-04-01,0.3408896718572628,0.6451298951583873,10.856278290354153,28.172210491533786,62.32763944139199,7.938607157385097,0.5,35.133123299388544,median
Corlu,2022,5,0.5806154546726501,31.037078703585998,28,18,2022-05-01,0.45141232508227275,0.6420504322443671,21.219416184917712,38.876294781871536,67.77403086599023,44.39751927409166,0.5,56.08577507004094,median
Corlu,2022,6,0.46480423910155244,34.68330342181455,32,20,2022-06-01,0.3398058060169734,0.5550912779270141,24.8281463037949,41.81771643367222,58.061713117739295,41.99289892162319,0.5,50.02730601968124,median
Corlu,2022,7,0.3957457974664017,39.91179751295931,36,24,2022-07-01,0.24115679410704532,0.46871385428598,32.97320114614718,44.767587698768864,67.9341714283875,41.17034967562767,0.5,54.55226055200758,median
Corlu,2022,8,0.2978097975910556,36.84768738922783,33,19,2022-08-01,0.2114858986548909,0.38612769064926966,33.698988564166115,46.741763192392796,49.42911885543593,75.85867336657479,0.5,62.64389611100536,median
Corlu,2022,9,0.2858936487022194,34.01620099352963,30,21,2022-09-01,0.1993734068907274,0.34806656309858314,27.666430007419827,42.38830436288306,58.18710424745222,56.86846095277654,0.5,57.52778260011438,median
Corlu,2022,10,0.2541524608470383,29.587655896698024,33,18,2022-10-01,0.1847029231834753,0.3357082850914537,18.0578755063624,35.573697423261756,45.99143817547689,34.17505358848372,0.5,40.083245881980304,median
Corlu,2022,11,0.2341743081847516,20.257646170795805,32,17,2022-11-01,0.1802735544025179,0.3916224211582265,3.194579634730279,22.621228148470067,25.503214003288626,12.166699654871413,0.5,18.83495682908002,median
Corlu,2022,12,0.37112045699237506,10.98320059813113,18,10,2022-12-01,0.0625685155391693,0.5036983592679913,-2.010565502441839,14.840898452834558,69.94583246625305,22.892360360747983,0.5,46.41909641350052,median
Corlu,2023,1,0.44103294350180666,13.213034453185834,19,8,2023-01-01,0.0632624797163617,0.5457713693848678,0.1718234083315051,13.213034453185834,78.29295415572163,0.0,0.5,39.146477077860816,median
Corlu,2023,2,0.43882630898153174,13.762215333767823,18,12,2023-02-01,0.2044319401573952,0.5837306856107087,2.3623914020917023,16.633679969237065,61.79676880924123,20.120570206111463,0.5,40.95866950767635,median
Corlu,2023,3,0.5365898110033747,21.402950743779023,16,5,2023-03-01,0.2688143662807367,0.6472203578366255,7.715905140759137,23.739539738776436,70.76406047949398,14.58214102864361,0.5,42.67310075406879,median
Corlu,2023,4,0.625996509291237,21.67051120632651,17,10,2023-04-01,0.3408896718572628,0.6451298951583873,10.856278290354153,28.172210491533786,93.71109261637214,37.54749793236285,0.5,65.6292952743675,median
Corlu,2023,5,0.6030396703904916,27.459934465086963,21,13,2023-05-01,0.45141232508227275,0.6420504322443671,21.219416184917712,38.876294781871536,79.53674507442221,64.6567299769175,0.5,72.09673752566985,median
Corlu,2023,6,0.3878208887259687,37.490642373979334,20,12,2023-06-01,0.3398058060169734,0.5550912779270141,24.8281463037949,41.81771643367222,22.3029832357006,25.469002609332815,0.5,23.885992922516706,median
Corlu,2023,7,0.3709846975587545,42.555070329317886,22,16,2023-07-01,0.24115679410704532,0.46871385428598,32.97320114614718,44.767587698768864,57.05290064374261,18.75907118678568,0.5,37.90598591526415,median
Corlu,2023,8,0.2826098335479464,43.66063484413401,24,15,2023-08-01,0.2114858986548909,0.38612769064926966,33.698988564166115,46.741763192392796,40.725609878845475,23.62325836398894,0.5,32.17443412141721,median
Corlu,2023,9,0.24803477735356616,36.81408446698852,23,14,2023-09-01,0.1993734068907274,0.34806656309858314,27.666430007419827,42.38830436288306,32.72603239036491,37.86352037317837,0.5,35.29477638177164,median
Corlu,2023,10,0.2269913202601227,32.56293163390107,24,15,2023-10-01,0.1847029231834753,0.3357082850914537,18.0578755063624,35.573697423261756,28.004566554674827,17.188835349232914,0.5,22.59670095195387,median
Corlu,2023,11,0.273337264968952,18.79724773576949,20,10,2023-11-01,0.1802735544025179,0.3916224211582265,3.194579634730279,22.621228148470067,44.03321957434646,19.684200339528513,0.5,31.85870995693749,median
Corlu,2023,12,0.4373606191963485,11.666781851126778,13,5,2023-12-01,0.0625685155391693,0.5036983592679913,-2.010565502441839,14.840898452834558,84.96185623922035,18.83585076128609,0.5,51.898853500253225,median
Corlu,2024,1,0.4711774303844576,10.52653919198327,13,5,2024-01-01,0.0632624797163617,0.5457713693848678,0.1718234083315051,13.213034453185834,84.54040109983096,20.600044366758215,0.5,52.570222733294585,median
Corlu,2024,2,0.4815791406452295,11.31683622864271,21,7,2024-02-01,0.2044319401573952,0.5837306856107087,2.3623914020917023,16.633679969237065,73.06831456998513,37.25552682631982,0.5,55.16192069815248,median
Corlu,2024,3,0.6472203578366255,20.12239985576497,18,7,2024-03-01,0.2688143662807367,0.6472203578366255,7.715905140759137,23.739539738776436,100.0,22.573779131602482,0.5,61.28688956580124,median
Corlu,2024,4,0.6451298951583873,28.172210491533786,19,8,2024-04-01,0.3408896718572628,0.6451298951583873,10.856278290354153,28.172210491533786,100.0,0.0,0.5,50.0,median
Corlu,2024,5,0.5609630767042899,29.53447722409373,19,9,2024-05-01,0.45141232508227275,0.6420504322443671,21.219416184917712,38.876294781871536,57.46529550299677,52.90752556564251,0.5,55.186410534319634,median
Corlu,2024,6,0.39256182579501714,41.204560262398815,22,16,2024-06-01,0.3398058060169734,0.5550912779270141,24.8281463037949,41.81771643367222,24.505146264625044,3.609015216901372,0.5,14.057080740763208,median
Corlu,2024,7,0.3200977769723232,43.83372989168099,24,16,2024-07-01,0.24115679410704532,0.46871385428598,32.97320114614718,44.767587698768864,34.69063223228685,7.917815843336892,0.5,21.30422403781187,median
Corlu,2024,8,0.2676451783073852,45.05036489027416,24,14,2024-08-01,0.2114858986548909,0.38612769064926966,33.698988564166115,46.741763192392796,32.15683887067646,12.968086548533737,0.5,22.5624627096051,median
Corlu,2024,9,0.2513354138450389,40.40071037659867,22,13,2024-09-01,0.1993734068907274,0.34806656309858314,27.666430007419827,42.38830436288306,34.94579594616623,13.50095740728018,0.5,24.223376676723205,median
Corlu,2024,10,0.24773671897057464,27.910075697052733,22,14,2024-10-01,0.1847029231834753,0.3357082850914537,18.0578755063624,35.573697423261756,41.74275336362671,43.75256703663515,0.5,42.74766020013093,median
Corlu,2024,11,0.2479623898549317,20.529275456645625,16,10,2024-11-01,0.1802735544025179,0.3916224211582265,3.194579634730279,22.621228148470067,32.02706335333851,10.76846935458207,0.5,21.397766353960293,median
Corlu,2024,12,0.3708636834019115,10.87040996559278,11,5,2024-12-01,0.0625685155391693,0.5036983592679913,-2.010565502441839,14.840898452834558,69.88762430053633,23.561682817465666,0.5,46.724653559001,median
Edirne,1985,1,,,3,0,1985-01-01,0.0804361668215798,0.4997658631957474,-6.942285549142835,14.54600131149539,,,0.5,,median
Edirne,1985,2,0.2431914569507526,3.9281572364748674,4,1,1985-02-01,0.16567858107677053,0.5332797112639621,-0.43709362442281174,16.528278066350694,21.0861364421025,74.26964206583409,0.5,47.677889253968296,median
Edirne,1985,3,0.2325318200361741,6.789025151642869,7,1,1985-03-01,0.20377400855741185,0.6389867659953827,-27.739797537950714,25.350341591394667,6.607759305599165,34.96189074684888,0.5,20.784825026224024,median
Edirne,1985,4,0.3623488404289342,22.610336715228584,2,1,1985-04-01,0.2755026676106777,0.6798520135696209,15.723635193324617,31.30376931327024,21.47800501872821,55.79818845662156,0.5,38.638096737674886,median
Edirne,1985,5,0.48555958626823664,29.45555976559856,7,2,1985-05-01,0.42835692932455594,0.7104391864572026,21.789088380894995,37.95106456459813,20.278714983757972,52.564764991832966,0.5,36.42173998779547,median
Edirne,1985,6,0.3952913622279526,32.895808698982805,5,2,1985-06-01,0.32570176457785815,0.543975793256036,27.434696048485225,44.3577027483714,31.881758022937763,67.72965497594284,0.5,49.8057064994403,median
Edirne,1985,7,0.3249957652429943,40.92613706214316,10,3,1985-07-01,0.24145036974843187,0.5612946498717422,31.965500733772664,46.739004736987454,26.120647041852045,39.34657393113632,0.5,32.733610486494186,median
Edirne,1985,8,,,2,0,1985-08-01,0.22902161447884106,0.4581346810583013,33.579157128574245,46.14653160875334,,,0.5,,median
Edirne,1985,9,0.2455865980006287,33.14489941793622,4,2,1985-09-01,0.21934476573160666,0.3740988588743695,24.89643242742357,42.532933610188266,16.957116762536025,53.23070656115464,0.5,35.09391166184533,median
Edirne,1985,10,0.2464545994549848,26.861066155884863,2,1,1985-10-01,0.2152552748781966,0.3871591272349366,16.775228355909373,32.14921296752098,18.14928760993816,34.39672241926212,0.5,26.273005014600137,median
Edirne,1985,11,0.2118322858049535,17.21248935427546,1,1,1985-11-01,0.1360170943037856,0.4577540607226559,5.922846706738183,20.502005845352343,23.564339635894953,22.563142769765896,0.5,23.063741202830425,median
Edirne,1985,12,,,2,0,1985-12-01,-0.0706582638667896,0.48817755407240776,-9.239650185571737,12.559379713950367,,,0.5,,median
Edirne,1986,1,,,1,0,1986-01-01,0.0804361668215798,0.4997658631957474,-6.942285549142835,14.54600131149539,,,0.5,,median
Edirne,1986,2,,,4,0,1986-02-01,0.16567858107677053,0.5332797112639621,-0.43709362442281174,16.528278066350694,,,0.5,,median
Edirne,1986,3,,,3,0,1986-03-01,0.20377400855741185,0.6389867659953827,-27.739797537950714,25.350341591394667,,,0.5,,median
Edirne,1986,4,0.5454126337918686,27.46975416373968,8,4,1986-04-01,0.2755026676106777,0.6798520135696209,15.723635193324617,31.30376931327024,66.75167621233075,24.608357797268706,0.5,45.68001700479973,median
Edirne,1986,5,0.562495712704824,32.16731335707885,12,4,1986-05-01,0.42835692932455594,0.7104391864572026,21.789088380894995,37.95106456459813,47.55307361185447,35.78616341082908,0.5,41.66961851134178,median
Edirne,1986,6,0.3482174165309722,34.281968160823894,6,1,1986-06-01,0.32570176457785815,0.543975793256036,27.434696048485225,44.3577027483714,10.315314235717446,59.5386787125439,0.5,34.926996474130675,median
Edirne,1986,7,0.3261679481670588,38.066703746971335,8,3,1986-07-01,0.24145036974843187,0.5612946498717422,31.965500733772664,46.739004736987454,26.48713254648968,58.70172024273308,0.5,42.59442639461138,median
Edirne,1986,8,0.27332985185770553,40.924152988928554,12,4,1986-08-01,0.22902161447884106,0.4581346810583013,33.579157128574245,46.14653160875334,19.33902681342604,41.555048972729935,0.5,30.44703789307799,median
Edirne,1986,9,0.23871182787644102,32.16479434939868,12,4,1986-09-01,0.21934476573160666,0.3740988588743695,24.89643242742357,42.532933610188266,12.514733375722715,58.78796000037619,0.5,35.65134668804945,median
Edirne,1986,10,0.2152552748781966,26.689664381300148,8,1,1986-10-01,0.2152552748781966,0.3871591272349366,16.775228355909373,32.14921296752098,0.0,35.51160433774186,0.5,17.75580216887093,median
Edirne,1986,11,0.2338726348303829,11.750215682910255,6,1,1986-11-01,0.1360170943037856,0.4577540607226559,5.922846706738183,20.502005845352343,30.414764462967824,60.02945766098552,0.5,45.222111061976676,median
Edirne,1986,12,0.2858549012550563,5.629962483077836,6,1,1986-12-01,-0.0706582638667896,0.48817755407240776,-9.239650185571737,12.559379713950367,63.7956898390209,31.7877321275863,0.5,47.7917109833036,median
Edirne,1987,1,0.0867914235956221,-0.9103121416608428,7,1,1987-01-01,0.0804361668215798,0.4997658631957474,-6.942285549142835,14.54600131149539,1.5155751736627578,71.92901674013284,0.5,36.722295956897796,median
Edirne,1987,2,0.2602112499722444,2.4748280237279405,8,2,1987-02-01,0.16567858107677053,0.5332797112639621,-0.43709362442281174,16.528278066350694,25.716098546088656,82.83608693504559,0.5,54.27609274056712,median
Edirne,1987,3,0.27116319097620656,13.724855550549275,4,2,1987-03-01,0.20377400855741185,0.6389867659953827,-27.739797537950714,25.350341591394667,15.484192792395204,21.897637172360408,0.5,18.690914982377805,median
Edirne,1987,4,0.5397991966803273,22.478083765907158,8,2,1987-04-01,0.2755026676106777,0.6798520135696209,15.723635193324617,31.30376931327024,65.36341203739346,56.64704475210182,0.5,61.00522839474764,median
Edirne,1987,5,0.6161168236779715,29.164535950639007,11,2,1987-05-01,0.42835692932455594,0.7104391864572026,21.789088380894995,37.95106456459813,66.56210718886979,54.365434734515844,0.5,60.463770961692816,median
Edirne,1987,6,0.4360283532058504,30.25867205359528,11,4,1987-06-01,0.32570176457785815,0.543975793256036,27.434696048485225,44.3577027483714,50.544991218656286,83.31279981630541,0.5,66.92889551748085,median
Edirne,1987,7,0.3770946546738321,38.5127792511326,10,4,1987-07-01,0.24145036974843187,0.5612946498717422,31.965500733772664,46.739004736987454,42.40947653436383,55.68229097216737,0.5,49.0458837532656,median
Edirne,1987,8,0.3144925911625097,37.79852825849945,12,3,1987-08-01,0.22902161447884106,0.4581346810583013,33.579157128574245,46.14653160875334,37.30515153924051,66.42599345965318,0.5,51.86557249944685,median
Edirne,1987,9,0.2791540618613087,34.73048619302362,10,3,1987-09-01,0.21934476573160666,0.3740988588743695,24.89643242742357,42.532933610188266,38.64795748861203,44.240336199957845,0.5,41.44414684428494,median
Edirne,1987,10,0.3107828448725907,18.4170159722164,9,3,1987-10-01,0.2152552748781966,0.3871591272349366,16.775228355909373,32.14921296752098,55.570348590066764,89.32100130328591,0.5,72.44567494667633,median
Edirne,1987,11,0.22299392241166172,13.177266801128717,7,2,1987-11-01,0.1360170943037856,0.4577540607226559,5.922846706738183,20.502005845352343,27.033520293294714,50.2411625703668,0.5,38.637341431830755,median
Edirne,1987,12,,,4,0,1987-12-01,-0.0706582638667896,0.48817755407240776,-9.239650185571737,12.559379713950367,,,0.5,,median
Edirne,1988,1,0.3739276681568547,4.577447627523954,3,1,1988-01-01,0.0804361668215798,0.4997658631957474,-6.942285549142835,14.54600131149539,69.9906312080966,46.39063946149944,0.5,58.19063533479802,median
Edirne,1988,2,0.4113240355334882,7.636037891031522,4,1,1988-02-01,0.16567858107677053,0.5332797112639621,-0.43709362442281174,16.528278066350694,66.82391164891928,52.41406046031489,0.5,59.61898605461708,median
Edirne,1988,3,,,6,0,1988-03-01,0.20377400855741185,0.6389867659953827,-27.739797537950714,25.350341591394667,,,0.5,,median
Edirne,1988,4,0.5846097622673794,18.250912857109036,6,2,1988-04-01,0.2755026676106777,0.6798520135696209,15.723635193324617,31.30376931327024,76.44555326870437,83.77884526328302,0.5,80.1121992659937,median
Edirne,1988,5,0.5859724505036117,33.84838275933311,11,3,1988-05-01,0.42835692932455594,0.7104391864572026,21.789088380894995,37.95106456459813,55.87573028563028,25.38477818945147,0.5,40.630254237540875,median
Edirne,1988,6,0.3938499822838132,33.57494728857379,11,3,1988-06-01,0.32570176457785815,0.543975793256036,27.434696048485225,44.3577027483714,31.22140463464503,63.716546657575556,0.5,47.468975646110295,median
Edirne,1988,7,0.3464264478282897,41.85564292444644,10,3,1988-07-01,0.24145036974843187,0.5612946498717422,31.965500733772664,46.739004736987454,32.820995904440174,33.05486505759478,0.5,32.937930481017474,median
Edirne,1988,8,0.3044599025494981,36.5641269713453,10,3,1988-08-01,0.22902161447884106,0.4581346810583013,33.579157128574245,46.14653160875334,32.9262268612226,76.24826213718015,0.5,54.587244499201375,median
Edirne,1988,9,0.2418691880267388,33.98756410638697,11,3,1988-09-01,0.21934476573160666,0.3740988588743695,24.89643242742357,42.532933610188266,14.554976761973613,48.45274816839677,0.5,31.50386246518519,median
Edirne,1988,10,0.22658697642263054,22.604340003090158,9,2,1988-10-01,0.2152552748781966,0.3871591272349366,16.775228355909373,32.14921296752098,6.59188342150591,62.084574725161396,0.5,34.33822907333365,median
Edirne,1988,11,0.2115750801628751,5.922846706738183,4,1,1988-11-01,0.1360170943037856,0.4577540607226559,5.922846706738183,20.502005845352343,23.484396804040333,100.0,0.5,61.742198402020165,median
Edirne,1988,12,0.222220896976175,1.4942645170950677,4,1,1988-12-01,-0.0706582638667896,0.48817755407240776,-9.239650185571737,12.559379713950367,52.40880262883052,50.75966796622394,0.5,51.58423529752723,median
Edirne,1989,1,0.2240971445733427,2.264041944411105,9,3,1989-01-01,0.0804361668215798,0.4997658631957474,-6.942285549142835,14.54600131149539,34.25967180334738,57.15653112199516,0.5,45.708101462671266,median
Edirne,1989,2,0.1900770452298498,9.109290695731461,10,2,1989-02-01,0.16567858107677053,0.5332797112639621,-0.43709362442281174,16.528278066350694,6.637211409185542,43.7301787773621,0.5,25.18369509327382,median
Edirne,1989,3,0.2614622904228122,16.352627968943363,7,3,1989-03-01,0.20377400855741185,0.6389867659953827,-27.739797537950714,25.350341591394667,13.255190910533555,16.947994053151483,0.5,15.10159248184252,median
Edirne,1989,4,0.5347095380427449,26.65306200797149,11,3,1989-04-01,0.2755026676106777,0.6798520135696209,15.723635193324617,31.30376931327024,64.10468398739206,29.850239218062544,0.5,46.9774616027273,median
Edirne,1989,5,0.5292800028783441,29.76151127166388,6,1,1989-05-01,0.42835692932455594,0.7104391864572026,21.789088380894995,37.95106456459813,35.777887833026654,50.671732217945916,0.5,43.224810025486285,median
Edirne,1989,6,0.4649883131605457,28.359424191014902,10,3,1989-06-01,0.32570176457785815,0.543975793256036,27.434696048485225,44.3577027483714,63.81269884748907,94.53567466509426,0.5,79.17418675629166,median
Edirne,1989,7,0.4089226050073188,34.55883627118432,8,3,1989-07-01,0.24145036974843187,0.5612946498717422,31.965500733772664,46.739004736987454,52.360553452549155,82.44603624944136,0.5,67.40329485099525,median
Edirne,1989,8,0.3096143195441963,36.57158151952611,11,4,1989-08-01,0.22902161447884106,0.4581346810583013,33.579157128574245,46.14653160875334,35.17595319575733,76.18894546612394,0.5,55.682449330940635,median
Edirne,1989,9,0.26947108934622543,33.190397721717474,12,4,1989-09-01,0.21934476573160666,0.3740988588743695,24.89643242742357,42.532933610188266,32.390951732938355,52.97272850014493,0.5,42.68184011654164,median
Edirne,1989,10,0.2731229588797912,22.697541232444145,6,3,1989-10-01,0.2152552748781966,0.3871591272349366,16.775228355909373,32.14921296752098,33.662819772942534,61.47834783142824,0.5,47.57058380218538,median
Edirne,1989,11,0.3047668636964003,11.201826757877994,5,1,1989-11-01,0.1360170943037856,0.4577540607226559,5.922846706738183,20.502005845352343,52.44960542486091,63.79091550514751,0.5,58.12026046500421,median
Edirne,1989,12,0.2015840493814465,11.646165475375293,3,1,1989-12-01,-0.0706582638667896,0.48817755407240776,-9.239650185571737,12.559379713950367,48.71597426453018,4.189242561638463,0.5,26.452608413084324,median
Edirne,1990,1,,,2,0,1990-01-01,0.0804361668215798,0.4997658631957474,-6.942285549142835,14.54600131149539,,,0.5,,median
Edirne,1990,2,0.3269446630977957,11.227727414281203,7,2,1990-02-01,0.16567858107677053,0.5332797112639621,-0.43709362442281174,16.528278066350694,43.86985479040951,31.24335115482414,0.5,37.55660297261683,median
Edirne,1990,3,0.3372838394940176,8.446242529173103,10,3,1990-03-01,0.20377400855741185,0.6389867659953827,-27.739797537950714,25.350341591394667,30.676911155490277,31.840374388617647,0.5,31.25864277205396,median
Edirne,1990,4,0.5080146212821349,22.273799385431023,4,1,1990-04-01,0.2755026676106777,0.6798520135696209,15.723635193324617,31.30376931327024,57.50274014170559,57.958229745141196,0.5,57.73048494342339,median
Edirne,1990,5,0.5873475608442023,26.131699425202576,12,4,1990-05-01,0.42835692932455594,0.7104391864572026,21.789088380894995,37.95106456459813,56.363215870356,73.13069271388707,0.5,64.74695429212153,median
Edirne,1990,6,0.4049302314637045,34.186535499858344,10,3,1990-06-01,0.32570176457785815,0.543975793256036,27.434696048485225,44.3577027483714,36.29770677053861,60.102601321912076,0.5,48.20015404622534,median
Edirne,1990,7,0.2999270088824356,39.878877449483866,12,4,1990-07-01,0.24145036974843187,0.5612946498717422,31.965500733772664,46.739004736987454,18.282846612563812,46.435343206397,0.5,32.359094909480405,median
Edirne,1990,8,0.261622079146248,38.02019898415129,10,4,1990-08-01,0.22902161447884106,0.4581346810583013,33.579157128574245,46.14653160875334,14.228985345146421,64.66213477937391,0.5,39.44556006226017,median
Edirne,1990,9,0.2408850387067566,37.72950102364394,10,3,1990-09-01,0.21934476573160666,0.3740988588743695,24.89643242742357,42.532933610188266,13.919032794356351,27.235745552743126,0.5,20.57738917354974,median
Edirne,1990,10,0.248716268697506,20.188456457360093,11,4,1990-10-01,0.2152552748781966,0.3871591272349366,16.775228355909373,32.14921296752098,19.46494703904025,77.79867622039384,0.5,48.63181162971705,median
Edirne,1990,11,0.33993721312159175,10.591646791639299,10,2,1990-11-01,0.1360170943037856,0.4577540607226559,5.922846706738183,20.502005845352343,63.38100377073922,67.97620465959936,0.5,65.67860421516929,median
Edirne,1990,12,,,0,0,1990-12-01,-0.0706582638667896,0.48817755407240776,-9.239650185571737,12.559379713950367,,,0.5,,median
Edirne,1991,1,,,5,0,1991-01-01,0.0804361668215798,0.4997658631957474,-6.942285549142835,14.54600131149539,,,0.5,,median
Edirne,1991,2,,,3,0,1991-02-01,0.16567858107677053,0.5332797112639621,-0.43709362442281174,16.528278066350694,,,0.5,,median
Edirne,1991,3,0.2929158127289747,14.06150933452055,6,1,1991-03-01,0.20377400855741185,0.6389867659953827,-27.739797537950714,25.350341591394667,20.482350907249746,21.263519821205847,0.5,20.872935364227796,median
Edirne,1991,4,0.6798520135696209,18.760345319227312,9,3,1991-04-01,0.2755026676106777,0.6798520135696209,15.723635193324617,31.30376931327024,100.0,80.50908867327969,0.5,90.25454433663984,median
Edirne,1991,5,0.7104391864572026,25.257910964375867,9,2,1991-05-01,0.42835692932455594,0.7104391864572026,21.789088380894995,37.95106456459813,100.0,78.53713837928653,0.5,89.26856918964327,median
Edirne,1991,6,0.4389166647061845,32.08977228608288,10,4,1991-06-01,0.32570176457785815,0.543975793256036,27.434696048485225,44.3577027483714,51.86824140917373,72.49261717996625,0.5,62.18042929456999,median
Edirne,1991,7,0.3293980985734124,36.86724796228165,9,3,1991-07-01,0.24145036974843187,0.5612946498717422,31.965500733772664,46.739004736987454,27.497045997218972,66.82068636227166,0.5,47.15886617974532,median
Edirne,1991,8,0.2750155788418448,36.46402141260917,10,4,1991-08-01,0.22902161447884106,0.4581346810583013,33.579157128574245,46.14653160875334,20.074788858474935,77.04481322980507,0.5,48.55980104414,median
Edirne,1991,9,0.2474986326866439,33.75541563997469,8,4,1991-09-01,0.21934476573160666,0.3740988588743695,24.89643242742357,42.532933610188266,18.19264769240378,49.769043639967656,0.5,33.980845666185715,median
Edirne,1991,10,0.2258671532213635,23.503515524668963,8,1,1991-10-01,0.2152552748781966,0.3871591272349366,16.775228355909373,32.14921296752098,6.173147487785681,56.235892393973955,0.5,31.20451994087982,median
Edirne,1991,11,0.17934474353617846,13.675147835051643,9,2,1991-11-01,0.1360170943037856,0.4577540607226559,5.922846706738183,20.502005845352343,13.466792366029976,46.82614371235704,0.5,30.146468039193508,median
Edirne,1991,12,0.2565703383923006,3.673821784413985,2,1,1991-12-01,-0.0706582638667896,0.48817755407240776,-9.239650185571737,12.559379713950367,58.55540961311349,40.761253920437895,0.5,49.65833176677569,median
Edirne,1992,1,0.2178963346327535,1.947156554046876,5,1,1992-01-01,0.0804361668215798,0.4997658631957474,-6.942285549142835,14.54600131149539,32.78092846744584,58.63122006494991,0.5,45.706074266197874,median
Edirne,1992,2,0.2549770238257154,4.28579889143628,10,1,1992-02-01,0.16567858107677053,0.5332797112639621,-0.43709362442281174,16.528278066350694,24.292211153831847,72.16157357502753,0.5,48.22689236442969,median
Edirne,1992,3,0.302982130768468,18.03408829278076,7,1,1992-03-01,0.20377400855741185,0.6389867659953827,-27.739797537950714,25.350341591394667,22.795315742828592,13.780813948874878,0.5,18.288064845851736,median
Edirne,1992,4,0.4972403476075261,15.910276648357392,8,2,1992-04-01,0.2755026676106777,0.6798520135696209,15.723635193324617,31.30376931327024,54.838144840071834,98.80205488864286,0.5,76.82009986435735,median
Edirne,1992,5,0.5558870369933884,27.28000547685508,11,3,1992-05-01,0.42835692932455594,0.7104391864572026,21.789088380894995,37.95106456459813,45.210254967884254,66.02570729254737,0.5,55.61798113021581,median
Edirne,1992,6,0.4130137056583222,35.20944572171436,10,3,1992-06-01,0.32570176457785815,0.543975793256036,27.434696048485225,44.3577027483714,40.00106728647793,54.05810674718088,0.5,47.0295870168294,median
Edirne,1992,7,0.3977198375342966,33.079792728472086,11,4,1992-07-01,0.24145036974843187,0.5612946498717422,31.965500733772664,46.739004736987454,48.857984180807556,92.4574969184227,0.5,70.65774054961513,median
Edirne,1992,8,0.3269054335887251,40.56668999809864,10,3,1992-08-01,0.22902161447884106,0.4581346810583013,33.579157128574245,46.14653160875334,42.72293176955767,44.39942184785748,0.5,43.56117680870757,median
Edirne,1992,9,0.242301370516168,32.98257517369998,12,4,1992-09-01,0.21934476573160666,0.3740988588743695,24.89643242742357,42.532933610188266,14.834247235957474,54.15109458230521,0.5,34.49267090913134,median
Edirne,1992,10,0.2568209184262946,25.20348469587689,8,1,1992-10-01,0.2152552748781966,0.3871591272349366,16.775228355909373,32.14921296752098,24.179588169926383,45.178452087158625,0.5,34.679020128542504,median
Edirne,1992,11,0.250870738184279,9.920624878228864,9,3,1992-11-01,0.1360170943037856,0.4577540607226559,5.922846706738183,20.502005845352343,35.69799428361773,72.57881518761792,0.5,54.138404735617826,median
Edirne,1992,12,0.22258847948534055,-0.442835834045908,8,2,1992-12-01,-0.0706582638667896,0.48817755407240776,-9.239650185571737,12.559379713950367,52.474579105098826,59.64584482854129,0.5,56.06021196682006,median
Edirne,1993,1,,,4,0,1993-01-01,0.0804361668215798,0.4997658631957474,-6.942285549142835,14.54600131149539,,,0.5,,median
Edirne,1993,2,0.2547839537094771,7.514108151976037,9,2,1993-02-01,0.16567858107677053,0.5332797112639621,-0.43709362442281174,16.528278066350694,24.23968952090324,53.132758177511356,0.5,38.686223849207295,median
Edirne,1993,3,0.2503706785649297,12.975638985944704,8,1,1993-03-01,0.20377400855741185,0.6389867659953827,-27.739797537950714,25.350341591394667,10.7066415703954,23.30885322281985,0.5,17.007747396607623,median
Edirne,1993,4,0.5467905641944343,23.64182264953001,7,3,1993-04-01,0.2755026676106777,0.6798520135696209,15.723635193324617,31.30376931327024,67.09245341806552,49.17766820717826,0.5,58.13506081262189,median
Edirne,1993,5,0.6006995105640008,26.91785220517932,9,3,1993-05-01,0.42835692932455594,0.7104391864572026,21.789088380894995,37.95106456459813,61.096569132457816,68.26648074475017,0.5,64.68152493860399,median
Edirne,1993,6,0.5346151234500134,27.529426225033884,10,4,1993-06-01,0.32570176457785815,0.543975793256036,27.434696048485225,44.3577027483714,95.71150545820369,99.4402284521385,0.5,97.5758669551711,median
Edirne,1993,7,0.3000220510380321,41.59440877650151,9,3,1993-07-01,0.24145036974843187,0.5612946498717422,31.965500733772664,46.739004736987454,18.312561746303217,34.82312631699598,0.5,26.5678440316496,median
Edirne,1993,8,0.25682856573210583,39.436096153042975,12,4,1993-08-01,0.22902161447884106,0.4581346810583013,33.579157128574245,46.14653160875334,12.136781052433276,53.395683134085594,0.5,32.76623209325943,median
Edirne,1993,9,0.2433276406811455,33.56736556145135,10,3,1993-09-01,0.21934476573160666,0.3740988588743695,24.89643242742357,42.532933610188266,15.497409123398313,50.8352986560539,0.5,33.16635388972611,median
Edirne,1993,10,0.2349964616688242,27.804545542417056,6,1,1993-10-01,0.2152552748781966,0.3871591272349366,16.775228355909373,32.14921296752098,11.48385363095884,28.259865837399758,0.5,19.8718597341793,median
Edirne,1993,11,0.234311644454863,18.733002620974943,7,1,1993-11-01,0.1360170943037856,0.4577540607226559,5.922846706738183,20.502005845352343,30.551214318067334,12.133780882410717,0.5,21.342497600239025,median
Edirne,1993,12,0.2568607481898278,6.612585349646459,5,2,1993-12-01,-0.0706582638667896,0.48817755407240776,-9.239650185571737,12.559379713950367,58.60737653939215,27.28008719523009,0.5,42.94373186731112,median
Edirne,1994,1,0.214792158228189,6.474236776038382,8,3,1994-01-01,0.0804361668215798,0.4997658631957474,-6.942285549142835,14.54600131149539,32.04065740355375,37.56355538161904,0.5,34.802106392586396,median
Edirne,1994,2,,,0,0,1994-02-01,0.16567858107677053,0.5332797112639621,-0.43709362442281174,16.528278066350694,,,0.5,,median
Edirne,1994,3,0.3140896300044849,10.817881025419515,7,3,1994-03-01,0.20377400855741185,0.6389867659953827,-27.739797537950714,25.350341591394667,25.34751556835875,27.373182297694125,0.5,26.360348933026437,median
Edirne,1994,4,0.5190374230935877,15.723635193324617,9,3,1994-04-01,0.2755026676106777,0.6798520135696209,15.723635193324617,31.30376931327024,60.22879916012972,100.0,0.5,80.11439958006486,median
Edirne,1994,5,0.6060520806247713,29.358876664376538,12,4,1994-05-01,0.42835692932455594,0.7104391864572026,21.789088380894995,37.95106456459813,62.994090130474184,53.16297835462404,0.5,58.07853424254911,median
Edirne,1994,6,0.3967191063278372,27.434696048485225,4,2,1994-06-01,0.32570176457785815,0.543975793256036,27.434696048485225,44.3577027483714,32.53586428951044,100.0,0.5,66.26793214475522,median
Edirne,1994,7,0.29629543687334,40.041208654009175,10,3,1994-07-01,0.24145036974843187,0.5612946498717422,31.965500733772664,46.739004736987454,17.147427836997295,45.33654359535019,0.5,31.241985716173744,median
Edirne,1994,8,0.2673433596107764,40.63817717226799,12,4,1994-08-01,0.22902161447884106,0.4581346810583013,33.579157128574245,46.14653160875334,16.726128153256024,43.830590432177964,0.5,30.278359292716992,median
Edirne,1994,9,0.2372038023553534,39.07752619427593,12,4,1994-09-01,0.21934476573160666,0.3740988588743695,24.89643242742357,42.532933610188266,11.540267698943207,19.5923634745033,0.5,15.566315586723254,median
Edirne,1994,10,0.2938106887575074,18.141848257098346,4,2,1994-10-01,0.2152552748781966,0.3871591272349366,16.775228355909373,32.14921296752098,45.6972969496287,91.11082822239332,0.5,68.40406258601101,median
Edirne,1994,11,,,3,0,1994-11-01,0.1360170943037856,0.4577540607226559,5.922846706738183,20.502005845352343,,,0.5,,median
Edirne,1994,12,,,2,0,1994-12-01,-0.0706582638667896,0.48817755407240776,-9.239650185571737,12.559379713950367,,,0.5,,median
Edirne,1995,1,0.3439716366734557,3.9075767152588,3,1,1995-01-01,0.0804361668215798,0.4997658631957474,-6.942285549142835,14.54600131149539,62.84684154988236,49.50801646139517,0.5,56.17742900563877,median
Edirne,1995,2,0.3265384775859573,7.387886335370726,4,1,1995-02-01,0.16567858107677053,0.5332797112639621,-0.43709362442281174,16.528278066350694,43.75935852734537,53.87675494283985,0.5,48.81805673509261,median
Edirne,1995,3,,,6,0,1995-03-01,0.20377400855741185,0.6389867659953827,-27.739797537950714,25.350341591394667,,,0.5,,median
Edirne,1995,4,0.598035725325634,17.747671711796663,9,3,1995-04-01,0.2755026676106777,0.6798520135696209,15.723635193324617,31.30376931327024,79.76594025397672,87.00886331985497,0.5,83.38740178691585,median
Edirne,1995,5,0.6111169543436645,27.830935796916037,12,4,1995-05-01,0.42835692932455594,0.7104391864572026,21.789088380894995,37.95106456459813,64.7896208988314,62.61690187296949,0.5,63.70326138590045,median
Edirne,1995,6,0.4280674782026819,36.40096761915712,12,4,1995-06-01,0.32570176457785815,0.543975793256036,27.434696048485225,44.3577027483714,46.89779826062186,47.01726631868436,0.5,46.95753228965311,median
Edirne,1995,7,0.4264502589801011,31.965500733772664,12,4,1995-07-01,0.24145036974843187,0.5612946498717422,31.965500733772664,46.739004736987454,57.840612050447106,100.0,0.5,78.92030602522355,median
Edirne,1995,8,0.40082962301331065,34.42821440581294,12,4,1995-08-01,0.22902161447884106,0.4581346810583013,33.579157128574245,46.14653160875334,74.98830647220363,93.24395657519554,0.5,84.11613152369958,median
Edirne,1995,9,0.3558058141152324,33.413588006954015,6,1,1995-09-01,0.21934476573160666,0.3740988588743695,24.89643242742357,42.532933610188266,88.17928211936757,51.7072264432253,0.5,69.94325428129643,median
Edirne,1995,10,0.3038021226808927,24.646686341937034,6,2,1995-10-01,0.2152552748781966,0.3871591272349366,16.775228355909373,32.14921296752098,51.50951918107165,48.8001439777523,0.5,50.154831579411976,median
Edirne,1995,11,0.26054511125782365,6.685036530378485,4,2,1995-11-01,0.1360170943037856,0.4577540607226559,5.922846706738183,20.502005845352343,38.70491424722226,94.77205909892584,0.5,66.73848667307405,median
Edirne,1995,12,,,2,0,1995-12-01,-0.0706582638667896,0.48817755407240776,-9.239650185571737,12.559379713950367,,,0.5,,median
Edirne,1996,1,,,0,0,1996-01-01,0.0804361668215798,0.4997658631957474,-6.942285549142835,14.54600131149539,,,0.5,,median
Edirne,1996,2,0.2345813451409915,-0.371364771537542,5,1,1996-02-01,0.16567858107677053,0.5332797112639621,-0.43709362442281174,16.528278066350694,18.743893423051766,99.61257051078336,0.5,59.178231966917565,median
Edirne,1996,3,,,2,0,1996-03-01,0.20377400855741185,0.6389867659953827,-27.739797537950714,25.350341591394667,,,0.5,,median
Edirne,1996,4,0.38827950870318606,19.85970990775678,9,2,1996-04-01,0.2755026676106777,0.6798520135696209,15.723635193324617,31.30376931327024,27.890941884683915,73.45289403422287,0.5,50.67191795945339,median
Edirne,1996,5,0.5203252594434288,30.545215840728588,10,4,1996-05-01,0.42835692932455594,0.7104391864572026,21.789088380894995,37.95106456459813,32.60337287914764,45.822668216385566,0.5,39.213020547766604,median
Edirne,1996,6,0.3532368505820923,37.14746711572985,12,4,1996-06-01,0.32570176457785815,0.543975793256036,27.434696048485225,44.3577027483714,12.614916291682029,42.60611462554136,0.5,27.610515458611694,median
Edirne,1996,7,0.277026689161352,38.910760834014866,12,4,1996-07-01,0.24145036974843187,0.5612946498717422,31.965500733772664,46.739004736987454,11.123012548232625,52.98840343678197,0.5,32.0557079925073,median
Edirne,1996,8,0.27459906580722493,37.32105639622543,10,4,1996-08-01,0.22902161447884106,0.4581346810583013,33.579157128574245,46.14653160875334,19.89299519614122,70.22529030584073,0.5,45.05914275099097,median
Edirne,1996,9,0.3263285512135792,24.89643242742357,9,2,1996-09-01,0.21934476573160666,0.3740988588743695,24.89643242742357,42.532933610188266,69.13147388177866,100.0,0.5,84.56573694088934,median
Edirne,1996,10,0.33605868072243555,16.775228355909373,11,2,1996-10-01,0.2152552748781966,0.3871591272349366,16.775228355909373,32.14921296752098,70.27382120183329,100.0,0.5,85.13691060091665,median
Edirne,1996,11,0.2184910306344475,8.255399406584003,8,1,1996-11-01,0.1360170943037856,0.4577540607226559,5.922846706738183,20.502005845352343,25.63396343561244,84.00077344880712,0.5,54.81736844220978,median
Edirne,1996,12,0.0237344078491119,-9.239650185571737,3,1,1996-12-01,-0.0706582638667896,0.48817755407240776,-9.239650185571737,12.559379713950367,16.890948769889274,99.99999999999999,0.5,58.44547438494463,median
Edirne,1997,1,0.37006588384078815,6.403224247065555,7,2,1997-01-01,0.0804361668215798,0.4997658631957474,-6.942285549142835,14.54600131149539,69.06968896397262,37.89402625364982,0.5,53.481857608811225,median
Edirne,1997,2,0.3402987514514787,6.685162328157633,6,1,1997-02-01,0.16567858107677053,0.5332797112639621,-0.43709362442281174,16.528278066350694,47.5026206491224,58.01886287906187,0.5,52.76074176409213,median
Edirne,1997,3,0.3715258400285347,13.67392757163374,7,2,1997-03-01,0.20377400855741185,0.6389867659953827,-27.739797537950714,25.350341591394667,38.54478725730641,21.993564551249843,0.5,30.26917590427813,median
Edirne,1997,4,0.5319715348641683,17.587116015404593,8,2,1997-04-01,0.2755026676106777,0.6798520135696209,15.723635193324617,31.30376931327024,63.42754596158835,88.03937881578082,0.5,75.73346238868459,median
Edirne,1997,5,0.5674195998760944,29.490979230642616,12,4,1997-05-01,0.42835692932455594,0.7104391864572026,21.789088380894995,37.95106456459813,49.298623729512144,52.34561193380675,0.5,50.82211783165945,median
Edirne,1997,6,0.3570891629047636,40.81478476845408,10,3,1997-06-01,0.32570176457785815,0.543975793256036,27.434696048485225,44.3577027483714,14.379813538505259,20.935511299780725,0.5,17.65766241914299,median
Edirne,1997,7,0.33477864234424065,37.31914420457947,10,2,1997-07-01,0.24145036974843187,0.5612946498717422,31.965500733772664,46.739004736987454,29.179284544287526,63.761857243604304,0.5,46.47057089394592,median
Edirne,1997,8,0.29155311808696216,33.579157128574245,12,4,1997-08-01,0.22902161447884106,0.4581346810583013,33.579157128574245,46.14653160875334,27.292857863448887,99.99999999999999,0.5,63.64642893172444,median
Edirne,1997,9,0.2840568256982891,31.498519387149514,12,4,1997-09-01,0.21934476573160666,0.3740988588743695,24.89643242742357,42.532933610188266,41.81605710873486,62.56577826117889,0.5,52.19091768495687,median
Edirne,1997,10,0.3027961373641472,19.41898205541189,9,1,1997-10-01,0.2152552748781966,0.3871591272349366,16.775228355909373,32.14921296752098,50.92431687003917,82.80371831837431,0.5,66.86401759420674,median
Edirne,1997,11,0.31325152979260806,15.072086551354527,8,2,1997-11-01,0.1360170943037856,0.4577540607226559,5.922846706738183,20.502005845352343,55.08674911109854,37.24439278268255,0.5,46.16557094689055,median
Edirne,1997,12,0.2405839934561216,4.9070783378728855,2,1,1997-12-01,-0.0706582638667896,0.48817755407240776,-9.239650185571737,12.559379713950367,55.69475816182833,35.10386201289279,0.5,45.39931008736056,median
Edirne,1998,1,0.3261867267803017,1.535014927938667,4,1,1998-01-01,0.0804361668215798,0.4997658631957474,-6.942285549142835,14.54600131149539,58.60557029079067,60.54920277237161,0.5,59.57738653158114,median
Edirne,1998,2,0.4086154682128537,5.454696955031286,10,2,1998-02-01,0.16567858107677053,0.5332797112639621,-0.43709362442281174,16.528278066350694,66.08708928951707,65.27166815532662,0.5,65.67937872242184,median
Edirne,1998,3,,,5,0,1998-03-01,0.20377400855741185,0.6389867659953827,-27.739797537950714,25.350341591394667,,,0.5,,median
Edirne,1998,4,0.5838737699599535,21.613705963558143,9,3,1998-04-01,0.2755026676106777,0.6798520135696209,15.723635193324617,31.30376931327024,76.26353434996955,62.194993156746435,0.5,69.229263753358,median
Edirne,1998,5,0.6091177938299127,21.789088380894995,6,2,1998-05-01,0.42835692932455594,0.7104391864572026,21.789088380894995,37.95106456459813,64.0809054574303,100.0,0.5,82.04045272871515,median
Edirne,1998,6,0.4197917872586048,34.86066382031167,12,4,1998-06-01,0.32570176457785815,0.543975793256036,27.434696048485225,44.3577027483714,43.106375619003444,56.11909926221094,0.5,49.61273744060719,median
Edirne,1998,7,0.3674648463540824,41.55535435538475,12,4,1998-07-01,0.24145036974843187,0.5612946498717422,31.965500733772664,46.739004736987454,39.39869631467784,35.08748080668415,0.5,37.243088560680995,median
Edirne,1998,8,0.31277933226080906,39.130137730512565,11,4,1998-08-01,0.22902161447884106,0.4581346810583013,33.579157128574245,46.14653160875334,36.55737275591806,55.83022841649886,0.5,46.19380058620846,median
Edirne,1998,9,0.32135481321945447,26.995599879403144,10,2,1998-09-01,0.21934476573160666,0.3740988588743695,24.89643242742357,42.532933610188266,65.91751172212427,88.09759696537208,0.5,77.00755434374818,median
Edirne,1998,10,0.3871591272349366,19.930730350378493,9,3,1998-10-01,0.2152552748781966,0.3871591272349366,16.775228355909373,32.14921296752098,100.0,79.47505429343383,0.5,89.73752714671691,median
Edirne,1998,11,0.4577540607226559,12.02404386541913,8,2,1998-11-01,0.1360170943037856,0.4577540607226559,5.922846706738183,20.502005845352343,100.0,58.151241092352166,0.5,79.07562054617608,median
Edirne,1998,12,-0.0706582638667896,-7.373346699999981,6,1,1998-12-01,-0.0706582638667896,0.48817755407240776,-9.239650185571737,12.559379713950367,0.0,91.43859385406564,0.5,45.71929692703282,median
Edirne,1999,1,,,7,0,1999-01-01,0.0804361668215798,0.4997658631957474,-6.942285549142835,14.54600131149539,,,0.5,,median
Edirne,1999,2,0.3484794235789122,11.292641404235848,8,3,1999-02-01,0.16567858107677053,0.5332797112639621,-0.43709362442281174,16.528278066350694,49.72804148046415,30.860724760673584,0.5,40.29438312056887,median
Edirne,1999,3,0.4369495366094961,15.602364273250116,6,2,1999-03-01,0.20377400855741185,0.6389867659953827,-27.739797537950714,25.350341591394667,53.577365108677405,18.361182468170238,0.5,35.96927378842382,median
Edirne,1999,4,0.4772780885965497,26.255294171431636,10,2,1999-04-01,0.2755026676106777,0.6798520135696209,15.723635193324617,31.30376931327024,49.901260630791235,32.40328422703093,0.5,41.15227242891108,median
Edirne,1999,5,0.42835692932455594,30.893652274845714,12,4,1999-05-01,0.42835692932455594,0.7104391864572026,21.789088380894995,37.95106456459813,0.0,43.66676580595836,0.5,21.83338290297918,median
Edirne,1999,6,0.3714698331397293,36.716862086894416,10,3,1999-06-01,0.32570176457785815,0.543975793256036,27.434696048485225,44.3577027483714,20.968169616437226,45.150609445355705,0.5,33.05938953089647,median
Edirne,1999,7,0.42636011057414014,39.1195724906678,18,6,1999-07-01,0.24145036974843187,0.5612946498717422,31.965500733772664,46.739004736987454,57.812426958024574,51.57498346134829,0.5,54.69370520968643,median
Edirne,1999,8,0.3524889147447143,38.37473974605759,21,7,1999-08-01,0.22902161447884106,0.4581346810583013,33.579157128574245,46.14653160875334,53.889244340873375,61.84101440561986,0.5,57.86512937324662,median
Edirne,1999,9,0.314033536935511,35.44063618421928,19,7,1999-09-01,0.21934476573160666,0.3740988588743695,24.89643242742357,42.532933610188266,61.18660209946926,40.213743942023754,0.5,50.700173020746504,median
Edirne,1999,10,0.263464070384733,27.527110815216787,21,5,1999-10-01,0.2152552748781966,0.3871591272349366,16.775228355909373,32.14921296752098,28.04404604411778,30.06443852437077,0.5,29.054242284244275,median
Edirne,1999,11,0.24869802746121744,15.123754398936338,19,6,1999-11-01,0.1360170943037856,0.4577540607226559,5.922846706738183,20.502005845352343,35.02268776001704,36.88999753196495,0.5,35.956342645991,median
Edirne,1999,12,0.3097107794866058,8.573176309569998,13,3,1999-12-01,-0.0706582638667896,0.48817755407240776,-9.239650185571737,12.559379713950367,68.06454259787272,18.2861504514371,0.5,43.175346524654906,median
Edirne,2000,1,0.296036190200718,6.471564332362542,13,3,2000-01-01,0.0804361668215798,0.4997658631957474,-6.942285549142835,14.54600131149539,51.41539586711227,37.57599212770854,0.5,44.4956939974104,median
Edirne,2000,2,0.33214454930276677,10.290772624163772,14,4,2000-02-01,0.16567858107677053,0.5332797112639621,-0.43709362442281174,16.528278066350694,45.28440055155098,36.7660995342598,0.5,41.02525004290539,median
Edirne,2000,3,0.3603204684024819,20.36749904298818,15,2,2000-03-01,0.20377400855741185,0.6389867659953827,-27.739797537950714,25.350341591394667,35.97009903079001,9.385627218392878,0.5,22.677863124591443,median
Edirne,2000,4,0.2755026676106777,19.12400440392204,6,1,2000-04-01,0.2755026676106777,0.6798520135696209,15.723635193324617,31.30376931327024,0.0,78.17496829989233,0.5,39.087484149946164,median
Edirne,2000,5,0.5757385401154241,31.977855949075106,20,6,2000-05-01,0.42835692932455594,0.7104391864572026,21.789088380894995,37.95106456459813,52.24774230360873,36.95840500956859,0.5,44.60307365658866,median
Edirne,2000,6,0.3706683068261041,41.24811857054752,16,7,2000-06-01,0.32570176457785815,0.543975793256036,27.434696048485225,44.3577027483714,20.6009585842869,18.374891843804555,0.5,19.487925214045728,median
Edirne,2000,7,0.26632162048637675,45.13564099564155,20,6,2000-07-01,0.24145036974843187,0.5612946498717422,31.965500733772664,46.739004736987454,7.776049872880708,10.852968537437034,0.5,9.31450920515887,median
Edirne,2000,8,0.23420852123820501,43.38024212502526,21,6,2000-08-01,0.22902161447884106,0.4581346810583013,33.579157128574245,46.14653160875334,2.2639070031237374,22.011673863072936,0.5,12.137790433098337,median
Edirne,2000,9,0.2484115431199059,34.85769853437247,21,7,2000-09-01,0.21934476573160666,0.3740988588743695,24.89643242742357,42.532933610188266,18.782558055821326,43.519034735282055,0.5,31.15079639555169,median
Edirne,2000,10,0.27457329732724634,27.013747707814872,16,4,2000-10-01,0.2152552748781966,0.3871591272349366,16.775228355909373,32.14921296752098,34.506511422414896,33.403606088088665,0.5,33.955058755251784,median
Edirne,2000,11,0.31456683993304774,17.45807054092775,20,6,2000-11-01,0.1360170943037856,0.4577540607226559,5.922846706738183,20.502005845352343,55.49556447200652,20.878675343919312,0.5,38.187119907962916,median
Edirne,2000,12,0.3741055526534655,10.054047164430989,19,3,2000-12-01,-0.0706582638667896,0.48817755407240776,-9.239650185571737,12.559379713950367,79.58756440494415,11.492862577220937,0.5,45.54021349108254,median
Edirne,2001,1,0.22156054620996396,3.0902688758785173,12,2,2001-01-01,0.0804361668215798,0.4997658631957474,-6.942285549142835,14.54600131149539,33.65475438745435,53.311520410690505,0.5,43.48313739907243,median
Edirne,2001,2,0.4320170874936695,12.240076035440914,12,3,2001-02-01,0.16567858107677053,0.5332797112639621,-0.43709362442281174,16.528278066350694,72.45312501658329,25.27620443023885,0.5,48.86466472341107,median
Edirne,2001,3,0.6389867659953827,20.812883081048103,17,2,2001-03-01,0.20377400855741185,0.6389867659953827,-27.739797537950714,25.350341591394667,100.0,8.546706760914288,0.5,54.273353380457145,median
Edirne,2001,4,0.6587894913416632,22.98536892789817,16,5,2001-04-01,0.2755026676106777,0.6798520135696209,15.723635193324617,31.30376931327024,94.79100870609636,53.391070457621346,0.5,74.09103958185885,median
Edirne,2001,5,0.5907486571714833,28.495329016339987,16,4,2001-05-01,0.42835692932455594,0.7104391864572026,21.789088380894995,37.95106456459813,57.56892670160536,58.50606040239556,0.5,58.03749355200046,median
Edirne,2001,6,0.32570176457785815,41.885810795125494,22,6,2001-06-01,0.32570176457785815,0.543975793256036,27.434696048485225,44.3577027483714,0.0,14.606694880422957,0.5,7.303347440211478,median
Edirne,2001,7,0.24145036974843187,45.35697656611654,24,8,2001-07-01,0.24145036974843187,0.5612946498717422,31.965500733772664,46.739004736987454,0.0,9.354775756450021,0.5,4.6773878782250105,median
Edirne,2001,8,0.22902161447884106,44.688351151686064,20,6,2001-08-01,0.22902161447884106,0.4581346810583013,33.579157128574245,46.14653160875334,0.0,11.602904483884673,0.5,5.801452241942337,median
Edirne,2001,9,0.21934476573160666,33.734598519488635,19,6,2001-09-01,0.21934476573160666,0.3740988588743695,24.89643242742357,42.532933610188266,0.0,49.887077938666316,0.5,24.943538969333158,median
Edirne,2001,10,0.2351892101339624,30.6969581442046,21,5,2001-10-01,0.2152552748781966,0.3871591272349366,16.775228355909373,32.14921296752098,11.595979370141347,9.446183666786856,0.5,10.5210815184641,median
Edirne,2001,11,0.23467812234462432,20.502005845352343,15,4,2001-11-01,0.1360170943037856,0.4577540607226559,5.922846706738183,20.502005845352343,30.665120374259896,0.0,0.5,15.332560187129948,median
Edirne,2001,12,0.0640947712319237,-0.0464793196003135,9,3,2001-12-01,-0.0706582638667896,0.48817755407240776,-9.239650185571737,12.559379713950367,24.113170769124668,57.827614768430756,0.5,40.970392768777714,median
Edirne,2002,1,0.144620417717045,7.359704030853944,19,5,2002-01-01,0.0804361668215798,0.4997658631957474,-6.942285549142835,14.54600131149539,15.306392905260315,33.44285808937681,0.5,24.374625497318565,median
Edirne,2002,2,0.2695206482655452,16.528278066350694,19,5,2002-02-01,0.16567858107677053,0.5332797112639621,-0.43709362442281174,16.528278066350694,28.24857125327546,0.0,0.5,14.12428562663773,median
Edirne,2002,3,0.20377400855741185,-27.739797537950714,11,2,2002-03-01,0.20377400855741185,0.6389867659953827,-27.739797537950714,25.350341591394667,0.0,100.0,0.5,50.0,median
Edirne,2002,4,0.4745356852442701,18.64949492494594,9,3,2002-04-01,0.2755026676106777,0.6798520135696209,15.723635193324617,31.30376931327024,49.22303439407611,81.2205741677432,0.5,65.22180428090965,median
Edirne,2002,5,0.5111649908747365,37.95106456459813,16,5,2002-05-01,0.42835692932455594,0.7104391864572026,21.789088380894995,37.95106456459813,29.35599792483256,0.0,0.5,14.67799896241628,median
Edirne,2002,6,0.3989439948437035,39.41325726313045,17,5,2002-06-01,0.32570176457785815,0.543975793256036,27.434696048485225,44.3577027483714,33.55517406692179,29.217299106040127,0.5,31.386236586480962,median
Edirne,2002,7,0.3484401509344017,44.18076608347039,20,7,2002-07-01,0.24145036974843187,0.5612946498717422,31.965500733772664,46.739004736987454,33.45058449840711,17.31639733512361,0.5,25.38349091676536,median
Edirne,2002,8,0.3255467503971933,36.371443877559,10,3,2002-08-01,0.22902161447884106,0.4581346810583013,33.579157128574245,46.14653160875334,42.129913129540206,77.78146299858676,0.5,59.95568806406348,median
Edirne,2002,9,0.2974749271333441,32.672312774297964,11,3,2002-09-01,0.21934476573160666,0.3740988588743695,24.89643242742357,42.532933610188266,50.48665260805818,55.91030065264085,0.5,53.19847663034952,median
Edirne,2002,10,0.338410511191034,23.21199382440276,10,3,2002-10-01,0.2152552748781966,0.3871591272349366,16.775228355909373,32.14921296752098,71.64192926710098,58.13209372128647,0.5,64.88701149419373,median
Edirne,2002,11,0.41015631732996494,13.356181610654442,9,2,2002-11-01,0.1360170943037856,0.4577540607226559,5.922846706738183,20.502005845352343,85.20600727902578,49.01396690136655,0.5,67.10998709019617,median
Edirne,2002,12,0.39962820550144373,3.2263125327063245,7,2,2002-12-01,-0.0706582638667896,0.48817755407240776,-9.239650185571737,12.559379713950367,84.15467553645632,42.81414000651768,0.5,63.484407771487,median
Edirne,2003,1,0.1024211524280016,-0.1067179139825575,7,1,2003-01-01,0.0804361668215798,0.4997658631957474,-6.942285549142835,14.54600131149539,5.242887827053539,68.18933179972797,0.5,36.71610981339075,median
Edirne,2003,2,0.3018996579151094,3.8107115408094705,7,2,2003-02-01,0.16567858107677053,0.5332797112639621,-0.43709362442281174,16.528278066350694,37.056762249063745,74.961909219222,0.5,56.009335734142866,median
Edirne,2003,3,0.3357045616990634,16.234915219512963,9,4,2003-03-01,0.20377400855741185,0.6389867659953827,-27.739797537950714,25.350341591394667,30.314036270054668,17.169716488543134,0.5,23.7418763792989,median
Edirne,2003,4,0.4521442856012981,26.60687519808204,11,3,2003-04-01,0.2755026676106777,0.6798520135696209,15.723635193324617,31.30376931327024,43.685397232856225,30.146686023551336,0.5,36.91604162820378,median
Edirne,2003,5,0.5031629844987555,36.54756300519804,8,2,2003-05-01,0.42835692932455594,0.7104391864572026,21.789088380894995,37.95106456459813,26.519234472454855,8.683972451433876,0.5,17.601603461944364,median
Edirne,2003,6,0.3487806070452495,44.3577027483714,2,1,2003-06-01,0.32570176457785815,0.543975793256036,27.434696048485225,44.3577027483714,10.573334174089338,0.0,0.5,5.286667087044669,median
Edirne,2003,7,0.2945819390819868,43.60450980476272,14,3,2003-07-01,0.24145036974843187,0.5612946498717422,31.965500733772664,46.739004736987454,16.61169907839872,21.217003979168727,0.5,18.914351528783723,median
Edirne,2003,8,0.2835843803636488,41.95437106299969,14,5,2003-08-01,0.22902161447884106,0.4581346810583013,33.579157128574245,46.14653160875334,23.814777000457312,33.35748888811587,0.5,28.58613294428659,median
Edirne,2003,9,0.24916745529438078,34.96251693834783,17,6,2003-09-01,0.21934476573160666,0.3740988588743695,24.89643242742357,42.532933610188266,19.271018269779958,42.92470821388676,0.5,31.09786324183336,median
Edirne,2003,10,0.2220003315798835,25.91149205192821,13,3,2003-10-01,0.2152552748781966,0.3871591272349366,16.775228355909373,32.14921296752098,3.923737955382965,40.57322205774531,0.5,22.24848000656414,median
Edirne,2003,11,0.320070430010359,14.190918715202304,8,1,2003-11-01,0.1360170943037856,0.4577540607226559,5.922846706738183,20.502005845352343,57.206151271704925,43.28841650019843,0.5,50.247283885951674,median
Edirne,2003,12,0.4154259110329033,4.315677290336493,4,1,2003-12-01,-0.0706582638667896,0.48817755407240776,-9.239650185571737,12.559379713950367,86.98157120497598,37.816831582008156,0.5,62.39920139349206,median
Edirne,2004,1,0.3448112495196174,1.4313173939554216,7,2,2004-01-01,0.0804361668215798,0.4997658631957474,-6.942285549142835,14.54600131149539,63.04706892548242,61.03177979052002,0.5,62.03942435800122,median
Edirne,2004,2,0.43282621661693815,9.565360522895705,8,4,2004-02-01,0.16567858107677053,0.5332797112639621,-0.43709362442281174,16.528278066350694,72.67323563562752,41.04193925348373,0.5,56.85758744455563,median
Edirne,2004,3,0.4620852794393685,14.025928980121924,14,5,2004-03-01,0.20377400855741185,0.6389867659953827,-27.739797537950714,25.350341591394667,59.352872007381976,21.330538583978235,0.5,40.34170529568011,median
Edirne,2004,4,0.5854638535646904,27.66728700620945,13,4,2004-04-01,0.2755026676106777,0.6798520135696209,15.723635193324617,31.30376931327024,76.65677935472303,23.340507078211747,0.5,49.998643216467386,median
Edirne,2004,5,0.5313507799477168,25.00786394134542,12,4,2004-05-01,0.42835692932455594,0.7104391864572026,21.789088380894995,37.95106456459813,36.511991810505464,80.08426986981911,0.5,58.29813084016229,median
Edirne,2004,6,0.4484000632408921,34.645012464959215,16,5,2004-06-01,0.32570176457785815,0.543975793256036,27.434696048485225,44.3577027483714,56.21296285502649,57.393408013467926,0.5,56.80318543424721,median
Edirne,2004,7,0.3702759045613344,41.71111166269225,19,7,2004-07-01,0.24145036974843187,0.5612946498717422,31.965500733772664,46.739004736987454,40.277579690728295,34.033179083317755,0.5,37.155379387023025,median
Edirne,2004,8,0.3255108662531295,43.933125999788594,15,6,2004-08-01,0.22902161447884106,0.4581346810583013,33.579157128574245,46.14653160875334,42.11425093069687,17.612315225074806,0.5,29.86328307788584,median
Edirne,2004,9,0.2747500661590033,37.10611677643742,18,6,2004-09-01,0.21934476573160666,0.3740988588743695,24.89643242742357,42.532933610188266,35.80215508502543,30.770370934197626,0.5,33.28626300961153,median
Edirne,2004,10,0.254242547997117,28.32189406128357,9,1,2004-10-01,0.2152552748781966,0.3871591272349366,16.775228355909373,32.14921296752098,22.679697158858797,24.894775186302244,0.5,23.78723617258052,median
Edirne,2004,11,0.1360170943037856,5.984788529320501,10,3,2004-11-01,0.1360170943037856,0.4577540607226559,5.922846706738183,20.502005845352343,0.0,99.57513446424863,0.5,49.78756723212432,median
Edirne,2004,12,0.24908389135800135,9.791671331589999,9,4,2004-12-01,-0.0706582638667896,0.48817755407240776,-9.239650185571737,12.559379713950367,57.2157590764126,12.696475004243396,0.5,34.956117040327996,median
Edirne,2005,1,0.2982635041312741,8.916735411462499,13,3,2005-01-01,0.0804361668215798,0.4997658631957474,-6.942285549142835,14.54600131149539,51.9465564192542,26.196904092640615,0.5,39.07173025594741,median
Edirne,2005,2,0.2918868464831754,10.94294067247961,8,2,2005-02-01,0.16567858107677053,0.5332797112639621,-0.43709362442281174,16.528278066350694,34.33293726331487,32.921986595251724,0.5,33.6274619292833,median
Edirne,2005,3,0.3300362407405013,21.847282765882905,14,6,2005-03-01,0.20377400855741185,0.6389867659953827,-27.739797537950714,25.350341591394667,29.01161099375289,6.5983229333363305,0.5,17.804966963544608,median
Edirne,2005,4,0.4055339856442717,26.92485952630367,14,5,2005-04-01,0.2755026676106777,0.6798520135696209,15.723635193324617,31.30376931327024,32.15816207769929,28.105725876651523,0.5,30.131943977175403,median
Edirne,2005,5,0.4846078743475212,30.66329525997908,10,2,2005-05-01,0.42835692932455594,0.7104391864572026,21.789088380894995,37.95106456459813,19.94132690044157,45.09206808488953,0.5,32.51669749266555,median
Edirne,2005,6,0.4694861538445873,34.86049326859462,20,7,2005-06-01,0.32570176457785815,0.543975793256036,27.434696048485225,44.3577027483714,65.8733382699983,56.12010707199367,0.5,60.996722670995986,median
Edirne,2005,7,0.4366250802858125,39.93491249814831,16,6,2005-07-01,0.24145036974843187,0.5612946498717422,31.965500733772664,46.739004736987454,61.021791748826786,46.05604897361209,0.5,53.53892036121944,median
Edirne,2005,8,0.3941057758160006,38.76632658906591,19,5,2005-08-01,0.22902161447884106,0.4581346810583013,33.579157128574245,46.14653160875334,72.05357765132335,58.72511423390206,0.5,65.3893459426127,median
Edirne,2005,9,0.35992316140529373,34.25976013782687,16,6,2005-09-01,0.21934476573160666,0.3740988588743695,24.89643242742357,42.532933610188266,90.83985619947481,46.90938064544439,0.5,68.8746184224596,median
Edirne,2005,10,0.2890224686262849,25.105843919319078,11,2,2005-10-01,0.2152552748781966,0.3871591272349366,16.775228355909373,32.14921296752098,42.911890999978525,45.81355599173823,0.5,44.362723495858376,median
Edirne,2005,11,0.2749016068193898,18.52931969310883,5,2,2005-11-01,0.1360170943037856,0.4577540607226559,5.922846706738183,20.502005845352343,43.167098285743776,13.530863704057406,0.5,28.348980994900593,median
Edirne,2005,12,0.3382356136723191,9.26861777408316,4,1,2005-12-01,-0.0706582638667896,0.48817755407240776,-9.239650185571737,12.559379713950367,73.16887436581548,15.095910024598622,0.5,44.13239219520705,median
Edirne,2006,1,0.33921156114716017,6.894346677742872,2,2,2006-01-01,0.0804361668215798,0.4997658631957474,-6.942285549142835,14.54600131149539,61.71167855821861,35.608490725096615,0.5,48.66008464165761,median
Edirne,2006,2,0.2406860731799486,2.911160802493007,10,3,2006-02-01,0.16567858107677053,0.5332797112639621,-0.43709362442281174,16.528278066350694,20.404586913261777,80.26418467013757,0.5,50.334385791699674,median
Edirne,2006,3,0.3696028155975965,12.164638440313295,8,3,2006-03-01,0.20377400855741185,0.6389867659953827,-27.739797537950714,25.350341591394667,38.1029287873804,24.836444897905764,0.5,31.469686842643082,median
Edirne,2006,4,0.4735174225177013,26.627440808985185,7,3,2006-04-01,0.2755026676106777,0.6798520135696209,15.723635193324617,31.30376931327024,48.97120692440284,30.014687089878382,0.5,39.492947007140614,median
Edirne,2006,5,0.4887607061419813,35.47749360298383,13,6,2006-05-01,0.42835692932455594,0.7104391864572026,21.789088380894995,37.95106456459813,21.41353285790713,15.304879387883988,0.5,18.359206122895557,median
Edirne,2006,6,0.4230875251982461,32.63813409421987,16,5,2006-06-01,0.32570176457785815,0.543975793256036,27.434696048485225,44.3577027483714,44.61628403989971,69.2522839586795,0.5,56.934283999289605,median
Edirne,2006,7,0.4597121414949568,37.454973136785554,18,5,2006-07-01,0.24145036974843187,0.5612946498717422,31.965500733772664,46.739004736987454,68.2400109398167,62.842448197676376,0.5,65.54122956874653,median
Edirne,2006,8,0.3533463605529189,43.81371267945877,22,7,2006-08-01,0.22902161447884106,0.4581346810583013,33.579157128574245,46.14653160875334,54.26349004453657,18.56250032951457,0.5,36.41299518702557,median
Edirne,2006,9,0.3174638062004641,36.63611335469266,19,5,2006-09-01,0.21934476573160666,0.3740988588743695,24.89643242742357,42.532933610188266,63.40319566109391,33.43531800546859,0.5,48.41925683328125,median
Edirne,2006,10,0.2908767169688662,21.050427462475728,9,4,2006-10-01,0.2152552748781966,0.3871591272349366,16.775228355909373,32.14921296752098,43.99054532747626,72.19199046591085,0.5,58.09126789669355,median
Edirne,2006,11,0.363350486113293,15.740626866628563,12,3,2006-11-01,0.1360170943037856,0.4577540607226559,5.922846706738183,20.502005845352343,70.65815107908409,32.65880379968456,0.5,51.65847743938433,median
Edirne,2006,12,0.38479537253745033,7.289235947527942,18,2,2006-12-01,-0.0706582638667896,0.48817755407240776,-9.239650185571737,12.559379713950367,81.50043747800618,24.17604724023963,0.5,52.8382423591229,median
Edirne,2007,1,0.2378156649493591,7.971407644755111,13,2,2007-01-01,0.0804361668215798,0.4997658631957474,-6.942285549142835,14.54600131149539,37.53120742189212,30.59617413607539,0.5,34.063690778983755,median
Edirne,2007,2,0.4253638093888308,8.087507237304102,14,4,2007-02-01,0.16567858107677053,0.5332797112639621,-0.43709362442281174,16.528278066350694,70.64320726647988,49.75293782474005,0.5,60.19807254560996,median
Edirne,2007,3,0.49611222234221664,15.06007765836399,15,4,2007-03-01,0.20377400855741185,0.6389867659953827,-27.739797537950714,25.350341591394667,67.17133374162879,19.382627549647484,0.5,43.27698064563813,median
Edirne,2007,4,0.5761311092514536,24.68547530737176,12,3,2007-04-01,0.2755026676106777,0.6798520135696209,15.723635193324617,31.30376931327024,74.34868997446112,42.47905669454904,0.5,58.413873334505084,median
Edirne,2007,5,0.5011555245466353,32.77523131403246,18,5,2007-05-01,0.42835692932455594,0.7104391864572026,21.789088380894995,37.95106456459813,25.80757682602009,32.02475484269491,0.5,28.9161658343575,median
Edirne,2007,6,0.4288593482278871,38.45685043331583,18,5,2007-06-01,0.32570176457785815,0.543975793256036,27.434696048485225,44.3577027483714,47.26058536360459,34.868817460760454,0.5,41.06470141218252,median
Edirne,2007,7,0.29153544765785,45.3686041412391,20,7,2007-07-01,0.24145036974843187,0.5612946498717422,31.965500733772664,46.739004736987454,15.659207002266452,9.27607015539539,0.5,12.467638578830922,median
Edirne,2007,8,0.2602238198867815,44.223029402955994,20,6,2007-08-01,0.22902161447884106,0.4581346810583013,33.579157128574245,46.14653160875334,13.618693108068106,15.305521521866327,0.5,14.462107314967216,median
Edirne,2007,9,0.27009095742157097,34.74603730684905,9,4,2007-09-01,0.21934476573160666,0.3740988588743695,24.89643242742357,42.532933610188266,32.791502091741265,44.15216046904461,0.5,38.471831280392934,median
Edirne,2007,10,0.2810650222213624,27.47346655768875,5,1,2007-10-01,0.2152552748781966,0.3871591272349366,16.775228355909373,32.14921296752098,38.282881064582234,30.413367308178202,0.5,34.34812418638022,median
Edirne,2007,11,0.293325227401806,17.90540875566683,6,1,2007-11-01,0.1360170943037856,0.4577540607226559,5.922846706738183,20.502005845352343,48.89339725209582,17.81033504743221,0.5,33.35186614976402,median
Edirne,2007,12,0.3126457079844789,6.492197487716892,2,2,2007-12-01,-0.0706582638667896,0.48817755407240776,-9.239650185571737,12.559379713950367,68.58972878022877,27.83234966968179,0.5,48.21103922495528,median
Edirne,2008,1,0.279740434783162,1.4319379675746962,6,1,2008-01-01,0.0804361668215798,0.4997658631957474,-6.942285549142835,14.54600131149539,47.52925196686837,61.02889182823946,0.5,54.27907189755392,median
Edirne,2008,2,0.305694431573344,11.125839443080508,8,2,2008-02-01,0.16567858107677053,0.5332797112639621,-0.43709362442281174,16.528278066350694,38.08906964602475,31.84391548702858,0.5,34.96649256652666,median
Edirne,2008,3,0.4018199855260582,21.775442238551065,12,4,2008-03-01,0.20377400855741185,0.6389867659953827,-27.739797537950714,25.350341591394667,45.50555414195849,6.733640957568313,0.5,26.1195975497634,median
Edirne,2008,4,0.5620864576015221,21.547119317369287,7,3,2008-04-01,0.2755026676106777,0.6798520135696209,15.723635193324617,31.30376931327024,70.87529455777666,62.62237488322087,0.5,66.74883472049876,median
Edirne,2008,5,0.5455827015625849,28.70954044836811,17,5,2008-05-01,0.42835692932455594,0.7104391864572026,21.789088380894995,37.95106456459813,41.55730084891678,57.180656691900545,0.5,49.36897877040866,median
Edirne,2008,6,0.4303802990612511,35.752308818045414,17,6,2008-06-01,0.32570176457785815,0.543975793256036,27.434696048485225,44.3577027483714,47.9573933359385,50.85026604866774,0.5,49.40382969230312,median
Edirne,2008,7,0.3142244563319016,42.73982528473406,17,7,2008-07-01,0.24145036974843187,0.5612946498717422,31.965500733772664,46.739004736987454,22.752974214643753,27.069945297900567,0.5,24.91145975627216,median
Edirne,2008,8,0.28784153900230786,44.544991905515786,17,6,2008-08-01,0.22902161447884106,0.4581346810583013,33.579157128574245,46.14653160875334,25.672880818897802,12.743629990205658,0.5,19.20825540455173,median
Edirne,2008,9,0.26529428444692515,38.513745436300155,13,4,2008-09-01,0.21934476573160666,0.3740988588743695,24.89643242742357,42.532933610188266,29.691956950650354,22.78903356305087,0.5,26.240495256850615,median
Edirne,2008,10,0.3076297569028433,25.34260125619761,5,1,2008-10-01,0.2152552748781966,0.3871591272349366,16.775228355909373,32.14921296752098,53.736132587039634,44.273569170756794,0.5,49.00485087889821,median
Edirne,2008,11,0.3217874687819513,12.431748035585088,5,3,2008-11-01,0.1360170943037856,0.4577540607226559,5.922846706738183,20.502005845352343,57.73982907401157,55.35475491444828,0.5,56.54729199422992,median
Edirne,2008,12,0.35259801500554183,4.1317309510355225,4,2,2008-12-01,-0.0706582638667896,0.48817755407240776,-9.239650185571737,12.559379713950367,75.73893177304943,38.660659679629156,0.5,57.19979572633929,median
Edirne,2009,1,0.2669070987974535,14.54600131149539,6,1,2009-01-01,0.0804361668215798,0.4997658631957474,-6.942285549142835,14.54600131149539,44.46881143602237,0.0,0.5,22.234405718011185,median
Edirne,2009,2,0.2966651844143168,7.194874523540653,9,3,2009-02-01,0.16567858107677053,0.5332797112639621,-0.43709362442281174,16.528278066350694,35.63280756804111,55.014435951827366,0.5,45.32362175993424,median
Edirne,2009,3,0.46195163550608387,14.003529483074749,5,2,2009-03-01,0.20377400855741185,0.6389867659953827,-27.739797537950714,25.350341591394667,59.3221642831711,21.37273002934741,0.5,40.34744715625925,median
Edirne,2009,4,0.5291049969779612,24.796169248467702,12,5,2009-04-01,0.2755026676106777,0.6798520135696209,15.723635193324617,31.30376931327024,62.718619901770225,41.76857538390209,0.5,52.24359764283616,median
Edirne,2009,5,0.5452110910584839,35.189437757566196,22,8,2009-05-01,0.42835692932455594,0.7104391864572026,21.789088380894995,37.95106456459813,41.42556250142961,17.087185228107234,0.5,29.25637386476842,median
Edirne,2009,6,0.3960255898308701,37.231731666766876,20,6,2009-06-01,0.32570176457785815,0.543975793256036,27.434696048485225,44.3577027483714,32.218136843342485,42.10818566686766,0.5,37.163161255105074,median
Edirne,2009,7,0.3766372420371945,42.317964786877624,23,8,2009-07-01,0.24145036974843187,0.5612946498717422,31.965500733772664,46.739004736987454,42.266465492721565,29.925466220794934,0.5,36.09596585675825,median
Edirne,2009,8,0.3261652035427922,41.14660908782838,23,8,2009-08-01,0.22902161447884106,0.4581346810583013,33.579157128574245,46.14653160875334,42.3998467281918,39.784940989947394,0.5,41.092393859069595,median
Edirne,2009,9,0.3250098512876775,30.273651461343242,17,6,2009-09-01,0.21934476573160666,0.3740988588743695,24.89643242742357,42.532933610188266,68.27934784160657,69.51085151076015,0.5,68.89509967618335,median
Edirne,2009,10,0.3659150851748315,21.750195644428487,17,4,2009-10-01,0.2152552748781966,0.3871591272349366,16.775228355909373,32.14921296752098,87.64190460605919,67.64035209999079,0.5,77.64112835302498,median
Edirne,2009,11,0.3161697946004543,14.193544278549425,14,3,2009-11-01,0.1360170943037856,0.4577540607226559,5.922846706738183,20.502005845352343,55.99378346289477,43.2704074825167,0.5,49.632095472705736,median
Edirne,2009,12,0.3900470615705338,11.68533088087912,5,1,2009-12-01,-0.0706582638667896,0.48817755407240776,-9.239650185571737,12.559379713950367,82.44019274502718,4.009576743093551,0.5,43.22488474406036,median
Edirne,2010,1,0.0804361668215798,-6.942285549142835,2,1,2010-01-01,0.0804361668215798,0.4997658631957474,-6.942285549142835,14.54600131149539,0.0,100.0,0.5,50.0,median
Edirne,2010,2,0.16567858107677053,7.869542140918647,8,2,2010-02-01,0.16567858107677053,0.5332797112639621,-0.43709362442281174,16.528278066350694,0.0,51.03770246390203,0.5,25.518851231951015,median
Edirne,2010,3,0.4234315576437997,8.313152058174733,9,3,2010-03-01,0.20377400855741185,0.6389867659953827,-27.739797537950714,25.350341591394667,50.47130290469364,32.09106213059948,0.5,41.281182517646556,median
Edirne,2010,4,0.5062020959484059,19.57360517382008,17,5,2010-04-01,0.2755026676106777,0.6798520135696209,15.723635193324617,31.30376931327024,57.05448287312253,75.28923723726648,0.5,66.1718600551945,median
Edirne,2010,5,0.501936354615307,31.20297769613449,21,7,2010-05-01,0.42835692932455594,0.7104391864572026,21.789088380894995,37.95106456459813,26.084386178231316,41.752857396659486,0.5,33.9186217874454,median
Edirne,2010,6,0.3873581813802863,39.446757876667085,14,3,2010-06-01,0.32570176457785815,0.543975793256036,27.434696048485225,44.3577027483714,28.247252857248586,29.019340113700643,0.5,28.633296485474617,median
Edirne,2010,7,0.4580835476482312,36.53137896941867,20,8,2010-07-01,0.24145036974843187,0.5612946498717422,31.965500733772664,46.739004736987454,67.73082758155947,69.09414154791953,0.5,68.4124845647395,median
Edirne,2010,8,0.3729864070816048,38.7535681168374,14,6,2010-08-01,0.22902161447884106,0.4581346810583013,33.579157128574245,46.14653160875334,62.8356971307153,58.82663481999293,0.5,60.83116597535412,median
Edirne,2010,9,0.3289377013623976,35.532721016316735,14,5,2010-09-01,0.21934476573160666,0.3740988588743695,24.89643242742357,42.532933610188266,70.81747138648532,39.69161752282535,0.5,55.25454445465533,median
Edirne,2010,10,0.3133706264604659,25.98229583806125,13,2,2010-10-01,0.2152552748781966,0.3871591272349366,16.775228355909373,32.14921296752098,57.07571426535419,40.11267921266165,0.5,48.59419673900792,median
Edirne,2010,11,0.2675353865524136,13.79634262554377,10,3,2010-11-01,0.1360170943037856,0.4577540607226559,5.922846706738183,20.502005845352343,40.87758199267781,45.99485578045476,0.5,43.43621888656629,median
Edirne,2010,12,0.3242171569335647,4.318841135958584,5,1,2010-12-01,-0.0706582638667896,0.48817755407240776,-9.239650185571737,12.559379713950367,70.6603635852342,37.80231788283587,0.5,54.23134073403503,median
Edirne,2011,1,0.29465381366747434,-6.910665360574491,7,2,2011-01-01,0.0804361668215798,0.4997658631957474,-6.942285549142835,14.54600131149539,51.08573246735864,99.85284918814878,0.5,75.46929082775371,median
Edirne,2011,2,0.4661563723920827,9.776077704111442,11,3,2011-02-01,0.16567858107677053,0.5332797112639621,-0.43709362442281174,16.528278066350694,81.7401707014071,39.799896432044505,0.5,60.7700335667258,median
Edirne,2011,3,0.48625796001599836,25.350341591394667,10,2,2011-03-01,0.20377400855741185,0.6389867659953827,-27.739797537950714,25.350341591394667,64.9070935147961,0.0,0.5,32.45354675739805,median
Edirne,2011,4,0.5709006980033868,20.89675051394181,9,3,2011-04-01,0.2755026676106777,0.6798520135696209,15.723635193324617,31.30376931327024,73.05515226991444,66.79672151220706,0.5,69.92593689106076,median
Edirne,2011,5,0.5651147450792484,32.50406336491605,15,4,2011-05-01,0.42835692932455594,0.7104391864572026,21.789088380894995,37.95106456459813,48.4815376709012,33.702569152246,0.5,41.0920534115736,median
Edirne,2011,6,0.4112152290309701,36.99651949899464,16,5,2011-06-01,0.32570176457785815,0.543975793256036,27.434696048485225,44.3577027483714,39.17711372762198,43.49808151660353,0.5,41.33759762211275,median
Edirne,2011,7,0.359275372573179,43.99803414530946,15,5,2011-07-01,0.24145036974843187,0.5612946498717422,31.965500733772664,46.739004736987454,36.83823977696952,18.553286959421026,0.5,27.695763368195273,median
Edirne,2011,8,0.3152773645208581,45.116060820232136,22,7,2011-08-01,0.22902161447884106,0.4581346810583013,33.579157128574245,46.14653160875334,37.64767820961538,8.199570961670918,0.5,22.923624585643147,median
Edirne,2011,9,0.2748704961905287,41.88828330339442,22,7,2011-09-01,0.21934476573160666,0.3740988588743695,24.89643242742357,42.532933610188266,35.87997534107146,3.6552051912872328,0.5,19.767590266179344,median
Edirne,2011,10,0.2819411210048653,18.48779017762662,18,7,2011-10-01,0.2152552748781966,0.3871591272349366,16.775228355909373,32.14921296752098,38.79252571273402,88.86065086585431,0.5,63.826588289294165,median
Edirne,2011,11,0.2532260442299133,15.079136401407805,11,3,2011-11-01,0.1360170943037856,0.4577540607226559,5.922846706738183,20.502005845352343,36.43005378919779,37.196037112878486,0.5,36.813045451038136,median
Edirne,2011,12,,,5,0,2011-12-01,-0.0706582638667896,0.48817755407240776,-9.239650185571737,12.559379713950367,,,0.5,,median
Edirne,2012,1,0.3065306178590904,3.4692834078976365,4,2,2012-01-01,0.0804361668215798,0.4997658631957474,-6.942285549142835,14.54600131149539,53.91806327872536,51.54770119849732,0.5,52.73288223861134,median
Edirne,2012,2,0.2159133292337687,-0.43709362442281174,6,2,2012-02-01,0.16567858107677053,0.5332797112639621,-0.43709362442281174,16.528278066350694,13.665558680795517,100.0,0.5,56.83277934039776,median
Edirne,2012,3,0.3033859484308675,24.85093352053868,8,3,2012-03-01,0.20377400855741185,0.6389867659953827,-27.739797537950714,25.350341591394667,22.888102007821537,0.9406795292799346,0.5,11.914390768550735,median
Edirne,2012,4,0.4714875531563837,28.343079047747054,9,4,2012-04-01,0.2755026676106777,0.6798520135696209,15.723635193324617,31.30376931327024,48.46919810910388,19.00298317543315,0.5,33.736090642268515,median
Edirne,2012,5,0.5363805147922461,29.828213901570052,8,4,2012-05-01,0.42835692932455594,0.7104391864572026,21.789088380894995,37.95106456459813,38.29506561871173,50.259018889154916,0.5,44.277042253933324,median
Edirne,2012,6,0.483264596683511,40.35312129710952,10,3,2012-06-01,0.32570176457785815,0.543975793256036,27.434696048485225,44.3577027483714,72.185790063903,23.66353404143496,0.5,47.92466205266898,median
Edirne,2012,7,0.3450810504946481,45.19090830371104,12,4,2012-07-01,0.24145036974843187,0.5612946498717422,31.965500733772664,46.739004736987454,32.40035454323687,10.47887104467254,0.5,21.439612793954705,median
Edirne,2012,8,0.3062822498682794,42.73967168502969,10,3,2012-08-01,0.22902161447884106,0.4581346810583013,33.579157128574245,46.14653160875334,33.72161899925645,27.10876427766876,0.5,30.415191638462606,median
Edirne,2012,9,0.2768007450400073,40.61508639489153,8,3,2012-09-01,0.21934476573160666,0.3740988588743695,24.89643242742357,42.532933610188266,37.12727601679438,10.87430661797567,0.5,24.000791317385026,median
Edirne,2012,10,0.2542238453072297,29.353763158191576,11,3,2012-10-01,0.2152552748781966,0.3871591272349366,16.775228355909373,32.14921296752098,22.668817420196234,18.182988209953503,0.5,20.42590281507487,median
Edirne,2012,11,0.3637367871547445,14.15111842232281,5,1,2012-11-01,0.1360170943037856,0.4577540607226559,5.922846706738183,20.502005845352343,70.77821842656711,43.56141093356105,0.5,57.16981468006408,median
Edirne,2012,12,,,2,0,2012-12-01,-0.0706582638667896,0.48817755407240776,-9.239650185571737,12.559379713950367,,,0.5,,median
Edirne,2013,1,0.3900799686245065,10.670592872890882,4,1,2013-01-01,0.0804361668215798,0.4997658631957474,-6.942285549142835,14.54600131149539,73.8425645692004,18.034980935140975,0.5,45.93877275217069,median
Edirne,2013,2,,,6,0,2013-02-01,0.16567858107677053,0.5332797112639621,-0.43709362442281174,16.528278066350694,,,0.5,,median
Edirne,2013,3,0.5285118259001556,14.579524822615246,2,1,2013-03-01,0.20377400855741185,0.6389867659953827,-27.739797537950714,25.350341591394667,74.61587735948372,20.28779156622306,0.5,47.45183446285339,median
Edirne,2013,4,0.6291927022957382,23.195393945430965,8,2,2013-04-01,0.2755026676106777,0.6798520135696209,15.723635193324617,31.30376931327024,87.4714002186054,52.043039587566625,0.5,69.75721990308601,median
Edirne,2013,5,0.5004800139177452,35.80332207285397,19,7,2013-05-01,0.42835692932455594,0.7104391864572026,21.789088380894995,37.95106456459813,25.568103902144415,13.288860640135221,0.5,19.428482271139817,median
Edirne,2013,6,0.4204947157494508,37.63365957036928,22,7,2013-06-01,0.32570176457785815,0.543975793256036,27.434696048485225,44.3577027483714,43.428415073309026,39.733147290235046,0.5,41.58078118177204,median
Edirne,2013,7,0.39812906116358104,42.01130236914346,24,8,2013-07-01,0.24145036974843187,0.5612946498717422,31.965500733772664,46.739004736987454,48.985928825972586,32.00122575399325,0.5,40.49357728998292,median
Edirne,2013,8,0.3451622735884534,42.42727198600254,22,8,2013-08-01,0.22902161447884106,0.4581346810583013,33.579157128574245,46.14653160875334,50.69141661954615,29.594563515368417,0.5,40.14299006745728,median
Edirne,2013,9,0.29200556570232644,34.80658406201787,15,4,2013-09-01,0.21934476573160666,0.3740988588743695,24.89643242742357,42.532933610188266,46.95242529300286,43.80885680273696,0.5,45.380641047869915,median
Edirne,2013,10,0.2655856749791758,27.77241332750019,13,4,2013-10-01,0.2152552748781966,0.3871591272349366,16.775228355909373,32.14921296752098,29.278226991988547,28.46886965604934,0.5,28.87354832401894,median
Edirne,2013,11,0.3137946005923682,16.339869238836954,20,5,2013-11-01,0.1360170943037856,0.4577540607226559,5.922846706738183,20.502005845352343,55.25554252200337,28.548536763630022,0.5,41.902039642816696,median
Edirne,2013,12,0.3782658601114652,6.4989842023256195,19,4,2013-12-01,-0.0706582638667896,0.48817755407240776,-9.239650185571737,12.559379713950367,80.33202410570948,27.80121656586933,0.5,54.0666203357894,median
Edirne,2014,1,0.4428530381866597,11.384234024323858,17,3,2014-01-01,0.0804361668215798,0.4997658631957474,-6.942285549142835,14.54600131149539,86.42766646359708,14.713910455854851,0.5,50.57078845972596,median
Edirne,2014,2,0.5295415714629638,10.786474290539582,14,2,2014-02-01,0.16567858107677053,0.5332797112639621,-0.43709362442281174,16.528278066350694,98.98309893685725,33.844255701946985,0.5,66.41367731940211,median
Edirne,2014,3,0.5917213448597985,23.071550918702386,13,2,2014-03-01,0.20377400855741185,0.6389867659953827,-27.739797537950714,25.350341591394667,89.13969769318612,4.292304955427566,0.5,46.716001324306845,median
Edirne,2014,4,0.6063858746825552,20.558784576728065,14,5,2014-04-01,0.2755026676106777,0.6798520135696209,15.723635193324617,31.30376931327024,81.83102319286917,68.965932217403,0.5,75.39847770513609,median
Edirne,2014,5,0.5256976416441664,24.567126214833547,21,7,2014-05-01,0.42835692932455594,0.7104391864572026,21.789088380894995,37.95106456459813,34.50791741000459,82.81127380487186,0.5,58.65959560743822,median
Edirne,2014,6,0.4475790509248003,35.15742195189005,20,6,2014-06-01,0.32570176457785815,0.543975793256036,27.434696048485225,44.3577027483714,55.83682451137486,54.365521208138695,0.5,55.10117285975677,median
Edirne,2014,7,0.4734334129664155,37.877677967457245,22,6,2014-07-01,0.24145036974843187,0.5612946498717422,31.965500733772664,46.739004736987454,72.52999588691931,59.98121209160629,0.5,66.2556039892628,median
Edirne,2014,8,0.4581346810583013,37.38918013522839,22,7,2014-08-01,0.22902161447884106,0.4581346810583013,33.579157128574245,46.14653160875334,100.0,69.68322211880287,0.5,84.84161105940143,median
Edirne,2014,9,0.3740988588743695,33.0727862623914,22,7,2014-09-01,0.21934476573160666,0.3740988588743695,24.89643242742357,42.532933610188266,100.0,53.63959239852976,0.5,76.81979619926489,median
Edirne,2014,10,0.3342395512770028,24.556330924034395,19,5,2014-10-01,0.2152552748781966,0.3871591272349366,16.775228355909373,32.14921296752098,69.21559625777697,49.38786030624658,0.5,59.30172828201177,median
Edirne,2014,11,0.2944932043977852,15.079754493057358,15,2,2014-11-01,0.1360170943037856,0.4577540607226559,5.922846706738183,20.502005845352343,49.25641957091094,37.19179755664842,0.5,43.22410856377968,median
Edirne,2014,12,0.3792874370675728,8.10125444147265,14,3,2014-12-01,-0.0706582638667896,0.48817755407240776,-9.239650185571737,12.559379713950367,80.51482859377448,20.45102599990219,0.5,50.482927296838334,median
Edirne,2015,1,0.3142684683885695,2.285604568570718,17,4,2015-01-01,0.0804361668215798,0.4997658631957474,-6.942285549142835,14.54600131149539,55.7633536543859,57.056185178647254,0.5,56.40976941651658,median
Edirne,2015,2,0.3364464452855647,9.720573427314058,12,3,2015-02-01,0.16567858107677053,0.5332797112639621,-0.43709362442281174,16.528278066350694,46.454662454882815,40.127058593941435,0.5,43.290860524412125,median
Edirne,2015,3,0.34099921865431926,16.097288123328916,21,4,2015-03-01,0.20377400855741185,0.6389867659953827,-27.739797537950714,25.350341591394667,31.53060376831108,17.428949367644734,0.5,24.479776567977908,median
Edirne,2015,4,0.48560752845208854,25.26645195474933,19,6,2015-04-01,0.2755026676106777,0.6798520135696209,15.723635193324617,31.30376931327024,51.961221884292215,38.75009876065164,0.5,45.35566032247193,median
Edirne,2015,5,0.4527307544949556,37.27001629153742,22,7,2015-05-01,0.42835692932455594,0.7104391864572026,21.789088380894995,37.95106456459813,8.64067999815319,4.213892319352896,0.5,6.427286158753043,median
Edirne,2015,6,0.4346472835071875,37.05796061177245,21,6,2015-06-01,0.32570176457785815,0.543975793256036,27.434696048485225,44.3577027483714,49.912268348681145,43.13501888909639,0.5,46.52364361888877,median
Edirne,2015,7,0.41739837248369155,42.666903231618264,24,8,2015-07-01,0.24145036974843187,0.5612946498717422,31.965500733772664,46.739004736987454,55.01052032802527,27.563545550758167,0.5,41.28703293939172,median
Edirne,2015,8,0.33727574901470464,43.83558831698278,24,8,2015-08-01,0.22902161447884106,0.4581346810583013,33.579157128574245,46.14653160875334,47.24921897822848,18.388433442604235,0.5,32.818826210416354,median
Edirne,2015,9,0.3390174521827781,39.05982984184025,20,5,2015-09-01,0.21934476573160666,0.3740988588743695,24.89643242742357,42.532933610188266,77.33086991164215,19.692702834630914,0.5,48.51178637313653,median
Edirne,2015,10,0.3388679334001865,21.57927194992415,16,6,2015-10-01,0.2152552748781966,0.3871591272349366,16.775228355909373,32.14921296752098,71.90802115677154,68.75212434916583,0.5,70.33007275296868,median
Edirne,2015,11,0.3231205782240341,18.552166936241345,20,5,2015-11-01,0.1360170943037856,0.4577540607226559,5.922846706738183,20.502005845352343,58.15417668750502,13.374152038348228,0.5,35.76416436292662,median
Edirne,2015,12,0.48817755407240776,9.947106773406313,22,8,2015-12-01,-0.0706582638667896,0.48817755407240776,-9.239650185571737,12.559379713950367,100.0,11.983436660185152,0.5,55.991718330092574,median
Edirne,2016,1,0.4567139884844844,3.5225968396806064,19,4,2016-01-01,0.0804361668215798,0.4997658631957474,-6.942285549142835,14.54600131149539,89.7331681768496,51.299596581648466,0.5,70.51638237924904,median
Edirne,2016,2,0.4250440901086896,11.400072321610413,14,3,2016-02-01,0.16567858107677053,0.5332797112639621,-0.43709362442281174,16.528278066350694,70.55623275691337,30.227488310964734,0.5,50.39186053393905,median
Edirne,2016,3,0.5614586081189077,18.852346767732595,19,5,2016-03-01,0.20377400855741185,0.6389867659953827,-27.739797537950714,25.350341591394667,82.18614768260215,12.239551318241563,0.5,47.21284950042186,median
Edirne,2016,4,0.5989260374080618,29.353488773060363,19,4,2016-04-01,0.2755026676106777,0.6798520135696209,15.723635193324617,31.30376931327024,79.98612413490187,12.51773909772148,0.5,46.25193161631167,median
Edirne,2016,5,0.5745699684802177,26.672187806945136,21,6,2016-05-01,0.42835692932455594,0.7104391864572026,21.789088380894995,37.95106456459813,51.833476037064734,69.78649534842158,0.5,60.809985692743155,median
Edirne,2016,6,0.4409603960381794,39.826514593450504,18,6,2016-06-01,0.32570176457785815,0.543975793256036,27.434696048485225,44.3577027483714,52.80455588706708,26.77531383918541,0.5,39.78993486312625,median
Edirne,2016,7,0.3642212217168209,42.6090866737882,24,8,2016-07-01,0.24145036974843187,0.5612946498717422,31.965500733772664,46.739004736987454,38.38457011676336,27.95489859616625,0.5,33.16973435646481,median
Edirne,2016,8,0.3159026524444713,42.63915514341282,24,7,2016-08-01,0.22902161447884106,0.4581346810583013,33.579157128574245,46.14653160875334,37.920594954586946,27.908585606900264,0.5,32.9145902807436,median
Edirne,2016,9,0.2753247887130495,37.13991278164969,20,7,2016-09-01,0.21934476573160666,0.3740988588743695,24.89643242742357,42.532933610188266,36.173533019123745,30.578745595010158,0.5,33.37613930706695,median
Edirne,2016,10,0.2613482609149149,25.85470017768203,20,3,2016-10-01,0.2152552748781966,0.3871591272349366,16.775228355909373,32.14921296752098,26.813236239211662,40.94262449752196,0.5,33.87793036836681,median
Edirne,2016,11,0.2714574116298973,16.397155386758303,23,7,2016-11-01,0.1360170943037856,0.4577540607226559,5.922846706738183,20.502005845352343,42.09659798612682,28.155604994543136,0.5,35.126101490334975,median
Edirne,2016,12,0.2825460057283285,6.049841512923399,19,8,2016-12-01,-0.0706582638667896,0.48817755407240776,-9.239650185571737,12.559379713950367,63.20358471252241,29.861595818856486,0.5,46.53259026568945,median
Edirne,2017,1,0.23762944833613298,2.5688007393079433,20,4,2017-01-01,0.0804361668215798,0.4997658631957474,-6.942285549142835,14.54600131149539,37.48679925933262,55.738275693475686,0.5,46.61253747640416,median
Edirne,2017,2,0.3033242488379736,10.017474186615665,15,4,2017-02-01,0.16567858107677053,0.5332797112639621,-0.43709362442281174,16.528278066350694,37.44429939350581,38.377018779234184,0.5,37.910659086369996,median
Edirne,2017,3,0.4730608311306419,15.544433589672874,16,6,2017-03-01,0.20377400855741185,0.6389867659953827,-27.739797537950714,25.350341591394667,61.87475389243625,18.470300064257344,0.5,40.172526978346795,median
Edirne,2017,4,0.5562326765550734,27.300261800827933,22,8,2017-04-01,0.2755026676106777,0.6798520135696209,15.723635193324617,31.30376931327024,69.42759070838225,25.69623266154708,0.5,47.56191168496467,median
Edirne,2017,5,0.599334431212535,30.2444694868368,21,6,2017-05-01,0.42835692932455594,0.7104391864572026,21.789088380894995,37.95106456459813,60.612639598802716,47.683494828635155,0.5,54.14806721371893,median
Edirne,2017,6,0.543975793256036,35.44738611122866,22,8,2017-06-01,0.32570176457785815,0.543975793256036,27.434696048485225,44.3577027483714,100.0,52.65208952025453,0.5,76.32604476012726,median
Edirne,2017,7,0.4002441336275504,40.20166973896153,21,7,2017-07-01,0.24145036974843187,0.5612946498717422,31.965500733772664,46.739004736987454,49.64721076703276,44.25040258968603,0.5,46.9488066783594,median
Edirne,2017,8,0.3507940605767399,40.76424086073633,22,7,2017-08-01,0.22902161447884106,0.4581346810583013,33.579157128574245,46.14653160875334,53.14949859294303,42.82748760694453,0.5,47.98849309994378,median
Edirne,2017,9,0.305934489510197,42.532933610188266,24,7,2017-09-01,0.21934476573160666,0.3740988588743695,24.89643242742357,42.532933610188266,55.95310729436418,0.0,0.5,27.97655364718209,median
Edirne,2017,10,0.299396778826451,26.61064201621065,23,7,2017-10-01,0.2152552748781966,0.3871591272349366,16.775228355909373,32.14921296752098,48.94684022184763,36.02560488532802,0.5,42.48622255358782,median
Edirne,2017,11,0.3408757055406385,14.682363187422007,21,5,2017-11-01,0.1360170943037856,0.4577540607226559,5.922846706738183,20.502005845352343,63.672699322385874,39.91754670210377,0.5,51.79512301224482,median
Edirne,2017,12,0.4715620749556656,9.914370674260308,21,6,2017-12-01,-0.0706582638667896,0.48817755407240776,-9.239650185571737,12.559379713950367,97.02676911834061,12.133608935267551,0.5,54.58018902680408,median
Edirne,2018,1,0.4997658631957474,3.006848563151221,19,3,2018-01-01,0.0804361668215798,0.4997658631957474,-6.942285549142835,14.54600131149539,100.0,53.699733362557325,0.5,76.84986668127866,median
Edirne,2018,2,0.4720730491740665,12.473601568281532,13,4,2018-02-01,0.16567858107677053,0.5332797112639621,-0.43709362442281174,16.528278066350694,83.34970785896995,23.899720984446617,0.5,53.62471442170828,median
Edirne,2018,3,0.5928627075301047,17.76204812445411,18,4,2018-03-01,0.20377400855741185,0.6389867659953827,-27.739797537950714,25.350341591394667,89.40195164847577,14.293225806873343,0.5,51.847588727674555,median
Edirne,2018,4,0.5471213497534448,29.009217298162405,22,8,2018-04-01,0.2755026676106777,0.6798520135696209,15.723635193324617,31.30376931327024,67.17426029182863,14.727421455058979,0.5,40.9508408734438,median
Edirne,2018,5,0.46335759179147196,36.163802959825304,20,6,2018-05-01,0.42835692932455594,0.7104391864572026,21.789088380894995,37.95106456459813,12.40796313199425,11.058434837783027,0.5,11.733198984888638,median
Edirne,2018,6,0.4235023915231055,32.70320865874777,22,5,2018-06-01,0.32570176457785815,0.543975793256036,27.434696048485225,44.3577027483714,44.806350777281025,68.86775084537443,0.5,56.83705081132773,median
Edirne,2018,7,0.5612946498717422,34.12004257557048,24,8,2018-07-01,0.24145036974843187,0.5612946498717422,31.965500733772664,46.739004736987454,100.0,85.41617586911693,0.5,92.70808793455846,median
Edirne,2018,8,0.4508480969718268,39.039617086774726,24,8,2018-08-01,0.22902161447884106,0.4581346810583013,33.579157128574245,46.14653160875334,96.81965581655408,56.55051127176514,0.5,76.68508354415961,median
Edirne,2018,9,0.3463997259989089,35.83924637571844,22,7,2018-09-01,0.21934476573160666,0.3740988588743695,24.89643242742357,42.532933610188266,82.10119531384042,37.95360068929797,0.5,60.027398001569196,median
Edirne,2018,10,0.2942253389319178,26.899477982099896,19,4,2018-10-01,0.2152552748781966,0.3871591272349366,16.775228355909373,32.14921296752098,45.93850746860529,34.146872902787244,0.5,40.042690185696266,median
Edirne,2018,11,0.34833262403020965,12.468290153671173,18,2,2018-11-01,0.1360170943037856,0.4577540607226559,5.922846706738183,20.502005845352343,65.99040579316268,55.10410864782443,0.5,60.547257220493556,median
Edirne,2018,12,0.3439729943619791,4.046332062072708,11,3,2018-12-01,-0.0706582638667896,0.48817755407240776,-9.239650185571737,12.559379713950367,74.19554096546501,39.05241513552073,0.5,56.62397805049287,median
Edirne,2019,1,0.322345901389066,8.583713826437503,13,3,2019-01-01,0.0804361668215798,0.4997658631957474,-6.942285549142835,14.54600131149539,57.68962624379227,27.746686014227944,0.5,42.718156129010104,median
Edirne,2019,2,0.3608947274989645,16.151408763683794,18,5,2019-02-01,0.16567858107677053,0.5332797112639621,-0.43709362442281174,16.528278066350694,53.10542606949687,2.2214031589526457,0.5,27.66341461422476,median
Edirne,2019,3,0.44970581758926725,23.52342002392041,22,6,2019-03-01,0.20377400855741185,0.6389867659953827,-27.739797537950714,25.350341591394667,56.50840992796657,3.441169297038881,0.5,29.974789612502725,median
Edirne,2019,4,0.5282768269307072,27.16833266804209,15,5,2019-04-01,0.2755026676106777,0.6798520135696209,15.723635193324617,31.30376931327024,62.513804423389786,26.543010563265828,0.5,44.528407493327805,median
Edirne,2019,5,0.5898945145110148,28.712045849071934,24,8,2019-05-01,0.42835692932455594,0.7104391864572026,21.789088380894995,37.95106456459813,57.26612755742991,57.16515487036989,0.5,57.2156412138999,median
Edirne,2019,6,0.5196350626122523,33.872505625669895,23,7,2019-06-01,0.32570176457785815,0.543975793256036,27.434696048485225,44.3577027483714,88.84854474387721,61.95824009673192,0.5,75.40339242030457,median
Edirne,2019,7,0.4261716172607639,42.33168322843615,22,7,2019-07-01,0.24145036974843187,0.5612946498717422,31.965500733772664,46.739004736987454,57.75349411942462,29.832607806463855,0.5,43.793050962944235,median
Edirne,2019,8,0.3720503688290956,41.869221003597104,22,8,2019-08-01,0.22902161447884106,0.4581346810583013,33.579157128574245,46.14653160875334,62.427148519113274,34.035037405006825,0.5,48.231092962060046,median
Edirne,2019,9,0.3310298746141008,37.09774940639345,19,6,2019-09-01,0.21934476573160666,0.3740988588743695,24.89643242742357,42.532933610188266,72.16940541886868,30.81781441494962,0.5,51.49360991690915,median
Edirne,2019,10,0.3027484251081905,28.196266061782133,23,8,2019-10-01,0.2152552748781966,0.3871591272349366,16.775228355909373,32.14921296752098,50.89656167124486,25.71192183159388,0.5,38.30424175141937,median
Edirne,2019,11,0.2917782432869433,20.34085665305295,22,7,2019-11-01,0.1360170943037856,0.4577540607226559,5.922846706738183,20.502005845352343,48.412574631033166,1.105339414757993,0.5,24.75895702289558,median
Edirne,2019,12,0.39823924146265766,6.054837427528067,17,4,2019-12-01,-0.0706582638667896,0.48817755407240776,-9.239650185571737,12.559379713950367,83.90612954240962,29.83867775953139,0.5,56.872403650970504,median
Edirne,2020,1,0.428506303995971,6.846338115812386,19,5,2020-01-01,0.0804361668215798,0.4997658631957474,-6.942285549142835,14.54600131149539,83.00631703026548,35.831908079126954,0.5,59.41911255469621,median
Edirne,2020,2,0.4752827855459708,7.964769651096996,16,3,2020-02-01,0.16567858107677053,0.5332797112639621,-0.43709362442281174,16.528278066350694,84.2228652320906,50.4763972834789,0.5,67.34963125778475,median
Edirne,2020,3,0.564002343393466,15.324201028501555,18,4,2020-03-01,0.20377400855741185,0.6389867659953827,-27.739797537950714,25.350341591394667,82.77062854422324,18.885127685324147,0.5,50.827878114773696,median
Edirne,2020,4,0.5990060871119501,26.008753210725143,21,7,2020-04-01,0.2755026676106777,0.6798520135696209,15.723635193324617,31.30376931327024,80.00592129908387,33.985690121668725,0.5,56.995805710376295,median
Edirne,2020,5,0.5817677681793416,26.054876321862004,21,6,2020-05-01,0.42835692932455594,0.7104391864572026,21.789088380894995,37.95106456459813,54.385142977158466,73.60602507712888,0.5,63.99558402714367,median
Edirne,2020,6,0.4593457548721098,33.56237350070167,22,8,2020-06-01,0.32570176457785815,0.543975793256036,27.434696048485225,44.3577027483714,61.22761883471521,63.79084662149512,0.5,62.50923272810516,median
Edirne,2020,7,0.3481115495648625,42.6617262991585,22,6,2020-07-01,0.24145036974843187,0.5612946498717422,31.965500733772664,46.739004736987454,33.347846575624025,27.59858755879252,0.5,30.473217067208274,median
Edirne,2020,8,0.2875547935409626,40.65419058015944,22,6,2020-08-01,0.22902161447884106,0.4581346810583013,33.579157128574245,46.14653160875334,25.547726254111847,43.70316996009205,0.5,34.625448107101946,median
Edirne,2020,9,0.253982359066771,40.83752074042573,24,7,2020-09-01,0.21934476573160666,0.3740988588743695,24.89643242742357,42.532933610188266,22.382343905573272,9.613090783671879,0.5,15.997717344622576,median
Edirne,2020,10,0.24931743640807164,25.820023034716364,23,8,2020-10-01,0.2152552748781966,0.3871591272349366,16.775228355909373,32.14921296752098,19.814658637892666,41.1681817869411,0.5,30.491420212416884,median
Edirne,2020,11,0.3486878204201447,11.341342742757377,16,5,2020-11-01,0.1360170943037856,0.4577540607226559,5.922846706738183,20.502005845352343,66.1008054136628,62.83396055628587,0.5,64.46738298497434,median
Edirne,2020,12,0.4742988329696062,12.559379713950367,11,3,2020-12-01,-0.0706582638667896,0.48817755407240776,-9.239650185571737,12.559379713950367,97.51649399389221,0.0,0.5,48.758246996946106,median
Edirne,2021,1,0.4592284030210406,2.9123241303631233,14,4,2021-01-01,0.0804361668215798,0.4997658631957474,-6.942285549142835,14.54600131149539,90.33279528609029,54.13962153698991,0.5,72.2362084115401,median
Edirne,2021,2,0.5332797112639621,13.902836339343434,19,6,2021-02-01,0.16567858107677053,0.5332797112639621,-0.43709362442281174,16.528278066350694,100.0,15.475297416767399,0.5,57.7376487083837,median
Edirne,2021,3,0.5329871729895286,16.181352110975745,17,6,2021-03-01,0.20377400855741185,0.6389867659953827,-27.739797537950714,25.350341591394667,75.6441898372058,17.270607368498677,0.5,46.45739860285224,median
Edirne,2021,4,0.6226116068902234,23.2626591015786,20,6,2021-04-01,0.2755026676106777,0.6798520135696209,15.723635193324617,31.30376931327024,85.84382360168092,51.611302892427894,0.5,68.7275632470544,median
Edirne,2021,5,0.5770369631302426,28.3051236231229,21,5,2021-05-01,0.42835692932455594,0.7104391864572026,21.789088380894995,37.95106456459813,52.70804173116466,59.682930056546404,0.5,56.19548589385553,median
Edirne,2021,6,0.5002436478013159,30.99253950126275,21,7,2021-06-01,0.32570176457785815,0.543975793256036,27.434696048485225,44.3577027483714,79.96456760359771,78.97629235825183,0.5,79.47042998092476,median
Edirne,2021,7,0.45593355817623527,41.09247395358513,24,8,2021-07-01,0.24145036974843187,0.5612946498717422,31.965500733772664,46.739004736987454,67.0586287630697,38.22066032657935,0.5,52.63964454482453,median
Edirne,2021,8,0.3536059248760292,42.50567935206291,24,8,2021-08-01,0.22902161447884106,0.4581346810583013,33.579157128574245,46.14653160875334,54.376780974200884,28.970667361211188,0.5,41.673724167706034,median
Edirne,2021,9,0.3129607259673981,31.80321159931119,23,7,2021-09-01,0.21934476573160666,0.3740988588743695,24.89643242742357,42.532933610188266,60.49336617509005,60.838155480423275,0.5,60.665760827756664,median
Edirne,2021,10,0.29216567295157314,20.794865949423468,17,4,2021-10-01,0.2152552748781966,0.3871591272349366,16.775228355909373,32.14921296752098,44.74035748411838,73.85428894941032,0.5,59.29732321676435,median
Edirne,2021,11,0.2836093161440722,7.86282006435111,18,2,2021-11-01,0.1360170943037856,0.4577540607226559,5.922846706738183,20.502005845352343,45.873566684947185,86.69351682653124,0.5,66.28354175573921,median
Edirne,2021,12,0.4227465902228184,11.011900622398429,29,7,2021-12-01,-0.0706582638667896,0.48817755407240776,-9.239650185571737,12.559379713950367,88.29155867444625,7.098843841605371,0.5,47.69520125802581,median
Edirne,2022,1,0.46100045634578846,5.460545058457139,26,6,2022-01-01,0.0804361668215798,0.4997658631957474,-6.942285549142835,14.54600131149539,90.75538718455833,42.28097061418512,0.5,66.51817889937172,median
Edirne,2022,2,0.42765828475837186,9.598530422414559,28,6,2022-02-01,0.16567858107677053,0.5332797112639621,-0.43709362442281174,16.528278066350694,71.26738254264747,40.846423940742945,0.5,56.05690324169521,median
Edirne,2022,3,0.44613761928853135,15.791153434563505,23,4,2022-03-01,0.20377400855741185,0.6389867659953827,-27.739797537950714,25.350341591394667,55.68853545513601,18.005581287970962,0.5,36.84705837155349,median
Edirne,2022,4,0.5016928405945333,31.30376931327024,20,5,2022-04-01,0.2755026676106777,0.6798520135696209,15.723635193324617,31.30376931327024,55.93929488062596,0.0,0.5,27.96964744031298,median
Edirne,2022,5,0.5650748849200247,30.882532188524053,28,9,2022-05-01,0.42835692932455594,0.7104391864572026,21.789088380894995,37.95106456459813,48.46740698447344,43.735569807370474,0.5,46.10148839592196,median
Edirne,2022,6,0.5132861212635893,33.38728845505352,32,11,2022-06-01,0.32570176457785815,0.543975793256036,27.434696048485225,44.3577027483714,85.93984260138646,64.82544436616968,0.5,75.38264348377807,median
Edirne,2022,7,0.41431160940905953,42.294002669848005,36,12,2022-07-01,0.24145036974843187,0.5612946498717422,31.965500733772664,46.739004736987454,54.04543723401403,30.087662792606235,0.5,42.066550013310135,median
Edirne,2022,8,0.3806636743187371,41.73476310952887,33,11,2022-08-01,0.22902161447884106,0.4581346810583013,33.579157128574245,46.14653160875334,66.18656111754501,35.10493386015183,0.5,50.64574748884842,median
Edirne,2022,9,0.366384064861812,32.80321184612207,30,9,2022-09-01,0.21934476573160666,0.3740988588743695,24.89643242742357,42.532933610188266,95.01480454837439,55.168095209125646,0.5,75.09144987875001,median
Edirne,2022,10,0.3319044890079798,24.833490583251123,33,11,2022-10-01,0.2152552748781966,0.3871591272349366,16.775228355909373,32.14921296752098,67.8572425984435,47.58507679749117,0.5,57.72115969796734,median
Edirne,2022,11,0.2735139544769,20.26170570222577,32,11,2022-11-01,0.1360170943037856,0.4577540607226559,5.922846706738183,20.502005845352343,42.73579803512751,1.6482441877605916,0.5,22.19202111144405,median
Edirne,2022,12,0.3899905397582861,8.772962333020782,18,4,2022-12-01,-0.0706582638667896,0.48817755407240776,-9.239650185571737,12.559379713950367,82.43007853787844,17.369660018735942,0.5,49.89986927830719,median
Edirne,2023,1,0.4442889141611065,10.691939113711609,19,4,2023-01-01,0.0804361668215798,0.4997658631957474,-6.942285549142835,14.54600131149539,86.7700881873296,17.935641974528775,0.5,52.35286508092919,median
Edirne,2023,2,0.43709915859184156,12.321243968159848,18,4,2023-02-01,0.16567858107677053,0.5332797112639621,-0.43709362442281174,16.528278066350694,73.83562106483649,24.797771453948226,0.5,49.31669625939236,median
Edirne,2023,3,0.5741359920471548,21.88993759056201,16,3,2023-03-01,0.20377400855741185,0.6389867659953827,-27.739797537950714,25.350341591394667,85.09906411521706,6.517978776438977,0.5,45.80852144582802,median
Edirne,2023,4,0.6340092223348314,19.229514807480736,17,3,2023-04-01,0.2755026676106777,0.6798520135696209,15.723635193324617,31.30376931327024,88.66257811643789,77.4977571620009,0.5,83.08016763921938,median
Edirne,2023,5,0.6234459423316129,28.671980162434995,21,5,2023-05-01,0.42835692932455594,0.7104391864572026,21.789088380894995,37.95106456459813,69.16032755485152,57.413055784104316,0.5,63.28669166947792,median
Edirne,2023,6,0.4656470807650625,36.8837837548634,20,7,2023-06-01,0.32570176457785815,0.543975793256036,27.434696048485225,44.3577027483714,64.11450644617875,44.16425004168006,0.5,54.13937824392941,median
Edirne,2023,7,0.4256775687109305,45.08052227097048,22,7,2023-07-01,0.24145036974843187,0.5612946498717422,31.965500733772664,46.739004736987454,57.59902878096588,11.226060287769801,0.5,34.41254453436784,median
Edirne,2023,8,0.35043340718889343,42.16571659262995,24,8,2023-08-01,0.22902161447884106,0.4581346810583013,33.579157128574245,46.14653160875334,52.992085751663026,31.675788943838835,0.5,42.33393734775093,median
Edirne,2023,9,0.31736106018884946,35.787972494193006,23,8,2023-09-01,0.21934476573160666,0.3740988588743695,24.89643242742357,42.532933610188266,63.3368025793162,38.24432661613623,0.5,50.79056459772622,median
Edirne,2023,10,0.25522133569626776,32.14921296752098,24,8,2023-10-01,0.2152552748781966,0.3871591272349366,16.775228355909373,32.14921296752098,23.249078057385475,0.0,0.5,11.624539028692737,median
Edirne,2023,11,0.313774154883818,16.403284288906733,20,6,2023-11-01,0.1360170943037856,0.4577540607226559,5.922846706738183,20.502005845352343,55.24918773200899,28.113566204170127,0.5,41.68137696808956,median
Edirne,2023,12,0.385891144740957,10.102816501362025,13,1,2023-12-01,-0.0706582638667896,0.48817755407240776,-9.239650185571737,12.559379713950367,81.69651871838684,11.269140066834797,0.5,46.48282939261082,median
Edirne,2024,1,0.43363179869751123,9.041443464722065,13,6,2024-01-01,0.0804361668215798,0.4997658631957474,-6.942285549142835,14.54600131149539,84.22862366532115,25.616550460597463,0.5,54.92258706295931,median
Edirne,2024,2,0.4264254130353311,12.560727083336076,21,3,2024-02-01,0.16567858107677053,0.5332797112639621,-0.43709362442281174,16.528278066350694,70.93199953595949,23.386171876047623,0.5,47.15908570600356,median
Edirne,2024,3,0.5914850455682356,17.805971346187118,18,3,2024-03-01,0.20377400855741185,0.6389867659953827,-27.739797537950714,25.350341591394667,89.0854025725757,14.21049251128714,0.5,51.64794754193142,median
Edirne,2024,4,0.6189816805090883,25.03250545813376,19,5,2024-04-01,0.2755026676106777,0.6798520135696209,15.723635193324617,31.30376931327024,84.9461032473852,40.25166796932791,0.5,62.598885608356554,median
Edirne,2024,5,0.5520031607900862,31.186887909485932,19,4,2024-05-01,0.42835692932455594,0.7104391864572026,21.789088380894995,37.95106456459813,43.83339552171361,41.85241073386079,0.5,42.8429031277872,median
Edirne,2024,6,0.423491761093037,41.937843250333984,22,7,2024-06-01,0.32570176457785815,0.543975793256036,27.434696048485225,44.3577027483714,44.80148055514197,14.299229096527474,0.5,29.550354825834724,median
Edirne,2024,7,0.3062242434342428,46.739004736987454,24,7,2024-07-01,0.24145036974843187,0.5612946498717422,31.965500733772664,46.739004736987454,20.251690497900583,0.0,0.5,10.125845248950291,median
Edirne,2024,8,0.28401882153231867,46.14653160875334,24,8,2024-08-01,0.22902161447884106,0.4581346810583013,33.579157128574245,46.14653160875334,24.004395678761366,0.0,0.5,12.002197839380683,median
Edirne,2024,9,0.26551661602786036,36.732679629115125,22,8,2024-09-01,0.21934476573160666,0.3740988588743695,24.89643242742357,42.532933610188266,29.835624608429267,32.8877815444565,0.5,31.361703076442886,median
Edirne,2024,10,0.2795565529858057,27.101118351952696,22,7,2024-10-01,0.2152552748781966,0.3871591272349366,16.775228355909373,32.14921296752098,37.405373542280564,32.83530420445184,0.5,35.1203388733662,median
Edirne,2024,11,0.2761316796203859,15.536348864868778,16,4,2024-11-01,0.1360170943037856,0.4577540607226559,5.922846706738183,20.502005845352343,43.54942078187704,34.05996829633059,0.5,38.804694539103814,median
Edirne,2024,12,0.3232025400764944,12.178854202454907,11,3,2024-12-01,-0.0706582638667896,0.48817755407240776,-9.239650185571737,12.559379713950367,70.47880456118811,1.7456075488194176,0.5,36.11220605500377,median
Ipsala,1985,1,,,3,0,1985-01-01,-0.10399199122814855,0.5088744066048624,-16.46342653848386,17.591864007711404,,,0.5,,median
Ipsala,1985,2,0.2673356240199801,4.599019528781234,4,2,1985-02-01,0.0944061650553224,0.515971904372805,-13.106780422233172,17.71181232473623,41.02075734252777,42.54831784051679,0.5,41.78453759152228,median
Ipsala,1985,3,0.2351896083474198,9.755598849580947,7,2,1985-03-01,0.19555926945422458,0.6090426329630548,8.341078031013737,25.058319247195683,9.584506268134025,91.53855112649818,0.5,50.5615286973161,median
Ipsala,1985,4,0.3813928042096013,23.86010183773895,2,1,1985-04-01,0.3453775117565418,0.6966718339504939,14.830864859793685,31.683919389949388,10.252170381841585,46.42373605455934,0.5,28.337953218200465,median
Ipsala,1985,5,0.4421581334084173,30.389126882126888,7,3,1985-05-01,0.3659773426551294,0.6636913747400552,22.10173497356849,37.85444081009589,25.588579154225624,47.39067691252393,0.5,36.48962803337478,median
Ipsala,1985,6,0.3999562390693522,33.87281901071469,5,5,1985-06-01,0.3112044086058934,0.4890649378286841,20.51256947000001,41.67829131580263,49.89967748959464,36.8778932367754,0.5,43.38878536318502,median
Ipsala,1985,7,0.31616109364693523,43.7457867513606,10,4,1985-07-01,0.28134562121537565,0.5414239383379698,31.76394327110042,45.34392813061257,13.38653403203485,11.76835906508796,0.5,12.577446548561404,median
Ipsala,1985,8,,,2,0,1985-08-01,0.21663381085070985,0.5964769784635997,31.72572693628245,46.33685992700866,,,0.5,,median
Ipsala,1985,9,0.2269489244976635,33.64301687778159,4,3,1985-09-01,0.2176644384755197,0.3821012373120264,23.62402646858736,42.349027302057685,5.646233743199422,46.494045590184356,0.5,26.07013966669189,median
Ipsala,1985,10,0.2149834474063882,26.732324707600625,2,1,1985-10-01,0.195294517878708,0.3143085517756275,17.56646880341141,30.779780568394372,16.543367939896218,30.63165338700359,0.5,23.587510663449905,median
Ipsala,1985,11,,,1,0,1985-11-01,0.1735375172947377,0.4199140322169447,6.215977314367644,24.22777124324276,,,0.5,,median
Ipsala,1985,12,,,2,0,1985-12-01,-0.11386886656522574,0.480340181237802,-5.15340232662788,15.515324304052502,,,0.5,,median
Ipsala,1986,1,,,1,0,1986-01-01,-0.10399199122814855,0.5088744066048624,-16.46342653848386,17.591864007711404,,,0.5,,median
Ipsala,1986,2,0.0944061650553224,-9.591202551569133,4,1,1986-02-01,0.0944061650553224,0.515971904372805,-13.106780422233172,17.71181232473623,0.0,88.59267228867954,0.5,44.29633614433977,median
Ipsala,1986,3,,,3,0,1986-03-01,0.19555926945422458,0.6090426329630548,8.341078031013737,25.058319247195683,,,0.5,,median
Ipsala,1986,4,0.4450722631747454,27.987374001111576,8,5,1986-04-01,0.3453775117565418,0.6966718339504939,14.830864859793685,31.683919389949388,28.379266364334068,21.933978687504197,0.5,25.156622525919133,median
Ipsala,1986,5,0.39689006030589524,35.46438259602016,12,6,1986-05-01,0.3659773426551294,0.6636913747400552,22.10173497356849,37.85444081009589,10.383359304323186,15.172366188249761,0.5,12.777862746286473,median
Ipsala,1986,6,0.3195728932221117,32.24931583799896,6,1,1986-06-01,0.3112044086058934,0.4890649378286841,20.51256947000001,41.67829131580263,4.7050824895139165,44.54832935297946,0.5,24.62670592124669,median
Ipsala,1986,7,0.36660691767892783,35.17058066371813,8,4,1986-07-01,0.28134562121537565,0.5414239383379698,31.76394327110042,45.34392813061257,32.78293146727886,74.9142769461078,0.5,53.84860420669333,median
Ipsala,1986,8,0.27778433514069945,37.85299413049529,12,6,1986-08-01,0.21663381085070985,0.5964769784635997,31.72572693628245,46.33685992700866,16.098887515678584,58.064393787245244,0.5,37.08164065146191,median
Ipsala,1986,9,0.2353162714478651,33.72659095673109,12,5,1986-09-01,0.2176644384755197,0.3821012373120264,23.62402646858736,42.349027302057685,10.7347218489068,46.04772209096128,0.5,28.39122196993404,median
Ipsala,1986,10,0.2224562774861193,25.47861758212832,8,3,1986-10-01,0.195294517878708,0.3143085517756275,17.56646880341141,30.779780568394372,22.822316594139355,40.11986609076192,0.5,31.471091342450634,median
Ipsala,1986,11,0.1954894743171673,12.497067850678366,6,1,1986-11-01,0.1735375172947377,0.4199140322169447,6.215977314367644,24.22777124324276,8.90992269671518,65.1279014121888,0.5,37.018912054451995,median
Ipsala,1986,12,0.2310295467065083,7.528508607389859,6,1,1986-12-01,-0.11386886656522574,0.480340181237802,-5.15340232662788,15.515324304052502,58.043278631809585,38.64203073259056,0.5,48.34265468220008,median
Ipsala,1987,1,0.17088097550939474,-0.0345983384748164,7,2,1987-01-01,-0.10399199122814855,0.5088744066048624,-16.46342653848386,17.591864007711404,44.85038953178806,51.75836724187187,0.5,48.30437838682997,median
Ipsala,1987,2,0.24379279321868796,6.846179196349511,8,4,1987-02-01,0.0944061650553224,0.515971904372805,-13.106780422233172,17.71181232473623,35.43614061361423,35.25674652829568,0.5,35.34644357095495,median
Ipsala,1987,3,0.23840520711907115,14.771307804066936,4,4,1987-03-01,0.19555926945422458,0.6090426329630548,8.341078031013737,25.058319247195683,10.362191431658786,61.535341328754235,0.5,35.94876638020651,median
Ipsala,1987,4,0.4112266871611965,26.37710761450696,8,2,1987-04-01,0.3453775117565418,0.6966718339504939,14.830864859793685,31.683919389949388,18.744730912075166,31.48872369662592,0.5,25.116727304350544,median
Ipsala,1987,5,0.51502087895393,28.31370742567719,11,4,1987-05-01,0.3659773426551294,0.6636913747400552,22.10173497356849,37.85444081009589,50.06265081126055,60.565679848446294,0.5,55.314165329853424,median
Ipsala,1987,6,0.437073707103823,33.26685475934512,11,6,1987-06-01,0.3112044086058934,0.4890649378286841,20.51256947000001,41.67829131580263,70.76853928634378,39.740844265727624,0.5,55.2546917760357,median
Ipsala,1987,7,0.3895462240384745,39.021235030585245,10,6,1987-07-01,0.28134562121537565,0.5414239383379698,31.76394327110042,45.34392813061257,41.60308480160456,46.558911261219635,0.5,44.08099803141209,median
Ipsala,1987,8,0.3213275578210339,36.59746892895958,12,7,1987-08-01,0.21663381085070985,0.5964769784635997,31.72572693628245,46.33685992700866,27.562361494684236,66.65732906702542,0.5,47.10984528085483,median
Ipsala,1987,9,0.2571683150367324,33.171283055436234,10,5,1987-09-01,0.2176644384755197,0.3821012373120264,23.62402646858736,42.349027302057685,24.023744588028556,49.013318227556674,0.5,36.518531407792615,median
Ipsala,1987,10,0.24954548630203494,21.71438664653546,9,4,1987-10-01,0.195294517878708,0.3143085517756275,17.56646880341141,30.779780568394372,45.58367332571453,68.60803773572812,0.5,57.09585553072132,median
Ipsala,1987,11,0.1735375172947377,14.257303416470158,7,3,1987-11-01,0.1735375172947377,0.4199140322169447,6.215977314367644,24.22777124324276,0.0,55.3552181761791,0.5,27.67760908808955,median
Ipsala,1987,12,0.3675963843529211,5.694459738686885,4,1,1987-12-01,-0.11386886656522574,0.480340181237802,-5.15340232662788,15.515324304052502,81.02624029342383,47.51557626577564,0.5,64.27090827959974,median
Ipsala,1988,1,0.35347570884473256,4.980296802752635,3,2,1988-01-01,-0.10399199122814855,0.5088744066048624,-16.46342653848386,17.591864007711404,74.64395204083752,37.03262254612525,0.5,55.838287293481386,median
Ipsala,1988,2,0.3346937047342829,8.726700247239199,4,1,1988-02-01,0.0944061650553224,0.515971904372805,-13.106780422233172,17.71181232473623,56.9988301392773,29.154842180068705,0.5,43.07683615967301,median
Ipsala,1988,3,0.40299865466696994,14.908643707136648,6,4,1988-03-01,0.19555926945422458,0.6090426329630548,8.341078031013737,25.058319247195683,50.16873797591504,60.71381879824979,0.5,55.44127838708242,median
Ipsala,1988,4,0.4977147819338184,21.66695276281689,6,3,1988-04-01,0.3453775117565418,0.6966718339504939,14.830864859793685,31.683919389949388,43.36456940888732,59.43709853432695,0.5,51.400833971607135,median
Ipsala,1988,5,0.4356851871952315,36.72629316602379,11,5,1988-05-01,0.3659773426551294,0.6636913747400552,22.10173497356849,37.85444081009589,23.41436312286997,7.161611825799161,0.5,15.287987474334564,median
Ipsala,1988,6,0.3422520434664647,36.49732920411914,11,6,1988-06-01,0.3112044086058934,0.4890649378286841,20.51256947000001,41.67829131580263,17.456169165942715,24.478078987468738,0.5,20.967124076705726,median
Ipsala,1988,7,0.4261214279746347,40.640403956703054,10,6,1988-07-01,0.28134562121537565,0.5414239383379698,31.76394327110042,45.34392813061257,55.66623483303129,34.63570999944756,0.5,45.150972416239426,median
Ipsala,1988,8,0.3506220572955551,35.00140183597556,10,5,1988-08-01,0.21663381085070985,0.5964769784635997,31.72572693628245,46.33685992700866,35.274623283838274,77.5809658171464,0.5,56.42779455049234,median
Ipsala,1988,9,0.2322278548459785,32.395872137433905,11,5,1988-09-01,0.2176644384755197,0.3821012373120264,23.62402646858736,42.349027302057685,8.85654334887573,53.15436433430134,0.5,31.005453841588537,median
Ipsala,1988,10,0.2502578826652646,25.12562095442752,9,3,1988-10-01,0.195294517878708,0.3143085517756275,17.56646880341141,30.779780568394372,46.182255139895105,42.791388824648244,0.5,44.48682198227168,median
Ipsala,1988,11,0.2217015942558798,6.215977314367644,4,3,1988-11-01,0.1735375172947377,0.4199140322169447,6.215977314367644,24.22777124324276,19.54897242391379,100.0,0.5,59.7744862119569,median
Ipsala,1988,12,0.1931388804517493,1.868180280164772,4,3,1988-12-01,-0.11386886656522574,0.480340181237802,-5.15340232662788,15.515324304052502,51.666622740275734,66.0279864731971,0.5,58.847304606736415,median
Ipsala,1989,1,0.2310382893561804,4.198093031188412,9,6,1989-01-01,-0.10399199122814855,0.5088744066048624,-16.46342653848386,17.591864007711404,54.66612001717468,39.329486730863835,0.5,46.997803374019256,median
Ipsala,1989,2,0.2100369305149977,14.643487082994042,10,5,1989-02-01,0.0944061650553224,0.515971904372805,-13.106780422233172,17.71181232473623,27.428881115168934,9.95608484441236,0.5,18.692482979790647,median
Ipsala,1989,3,0.2760416312324028,19.037240438531505,7,4,1989-03-01,0.19555926945422458,0.6090426329630548,8.341078031013737,25.058319247195683,19.46447399847066,36.01717969371584,0.5,27.74082684609325,median
Ipsala,1989,4,0.5054623603625542,22.33616584000322,11,6,1989-04-01,0.3453775117565418,0.6966718339504939,14.830864859793685,31.683919389949388,45.57000739614243,55.46622740239722,0.5,50.518117399269826,median
Ipsala,1989,5,0.4670161604016281,28.98250881580878,6,1,1989-05-01,0.3659773426551294,0.6636913747400552,22.10173497356849,37.85444081009589,33.93821145711949,56.320051211232915,0.5,45.12913133417621,median
Ipsala,1989,6,0.4087870374119002,35.00227527392887,10,6,1989-06-01,0.3112044086058934,0.4890649378286841,20.51256947000001,41.67829131580263,54.864690458540906,31.54164119943625,0.5,43.203165828988574,median
Ipsala,1989,7,0.39234206554364215,35.98285307888209,8,6,1989-07-01,0.28134562121537565,0.5414239383379698,31.76394327110042,45.34392813061257,42.678084646305095,68.9328828314082,0.5,55.805483738856644,median
Ipsala,1989,8,0.2937416007046236,35.785203047569574,11,7,1989-08-01,0.21663381085070985,0.5964769784635997,31.72572693628245,46.33685992700866,20.299901756426145,72.21655491149315,0.5,46.25822833395965,median
Ipsala,1989,9,0.23973868061449377,32.76191416703167,12,8,1989-09-01,0.2176644384755197,0.3821012373120264,23.62402646858736,42.349027302057685,13.424149761588138,51.19953382266005,0.5,32.31184179212409,median
Ipsala,1989,10,0.2598369637164466,23.04452597684156,6,5,1989-10-01,0.195294517878708,0.3143085517756275,17.56646880341141,30.779780568394372,54.23095388367404,58.54137652342594,0.5,56.38616520354999,median
Ipsala,1989,11,0.27014040678058837,12.717442182345003,5,2,1989-11-01,0.1735375172947377,0.4199140322169447,6.215977314367644,24.22777124324276,39.209455299078684,63.904401229270604,0.5,51.556928264174644,median
Ipsala,1989,12,0.0455886649631799,11.830573704177164,3,2,1989-12-01,-0.11386886656522574,0.480340181237802,-5.15340232662788,15.515324304052502,26.835258082651013,17.82766140225467,0.5,22.331459742452843,median
Ipsala,1990,1,0.2875556298981742,8.459846065830002,2,1,1990-01-01,-0.10399199122814855,0.5088744066048624,-16.46342653848386,17.591864007711404,63.88792443357429,26.81526950854822,0.5,45.351596971061255,median
Ipsala,1990,2,0.3629361840169979,12.37930363352462,7,3,1990-02-01,0.0944061650553224,0.515971904372805,-13.106780422233172,17.71181232473623,63.69825484310635,17.302894830381216,0.5,40.50057483674378,median
Ipsala,1990,3,0.38758685144630334,14.560451451449662,10,6,1990-03-01,0.19555926945422458,0.6090426329630548,8.341078031013737,25.058319247195683,46.44142883102426,62.79665203122332,0.5,54.61904043112379,median
Ipsala,1990,4,0.4339316286662692,23.72985949929939,4,2,1990-04-01,0.3453775117565418,0.6966718339504939,14.830864859793685,31.683919389949388,25.20795564149086,47.196547524471285,0.5,36.20225158298107,median
Ipsala,1990,5,0.4855228024177332,29.513426206142736,12,5,1990-05-01,0.3659773426551294,0.6636913747400552,22.10173497356849,37.85444081009589,40.15445927268296,52.94972616458053,0.5,46.55209271863175,median
Ipsala,1990,6,0.3867835794169887,38.113080132295934,10,6,1990-06-01,0.3112044086058934,0.4890649378286841,20.51256947000001,41.67829131580263,42.49350383773105,16.84426928351473,0.5,29.668886560622887,median
Ipsala,1990,7,0.28382373102801484,39.55065418068638,12,6,1990-07-01,0.28134562121537565,0.5414239383379698,31.76394327110042,45.34392813061257,0.9528321468917642,42.66038592722192,0.5,21.80660903705684,median
Ipsala,1990,8,0.21663381085070985,36.598239355182194,10,6,1990-08-01,0.21663381085070985,0.5964769784635997,31.72572693628245,46.33685992700866,0.0,66.6520561958312,0.5,33.3260280979156,median
Ipsala,1990,9,0.2176644384755197,35.671440378726565,10,5,1990-09-01,0.2176644384755197,0.3821012373120264,23.62402646858736,42.349027302057685,0.0,35.661343797620304,0.5,17.830671898810152,median
Ipsala,1990,10,0.24292444211048042,17.56646880341141,11,6,1990-10-01,0.195294517878708,0.3143085517756275,17.56646880341141,30.779780568394372,40.020426728015686,100.0,0.5,70.01021336400784,median
Ipsala,1990,11,0.2742699814925898,15.538243947860416,10,5,1990-11-01,0.1735375172947377,0.4199140322169447,6.215977314367644,24.22777124324276,40.88557881811837,48.24354159111251,0.5,44.56456020461544,median
Ipsala,1990,12,,,0,0,1990-12-01,-0.11386886656522574,0.480340181237802,-5.15340232662788,15.515324304052502,,,0.5,,median
Ipsala,1991,1,0.37127732110462636,11.056610122139652,5,2,1991-01-01,-0.10399199122814855,0.5088744066048624,-16.46342653848386,17.591864007711404,77.54860015384179,19.190128114475552,0.5,48.36936413415867,median
Ipsala,1991,2,0.2059522984527621,-13.106780422233172,3,1,1991-02-01,0.0944061650553224,0.515971904372805,-13.106780422233172,17.71181232473623,26.459961755439032,100.0,0.5,63.22998087771951,median
Ipsala,1991,3,0.3708921890829054,8.564344344507107,6,5,1991-03-01,0.19555926945422458,0.6090426329630548,8.341078031013737,25.058319247195683,42.40386315444501,98.6644547948662,0.5,70.53415897465561,median
Ipsala,1991,4,0.582429537903485,14.830864859793685,9,6,1991-04-01,0.3453775117565418,0.6966718339504939,14.830864859793685,31.683919389949388,67.47960646402507,100.0,0.5,83.73980323201253,median
Ipsala,1991,5,0.6636913747400552,26.677543373962454,9,4,1991-05-01,0.3659773426551294,0.6636913747400552,22.10173497356849,37.85444081009589,100.0,70.95223863202236,0.5,85.47611931601118,median
Ipsala,1991,6,0.36408928203462854,34.341224883096636,10,8,1991-06-01,0.3112044086058934,0.4890649378286841,20.51256947000001,41.67829131580263,29.733900860314428,34.664853323493006,0.5,32.19937709190371,median
Ipsala,1991,7,0.34479410783380676,36.25987892982235,9,6,1991-07-01,0.28134562121537565,0.5414239383379698,31.76394327110042,45.34392813061257,24.39591555359194,66.89292583730139,0.5,45.64442069544667,median
Ipsala,1991,8,0.31478764694999034,35.87695901999591,10,6,1991-08-01,0.21663381085070985,0.5964769784635997,31.72572693628245,46.33685992700866,25.84062172715245,71.58856820789822,0.5,48.714594967525336,median
Ipsala,1991,9,0.245626707425405,34.17893066531598,8,7,1991-09-01,0.2176644384755197,0.3821012373120264,23.62402646858736,42.349027302057685,17.004873086642316,43.63202282019621,0.5,30.318447953419266,median
Ipsala,1991,10,0.23089237040174487,22.86332767277275,8,2,1991-10-01,0.195294517878708,0.3143085517756275,17.56646880341141,30.779780568394372,29.910634365917645,59.91270800558326,0.5,44.91167118575045,median
Ipsala,1991,11,0.1832017798497638,15.021545860771017,9,5,1991-11-01,0.1735375172947377,0.4199140322169447,6.215977314367644,24.22777124324276,3.9225583485818705,51.11220691745221,0.5,27.517382633017043,median
Ipsala,1991,12,0.140452986933162,1.3076619348600604,2,2,1991-12-01,-0.11386886656522574,0.480340181237802,-5.15340232662788,15.515324304052502,42.80006412536014,68.73990170300466,0.5,55.7699829141824,median
Ipsala,1992,1,0.12897550545726105,0.555095733609829,5,4,1992-01-01,-0.10399199122814855,0.5088744066048624,-16.46342653848386,17.591864007711404,38.01277040300173,50.02678879216011,0.5,44.01977959758092,median
Ipsala,1992,2,0.2059820468573867,5.759129967284361,10,4,1992-02-01,0.0944061650553224,0.515971904372805,-13.106780422233172,17.71181232473623,26.46701840208986,38.783997879420546,0.5,32.6255081407552,median
Ipsala,1992,3,0.19555926945422458,14.305473944695292,7,2,1992-03-01,0.19555926945422458,0.6090426329630548,8.341078031013737,25.058319247195683,0.0,64.32188878205488,0.5,32.16094439102744,median
Ipsala,1992,4,0.40057625286658327,16.44421668773508,8,4,1992-04-01,0.3453775117565418,0.6966718339504939,14.830864859793685,31.683919389949388,15.712961361090786,90.42694708514368,0.5,53.069954223117236,median
Ipsala,1992,5,0.4237347171518659,27.81226222310508,11,6,1992-05-01,0.3659773426551294,0.6636913747400552,22.10173497356849,37.85444081009589,19.400286272116546,63.74891203582936,0.5,41.574599153972954,median
Ipsala,1992,6,0.3112044086058934,20.51256947000001,10,5,1992-06-01,0.3112044086058934,0.4890649378286841,20.51256947000001,41.67829131580263,0.0,100.0,0.5,50.0,median
Ipsala,1992,7,0.4460359404380484,31.76394327110042,11,7,1992-07-01,0.28134562121537565,0.5414239383379698,31.76394327110042,45.34392813061257,63.323356227748135,100.0,0.5,81.66167811387407,median
Ipsala,1992,8,0.37780565208734673,37.20924186335483,10,6,1992-08-01,0.21663381085070985,0.5964769784635997,31.72572693628245,46.33685992700866,42.43115448133904,62.470296242236586,0.5,52.45072536178782,median
Ipsala,1992,9,0.2431162746887856,31.814802578499386,12,7,1992-09-01,0.2176644384755197,0.3821012373120264,23.62402646858736,42.349027302057685,15.478187603598212,56.25753941077919,0.5,35.8678635071887,median
Ipsala,1992,10,0.28059481672403297,23.921226132650247,8,2,1992-10-01,0.195294517878708,0.3143085517756275,17.56646880341141,30.779780568394372,71.67247092826491,51.906399831722794,0.5,61.789435379993854,median
Ipsala,1992,11,0.24559153082257767,15.794860472606807,9,4,1992-11-01,0.1735375172947377,0.4199140322169447,6.215977314367644,24.22777124324276,29.245487765175557,46.81882772996288,0.5,38.032157747569215,median
Ipsala,1992,12,0.24001812558928176,-0.03607128924828351,8,4,1992-12-01,-0.11386886656522574,0.480340181237802,-5.15340232662788,15.515324304052502,59.55597503318668,75.24118863818394,0.5,67.3985818356853,median
Ipsala,1993,1,,,4,0,1993-01-01,-0.10399199122814855,0.5088744066048624,-16.46342653848386,17.591864007711404,,,0.5,,median
Ipsala,1993,2,0.23384225126805563,6.923580413766291,9,6,1993-02-01,0.0944061650553224,0.515971904372805,-13.106780422233172,17.71181232473623,33.075763328984245,35.00559548433897,0.5,34.04067940666161,median
Ipsala,1993,3,0.2439312471746069,12.848314955932244,8,2,1993-03-01,0.19555926945422458,0.6090426329630548,8.341078031013737,25.058319247195683,11.698651503145495,73.03839271903551,0.5,42.368522111090506,median
Ipsala,1993,4,0.5420463447035515,25.61980097100397,7,4,1993-04-01,0.3453775117565418,0.6966718339504939,14.830864859793685,31.683919389949388,55.98406251451665,35.98231055441434,0.5,45.983186534465496,median
Ipsala,1993,5,0.5713267713216852,26.90674339515318,9,6,1993-05-01,0.3659773426551294,0.6636913747400552,22.10173497356849,37.85444081009589,68.97539468612545,69.49725036797915,0.5,69.2363225270523,median
Ipsala,1993,6,0.44324017530412674,32.48152197968784,10,8,1993-06-01,0.3112044086058934,0.4890649378286841,20.51256947000001,41.67829131580263,74.23556382925378,43.451243492262954,0.5,58.84340366075837,median
Ipsala,1993,7,0.3294665001596312,41.49084185449144,9,5,1993-07-01,0.28134562121537565,0.5414239383379698,31.76394327110042,45.34392813061257,18.502457058568485,28.373273725870302,0.5,23.437865392219393,median
Ipsala,1993,8,0.25327283735028,38.559672556330796,12,6,1993-08-01,0.21663381085070985,0.5964769784635997,31.72572693628245,46.33685992700866,9.64583007503511,53.22781864769898,0.5,31.436824361367044,median
Ipsala,1993,9,0.22833748677765636,33.32325794305059,10,6,1993-09-01,0.2176644384755197,0.3821012373120264,23.62402646858736,42.349027302057685,6.490668985078259,48.201703376556466,0.5,27.346186180817362,median
Ipsala,1993,10,0.2122907936018372,30.442525857734807,6,5,1993-10-01,0.195294517878708,0.3143085517756275,17.56646880341141,30.779780568394372,14.280900467460858,2.5523859321425735,0.5,8.416643199801715,median
Ipsala,1993,11,0.23707632012356078,17.81278879148733,7,2,1993-11-01,0.1735375172947377,0.4199140322169447,6.215977314367644,24.22777124324276,25.78930984914912,35.61545550147245,0.5,30.702382675310783,median
Ipsala,1993,12,0.27531530542155713,11.251048498669906,5,2,1993-12-01,-0.11386886656522574,0.480340181237802,-5.15340232662788,15.515324304052502,65.49617065336108,20.6315361443349,0.5,43.06385339884799,median
Ipsala,1994,1,0.1706068280518874,-1.3471301279076275,8,3,1994-01-01,-0.10399199122814855,0.5088744066048624,-16.46342653848386,17.591864007711404,44.80565752192805,55.6124873165557,0.5,50.20907241924188,median
Ipsala,1994,2,,,0,0,1994-02-01,0.0944061650553224,0.515971904372805,-13.106780422233172,17.71181232473623,,,0.5,,median
Ipsala,1994,3,0.27019744248360555,12.309004638539765,7,2,1994-03-01,0.19555926945422458,0.6090426329630548,8.341078031013737,25.058319247195683,18.05107039760912,76.26446519366391,0.5,47.157767795636516,median
Ipsala,1994,4,0.4312449956004747,22.185310401439697,9,5,1994-04-01,0.3453775117565418,0.6966718339504939,14.830864859793685,31.683919389949388,24.443174403634348,56.361349638509324,0.5,40.402262021071834,median
Ipsala,1994,5,0.4836609517963428,34.14023299924229,12,7,1994-05-01,0.3659773426551294,0.6636913747400552,22.10173497356849,37.85444081009589,39.52907705325861,23.578221096727926,0.5,31.553649074993267,median
Ipsala,1994,6,0.39788017305892054,34.15161547940599,4,4,1994-06-01,0.3112044086058934,0.4890649378286841,20.51256947000001,41.67829131580263,48.732433683729695,35.56068576933159,0.5,42.14655972653064,median
Ipsala,1994,7,0.4114714147849936,37.36153352302586,10,6,1994-07-01,0.28134562121537565,0.5414239383379698,31.76394327110042,45.34392813061257,50.033311123079926,58.78058547315249,0.5,54.406948298116205,median
Ipsala,1994,8,0.3127284663992057,40.12304120960109,12,8,1994-08-01,0.21663381085070985,0.5964769784635997,31.72572693628245,46.33685992700866,25.298508369230156,42.527973165062036,0.5,33.91324076714609,median
Ipsala,1994,9,0.23150833049949882,39.631259802718105,12,8,1994-09-01,0.2176644384755197,0.3821012373120264,23.62402646858736,42.349027302057685,8.41897441566202,14.514111499966713,0.5,11.466542957814367,median
Ipsala,1994,10,0.2932726562981317,18.94823278318401,4,1,1994-10-01,0.195294517878708,0.3143085517756275,17.56646880341141,30.779780568394372,82.32486137247024,89.54263696831511,0.5,85.93374917039267,median
Ipsala,1994,11,,,3,0,1994-11-01,0.1735375172947377,0.4199140322169447,6.215977314367644,24.22777124324276,,,0.5,,median
Ipsala,1994,12,,,2,0,1994-12-01,-0.11386886656522574,0.480340181237802,-5.15340232662788,15.515324304052502,,,0.5,,median
Ipsala,1995,1,0.3318074745022412,4.555701282767648,3,1,1995-01-01,-0.10399199122814855,0.5088744066048624,-16.46342653848386,17.591864007711404,71.1083960992642,38.27940539006849,0.5,54.693900744666344,median
Ipsala,1995,2,0.3225704876127845,3.9298990632997257,4,1,1995-02-01,0.0944061650553224,0.515971904372805,-13.106780422233172,17.71181232473623,54.123070562342534,44.71947624147041,0.5,49.421273401906475,median
Ipsala,1995,3,0.47679144524704853,16.4763598187014,6,2,1995-03-01,0.19555926945422458,0.6090426329630548,8.341078031013737,25.058319247195683,68.01535457346593,51.33597893046565,0.5,59.67566675196579,median
Ipsala,1995,4,0.5939645551400248,22.106268334056203,9,6,1995-04-01,0.3453775117565418,0.6966718339504939,14.830864859793685,31.683919389949388,70.76318280095522,56.83035700593973,0.5,63.796769903447476,median
Ipsala,1995,5,0.5713712496022113,22.382869046962497,12,7,1995-05-01,0.3659773426551294,0.6636913747400552,22.10173497356849,37.85444081009589,68.99033462033502,98.21532836128945,0.5,83.60283149081224,median
Ipsala,1995,6,0.3414217688056583,32.14227691704577,12,7,1995-06-01,0.3112044086058934,0.4890649378286841,20.51256947000001,41.67829131580263,16.989356959527644,45.054047616372465,0.5,31.021702287950056,median
Ipsala,1995,7,0.4034675707727558,31.93699710926147,12,8,1995-07-01,0.28134562121537565,0.5414239383379698,31.76394327110042,45.34392813061257,46.955836575878436,98.72566987407329,0.5,72.84075322497586,median
Ipsala,1995,8,0.3732309532612102,36.21558914816119,12,7,1995-08-01,0.21663381085070985,0.5964769784635997,31.72572693628245,46.33685992700866,41.22678930744739,69.27095102940689,0.5,55.24887016842714,median
Ipsala,1995,9,0.30073468133511216,34.98880408928325,6,2,1995-09-01,0.2176644384755197,0.3821012373120264,23.62402646858736,42.349027302057685,50.51803698890179,39.30693129592965,0.5,44.91248414241572,median
Ipsala,1995,10,0.2629497916671192,21.834573757375907,6,4,1995-10-01,0.195294517878708,0.3143085517756275,17.56646880341141,30.779780568394372,56.84646723848451,67.69844661294117,0.5,62.27245692571284,median
Ipsala,1995,11,0.2726965235096823,10.508347720735141,4,4,1995-11-01,0.1735375172947377,0.4199140322169447,6.215977314367644,24.22777124324276,40.24693922075078,76.16911217551574,0.5,58.208025698133255,median
Ipsala,1995,12,,,2,0,1995-12-01,-0.11386886656522574,0.480340181237802,-5.15340232662788,15.515324304052502,,,0.5,,median
Ipsala,1996,1,,,0,0,1996-01-01,-0.10399199122814855,0.5088744066048624,-16.46342653848386,17.591864007711404,,,0.5,,median
Ipsala,1996,2,0.2281412906136816,6.7581221178649376,5,1,1996-02-01,0.0944061650553224,0.515971904372805,-13.106780422233172,17.71181232473623,31.723433164867032,35.54247365155388,0.5,33.632953408210454,median
Ipsala,1996,3,,,2,0,1996-03-01,0.19555926945422458,0.6090426329630548,8.341078031013737,25.058319247195683,,,0.5,,median
Ipsala,1996,4,0.3680115268969807,17.19089439807661,9,4,1996-04-01,0.3453775117565418,0.6966718339504939,14.830864859793685,31.683919389949388,6.443034717749435,85.99642851650395,0.5,46.2197316171267,median
Ipsala,1996,5,0.4241311200448905,35.47372754476151,10,8,1996-05-01,0.3659773426551294,0.6636913747400552,22.10173497356849,37.85444081009589,19.533435150000653,15.113043371977259,0.5,17.323239260988956,median
Ipsala,1996,6,0.34498505270289276,37.96313984407425,12,8,1996-06-01,0.3112044086058934,0.4890649378286841,20.51256947000001,41.67829131580263,18.99277160852549,17.55268021943289,0.5,18.27272591397919,median
Ipsala,1996,7,0.36404638791613086,36.64219762877539,12,8,1996-07-01,0.28134562121537565,0.5414239383379698,31.76394327110042,45.34392813061257,31.79840888534058,64.07761563697193,0.5,47.93801226115625,median
Ipsala,1996,8,0.3068907177090826,35.90771760966488,10,7,1996-08-01,0.21663381085070985,0.5964769784635997,31.72572693628245,46.33685992700866,23.761624416094914,71.37805346076333,0.5,47.56983893842912,median
Ipsala,1996,9,0.26542673628083946,23.62402646858736,9,4,1996-09-01,0.2176644384755197,0.3821012373120264,23.62402646858736,42.349027302057685,29.045991008866586,100.0,0.5,64.5229955044333,median
Ipsala,1996,10,0.25700938347179747,19.36732853960438,11,4,1996-10-01,0.195294517878708,0.3143085517756275,17.56646880341141,30.779780568394372,51.85511621809407,86.37086774138268,0.5,69.11299197973838,median
Ipsala,1996,11,0.3323859375574726,9.674729368462218,8,1,1996-11-01,0.1735375172947377,0.4199140322169447,6.215977314367644,24.22777124324276,64.4738482127207,80.79729277520897,0.5,72.63557049396483,median
Ipsala,1996,12,,,3,0,1996-12-01,-0.11386886656522574,0.480340181237802,-5.15340232662788,15.515324304052502,,,0.5,,median
Ipsala,1997,1,0.3698241673249782,6.325073599919842,7,3,1997-01-01,-0.10399199122814855,0.5088744066048624,-16.46342653848386,17.591864007711404,77.3114923951547,33.083818188273575,0.5,55.19765529171414,median
Ipsala,1997,2,0.3017222666427427,12.658492999727072,6,1,1997-02-01,0.0944061650553224,0.515971904372805,-13.106780422233172,17.71181232473623,49.17764473058609,16.396982712671345,0.5,32.78731372162872,median
Ipsala,1997,3,0.3736548109503796,12.611697785086369,7,4,1997-03-01,0.19555926945422458,0.6090426329630548,8.341078031013737,25.058319247195683,43.071996896037554,74.45380072676849,0.5,58.76289881140302,median
Ipsala,1997,4,0.5255392020798486,19.25200464386061,8,4,1997-04-01,0.3453775117565418,0.6966718339504939,14.830864859793685,31.683919389949388,51.28511306363735,73.7665372401422,0.5,62.52582515188978,median
Ipsala,1997,5,0.5631409177967042,26.535599730628764,12,8,1997-05-01,0.3659773426551294,0.6636913747400552,22.10173497356849,37.85444081009589,66.22582542072855,71.85331330964728,0.5,69.03956936518792,median
Ipsala,1997,6,0.3912301868617491,38.53180100857331,10,6,1997-06-01,0.3112044086058934,0.4890649378286841,20.51256947000001,41.67829131580263,44.99355680855658,14.86597211355351,0.5,29.929764461055047,median
Ipsala,1997,7,0.3404957602063273,39.56992856304832,10,4,1997-07-01,0.28134562121537565,0.5414239383379698,31.76394327110042,45.34392813061257,22.743202757294775,42.51845364554901,0.5,32.63082820142189,median
Ipsala,1997,8,0.33951479598452117,34.91355288504902,12,8,1997-08-01,0.21663381085070985,0.5964769784635997,31.72572693628245,46.33685992700866,32.35045292667821,78.18221248968229,0.5,55.266332708180244,median
Ipsala,1997,9,0.2799133812204278,31.66220956620974,12,8,1997-09-01,0.2176644384755197,0.3821012373120264,23.62402646858736,42.349027302057685,37.855846857490754,57.07245532798915,0.5,47.464151092739954,median
Ipsala,1997,10,0.2783445994117123,18.51208765418744,9,2,1997-10-01,0.195294517878708,0.3143085517756275,17.56646880341141,30.779780568394372,69.78175498608482,92.84343798439657,0.5,81.3125964852407,median
Ipsala,1997,11,0.23614615080614385,13.506165890115977,8,4,1997-11-01,0.1735375172947377,0.4199140322169447,6.215977314367644,24.22777124324276,25.411770083351787,59.52547200719821,0.5,42.468621045275,median
Ipsala,1997,12,0.3085068375874864,7.01880262588139,2,2,1997-12-01,-0.11386886656522574,0.480340181237802,-5.15340232662788,15.515324304052502,71.08200484566234,41.10810419041001,0.5,56.09505451803618,median
Ipsala,1998,1,0.2588707860519828,2.4900075623138025,4,1,1998-01-01,-0.10399199122814855,0.5088744066048624,-16.46342653848386,17.591864007711404,59.20748446368591,44.345111150680864,0.5,51.77629780718338,median
Ipsala,1998,2,0.3192091904213197,4.772872428268444,10,4,1998-02-01,0.0944061650553224,0.515971904372805,-13.106780422233172,17.71181232473623,53.32573413815711,41.98420090982304,0.5,47.654967523990074,median
Ipsala,1998,3,,,5,0,1998-03-01,0.19555926945422458,0.6090426329630548,8.341078031013737,25.058319247195683,,,0.5,,median
Ipsala,1998,4,0.3821395796460132,20.70476822031165,9,3,1998-04-01,0.3453775117565418,0.6966718339504939,14.830864859793685,31.683919389949388,10.464748664276671,65.14635759347006,0.5,37.80555312887336,median
Ipsala,1998,5,0.4728099977375458,28.965799125700944,6,2,1998-05-01,0.3659773426551294,0.6636913747400552,22.10173497356849,37.85444081009589,35.88431970581129,56.42612625815654,0.5,46.15522298198392,median
Ipsala,1998,6,0.41009389285231257,37.263103460846594,12,8,1998-06-01,0.3112044086058934,0.4890649378286841,20.51256947000001,41.67829131580263,55.59945462804103,20.860086356240263,0.5,38.229770492140645,median
Ipsala,1998,7,0.44168455733530293,38.3251400378915,12,8,1998-07-01,0.28134562121537565,0.5414239383379698,31.76394327110042,45.34392813061257,61.65025131424074,51.68480057475714,0.5,56.66752594449894,median
Ipsala,1998,8,0.3606653312526574,38.88092854610992,11,7,1998-08-01,0.21663381085070985,0.5964769784635997,31.72572693628245,46.33685992700866,37.918681361865275,51.02911174397681,0.5,44.47389655292105,median
Ipsala,1998,9,0.2921532005431315,33.55511817871156,10,5,1998-09-01,0.2176644384755197,0.3821012373120264,23.62402646858736,42.349027302057685,45.29932630327665,46.96346452293503,0.5,46.131395413105835,median
Ipsala,1998,10,0.3035396525300841,20.127534289871257,9,6,1998-10-01,0.195294517878708,0.3143085517756275,17.56646880341141,30.779780568394372,90.95157193405394,80.61753531580923,0.5,85.78455362493159,median
Ipsala,1998,11,0.4199140322169447,11.378961000000018,8,5,1998-11-01,0.1735375172947377,0.4199140322169447,6.215977314367644,24.22777124324276,100.0,71.335538780757,0.5,85.66776939037851,median
Ipsala,1998,12,-0.11386886656522574,-5.15340232662788,6,2,1998-12-01,-0.11386886656522574,0.480340181237802,-5.15340232662788,15.515324304052502,0.0,99.99999999999999,0.5,49.99999999999999,median
Ipsala,1999,1,0.24872663777049991,4.583390230146995,7,2,1999-01-01,-0.10399199122814855,0.5088744066048624,-16.46342653848386,17.591864007711404,57.552287129103554,38.19809952852611,0.5,47.87519332881483,median
Ipsala,1999,2,0.3761504115274965,13.596236794511675,8,4,1999-02-01,0.0944061650553224,0.515971904372805,-13.106780422233172,17.71181232473623,66.83281400626143,13.354196812342336,0.5,40.09350540930188,median
Ipsala,1999,3,0.48057845870430044,16.373548108550644,6,4,1999-03-01,0.19555926945422458,0.6090426329630548,8.341078031013737,25.058319247195683,68.93123506382356,51.9509829782103,0.5,60.44110902101693,median
Ipsala,1999,4,0.5691408382268446,24.33766799510688,10,3,1999-04-01,0.3453775117565418,0.6966718339504939,14.830864859793685,31.683919389949388,63.69682409690682,43.590029224065155,0.5,53.643426660485986,median
Ipsala,1999,5,0.4844401555268329,35.11061942466341,12,5,1999-05-01,0.3659773426551294,0.6636913747400552,22.10173497356849,37.85444081009589,39.79080597649184,17.41809574752611,0.5,28.604450862008974,median
Ipsala,1999,6,0.3337304981572542,34.227636134370286,10,5,1999-06-01,0.3112044086058934,0.4890649378286841,20.51256947000001,41.67829131580263,12.665030093970037,35.20151703642409,0.5,23.933273565197066,median
Ipsala,1999,7,0.2963587451239448,42.751086378413255,18,11,1999-07-01,0.28134562121537565,0.5414239383379698,31.76394327110042,45.34392813061257,5.7725396237058595,19.093112245873733,0.5,12.432825934789797,median
Ipsala,1999,8,0.2590733813912929,41.80772381442904,21,14,1999-08-01,0.21663381085070985,0.5964769784635997,31.72572693628245,46.33685992700866,11.172919288582424,30.997843325731797,0.5,21.08538130715711,median
Ipsala,1999,9,0.2468166149925183,36.52680310190448,19,11,1999-09-01,0.2176644384755197,0.3821012373120264,23.62402646858736,42.349027302057685,17.728499170057137,31.093318777034035,0.5,24.410908973545588,median
Ipsala,1999,10,0.22614076673511474,28.972138601829897,21,12,1999-10-01,0.195294517878708,0.3143085517756275,17.56646880341141,30.779780568394372,25.9181609482486,13.680461028362075,0.5,19.799310988305336,median
Ipsala,1999,11,0.27636944081636544,17.019722854336543,19,10,1999-11-01,0.1735375172947377,0.4199140322169447,6.215977314367644,24.22777124324276,41.73771333444536,40.01849242429335,0.5,40.87810287936935,median
Ipsala,1999,12,0.2938353566631357,12.854352220301156,13,7,1999-12-01,-0.11386886656522574,0.480340181237802,-5.15340232662788,15.515324304052502,68.61292751023707,12.874388109625656,0.5,40.74365780993136,median
Ipsala,2000,1,0.30296270564038263,4.528146928089777,13,8,2000-01-01,-0.10399199122814855,0.5088744066048624,-16.46342653848386,17.591864007711404,66.4018615325383,38.36031603342504,0.5,52.38108878298168,median
Ipsala,2000,2,0.3586395175309577,10.585337875029152,14,8,2000-02-01,0.0944061650553224,0.515971904372805,-13.106780422233172,17.71181232473623,62.67903860105677,23.123945042584307,0.5,42.901491821820535,median
Ipsala,2000,3,0.3859918354572695,15.837875299236064,15,5,2000-03-01,0.19555926945422458,0.6090426329630548,8.341078031013737,25.058319247195683,46.05567788436017,55.15529643153332,0.5,50.60548715794675,median
Ipsala,2000,4,0.3502623495016012,25.36026864464921,6,2,2000-04-01,0.3453775117565418,0.6966718339504939,14.830864859793685,31.683919389949388,1.3905256750385007,37.52228258672675,0.5,19.45640413088263,median
Ipsala,2000,5,0.4542823735592527,33.46551554275125,20,14,2000-05-01,0.3659773426551294,0.6636913747400552,22.10173497356849,37.85444081009589,29.661024133028924,27.861405607966045,0.5,28.761214870497483,median
Ipsala,2000,6,0.4438742599527242,39.791842471466325,16,13,2000-06-01,0.3112044086058934,0.4890649378286841,20.51256947000001,41.67829131580263,74.5920704984784,8.912754585359956,0.5,41.752412541919185,median
Ipsala,2000,7,0.3749697104374303,42.38700430260732,20,12,2000-07-01,0.28134562121537565,0.5414239383379698,31.76394327110042,45.34392813061257,35.99842165155303,21.77413199348346,0.5,28.886276822518248,median
Ipsala,2000,8,0.2927797898050422,40.07263633612461,21,13,2000-08-01,0.21663381085070985,0.5964769784635997,31.72572693628245,46.33685992700866,20.046689119846203,42.87294896884449,0.5,31.459819044345345,median
Ipsala,2000,9,0.23341903964733351,35.25384886684455,21,14,2000-09-01,0.2176644384755197,0.3821012373120264,23.62402646858736,42.349027302057685,9.580946164901949,37.89147193270473,0.5,23.73620904880334,median
Ipsala,2000,10,0.2112762783351342,22.318849653647902,16,8,2000-10-01,0.195294517878708,0.3143085517756275,17.56646880341141,30.779780568394372,13.428467158980885,64.03338591592961,0.5,38.73092653745525,median
Ipsala,2000,11,0.3154312629023539,19.17886794380465,20,9,2000-11-01,0.1735375172947377,0.4199140322169447,6.215977314367644,24.22777124324276,57.59223668393026,28.031096288216457,0.5,42.81166648607336,median
Ipsala,2000,12,0.3809968497982916,8.496119061405967,19,5,2000-12-01,-0.11386886656522574,0.480340181237802,-5.15340232662788,15.515324304052502,83.28141723744986,33.96051129839475,0.5,58.620964267922304,median
Ipsala,2001,1,0.5088744066048624,15.001816813694848,12,5,2001-01-01,-0.10399199122814855,0.5088744066048624,-16.46342653848386,17.591864007711404,100.0,7.60541799079122,0.5,53.80270899539561,median
Ipsala,2001,2,0.515971904372805,13.286625547992227,12,6,2001-02-01,0.0944061650553224,0.515971904372805,-13.106780422233172,17.71181232473623,100.0,14.35882167974448,0.5,57.17941083987224,median
Ipsala,2001,3,0.5630060797781004,16.0537343457091,17,5,2001-03-01,0.19555926945422458,0.6090426329630548,8.341078031013737,25.058319247195683,88.86616554671338,53.864060373611956,0.5,71.36511296016266,median
Ipsala,2001,4,0.6257668084721804,23.10220294222278,16,8,2001-04-01,0.3453775117565418,0.6966718339504939,14.830864859793685,31.683919389949388,79.8160627716703,50.92083712404223,0.5,65.36844994785626,median
Ipsala,2001,5,0.5230998513176452,22.716292389327425,16,6,2001-05-01,0.3659773426551294,0.6636913747400552,22.10173497356849,37.85444081009589,52.77631946407387,96.09871839075484,0.5,74.43751892741436,median
Ipsala,2001,6,0.3446698781434485,39.74962893242065,22,12,2001-06-01,0.3112044086058934,0.4890649378286841,20.51256947000001,41.67829131580263,18.815568402833097,9.112197530671303,0.5,13.9638829667522,median
Ipsala,2001,7,0.28134562121537565,42.85380807641438,24,16,2001-07-01,0.28134562121537565,0.5414239383379698,31.76394327110042,45.34392813061257,0.0,18.336692418725143,0.5,9.168346209362571,median
Ipsala,2001,8,0.24566972733242576,43.53469422360644,20,12,2001-08-01,0.21663381085070985,0.5964769784635997,31.72572693628245,46.33685992700866,7.644185536939111,19.178291684709038,0.5,13.411238610824075,median
Ipsala,2001,9,0.21782309339533665,33.31291084645152,19,12,2001-09-01,0.2176644384755197,0.3821012373120264,23.62402646858736,42.349027302057685,0.09648382900879596,48.25696156688228,0.5,24.17672269794554,median
Ipsala,2001,10,0.195294517878708,29.19896311341195,21,9,2001-10-01,0.195294517878708,0.3143085517756275,17.56646880341141,30.779780568394372,0.0,11.963824687553352,0.5,5.981912343776676,median
Ipsala,2001,11,0.220583193449109,19.98923658880028,15,7,2001-11-01,0.1735375172947377,0.4199140322169447,6.215977314367644,24.22777124324276,19.095032726323737,23.531996153073834,0.5,21.313514439698785,median
Ipsala,2001,12,0.08931038777926881,0.6065705850402984,9,4,2001-12-01,-0.11386886656522574,0.480340181237802,-5.15340232662788,15.515324304052502,34.1932279718241,72.13194109830573,0.5,53.162584535064916,median
Ipsala,2002,1,0.127180203581038,2.3356622506543903,19,9,2002-01-01,-0.10399199122814855,0.5088744066048624,-16.46342653848386,17.591864007711404,37.71983512663955,44.79833092706199,0.5,41.259083026850774,median
Ipsala,2002,2,0.2519350502639503,17.71181232473623,19,11,2002-02-01,0.0944061650553224,0.515971904372805,-13.106780422233172,17.71181232473623,37.36757295876749,0.0,0.5,18.683786479383745,median
Ipsala,2002,3,0.2703899748905325,17.81301400069531,11,6,2002-03-01,0.19555926945422458,0.6090426329630548,8.341078031013737,25.058319247195683,18.097633917188997,43.34031646015292,0.5,30.71897518867096,median
Ipsala,2002,4,0.3490413358435267,15.567366058814232,9,7,2002-04-01,0.3453775117565418,0.6966718339504939,14.830864859793685,31.683919389949388,1.0429499868096581,95.62986521106485,0.5,48.33640759893726,median
Ipsala,2002,5,0.4085519798444461,37.85444081009589,16,9,2002-05-01,0.3659773426551294,0.6636913747400552,22.10173497356849,37.85444081009589,14.30051411791429,0.0,0.5,7.150257058957145,median
Ipsala,2002,6,0.4064828634158141,39.792247247050355,17,8,2002-06-01,0.3112044086058934,0.4890649378286841,20.51256947000001,41.67829131580263,53.56919560864092,8.910842174401429,0.5,31.240018891521174,median
Ipsala,2002,7,0.41599982391650225,42.952144543385444,20,12,2002-07-01,0.28134562121537565,0.5414239383379698,31.76394327110042,45.34392813061257,51.77448246777686,17.612564461379282,0.5,34.69352346457807,median
Ipsala,2002,8,0.3515874650401221,39.57698197265967,10,6,2002-08-01,0.21663381085070985,0.5964769784635997,31.72572693628245,46.33685992700866,35.52878284938583,46.26525512182756,0.5,40.89701898560669,median
Ipsala,2002,9,0.2415856404123661,34.90036386469486,11,7,2002-09-01,0.2176644384755197,0.3821012373120264,23.62402646858736,42.349027302057685,14.547353211753022,39.77924222063896,0.5,27.16329771619599,median
Ipsala,2002,10,0.303715145089934,22.33719059229556,10,6,2002-10-01,0.195294517878708,0.3143085517756275,17.56646880341141,30.779780568394372,91.09902728373307,63.894579392827175,0.5,77.49680333828012,median
Ipsala,2002,11,0.37834128306896986,15.30137786721886,9,4,2002-11-01,0.1735375172947377,0.4199140322169447,6.215977314367644,24.22777124324276,83.12633443934322,49.558602609336965,0.5,66.34246852434009,median
Ipsala,2002,12,0.480340181237802,3.815101396073855,7,3,2002-12-01,-0.11386886656522574,0.480340181237802,-5.15340232662788,15.515324304052502,100.0,56.60833933819122,0.5,78.30416966909561,median
Ipsala,2003,1,0.054933091079630986,-2.2032890636680116,7,2,2003-01-01,-0.10399199122814855,0.5088744066048624,-16.46342653848386,17.591864007711404,25.931440012001147,58.12651354281568,0.5,42.02897677740842,median
Ipsala,2003,2,0.2107070517568273,4.08988814426424,7,3,2003-02-01,0.0944061650553224,0.515971904372805,-13.106780422233172,17.71181232473623,27.587841196439896,44.20034455275874,0.5,35.89409287459932,median
Ipsala,2003,3,0.3632230810965179,18.36083229919091,9,8,2003-03-01,0.19555926945422458,0.6090426329630548,8.341078031013737,25.058319247195683,40.54910703528529,40.06335053370973,0.5,40.306228784497506,median
Ipsala,2003,4,0.5295549511153931,25.11985709438102,11,7,2003-04-01,0.3453775117565418,0.6966718339504939,14.830864859793685,31.683919389949388,52.42824256555037,38.94879877011661,0.5,45.68852066783349,median
Ipsala,2003,5,0.5954701781861202,30.791928191294417,8,5,2003-05-01,0.3659773426551294,0.6636913747400552,22.10173497356849,37.85444081009589,77.08499123263555,44.83364757834115,0.5,60.959319405488344,median
Ipsala,2003,6,0.36712833870189576,41.189088207812475,2,2,2003-06-01,0.3112044086058934,0.4890649378286841,20.51256947000001,41.67829131580263,31.44257488740025,2.3112989557082884,0.5,16.876936921554268,median
Ipsala,2003,7,0.28778911055098694,41.723817415885065,14,6,2003-07-01,0.28134562121537565,0.5414239383379698,31.76394327110042,45.34392813061257,2.477518851590382,26.65769330509808,0.5,14.56760607834423,median
Ipsala,2003,8,0.2427152055007532,44.37003695865637,14,9,2003-08-01,0.21663381085070985,0.5964769784635997,31.72572693628245,46.33685992700866,6.866358769581379,13.46112563345119,0.5,10.163742201516284,median
Ipsala,2003,9,0.2211500148345894,33.41002337189448,17,9,2003-09-01,0.2176644384755197,0.3821012373120264,23.62402646858736,42.349027302057685,2.119705798052713,47.738336620979084,0.5,24.9290212095159,median
Ipsala,2003,10,0.2449026951149009,20.590821734622168,13,6,2003-10-01,0.195294517878708,0.3143085517756275,17.56646880341141,30.779780568394372,41.68262818413462,77.11131785124684,0.5,59.396973017690726,median
Ipsala,2003,11,0.2025361798444577,12.693762565875456,8,5,2003-11-01,0.1735375172947377,0.4199140322169447,6.215977314367644,24.22777124324276,11.770059560618547,64.03586851433423,0.5,37.90296403747639,median
Ipsala,2003,12,0.32712017633173474,2.2705972331541324,4,2,2003-12-01,-0.11386886656522574,0.480340181237802,-5.15340232662788,15.515324304052502,74.21446114417672,64.08100173543382,0.5,69.14773143980527,median
Ipsala,2004,1,0.28776251374105044,4.914183721569781,7,4,2004-01-01,-0.10399199122814855,0.5088744066048624,-16.46342653848386,17.591864007711404,63.92168119420071,37.2267570847608,0.5,50.57421913948075,median
Ipsala,2004,2,0.359350832468272,10.805551789317008,8,5,2004-02-01,0.0944061650553224,0.515971904372805,-13.106780422233172,17.71181232473623,62.847770277038286,22.409396146416714,0.5,42.6285832117275,median
Ipsala,2004,3,0.3814826439387696,13.656669248468662,14,10,2004-03-01,0.19555926945422458,0.6090426329630548,8.341078031013737,25.058319247195683,44.96514029169024,68.20294001435151,0.5,56.58404015302088,median
Ipsala,2004,4,0.4491801794360858,23.63118520379388,13,7,2004-04-01,0.3453775117565418,0.6966718339504939,14.830864859793685,31.683919389949388,29.548632335205745,47.78204551433983,0.5,38.66533892477278,median
Ipsala,2004,5,0.4335943489032066,30.117248641619042,12,4,2004-05-01,0.3659773426551294,0.6636913747400552,22.10173497356849,37.85444081009589,22.7120655934648,49.11659145272574,0.5,35.91432852309527,median
Ipsala,2004,6,0.41907804263356285,37.90557372324277,16,8,2004-06-01,0.3112044086058934,0.4890649378286841,20.51256947000001,41.67829131580263,60.65068764781723,17.82465828496198,0.5,39.2376729663896,median
Ipsala,2004,7,0.47190906172853675,38.82576530104056,19,12,2004-07-01,0.28134562121537565,0.5414239383379698,31.76394327110042,45.34392813061257,73.27156012907238,47.99830704528611,0.5,60.63493358717925,median
Ipsala,2004,8,0.3355976581394423,43.01819509125381,15,10,2004-08-01,0.21663381085070985,0.5964769784635997,31.72572693628245,46.33685992700866,31.319201563202075,22.713261441540716,0.5,27.016231502371397,median
Ipsala,2004,9,0.2480919944420201,36.95679227896998,18,11,2004-09-01,0.2176644384755197,0.3821012373120264,23.62402646858736,42.349027302057685,18.504103814836103,28.796981485038252,0.5,23.65054264993718,median
Ipsala,2004,10,0.2099440544224618,27.01326196355033,9,5,2004-10-01,0.195294517878708,0.3143085517756275,17.56646880341141,30.779780568394372,12.309083277054599,28.505485012665922,0.5,20.40728414486026,median
Ipsala,2004,11,0.2163654084987981,8.0493381716502,10,3,2004-11-01,0.1735375172947377,0.4199140322169447,6.215977314367644,24.22777124324276,17.383106185093666,89.82133115378666,0.5,53.60221866944016,median
Ipsala,2004,12,0.2791718203686187,6.31942994738318,9,5,2004-12-01,-0.11386886656522574,0.480340181237802,-5.15340232662788,15.515324304052502,66.14518718404506,44.49182826299061,0.5,55.31850772351783,median
Ipsala,2005,1,0.30922274323809507,10.687613804948143,13,6,2005-01-01,-0.10399199122814855,0.5088744066048624,-16.46342653848386,17.591864007711404,67.42329746373747,20.273649386129286,0.5,43.848473424933374,median
Ipsala,2005,2,0.3116935422373629,13.393087436300815,8,5,2005-02-01,0.0944061650553224,0.515971904372805,-13.106780422233172,17.71181232473623,51.54294026213564,14.01337473094096,0.5,32.7781574965383,median
Ipsala,2005,3,0.3430682904790925,23.32198439485645,14,7,2005-03-01,0.19555926945422458,0.6090426329630548,8.341078031013737,25.058319247195683,35.67471730255424,10.386491586054861,0.5,23.03060444430455,median
Ipsala,2005,4,0.4101817119251307,29.27349189431807,14,7,2005-04-01,0.3453775117565418,0.6966718339504939,14.830864859793685,31.683919389949388,18.44726660079921,14.302614943292705,0.5,16.374940772045957,median
Ipsala,2005,5,0.4773344830916534,31.104887737323377,10,4,2005-05-01,0.3659773426551294,0.6636913747400552,22.10173497356849,37.85444081009589,37.40406176244937,42.84694415559793,0.5,40.12550295902365,median
Ipsala,2005,6,0.4707155952551711,33.064789996352104,20,11,2005-06-01,0.3112044086058934,0.4890649378286841,20.51256947000001,41.67829131580263,89.68329698910973,40.695523555501474,0.5,65.18941027230561,median
Ipsala,2005,7,0.3609407146350503,41.09945964941116,16,10,2005-07-01,0.28134562121537565,0.5414239383379698,31.76394327110042,45.34392813061257,30.604278857339573,31.255325577394558,0.5,30.929802217367065,median
Ipsala,2005,8,0.2777781439463507,42.49287483505972,19,11,2005-08-01,0.21663381085070985,0.5964769784635997,31.72572693628245,46.33685992700866,16.09725758130655,26.308603818668555,0.5,21.202930699987554,median
Ipsala,2005,9,0.2487342200304841,37.60167563787532,16,7,2005-09-01,0.2176644384755197,0.3821012373120264,23.62402646858736,42.349027302057685,18.89466456097574,25.35301176433932,0.5,22.12383816265753,median
Ipsala,2005,10,0.2469071033867407,22.440765262021046,11,4,2005-10-01,0.195294517878708,0.3143085517756275,17.56646880341141,30.779780568394372,43.36680626482708,63.11071330711221,0.5,53.23875978596965,median
Ipsala,2005,11,0.1847311868690527,15.359495326153867,5,3,2005-11-01,0.1735375172947377,0.4199140322169447,6.215977314367644,24.22777124324276,4.543318415657185,49.23593925240261,0.5,26.889628834029896,median
Ipsala,2005,12,0.18477448182282494,7.612293995410783,4,4,2005-12-01,-0.11386886656522574,0.480340181237802,-5.15340232662788,15.515324304052502,50.258970221376856,38.236657970552315,0.5,44.247814095964586,median
Ipsala,2006,1,0.1880609979906833,5.572575424637623,2,1,2006-01-01,-0.10399199122814855,0.5088744066048624,-16.46342653848386,17.591864007711404,47.65361427082321,35.29345482097671,0.5,41.473534545899966,median
Ipsala,2006,2,0.1396729274565201,4.529160440283555,10,3,2006-02-01,0.0944061650553224,0.515971904372805,-13.106780422233172,17.71181232473623,10.737770691348128,42.774996226098004,0.5,26.756383458723064,median
Ipsala,2006,3,0.27869948055246335,13.398031741092549,8,6,2006-03-01,0.19555926945422458,0.6090426329630548,8.341078031013737,25.058319247195683,20.107268740562823,69.75007033347234,0.5,44.92866953701758,median
Ipsala,2006,4,0.3453775117565418,27.324726561425404,7,6,2006-04-01,0.3453775117565418,0.6966718339504939,14.830864859793685,31.683919389949388,0.0,25.865891673962974,0.5,12.932945836981487,median
Ipsala,2006,5,0.3659773426551294,34.406470975936486,13,11,2006-05-01,0.3659773426551294,0.6636913747400552,22.10173497356849,37.85444081009589,0.0,21.888111604066424,0.5,10.944055802033212,median
Ipsala,2006,6,0.4733644856786558,37.55979778288117,16,7,2006-06-01,0.3112044086058934,0.4890649378286841,20.51256947000001,41.67829131580263,91.17260461405594,19.458318326800658,0.5,55.3154614704283,median
Ipsala,2006,7,0.5414239383379698,36.286001812249474,18,10,2006-07-01,0.28134562121537565,0.5414239383379698,31.76394327110042,45.34392813061257,100.0,66.70056271836296,0.5,83.35028135918148,median
Ipsala,2006,8,0.3182630996838516,44.28134668387009,22,12,2006-08-01,0.21663381085070985,0.5964769784635997,31.72572693628245,46.33685992700866,26.75559217553581,14.068130407431228,0.5,20.41186129148352,median
Ipsala,2006,9,0.2739157045184488,35.55152737858688,19,10,2006-09-01,0.2176644384755197,0.3821012373120264,23.62402646858736,42.349027302057685,34.20844144433731,36.301733622999336,0.5,35.25508753366832,median
Ipsala,2006,10,0.2769480008468842,22.5074318086832,9,8,2006-10-01,0.195294517878708,0.3143085517756275,17.56646880341141,30.779780568394372,68.60828113674222,62.60617252393907,0.5,65.60722683034065,median
Ipsala,2006,11,0.3808296203135263,14.71667555355523,12,4,2006-11-01,0.1735375172947377,0.4199140322169447,6.215977314367644,24.22777124324276,84.13630783122359,52.80482181422294,0.5,68.47056482272326,median
Ipsala,2006,12,0.4667822402073909,10.924309904926899,18,4,2006-12-01,-0.11386886656522574,0.480340181237802,-5.15340232662788,15.515324304052502,97.71832134153141,22.212371769002754,0.5,59.96534655526708,median
Ipsala,2007,1,0.45330531798523516,10.595306622955619,13,6,2007-01-01,-0.10399199122814855,0.5088744066048624,-16.46342653848386,17.591864007711404,90.9329196679554,20.544700316871783,0.5,55.73880999241359,median
Ipsala,2007,2,0.4967365091509033,8.281324661578779,14,7,2007-02-01,0.0944061650553224,0.515971904372805,-13.106780422233172,17.71181232473623,95.43715405975732,30.599994427340665,0.5,63.01857424354899,median
Ipsala,2007,3,0.5817480464340238,11.122852126225878,15,9,2007-03-01,0.19555926945422458,0.6090426329630548,8.341078031013737,25.058319247195683,93.3988670553977,83.35984951560404,0.5,88.37935828550087,median
Ipsala,2007,4,0.6539173845877415,22.740752678860606,12,8,2007-04-01,0.3453775117565418,0.6966718339504939,14.830864859793685,31.683919389949388,87.82945050300376,53.065553755175316,0.5,70.44750212908954,median
Ipsala,2007,5,0.5509631902164177,33.83564080168751,18,10,2007-05-01,0.3659773426551294,0.6636913747400552,22.10173497356849,37.85444081009589,62.13541439945272,25.511807622850277,0.5,43.8236110111515,median
Ipsala,2007,6,0.35967060536670464,40.86284765050717,18,10,2007-06-01,0.3112044086058934,0.4890649378286841,20.51256947000001,41.67829131580263,27.24955164172586,3.85266172935733,0.5,15.551106685541594,median
Ipsala,2007,7,0.29132247858926114,42.88581725278071,20,14,2007-07-01,0.28134562121537565,0.5414239383379698,31.76394327110042,45.34392813061257,3.8360973280147204,18.100983935266054,0.5,10.968540631640387,median
Ipsala,2007,8,0.23850714354063715,45.9116265307057,20,10,2007-08-01,0.21663381085070985,0.5964769784635997,31.72572693628245,46.33685992700866,5.758516818240919,2.910338278166763,0.5,4.334427548203841,median
Ipsala,2007,9,0.2274228972640209,35.04591738965497,9,7,2007-09-01,0.2176644384755197,0.3821012373120264,23.62402646858736,42.349027302057685,5.934473826751927,39.00192035959031,0.5,22.468197093171117,median
Ipsala,2007,10,0.25664196440720405,25.856746034039745,5,2,2007-10-01,0.195294517878708,0.3143085517756275,17.56646880341141,30.779780568394372,51.54639710946218,37.25814256045427,0.5,44.40226983495822,median
Ipsala,2007,11,0.2040650021215601,14.31367183050877,6,4,2007-11-01,0.1735375172947377,0.4199140322169447,6.215977314367644,24.22777124324276,12.39058229087354,55.04226537280372,0.5,33.71642383183863,median
Ipsala,2007,12,0.3197906080144882,14.482345713549591,2,1,2007-12-01,-0.11386886656522574,0.480340181237802,-5.15340232662788,15.515324304052502,72.98096119254419,4.997785344790283,0.5,38.98937326866724,median
Ipsala,2008,1,,,6,0,2008-01-01,-0.10399199122814855,0.5088744066048624,-16.46342653848386,17.591864007711404,,,0.5,,median
Ipsala,2008,2,0.28055994613565216,10.918346531546234,8,4,2008-02-01,0.0944061650553224,0.515971904372805,-13.106780422233172,17.71181232473623,44.15771105633817,22.04340038809216,0.5,33.10055572221516,median
Ipsala,2008,3,0.38216063994602695,21.638453615348475,12,6,2008-03-01,0.19555926945422458,0.6090426329630548,8.341078031013737,25.058319247195683,45.12911206591202,20.457117221810794,0.5,32.79311464386141,median
Ipsala,2008,4,0.4551464288143428,24.187968151040266,7,4,2008-04-01,0.3453775117565418,0.6966718339504939,14.830864859793685,31.683919389949388,31.246994364229092,44.47829457559981,0.5,37.86264446991445,median
Ipsala,2008,5,0.4413885060249051,37.57479547711845,17,9,2008-05-01,0.3659773426551294,0.6636913747400552,22.10173497356849,37.85444081009589,25.33006685699784,1.7752209422269283,0.5,13.552643899612383,median
Ipsala,2008,6,0.429557653693403,36.40676096899174,17,11,2008-06-01,0.3112044086058934,0.4890649378286841,20.51256947000001,41.67829131580263,66.5427262612373,24.90597951355148,0.5,45.72435288739439,median
Ipsala,2008,7,0.4178284388216513,39.53741762093155,17,12,2008-07-01,0.28134562121537565,0.5414239383379698,31.76394327110042,45.34392813061257,52.477584104768425,42.75785702083333,0.5,47.617720562800876,median
Ipsala,2008,8,0.31776081446763066,42.762847174442626,17,10,2008-08-01,0.21663381085070985,0.5964769784635997,31.72572693628245,46.33685992700866,26.623357279913623,24.460887152519145,0.5,25.542122216216384,median
Ipsala,2008,9,0.2557886160913152,34.52453864128309,13,7,2008-09-01,0.2176644384755197,0.3821012373120264,23.62402646858736,42.349027302057685,23.184699462375775,41.78631942589066,0.5,32.485509444133214,median
Ipsala,2008,10,0.2423467378320314,27.264356073869813,5,1,2008-10-01,0.195294517878708,0.3143085517756275,17.56646880341141,30.779780568394372,39.535018192960585,26.605173305914896,0.5,33.07009574943774,median
Ipsala,2008,11,0.2123354985343888,24.22777124324276,5,3,2008-11-01,0.1735375172947377,0.4199140322169447,6.215977314367644,24.22777124324276,15.747434877022062,0.0,0.5,7.873717438511031,median
Ipsala,2008,12,0.3121134047366427,2.670128293483682,4,3,2008-12-01,-0.11386886656522574,0.480340181237802,-5.15340232662788,15.515324304052502,71.68895742615413,62.147979602679456,0.5,66.91846851441679,median
Ipsala,2009,1,0.2700720570592242,17.591864007711404,6,2,2009-01-01,-0.10399199122814855,0.5088744066048624,-16.46342653848386,17.591864007711404,61.03517008111365,0.0,0.5,30.517585040556824,median
Ipsala,2009,2,0.1836523528521259,6.605303159073566,9,4,2009-02-01,0.0944061650553224,0.515971904372805,-13.106780422233172,17.71181232473623,21.170170977673276,36.038339767330356,0.5,28.604255372501818,median
Ipsala,2009,3,0.5035784077947375,20.092697453867274,5,2,2009-03-01,0.19555926945422458,0.6090426329630548,8.341078031013737,25.058319247195683,74.49371982627179,29.7035960007671,0.5,52.098657913519446,median
Ipsala,2009,4,0.5357811623510155,20.47588406633256,12,5,2009-04-01,0.3453775117565418,0.6966718339504939,14.830864859793685,31.683919389949388,54.20060574999856,66.50447432874519,0.5,60.352540039371874,median
Ipsala,2009,5,0.592759290792682,35.07524312029349,22,14,2009-05-01,0.3659773426551294,0.6636913747400552,22.10173497356849,37.85444081009589,76.17442367407821,17.64266862241525,0.5,46.90854614824673,median
Ipsala,2009,6,0.34287815148054857,35.406918070351225,20,10,2009-06-01,0.3112044086058934,0.4890649378286841,20.51256947000001,41.67829131580263,17.80819106580988,29.629857611943834,0.5,23.719024338876856,median
Ipsala,2009,7,0.3675116942392624,42.775245943099065,23,15,2009-07-01,0.28134562121537565,0.5414239383379698,31.76394327110042,45.34392813061257,33.130817661846955,18.91520656382956,0.5,26.02301211283826,median
Ipsala,2009,8,0.2763848542938536,41.79736835666992,23,13,2009-08-01,0.21663381085070985,0.5964769784635997,31.72572693628245,46.33685992700866,15.730451022364566,31.0687170749865,0.5,23.399584048675532,median
Ipsala,2009,9,0.2733168719990397,29.009831406075627,17,12,2009-09-01,0.2176644384755197,0.3821012373120264,23.62402646858736,42.349027302057685,33.84426960223978,71.23735808939823,0.5,52.540813845819,median
Ipsala,2009,10,0.3143085517756275,21.399803319343256,17,7,2009-10-01,0.195294517878708,0.3143085517756275,17.56646880341141,30.779780568394372,100.0,70.98884379546169,0.5,85.49442189773085,median
Ipsala,2009,11,0.3640931023833595,17.10232176348203,14,8,2009-11-01,0.1735375172947377,0.4199140322169447,6.215977314367644,24.22777124324276,77.34324237388837,39.55991006724633,0.5,58.45157622056735,median
Ipsala,2009,12,0.39228602460677275,12.022671937735378,5,2,2009-12-01,-0.11386886656522574,0.480340181237802,-5.15340232662788,15.515324304052502,85.18128309277814,16.898246460585902,0.5,51.03976477668202,median
Ipsala,2010,1,-0.10399199122814855,-3.730002134526229,2,2,2010-01-01,-0.10399199122814855,0.5088744066048624,-16.46342653848386,17.591864007711404,0.0,62.609555814286715,0.5,31.304777907143357,median
Ipsala,2010,2,0.14380955502377585,8.298622348802501,8,2,2010-02-01,0.0944061650553224,0.515971904372805,-13.106780422233172,17.71181232473623,11.719023953046522,30.543866987110857,0.5,21.13144547007869,median
Ipsala,2010,3,0.4205064563866152,8.341078031013737,9,6,2010-03-01,0.19555926945422458,0.6090426329630548,8.341078031013737,25.058319247195683,54.40295953469158,100.0,0.5,77.20147976734579,median
Ipsala,2010,4,0.4640288534698798,26.2668237159818,17,9,2010-04-01,0.3453775117565418,0.6966718339504939,14.830864859793685,31.683919389949388,33.77547948179753,32.14310891995636,0.5,32.95929420087695,median
Ipsala,2010,5,0.40592149991320725,34.64515103431812,21,12,2010-05-01,0.3659773426551294,0.6636913747400552,22.10173497356849,37.85444081009589,13.416954847020246,20.372942966636646,0.5,16.894948906828446,median
Ipsala,2010,6,0.3812333935563584,34.67899492430419,14,5,2010-06-01,0.3112044086058934,0.4890649378286841,20.51256947000001,41.67829131580263,39.37297682429903,33.069018115658885,0.5,36.220997469978954,median
Ipsala,2010,7,0.5051434193967199,36.8390701616552,20,12,2010-07-01,0.28134562121537565,0.5414239383379698,31.76394327110042,45.34392813061257,86.05015622115543,62.62788991992218,0.5,74.33902307053881,median
Ipsala,2010,8,0.3548567842775064,37.45460087824367,14,9,2010-08-01,0.21663381085070985,0.5964769784635997,31.72572693628245,46.33685992700866,36.38948524346341,60.791035537097805,0.5,48.590260390280605,median
Ipsala,2010,9,0.2896456726222924,34.72509356406745,14,9,2010-09-01,0.2176644384755197,0.3821012373120264,23.62402646858736,42.349027302057685,43.77440734439311,40.71526514627814,0.5,42.24483624533563,median
Ipsala,2010,10,0.26379813572827715,23.643373400558577,13,4,2010-10-01,0.195294517878708,0.3143085517756275,17.56646880341141,30.779780568394372,57.55927734446976,54.009224142793826,0.5,55.784250743631794,median
Ipsala,2010,11,0.3171699725411502,13.391485437055092,10,4,2010-11-01,0.1735375172947377,0.4199140322169447,6.215977314367644,24.22777124324276,58.297949092982435,60.162168460165276,0.5,59.230058776573856,median
Ipsala,2010,12,,,5,0,2010-12-01,-0.11386886656522574,0.480340181237802,-5.15340232662788,15.515324304052502,,,0.5,,median
Ipsala,2011,1,0.0717418763776951,-16.46342653848386,7,1,2011-01-01,-0.10399199122814855,0.5088744066048624,-16.46342653848386,17.591864007711404,28.674090834023215,100.0,0.5,64.33704541701161,median
Ipsala,2011,2,0.4719732937852988,12.710285939775304,11,5,2011-02-01,0.0944061650553224,0.515971904372805,-13.106780422233172,17.71181232473623,89.56304877651105,16.22892526607257,0.5,52.89598702129181,median
Ipsala,2011,3,0.5081895587302995,25.058319247195683,10,4,2011-03-01,0.19555926945422458,0.6090426329630548,8.341078031013737,25.058319247195683,75.60891606933986,0.0,0.5,37.80445803466993,median
Ipsala,2011,4,0.5785296012053257,18.836033936801705,9,3,2011-04-01,0.3453775117565418,0.6966718339504939,14.830864859793685,31.683919389949388,66.36944428611031,76.23475869112364,0.5,71.30210148861698,median
Ipsala,2011,5,0.606438701895184,29.156705299125736,15,7,2011-05-01,0.3659773426551294,0.6636913747400552,22.10173497356849,37.85444081009589,80.76923937917063,55.21423177218119,0.5,67.9917355756759,median
Ipsala,2011,6,0.35626413677346214,37.01892338877312,16,8,2011-06-01,0.3112044086058934,0.4890649378286841,20.51256947000001,41.67829131580263,25.334304561258936,22.01374449203354,0.5,23.674024526646235,median
Ipsala,2011,7,0.3578957003867929,42.37904294731652,15,7,2011-07-01,0.28134562121537565,0.5414239383379698,31.76394327110042,45.34392813061257,29.43347220111916,21.83275765008886,0.5,25.63311492560401,median
Ipsala,2011,8,0.31217580300353454,40.716836399935644,22,12,2011-08-01,0.21663381085070985,0.5964769784635997,31.72572693628245,46.33685992700866,25.15301058414576,38.46398175035491,0.5,31.808496167250336,median
Ipsala,2011,9,0.24796337421569886,38.428904031602976,22,12,2011-09-01,0.2176644384755197,0.3821012373120264,23.62402646858736,42.349027302057685,18.425885175680328,20.935236827587307,0.5,19.68056100163382,median
Ipsala,2011,10,0.2641706470712207,18.95346040275422,18,11,2011-10-01,0.195294517878708,0.3143085517756275,17.56646880341141,30.779780568394372,57.87227517400822,89.50307368801724,0.5,73.68767443101274,median
Ipsala,2011,11,0.24104521320285693,12.512752329353473,11,6,2011-11-01,0.1735375172947377,0.4199140322169447,6.215977314367644,24.22777124324276,27.4002154505005,65.0408224752598,0.5,46.22051896288015,median
Ipsala,2011,12,0.2509665837294748,15.40381482863893,5,1,2011-12-01,-0.11386886656522574,0.480340181237802,-5.15340232662788,15.515324304052502,61.39850135968286,0.5395082019617421,0.5,30.969004780822303,median
Ipsala,2012,1,0.33332892035248834,7.07768257862812,4,4,2012-01-01,-0.10399199122814855,0.5088744066048624,-16.46342653848386,17.591864007711404,71.35664691797881,30.873856192244265,0.5,51.115251555111534,median
Ipsala,2012,2,0.2226916339358163,0.4461920339584914,6,4,2012-02-01,0.0944061650553224,0.515971904372805,-13.106780422233172,17.71181232473623,30.430715050086572,56.02338962240766,0.5,43.22705233624712,median
Ipsala,2012,3,0.2951592606628899,23.654063093774766,8,6,2012-03-01,0.19555926945422458,0.6090426329630548,8.341078031013737,25.058319247195683,24.08802868474738,8.400047204329539,0.5,16.24403794453846,median
Ipsala,2012,4,0.44012094427530946,26.73753390180597,9,6,2012-04-01,0.3453775117565418,0.6966718339504939,14.830864859793685,31.683919389949388,26.969816058245065,29.35008297334286,0.5,28.15994951579396,median
Ipsala,2012,5,0.4480724907772845,30.81665521431509,8,8,2012-05-01,0.3659773426551294,0.6636913747400552,22.10173497356849,37.85444081009589,27.5751692143072,44.67667757409377,0.5,36.125923394200484,median
Ipsala,2012,6,0.3769906820678244,41.67829131580263,10,5,2012-06-01,0.3112044086058934,0.4890649378286841,20.51256947000001,41.67829131580263,36.98756196745943,0.0,0.5,18.493780983729714,median
Ipsala,2012,7,0.3941981435513649,39.59339204586789,12,7,2012-07-01,0.28134562121537565,0.5414239383379698,31.76394327110042,45.34392813061257,43.39174583431095,42.345673756158114,0.5,42.86870979523454,median
Ipsala,2012,8,0.34777952979251014,38.38955618549443,10,6,2012-08-01,0.21663381085070985,0.5964769784635997,31.72572693628245,46.33685992700866,34.52628087691577,54.39211145746496,0.5,44.45919616719036,median
Ipsala,2012,9,0.2669647847657946,37.0418223084216,8,6,2012-09-01,0.2176644384755197,0.3821012373120264,23.62402646858736,42.349027302057685,29.98133425067,28.34288254956779,0.5,29.162108400118896,median
Ipsala,2012,10,0.22291356011435703,27.83907126442061,11,6,2012-10-01,0.195294517878708,0.3143085517756275,17.56646880341141,30.779780568394372,23.20654239782382,22.255656691360553,0.5,22.731099544592187,median
Ipsala,2012,11,0.3354411686709394,15.018800529542943,5,2,2012-11-01,0.1735375172947377,0.4199140322169447,6.215977314367644,24.22777124324276,65.71391409904575,51.12744877086733,0.5,58.42068143495654,median
Ipsala,2012,12,,,2,0,2012-12-01,-0.11386886656522574,0.480340181237802,-5.15340232662788,15.515324304052502,,,0.5,,median
Ipsala,2013,1,0.355274968064493,14.360631103032002,4,2,2013-01-01,-0.10399199122814855,0.5088744066048624,-16.46342653848386,17.591864007711404,74.93753302783931,9.488196555822375,0.5,42.21286479183084,median
Ipsala,2013,2,,,6,0,2013-02-01,0.0944061650553224,0.515971904372805,-13.106780422233172,17.71181232473623,,,0.5,,median
Ipsala,2013,3,0.5350239706239666,16.431033018382845,2,1,2013-03-01,0.19555926945422458,0.6090426329630548,8.341078031013737,25.058319247195683,82.09875683728505,51.607116971320615,0.5,66.85293690430284,median
Ipsala,2013,4,0.6282116726712553,27.8968720016829,8,1,2013-04-01,0.3453775117565418,0.6966718339504939,14.830864859793685,31.683919389949388,80.51202169972981,22.470985194346838,0.5,51.491503447038326,median
Ipsala,2013,5,0.4608822592478281,32.815305207500025,19,11,2013-05-01,0.3659773426551294,0.6636913747400552,22.10173497356849,37.85444081009589,31.87787822027353,31.98901607691491,0.5,31.93344714859422,median
Ipsala,2013,6,0.3715524483538134,36.93715944050203,22,11,2013-06-01,0.3112044086058934,0.4890649378286841,20.51256947000001,41.67829131580263,33.9299787376249,22.400048105332242,0.5,28.16501342147857,median
Ipsala,2013,7,0.39806209735317744,39.880314259543226,24,14,2013-07-01,0.28134562121537565,0.5414239383379698,31.76394327110042,45.34392813061257,44.87743439326574,40.23284213930721,0.5,42.55513826628648,median
Ipsala,2013,8,0.29292938774635213,40.42009335307728,22,14,2013-08-01,0.21663381085070985,0.5964769784635997,31.72572693628245,46.33685992700866,20.08607325363228,40.49491971421242,0.5,30.29049648392235,median
Ipsala,2013,9,0.2552053117265814,35.653337078921474,15,9,2013-09-01,0.2176644384755197,0.3821012373120264,23.62402646858736,42.349027302057685,22.82997085608993,35.758023632062454,0.5,29.29399724407619,median
Ipsala,2013,10,0.2467609761174448,22.627581770105046,13,10,2013-10-01,0.195294517878708,0.3143085517756275,17.56646880341141,30.779780568394372,43.24402472007037,61.696862552609566,0.5,52.470443636339965,median
Ipsala,2013,11,0.2992506781233887,15.998606879048117,20,7,2013-11-01,0.1735375172947377,0.4199140322169447,6.215977314367644,24.22777124324276,51.02481495378921,45.68764442170462,0.5,48.35622968774692,median
Ipsala,2013,12,0.3566213220262674,5.090462742991681,19,5,2013-12-01,-0.11386886656522574,0.480340181237802,-5.15340232662788,15.515324304052502,79.17923672334493,50.43785109425316,0.5,64.80854390879904,median
Ipsala,2014,1,0.37210582983062546,13.078344457954241,17,6,2014-01-01,-0.10399199122814855,0.5088744066048624,-16.46342653848386,17.591864007711404,77.6837860163607,13.253504748798637,0.5,45.468645382579666,median
Ipsala,2014,2,0.4365204167903474,8.59069000650295,14,5,2014-02-01,0.0944061650553224,0.515971904372805,-13.106780422233172,17.71181232473623,81.1532389441585,29.596167460080476,0.5,55.37470320211949,median
Ipsala,2014,3,0.5317034449600379,19.49374043672431,13,4,2014-03-01,0.19555926945422458,0.6090426329630548,8.341078031013737,25.058319247195683,81.29569534630978,33.28646598151001,0.5,57.291080663909895,median
Ipsala,2014,4,0.5652926978776247,19.904625171151565,14,10,2014-04-01,0.3453775117565418,0.6966718339504939,14.830864859793685,31.683919389949388,62.60140634999109,69.89412036684958,0.5,66.24776335842033,median
Ipsala,2014,5,0.42924346180874934,28.844670809609287,21,14,2014-05-01,0.3659773426551294,0.6636913747400552,22.10173497356849,37.85444081009589,21.250633942431264,57.195062829109226,0.5,39.22284838577025,median
Ipsala,2014,6,0.3302860432123953,37.10034965126682,20,11,2014-06-01,0.3112044086058934,0.4890649378286841,20.51256947000001,41.67829131580263,10.728425632086129,21.629036315828117,0.5,16.178730973957123,median
Ipsala,2014,7,0.5199287092583371,38.44526769644487,22,12,2014-07-01,0.28134562121537565,0.5414239383379698,31.76394327110042,45.34392813061257,91.73509375274051,50.80020711021268,0.5,71.2676504314766,median
Ipsala,2014,8,0.5964769784635997,31.72572693628245,22,14,2014-08-01,0.21663381085070985,0.5964769784635997,31.72572693628245,46.33685992700866,99.99999999999999,100.0,0.5,100.0,median
Ipsala,2014,9,0.3821012373120264,34.254057184062944,22,10,2014-09-01,0.2176644384755197,0.3821012373120264,23.62402646858736,42.349027302057685,100.0,43.230813125120115,0.5,71.61540656256005,median
Ipsala,2014,10,0.2666577176253737,25.84954365388645,19,8,2014-10-01,0.195294517878708,0.3143085517756275,17.56646880341141,30.779780568394372,59.962003983895585,37.3126510764221,0.5,48.63732753015884,median
Ipsala,2014,11,0.23838976714960136,15.051386062660399,15,6,2014-11-01,0.1735375172947377,0.4199140322169447,6.215977314367644,24.22777124324276,26.322415460475465,50.94653656830645,0.5,38.634476014390955,median
Ipsala,2014,12,0.27414023732473336,8.771418275839777,14,8,2014-12-01,-0.11386886656522574,0.480340181237802,-5.15340232662788,15.515324304052502,65.29841733722286,32.62855108936494,0.5,48.963484213293896,median
Ipsala,2015,1,0.28485151959499677,4.964604220841549,17,10,2015-01-01,-0.10399199122814855,0.5088744066048624,-16.46342653848386,17.591864007711404,63.44670097724862,37.078702264311175,0.5,50.26270162077989,median
Ipsala,2015,2,0.24890492006512474,8.620314216068188,12,4,2015-02-01,0.0944061650553224,0.515971904372805,-13.106780422233172,17.71181232473623,36.64879296404322,29.50004298805003,0.5,33.074417976046625,median
Ipsala,2015,3,0.3832882743121007,17.584099729640396,21,5,2015-03-01,0.19555926945422458,0.6090426329630548,8.341078031013737,25.058319247195683,45.401827842552855,44.709646890303866,0.5,45.05573736642836,median
Ipsala,2015,4,0.5448428800429714,22.899118970969266,19,11,2015-04-01,0.3453775117565418,0.6966718339504939,14.830864859793685,31.683919389949388,56.78012870822983,52.12586479953056,0.5,54.4529967538802,median
Ipsala,2015,5,0.4890405820268438,37.56658670826455,22,11,2015-05-01,0.3659773426551294,0.6636913747400552,22.10173497356849,37.85444081009589,41.33605611730435,1.827331157062929,0.5,21.58169363718364,median
Ipsala,2015,6,0.4437702656406754,35.05058377138936,21,9,2015-06-01,0.3112044086058934,0.4890649378286841,20.51256947000001,41.67829131580263,74.5336009141905,31.313401889610542,0.5,52.92350140190052,median
Ipsala,2015,7,0.3870287953641973,41.72760756470876,24,14,2015-07-01,0.28134562121537565,0.5414239383379698,31.76394327110042,45.34392813061257,40.63513456948638,26.629783488828718,0.5,33.63245902915755,median
Ipsala,2015,8,0.3125558359754756,41.93680367446812,24,15,2015-08-01,0.21663381085070985,0.5964769784635997,31.72572693628245,46.33685992700866,25.25306055327627,30.114408344194004,0.5,27.683734448735137,median
Ipsala,2015,9,0.2818242074667564,39.136541297556846,20,10,2015-09-01,0.2176644384755197,0.3821012373120264,23.62402646858736,42.349027302057685,39.01788981858516,17.15613277174667,0.5,28.087011295165915,median
Ipsala,2015,10,0.2589702079433494,18.17272715182694,16,11,2015-10-01,0.195294517878708,0.3143085517756275,17.56646880341141,30.779780568394372,53.50267357527956,95.41176081213648,0.5,74.45721719370802,median
Ipsala,2015,11,0.2718304697702493,18.021601287418157,20,10,2015-11-01,0.1735375172947377,0.4199140322169447,6.215977314367644,24.22777124324276,39.89542286794154,34.456145680610696,0.5,37.17578427427612,median
Ipsala,2015,12,0.41205939077342413,8.77428782708175,22,10,2015-12-01,-0.11386886656522574,0.480340181237802,-5.15340232662788,15.515324304052502,88.5089614981743,32.614667547851965,0.5,60.56181452301313,median
Ipsala,2016,1,0.43304433754574373,3.5372160187282384,19,6,2016-01-01,-0.10399199122814855,0.5088744066048624,-16.46342653848386,17.591864007711404,87.62698210780677,41.270086860419944,0.5,64.44853448411335,median
Ipsala,2016,2,0.3893768364069413,11.575016840000012,14,5,2016-02-01,0.0944061650553224,0.515971904372805,-13.106780422233172,17.71181232473623,69.97026651861655,19.912640188088048,0.5,44.9414533533523,median
Ipsala,2016,3,0.5316181144636485,24.180847550234848,19,6,2016-03-01,0.19555926945422458,0.6090426329630548,8.341078031013737,25.058319247195683,81.27505836211161,5.248902528914047,0.5,43.261980445512826,median
Ipsala,2016,4,0.5376883419135897,31.683919389949388,19,9,2016-04-01,0.3453775117565418,0.6966718339504939,14.830864859793685,31.683919389949388,54.74350651499335,0.0,0.5,27.371753257496675,median
Ipsala,2016,5,0.4484596826048016,29.36750672960036,21,11,2016-05-01,0.3659773426551294,0.6636913747400552,22.10173497356849,37.85444081009589,27.705224161601944,53.87603989161031,0.5,40.790632026606126,median
Ipsala,2016,6,0.4890649378286841,40.03826283802997,18,9,2016-06-01,0.3112044086058934,0.4890649378286841,20.51256947000001,41.67829131580263,100.0,7.748511908644845,0.5,53.87425595432242,median
Ipsala,2016,7,0.4055468926939528,39.79628328450384,24,15,2016-07-01,0.28134562121537565,0.5414239383379698,31.76394327110042,45.34392813061257,47.755334951676076,40.85162762330222,0.5,44.30348128748915,median
Ipsala,2016,8,0.2785287673795399,42.709261220878716,24,16,2016-08-01,0.21663381085070985,0.5964769784635997,31.72572693628245,46.33685992700866,16.29487162236104,24.82763457448787,0.5,20.561253098424455,median
Ipsala,2016,9,0.24145251341868726,39.03757764435579,20,12,2016-09-01,0.2176644384755197,0.3821012373120264,23.62402646858736,42.349027302057685,14.466393843399464,17.684643579736377,0.5,16.07551871156792,median
Ipsala,2016,10,0.22181034297703928,27.467512250403807,20,10,2016-10-01,0.195294517878708,0.3143085517756275,17.56646880341141,30.779780568394372,22.279578491808103,25.06766189206644,0.5,23.67362019193727,median
Ipsala,2016,11,0.23678128115526176,15.945588111607535,23,14,2016-11-01,0.1735375172947377,0.4199140322169447,6.215977314367644,24.22777124324276,25.669558594289388,45.98200026238292,0.5,35.825779428336155,median
Ipsala,2016,12,0.2912443308132675,11.135714581086974,19,11,2016-12-01,-0.11386886656522574,0.480340181237802,-5.15340232662788,15.515324304052502,68.17688133095928,21.189547867281256,0.5,44.68321459912026,median
Ipsala,2017,1,0.1996827929109797,2.484222980000027,20,7,2017-01-01,-0.10399199122814855,0.5088744066048624,-16.46342653848386,17.591864007711404,49.549915807567444,44.36209700580351,0.5,46.956006406685475,median
Ipsala,2017,2,0.33457980972639856,15.518311529353557,15,6,2017-02-01,0.0944061650553224,0.515971904372805,-13.106780422233172,17.71181232473623,56.971812998826394,7.117459299300335,0.5,32.044636149063365,median
Ipsala,2017,3,0.5042556233487191,16.217177005983903,16,9,2017-03-01,0.19555926945422458,0.6090426329630548,8.341078031013737,25.058319247195683,74.65750284966474,52.88637118338483,0.5,63.77193701652479,median
Ipsala,2017,4,0.6093417513237809,25.069657294268488,22,13,2017-04-01,0.3453775117565418,0.6966718339504939,14.830864859793685,31.683919389949388,75.14047990263347,39.24666643572411,0.5,57.19357316917879,median
Ipsala,2017,5,0.6151294678910741,32.62101613412136,21,10,2017-05-01,0.3659773426551294,0.6636913747400552,22.10173497356849,37.85444081009589,83.68840510845376,33.222385603362525,0.5,58.455395355908145,median
Ipsala,2017,6,0.4180379821409072,36.93672081593871,22,13,2017-06-01,0.3112044086058934,0.4890649378286841,20.51256947000001,41.67829131580263,60.0659258138114,22.402120439866877,0.5,41.23402312683913,median
Ipsala,2017,7,0.394389169260871,39.600105358313954,21,14,2017-07-01,0.28134562121537565,0.5414239383379698,31.76394327110042,45.34392813061257,43.46519513666707,42.29623841057034,0.5,42.8807167736187,median
Ipsala,2017,8,0.3060867413417268,39.84519340188376,22,13,2017-08-01,0.21663381085070985,0.5964769784635997,31.72572693628245,46.33685992700866,23.549964332169132,44.429590294231154,0.5,33.98977731320014,median
Ipsala,2017,9,0.253513969279056,42.349027302057685,24,14,2017-09-01,0.2176644384755197,0.3821012373120264,23.62402646858736,42.349027302057685,21.801403978424652,0.0,0.5,10.900701989212326,median
Ipsala,2017,10,0.2476663732022805,26.322248123060753,23,14,2017-10-01,0.195294517878708,0.3143085517756275,17.56646880341141,30.779780568394372,44.00477289000459,33.73516439040419,0.5,38.86996864020439,median
Ipsala,2017,11,0.30066557660264126,15.159379145028794,21,10,2017-11-01,0.1735375172947377,0.4199140322169447,6.215977314367644,24.22777124324276,51.599097969237874,50.34696784797333,0.5,50.9730329086056,median
Ipsala,2017,12,0.4204093914762187,12.504660351393216,21,12,2017-12-01,-0.11386886656522574,0.480340181237802,-5.15340232662788,15.515324304052502,89.91419097653163,14.566276899662974,0.5,52.240233938097305,median
Ipsala,2018,1,0.46636193955525085,8.191587989075327,19,8,2018-01-01,-0.10399199122814855,0.5088744066048624,-16.46342653848386,17.591864007711404,93.06333856776482,27.60298287834252,0.5,60.333160723053666,median
Ipsala,2018,2,0.4283420612377043,14.88765339781771,13,5,2018-02-01,0.0944061650553224,0.515971904372805,-13.106780422233172,17.71181232473623,79.21324363859027,9.163815330913309,0.5,44.18852948475179,median
Ipsala,2018,3,0.5261565901341867,18.407206762553265,18,8,2018-03-01,0.19555926945422458,0.6090426329630548,8.341078031013737,25.058319247195683,79.95420127051905,39.78594553151675,0.5,59.870073401017905,median
Ipsala,2018,4,0.4878116954493086,29.95942055616001,22,13,2018-04-01,0.3453775117565418,0.6966718339504939,14.830864859793685,31.683919389949388,40.54554107314261,10.232559508448034,0.5,25.38905029079532,median
Ipsala,2018,5,0.39230496150221056,36.36766567442844,20,10,2018-05-01,0.3659773426551294,0.6636913747400552,22.10173497356849,37.85444081009589,8.843257626355673,9.438220652987209,0.5,9.14073913967144,median
Ipsala,2018,6,0.3589093722403049,33.15485498884309,22,11,2018-06-01,0.3112044086058934,0.4890649378286841,20.51256947000001,41.67829131580263,26.821557229628826,40.27000065981603,0.5,33.54577894472243,median
Ipsala,2018,7,0.480376389459789,38.01603065376512,24,15,2018-07-01,0.28134562121537565,0.5414239383379698,31.76394327110042,45.34392813061257,76.52724396497669,53.96101359947096,0.5,65.24412878222383,median
Ipsala,2018,8,0.3437284246377789,40.87280414353111,24,15,2018-08-01,0.21663381085070985,0.5964769784635997,31.72572693628245,46.33685992700866,33.459760402112906,37.3965235067371,0.5,35.428141954425,median
Ipsala,2018,9,0.2644964472420489,34.10585514065274,22,13,2018-09-01,0.2176644384755197,0.3821012373120264,23.62402646858736,42.349027302057685,28.480248398104923,44.02227927632741,0.5,36.251263837216165,median
Ipsala,2018,10,0.2291552457902618,25.145085948363786,19,9,2018-10-01,0.195294517878708,0.3143085517756275,17.56646880341141,30.779780568394372,28.451037917831844,42.644075310198,0.5,35.54755661401492,median
Ipsala,2018,11,0.3556361836767406,11.440895363880555,18,7,2018-11-01,0.1735375172947377,0.4199140322169447,6.215977314367644,24.22777124324276,73.91072417738366,70.99168428117133,0.5,72.4512042292775,median
Ipsala,2018,12,0.38664426163597065,1.5259322845122436,11,6,2018-12-01,-0.11386886656522574,0.480340181237802,-5.15340232662788,15.515324304052502,84.23182549167608,67.68386011151064,0.5,75.95784280159336,median
Ipsala,2019,1,0.365372104062419,12.257475694807711,13,5,2019-01-01,-0.10399199122814855,0.5088744066048624,-16.46342653848386,17.591864007711404,76.58505947628348,15.66390486572919,0.5,46.124482171006335,median
Ipsala,2019,2,0.42523913862094315,15.364789032951418,18,10,2019-02-01,0.0944061650553224,0.515971904372805,-13.106780422233172,17.71181232473623,78.47719648689699,7.615608250041235,0.5,43.04640236846911,median
Ipsala,2019,3,0.5013994578893094,20.65995927548807,22,14,2019-03-01,0.19555926945422458,0.6090426329630548,8.341078031013737,25.058319247195683,73.96674580561532,26.310321869676024,0.5,50.13853383764567,median
Ipsala,2019,4,0.5698679929848658,22.53117138464561,15,10,2019-04-01,0.3453775117565418,0.6966718339504939,14.830864859793685,31.683919389949388,63.90381712585186,54.309134222087025,0.5,59.10647567396944,median
Ipsala,2019,5,0.582655260655613,28.57361463436846,24,15,2019-05-01,0.3659773426551294,0.6636913747400552,22.10173497356849,37.85444081009589,72.78055269449783,58.915758803843296,0.5,65.84815574917056,median
Ipsala,2019,6,0.4125168108422195,34.8610565447356,23,16,2019-06-01,0.3112044086058934,0.4890649378286841,20.51256947000001,41.67829131580263,56.961711898102294,32.20884608014899,0.5,44.58527898912564,median
Ipsala,2019,7,0.41606797867327616,41.84302634478756,22,14,2019-07-01,0.28134562121537565,0.5414239383379698,31.76394327110042,45.34392813061257,51.80068794216164,25.779865162167603,0.5,38.79027655216462,median
Ipsala,2019,8,0.3263362245879949,41.584715751910274,22,15,2019-08-01,0.21663381085070985,0.5964769784635997,31.72572693628245,46.33685992700866,28.88097591084914,32.52413196235094,0.5,30.70255393660004,median
Ipsala,2019,9,0.26573859019689844,37.151018772007646,19,10,2019-09-01,0.2176644384755197,0.3821012373120264,23.62402646858736,42.349027302057685,29.235640721257933,27.759723891487198,0.5,28.497682306372567,median
Ipsala,2019,10,0.2512240525345786,26.05905604860129,23,15,2019-10-01,0.195294517878708,0.3143085517756275,17.56646880341141,30.779780568394372,46.994066854596575,35.72703500649726,0.5,41.36055093054692,median
Ipsala,2019,11,0.2744149250915966,19.91573068656908,22,11,2019-11-01,0.1735375172947377,0.4199140322169447,6.215977314367644,24.22777124324276,40.94440893796667,23.94009488283646,0.5,32.442251910401566,median
Ipsala,2019,12,0.41167659345593155,4.748910909645055,17,6,2019-12-01,-0.11386886656522574,0.480340181237802,-5.15340232662788,15.515324304052502,88.44454017727587,52.09035654100687,0.5,70.26744835914137,median
Ipsala,2020,1,0.4142978820527823,8.396263310851785,19,10,2020-01-01,-0.10399199122814855,0.5088744066048624,-16.46342653848386,17.591864007711404,84.5681660984374,27.001973993984826,0.5,55.78507004621112,median
Ipsala,2020,2,0.4628319022972292,12.40776158588628,16,5,2020-02-01,0.0944061650553224,0.515971904372805,-13.106780422233172,17.71181232473623,87.39461082354325,17.210554623301324,0.5,52.30258272342228,median
Ipsala,2020,3,0.4996102110483315,16.518956546989365,18,8,2020-03-01,0.19555926945422458,0.6090426329630548,8.341078031013737,25.058319247195683,73.53402057435224,51.08117176619064,0.5,62.30759617027144,median
Ipsala,2020,4,0.5250074253414032,27.364657555188064,21,14,2020-04-01,0.3453775117565418,0.6966718339504939,14.830864859793685,31.683919389949388,51.133736652221344,25.62895543376266,0.5,38.381346042992,median
Ipsala,2020,5,0.47615416982246417,27.858266889679367,21,10,2020-05-01,0.3659773426551294,0.6636913747400552,22.10173497356849,37.85444081009589,37.00760303293523,63.45686908745149,0.5,50.23223606019336,median
Ipsala,2020,6,0.4279922090756904,34.85417207836977,22,15,2020-06-01,0.3112044086058934,0.4890649378286841,20.51256947000001,41.67829131580263,65.66257335460129,32.241372569989394,0.5,48.95197296229534,median
Ipsala,2020,7,0.427028824785846,39.149993383216106,22,13,2020-07-01,0.28134562121537565,0.5414239383379698,31.76394327110042,45.34392813061257,56.015128512923695,45.61076327752971,0.5,50.812945895226704,median
Ipsala,2020,8,0.3201821097940209,39.07032077511488,22,12,2020-08-01,0.21663381085070985,0.5964769784635997,31.72572693628245,46.33685992700866,27.26080334524811,49.732893106276585,0.5,38.49684822576235,median
Ipsala,2020,9,0.25408617593141897,39.44347273958287,24,14,2020-09-01,0.2176644384755197,0.3821012373120264,23.62402646858736,42.349027302057685,22.149383662054888,15.516979616263772,0.5,18.833181639159328,median
Ipsala,2020,10,0.2287016352969115,27.267671816569113,23,14,2020-10-01,0.195294517878708,0.3143085517756275,17.56646880341141,30.779780568394372,28.069897577909263,26.580079349469493,0.5,27.32498846368938,median
Ipsala,2020,11,0.2761714883048143,14.675911907317296,16,8,2020-11-01,0.1735375172947377,0.4199140322169447,6.215977314367644,24.22777124324276,41.65736780653916,53.03113822889491,0.5,47.34425301771704,median
Ipsala,2020,12,0.42757954779669655,15.515324304052502,11,6,2020-12-01,-0.11386886656522574,0.480340181237802,-5.15340232662788,15.515324304052502,91.12086333316908,0.0,0.5,45.56043166658454,median
Ipsala,2021,1,0.4724179182927339,6.868568766479653,14,6,2021-01-01,-0.10399199122814855,0.5088744066048624,-16.46342653848386,17.591864007711404,94.05147868425611,31.48789826557443,0.5,62.76968847491527,median
Ipsala,2021,2,0.45485761096714195,10.509359564836474,19,12,2021-02-01,0.0944061650553224,0.515971904372805,-13.106780422233172,17.71181232473623,85.50302178146461,23.370479045017458,0.5,54.436750413241036,median
Ipsala,2021,3,0.4744637678844159,16.60058255185954,17,10,2021-03-01,0.19555926945422458,0.6090426329630548,8.341078031013737,25.058319247195683,67.4524111595206,50.59289739235938,0.5,59.022654275939985,median
Ipsala,2021,4,0.6328001145207409,23.822091381534104,20,11,2021-04-01,0.3453775117565418,0.6966718339504939,14.830864859793685,31.683919389949388,81.8181748481295,46.64927651155383,0.5,64.23372567984167,median
Ipsala,2021,5,0.6017169947392224,28.077669793254685,21,10,2021-05-01,0.3659773426551294,0.6636913747400552,22.10173497356849,37.85444081009589,79.1832519391783,62.064074060031075,0.5,70.62366299960469,median
Ipsala,2021,6,0.43395929629101804,34.96501873576837,21,10,2021-06-01,0.3112044086058934,0.4890649378286841,20.51256947000001,41.67829131580263,69.01749827324537,31.717664197526883,0.5,50.367581235386126,median
Ipsala,2021,7,0.4344685107109927,38.54389208025486,24,15,2021-07-01,0.28134562121537565,0.5414239383379698,31.76394327110042,45.34392813061257,58.87568452061265,50.07395899705,0.5,54.474821758831325,median
Ipsala,2021,8,0.3226392394866219,40.20175217320724,24,16,2021-08-01,0.21663381085070985,0.5964769784635997,31.72572693628245,46.33685992700866,27.907683400520057,41.989267756959144,0.5,34.948475578739604,median
Ipsala,2021,9,0.26821720338038946,31.63346767464033,23,14,2021-09-01,0.2176644384755197,0.3821012373120264,23.62402646858736,42.349027302057685,30.74297557636869,57.22595006919116,0.5,43.984462822779925,median
Ipsala,2021,10,0.2356594702774593,20.36372329997712,17,9,2021-10-01,0.195294517878708,0.3143085517756275,17.56646880341141,30.779780568394372,33.91612827249617,78.83002727613824,0.5,56.3730777743172,median
Ipsala,2021,11,0.2247493427283709,12.33877065349126,18,3,2021-11-01,0.1735375172947377,0.4199140322169447,6.215977314367644,24.22777124324276,20.78600123465634,66.0067544448861,0.5,43.39637783977122,median
Ipsala,2021,12,0.3430530453721682,13.81745958008997,29,15,2021-12-01,-0.11386886656522574,0.480340181237802,-5.15340232662788,15.515324304052502,76.89581867303667,8.214655669412377,0.5,42.555237171224526,median
Ipsala,2022,1,0.362315091142051,5.549850717385942,26,13,2022-01-01,-0.10399199122814855,0.5088744066048624,-16.46342653848386,17.591864007711404,76.08625371189878,35.36018368127188,0.5,55.72321869658533,median
Ipsala,2022,2,0.3396283861961968,11.86054698474296,28,9,2022-02-01,0.0944061650553224,0.515971904372805,-13.106780422233172,17.71181232473623,58.16939050547385,18.986153547094272,0.5,38.57777202628406,median
Ipsala,2022,3,0.347887530758543,14.293892984683517,23,9,2022-03-01,0.19555926945422458,0.6090426329630548,8.341078031013737,25.058319247195683,36.84023947460835,64.39116432735578,0.5,50.61570190098207,median
Ipsala,2022,4,0.4437930249871179,30.665282517125195,20,8,2022-04-01,0.3453775117565418,0.6966718339504939,14.830864859793685,31.683919389949388,28.015116388997658,6.0442270034877845,0.5,17.029671696242723,median
Ipsala,2022,5,0.4779971763150622,32.01736329637004,28,17,2022-05-01,0.3659773426551294,0.6636913747400552,22.10173497356849,37.85444081009589,37.626655645165584,37.05444368922843,0.5,37.34054966719701,median
Ipsala,2022,6,0.41114790070188406,34.973173949290796,32,22,2022-06-01,0.3112044086058934,0.4890649378286841,20.51256947000001,41.67829131580263,56.19205820016424,31.67913390981999,0.5,43.93559605499212,median
Ipsala,2022,7,0.49683111227294924,38.56968090156646,36,24,2022-07-01,0.28134562121537565,0.5414239383379698,31.76394327110042,45.34392813061257,82.8540777415133,49.8840558301585,0.5,66.3690667858359,median
Ipsala,2022,8,0.4071446976692732,38.59412603703534,33,20,2022-08-01,0.21663381085070985,0.5964769784635997,31.72572693628245,46.33685992700866,50.155143770472925,52.99201571081237,0.5,51.57357974064264,median
Ipsala,2022,9,0.3561186083685888,32.68112826129885,30,18,2022-09-01,0.2176644384755197,0.3821012373120264,23.62402646858736,42.349027302057685,84.19901802559951,51.63096721190944,0.5,67.91499261875448,median
Ipsala,2022,10,0.2787881732625905,24.379887153863248,33,21,2022-10-01,0.195294517878708,0.3143085517756275,17.56646880341141,30.779780568394372,70.154462167208,48.435195720513434,0.5,59.294828943860715,median
Ipsala,2022,11,0.2328253049088335,20.640459303474195,32,24,2022-11-01,0.1735375172947377,0.4199140322169447,6.215977314367644,24.22777124324276,24.063895713767938,19.916461147257877,0.5,21.990178430512906,median
Ipsala,2022,12,0.3365222938502668,9.675781058521025,18,8,2022-12-01,-0.11386886656522574,0.480340181237802,-5.15340232662788,15.515324304052502,75.79675235184085,28.253038273114207,0.5,52.024895312477526,median
Ipsala,2023,1,0.4693472253335152,12.90808563886274,19,8,2023-01-01,-0.10399199122814855,0.5088744066048624,-16.46342653848386,17.591864007711404,93.5504407794083,13.753452969356463,0.5,53.65194687438238,median
Ipsala,2023,2,0.46845191610887016,13.948913313248344,18,8,2023-02-01,0.0944061650553224,0.515971904372805,-13.106780422233172,17.71181232473623,88.72773951202248,12.209833986848464,0.5,50.46878674943547,median
Ipsala,2023,3,0.6090426329630548,24.042008255902267,16,4,2023-03-01,0.19555926945422458,0.6090426329630548,8.341078031013737,25.058319247195683,100.0,6.079418117803121,0.5,53.03970905890156,median
Ipsala,2023,4,0.6966718339504939,21.22768753285668,17,7,2023-04-01,0.3453775117565418,0.6966718339504939,14.830864859793685,31.683919389949388,100.0,62.04354135556282,0.5,81.0217706777814,median
Ipsala,2023,5,0.6444780734110727,22.10173497356849,21,9,2023-05-01,0.3659773426551294,0.6636913747400552,22.10173497356849,37.85444081009589,93.54639040879947,100.0,0.5,96.77319520439974,median
Ipsala,2023,6,0.36548304920699476,37.60039994284581,20,14,2023-06-01,0.3112044086058934,0.4890649378286841,20.51256947000001,41.67829131580263,30.517530133462692,19.26648853587532,0.5,24.892009334669005,median
Ipsala,2023,7,0.36259249901199464,45.34392813061257,22,14,2023-07-01,0.28134562121537565,0.5414239383379698,31.76394327110042,45.34392813061257,31.23938923302143,0.0,0.5,15.619694616510715,median
Ipsala,2023,8,0.31194068241038425,45.802803380902176,24,14,2023-08-01,0.21663381085070985,0.5964769784635997,31.72572693628245,46.33685992700866,25.091111196925528,3.6551343858512104,0.5,14.373122791388369,median
Ipsala,2023,9,0.2711470080783624,34.70607232061643,23,16,2023-09-01,0.2176644384755197,0.3821012373120264,23.62402646858736,42.349027302057685,32.52469640692677,40.8168472162614,0.5,36.670771811594086,median
Ipsala,2023,10,0.23085953586762248,30.779780568394372,24,16,2023-10-01,0.195294517878708,0.3143085517756275,17.56646880341141,30.779780568394372,29.88304557403547,0.0,0.5,14.941522787017735,median
Ipsala,2023,11,0.2551055815003481,18.59622823985018,20,10,2023-11-01,0.1735375172947377,0.4199140322169447,6.215977314367644,24.22777124324276,33.107077690162726,31.26586405346624,0.5,32.186470871814485,median
Ipsala,2023,12,0.3188277119374907,12.534292352506924,13,2,2023-12-01,-0.11386886656522574,0.480340181237802,-5.15340232662788,15.515324304052502,72.81891450534586,14.422910539251962,0.5,43.62091252229891,median
Ipsala,2024,1,0.4047823502846907,10.7717487989427,13,10,2024-01-01,-0.10399199122814855,0.5088744066048624,-16.46342653848386,17.591864007711404,83.0155386739715,20.02659527898423,0.5,51.52106697647787,median
Ipsala,2024,2,0.40575337637335196,12.179118960322157,21,8,2024-02-01,0.0944061650553224,0.515971904372805,-13.106780422233172,17.71181232473623,73.85496075229037,17.95245295539375,0.5,45.90370685384206,median
Ipsala,2024,3,0.5140175807385969,15.275839232486288,18,10,2024-03-01,0.19555926945422458,0.6090426329630548,8.341078031013737,25.058319247195683,77.01840978121274,58.51731089002985,0.5,67.7678603356213,median
Ipsala,2024,4,0.5141393552817483,27.22399143709685,19,13,2024-04-01,0.3453775117565418,0.6966718339504939,14.830864859793685,31.683919389949388,48.040014558513654,26.46361788524596,0.5,37.25181622187981,median
Ipsala,2024,5,0.4418790855955693,31.88386082832927,19,9,2024-05-01,0.3659773426551294,0.6636913747400552,22.10173497356849,37.85444081009589,25.494849002880798,37.90193280904179,0.5,31.698390905961293,median
Ipsala,2024,6,0.46015556684840764,41.01647017563973,22,14,2024-06-01,0.3112044086058934,0.4890649378286841,20.51256947000001,41.67829131580263,83.74604466398267,3.1268536220235057,0.5,43.43644914300309,median
Ipsala,2024,7,0.37822822181156457,45.023356548535524,24,16,2024-07-01,0.28134562121537565,0.5414239383379698,31.76394327110042,45.34392813061257,37.251317859966385,2.3606181110908833,0.5,19.805967985528635,median
Ipsala,2024,8,0.3046724384546321,46.33685992700866,24,16,2024-08-01,0.21663381085070985,0.5964769784635997,31.72572693628245,46.33685992700866,23.177625691465696,0.0,0.5,11.588812845732848,median
Ipsala,2024,9,0.26957228888295004,36.3136215787553,22,16,2024-09-01,0.2176644384755197,0.3821012373120264,23.62402646858736,42.349027302057685,31.567052371920937,32.231804831294276,0.5,31.899428601607607,median
Ipsala,2024,10,0.23880217215215388,26.25432105345167,22,16,2024-10-01,0.195294517878708,0.3143085517756275,17.56646880341141,30.779780568394372,36.55674280491051,34.24924496927238,0.5,35.40299388709145,median
Ipsala,2024,11,0.2364459276958774,17.747875735350554,16,6,2024-11-01,0.1735375172947377,0.4199140322169447,6.215977314367644,24.22777124324276,25.53344437922703,35.97584745572809,0.5,30.75464591747756,median
Ipsala,2024,12,0.2750070469699622,13.088414241741,11,7,2024-12-01,-0.11386886656522574,0.480340181237802,-5.15340232662788,15.515324304052502,65.44429354837004,11.741942818620613,0.5,38.59311818349533,median
Kirklareli,1985,1,,,3,0,1985-01-01,0.08280656317446525,0.4848393843955517,-6.425527477755391,11.321393126620919,,,0.5,,median
Kirklareli,1985,2,0.2397470157224955,3.7276650953492623,4,1,1985-02-01,0.17221483667620419,0.4811995652585391,-0.9936178652089842,16.160689652631596,21.856154301262194,72.47756602446303,0.5,47.16686016286261,median
Kirklareli,1985,3,0.2372471764049039,5.348427971099043,7,1,1985-03-01,0.1356268076122284,0.553370962776938,4.17891686043316,25.46283412441848,24.32598219180548,94.50518860715164,0.5,59.41558539947856,median
Kirklareli,1985,4,0.3510135638011918,22.88891433329705,2,1,1985-04-01,0.2841874076995908,0.6392300187860134,12.138782289043217,31.152163362631747,18.82201009538389,43.46017679524222,0.5,31.141093445313054,median
Kirklareli,1985,5,0.48552441758886866,31.146846547927346,7,2,1985-05-01,0.41585964725047597,0.6944512814826663,23.954489736990467,37.53170628805883,25.006052507783146,47.02627903234755,0.5,36.01616577006535,median
Kirklareli,1985,6,0.3814204855278659,33.48313671494415,5,2,1985-06-01,0.30126788062759263,0.528383243387792,29.05835330150456,45.33031971721313,35.291582183677605,72.80732211216949,0.5,54.049452147923546,median
Kirklareli,1985,7,0.3254458620493171,40.8700946999448,10,3,1985-07-01,0.2485369118494177,0.5420576872552342,29.544782826486994,48.64480564115659,26.202216893699084,40.705244264108906,0.5,33.45373057890399,median
Kirklareli,1985,8,,,2,0,1985-08-01,0.23989712912246486,0.48503003458731925,31.684933185315188,45.96482627922851,,,0.5,,median
Kirklareli,1985,9,0.2299792621106564,35.999322341613734,4,2,1985-09-01,0.22643921778481366,0.4263599730650386,25.16473562126994,41.53667351686312,1.7707237654643333,33.82220975037946,0.5,17.796466757921895,median
Kirklareli,1985,10,0.2308808700630482,23.97816577376858,2,1,1985-10-01,0.1889990885525008,0.4107584921015044,18.62167950061002,31.821913893217562,18.886135532598736,59.421279093662726,0.5,39.15370731313073,median
Kirklareli,1985,11,,,1,0,1985-11-01,0.1179888521854534,0.4392509358931702,-6.00568848203461,21.69468547897793,,,0.5,,median
Kirklareli,1985,12,,,2,0,1985-12-01,-0.1723046214984996,0.4688035523151335,-9.526207233348591,13.219116301476642,,,0.5,,median
Kirklareli,1986,1,,,1,0,1986-01-01,0.08280656317446525,0.4848393843955517,-6.425527477755391,11.321393126620919,,,0.5,,median
Kirklareli,1986,2,,,4,0,1986-02-01,0.17221483667620419,0.4811995652585391,-0.9936178652089842,16.160689652631596,,,0.5,,median
Kirklareli,1986,3,,,3,0,1986-03-01,0.1356268076122284,0.553370962776938,4.17891686043316,25.46283412441848,,,0.5,,median
Kirklareli,1986,4,0.5201308849110755,26.234999743696346,8,4,1986-04-01,0.2841874076995908,0.6392300187860134,12.138782289043217,31.152163362631747,66.45497465487392,25.861595051949116,0.5,46.158284853411516,median
Kirklareli,1986,5,0.46146357727465226,34.96324629785592,12,4,1986-05-01,0.41585964725047597,0.6944512814826663,23.954489736990467,37.53170628805883,16.36945421920602,18.917426709238164,0.5,17.643440464222092,median
Kirklareli,1986,6,0.3286092507048771,29.490418933518768,6,1,1986-06-01,0.30126788062759263,0.528383243387792,29.05835330150456,45.33031971721313,12.038538364378715,97.34472391980171,0.5,54.69163114209021,median
Kirklareli,1986,7,0.3555853155127393,37.69678021515357,8,3,1986-07-01,0.2485369118494177,0.5420576872552342,29.544782826486994,48.64480564115659,36.47046908871048,57.3194363809581,0.5,46.89495273483429,median
Kirklareli,1986,8,0.26702388616711614,39.903595352071946,12,4,1986-08-01,0.23989712912246486,0.48503003458731925,31.684933185315188,45.96482627922851,11.066142667876365,42.44591249594236,0.5,26.75602758190936,median
Kirklareli,1986,9,0.23825751676689333,32.335981556126484,12,4,1986-09-01,0.22643921778481366,0.4263599730650386,25.16473562126994,41.53667351686312,5.9114917635811235,56.19794076554113,0.5,31.054716264561126,median
Kirklareli,1986,10,0.1889990885525008,25.92727700332483,8,1,1986-10-01,0.1889990885525008,0.4107584921015044,18.62167950061002,31.821913893217562,0.0,44.65554712569253,0.5,22.327773562846264,median
Kirklareli,1986,11,,,6,0,1986-11-01,0.1179888521854534,0.4392509358931702,-6.00568848203461,21.69468547897793,,,0.5,,median
Kirklareli,1986,12,0.2693198529784411,6.510346849308371,6,1,1986-12-01,-0.1723046214984996,0.4688035523151335,-9.526207233348591,13.219116301476642,68.88454905354531,29.49515948584558,0.5,49.189854269695445,median
Kirklareli,1987,1,0.08280656317446525,-4.012349600949954,7,2,1987-01-01,0.08280656317446525,0.4848393843955517,-6.425527477755391,11.321393126620919,0.0,86.40227264999226,0.5,43.20113632499613,median
Kirklareli,1987,2,0.3085649618005243,2.9611970180239453,8,2,1987-02-01,0.17221483667620419,0.4811995652585391,-0.9936178652089842,16.160689652631596,44.12843500386363,76.94564540643859,0.5,60.53704020515111,median
Kirklareli,1987,3,0.2700237311095434,6.545880119926827,4,1,1987-03-01,0.1356268076122284,0.553370962776938,4.17891686043316,25.46283412441848,32.1720655659023,88.87909950909824,0.5,60.52558253750027,median
Kirklareli,1987,4,0.4216826882232195,22.960025580815028,8,2,1987-04-01,0.2841874076995908,0.6392300187860134,12.138782289043217,31.152163362631747,38.72641655684544,43.08617047178637,0.5,40.906293514315905,median
Kirklareli,1987,5,0.5236540499692675,28.837687466679284,11,2,1987-05-01,0.41585964725047597,0.6944512814826663,23.954489736990467,37.53170628805883,38.69262011972368,64.03388197189379,0.5,51.36325104580874,median
Kirklareli,1987,6,0.465711474349827,30.116637580038912,11,3,1987-06-01,0.30126788062759263,0.528383243387792,29.05835330150456,45.33031971721313,72.40531495699074,93.49627296727512,0.5,82.95079396213293,median
Kirklareli,1987,7,0.3752703369900837,39.81938999373128,10,4,1987-07-01,0.2485369118494177,0.5420576872552342,29.544782826486994,48.64480564115659,43.17698635316247,46.20630945344752,0.5,44.691647903305,median
Kirklareli,1987,8,0.3072052852137469,37.828991628143086,12,3,1987-08-01,0.23989712912246486,0.48503003458731925,31.684933185315188,45.96482627922851,27.45782169213193,56.9740585421697,0.5,42.215940117150815,median
Kirklareli,1987,9,0.2832147595297225,33.83872111251442,10,3,1987-09-01,0.22643921778481366,0.4263599730650386,25.16473562126994,41.53667351686312,28.39902323564541,47.019188891626264,0.5,37.709106063635836,median
Kirklareli,1987,10,0.2733449368812117,19.56283581582797,9,3,1987-10-01,0.1889990885525008,0.4107584921015044,18.62167950061002,31.821913893217562,38.034846314903824,92.87015451979383,0.5,65.45250041734883,median
Kirklareli,1987,11,0.2083065719213324,14.48460333745848,7,1,1987-11-01,0.1179888521854534,0.4392509358931702,-6.00568848203461,21.69468547897793,28.11340781131513,26.02882600670817,0.5,27.07111690901165,median
Kirklareli,1987,12,,,4,0,1987-12-01,-0.1723046214984996,0.4688035523151335,-9.526207233348591,13.219116301476642,,,0.5,,median
Kirklareli,1988,1,,,3,0,1988-01-01,0.08280656317446525,0.4848393843955517,-6.425527477755391,11.321393126620919,,,0.5,,median
Kirklareli,1988,2,0.3630378362109151,4.975744519889032,4,1,1988-02-01,0.17221483667620419,0.4811995652585391,-0.9936178652089842,16.160689652631596,61.75806824182979,65.2019623707349,0.5,63.48001530628235,median
Kirklareli,1988,3,0.41051452231311214,12.607849362333207,6,2,1988-03-01,0.1356268076122284,0.553370962776938,4.17891686043316,25.46283412441848,65.80288707869535,60.39764486322869,0.5,63.10026597096202,median
Kirklareli,1988,4,0.5525361912321215,18.038865095544303,6,2,1988-04-01,0.2841874076995908,0.6392300187860134,12.138782289043217,31.152163362631747,75.58213441237076,68.96878685770999,0.5,72.27546063504037,median
Kirklareli,1988,5,0.5552118372057402,29.549385946213256,11,3,1988-05-01,0.41585964725047597,0.6944512814826663,23.954489736990467,37.53170628805883,50.02023493610079,58.7920234741889,0.5,54.40612920514485,median
Kirklareli,1988,6,0.3993371004752523,29.05835330150456,11,3,1988-06-01,0.30126788062759263,0.528383243387792,29.05835330150456,45.33031971721313,43.18035497722205,100.0,0.5,71.59017748861103,median
Kirklareli,1988,7,0.3647265819123008,41.10156426831129,10,3,1988-07-01,0.2485369118494177,0.5420576872552342,29.544782826486994,48.64480564115659,39.58481981462517,39.49336315479047,0.5,39.539091484707825,median
Kirklareli,1988,8,0.3116297558578089,35.186032912921604,10,3,1988-08-01,0.23989712912246486,0.48503003458731925,31.684933185315188,45.96482627922851,29.262748956250835,75.48231135498676,0.5,52.3725301556188,median
Kirklareli,1988,9,0.2328601914131279,33.59002673120798,11,3,1988-09-01,0.22643921778481366,0.4263599730650386,25.16473562126994,41.53667351686312,3.211759389020955,48.53821726134286,0.5,25.874988325181906,median
Kirklareli,1988,10,0.2335115986020162,21.976364224662262,9,2,1988-10-01,0.1889990885525008,0.4107584921015044,18.62167950061002,31.821913893217562,20.072434060131833,74.58617306120755,0.5,47.329303560669686,median
Kirklareli,1988,11,0.2244168842642239,8.014799085147967,4,1,1988-11-01,0.1179888521854534,0.4392509358931702,-6.00568848203461,21.69468547897793,33.12810240488834,49.38520473797213,0.5,41.256653571430235,median
Kirklareli,1988,12,0.2159130013554712,2.1791410901094155,4,1,1988-12-01,-0.1723046214984996,0.4688035523151335,-9.526207233348591,13.219116301476642,60.554152748460154,48.53734084926946,0.5,54.54574679886481,median
Kirklareli,1989,1,0.2270263113931104,1.5193963494530631,9,3,1989-01-01,0.08280656317446525,0.4848393843955517,-6.425527477755391,11.321393126620919,35.872630443606404,55.23209910991954,0.5,45.55236477676297,median
Kirklareli,1989,2,0.20603283566024733,11.616598476905583,10,2,1989-02-01,0.17221483667620419,0.4811995652585391,-0.9936178652089842,16.160689652631596,10.944877159206166,26.48950516364552,0.5,18.717191161425845,median
Kirklareli,1989,3,0.22496750613929684,14.779524687974757,7,2,1989-03-01,0.1356268076122284,0.553370962776938,4.17891686043316,25.46283412441848,21.386462843948802,50.19428192629293,0.5,35.79037238512087,median
Kirklareli,1989,4,0.4345396719622835,21.059616863819496,11,3,1989-04-01,0.2841874076995908,0.6392300187860134,12.138782289043217,31.152163362631747,42.34766745394816,53.08128238607597,0.5,47.714474920012066,median
Kirklareli,1989,5,0.4577985646346527,32.22972234090959,6,1,1989-05-01,0.41585964725047597,0.6944512814826663,23.954489736990467,37.53170628805883,15.053904077113454,39.05059573298209,0.5,27.052249905047773,median
Kirklareli,1989,6,0.48611514779849363,29.2183467022735,10,2,1989-06-01,0.30126788062759263,0.528383243387792,29.05835330150456,45.33031971721313,81.3891517176109,99.01675435727002,0.5,90.20295303744047,median
Kirklareli,1989,7,0.399306183716144,36.46925649978614,8,3,1989-07-01,0.2485369118494177,0.5420576872552342,29.544782826486994,48.64480564115659,51.36579230491452,63.74625443912627,0.5,57.55602337202039,median
Kirklareli,1989,8,0.30331624220506415,37.08645267500685,11,4,1989-08-01,0.23989712912246486,0.48503003458731925,31.684933185315188,45.96482627922851,25.87131783158011,62.17395008374387,0.5,44.02263395766199,median
Kirklareli,1989,9,0.2709160946939023,33.90823531439925,12,4,1989-09-01,0.22643921778481366,0.4263599730650386,25.16473562126994,41.53667351686312,22.247253341328324,46.59459528317176,0.5,34.420924312250044,median
Kirklareli,1989,10,0.2664510642722532,23.014715229347484,6,3,1989-10-01,0.1889990885525008,0.4107584921015044,18.62167950061002,31.821913893217562,34.92612916531286,66.7200172506204,0.5,50.82307320796663,median
Kirklareli,1989,11,0.3003197669376022,12.385612223369172,5,1,1989-11-01,0.1179888521854534,0.4392509358931702,-6.00568848203461,21.69468547897793,56.754570177672406,33.606308957095685,0.5,45.18043956738404,median
Kirklareli,1989,12,0.1351616481067169,12.262927438586798,3,1,1989-12-01,-0.1723046214984996,0.4688035523151335,-9.526207233348591,13.219116301476642,47.95856333826675,4.203892116222612,0.5,26.08122772724468,median
Kirklareli,1990,1,,,2,0,1990-01-01,0.08280656317446525,0.4848393843955517,-6.425527477755391,11.321393126620919,,,0.5,,median
Kirklareli,1990,2,0.3297825717147438,10.903282367973233,7,2,1990-02-01,0.17221483667620419,0.4811995652585391,-0.9936178652089842,16.160689652631596,50.99531480454791,30.64773835487459,0.5,40.82152657971125,median
Kirklareli,1990,3,0.369504265021176,8.814956371063078,10,3,1990-03-01,0.1356268076122284,0.553370962776938,4.17891686043316,25.46283412441848,55.98581201375124,78.21810969696541,0.5,67.10196085535833,median
Kirklareli,1990,4,0.49145403259522746,19.441990074654612,4,2,1990-04-01,0.2841874076995908,0.6392300187860134,12.138782289043217,31.152163362631747,58.3779575813183,61.589115805624516,0.5,59.98353669347141,median
Kirklareli,1990,5,0.5410764148472154,27.977837655442087,12,4,1990-05-01,0.41585964725047597,0.6944512814826663,23.954489736990467,37.53170628805883,44.94634878101842,70.3669164933881,0.5,57.65663263720326,median
Kirklareli,1990,6,0.3852707710073939,35.80357769213006,10,3,1990-06-01,0.30126788062759263,0.528383243387792,29.05835330150456,45.33031971721313,36.98688162653974,58.546962190667855,0.5,47.7669219086038,median
Kirklareli,1990,7,0.287830864335885,39.17341176924809,12,4,1990-07-01,0.2485369118494177,0.5420576872552342,29.544782826486994,48.64480564115659,13.387111161770475,49.588390358539684,0.5,31.48775076015508,median
Kirklareli,1990,8,0.25155161985049557,38.224329127030316,10,4,1990-08-01,0.23989712912246486,0.48503003458731925,31.684933185315188,45.96482627922851,4.754355889483657,54.20556793592183,0.5,29.47996191270274,median
Kirklareli,1990,9,0.2306966685138076,36.05450755155795,10,3,1990-09-01,0.22643921778481366,0.4263599730650386,25.16473562126994,41.53667351686312,2.129569150049659,33.48513780265928,0.5,17.80735347635447,median
Kirklareli,1990,10,0.27392501352824133,19.997464127525916,11,4,1990-10-01,0.1889990885525008,0.4107584921015044,18.62167950061002,31.821913893217562,38.296425593052206,89.57757426120882,0.5,63.936999927130515,median
Kirklareli,1990,11,0.35559509488408925,11.672091575411166,10,2,1990-11-01,0.1179888521854534,0.4392509358931702,-6.00568848203461,21.69468547897793,73.96025075738761,36.182160997801944,0.5,55.07120587759478,median
Kirklareli,1990,12,,,0,0,1990-12-01,-0.1723046214984996,0.4688035523151335,-9.526207233348591,13.219116301476642,,,0.5,,median
Kirklareli,1991,1,0.34980693852062605,2.631770195855739,5,2,1991-01-01,0.08280656317446525,0.4848393843955517,-6.425527477755391,11.321393126620919,66.41258157361527,48.96411678667429,0.5,57.68834918014478,median
Kirklareli,1991,2,,,3,0,1991-02-01,0.17221483667620419,0.4811995652585391,-0.9936178652089842,16.160689652631596,,,0.5,,median
Kirklareli,1991,3,0.37776290976987,11.324382085495897,6,1,1991-03-01,0.1356268076122284,0.553370962776938,4.17891686043316,25.46283412441848,57.962774383323534,66.42786599648349,0.5,62.19532018990351,median
Kirklareli,1991,4,0.6392300187860134,20.97830381721712,9,3,1991-04-01,0.2841874076995908,0.6392300187860134,12.138782289043217,31.152163362631747,100.0,53.5089446008481,0.5,76.75447230042406,median
Kirklareli,1991,5,0.6944512814826663,25.62286536659369,9,2,1991-05-01,0.41585964725047597,0.6944512814826663,23.954489736990467,37.53170628805883,100.0,87.71194652948257,0.5,93.8559732647413,median
Kirklareli,1991,6,0.4337691896911095,32.50601494582092,10,4,1991-06-01,0.30126788062759263,0.528383243387792,29.05835330150456,45.33031971721313,58.340971501526695,78.81226179899149,0.5,68.5766166502591,median
Kirklareli,1991,7,0.3296796324206608,37.92775581934569,9,3,1991-07-01,0.2485369118494177,0.5420576872552342,29.544782826486994,48.64480564115659,27.644625992506544,56.110141468416295,0.5,41.87738373046142,median
Kirklareli,1991,8,0.29033337668111464,35.243885872064915,10,4,1991-08-01,0.23989712912246486,0.48503003458731925,31.684933185315188,45.96482627922851,20.57506211294061,75.07717555485974,0.5,47.826118833900175,median
Kirklareli,1991,9,0.25950811531111895,32.61016934056136,8,4,1991-09-01,0.22643921778481366,0.4263599730650386,25.16473562126994,41.53667351686312,16.54100269877096,54.52319837289693,0.5,35.53210053583395,median
Kirklareli,1991,10,0.2700265441808593,23.265275271359748,8,1,1991-10-01,0.1889990885525008,0.4107584921015044,18.62167950061002,31.821913893217562,36.53845308546447,64.82186881961539,0.5,50.68016095253993,median
Kirklareli,1991,11,0.2146692483557296,15.120720764943199,9,2,1991-11-01,0.1179888521854534,0.4392509358931702,-6.00568848203461,21.69468547897793,30.093932982840176,23.732404202511468,0.5,26.913168592675824,median
Kirklareli,1991,12,0.245344333358602,4.425163174618431,2,1,1991-12-01,-0.1723046214984996,0.4688035523151335,-9.526207233348591,13.219116301476642,65.144849483468,38.6626864788001,0.5,51.903767981134045,median
Kirklareli,1992,1,0.2064209703713855,2.715822336559726,5,1,1992-01-01,0.08280656317446525,0.4848393843955517,-6.425527477755391,11.321393126620919,30.747342175066358,48.49050143346614,0.5,39.61892180426625,median
Kirklareli,1992,2,0.17221483667620419,3.950355304239232,10,2,1992-02-01,0.17221483667620419,0.4811995652585391,-0.9936178652089842,16.160689652631596,0.0,71.17940689645178,0.5,35.58970344822589,median
Kirklareli,1992,3,0.2685506966578284,17.052149592949196,7,1,1992-03-01,0.1356268076122284,0.553370962776938,4.17891686043316,25.46283412441848,31.819449153798526,39.516619178468005,0.5,35.66803416613327,median
Kirklareli,1992,4,0.2925033594789472,12.138782289043217,8,3,1992-04-01,0.2841874076995908,0.6392300187860134,12.138782289043217,31.152163362631747,2.3422404859827304,100.0,0.5,51.171120242991364,median
Kirklareli,1992,5,0.5565947789853355,28.67100459683756,11,3,1992-05-01,0.41585964725047597,0.6944512814826663,23.954489736990467,37.53170628805883,50.51663956914254,65.26154796083031,0.5,57.88909376498643,median
Kirklareli,1992,6,0.4012612679435042,30.746880266402137,10,3,1992-06-01,0.30126788062759263,0.528383243387792,29.05835330150456,45.33031971721313,44.027575281857956,89.62309212199754,0.5,66.82533370192775,median
Kirklareli,1992,7,0.3719871151095246,29.544782826486994,11,4,1992-07-01,0.2485369118494177,0.5420576872552342,29.544782826486994,48.64480564115659,42.058420937811604,100.0,0.5,71.0292104689058,median
Kirklareli,1992,8,0.3569934882292236,39.75363908230836,10,3,1992-08-01,0.23989712912246486,0.48503003458731925,31.684933185315188,45.96482627922851,47.76851923845339,43.496034291514505,0.5,45.63227676498395,median
Kirklareli,1992,9,0.2726374170656575,30.67961328931859,12,4,1992-09-01,0.22643921778481366,0.4263599730650386,25.16473562126994,41.53667351686312,23.10825567664984,66.31505871071572,0.5,44.71165719368278,median
Kirklareli,1992,10,0.2642839332645153,21.439619686628227,8,1,1992-10-01,0.1889990885525008,0.4107584921015044,18.62167950061002,31.821913893217562,33.94888492084997,78.65234735834447,0.5,56.300616139597224,median
Kirklareli,1992,11,0.2766021105992526,9.915674275175132,9,3,1992-11-01,0.1179888521854534,0.4392509358931702,-6.00568848203461,21.69468547897793,49.37191983044754,42.52293207442401,0.5,45.94742595243578,median
Kirklareli,1992,12,0.25129770488852776,0.586298711014408,8,2,1992-12-01,-0.1723046214984996,0.4688035523151335,-9.526207233348591,13.219116301476642,66.07345588299525,55.54028532995014,0.5,60.80687060647269,median
Kirklareli,1993,1,,,4,0,1993-01-01,0.08280656317446525,0.4848393843955517,-6.425527477755391,11.321393126620919,,,0.5,,median
Kirklareli,1993,2,0.2399892604352839,7.134628379623577,9,3,1993-02-01,0.17221483667620419,0.4811995652585391,-0.9936178652089842,16.160689652631596,21.934554523143667,52.61687925100364,0.5,37.275716887073656,median
Kirklareli,1993,3,0.1356268076122284,4.17891686043316,8,2,1993-03-01,0.1356268076122284,0.553370962776938,4.17891686043316,25.46283412441848,0.0,100.0,0.5,50.0,median
Kirklareli,1993,4,0.5398380126211204,23.393073385697768,7,3,1993-04-01,0.2841874076995908,0.6392300187860134,12.138782289043217,31.152163362631747,72.00561198534575,40.80857553374409,0.5,56.40709375954492,median
Kirklareli,1993,5,0.5803840260159676,26.556228256003585,9,3,1993-05-01,0.41585964725047597,0.6944512814826663,23.954489736990467,37.53170628805883,59.055749903950776,80.83746761181037,0.5,69.94660875788057,median
Kirklareli,1993,6,0.482339263840865,31.858945143788997,10,4,1993-06-01,0.30126788062759263,0.528383243387792,29.05835330150456,45.33031971721313,79.72661162708633,82.78885433551035,0.5,81.25773298129835,median
Kirklareli,1993,7,0.3138690079186583,42.00986910792704,9,3,1993-07-01,0.2485369118494177,0.5420576872552342,29.544782826486994,48.64480564115659,22.25808240623296,34.73784611468447,0.5,28.497964260458716,median
Kirklareli,1993,8,0.26146726007576393,38.34953090668362,12,4,1993-08-01,0.23989712912246486,0.48503003458731925,31.684933185315188,45.96482627922851,8.799361681939375,53.32879820921659,0.5,31.064079945577983,median
Kirklareli,1993,9,0.2656358640483078,32.69598094099633,10,3,1993-09-01,0.22643921778481366,0.4263599730650386,25.16473562126994,41.53667351686312,19.606091527892133,53.99906005169023,0.5,36.80257578979118,median
Kirklareli,1993,10,0.3208692635857534,25.161378583090325,6,2,1993-10-01,0.1889990885525008,0.4107584921015044,18.62167950061002,31.821913893217562,59.46542645895618,50.45770485603879,0.5,54.96156565749749,median
Kirklareli,1993,11,0.2103881783318179,12.510263036794344,7,2,1993-11-01,0.1179888521854534,0.4392509358931702,-6.00568848203461,21.69468547897793,28.761354306108874,33.156312095679255,0.5,30.958833200894063,median
Kirklareli,1993,12,0.26173151730545474,7.647239839024859,5,2,1993-12-01,-0.1723046214984996,0.4688035523151335,-9.526207233348591,13.219116301476642,67.7009210820211,24.49680020563662,0.5,46.09886064382886,median
Kirklareli,1994,1,0.2354378502219595,4.24100051270324,8,3,1994-01-01,0.08280656317446525,0.4848393843955517,-6.425527477755391,11.321393126620919,37.964882216310166,39.89645737284521,0.5,38.93066979457769,median
Kirklareli,1994,2,,,0,0,1994-02-01,0.17221483667620419,0.4811995652585391,-0.9936178652089842,16.160689652631596,,,0.5,,median
Kirklareli,1994,3,0.28935179679727363,9.398986412410672,7,2,1994-03-01,0.1356268076122284,0.553370962776938,4.17891686043316,25.46283412441848,36.79883662870975,75.47411274328512,0.5,56.136474685997435,median
Kirklareli,1994,4,0.4981804866874804,23.50984921659143,9,3,1994-04-01,0.2841874076995908,0.6392300187860134,12.138782289043217,31.152163362631747,60.272505976979915,40.19439844213846,0.5,50.23345220955919,median
Kirklareli,1994,5,0.572296216133453,30.548236170672315,12,4,1994-05-01,0.41585964725047597,0.6944512814826663,23.954489736990467,37.53170628805883,56.15264410725128,51.43521200475365,0.5,53.793928056002464,median
Kirklareli,1994,6,0.3732576383185483,29.285741656329026,4,2,1994-06-01,0.30126788062759263,0.528383243387792,29.05835330150456,45.33031971721313,31.6974408142378,98.60257605617382,0.5,65.1500084352058,median
Kirklareli,1994,7,0.2790258162529062,41.87475989961116,10,3,1994-07-01,0.2485369118494177,0.5420576872552342,29.544782826486994,48.64480564115659,10.387307120368252,35.445223323742596,0.5,22.916265222055422,median
Kirklareli,1994,8,0.24703412114254497,41.152753071819674,12,4,1994-08-01,0.23989712912246486,0.48503003458731925,31.684933185315188,45.96482627922851,2.911478573856079,33.69824392774999,0.5,18.304861250803036,median
Kirklareli,1994,9,0.2282119764834688,39.40094107396936,12,4,1994-09-01,0.22643921778481366,0.4263599730650386,25.16473562126994,41.53667351686312,0.8867306929539689,13.045080286241667,0.5,6.965905489597818,median
Kirklareli,1994,10,0.2945594589774715,18.62167950061002,4,2,1994-10-01,0.1889990885525008,0.4107584921015044,18.62167950061002,31.821913893217562,47.601305169295486,99.99999999999999,0.5,73.80065258464774,median
Kirklareli,1994,11,0.2477478164761334,7.678655520855161,3,1,1994-11-01,0.1179888521854534,0.4392509358931702,-6.00568848203461,21.69468547897793,40.39037622900258,50.59870302779998,0.5,45.49453962840128,median
Kirklareli,1994,12,,,2,0,1994-12-01,-0.1723046214984996,0.4688035523151335,-9.526207233348591,13.219116301476642,,,0.5,,median
Kirklareli,1995,1,0.4229445127546307,4.20129440928508,3,1,1995-01-01,0.08280656317446525,0.4848393843955517,-6.425527477755391,11.321393126620919,84.60452272206808,40.1201925452918,0.5,62.36235763367994,median
Kirklareli,1995,2,0.3734099036739221,6.229716513814619,4,1,1995-02-01,0.17221483667620419,0.4811995652585391,-0.9936178652089842,16.160689652631596,65.11489027979763,57.8920083395305,0.5,61.50344930966406,median
Kirklareli,1995,3,,,6,0,1995-03-01,0.1356268076122284,0.553370962776938,4.17891686043316,25.46283412441848,,,0.5,,median
Kirklareli,1995,4,0.5834766663458008,19.228713040462942,9,3,1995-04-01,0.2841874076995908,0.6392300187860134,12.138782289043217,31.152163362631747,84.2967151831132,62.71083652097869,0.5,73.50377585204595,median
Kirklareli,1995,5,0.6239504653857622,24.709898942342313,12,4,1995-05-01,0.41585964725047597,0.6944512814826663,23.954489736990467,37.53170628805883,74.69385026897622,94.43619977253435,0.5,84.56502502075529,median
Kirklareli,1995,6,0.4138623319445176,33.65038406584427,12,4,1995-06-01,0.30126788062759263,0.528383243387792,29.05835330150456,45.33031971721313,49.57588511342065,71.77949703788306,0.5,60.67769107565185,median
Kirklareli,1995,7,0.40870880849733915,33.989580113704605,12,4,1995-07-01,0.2485369118494177,0.5420576872552342,29.544782826486994,48.64480564115659,54.5691855802952,76.72883781162908,0.5,65.64901169596214,median
Kirklareli,1995,8,0.38354389974438546,31.684933185315188,12,4,1995-08-01,0.23989712912246486,0.48503003458731925,31.684933185315188,45.96482627922851,58.59954637649239,100.0,0.5,79.29977318824619,median
Kirklareli,1995,9,0.3437480340745941,32.25844857487511,6,1,1995-09-01,0.22643921778481366,0.4263599730650386,25.16473562126994,41.53667351686312,58.677657617565025,56.6715131779569,0.5,57.674585397760964,median
Kirklareli,1995,10,0.3151930932282244,24.20411796586994,6,2,1995-10-01,0.1889990885525008,0.4107584921015044,18.62167950061002,31.821913893217562,56.90581894437578,57.70955045778412,0.5,57.30768470107995,median
Kirklareli,1995,11,0.27011722157941753,7.897372620877772,4,2,1995-11-01,0.1179888521854534,0.4392509358931702,-6.00568848203461,21.69468547897793,47.35335326168463,49.80912126861345,0.5,48.58123726514904,median
Kirklareli,1995,12,,,2,0,1995-12-01,-0.1723046214984996,0.4688035523151335,-9.526207233348591,13.219116301476642,,,0.5,,median
Kirklareli,1996,1,,,0,0,1996-01-01,0.08280656317446525,0.4848393843955517,-6.425527477755391,11.321393126620919,,,0.5,,median
Kirklareli,1996,2,0.2124233662698813,-0.9936178652089842,5,1,1996-02-01,0.17221483667620419,0.4811995652585391,-0.9936178652089842,16.160689652631596,13.013112259029581,100.0,0.5,56.50655612951479,median
Kirklareli,1996,3,,,2,0,1996-03-01,0.1356268076122284,0.553370962776938,4.17891686043316,25.46283412441848,,,0.5,,median
Kirklareli,1996,4,0.3910515162350541,18.716410767460676,9,2,1996-04-01,0.2841874076995908,0.6392300187860134,12.138782289043217,31.152163362631747,30.098952970310087,65.40526667529724,0.5,47.75210982280366,median
Kirklareli,1996,5,0.5228027733664196,29.668630088141622,10,4,1996-05-01,0.41585964725047597,0.6944512814826663,23.954489736990467,37.53170628805883,38.38705581044567,57.91375699386984,0.5,48.150406402157756,median
Kirklareli,1996,6,0.3505208299668858,37.29164912275673,12,4,1996-06-01,0.30126788062759263,0.528383243387792,29.05835330150456,45.33031971721313,21.686313396288,49.40196156437526,0.5,35.54413748033163,median
Kirklareli,1996,7,0.2696436864594107,39.149420957075726,12,4,1996-07-01,0.2485369118494177,0.5420576872552342,29.544782826486994,48.64480564115659,7.190896310767503,49.7139965549571,0.5,28.452446432862303,median
Kirklareli,1996,8,0.26097315005917276,37.008753076080836,10,4,1996-08-01,0.23989712912246486,0.48503003458731925,31.684933185315188,45.96482627922851,8.597793469114514,62.7180689956644,0.5,35.65793123238946,median
Kirklareli,1996,9,0.30070246339864054,25.854478483936866,9,2,1996-09-01,0.22643921778481366,0.4263599730650386,25.16473562126994,41.53667351686312,37.14634106385481,95.78704202846639,0.5,66.4666915461606,median
Kirklareli,1996,10,0.2648213771475808,20.4253244722762,11,3,1996-10-01,0.1889990885525008,0.4107584921015044,18.62167950061002,31.821913893217562,34.1912394160661,86.33626556907002,0.5,60.26375249256806,median
Kirklareli,1996,11,0.2229419767745001,10.261472451452772,8,1,1996-11-01,0.1179888521854534,0.4392509358931702,-6.00568848203461,21.69468547897793,32.66900450179882,41.274580060244205,0.5,36.97179228102151,median
Kirklareli,1996,12,0.0351328924126604,-9.526207233348591,3,1,1996-12-01,-0.1723046214984996,0.4688035523151335,-9.526207233348591,13.219116301476642,32.35608628684573,100.0,0.5,66.17804314342287,median
Kirklareli,1997,1,0.2702523491305051,7.432183357505327,7,2,1997-01-01,0.08280656317446525,0.4848393843955517,-6.425527477755391,11.321393126620919,46.62449831501678,21.9148428948092,0.5,34.26967060491299,median
Kirklareli,1997,2,0.3310059777327946,4.66162379214287,6,1,1997-02-01,0.17221483667620419,0.4811995652585391,-0.9936178652089842,16.160689652631596,51.391258650596214,67.03311018838639,0.5,59.2121844194913,median
Kirklareli,1997,3,0.3729815386258702,12.541603705965615,7,3,1997-03-01,0.1356268076122284,0.553370962776938,4.17891686043316,25.46283412441848,56.81820513324878,60.70889234434762,0.5,58.7635487387982,median
Kirklareli,1997,4,0.45902733569359544,20.08186099934158,8,2,1997-04-01,0.2841874076995908,0.6392300187860134,12.138782289043217,31.152163362631747,49.244773031326666,58.2237442170026,0.5,53.73425862416463,median
Kirklareli,1997,5,0.5272507823615289,29.424671834811107,12,4,1997-05-01,0.41585964725047597,0.6944512814826663,23.954489736990467,37.53170628805883,39.98366118137442,59.71057781066176,0.5,49.847119496018095,median
Kirklareli,1997,6,0.37416013060308,41.11699367983096,10,3,1997-06-01,0.30126788062759263,0.528383243387792,29.05835330150456,45.33031971721313,32.09481256116124,25.893158391199247,0.5,28.993985476180242,median
Kirklareli,1997,7,0.3342108127319843,34.55695718092509,10,3,1997-07-01,0.2485369118494177,0.5420576872552342,29.544782826486994,48.64480564115659,29.188360096185832,73.75828079855202,0.5,51.47332044736893,median
Kirklareli,1997,8,0.3435469588898157,33.34372976048071,12,4,1997-08-01,0.23989712912246486,0.48503003458731925,31.684933185315188,45.96482627922851,42.28311559021254,88.38369052025625,0.5,65.3334030552344,median
Kirklareli,1997,9,0.3059116302639482,29.13011345038305,12,4,1997-09-01,0.22643921778481366,0.4263599730650386,25.16473562126994,41.53667351686312,39.75195690299371,75.77942297117761,0.5,57.76568993708566,median
Kirklareli,1997,10,0.3260755989383529,19.84640979387781,9,1,1997-10-01,0.1889990885525008,0.4107584921015044,18.62167950061002,31.821913893217562,61.81316696929222,90.72190495379635,0.5,76.26753596154428,median
Kirklareli,1997,11,0.1179888521854534,-6.00568848203461,8,2,1997-11-01,0.1179888521854534,0.4392509358931702,-6.00568848203461,21.69468547897793,0.0,100.0,0.5,50.0,median
Kirklareli,1997,12,0.2193758922592193,6.010764656611883,2,1,1997-12-01,-0.1723046214984996,0.4688035523151335,-9.526207233348591,13.219116301476642,61.09429418561406,31.691576661145728,0.5,46.392935423379896,median
Kirklareli,1998,1,0.3519462570583706,3.758368004756359,4,1,1998-01-01,0.08280656317446525,0.4848393843955517,-6.425527477755391,11.321393126620919,66.94470691881638,42.61598555864138,0.5,54.78034623872888,median
Kirklareli,1998,2,0.4166060793825118,4.897162756530864,10,2,1998-02-01,0.17221483667620419,0.4811995652585391,-0.9936178652089842,16.160689652631596,79.09492609152848,65.66005001593096,0.5,72.37748805372972,median
Kirklareli,1998,3,,,5,0,1998-03-01,0.1356268076122284,0.553370962776938,4.17891686043316,25.46283412441848,,,0.5,,median
Kirklareli,1998,4,0.6048337131437238,23.50612552036163,9,2,1998-04-01,0.2841874076995908,0.6392300187860134,12.138782289043217,31.152163362631747,90.31206267410055,40.21398305055392,0.5,65.26302286232723,median
Kirklareli,1998,5,0.5867298836908617,23.954489736990467,6,2,1998-05-01,0.41585964725047597,0.6944512814826663,23.954489736990467,37.53170628805883,61.333584876412694,100.0,0.5,80.66679243820634,median
Kirklareli,1998,6,0.4492187999742142,33.67133462071709,12,4,1998-06-01,0.30126788062759263,0.528383243387792,29.05835330150456,45.33031971721313,65.14351013006379,71.65074459126669,0.5,68.39712736066524,median
Kirklareli,1998,7,0.36585631911319655,40.874941498663304,12,4,1998-07-01,0.2485369118494177,0.5420576872552342,29.544782826486994,48.64480564115659,39.9697115482116,40.67986838489906,0.5,40.32478996655533,median
Kirklareli,1998,8,0.2845959740781887,39.84480397719172,11,4,1998-08-01,0.23989712912246486,0.48503003458731925,31.684933185315188,45.96482627922851,18.23453480101328,42.85761988404101,0.5,30.54607734252714,median
Kirklareli,1998,9,0.2725316968411555,25.16473562126994,10,2,1998-09-01,0.22643921778481366,0.4263599730650386,25.16473562126994,41.53667351686312,23.055374611672992,100.0,0.5,61.527687305836494,median
Kirklareli,1998,10,0.3315202413186797,20.120124001476967,9,3,1998-10-01,0.1889990885525008,0.4107584921015044,18.62167950061002,31.821913893217562,64.26836945143798,88.64834929214506,0.5,76.45835937179152,median
Kirklareli,1998,11,0.41586557774216937,12.445095861101601,8,2,1998-11-01,0.1179888521854534,0.4392509358931702,-6.00568848203461,21.69468547897793,92.72078488656109,33.39156948167867,0.5,63.05617718411988,median
Kirklareli,1998,12,-0.1723046214984996,-5.042257059999989,6,1,1998-12-01,-0.1723046214984996,0.4688035523151335,-9.526207233348591,13.219116301476642,0.0,80.28627657688294,0.5,40.14313828844147,median
Kirklareli,1999,1,0.368796757987117,3.2875626272466025,7,1,1999-01-01,0.08280656317446525,0.4848393843955517,-6.425527477755391,11.321393126620919,71.13603161652806,45.2688704619167,0.5,58.20245103922238,median
Kirklareli,1999,2,0.4243688079857366,14.948603786081028,8,1,1999-02-01,0.17221483667620419,0.4811995652585391,-0.9936178652089842,16.160689652631596,81.60726016021894,7.065781380507442,0.5,44.336520770363194,median
Kirklareli,1999,3,0.4646135111935932,14.78321692671754,6,2,1999-03-01,0.1356268076122284,0.553370962776938,4.17891686043316,25.46283412441848,78.75315537368819,50.17693437369259,0.5,64.46504487369039,median
Kirklareli,1999,4,0.5155785598148332,25.60689686086906,10,2,1999-04-01,0.2841874076995908,0.6392300187860134,12.138782289043217,31.152163362631747,65.17278346032624,29.165073167684053,0.5,47.16892831400515,median
Kirklareli,1999,5,0.49011611314413805,28.582239901889118,12,4,1999-05-01,0.41585964725047597,0.6944512814826663,23.954489736990467,37.53170628805883,26.654233928565677,65.91532478330765,0.5,46.284779355936664,median
Kirklareli,1999,6,0.3909282351216588,37.13933717205956,10,3,1999-06-01,0.30126788062759263,0.528383243387792,29.05835330150456,45.33031971721313,39.47789062104726,50.3380005581021,0.5,44.90794558957468,median
Kirklareli,1999,7,0.36562826396448433,40.505259904837786,18,6,1999-07-01,0.2485369118494177,0.5420576872552342,29.544782826486994,48.64480564115659,39.89201512335141,42.61537179980382,0.5,41.25369346157761,median
Kirklareli,1999,8,0.3345202515334103,40.58232308882456,21,7,1999-08-01,0.23989712912246486,0.48503003458731925,31.684933185315188,45.96482627922851,38.60074282214711,37.692881557343,0.5,38.146812189745056,median
Kirklareli,1999,9,0.3118590418326905,34.24629738574119,19,7,1999-09-01,0.22643921778481366,0.4263599730650386,25.16473562126994,41.53667351686312,42.72684140680919,44.52970795280305,0.5,43.628274679806125,median
Kirklareli,1999,10,0.2675188430624741,27.30722523126739,21,5,1999-10-01,0.1889990885525008,0.4107584921015044,18.62167950061002,31.821913893217562,35.40763244009279,34.201579514970646,0.5,34.80460597753172,median
Kirklareli,1999,11,0.26837474512558573,15.864041134630607,19,6,1999-11-01,0.1179888521854534,0.4392509358931702,-6.00568848203461,21.69468547897793,46.81096854148307,21.048973391311552,0.5,33.92997096639731,median
Kirklareli,1999,12,0.320568701859083,9.19797472343412,13,3,1999-12-01,-0.1723046214984996,0.4688035523151335,-9.526207233348591,13.219116301476642,76.87834026911945,17.678981667971335,0.5,47.278660968545395,median
Kirklareli,2000,1,0.3147867067385919,6.996466064455181,13,3,2000-01-01,0.08280656317446525,0.4848393843955517,-6.425527477755391,11.321393126620919,57.70179232121843,24.370014148253027,0.5,41.03590323473573,median
Kirklareli,2000,2,0.3486577933817193,9.277687289996702,14,4,2000-02-01,0.17221483667620419,0.4811995652585391,-0.9936178652089842,16.160689652631596,57.10410268981904,40.12404671815828,0.5,48.61407470398866,median
Kirklareli,2000,3,0.35443073933699454,16.805507040990435,15,2,2000-03-01,0.1356268076122284,0.553370962776938,4.17891686043316,25.46283412441848,52.37749685294709,40.675440409069694,0.5,46.52646863100839,median
Kirklareli,2000,4,0.2841874076995908,17.900026541395746,6,1,2000-04-01,0.2841874076995908,0.6392300187860134,12.138782289043217,31.152163362631747,0.0,69.69900182374471,0.5,34.849500911872354,median
Kirklareli,2000,5,0.5242595857000976,30.84036652926428,20,6,2000-05-01,0.41585964725047597,0.6944512814826663,23.954489736990467,37.53170628805883,38.909976155018484,49.283590149912,0.5,44.09678315246524,median
Kirklareli,2000,6,0.3816407739007267,40.74429055457959,16,7,2000-06-01,0.30126788062759263,0.528383243387792,29.05835330150456,45.33031971721313,35.38857622678573,28.183619886323594,0.5,31.786098056554664,median
Kirklareli,2000,7,0.28370003946674527,44.713650098406745,20,6,2000-07-01,0.2485369118494177,0.5420576872552342,29.544782826486994,48.64480564115659,11.97977470886402,20.581941607580465,0.5,16.280858158222244,median
Kirklareli,2000,8,0.24535060303596265,41.018464914236944,21,6,2000-08-01,0.23989712912246486,0.48503003458731925,31.684933185315188,45.96482627922851,2.2247008834477655,34.63864422836547,0.5,18.43167255590662,median
Kirklareli,2000,9,0.2411875620781224,35.85395756275282,21,7,2000-09-01,0.22643921778481366,0.4263599730650386,25.16473562126994,41.53667351686312,7.377095125834371,34.710099625041416,0.5,21.043597375437894,median
Kirklareli,2000,10,0.2719056328261398,24.00673707053052,16,5,2000-10-01,0.1889990885525008,0.4107584921015044,18.62167950061002,31.821913893217562,37.38580774786337,59.20483371919317,0.5,48.29532073352827,median
Kirklareli,2000,11,0.298908814422994,18.557015825441006,20,8,2000-11-01,0.1179888521854534,0.4392509358931702,-6.00568848203461,21.69468547897793,56.31537968923248,11.327174347729393,0.5,33.821277018480934,median
Kirklareli,2000,12,0.3249634373138047,10.88802236403211,19,3,2000-12-01,-0.1723046214984996,0.4688035523151335,-9.526207233348591,13.219116301476642,77.56383074236979,10.248673464131683,0.5,43.906252103250736,median
Kirklareli,2001,1,0.3312767620129744,5.036048328275337,12,3,2001-01-01,0.08280656317446525,0.4848393843955517,-6.425527477755391,11.321393126620919,61.803461240760264,35.416537541705374,0.5,48.60999939123282,median
Kirklareli,2001,2,0.4262807236304238,12.487464306099572,12,2,2001-02-01,0.17221483667620419,0.4811995652585391,-0.9936178652089842,16.160689652631596,82.22603366836587,21.412845390068053,0.5,51.819439529216965,median
Kirklareli,2001,3,0.553370962776938,22.594600646008463,17,1,2001-03-01,0.1356268076122284,0.553370962776938,4.17891686043316,25.46283412441848,100.0,13.476060082527095,0.5,56.73803004126355,median
Kirklareli,2001,4,0.5764761745831279,21.91715900323906,16,5,2001-04-01,0.2841874076995908,0.6392300187860134,12.138782289043217,31.152163362631747,82.32498234201803,48.5710790924031,0.5,65.44803071721057,median
Kirklareli,2001,5,0.500865445146627,28.770916417538782,16,4,2001-05-01,0.41585964725047597,0.6944512814826663,23.954489736990467,37.53170628805883,30.512688627722223,64.52566943723586,0.5,47.519179032479045,median
Kirklareli,2001,6,0.30126788062759263,44.176669783096635,22,6,2001-06-01,0.30126788062759263,0.528383243387792,29.05835330150456,45.33031971721313,0.0,7.089800363665868,0.5,3.544900181832934,median
Kirklareli,2001,7,0.2485369118494177,48.64480564115659,24,7,2001-07-01,0.2485369118494177,0.5420576872552342,29.544782826486994,48.64480564115659,0.0,0.0,0.5,0.0,median
Kirklareli,2001,8,0.23989712912246486,44.57795032206709,20,6,2001-08-01,0.23989712912246486,0.48503003458731925,31.684933185315188,45.96482627922851,0.0,9.712089215517766,0.5,4.856044607758883,median
Kirklareli,2001,9,0.22643921778481366,34.56714521502024,19,6,2001-09-01,0.22643921778481366,0.4263599730650386,25.16473562126994,41.53667351686312,0.0,42.56996542674927,0.5,21.284982713374635,median
Kirklareli,2001,10,0.2409508132388324,25.043332537614795,21,5,2001-10-01,0.1889990885525008,0.4107584921015044,18.62167950061002,31.821913893217562,23.42706728774706,51.35197719973019,0.5,37.389522243738625,median
Kirklareli,2001,11,0.2377978547568434,21.69468547897793,15,5,2001-11-01,0.1179888521854534,0.4392509358931702,-6.00568848203461,21.69468547897793,37.29322837873138,0.0,0.5,18.64661418936569,median
Kirklareli,2001,12,0.1296824127435684,-0.0119773894005572,9,3,2001-12-01,-0.1723046214984996,0.4688035523151335,-9.526207233348591,13.219116301476642,47.10391265887277,58.170611073608825,0.5,52.6372618662408,median
Kirklareli,2002,1,0.1913218650659596,6.443383554314514,19,6,2002-01-01,0.08280656317446525,0.4848393843955517,-6.425527477755391,11.321393126620919,26.991652463075766,27.486512624074678,0.5,27.239082543575222,median
Kirklareli,2002,2,0.2830912449990552,16.160689652631596,19,5,2002-02-01,0.17221483667620419,0.4811995652585391,-0.9936178652089842,16.160689652631596,35.88410625714981,0.0,0.5,17.942053128574905,median
Kirklareli,2002,3,0.2839476717740591,19.18786139311269,11,3,2002-03-01,0.1356268076122284,0.553370962776938,4.17891686043316,25.46283412441848,35.50519195256012,29.482226666628325,0.5,32.49370930959422,median
Kirklareli,2002,4,0.4016252003870169,19.281458169659206,9,4,2002-04-01,0.2841874076995908,0.6392300187860134,12.138782289043217,31.152163362631747,33.077098077909305,62.43342594896037,0.5,47.75526201343484,median
Kirklareli,2002,5,0.4635350378783099,36.463957610543645,16,5,2002-05-01,0.41585964725047597,0.6944512814826663,23.954489736990467,37.53170628805883,17.113001529722606,7.864267860050923,0.5,12.488634694886764,median
Kirklareli,2002,6,0.3925885300151077,38.31653394954482,17,5,2002-06-01,0.30126788062759263,0.528383243387792,29.05835330150456,45.33031971721313,40.2089265462576,43.10349215628523,0.5,41.656209351271414,median
Kirklareli,2002,7,0.3513134399240774,44.0887261015376,20,7,2002-07-01,0.2485369118494177,0.5420576872552342,29.544782826486994,48.64480564115659,35.015077870574146,23.853791086153734,0.5,29.43443447836394,median
Kirklareli,2002,8,0.3720447202819654,36.90997071239778,10,3,2002-08-01,0.23989712912246486,0.48503003458731925,31.684933185315188,45.96482627922851,53.908548470432514,63.40982742153919,0.5,58.65918794598585,median
Kirklareli,2002,9,0.3229232751911064,30.35085908557667,11,2,2002-09-01,0.22643921778481366,0.4263599730650386,25.16473562126994,41.53667351686312,48.26115091004582,68.32309347018307,0.5,58.29212219011444,median
Kirklareli,2002,10,0.4107584921015044,23.51343358093233,10,3,2002-10-01,0.1889990885525008,0.4107584921015044,18.62167950061002,31.821913893217562,100.0,62.941915008253105,0.5,81.47095750412655,median
Kirklareli,2002,11,0.4392509358931702,13.696889413097432,9,3,2002-11-01,0.1179888521854534,0.4392509358931702,-6.00568848203461,21.69468547897793,100.0,28.872520194626834,0.5,64.43626009731342,median
Kirklareli,2002,12,0.38680720993536566,3.316859538838934,7,2,2002-12-01,-0.1723046214984996,0.4688035523151335,-9.526207233348591,13.219116301476642,87.21021728797928,43.535352431792944,0.5,65.37278485988611,median
Kirklareli,2003,1,0.4028002619759553,1.1064795677314088,7,1,2003-01-01,0.08280656317446525,0.4848393843955517,-6.425527477755391,11.321393126620919,79.59392415514223,57.55879448951025,0.5,68.57635932232624,median
Kirklareli,2003,2,0.3131365189020131,2.340433914491567,7,2,2003-02-01,0.17221483667620419,0.4811995652585391,-0.9936178652089842,16.160689652631596,45.60797644348874,80.56434644048956,0.5,63.08616144198915,median
Kirklareli,2003,3,0.36125279431907176,16.047646032483872,9,4,2003-03-01,0.1356268076122284,0.553370962776938,4.17891686043316,25.46283412441848,54.01056697439197,44.236161864179586,0.5,49.12336441928578,median
Kirklareli,2003,4,0.4658626930910703,27.99404788344573,11,3,2003-04-01,0.2841874076995908,0.6392300187860134,12.138782289043217,31.152163362631747,51.16999473262016,16.609962567746308,0.5,33.88997865018324,median
Kirklareli,2003,5,0.49782914930837285,37.232535879988546,8,2,2003-05-01,0.41585964725047597,0.6944512814826663,23.954489736990467,37.53170628805883,29.4228153274624,2.203473789675548,0.5,15.813144558568974,median
Kirklareli,2003,6,0.3185591909579132,45.33031971721313,2,1,2003-06-01,0.30126788062759263,0.528383243387792,29.05835330150456,45.33031971721313,7.613448126174385,0.0,0.5,3.8067240630871924,median
Kirklareli,2003,7,0.30299736438189706,41.15969907421704,14,4,2003-07-01,0.2485369118494177,0.5420576872552342,29.544782826486994,48.64480564115659,18.55420709392149,39.18899280680798,0.5,28.871599950364736,median
Kirklareli,2003,8,0.2975080006551711,42.73624892347126,14,5,2003-08-01,0.23989712912246486,0.48503003458731925,31.684933185315188,45.96482627922851,23.501892340180376,22.609254386739106,0.5,23.055573363459743,median
Kirklareli,2003,9,0.2596075366904049,34.56160716893369,17,6,2003-09-01,0.22643921778481366,0.4263599730650386,25.16473562126994,41.53667351686312,16.590733092769632,42.60379188102651,0.5,29.59726248689807,median
Kirklareli,2003,10,0.2325293210464674,24.477749561723247,13,3,2003-10-01,0.1889990885525008,0.4107584921015044,18.62167950061002,31.821913893217562,19.62948664061835,55.63662063157931,0.5,37.63305363609883,median
Kirklareli,2003,11,0.3804187129137717,15.373864814868337,8,2,2003-11-01,0.1179888521854534,0.4392509358931702,-6.00568848203461,21.69468547897793,81.68715638633414,22.818539103500775,0.5,52.25284774491746,median
Kirklareli,2003,12,0.3465010649299039,7.064195037373693,4,1,2003-12-01,-0.1723046214984996,0.4688035523151335,-9.526207233348591,13.219116301476642,80.92326811905814,27.060161420342887,0.5,53.99171476970051,median
Kirklareli,2004,1,0.1558115816196667,-0.1140157583486054,7,3,2004-01-01,0.08280656317446525,0.4848393843955517,-6.425527477755391,11.321393126620919,18.15896976357919,64.4360176049337,0.5,41.297493684256445,median
Kirklareli,2004,2,0.36168069415358056,9.043856169594413,8,4,2004-02-01,0.17221483667620419,0.4811995652585391,-0.9936178652089842,16.160689652631596,61.31884198506256,41.48715111720851,0.5,51.40299655113554,median
Kirklareli,2004,3,0.4017469624509044,13.417501311676734,14,5,2004-03-01,0.1356268076122284,0.553370962776938,4.17891686043316,25.46283412441848,63.70410011691229,56.59358972008291,0.5,60.1488449184976,median
Kirklareli,2004,4,0.5256088193187037,24.078081296153968,13,5,2004-04-01,0.2841874076995908,0.6392300187860134,12.138782289043217,31.152163362631747,67.99786957412485,37.20580805222686,0.5,52.60183881317585,median
Kirklareli,2004,5,0.4794058074773646,27.0679655908817,12,4,2004-05-01,0.41585964725047597,0.6944512814826663,23.954489736990467,37.53170628805883,22.809787667179737,77.06837891124128,0.5,49.93908328921051,median
Kirklareli,2004,6,0.4358283739946663,33.68852595793413,16,5,2004-06-01,0.30126788062759263,0.528383243387792,29.05835330150456,45.33031971721313,59.24764037611577,71.54509456238974,0.5,65.39636746925275,median
Kirklareli,2004,7,0.4141303301967073,39.57067368285736,19,7,2004-07-01,0.2485369118494177,0.5420576872552342,29.544782826486994,48.64480564115659,56.41625132610909,47.50848753609825,0.5,51.96236943110367,median
Kirklareli,2004,8,0.3762365814194833,40.86250257124543,15,6,2004-08-01,0.23989712912246486,0.48503003458731925,31.684933185315188,45.96482627922851,55.6185845545595,35.730825675143905,0.5,45.674705114851704,median
Kirklareli,2004,9,0.3127953253337598,36.08692753652828,18,6,2004-09-01,0.22643921778481366,0.4263599730650386,25.16473562126994,41.53667351686312,43.19516871967722,33.28711613181567,0.5,38.241142425746446,median
Kirklareli,2004,10,0.2494992873633285,27.4239151730251,9,2,2004-10-01,0.1889990885525008,0.4107584921015044,18.62167950061002,31.821913893217562,27.281909061167983,33.317580501869344,0.5,30.299744781518662,median
Kirklareli,2004,11,0.23572659780244315,8.362396337977195,10,4,2004-11-01,0.1179888521854534,0.4392509358931702,-6.00568848203461,21.69468547897793,36.64850338333333,48.13035795027727,0.5,42.389430666805296,median
Kirklareli,2004,12,0.22706682444746085,8.441735515566833,9,4,2004-12-01,-0.1723046214984996,0.4688035523151335,-9.526207233348591,13.219116301476642,62.293925153113975,21.003793498893035,0.5,41.6488593260035,median
Kirklareli,2005,1,0.29077352889863795,10.330730865192372,13,4,2005-01-01,0.08280656317446525,0.4848393843955517,-6.425527477755391,11.321393126620919,51.72885265748172,5.582164272399201,0.5,28.65550846494046,median
Kirklareli,2005,2,0.23619538281327915,10.939432184132158,8,2,2005-02-01,0.17221483667620419,0.4811995652585391,-0.9936178652089842,16.160689652631596,20.706701729443605,30.43700518408743,0.5,25.571853456765517,median
Kirklareli,2005,3,0.3004903170553176,21.595364527872988,14,5,2005-03-01,0.1356268076122284,0.553370962776938,4.17891686043316,25.46283412441848,39.46518638377747,18.17085430551672,0.5,28.818020344647095,median
Kirklareli,2005,4,0.3892618183883678,26.878139398013925,14,4,2005-04-01,0.2841874076995908,0.6392300187860134,12.138782289043217,31.152163362631747,29.59487323711699,22.479031730736544,0.5,26.03695248392677,median
Kirklareli,2005,5,0.43830414247576305,32.276756059476135,10,2,2005-05-01,0.41585964725047597,0.6944512814826663,23.954489736990467,37.53170628805883,8.056413928991443,38.70417923156122,0.5,23.38029658027633,median
Kirklareli,2005,6,0.4118479442682727,36.61134161348744,20,7,2005-06-01,0.30126788062759263,0.528383243387792,29.05835330150456,45.33031971721313,48.68894041194231,53.58281771838342,0.5,51.13587906516287,median
Kirklareli,2005,7,0.4304738822264696,37.013970539458,16,6,2005-07-01,0.2485369118494177,0.5420576872552342,29.544782826486994,48.64480564115659,61.9843587308289,60.894351878813644,0.5,61.43935530482128,median
Kirklareli,2005,8,0.3783445383703551,40.44733568261241,19,5,2005-08-01,0.23989712912246486,0.48503003458731925,31.684933185315188,45.96482627922851,56.47850866261606,38.63817859370306,0.5,47.55834362815956,median
Kirklareli,2005,9,0.3477621732336559,36.547483119445495,16,5,2005-09-01,0.22643921778481366,0.4263599730650386,25.16473562126994,41.53667351686312,60.685522760648965,30.47403691141877,0.5,45.579779836033865,median
Kirklareli,2005,10,0.29664948558918947,24.41620184257431,11,2,2005-10-01,0.1889990885525008,0.4107584921015044,18.62167950061002,31.821913893217562,48.54378002189227,56.10288295176512,0.5,52.32333148682869,median
Kirklareli,2005,11,0.2704515216308369,19.5315361546502,5,1,2005-11-01,0.1179888521854534,0.4392509358931702,-6.00568848203461,21.69468547897793,47.4574116203808,7.809097910996793,0.5,27.633254765688797,median
Kirklareli,2005,12,0.14594013919043586,6.978877580546913,4,2,2005-12-01,-0.1723046214984996,0.4688035523151335,-9.526207233348591,13.219116301476642,49.63979148727055,27.435260313511634,0.5,38.53752590039109,median
Kirklareli,2006,1,0.30198353264420497,6.807893521698152,2,2,2006-01-01,0.08280656317446525,0.4848393843955517,-6.425527477755391,11.321393126620919,54.51718315038006,25.4325790121006,0.5,39.97488108124033,median
Kirklareli,2006,2,0.2000816995880686,4.24966396480478,10,3,2006-02-01,0.17221483667620419,0.4811995652585391,-0.9936178652089842,16.160689652631596,9.018847966927513,69.434605130165,0.5,39.22672654854625,median
Kirklareli,2006,3,0.3509505348573993,11.467310118177789,8,3,2006-03-01,0.1356268076122284,0.553370962776938,4.17891686043316,25.46283412441848,51.54440213778032,65.75633532424328,0.5,58.650368731011795,median
Kirklareli,2006,4,0.4025640135980936,24.060677120905765,7,3,2006-04-01,0.2841874076995908,0.6392300187860134,12.138782289043217,31.152163362631747,33.341520764584565,37.29734450847755,0.5,35.31943263653106,median
Kirklareli,2006,5,0.41585964725047597,37.53170628805883,13,6,2006-05-01,0.41585964725047597,0.6944512814826663,23.954489736990467,37.53170628805883,0.0,0.0,0.5,0.0,median
Kirklareli,2006,6,0.38542691937273155,35.09762132069022,16,4,2006-06-01,0.30126788062759263,0.528383243387792,29.05835330150456,45.33031971721313,37.05563451205129,62.885444420807694,0.5,49.97053946642949,median
Kirklareli,2006,7,0.4641162908713268,37.11496020829141,18,4,2006-07-01,0.2485369118494177,0.5420576872552342,29.544782826486994,48.64480564115659,73.44603758417202,60.36561078874623,0.5,66.90582418645913,median
Kirklareli,2006,8,0.3508786461858225,43.45942033788741,22,7,2006-08-01,0.23989712912246486,0.48503003458731925,31.684933185315188,45.96482627922851,45.27401853818824,17.54499088238279,0.5,31.409504710285514,median
Kirklareli,2006,9,0.3314601789903483,37.13535754829913,19,5,2006-09-01,0.22643921778481366,0.4263599730650386,25.16473562126994,41.53667351686312,52.531294741423345,26.883292598786877,0.5,39.70729367010511,median
Kirklareli,2006,10,0.3102675782415185,21.83365973810104,9,5,2006-10-01,0.1889990885525008,0.4107584921015044,18.62167950061002,31.821913893217562,54.68471133501234,75.66724845969547,0.5,65.1759798973539,median
Kirklareli,2006,11,0.37103908056578,14.281054668033304,12,3,2006-11-01,0.1179888521854534,0.4392509358931702,-6.00568848203461,21.69468547897793,78.7675362930631,26.76364882791508,0.5,52.76559256048909,median
Kirklareli,2006,12,0.3819188540065287,12.571082024812808,18,3,2006-12-01,-0.1723046214984996,0.4688035523151335,-9.526207233348591,13.219116301476642,86.44773193394634,2.849087970420085,0.5,44.648409952183215,median
Kirklareli,2007,1,0.3994274541236381,8.107252179459953,13,2,2007-01-01,0.08280656317446525,0.4848393843955517,-6.425527477755391,11.321393126620919,78.7549857216897,18.11097834273498,0.5,48.432982032212344,median
Kirklareli,2007,2,0.4372536088691116,6.670714477035505,14,3,2007-02-01,0.17221483667620419,0.4811995652585391,-0.9936178652089842,16.160689652631596,85.777304726011,55.32123733777339,0.5,70.54927103189219,median
Kirklareli,2007,3,0.4880913932310714,16.90047063611221,15,4,2007-03-01,0.1356268076122284,0.553370962776938,4.17891686043316,25.46283412441848,84.37331348893969,40.22926504602943,0.5,62.30128926748456,median
Kirklareli,2007,4,0.5453528174657037,25.1879443671002,12,3,2007-04-01,0.2841874076995908,0.6392300187860134,12.138782289043217,31.152163362631747,73.55889169667623,31.36853446763573,0.5,52.46371308215598,median
Kirklareli,2007,5,0.5024171720162957,33.93340539474454,18,5,2007-05-01,0.41585964725047597,0.6944512814826663,23.954489736990467,37.53170628805883,31.069678385848043,26.50249320087,0.5,28.78608579335902,median
Kirklareli,2007,6,0.4245771840973531,37.37714252705359,18,5,2007-06-01,0.30126788062759263,0.528383243387792,29.05835330150456,45.33031971721313,54.29368668466391,48.87655853616886,0.5,51.585122610416384,median
Kirklareli,2007,7,0.3197655435842456,43.27368881804976,20,7,2007-07-01,0.2485369118494177,0.5420576872552342,29.544782826486994,48.64480564115659,24.26698131890272,28.120996897352335,0.5,26.193989108127525,median
Kirklareli,2007,8,0.30253832760018773,43.078156264121056,20,6,2007-08-01,0.23989712912246486,0.48503003458731925,31.684933185315188,45.96482627922851,25.553973816340203,20.21492735360794,0.5,22.884450584974072,median
Kirklareli,2007,9,0.31347268159312036,33.542051052926624,9,4,2007-09-01,0.22643921778481366,0.4263599730650386,25.16473562126994,41.53667351686312,43.533981094816106,48.831253300126434,0.5,46.182617197471274,median
Kirklareli,2007,10,0.2965966883536586,25.46381777263648,5,1,2007-10-01,0.1889990885525008,0.4107584921015044,18.62167950061002,31.821913893217562,48.51997168065131,48.16653955888672,0.5,48.34325561976901,median
Kirklareli,2007,11,0.3093617883595628,17.433730794322415,6,1,2007-11-01,0.1179888521854534,0.4392509358931702,-6.00568848203461,21.69468547897793,59.56910132856508,15.382300219674594,0.5,37.47570077411984,median
Kirklareli,2007,12,0.3730326549028991,12.096355466857062,2,1,2007-12-01,-0.1723046214984996,0.4688035523151335,-9.526207233348591,13.219116301476642,85.06166333170563,4.936227145331776,0.5,44.9989452385187,median
Kirklareli,2008,1,0.3492346061866647,3.604262003298372,6,1,2008-01-01,0.08280656317446525,0.4848393843955517,-6.425527477755391,11.321393126620919,66.27022196918719,43.48433903186301,0.5,54.8772805005251,median
Kirklareli,2008,2,0.3263469618469348,11.114817962685564,8,2,2008-02-01,0.17221483667620419,0.4811995652585391,-0.9936178652089842,16.160689652631596,49.883411998356785,29.41460437676249,0.5,39.64900818755964,median
Kirklareli,2008,3,0.39417258784547293,20.161930030362576,12,4,2008-03-01,0.1356268076122284,0.553370962776938,4.17891686043316,25.46283412441848,61.89093899621509,24.905678913841697,0.5,43.3983089550284,median
Kirklareli,2008,4,0.4573352527641346,21.79724123772362,7,3,2008-04-01,0.2841874076995908,0.6392300187860134,12.138782289043217,31.152163362631747,48.768187157793605,49.201781044103925,0.5,48.984984100948765,median
Kirklareli,2008,5,0.5534295093238099,28.71494618671416,17,5,2008-05-01,0.41585964725047597,0.6944512814826663,23.954489736990467,37.53170628805883,49.380471331266605,64.9379058526609,0.5,57.159188591963755,median
Kirklareli,2008,6,0.40637358738348883,37.07822558657099,17,6,2008-06-01,0.30126788062759263,0.528383243387792,29.05835330150456,45.33031971721313,46.27855442208569,50.71356417424612,0.5,48.4960592981659,median
Kirklareli,2008,7,0.3462945904590479,40.91062464979974,17,7,2008-07-01,0.2485369118494177,0.5420576872552342,29.544782826486994,48.64480564115659,33.30519908666507,40.49304582723681,0.5,36.89912245695094,median
Kirklareli,2008,8,0.32449843671433365,43.30819326333135,17,6,2008-08-01,0.23989712912246486,0.48503003458731925,31.684933185315188,45.96482627922851,34.51242395688831,18.604011937803165,0.5,26.55821794734574,median
Kirklareli,2008,9,0.2782019019971638,35.51148351976208,13,4,2008-09-01,0.22643921778481366,0.4263599730650386,25.16473562126994,41.53667351686312,25.89160096949186,36.801935333036134,0.5,31.346768151263998,median
Kirklareli,2008,10,0.2942378043292615,22.22464921756816,5,1,2008-10-01,0.1889990885525008,0.4107584921015044,18.62167950061002,31.821913893217562,47.45625849120099,72.70525954466467,0.5,60.080759017932834,median
Kirklareli,2008,11,0.3715724224525729,14.089878186624926,5,3,2008-11-01,0.1179888521854534,0.4392509358931702,-6.00568848203461,21.69468547897793,78.93355086927374,27.453807313419475,0.5,53.19367909134661,median
Kirklareli,2008,12,0.3656295086154028,3.2660753233924216,4,2,2008-12-01,-0.1723046214984996,0.4688035523151335,-9.526207233348591,13.219116301476642,83.90692118523467,43.758625648235686,0.5,63.83277341673518,median
Kirklareli,2009,1,0.1397059583657734,10.667583726377028,6,1,2009-01-01,0.08280656317446525,0.4848393843955517,-6.425527477755391,11.321393126620919,14.152922892834654,3.6840723797607113,0.5,8.918497636297683,median
Kirklareli,2009,2,0.298271800594829,8.171346470521646,9,3,2009-02-01,0.17221483667620419,0.4811995652585391,-0.9936178652089842,16.160689652631596,40.79715023360273,46.57339373099722,0.5,43.68527198229997,median
Kirklareli,2009,3,0.43488670654275985,15.245442667695347,5,2,2009-03-01,0.1356268076122284,0.553370962776938,4.17891686043316,25.46283412441848,71.63712411787982,48.00522070254455,0.5,59.821172410212185,median
Kirklareli,2009,4,0.5196932666468531,23.63388515771576,12,5,2009-04-01,0.2841874076995908,0.6392300187860134,12.138782289043217,31.152163362631747,66.33171669919268,39.54203713593907,0.5,52.936876917565876,median
Kirklareli,2009,5,0.49848429979040315,33.05762288460522,22,8,2009-05-01,0.41585964725047597,0.6944512814826663,23.954489736990467,37.53170628805883,29.657980494512696,32.952876509151274,0.5,31.305428501831983,median
Kirklareli,2009,6,0.3561512170668564,40.6618154384706,20,6,2009-06-01,0.30126788062759263,0.528383243387792,29.05835330150456,45.33031971721313,24.165400249569437,28.690473907539957,0.5,26.4279370785547,median
Kirklareli,2009,7,0.4141232033684765,37.9700812122142,23,8,2009-07-01,0.2485369118494177,0.5420576872552342,29.544782826486994,48.64480564115659,56.413823277116336,55.888542817570716,0.5,56.15118304734352,median
Kirklareli,2009,8,0.37102849259104864,40.84951689691839,23,8,2009-08-01,0.23989712912246486,0.48503003458731925,31.684933185315188,45.96482627922851,53.49398654575347,35.82176245066203,0.5,44.65787449820775,median
Kirklareli,2009,9,0.3605182617748407,29.014996455734746,17,6,2009-09-01,0.22643921778481366,0.4263599730650386,25.16473562126994,41.53667351686312,67.06609516460216,76.48255900420207,0.5,71.77432708440212,median
Kirklareli,2009,10,0.39883980781484085,22.02389663833243,17,4,2009-10-01,0.1889990885525008,0.4107584921015044,18.62167950061002,31.821913893217562,94.62539847423886,74.22608541233377,0.5,84.42574194328631,median
Kirklareli,2009,11,0.2602187112386567,15.349368735982614,14,3,2009-11-01,0.1179888521854534,0.4392509358931702,-6.00568848203461,21.69468547897793,44.27222080231651,22.90697140741191,0.5,33.58959610486421,median
Kirklareli,2009,12,0.438800218055952,11.681503247307834,5,1,2009-12-01,-0.1723046214984996,0.4688035523151335,-9.526207233348591,13.219116301476642,95.32008240033713,6.7601283042405536,0.5,51.04010535228884,median
Kirklareli,2010,1,0.1665997308874276,-3.538069283497796,2,1,2010-01-01,0.08280656317446525,0.4848393843955517,-6.425527477755391,11.321393126620919,20.84236989867121,83.72980722331309,0.5,52.28608856099215,median
Kirklareli,2010,2,0.3431629665904896,8.462746870675826,8,2,2010-02-01,0.17221483667620419,0.4811995652585391,-0.9936178652089842,16.160689652631596,55.325753702656876,44.8746926913247,0.5,50.10022319699078,median
Kirklareli,2010,3,0.4108690307217325,7.256594223841287,9,3,2010-03-01,0.1356268076122284,0.553370962776938,4.17891686043316,25.46283412441848,65.88774964451163,85.53989227999918,0.5,75.7138209622554,median
Kirklareli,2010,4,0.5035062654093893,17.82917391437802,17,5,2010-04-01,0.2841874076995908,0.6392300187860134,12.138782289043217,31.152163362631747,61.77254528370202,70.07164794461873,0.5,65.92209661416038,median
Kirklareli,2010,5,0.458165731732843,31.66274910609322,21,7,2010-05-01,0.41585964725047597,0.6944512814826663,23.954489736990467,37.53170628805883,15.185698091388947,43.226512296467675,0.5,29.20610519392831,median
Kirklareli,2010,6,0.3634121837676011,37.59668242631436,14,3,2010-06-01,0.30126788062759263,0.528383243387792,29.05835330150456,45.33031971721313,27.36243924001908,47.52736758006642,0.5,37.44490341004275,median
Kirklareli,2010,7,0.4813717400721647,34.95221738943778,20,7,2010-07-01,0.2485369118494177,0.5420576872552342,29.544782826486994,48.64480564115659,79.32482050063878,71.68885809498796,0.5,75.50683929781337,median
Kirklareli,2010,8,0.4036185053589064,38.57640540895164,14,6,2010-08-01,0.23989712912246486,0.48503003458731925,31.684933185315188,45.96482627922851,66.78882050778569,51.74002929634057,0.5,59.264424902063126,median
Kirklareli,2010,9,0.3438454914669157,35.10338214164723,14,5,2010-09-01,0.22643921778481366,0.4263599730650386,25.16473562126994,41.53667351686312,58.72640562883828,39.29462361903738,0.5,49.01051462393783,median
Kirklareli,2010,10,0.2797549728312816,23.44303831699338,13,4,2010-10-01,0.1889990885525008,0.4107584921015044,18.62167950061002,31.821913893217562,40.92538256612233,63.47520299273292,0.5,52.20029277942763,median
Kirklareli,2010,11,0.3267484886317596,14.489044257681163,10,3,2010-11-01,0.1179888521854534,0.4392509358931702,-6.00568848203461,21.69468547897793,64.9811001774598,26.01279402017639,0.5,45.49694709881809,median
Kirklareli,2010,12,0.3960671115252496,7.039486297315901,5,1,2010-12-01,-0.1723046214984996,0.4688035523151335,-9.526207233348591,13.219116301476642,88.6545759731605,27.16879359706247,0.5,57.91168478511149,median
Kirklareli,2011,1,0.3394449535329946,-6.425527477755391,7,2,2011-01-01,0.08280656317446525,0.4848393843955517,-6.425527477755391,11.321393126620919,63.83518379893626,100.0,0.5,81.91759189946814,median
Kirklareli,2011,2,0.4290502342867246,8.448710229923694,11,2,2011-02-01,0.17221483667620419,0.4811995652585391,-0.9936178652089842,16.160689652631596,83.1223597324428,44.956518441140204,0.5,64.0394390867915,median
Kirklareli,2011,3,0.4315276602339294,24.27487914292731,10,2,2011-03-01,0.1356268076122284,0.553370962776938,4.17891686043316,25.46283412441848,70.83303236284233,5.58146776628059,0.5,38.207250064561464,median
Kirklareli,2011,4,0.5090846410632075,20.63036163758579,9,3,2011-04-01,0.2841874076995908,0.6392300187860134,12.138782289043217,31.152163362631747,63.34373011606582,55.3389304317988,0.5,59.341330273932314,median
Kirklareli,2011,5,0.5062667704186674,35.338014746235594,15,4,2011-05-01,0.41585964725047597,0.6944512814826663,23.954489736990467,37.53170628805883,32.451485277853756,16.15715219369185,0.5,24.304318735772803,median
Kirklareli,2011,6,0.3846607725616103,39.4212897795081,16,5,2011-06-01,0.30126788062759263,0.528383243387792,29.05835330150456,45.33031971721313,36.71829634090776,36.31417240389946,0.5,36.516234372403616,median
Kirklareli,2011,7,0.3747455354086448,43.55070216910992,15,5,2011-07-01,0.2485369118494177,0.5420576872552342,29.544782826486994,48.64480564115659,42.99819097463659,26.670666948806943,0.5,34.83442896172177,median
Kirklareli,2011,8,0.3441679416889508,43.057945927102175,22,7,2011-08-01,0.23989712912246486,0.48503003458731925,31.684933185315188,45.96482627922851,42.53644053569774,20.356457383881732,0.5,31.446448959789738,median
Kirklareli,2011,9,0.2804312792914048,40.67697103529768,22,7,2011-09-01,0.22643921778481366,0.4263599730650386,25.16473562126994,41.53667351686312,27.006731457627584,5.251073434604468,0.5,16.128902446116026,median
Kirklareli,2011,10,0.286036243752081,19.43194147812584,18,7,2011-10-01,0.1889990885525008,0.4107584921015044,18.62167950061002,31.821913893217562,43.7578536227156,93.8617606822983,0.5,68.80980715250695,median
Kirklareli,2011,11,0.2655549007906274,13.99167427591091,11,3,2011-11-01,0.1179888521854534,0.4392509358931702,-6.00568848203461,21.69468547897793,45.933229001723426,27.808329280712176,0.5,36.8707791412178,median
Kirklareli,2011,12,,,5,0,2011-12-01,-0.1723046214984996,0.4688035523151335,-9.526207233348591,13.219116301476642,,,0.5,,median
Kirklareli,2012,1,0.2449155651937509,1.7709891994518818,4,2,2012-01-01,0.08280656317446525,0.4848393843955517,-6.425527477755391,11.321393126620919,40.322330283113494,53.81442865538008,0.5,47.068379469246786,median
Kirklareli,2012,2,0.2369824117546515,-0.32223379315801787,6,2,2012-02-01,0.17221483667620419,0.4811995652585391,-0.9936178652089842,16.160689652631596,20.961416240734618,96.08620708616348,0.5,58.52381166344905,median
Kirklareli,2012,3,0.2881589946793259,25.46283412441848,8,3,2012-03-01,0.1356268076122284,0.553370962776938,4.17891686043316,25.46283412441848,36.51330250376731,0.0,0.5,18.256651251883653,median
Kirklareli,2012,4,0.4148964390120259,25.086466854052205,9,4,2012-04-01,0.2841874076995908,0.6392300187860134,12.138782289043217,31.152163362631747,36.815026487234405,31.902250762781986,0.5,34.3586386250082,median
Kirklareli,2012,5,0.46391763670550995,31.528994141320403,8,4,2012-05-01,0.41585964725047597,0.6944512814826663,23.954489736990467,37.53170628805883,17.250334737252146,44.211655048442786,0.5,30.730994892847466,median
Kirklareli,2012,6,0.4687499324890047,41.07743208950588,10,3,2012-06-01,0.30126788062759263,0.528383243387792,29.05835330150456,45.33031971721313,73.74316286928095,26.136285677197623,0.5,49.939724273239285,median
Kirklareli,2012,7,0.3939444559640138,43.01365891052279,12,4,2012-07-01,0.2485369118494177,0.5420576872552342,29.544782826486994,48.64480564115659,49.53909784190174,29.482408399579736,0.5,39.51075312074074,median
Kirklareli,2012,8,0.3415402258539173,40.63614282621906,10,3,2012-08-01,0.23989712912246486,0.48503003458731925,31.684933185315188,45.96482627922851,41.46448496528973,37.31598981844449,0.5,39.39023739186711,median
Kirklareli,2012,9,0.2653555182501859,39.741471918371104,8,3,2012-09-01,0.22643921778481366,0.4263599730650386,25.16473562126994,41.53667351686312,19.46586306700574,10.965113659362382,0.5,15.215488363184061,median
Kirklareli,2012,10,0.2538284408621827,29.71117126614332,11,3,2012-10-01,0.1889990885525008,0.4107584921015044,18.62167950061002,31.821913893217562,29.23409391988022,15.990190509467846,0.5,22.612142214674034,median
Kirklareli,2012,11,0.3695226450832012,13.745291225516723,5,1,2012-11-01,0.1179888521854534,0.4392509358931702,-6.00568848203461,21.69468547897793,78.29551187453308,28.697786768690364,0.5,53.49664932161172,median
Kirklareli,2012,12,,,2,0,2012-12-01,-0.1723046214984996,0.4688035523151335,-9.526207233348591,13.219116301476642,,,0.5,,median
Kirklareli,2013,1,0.38739130089496787,8.952003358122159,4,2,2013-01-01,0.08280656317446525,0.4848393843955517,-6.425527477755391,11.321393126620919,75.76116218456826,13.350990976510477,0.5,44.55607658053937,median
Kirklareli,2013,2,,,6,0,2013-02-01,0.17221483667620419,0.4811995652585391,-0.9936178652089842,16.160689652631596,,,0.5,,median
Kirklareli,2013,3,0.4427217093942074,13.516664138292745,2,1,2013-03-01,0.1356268076122284,0.553370962776938,4.17891686043316,25.46283412441848,73.51267468024695,56.12768475819976,0.5,64.82017971922335,median
Kirklareli,2013,4,0.5462180866406561,27.284923985283683,8,2,2013-04-01,0.2841874076995908,0.6392300187860134,12.138782289043217,31.152163362631747,73.80260023980141,20.339566973283052,0.5,47.07108360654223,median
Kirklareli,2013,5,0.4486960398449692,35.20563870194652,19,7,2013-05-01,0.41585964725047597,0.6944512814826663,23.954489736990467,37.53170628805883,11.786568065832856,17.13213881036077,0.5,14.459353438096814,median
Kirklareli,2013,6,0.4362149537386389,38.90132740605149,22,7,2013-06-01,0.30126788062759263,0.528383243387792,29.05835330150456,45.33031971721313,59.41785331956195,39.50962131383973,0.5,49.46373731670084,median
Kirklareli,2013,7,0.4502624726027586,39.74419812715644,24,8,2013-07-01,0.2485369118494177,0.5420576872552342,29.544782826486994,48.64480564115659,68.72616102708193,46.59998367731855,0.5,57.66307235220024,median
Kirklareli,2013,8,0.3762645775367402,40.892827134717784,22,8,2013-08-01,0.23989712912246486,0.48503003458731925,31.684933185315188,45.96482627922851,55.6300053457437,35.518467198277705,0.5,45.5742362720107,median
Kirklareli,2013,9,0.3120819169269097,32.835864671787505,15,4,2013-09-01,0.22643921778481366,0.4263599730650386,25.16473562126994,41.53667351686312,42.83832312560662,53.144648486710935,0.5,47.99148580615878,median
Kirklareli,2013,10,0.2755079480864498,27.599481747848102,13,5,2013-10-01,0.1889990885525008,0.4107584921015044,18.62167950061002,31.821913893217562,39.01023277907247,31.987554309900183,0.5,35.49889354448632,median
Kirklareli,2013,11,0.30057533063458397,17.750826908870184,20,4,2013-11-01,0.1179888521854534,0.4392509358931702,-6.00568848203461,21.69468547897793,56.83412008721426,14.237564358006903,0.5,35.53584222261058,median
Kirklareli,2013,12,0.3585559929871496,7.010388460901753,19,4,2013-12-01,-0.1723046214984996,0.4688035523151335,-9.526207233348591,13.219116301476642,82.80359480176705,27.296722471626936,0.5,55.05015863669699,median
Kirklareli,2014,1,0.36696482646672546,11.321393126620919,17,4,2014-01-01,0.08280656317446525,0.4848393843955517,-6.425527477755391,11.321393126620919,70.6803644610885,0.0,0.5,35.34018223054425,median
Kirklareli,2014,2,0.4135850896564018,10.167809044898911,14,3,2014-02-01,0.17221483667620419,0.4811995652585391,-0.9936178652089842,16.160689652631596,78.1172111928114,34.93513568822323,0.5,56.52617344051731,median
Kirklareli,2014,3,0.4985665523142548,21.72112294817758,13,2,2014-03-01,0.1356268076122284,0.553370962776938,4.17891686043316,25.46283412441848,86.88086720421624,17.579993052182544,0.5,52.230430128199394,median
Kirklareli,2014,4,0.5374902892379559,21.15835809588021,14,5,2014-04-01,0.2841874076995908,0.6392300187860134,12.138782289043217,31.152163362631747,71.3443608256665,52.56195743446136,0.5,61.95315913006393,median
Kirklareli,2014,5,0.514124086584848,24.221811949018264,21,7,2014-05-01,0.41585964725047597,0.6944512814826663,23.954489736990467,37.53170628805883,35.271855741538225,98.03109708810852,0.5,66.65147641482338,median
Kirklareli,2014,6,0.4087519707242703,36.136129538606696,20,6,2014-06-01,0.30126788062759263,0.528383243387792,29.05835330150456,45.33031971721313,47.32576818687741,56.503251934754374,0.5,51.91451006081589,median
Kirklareli,2014,7,0.45537938649680215,38.501695169795326,22,6,2014-07-01,0.2485369118494177,0.5420576872552342,29.544782826486994,48.64480564115659,70.46944951729833,53.105226992561185,0.5,61.78733825492976,median
Kirklareli,2014,8,0.4831752389139133,38.225168435802246,22,6,2014-08-01,0.23989712912246486,0.48503003458731925,31.684933185315188,45.96482627922851,99.24335100182138,54.199690379511495,0.5,76.72152069066644,median
Kirklareli,2014,9,0.4263599730650386,30.61032244722565,22,6,2014-09-01,0.22643921778481366,0.4263599730650386,25.16473562126994,41.53667351686312,100.0,66.7382880347873,0.5,83.36914401739365,median
Kirklareli,2014,10,0.3492031910459717,23.11251772751751,19,5,2014-10-01,0.1889990885525008,0.4107584921015044,18.62167950061002,31.821913893217562,72.24230401488683,65.97910239061763,0.5,69.11070320275223,median
Kirklareli,2014,11,0.32558684237151625,14.558375046085068,15,4,2014-11-01,0.1179888521854534,0.4392509358931702,-6.00568848203461,21.69468547897793,64.61951182976664,25.762505744279874,0.5,45.19100878702326,median
Kirklareli,2014,12,0.35265144382381475,7.6954920552169375,14,4,2014-12-01,-0.1723046214984996,0.4688035523151335,-9.526207233348591,13.219116301476642,81.88260371094823,24.284658944518927,0.5,53.08363132773358,median
Kirklareli,2015,1,0.2973614757136227,0.5300845662886818,17,5,2015-01-01,0.08280656317446525,0.4848393843955517,-6.425527477755391,11.321393126620919,53.36751160949846,60.80665373389425,0.5,57.08708267169635,median
Kirklareli,2015,2,0.2791752520263789,5.08472964286459,12,3,2015-02-01,0.17221483667620419,0.4811995652585391,-0.9936178652089842,16.160689652631596,34.61673197925478,64.56664017622361,0.5,49.5916860777392,median
Kirklareli,2015,3,0.330840695570439,15.495342640838544,21,5,2015-03-01,0.1356268076122284,0.553370962776938,4.17891686043316,25.46283412441848,46.73048935448086,46.83109485886795,0.5,46.780792106674404,median
Kirklareli,2015,4,0.4309684999441551,23.9328182686819,19,6,2015-04-01,0.2841874076995908,0.6392300187860134,12.138782289043217,31.152163362631747,41.341824237777374,37.9698122391195,0.5,39.65581823844843,median
Kirklareli,2015,5,0.4404366189826361,34.911178349161624,22,7,2015-05-01,0.41585964725047597,0.6944512814826663,23.954489736990467,37.53170628805883,8.821862795663346,19.300921724571012,0.5,14.061392260117179,median
Kirklareli,2015,6,0.4352995393337684,34.70972427286618,21,7,2015-06-01,0.30126788062759263,0.528383243387792,29.05835330150456,45.33031971721313,59.01479190013828,65.26928075573015,0.5,62.142036327934214,median
Kirklareli,2015,7,0.4893377355798888,39.831144636074676,24,8,2015-07-01,0.2485369118494177,0.5420576872552342,29.544782826486994,48.64480564115659,82.0387665566583,46.14476689688905,0.5,64.09176672677367,median
Kirklareli,2015,8,0.3949334143645846,42.06523276045958,24,8,2015-08-01,0.23989712912246486,0.48503003458731925,31.684933185315188,45.96482627922851,63.24580739094119,27.308282303815695,0.5,45.27704484737844,median
Kirklareli,2015,9,0.320877507429769,38.28997297567936,20,6,2015-09-01,0.22643921778481366,0.4263599730650386,25.16473562126994,41.53667351686312,47.237861577995275,19.830887228430473,0.5,33.53437440321287,median
Kirklareli,2015,10,0.3472256570425661,24.48009102505168,16,5,2015-10-01,0.1889990885525008,0.4107584921015044,18.62167950061002,31.821913893217562,71.3505564850155,55.618882588005285,0.5,63.4847195365104,median
Kirklareli,2015,11,0.3412612195371671,19.10722612098958,20,5,2015-11-01,0.1179888521854534,0.4392509358931702,-6.00568848203461,21.69468547897793,69.49851186137676,9.340882406967225,0.5,39.41969713417199,median
Kirklareli,2015,12,0.452772331656342,10.73302027169757,22,7,2015-12-01,-0.1723046214984996,0.4688035523151335,-9.526207233348591,13.219116301476642,97.49945152571838,10.93014142433554,0.5,54.214796475026965,median
Kirklareli,2016,1,0.41821287055489487,3.668405000285669,19,4,2016-01-01,0.08280656317446525,0.4848393843955517,-6.425527477755391,11.321393126620919,83.42759338944184,43.12290733102202,0.5,63.27525036023193,median
Kirklareli,2016,2,0.47522969811200055,15.434444451539084,14,4,2016-02-01,0.17221483667620419,0.4811995652585391,-0.9936178652089842,16.160689652631596,98.06790867175569,4.233602553394898,0.5,51.150755612575296,median
Kirklareli,2016,3,0.4970167769427002,15.405577612283995,19,5,2016-03-01,0.1356268076122284,0.553370962776938,4.17891686043316,25.46283412441848,86.50988047648009,47.252845363914496,0.5,66.88136292019729,median
Kirklareli,2016,4,0.5602833903594335,31.152163362631747,19,4,2016-04-01,0.2841874076995908,0.6392300187860134,12.138782289043217,31.152163362631747,77.76418211183021,0.0,0.5,38.882091055915105,median
Kirklareli,2016,5,0.5541646853171349,27.357418834008193,21,6,2016-05-01,0.41585964725047597,0.6944512814826663,23.954489736990467,37.53170628805883,49.64436152141939,74.9364747610956,0.5,62.29041814125749,median
Kirklareli,2016,6,0.4608447614315342,39.639917958753585,18,6,2016-06-01,0.30126788062759263,0.528383243387792,29.05835330150456,45.33031971721313,70.26247756407014,34.97058445847187,0.5,52.61653101127101,median
Kirklareli,2016,7,0.41766569530020226,40.45768061749945,24,8,2016-07-01,0.2485369118494177,0.5420576872552342,29.544782826486994,48.64480564115659,57.62071976573044,42.86447771868154,0.5,50.24259874220599,median
Kirklareli,2016,8,0.3484236220107408,42.125380573117674,24,8,2016-08-01,0.23989712912246486,0.48503003458731925,31.684933185315188,45.96482627922851,44.272511143484884,26.887075980613375,0.5,35.57979356204913,median
Kirklareli,2016,9,0.2781819163908413,38.55694232304684,20,7,2016-09-01,0.22643921778481366,0.4263599730650386,25.16473562126994,41.53667351686312,25.881604205376732,18.200235139044413,0.5,22.04091967221057,median
Kirklareli,2016,10,0.273921417477089,24.619844851343046,20,4,2016-10-01,0.1889990885525008,0.4107584921015044,18.62167950061002,31.821913893217562,38.2948039927526,54.56016027948605,0.5,46.42748213611932,median
Kirklareli,2016,11,0.2870160776346542,15.992182207431952,23,6,2016-11-01,0.1179888521854534,0.4392509358931702,-6.00568848203461,21.69468547897793,52.61349970044432,20.58637648564631,0.5,36.59993809304532,median
Kirklareli,2016,12,0.312360837475185,5.947135693114161,19,7,2016-12-01,-0.1723046214984996,0.4688035523151335,-9.526207233348591,13.219116301476642,75.59807826043635,31.971321916913578,0.5,53.78470008867497,median
Kirklareli,2017,1,0.24900395191315877,3.005894291480045,20,6,2017-01-01,0.08280656317446525,0.4848393843955517,-6.425527477755391,11.321393126620919,41.33925887789595,46.8560096735335,0.5,44.097634275714725,median
Kirklareli,2017,2,0.300197723046986,6.4328993976876845,15,5,2017-02-01,0.17221483667620419,0.4811995652585391,-0.9936178652089842,16.160689652631596,41.42045691318959,56.707565984968795,0.5,49.06401144907919,median
Kirklareli,2017,3,0.462426156956024,15.475065850243134,16,5,2017-03-01,0.1356268076122284,0.553370962776938,4.17891686043316,25.46283412441848,78.22954440019491,46.926362991815076,0.5,62.577953696005,median
Kirklareli,2017,4,0.49476102908067976,27.86300538008097,22,8,2017-04-01,0.2841874076995908,0.6392300187860134,12.138782289043217,31.152163362631747,59.30939408561083,17.299174564589897,0.5,38.30428432510037,median
Kirklareli,2017,5,0.5332918354741589,33.99308714525196,21,6,2017-05-01,0.41585964725047597,0.6944512814826663,23.954489736990467,37.53170628805883,42.15208706726989,26.06292040417091,0.5,34.1075037357204,median
Kirklareli,2017,6,0.4845831572515599,38.32295312723504,22,7,2017-06-01,0.30126788062759263,0.528383243387792,29.05835330150456,45.33031971721313,80.71460882085792,43.06404285110462,0.5,61.88932583598127,median
Kirklareli,2017,7,0.4432222884400998,37.57477047815825,21,7,2017-07-01,0.2485369118494177,0.5420576872552342,29.544782826486994,48.64480564115659,66.32763092204075,57.958230052458894,0.5,62.14293048724983,median
Kirklareli,2017,8,0.3878979152583529,38.44487248293357,22,7,2017-08-01,0.23989712912246486,0.48503003458731925,31.684933185315188,45.96482627922851,60.375732036149444,52.66113511382137,0.5,56.51843357498541,median
Kirklareli,2017,9,0.3197297265547452,41.53667351686312,24,7,2017-09-01,0.22643921778481366,0.4263599730650386,25.16473562126994,41.53667351686312,46.663743661416284,0.0,0.5,23.331871830708142,median
Kirklareli,2017,10,0.318166797530147,26.722056268864648,23,7,2017-10-01,0.1889990885525008,0.4107584921015044,18.62167950061002,31.821913893217562,58.24677867565745,38.634598997794775,0.5,48.44068883672611,median
Kirklareli,2017,11,0.3981242725257269,15.224872403819658,21,5,2017-11-01,0.1179888521854534,0.4392509358931702,-6.00568848203461,21.69468547897793,87.19840732750143,23.356410582269916,0.5,55.27740895488567,median
Kirklareli,2017,12,0.4502999639895924,8.863568104990618,21,7,2017-12-01,-0.1723046214984996,0.4688035523151335,-9.526207233348591,13.219116301476642,97.11381182126061,19.149203087031363,0.5,58.13150745414599,median
Kirklareli,2018,1,0.4848393843955517,3.983077967637867,19,4,2018-01-01,0.08280656317446525,0.4848393843955517,-6.425527477755391,11.321393126620919,100.0,41.34979426894747,0.5,70.67489713447374,median
Kirklareli,2018,2,0.4658098268340579,11.16092066545841,13,5,2018-02-01,0.17221483667620419,0.4811995652585391,-0.9936178652089842,16.160689652631596,95.01925596935116,29.145851454355693,0.5,62.08255371185343,median
Kirklareli,2018,3,0.5481369044608009,15.763722245380208,18,4,2018-03-01,0.1356268076122284,0.553370962776938,4.17891686043316,25.46283412441848,98.74706605671757,45.570144624881685,0.5,72.15860534079962,median
Kirklareli,2018,4,0.5126909890013723,29.018208754533298,22,8,2018-04-01,0.2841874076995908,0.6392300187860134,12.138782289043217,31.152163362631747,64.35948085289414,11.223435746852639,0.5,37.79145829987339,median
Kirklareli,2018,5,0.4416251590596987,35.91840416917064,20,7,2018-05-01,0.41585964725047597,0.6944512814826663,23.954489736990467,37.53170628805883,9.24848726352946,11.882421649680754,0.5,10.565454456605107,median
Kirklareli,2018,6,0.398607596827274,33.755818491885805,22,6,2018-06-01,0.30126788062759263,0.528383243387792,29.05835330150456,45.33031971721313,42.85915096921817,71.13154568800964,0.5,56.9953483286139,median
Kirklareli,2018,7,0.5420576872552342,34.832391740066555,24,8,2018-07-01,0.2485369118494177,0.5420576872552342,29.544782826486994,48.64480564115659,100.0,72.31621676640898,0.5,86.15810838320449,median
Kirklareli,2018,8,0.48503003458731925,36.24908023062535,24,8,2018-08-01,0.23989712912246486,0.48503003458731925,31.684933185315188,45.96482627922851,100.0,68.03794667583617,0.5,84.01897333791808,median
Kirklareli,2018,9,0.3553826165751642,33.753169708896195,22,7,2018-09-01,0.22643921778481366,0.4263599730650386,25.16473562126994,41.53667351686312,64.49725472956179,47.541737927444764,0.5,56.01949632850328,median
Kirklareli,2018,10,0.31660040741577167,27.29677546728012,19,4,2018-10-01,0.1889990885525008,0.4107584921015044,18.62167950061002,31.821913893217562,57.54043202730475,34.28074298795506,0.5,45.910587507629906,median
Kirklareli,2018,11,0.32218244070030794,8.704115871163731,18,4,2018-11-01,0.1179888521854534,0.4392509358931702,-6.00568848203461,21.69468547897793,63.559815761087194,46.89673008060485,0.5,55.228272920846024,median
Kirklareli,2018,12,0.3339857361246743,3.2697552426755503,11,4,2018-12-01,-0.1723046214984996,0.4688035523151335,-9.526207233348591,13.219116301476642,78.97112816570483,43.74244685316383,0.5,61.35678750943433,median
Kirklareli,2019,1,0.325223050007165,9.240157446995424,13,3,2019-01-01,0.08280656317446525,0.4848393843955517,-6.425527477755391,11.321393126620919,60.297685670640746,11.727305970548331,0.5,36.01249582059454,median
Kirklareli,2019,2,0.3454839655642555,15.562719182455602,18,5,2019-02-01,0.17221483667620419,0.4811995652585391,-0.9936178652089842,16.160689652631596,56.076923180972166,3.4858327539838108,0.5,29.781377967477987,median
Kirklareli,2019,3,0.4134526970550316,20.03182074937453,22,7,2019-03-01,0.1356268076122284,0.553370962776938,4.17891686043316,25.46283412441848,66.50623019088349,25.51698217805898,0.5,46.01160618447123,median
Kirklareli,2019,4,0.4759914458412475,27.223599773152667,15,5,2019-04-01,0.2841874076995908,0.6392300187860134,12.138782289043217,31.152163362631747,54.02282209302724,20.662098835941617,0.5,37.342460464484425,median
Kirklareli,2019,5,0.4913597241431497,31.46188845619204,24,7,2019-05-01,0.41585964725047597,0.6944512814826663,23.954489736990467,37.53170628805883,27.100626011529368,44.705907201496096,0.5,35.90326660651273,median
Kirklareli,2019,6,0.4968648328930788,35.0376737742554,23,7,2019-06-01,0.30126788062759263,0.528383243387792,29.05835330150456,45.33031971721313,86.12229040270077,63.25385438985083,0.5,74.6880723962758,median
Kirklareli,2019,7,0.4756416827072416,41.30235364947056,22,7,2019-07-01,0.2485369118494177,0.5420576872552342,29.544782826486994,48.64480564115659,77.37263931107874,38.44211110599682,0.5,57.907375208537786,median
Kirklareli,2019,8,0.4125748034159571,40.91529461839841,22,8,2019-08-01,0.23989712912246486,0.48503003458731925,31.684933185315188,45.96482627922851,70.4424703676715,35.361130700498144,0.5,52.90180053408483,median
Kirklareli,2019,9,0.32448165603232754,36.375218452126155,19,6,2019-09-01,0.22643921778481366,0.4263599730650386,25.16473562126994,41.53667351686312,49.04065018666509,31.526231638871952,0.5,40.28344091276852,median
Kirklareli,2019,10,0.322869743542275,27.45657520293662,23,8,2019-10-01,0.1889990885525008,0.4107584921015044,18.62167950061002,31.821913893217562,60.367521217738094,33.07016042628486,0.5,46.71884082201147,median
Kirklareli,2019,11,0.3310157002746164,21.108529977791083,22,7,2019-11-01,0.1179888521854534,0.4392509358931702,-6.00568848203461,21.69468547897793,66.3093651235152,2.116056274228806,0.5,34.21271069887201,median
Kirklareli,2019,12,0.4688035523151335,5.916886658671306,17,4,2019-12-01,-0.1723046214984996,0.4688035523151335,-9.526207233348591,13.219116301476642,100.0,32.10431204297858,0.5,66.05215602148928,median
Kirklareli,2020,1,0.451948566165708,6.417837384307548,19,6,2020-01-01,0.08280656317446525,0.4848393843955517,-6.425527477755391,11.321393126620919,91.81887236720002,27.63045968157527,0.5,59.724666024387645,median
Kirklareli,2020,2,0.4811995652585391,8.612958670536953,16,3,2020-02-01,0.17221483667620419,0.4811995652585391,-0.9936178652089842,16.160689652631596,100.0,43.999042072931005,0.5,71.9995210364655,median
Kirklareli,2020,3,0.5313937514914242,14.608498821947794,18,4,2020-03-01,0.1356268076122284,0.553370962776938,4.17891686043316,25.46283412441848,94.73907390114206,50.99782698759777,0.5,72.86845044436991,median
Kirklareli,2020,4,0.5276702831536718,28.77173080612496,21,7,2020-04-01,0.2841874076995908,0.6392300187860134,12.138782289043217,31.152163362631747,68.5784939190901,12.519775137802519,0.5,40.54913452844632,median
Kirklareli,2020,5,0.4971121117599759,29.527408169209238,21,6,2020-05-01,0.41585964725047597,0.6944512814826663,23.954489736990467,37.53170628805883,29.165435901704278,58.95389595314181,0.5,44.05966592742304,median
Kirklareli,2020,6,0.528383243387792,32.664160981308335,22,8,2020-06-01,0.30126788062759263,0.528383243387792,29.05835330150456,45.33031971721313,100.0,77.8403692111679,0.5,88.92018460558396,median
Kirklareli,2020,7,0.4203551392211574,39.05330285026975,22,7,2020-07-01,0.2485369118494177,0.5420576872552342,29.544782826486994,48.64480564115659,58.536990144628426,50.217232115137435,0.5,54.377111129882934,median
Kirklareli,2020,8,0.33027840697325517,40.422790260455244,22,6,2020-08-01,0.23989712912246486,0.48503003458731925,31.684933185315188,45.96482627922851,36.87031640219701,38.81006659031299,0.5,37.840191496255,median
Kirklareli,2020,9,0.2814843290291523,41.08253847943223,24,7,2020-09-01,0.22643921778481366,0.4263599730650386,25.16473562126994,41.53667351686312,27.533465030773336,2.77386244882548,0.5,15.153663739799407,median
Kirklareli,2020,10,0.2735420138642038,27.13440613948621,23,8,2020-10-01,0.1889990885525008,0.4107584921015044,18.62167950061002,31.821913893217562,38.12371604481746,35.51079181106415,0.5,36.81725392794081,median
Kirklareli,2020,11,0.3401072546822592,13.42853079249316,16,5,2020-11-01,0.1179888521854534,0.4392509358931702,-6.00568848203461,21.69468547897793,69.13931452268373,29.841310800060462,0.5,49.4903126613721,median
Kirklareli,2020,12,0.4534381874419942,13.219116301476642,11,2,2020-12-01,-0.1723046214984996,0.4688035523151335,-9.526207233348591,13.219116301476642,97.60331165616898,0.0,0.5,48.80165582808449,median
Kirklareli,2021,1,0.35260295523988183,3.1472492424015437,14,4,2021-01-01,0.08280656317446525,0.4848393843955517,-6.425527477755391,11.321393126620919,67.10805133918403,46.0595055696799,0.5,56.583778454431965,median
Kirklareli,2021,2,0.47924909648616426,13.2396988267575,19,6,2021-02-01,0.17221483667620419,0.4811995652585391,-0.9936178652089842,16.160689652631596,99.36874913484436,17.02773966734739,0.5,58.19824440109588,median
Kirklareli,2021,3,0.48102956531735963,15.992728168698132,17,6,2021-03-01,0.1356268076122284,0.553370962776938,4.17891686043316,25.46283412441848,82.68284629115749,44.49418703456806,0.5,63.58851666286277,median
Kirklareli,2021,4,0.5613367914944125,20.14120533133216,20,7,2021-04-01,0.2841874076995908,0.6392300187860134,12.138782289043217,31.152163362631747,78.060879212991,57.911625442541094,0.5,67.98625232776604,median
Kirklareli,2021,5,0.5101903506025784,29.0524443685538,21,5,2021-05-01,0.41585964725047597,0.6944512814826663,23.954489736990467,37.53170628805883,33.85984780629959,62.45213728168616,0.5,48.15599254399288,median
Kirklareli,2021,6,0.4751506628587083,30.71074600958924,21,7,2021-06-01,0.30126788062759263,0.528383243387792,29.05835330150456,45.33031971721313,76.56143561486435,89.84515659711847,0.5,83.20329610599141,median
Kirklareli,2021,7,0.47569288150311184,40.78236052838159,24,8,2021-07-01,0.2485369118494177,0.5420576872552342,29.544782826486994,48.64480564115659,77.39008229984145,41.16458492780606,0.5,59.27733361382376,median
Kirklareli,2021,8,0.3919813981937422,40.55254936988512,24,8,2021-08-01,0.23989712912246486,0.48503003458731925,31.684933185315188,45.96482627922851,62.041556103157376,37.90138255061815,0.5,49.971469326887764,median
Kirklareli,2021,9,0.3367884938887724,30.10714163314982,23,8,2021-09-01,0.22643921778481366,0.4263599730650386,25.16473562126994,41.53667351686312,55.19650821110814,69.8117226964914,0.5,62.50411545379977,median
Kirklareli,2021,10,0.30436694086656213,21.798389209548642,17,4,2021-10-01,0.1889990885525008,0.4107584921015044,18.62167950061002,31.821913893217562,52.02388285129372,75.93444468896963,0.5,63.97916377013168,median
Kirklareli,2021,11,0.32484180254981476,12.996724984392898,18,4,2021-11-01,0.1179888521854534,0.4392509358931702,-6.00568848203461,21.69468547897793,64.38760154234556,31.400155488251368,0.5,47.89387851529847,median
Kirklareli,2021,12,0.400555336639116,9.250965426495192,29,7,2021-12-01,-0.1723046214984996,0.4688035523151335,-9.526207233348591,13.219116301476642,89.35464895572258,17.44600761077695,0.5,53.40032828324976,median
Kirklareli,2022,1,0.41045202074021736,4.036320087079906,26,6,2022-01-01,0.08280656317446525,0.4848393843955517,-6.425527477755391,11.321393126620919,81.49719134139373,41.04978661900672,0.5,61.27348898020023,median
Kirklareli,2022,2,0.4005321124930476,8.386871238530098,28,7,2022-02-01,0.17221483667620419,0.4811995652585391,-0.9936178652089842,16.160689652631596,73.89273795646632,45.31700510799798,0.5,59.60487153223215,median
Kirklareli,2022,3,0.38722184457578385,14.537288721560994,23,4,2022-03-01,0.1356268076122284,0.553370962776938,4.17891686043316,25.46283412441848,60.22706334798526,51.33239932925639,0.5,55.77973133862082,median
Kirklareli,2022,4,0.44741473367914525,28.30952401287042,20,6,2022-04-01,0.2841874076995908,0.6392300187860134,12.138782289043217,31.152163362631747,45.974010127990674,14.950730429055753,0.5,30.462370278523213,median
Kirklareli,2022,5,0.5218267970726196,29.710990141176257,28,9,2022-05-01,0.41585964725047597,0.6944512814826663,23.954489736990467,37.53170628805883,38.036730756181285,57.601763347194876,0.5,47.81924705168808,median
Kirklareli,2022,6,0.4775446473311401,36.626882826090736,32,10,2022-06-01,0.30126788062759263,0.528383243387792,29.05835330150456,45.33031971721313,77.61551863388036,53.487308594247736,0.5,65.55141361406405,median
Kirklareli,2022,7,0.44874829670485844,39.922619865132134,36,12,2022-07-01,0.2485369118494177,0.5420576872552342,29.544782826486994,48.64480564115659,68.21029434070967,45.66583956813633,0.5,56.93806695442299,median
Kirklareli,2022,8,0.3988142819188756,40.792280023207404,33,10,2022-08-01,0.23989712912246486,0.48503003458731925,31.684933185315188,45.96482627922851,64.82897614053502,36.22258389473419,0.5,50.5257800176346,median
Kirklareli,2022,9,0.3956490135367299,31.293063503629,30,10,2022-09-01,0.22643921778481366,0.4263599730650386,25.16473562126994,41.53667351686312,84.6384336207305,62.56809718287157,0.5,73.60326540180102,median
Kirklareli,2022,10,0.33151967148697753,25.439847151819997,33,10,2022-10-01,0.1889990885525008,0.4107584921015044,18.62167950061002,31.821913893217562,64.26811249200671,48.34813194659393,0.5,56.308122219300316,median
Kirklareli,2022,11,0.2828459536399298,19.329577841481324,32,11,2022-11-01,0.1179888521854534,0.4392509358931702,-6.00568848203461,21.69468547897793,51.315455453642286,8.538179451387284,0.5,29.926817452514786,median
Kirklareli,2022,12,0.3629221815107792,6.265553067467024,18,3,2022-12-01,-0.1723046214984996,0.4688035523151335,-9.526207233348591,13.219116301476642,83.48463252706345,30.571397339602836,0.5,57.02801493333315,median
Kirklareli,2023,1,0.3970289022216867,10.845482058265926,19,3,2023-01-01,0.08280656317446525,0.4848393843955517,-6.425527477755391,11.321393126620919,78.15837972950568,2.6816543498686483,0.5,40.42001703968717,median
Kirklareli,2023,2,0.4043922446824543,11.317655656737092,18,5,2023-02-01,0.17221483667620419,0.4811995652585391,-0.9936178652089842,16.160689652631596,75.1420334174807,28.232174285424932,0.5,51.68710385145282,median
Kirklareli,2023,3,0.524061488954399,18.99818406871396,16,3,2023-03-01,0.1356268076122284,0.553370962776938,4.17891686043316,25.46283412441848,92.98386980160554,30.37340342721311,0.5,61.67863661440932,median
Kirklareli,2023,4,0.572872992982514,19.24428630702604,17,3,2023-04-01,0.2841874076995908,0.6392300187860134,12.138782289043217,31.152163362631747,81.31012342421427,62.628929644433036,0.5,71.96952653432365,median
Kirklareli,2023,5,0.5705625594989607,31.78977483447975,21,5,2023-05-01,0.41585964725047597,0.6944512814826663,23.954489736990467,37.53170628805883,55.5303509650791,42.290932253910746,0.5,48.910641609494924,median
Kirklareli,2023,6,0.4196772103194752,39.34324224787276,20,7,2023-06-01,0.30126788062759263,0.528383243387792,29.05835330150456,45.33031971721313,52.13620437332789,36.79381653320393,0.5,44.46501045326591,median
Kirklareli,2023,7,0.4325966688880012,44.02090997882722,22,7,2023-07-01,0.2485369118494177,0.5420576872552342,29.544782826486994,48.64480564115659,62.7075738622269,24.208848896128167,0.5,43.458211379177534,median
Kirklareli,2023,8,0.41114082519214046,42.21930917951873,24,8,2023-08-01,0.23989712912246486,0.48503003458731925,31.684933185315188,45.96482627922851,69.85749046825842,26.22930770613593,0.5,48.04339908719717,median
Kirklareli,2023,9,0.3338860101514992,34.778659113037726,23,8,2023-09-01,0.22643921778481366,0.4263599730650386,25.16473562126994,41.53667351686312,53.74469109827018,41.27803591073017,0.5,47.511363504500174,median
Kirklareli,2023,10,0.2773419497387518,31.821913893217562,24,8,2023-10-01,0.1889990885525008,0.4107584921015044,18.62167950061002,31.821913893217562,39.837255950559644,0.0,0.5,19.918627975279822,median
Kirklareli,2023,11,0.29137326275437014,15.084467096616363,20,6,2023-11-01,0.1179888521854534,0.4392509358931702,-6.00568848203461,21.69468547897793,53.96977090102588,23.863282104657703,0.5,38.91652650284179,median
Kirklareli,2023,12,0.3776241102100818,9.384017975164143,13,3,2023-12-01,-0.1723046214984996,0.4688035523151335,-9.526207233348591,13.219116301476642,85.77783815129503,16.861040997902723,0.5,51.319439574598874,median
Kirklareli,2024,1,0.4142400671820352,8.872444981609831,13,6,2024-01-01,0.08280656317446525,0.4848393843955517,-6.425527477755391,11.321393126620919,82.43941452364847,13.799284955425945,0.5,48.119349739537206,median
Kirklareli,2024,2,0.4481306794115672,11.32618519121011,21,5,2024-02-01,0.17221483667620419,0.4811995652585391,-0.9936178652089842,16.160689652631596,89.29756625879327,28.18245187917713,0.5,58.7400090689852,median
Kirklareli,2024,3,0.5448618691610737,17.651080088067193,18,4,2024-03-01,0.1356268076122284,0.553370962776938,4.17891686043316,25.46283412441848,97.96308493831367,36.70261418263271,0.5,67.33284956047319,median
Kirklareli,2024,4,0.5821069874661378,29.86778238346341,19,5,2024-04-01,0.2841874076995908,0.6392300187860134,12.138782289043217,31.152163362631747,83.91093645208376,6.755142466231156,0.5,45.33303945915746,median
Kirklareli,2024,5,0.5035887526103537,27.14418648183168,19,5,2024-05-01,0.41585964725047597,0.6944512814826663,23.954489736990467,37.53170628805883,31.49021527572523,76.5069907160741,0.5,53.99860299589967,median
Kirklareli,2024,6,0.4206973572585086,42.33962556136952,22,7,2024-06-01,0.30126788062759263,0.528383243387792,29.05835330150456,45.33031971721313,52.58538003746407,18.379426797221395,0.5,35.48240341734273,median
Kirklareli,2024,7,0.3520314460433789,44.66207778112863,24,8,2024-07-01,0.2485369118494177,0.5420576872552342,29.544782826486994,48.64480564115659,35.2596963710223,20.85195341740147,0.5,28.055824894211888,median
Kirklareli,2024,8,0.29432486932350754,45.96482627922851,24,8,2024-08-01,0.23989712912246486,0.48503003458731925,31.684933185315188,45.96482627922851,22.203359478740477,0.0,0.5,11.101679739370239,median
Kirklareli,2024,9,0.2818964093327251,38.51593820286445,22,7,2024-09-01,0.22643921778481366,0.4263599730650386,25.16473562126994,41.53667351686312,27.73958685288988,18.450688814375237,0.5,23.095137833632556,median
Kirklareli,2024,10,0.2983265606224223,28.292977657556122,22,8,2024-10-01,0.1889990885525008,0.4107584921015044,18.62167950061002,31.821913893217562,49.300038834999256,26.73389070755995,0.5,38.0169647712796,median
Kirklareli,2024,11,0.29015544323623577,16.274613208559728,16,4,2024-11-01,0.1179888521854534,0.4392509358931702,-6.00568848203461,21.69468547897793,53.59069737199954,19.566783748287275,0.5,36.57874056014341,median
Kirklareli,2024,12,0.3209837945939257,12.384172518754454,11,3,2024-12-01,-0.1723046214984996,0.4688035523151335,-9.526207233348591,13.219116301476642,76.94308639961619,3.670837134691933,0.5,40.306961767154064,median
Luleburgaz,1985,1,,,3,0,1985-01-01,0.1350789039239206,0.558989609399955,-6.588228350323479,12.325756949266351,,,0.5,,median
Luleburgaz,1985,2,,,4,0,1985-02-01,0.1041037547321822,0.5772034390715698,-1.9261102242456576,18.67526333909204,,,0.5,,median
Luleburgaz,1985,3,0.334367196659031,16.844202927174674,7,1,1985-03-01,0.1487409101913046,0.6405415335333651,6.284947589173812,33.828881814826964,37.74421537050764,61.66395384372339,0.5,49.70408460711552,median
Luleburgaz,1985,4,0.3928846925893175,23.11937924449872,2,1,1985-04-01,0.3425612266851595,0.6820941305731657,11.1994325515289,34.00333933230437,14.821381176287133,47.72848877360448,0.5,31.274934974945808,median
Luleburgaz,1985,5,,,7,0,1985-05-01,0.43308762962076486,0.7102289967878541,21.10151109474418,38.55203439954386,,,0.5,,median
Luleburgaz,1985,6,,,5,0,1985-06-01,0.3409911048494393,0.5448500175709519,20.665396881359143,43.24732335614259,,,0.5,,median
Luleburgaz,1985,7,0.3936148498510329,33.42610043902006,10,2,1985-07-01,0.2861197837054355,0.525676930280443,29.38960752014221,46.93138124376206,44.872410480118866,76.98925443643851,0.5,60.93083245827869,median
Luleburgaz,1985,8,,,2,0,1985-08-01,0.18974322811437683,0.43365646877967057,30.05982308745959,48.39365705434462,,,0.5,,median
Luleburgaz,1985,9,0.2229703121984276,37.45850198817528,4,1,1985-09-01,0.18963386543807806,0.3446252064771623,24.782064321464777,44.39046628301203,21.50858656803484,35.35201036999635,0.5,28.430298469015597,median
Luleburgaz,1985,10,0.2326492544837978,26.666101426926588,2,1,1985-10-01,0.1841466817202477,0.3409058538431931,17.02123923135515,33.045756172758225,30.94081967051331,39.81183813003631,0.5,35.37632890027481,median
Luleburgaz,1985,11,0.1862056357462709,17.764863808908178,1,1,1985-11-01,0.1542789668362089,0.3815311043758902,3.3118755589346174,24.048050578478723,14.049007087771466,30.300606373396064,0.5,22.174806730583764,median
Luleburgaz,1985,12,,,2,0,1985-12-01,0.072314819731244,0.4991954063110664,-1.499755021406604,16.068034316042162,,,0.5,,median
Luleburgaz,1986,1,,,1,0,1986-01-01,0.1350789039239206,0.558989609399955,-6.588228350323479,12.325756949266351,,,0.5,,median
Luleburgaz,1986,2,,,4,0,1986-02-01,0.1041037547321822,0.5772034390715698,-1.9261102242456576,18.67526333909204,,,0.5,,median
Luleburgaz,1986,3,,,3,0,1986-03-01,0.1487409101913046,0.6405415335333651,6.284947589173812,33.828881814826964,,,0.5,,median
Luleburgaz,1986,4,0.5636351366191507,23.078502892957893,8,2,1986-04-01,0.3425612266851595,0.6820941305731657,11.1994325515289,34.00333933230437,65.11118875445182,47.90774030244903,0.5,56.50946452845042,median
Luleburgaz,1986,5,0.530616442619385,28.14529772023719,12,2,1986-05-01,0.43308762962076486,0.7102289967878541,21.10151109474418,38.55203439954386,35.190998007821676,59.635671077235536,0.5,47.4133345425286,median
Luleburgaz,1986,6,0.4124820884575784,33.0770593254832,6,1,1986-06-01,0.3409911048494393,0.5448500175709519,20.665396881359143,43.24732335614259,35.068853578063305,45.037185122430614,0.5,40.053019350246956,median
Luleburgaz,1986,7,0.3643251443603923,37.69656598902988,8,2,1986-07-01,0.2861197837054355,0.525676930280443,29.38960752014221,46.93138124376206,32.64580571820678,52.64470628929378,0.5,42.645256003750276,median
Luleburgaz,1986,8,0.24980892701558566,37.66136845397784,12,2,1986-08-01,0.18974322811437683,0.43365646877967057,30.05982308745959,48.39365705434462,24.62584595136148,58.538157483872006,0.5,41.58200171761674,median
Luleburgaz,1986,9,0.2418846729605216,39.87435743729813,12,1,1986-09-01,0.18963386543807806,0.3446252064771623,24.782064321464777,44.39046628301203,33.712081702207755,23.031498714531377,0.5,28.371790208369568,median
Luleburgaz,1986,10,,,8,0,1986-10-01,0.1841466817202477,0.3409058538431931,17.02123923135515,33.045756172758225,,,0.5,,median
Luleburgaz,1986,11,0.2528078785782919,15.008403404786238,6,1,1986-11-01,0.1542789668362089,0.3815311043758902,3.3118755589346174,24.048050578478723,43.35664905456765,43.59360955032692,0.5,43.475129302447286,median
Luleburgaz,1986,12,0.2778343873318478,7.786510227632864,6,1,1986-12-01,0.072314819731244,0.4991954063110664,-1.499755021406604,16.068034316042162,48.144510212383175,47.14038818051971,0.5,47.64244919645144,median
Luleburgaz,1987,1,,,7,0,1987-01-01,0.1350789039239206,0.558989609399955,-6.588228350323479,12.325756949266351,,,0.5,,median
Luleburgaz,1987,2,0.2452501336098622,2.2949735041263124,8,1,1987-02-01,0.1041037547321822,0.5772034390715698,-1.9261102242456576,18.67526333909204,29.834384496529445,79.51066847366027,0.5,54.67252648509486,median
Luleburgaz,1987,3,,,4,0,1987-03-01,0.1487409101913046,0.6405415335333651,6.284947589173812,33.828881814826964,,,0.5,,median
Luleburgaz,1987,4,0.5237555762665749,25.342278425888672,8,2,1987-04-01,0.3425612266851595,0.6820941305731657,11.1994325515289,34.00333933230437,53.36577029988874,37.980601261347424,0.5,45.673185780618084,median
Luleburgaz,1987,5,0.6230537529687853,26.58176641264987,11,1,1987-05-01,0.43308762962076486,0.7102289967878541,21.10151109474418,38.55203439954386,68.54484600759343,68.59546718350633,0.5,68.57015659554989,median
Luleburgaz,1987,6,0.5094836064554769,36.27999904562469,11,2,1987-06-01,0.3409911048494393,0.5448500175709519,20.665396881359143,43.24732335614259,82.6515256834572,30.853542625329577,0.5,56.75253415439339,median
Luleburgaz,1987,7,0.39513032767544387,36.76718711590399,10,2,1987-07-01,0.2861197837054355,0.525676930280443,29.38960752014221,46.93138124376206,45.505026891725876,57.94279579705257,0.5,51.72391134438922,median
Luleburgaz,1987,8,0.2962217219317532,38.04020286894152,12,2,1987-08-01,0.18974322811437683,0.43365646877967057,30.05982308745959,48.39365705434462,43.65424916127858,56.47184437310677,0.5,50.063046767192674,median
Luleburgaz,1987,9,0.2486606871152518,43.40242741199285,10,1,1987-09-01,0.18963386543807806,0.3446252064771623,24.782064321464777,44.39046628301203,38.08394796860871,5.038854634644659,0.5,21.561401301626685,median
Luleburgaz,1987,10,0.2307706428887177,22.01738815545676,9,1,1987-10-01,0.1841466817202477,0.3409058538431931,17.02123923135515,33.045756172758225,29.742413497758893,68.82184378867049,0.5,49.28212864321469,median
Luleburgaz,1987,11,0.2159491780990888,13.644278941122346,7,1,1987-11-01,0.1542789668362089,0.3815311043758902,3.3118755589346174,24.048050578478723,27.137351459284496,50.1720863541646,0.5,38.65471890672455,median
Luleburgaz,1987,12,,,4,0,1987-12-01,0.072314819731244,0.4991954063110664,-1.499755021406604,16.068034316042162,,,0.5,,median
Luleburgaz,1988,1,,,3,0,1988-01-01,0.1350789039239206,0.558989609399955,-6.588228350323479,12.325756949266351,,,0.5,,median
Luleburgaz,1988,2,0.325550418106992,6.015905883667739,4,1,1988-02-01,0.1041037547321822,0.5772034390715698,-1.9261102242456576,18.67526333909204,46.807611737054245,61.44909423880821,0.5,54.12835298793122,median
Luleburgaz,1988,3,0.4620735753411888,15.995235409948046,6,1,1988-03-01,0.1487409101913046,0.6405415335333651,6.284947589173812,33.828881814826964,63.71131923758319,64.74618425522335,0.5,64.22875174640328,median
Luleburgaz,1988,4,,,6,0,1988-04-01,0.3425612266851595,0.6820941305731657,11.1994325515289,34.00333933230437,,,0.5,,median
Luleburgaz,1988,5,0.5970419606581253,32.88279920252769,11,1,1988-05-01,0.43308762962076486,0.7102289967878541,21.10151109474418,38.55203439954386,59.15909729149599,32.487479590121346,0.5,45.82328844080867,median
Luleburgaz,1988,6,0.4658453751970476,32.218445497747034,11,1,1988-06-01,0.3409911048494393,0.5448500175709519,20.665396881359143,43.24732335614259,61.2454313038396,48.83940203556667,0.5,55.04241666970314,median
Luleburgaz,1988,7,0.4430395187784205,36.63174909391168,10,1,1988-07-01,0.2861197837054355,0.525676930280443,29.38960752014221,46.93138124376206,65.5040925793679,58.71488432199996,0.5,62.10948845068393,median
Luleburgaz,1988,8,0.336986511173802,36.11299658882378,10,1,1988-08-01,0.18974322811437683,0.43365646877967057,30.05982308745959,48.39365705434462,60.36707259425804,66.98359158102137,0.5,63.6753320876397,median
Luleburgaz,1988,9,0.2169540196181676,36.46955197059904,11,1,1988-09-01,0.18963386543807806,0.3446252064771623,24.782064321464777,44.39046628301203,17.626890635909913,40.39551171965045,0.5,29.01120117778018,median
Luleburgaz,1988,10,0.1841466817202477,20.59837257637149,9,1,1988-10-01,0.1841466817202477,0.3409058538431931,17.02123923135515,33.045756172758225,0.0,77.67712213668057,0.5,38.83856106834028,median
Luleburgaz,1988,11,,,4,0,1988-11-01,0.1542789668362089,0.3815311043758902,3.3118755589346174,24.048050578478723,,,0.5,,median
Luleburgaz,1988,12,,,4,0,1988-12-01,0.072314819731244,0.4991954063110664,-1.499755021406604,16.068034316042162,,,0.5,,median
Luleburgaz,1989,1,0.2277664229085521,2.28332048352988,9,1,1989-01-01,0.1350789039239206,0.558989609399955,-6.588228350323479,12.325756949266351,21.86486865920199,53.09529592345751,0.5,37.48008229132975,median
Luleburgaz,1989,2,0.2369739619992919,11.370673295745751,10,1,1989-02-01,0.1041037547321822,0.5772034390715698,-1.9261102242456576,18.67526333909204,28.08503401405624,35.45681078443028,0.5,31.77092239924326,median
Luleburgaz,1989,3,0.1867906885742574,11.474137387591425,7,1,1989-03-01,0.1487409101913046,0.6405415335333651,6.284947589173812,33.828881814826964,7.736830043927816,81.16031734644268,0.5,44.448573695185246,median
Luleburgaz,1989,4,0.5283301434591331,19.10699931106668,11,1,1989-04-01,0.3425612266851595,0.6820941305731657,11.1994325515289,34.00333933230437,54.7130821922487,65.32363144808086,0.5,60.01835682016478,median
Luleburgaz,1989,5,0.5514828644026754,29.546306675364004,6,1,1989-05-01,0.43308762962076486,0.7102289967878541,21.10151109474418,38.55203439954386,42.72015974812223,51.607207227435254,0.5,47.16368348777874,median
Luleburgaz,1989,6,0.4772074925471781,20.665396881359143,10,1,1989-06-01,0.3409911048494393,0.5448500175709519,20.665396881359143,43.24732335614259,66.81895134201034,100.0,0.5,83.40947567100517,median
Luleburgaz,1989,7,0.43877676564451484,34.9822527188512,8,2,1989-07-01,0.2861197837054355,0.525676930280443,29.38960752014221,46.93138124376206,63.724661994703226,68.11813168483333,0.5,65.92139683976828,median
Luleburgaz,1989,8,0.29657416416955373,37.42251844672833,11,2,1989-08-01,0.18974322811437683,0.43365646877967057,30.05982308745959,48.39365705434462,43.79874407956969,59.84094012977645,0.5,51.81984210467307,median
Luleburgaz,1989,9,0.21550894798338893,35.267581309061626,12,2,1989-09-01,0.18963386543807806,0.3446252064771623,24.782064321464777,44.39046628301203,16.694534270005406,46.5253873917961,0.5,31.609960830900754,median
Luleburgaz,1989,10,0.23354658941603626,24.36221381415914,6,2,1989-10-01,0.1841466817202477,0.3409058538431931,17.02123923135515,33.045756172758225,31.51324865191586,54.189105296292134,0.5,42.85117697410399,median
Luleburgaz,1989,11,,,5,0,1989-11-01,0.1542789668362089,0.3815311043758902,3.3118755589346174,24.048050578478723,,,0.5,,median
Luleburgaz,1989,12,,,3,0,1989-12-01,0.072314819731244,0.4991954063110664,-1.499755021406604,16.068034316042162,,,0.5,,median
Luleburgaz,1990,1,,,2,0,1990-01-01,0.1350789039239206,0.558989609399955,-6.588228350323479,12.325756949266351,,,0.5,,median
Luleburgaz,1990,2,0.3728866162043283,11.110729790939862,7,1,1990-02-01,0.1041037547321822,0.5772034390715698,-1.9261102242456576,18.67526333909204,56.813155951997906,36.71858832565445,0.5,46.76587213882618,median
Luleburgaz,1990,3,0.3645578569109287,6.284947589173812,10,1,1990-03-01,0.1487409101913046,0.6405415335333651,6.284947589173812,33.828881814826964,43.883016099700555,100.0,0.5,71.94150804985028,median
Luleburgaz,1990,4,,,4,0,1990-04-01,0.3425612266851595,0.6820941305731657,11.1994325515289,34.00333933230437,,,0.5,,median
Luleburgaz,1990,5,0.6003815216390984,22.81926179016012,12,2,1990-05-01,0.43308762962076486,0.7102289967878541,21.10151109474418,38.55203439954386,60.36410000008105,90.15645166959845,0.5,75.26027583483975,median
Luleburgaz,1990,6,0.4732971486384746,33.40075965279852,10,1,1990-06-01,0.3409911048494393,0.5448500175709519,20.665396881359143,43.24732335614259,64.90078948364443,43.60373644090741,0.5,54.25226296227592,median
Luleburgaz,1990,7,0.31912241492298465,38.97124313967636,12,2,1990-07-01,0.2861197837054355,0.525676930280443,29.38960752014221,46.93138124376206,13.776517081370278,45.37818255726011,0.5,29.577349819315195,median
Luleburgaz,1990,8,0.19380869092315278,36.50216553421271,10,2,1990-08-01,0.18974322811437683,0.43365646877967057,30.05982308745959,48.39365705434462,1.6667659359889875,64.86090984357438,0.5,33.26383788978168,median
Luleburgaz,1990,9,0.23168447433526615,40.02409372801297,10,2,1990-09-01,0.18963386543807806,0.3446252064771623,24.782064321464777,44.39046628301203,27.13094074499566,22.267865395464995,0.5,24.699403070230325,median
Luleburgaz,1990,10,0.24125684601431285,17.65942433862179,11,2,1990-10-01,0.1841466817202477,0.3409058538431931,17.02123923135515,33.045756172758225,36.4317848331541,96.0174455829134,0.5,66.22461520803375,median
Luleburgaz,1990,11,0.3054177702344608,11.298692313216558,10,1,1990-11-01,0.1542789668362089,0.3815311043758902,3.3118755589346174,24.048050578478723,66.50709869422505,61.48365478804907,0.5,63.995376741137065,median
Luleburgaz,1990,12,,,0,0,1990-12-01,0.072314819731244,0.4991954063110664,-1.499755021406604,16.068034316042162,,,0.5,,median
Luleburgaz,1991,1,,,5,0,1991-01-01,0.1350789039239206,0.558989609399955,-6.588228350323479,12.325756949266351,,,0.5,,median
Luleburgaz,1991,2,,,3,0,1991-02-01,0.1041037547321822,0.5772034390715698,-1.9261102242456576,18.67526333909204,,,0.5,,median
Luleburgaz,1991,3,,,6,0,1991-03-01,0.1487409101913046,0.6405415335333651,6.284947589173812,33.828881814826964,,,0.5,,median
Luleburgaz,1991,4,0.6820941305731657,25.210936872884865,9,1,1991-04-01,0.3425612266851595,0.6820941305731657,11.1994325515289,34.00333933230437,100.0,38.556562013452115,0.5,69.27828100672606,median
Luleburgaz,1991,5,0.7102289967878541,25.509972013447904,9,1,1991-05-01,0.43308762962076486,0.7102289967878541,21.10151109474418,38.55203439954386,100.0,74.73737124266526,0.5,87.36868562133263,median
Luleburgaz,1991,6,0.4697431964203687,32.00639956619182,10,2,1991-06-01,0.3409911048494393,0.5448500175709519,20.665396881359143,43.24732335614259,63.1574503425391,49.778409306677936,0.5,56.46792982460852,median
Luleburgaz,1991,7,0.3426993736954602,36.65429406474943,9,2,1991-07-01,0.2861197837054355,0.525676930280443,29.38960752014221,46.93138124376206,23.618410387230558,58.58636270729351,0.5,41.102386547262036,median
Luleburgaz,1991,8,0.2576395370351468,37.673676896961936,10,2,1991-08-01,0.18974322811437683,0.43365646877967057,30.05982308745959,48.39365705434462,27.83625388091976,58.47102235541866,0.5,43.15363811816921,median
Luleburgaz,1991,9,0.23523846585450076,36.61567570767775,8,2,1991-09-01,0.18963386543807806,0.3446252064771623,24.782064321464777,44.39046628301203,29.42396659754209,39.65030189905791,0.5,34.5371342483,median
Luleburgaz,1991,10,0.2187537434604665,25.128645919224084,8,1,1991-10-01,0.1841466817202477,0.3409058538431931,17.02123923135515,33.045756172758225,22.07657853224477,49.406233476395414,0.5,35.74140600432009,median
Luleburgaz,1991,11,,,9,0,1991-11-01,0.1542789668362089,0.3815311043758902,3.3118755589346174,24.048050578478723,,,0.5,,median
Luleburgaz,1991,12,0.2502079438228708,6.290959533114704,2,1,1991-12-01,0.072314819731244,0.4991954063110664,-1.499755021406604,16.068034316042162,41.67280726371533,55.65341543620369,0.5,48.66311134995951,median
Luleburgaz,1992,1,,,5,0,1992-01-01,0.1350789039239206,0.558989609399955,-6.588228350323479,12.325756949266351,,,0.5,,median
Luleburgaz,1992,2,,,10,0,1992-02-01,0.1041037547321822,0.5772034390715698,-1.9261102242456576,18.67526333909204,,,0.5,,median
Luleburgaz,1992,3,0.2920376459057263,18.80123282730303,7,1,1992-03-01,0.1487409101913046,0.6405415335333651,6.284947589173812,33.828881814826964,29.137160246085127,54.55883267949382,0.5,41.847996462789474,median
Luleburgaz,1992,4,0.4692350585730858,15.558793424916166,8,2,1992-04-01,0.3425612266851595,0.6820941305731657,11.1994325515289,34.00333933230437,37.308263922989106,80.88327182137769,0.5,59.0957678721834,median
Luleburgaz,1992,5,0.5695889330181702,28.576293958774016,11,1,1992-05-01,0.43308762962076486,0.7102289967878541,21.10151109474418,38.55203439954386,49.25331241333897,57.165852659708285,0.5,53.20958253652363,median
Luleburgaz,1992,6,0.44066846206815485,31.001095760852692,10,2,1992-06-01,0.3409911048494393,0.5448500175709519,20.665396881359143,43.24732335614259,48.895265793398366,54.230216403214705,0.5,51.56274109830653,median
Luleburgaz,1992,7,0.42411508805783005,29.38960752014221,11,2,1992-07-01,0.2861197837054355,0.525676930280443,29.38960752014221,46.93138124376206,57.604336303608015,100.0,0.5,78.80216815180401,median
Luleburgaz,1992,8,0.306942904806181,39.4035436982544,10,1,1992-08-01,0.18974322811437683,0.43365646877967057,30.05982308745959,48.39365705434462,48.0497394779112,49.03564291205188,0.5,48.54269119498154,median
Luleburgaz,1992,9,0.22924531152187688,31.12499494798019,12,2,1992-09-01,0.18963386543807806,0.3446252064771623,24.782064321464777,44.39046628301203,25.557199401100725,67.6519757247219,0.5,46.604587562911306,median
Luleburgaz,1992,10,0.2451186215819125,24.30485573362543,8,1,1992-10-01,0.1841466817202477,0.3409058538431931,17.02123923135515,33.045756172758225,38.895293357281076,54.54704482572351,0.5,46.72116909150229,median
Luleburgaz,1992,11,0.2863094115409884,11.063327872890746,9,1,1992-11-01,0.1542789668362089,0.3815311043758902,3.3118755589346174,24.048050578478723,58.098659107980964,62.6186974856728,0.5,60.35867829682688,median
Luleburgaz,1992,12,0.1824116395996528,3.437874946774856,8,1,1992-12-01,0.072314819731244,0.4991954063110664,-1.499755021406604,16.068034316042162,25.791011193670613,71.89384575749635,0.5,48.84242847558348,median
Luleburgaz,1993,1,,,4,0,1993-01-01,0.1350789039239206,0.558989609399955,-6.588228350323479,12.325756949266351,,,0.5,,median
Luleburgaz,1993,2,0.2969632354109169,9.052796288255243,9,2,1993-02-01,0.1041037547321822,0.5772034390715698,-1.9261102242456576,18.67526333909204,40.76508335617131,46.70789072026239,0.5,43.73648703821685,median
Luleburgaz,1993,3,,,8,0,1993-03-01,0.1487409101913046,0.6405415335333651,6.284947589173812,33.828881814826964,,,0.5,,median
Luleburgaz,1993,4,0.5294032166720427,19.32084577333942,7,2,1993-04-01,0.3425612266851595,0.6820941305731657,11.1994325515289,34.00333933230437,55.029126145757125,64.38586905355547,0.5,59.70749759965629,median
Luleburgaz,1993,5,0.6279191473251307,24.823335417549387,9,2,1993-05-01,0.43308762962076486,0.7102289967878541,21.10151109474418,38.55203439954386,70.30041011052,78.6721334495365,0.5,74.48627178002826,median
Luleburgaz,1993,6,0.5066310781563298,32.66811679422616,10,2,1993-06-01,0.3409911048494393,0.5448500175709519,20.665396881359143,43.24732335614259,81.25225975926196,46.8481135731706,0.5,64.05018666621628,median
Luleburgaz,1993,7,0.2870991453597047,44.87126188943459,9,1,1993-07-01,0.2861197837054355,0.525676930280443,29.38960752014221,46.93138124376206,0.4088217230298989,11.744076664000833,0.5,6.076449193515366,median
Luleburgaz,1993,8,0.18974322811437683,30.05982308745959,12,2,1993-08-01,0.18974322811437683,0.43365646877967057,30.05982308745959,48.39365705434462,0.0,100.0,0.5,50.0,median
Luleburgaz,1993,9,0.2275267624019231,43.13768867479408,10,1,1993-09-01,0.18963386543807806,0.3446252064771623,24.782064321464777,44.39046628301203,24.44839609090779,6.388983715627076,0.5,15.418689903267433,median
Luleburgaz,1993,10,0.1979314541727636,30.436421610125976,6,1,1993-10-01,0.1841466817202477,0.3409058538431931,17.02123923135515,33.045756172758225,8.793598655716655,16.28338983430087,0.5,12.538494245008764,median
Luleburgaz,1993,11,0.19333106380702586,14.714932071243787,7,2,1993-11-01,0.1542789668362089,0.3815311043758902,3.3118755589346174,24.048050578478723,17.184479492078676,45.00887216875028,0.5,31.096675830414476,median
Luleburgaz,1993,12,0.2054784194613257,7.394659304685755,5,1,1993-12-01,0.072314819731244,0.4991954063110664,-1.499755021406604,16.068034316042162,31.19457851128618,49.37089604591066,0.5,40.28273727859842,median
Luleburgaz,1994,1,0.1350789039239206,-6.588228350323479,8,2,1994-01-01,0.1350789039239206,0.558989609399955,-6.588228350323479,12.325756949266351,0.0,100.0,0.5,50.0,median
Luleburgaz,1994,2,,,0,0,1994-02-01,0.1041037547321822,0.5772034390715698,-1.9261102242456576,18.67526333909204,,,0.5,,median
Luleburgaz,1994,3,0.3074888714722225,6.401872053500033,7,1,1994-03-01,0.1487409101913046,0.6405415335333651,6.284947589173812,33.828881814826964,32.278926407643944,99.57549831709471,0.5,65.92721236236933,median
Luleburgaz,1994,4,0.5582583321896633,20.04023405644336,9,1,1994-04-01,0.3425612266851595,0.6820941305731657,11.1994325515289,34.00333933230437,63.52760013375632,61.231197838575724,0.5,62.379398986166024,median
Luleburgaz,1994,5,0.5013428095294392,31.457731572516693,12,2,1994-05-01,0.43308762962076486,0.7102289967878541,21.10151109474418,38.55203439954386,24.62829010564963,40.65381136779956,0.5,32.641050736724594,median
Luleburgaz,1994,6,,,4,0,1994-06-01,0.3409911048494393,0.5448500175709519,20.665396881359143,43.24732335614259,,,0.5,,median
Luleburgaz,1994,7,0.2883370459629279,42.02684024624287,10,1,1994-07-01,0.2861197837054355,0.525676930280443,29.38960752014221,46.93138124376206,0.9255671513845523,27.959207972881718,0.5,14.442387562133135,median
Luleburgaz,1994,8,0.2165618170894382,43.76558876194836,12,2,1994-08-01,0.18974322811437683,0.43365646877967057,30.05982308745959,48.39365705434462,10.995134541245662,25.243319541104068,0.5,18.119227041174867,median
Luleburgaz,1994,9,0.18963386543807806,37.831990709811876,12,2,1994-09-01,0.18963386543807806,0.3446252064771623,24.782064321464777,44.39046628301203,0.0,33.447272174762375,0.5,16.723636087381188,median
Luleburgaz,1994,10,,,4,0,1994-10-01,0.1841466817202477,0.3409058538431931,17.02123923135515,33.045756172758225,,,0.5,,median
Luleburgaz,1994,11,0.3180772106254538,5.351796293116592,3,1,1994-11-01,0.1542789668362089,0.3815311043758902,3.3118755589346174,24.048050578478723,72.07775713909115,90.1625023310262,0.5,81.12012973505867,median
Luleburgaz,1994,12,,,2,0,1994-12-01,0.072314819731244,0.4991954063110664,-1.499755021406604,16.068034316042162,,,0.5,,median
Luleburgaz,1995,1,0.4546717549375001,6.22948431729508,3,1,1995-01-01,0.1350789039239206,0.558989609399955,-6.588228350323479,12.325756949266351,75.39154989131255,32.23156059079455,0.5,53.811555241053554,median
Luleburgaz,1995,2,,,4,0,1995-02-01,0.1041037547321822,0.5772034390715698,-1.9261102242456576,18.67526333909204,,,0.5,,median
Luleburgaz,1995,3,,,6,0,1995-03-01,0.1487409101913046,0.6405415335333651,6.284947589173812,33.828881814826964,,,0.5,,median
Luleburgaz,1995,4,0.5932146535202243,18.611545050357904,9,1,1995-04-01,0.3425612266851595,0.6820941305731657,11.1994325515289,34.00333933230437,73.82301507889851,67.49630416364583,0.5,70.65965962127217,median
Luleburgaz,1995,5,0.6219368542826014,24.919696198046278,12,2,1995-05-01,0.43308762962076486,0.7102289967878541,21.10151109474418,38.55203439954386,68.1418391603657,78.11993923269954,0.5,73.13088919653262,median
Luleburgaz,1995,6,0.40743511765176466,34.97600848441256,12,2,1995-06-01,0.3409911048494393,0.5448500175709519,20.665396881359143,43.24732335614259,32.593136064201985,36.628030300985856,0.5,34.61058318259392,median
Luleburgaz,1995,7,0.40965339531793443,35.53640753014967,12,2,1995-07-01,0.2861197837054355,0.525676930280443,29.38960752014221,46.93138124376206,51.5674916731484,64.95907365552867,0.5,58.26328266433853,median
Luleburgaz,1995,8,0.3652595902798183,35.327221872229345,12,2,1995-08-01,0.18974322811437683,0.43365646877967057,30.05982308745959,48.39365705434462,71.95852168037534,71.26951845269329,0.5,71.61402006653432,median
Luleburgaz,1995,9,0.3179771852702457,36.74372030827914,6,1,1995-09-01,0.18963386543807806,0.3446252064771623,24.782064321464777,44.39046628301203,82.80676776633814,38.99729304676854,0.5,60.90203040655334,median
Luleburgaz,1995,10,0.2705227972160367,23.578632801714487,6,1,1995-10-01,0.1841466817202477,0.3409058538431931,17.02123923135515,33.045756172758225,55.101155693808266,59.078993804694456,0.5,57.09007474925136,median
Luleburgaz,1995,11,0.2791776880566169,3.3118755589346174,4,1,1995-11-01,0.1542789668362089,0.3815311043758902,3.3118755589346174,24.048050578478723,54.96041646631332,100.0,0.5,77.48020823315666,median
Luleburgaz,1995,12,,,2,0,1995-12-01,0.072314819731244,0.4991954063110664,-1.499755021406604,16.068034316042162,,,0.5,,median
Luleburgaz,1996,1,,,0,0,1996-01-01,0.1350789039239206,0.558989609399955,-6.588228350323479,12.325756949266351,,,0.5,,median
Luleburgaz,1996,2,0.1925478547596237,-1.9261102242456576,5,1,1996-02-01,0.1041037547321822,0.5772034390715698,-1.9261102242456576,18.67526333909204,18.694601361009223,99.99999999999999,0.5,59.3473006805046,median
Luleburgaz,1996,3,,,2,0,1996-03-01,0.1487409101913046,0.6405415335333651,6.284947589173812,33.828881814826964,,,0.5,,median
Luleburgaz,1996,4,0.3831529680801983,16.111520941994684,9,1,1996-04-01,0.3425612266851595,0.6820941305731657,11.1994325515289,34.00333933230437,11.955171628499322,78.45944364845916,0.5,45.207307638479236,median
Luleburgaz,1996,5,0.5825451642642551,32.99712050412013,10,2,1996-05-01,0.43308762962076486,0.7102289967878541,21.10151109474418,38.55203439954386,53.92826634696576,31.83236283748507,0.5,42.88031459222542,median
Luleburgaz,1996,6,0.4423692013026684,35.25877729684842,12,2,1996-06-01,0.3409911048494393,0.5448500175709519,20.665396881359143,43.24732335614259,49.72953848317616,35.37583947151158,0.5,42.55268897734387,median
Luleburgaz,1996,7,0.33553049897300274,38.49829718103713,12,2,1996-07-01,0.2861197837054355,0.525676930280443,29.38960752014221,46.93138124376206,20.625857326321213,48.074295083226694,0.5,34.350076204773956,median
Luleburgaz,1996,8,0.2586254488455319,44.24297485045462,10,2,1996-08-01,0.18974322811437683,0.43365646877967057,30.05982308745959,48.39365705434462,28.240459822219186,22.639466526134424,0.5,25.439963174176803,median
Luleburgaz,1996,9,0.313026741372631,29.33049342175697,9,1,1996-09-01,0.18963386543807806,0.3446252064771623,24.782064321464777,44.39046628301203,79.61275456248673,76.80367268474087,0.5,78.2082136236138,median
Luleburgaz,1996,10,0.2836632572610954,17.350681456957446,11,1,1996-10-01,0.1841466817202477,0.3409058538431931,17.02123923135515,33.045756172758225,63.48373380206256,97.94413630808985,0.5,80.7139350550762,median
Luleburgaz,1996,11,0.2317683495988289,12.861793478997814,8,1,1996-11-01,0.1542789668362089,0.3815311043758902,3.3118755589346174,24.048050578478723,34.09841755573775,53.94561479606398,0.5,44.02201617590086,median
Luleburgaz,1996,12,,,3,0,1996-12-01,0.072314819731244,0.4991954063110664,-1.499755021406604,16.068034316042162,,,0.5,,median
Luleburgaz,1997,1,0.3815982416073094,5.470889787091632,7,1,1997-01-01,0.1350789039239206,0.558989609399955,-6.588228350323479,12.325756949266351,58.15360039245946,36.24232045016644,0.5,47.19796042131295,median
Luleburgaz,1997,2,,,6,0,1997-02-01,0.1041037547321822,0.5772034390715698,-1.9261102242456576,18.67526333909204,,,0.5,,median
Luleburgaz,1997,3,0.3694971780014422,17.235581801756997,7,1,1997-03-01,0.1487409101913046,0.6405415335333651,6.284947589173812,33.828881814826964,44.887350144043175,60.24302801890854,0.5,52.56518908147586,median
Luleburgaz,1997,4,,,8,0,1997-04-01,0.3425612266851595,0.6820941305731657,11.1994325515289,34.00333933230437,,,0.5,,median
Luleburgaz,1997,5,0.5946380994661753,35.422552203155746,12,2,1997-05-01,0.43308762962076486,0.7102289967878541,21.10151109474418,38.55203439954386,58.2917200332678,17.93345759165493,0.5,38.11258881246137,median
Luleburgaz,1997,6,0.4237712252534022,40.04461893051767,10,1,1997-06-01,0.3409911048494393,0.5448500175709519,20.665396881359143,43.24732335614259,40.606574075594686,14.18260053765244,0.5,27.394587306623563,median
Luleburgaz,1997,7,0.3646698260291148,42.11827659985623,10,2,1997-07-01,0.2861197837054355,0.525676930280443,29.38960752014221,46.93138124376206,32.78968857607617,27.437958781927655,0.5,30.113823679001914,median
Luleburgaz,1997,8,0.2967338902132802,37.7041777855417,12,2,1997-08-01,0.18974322811437683,0.43365646877967057,30.05982308745959,48.39365705434462,43.864228857391026,58.30465841520377,0.5,51.084443636297394,median
Luleburgaz,1997,9,0.26518234414056885,32.98872041957874,12,2,1997-09-01,0.18963386543807806,0.3446252064771623,24.782064321464777,44.39046628301203,48.74367703124762,58.14724670471619,0.5,53.445461867981905,median
Luleburgaz,1997,10,,,9,0,1997-10-01,0.1841466817202477,0.3409058538431931,17.02123923135515,33.045756172758225,,,0.5,,median
Luleburgaz,1997,11,0.2481034823739921,19.296164990554427,8,1,1997-11-01,0.1542789668362089,0.3815311043758902,3.3118755589346174,24.048050578478723,41.286527182346155,22.915921492008934,0.5,32.10122433717754,median
Luleburgaz,1997,12,,,2,0,1997-12-01,0.072314819731244,0.4991954063110664,-1.499755021406604,16.068034316042162,,,0.5,,median
Luleburgaz,1998,1,0.3601783742162849,4.455021725652648,4,1,1998-01-01,0.1350789039239206,0.558989609399955,-6.588228350323479,12.325756949266351,53.10068072935002,41.61330940541859,0.5,47.356995067384304,median
Luleburgaz,1998,2,0.4348758661178827,8.434243938328542,10,1,1998-02-01,0.1041037547321822,0.5772034390715698,-1.9261102242456576,18.67526333909204,69.9159442153452,49.710371831655266,0.5,59.813158023500236,median
Luleburgaz,1998,3,,,5,0,1998-03-01,0.1487409101913046,0.6405415335333651,6.284947589173812,33.828881814826964,,,0.5,,median
Luleburgaz,1998,4,0.4171797537402912,11.1994325515289,9,1,1998-04-01,0.3425612266851595,0.6820941305731657,11.1994325515289,34.00333933230437,21.976817622289822,100.0,0.5,60.98840881114491,median
Luleburgaz,1998,5,0.5808103653246484,23.939750187574646,6,2,1998-05-01,0.43308762962076486,0.7102289967878541,21.10151109474418,38.55203439954386,53.302304601398994,83.73550727816956,0.5,68.51890593978428,median
Luleburgaz,1998,6,0.4682647747556421,35.358465417363455,12,2,1998-06-01,0.3409911048494393,0.5448500175709519,20.665396881359143,43.24732335614259,62.432232276284495,34.93438855886978,0.5,48.68331041757713,median
Luleburgaz,1998,7,0.39806862453108005,39.93819757551637,12,2,1998-07-01,0.2861197837054355,0.525676930280443,29.38960752014221,46.93138124376206,46.73158051270757,39.8658868733977,0.5,43.29873369305264,median
Luleburgaz,1998,8,0.276861457546757,38.8424449957423,11,2,1998-08-01,0.18974322811437683,0.43365646877967057,30.05982308745959,48.39365705434462,35.71689228299289,52.09609771668016,0.5,43.906494999836525,median
Luleburgaz,1998,9,0.25707270086313583,24.782064321464777,10,2,1998-09-01,0.18963386543807806,0.3446252064771623,24.782064321464777,44.39046628301203,43.5113568106051,100.0,0.5,71.75567840530255,median
Luleburgaz,1998,10,0.2943151663305361,17.02123923135515,9,1,1998-10-01,0.1841466817202477,0.3409058538431931,17.02123923135515,33.045756172758225,70.27881247285731,100.0,0.5,85.13940623642866,median
Luleburgaz,1998,11,0.3815311043758902,13.788710124680524,8,2,1998-11-01,0.1542789668362089,0.3815311043758902,3.3118755589346174,24.048050578478723,100.0,49.47556839257309,0.5,74.73778419628654,median
Luleburgaz,1998,12,,,6,0,1998-12-01,0.072314819731244,0.4991954063110664,-1.499755021406604,16.068034316042162,,,0.5,,median
Luleburgaz,1999,1,,,7,0,1999-01-01,0.1350789039239206,0.558989609399955,-6.588228350323479,12.325756949266351,,,0.5,,median
Luleburgaz,1999,2,,,8,0,1999-02-01,0.1041037547321822,0.5772034390715698,-1.9261102242456576,18.67526333909204,,,0.5,,median
Luleburgaz,1999,3,0.4564312908421496,15.735546083579464,6,2,1999-03-01,0.1487409101913046,0.6405415335333651,6.284947589173812,33.828881814826964,62.5640485284294,65.68900282370048,0.5,64.12652567606494,median
Luleburgaz,1999,4,0.5129558894600112,24.77623704505999,10,2,1999-04-01,0.3425612266851595,0.6820941305731657,11.1994325515289,34.00333933230437,50.18502207699312,40.46281356939753,0.5,45.32391782319533,median
Luleburgaz,1999,5,0.43308762962076486,25.85072406813895,12,2,1999-05-01,0.43308762962076486,0.7102289967878541,21.10151109474418,38.55203439954386,0.0,72.78469596330947,0.5,36.39234798165474,median
Luleburgaz,1999,6,0.3409911048494393,42.90433352116499,10,1,1999-06-01,0.3409911048494393,0.5448500175709519,20.665396881359143,43.24732335614259,0.0,1.5188687969584895,0.5,0.7594343984792448,median
Luleburgaz,1999,7,0.4408612204265041,38.97710367852466,18,3,1999-07-01,0.2861197837054355,0.525676930280443,29.38960752014221,46.93138124376206,64.59479040113614,45.344773513564576,0.5,54.96978195735036,median
Luleburgaz,1999,8,0.37069568140082,39.730111015040194,21,3,1999-08-01,0.18974322811437683,0.43365646877967057,30.05982308745959,48.39365705434462,74.18722033821544,47.25441527916482,0.5,60.72081780869013,median
Luleburgaz,1999,9,0.31007818431706746,34.56799062221256,19,4,1999-09-01,0.18963386543807806,0.3446252064771623,24.782064321464777,44.39046628301203,77.71035341168954,50.09319821197912,0.5,63.90177581183433,median
Luleburgaz,1999,10,0.2617508974673272,32.23033632186533,21,1,1999-10-01,0.1841466817202477,0.3409058538431931,17.02123923135515,33.045756172758225,49.50537483459974,5.08857679688345,0.5,27.296975815741597,median
Luleburgaz,1999,11,0.29288026890653984,14.236472720804993,19,2,1999-11-01,0.1542789668362089,0.3815311043758902,3.3118755589346174,24.048050578478723,60.99009829825221,47.316237678483105,0.5,54.153167988367656,median
Luleburgaz,1999,12,,,13,0,1999-12-01,0.072314819731244,0.4991954063110664,-1.499755021406604,16.068034316042162,,,0.5,,median
Luleburgaz,2000,1,0.3978736101909123,10.201965133834403,13,2,2000-01-01,0.1350789039239206,0.558989609399955,-6.588228350323479,12.325756949266351,61.9929392846741,11.228684921723003,0.5,36.610812103198555,median
Luleburgaz,2000,2,0.4429135075022545,12.379954159193524,14,1,2000-02-01,0.1041037547321822,0.5772034390715698,-1.9261102242456576,18.67526333909204,71.61487610019631,30.557715778241498,0.5,51.08629593921891,median
Luleburgaz,2000,3,0.397251953419675,17.218983803510294,15,1,2000-03-01,0.1487409101913046,0.6405415335333651,6.284947589173812,33.828881814826964,50.530851616168924,60.303288104162604,0.5,55.41706986016577,median
Luleburgaz,2000,4,0.3425612266851595,21.80086424318686,6,1,2000-04-01,0.3425612266851595,0.6820941305731657,11.1994325515289,34.00333933230437,0.0,53.51045856495362,0.5,26.75522928247681,median
Luleburgaz,2000,5,0.5912493790725775,24.891996759164364,20,4,2000-05-01,0.43308762962076486,0.7102289967878541,21.10151109474418,38.55203439954386,57.06897929692916,78.27867051197467,0.5,67.67382490445192,median
Luleburgaz,2000,6,0.4455051442094966,36.79627775245593,16,3,2000-06-01,0.3409911048494393,0.5448500175709519,20.665396881359143,43.24732335614259,51.2678292868322,28.567295225632527,0.5,39.917562256232365,median
Luleburgaz,2000,7,0.3104332062602755,45.815964753371304,20,4,2000-07-01,0.2861197837054355,0.525676930280443,29.38960752014221,46.93138124376206,10.149320486762113,6.3586300220533465,0.5,8.25397525440773,median
Luleburgaz,2000,8,0.2468556258844607,39.53989683314016,21,3,2000-08-01,0.18974322811437683,0.43365646877967057,30.05982308745959,48.39365705434462,23.41504610996313,48.29191884903242,0.5,35.85348247949777,median
Luleburgaz,2000,9,0.21705096413986819,38.36773178082257,21,2,2000-09-01,0.18963386543807806,0.3446252064771623,24.782064321464777,44.39046628301203,17.68943898283733,30.715070580459603,0.5,24.202254781648467,median
Luleburgaz,2000,10,0.24450115773576847,26.99370396601529,16,2,2000-10-01,0.1841466817202477,0.3409058538431931,17.02123923135515,33.045756172758225,38.50140007640833,37.76745488724248,0.5,38.134427481825405,median
Luleburgaz,2000,11,0.2106695909440124,21.478060905741675,20,3,2000-11-01,0.1542789668362089,0.3815311043758902,3.3118755589346174,24.048050578478723,24.814122638541495,12.393749909589403,0.5,18.603936274065447,median
Luleburgaz,2000,12,0.3227862114579155,11.792460622811918,19,1,2000-12-01,0.072314819731244,0.4991954063110664,-1.499755021406604,16.068034316042162,58.674814362830205,24.337573789754657,0.5,41.50619407629243,median
Luleburgaz,2001,1,0.37188685282345546,11.034851479694662,12,2,2001-01-01,0.1350789039239206,0.558989609399955,-6.588228350323479,12.325756949266351,55.86269604434953,6.825137321004915,0.5,31.343916682677225,median
Luleburgaz,2001,2,0.3631550090893055,8.453705465184035,12,1,2001-02-01,0.1041037547321822,0.5772034390715698,-1.9261102242456576,18.67526333909204,54.756167237534584,49.615904699181506,0.5,52.18603596835804,median
Luleburgaz,2001,3,0.376718523171578,14.684198077694369,17,1,2001-03-01,0.1487409101913046,0.6405415335333651,6.284947589173812,33.828881814826964,46.35569825654916,69.50598843393301,0.5,57.93084334524109,median
Luleburgaz,2001,4,0.6002165951930976,24.594923504232653,16,2,2001-04-01,0.3425612266851595,0.6820941305731657,11.1994325515289,34.00333933230437,75.88524280195384,41.25791215741751,0.5,58.57157747968567,median
Luleburgaz,2001,5,0.5910538797141924,26.0900780396668,16,3,2001-05-01,0.43308762962076486,0.7102289967878541,21.10151109474418,38.55203439954386,56.99843791208164,71.41308109911786,0.5,64.20575950559976,median
Luleburgaz,2001,6,0.378078259656367,42.05159857596633,22,3,2001-06-01,0.3409911048494393,0.5448500175709519,20.665396881359143,43.24732335614259,18.192559899302363,5.295052136103118,0.5,11.743806017702742,median
Luleburgaz,2001,7,0.2958411584298172,45.7597901517896,24,4,2001-07-01,0.2861197837054355,0.525676930280443,29.38960752014221,46.93138124376206,4.0580608273933585,6.678863326089549,0.5,5.368462076741453,median
Luleburgaz,2001,8,0.2210915279521803,42.97962197904565,20,3,2001-08-01,0.18974322811437683,0.43365646877967057,30.05982308745959,48.39365705434462,12.852233750122934,29.530294018577436,0.5,21.191263884350185,median
Luleburgaz,2001,9,0.2193674966943998,33.84036300241284,19,3,2001-09-01,0.18963386543807806,0.3446252064771623,24.782064321464777,44.39046628301203,19.18405961067451,53.80399331515286,0.5,36.49402646291368,median
Luleburgaz,2001,10,0.2193589018861078,30.008068804152032,21,1,2001-10-01,0.1841466817202477,0.3409058538431931,17.02123923135515,33.045756172758225,22.46262192444046,18.95649884307975,0.5,20.709560383760106,median
Luleburgaz,2001,11,0.25052260849962993,16.100553765205234,15,4,2001-11-01,0.1542789668362089,0.3815311043758902,3.3118755589346174,24.048050578478723,42.35103911689965,38.326725183322736,0.5,40.33888215011119,median
Luleburgaz,2001,12,0.072314819731244,-1.499755021406604,9,1,2001-12-01,0.072314819731244,0.4991954063110664,-1.499755021406604,16.068034316042162,0.0,100.0,0.5,50.0,median
Luleburgaz,2002,1,0.2067017062964257,6.715569376004863,19,3,2002-01-01,0.1350789039239206,0.558989609399955,-6.588228350323479,12.325756949266351,16.89572861626026,29.661583660970443,0.5,23.278656138615354,median
Luleburgaz,2002,2,0.30985452465651386,17.583731629381234,19,2,2002-02-01,0.1041037547321822,0.5772034390715698,-1.9261102242456576,18.67526333909204,43.48994022509899,5.298344337842124,0.5,24.394142281470558,median
Luleburgaz,2002,3,0.1487409101913046,33.828881814826964,11,2,2002-03-01,0.1487409101913046,0.6405415335333651,6.284947589173812,33.828881814826964,0.0,0.0,0.5,0.0,median
Luleburgaz,2002,4,0.5116646998359945,19.410357756200373,9,2,2002-04-01,0.3425612266851595,0.6820941305731657,11.1994325515289,34.00333933230437,49.80473798398438,63.99333989738292,0.5,56.89903894068365,median
Luleburgaz,2002,5,0.5371083410439801,35.40679651310055,16,3,2002-05-01,0.43308762962076486,0.7102289967878541,21.10151109474418,38.55203439954386,37.533448177189975,18.023745371453835,0.5,27.778596774321905,median
Luleburgaz,2002,6,0.4499540330158473,37.06044192938283,17,3,2002-06-01,0.3409911048494393,0.5448500175709519,20.665396881359143,43.24732335614259,53.450166446860244,27.39749167843788,0.5,40.42382906264906,median
Luleburgaz,2002,7,0.4027188081324864,43.63403577681881,20,3,2002-07-01,0.2861197837054355,0.525676930280443,29.38960752014221,46.93138124376206,48.67273888259588,18.79710409502889,0.5,33.73492148881238,median
Luleburgaz,2002,8,0.3647470802025159,36.59383890311917,10,2,2002-08-01,0.18974322811437683,0.43365646877967057,30.05982308745959,48.39365705434462,71.74840185420088,64.3608869401705,0.5,68.05464439718568,median
Luleburgaz,2002,9,0.3446252064771623,26.46271045174389,11,1,2002-09-01,0.18963386543807806,0.3446252064771623,24.782064321464777,44.39046628301203,100.0,91.42894901086319,0.5,95.7144745054316,median
Luleburgaz,2002,10,0.3409058538431931,26.180096266566213,10,2,2002-10-01,0.1841466817202477,0.3409058538431931,17.02123923135515,33.045756172758225,100.0,42.84472306589772,0.5,71.42236153294886,median
Luleburgaz,2002,11,0.3168485574012576,17.63322727550966,9,1,2002-11-01,0.1542789668362089,0.3815311043758902,3.3118755589346174,24.048050578478723,71.53710073977274,30.935422260484444,0.5,51.23626150012859,median
Luleburgaz,2002,12,0.4489947182995933,2.511867737408973,7,1,2002-12-01,0.072314819731244,0.4991954063110664,-1.499755021406604,16.068034316042162,88.24010985983641,77.16489717767668,0.5,82.70250351875654,median
Luleburgaz,2003,1,,,7,0,2003-01-01,0.1350789039239206,0.558989609399955,-6.588228350323479,12.325756949266351,,,0.5,,median
Luleburgaz,2003,2,0.319715110698399,0.4072338623030458,7,1,2003-02-01,0.1041037547321822,0.5772034390715698,-1.9261102242456576,18.67526333909204,45.57419146607243,88.67384216215014,0.5,67.12401681411129,median
Luleburgaz,2003,3,0.42512806299221817,21.013796692999826,9,2,2003-03-01,0.1487409101913046,0.6405415335333651,6.284947589173812,33.828881814826964,56.199024499543775,46.525979247698594,0.5,51.362501873621184,median
Luleburgaz,2003,4,0.5438148807136441,27.736049619881243,11,1,2003-04-01,0.3425612266851595,0.6820941305731657,11.1994325515289,34.00333933230437,59.2736820861602,27.483403491662592,0.5,43.378542788911396,median
Luleburgaz,2003,5,0.5711507504717261,37.89093458713693,8,2,2003-05-01,0.43308762962076486,0.7102289967878541,21.10151109474418,38.55203439954386,49.816857823221554,3.7884239965748874,0.5,26.80264090989822,median
Luleburgaz,2003,6,0.3937672237357794,43.023223968673314,2,1,2003-06-01,0.3409911048494393,0.5448500175709519,20.665396881359143,43.24732335614259,25.88855114636879,0.9923838327944182,0.5,13.440467489581604,median
Luleburgaz,2003,7,0.3059504507717834,40.9505230231193,14,2,2003-07-01,0.2861197837054355,0.525676930280443,29.38960752014221,46.93138124376206,8.278052794446161,34.094945670115344,0.5,21.186499232280752,median
Luleburgaz,2003,8,0.28543870111996444,42.76897608775319,14,2,2003-08-01,0.18974322811437683,0.43365646877967057,30.05982308745959,48.39365705434462,39.23340641310419,30.679240232844123,0.5,34.95632332297416,median
Luleburgaz,2003,9,0.2419849806720917,34.12396968216627,17,3,2003-09-01,0.18963386543807806,0.3446252064771623,24.782064321464777,44.39046628301203,33.77679997027204,52.35764046952277,0.5,43.06722021989741,median
Luleburgaz,2003,10,0.2267557941812338,27.346515192851875,13,1,2003-10-01,0.1841466817202477,0.3409058538431931,17.02123923135515,33.045756172758225,27.181256371759847,35.56575839850143,0.5,31.373507385130637,median
Luleburgaz,2003,11,0.1542789668362089,14.704388436509603,8,1,2003-11-01,0.1542789668362089,0.3815311043758902,3.3118755589346174,24.048050578478723,0.0,45.059718743512725,0.5,22.529859371756363,median
Luleburgaz,2003,12,0.3709906447276541,7.769204598144109,4,1,2003-12-01,0.072314819731244,0.4991954063110664,-1.499755021406604,16.068034316042162,69.96706675967816,47.23889590483459,0.5,58.60298133225638,median
Luleburgaz,2004,1,0.1673501029864572,0.1870928308486185,7,1,2004-01-01,0.1350789039239206,0.558989609399955,-6.588228350323479,12.325756949266351,7.6127350986093525,64.17824655220058,0.5,35.89549082540496,median
Luleburgaz,2004,2,0.43765169416536975,11.09238019184164,8,2,2004-02-01,0.1041037547321822,0.5772034390715698,-1.9261102242456576,18.67526333909204,70.50267638604261,36.80765811045209,0.5,53.65516724824735,median
Luleburgaz,2004,3,0.4761113217483878,14.557919475566996,14,3,2004-03-01,0.1487409101913046,0.6405415335333651,6.284947589173812,33.828881814826964,66.56567641830505,69.96445090735034,0.5,68.26506366282769,median
Luleburgaz,2004,4,0.5538197180667761,25.071305032270526,13,2,2004-04-01,0.3425612266851595,0.6820941305731657,11.1994325515289,34.00333933230437,62.22032944745158,39.168877446753456,0.5,50.69460344710252,median
Luleburgaz,2004,5,0.5730904441813118,28.989016577943342,12,2,2004-05-01,0.43308762962076486,0.7102289967878541,21.10151109474418,38.55203439954386,50.516751068828675,54.80075098361236,0.5,52.658751026220514,median
Luleburgaz,2004,6,0.5312479588396016,32.341584742694124,16,2,2004-06-01,0.3409911048494393,0.5448500175709519,20.665396881359143,43.24732335614259,93.32770956650214,48.29410203609764,0.5,70.8109058012999,median
Luleburgaz,2004,7,0.3938515997570844,37.60530207994792,19,4,2004-07-01,0.2861197837054355,0.525676930280443,29.38960752014221,46.93138124376206,44.971238634250916,53.164972429536334,0.5,49.06810553189362,median
Luleburgaz,2004,8,0.3015351851015186,42.472235155661565,15,4,2004-08-01,0.18974322811437683,0.43365646877967057,30.05982308745959,48.39365705434462,45.83267258563737,32.297782937155745,0.5,39.06522776139656,median
Luleburgaz,2004,9,0.252424202876359,37.667614968449584,18,3,2004-09-01,0.18963386543807806,0.3446252064771623,24.782064321464777,44.39046628301203,40.51215830337715,34.28556456434434,0.5,37.398861433860745,median
Luleburgaz,2004,10,0.234306316619188,29.908126866078582,9,1,2004-10-01,0.1841466817202477,0.3409058538431931,17.02123923135515,33.045756172758225,31.997894744940574,19.580180283455817,0.5,25.789037514198196,median
Luleburgaz,2004,11,0.24427222114268388,9.280735004735991,10,2,2004-11-01,0.1542789668362089,0.3815311043758902,3.3118755589346174,24.048050578478723,39.60061950605896,71.21523405268498,0.5,55.40792677937197,median
Luleburgaz,2004,12,0.2040867168104082,16.068034316042162,9,3,2004-12-01,0.072314819731244,0.4991954063110664,-1.499755021406604,16.068034316042162,30.8685616591103,0.0,0.5,15.43428082955515,median
Luleburgaz,2005,1,0.18865354873920115,9.715954870977907,13,2,2005-01-01,0.1350789039239206,0.558989609399955,-6.588228350323479,12.325756949266351,12.638191044295144,13.798266398911924,0.5,13.218228721603534,median
Luleburgaz,2005,2,,,8,0,2005-02-01,0.1041037547321822,0.5772034390715698,-1.9261102242456576,18.67526333909204,,,0.5,,median
Luleburgaz,2005,3,0.3578668315246692,22.3528722996557,14,3,2005-03-01,0.1487409101913046,0.6405415335333651,6.284947589173812,33.828881814826964,42.52250025879124,41.66438033562771,0.5,42.093440297209476,median
Luleburgaz,2005,4,0.5162188856282833,26.27422675098626,14,3,2005-04-01,0.3425612266851595,0.6820941305731657,11.1994325515289,34.00333933230437,51.14604710016683,33.893808879424284,0.5,42.51992798979556,median
Luleburgaz,2005,5,0.5265817772185882,34.2363868368881,10,2,2005-05-01,0.43308762962076486,0.7102289967878541,21.10151109474418,38.55203439954386,33.735183077687395,24.73076301080758,0.5,29.232973044247487,median
Luleburgaz,2005,6,0.46826391654012167,35.24559045728061,20,4,2005-06-01,0.3409911048494393,0.5448500175709519,20.665396881359143,43.24732335614259,62.431811291246866,35.43423501886461,0.5,48.933023155055736,median
Luleburgaz,2005,7,0.43004733607674117,37.72353913595134,16,4,2005-07-01,0.2861197837054355,0.525676930280443,29.38960752014221,46.93138124376206,60.080675708933875,52.49094106950221,0.5,56.28580838921805,median
Luleburgaz,2005,8,0.2972178592403374,42.02209623466323,19,3,2005-08-01,0.18974322811437683,0.43365646877967057,30.05982308745959,48.39365705434462,44.062647371177775,34.75301909676854,0.5,39.40783323397316,median
Luleburgaz,2005,9,0.2722326920294639,38.57321067048807,16,3,2005-09-01,0.18963386543807806,0.3446252064771623,24.782064321464777,44.39046628301203,53.29254269150224,29.66715810871174,0.5,41.47985040010699,median
Luleburgaz,2005,10,0.2701929296011544,24.946088138972613,11,2,2005-10-01,0.1841466817202477,0.3409058538431931,17.02123923135515,33.045756172758225,54.89072614738042,50.54547393474452,0.5,52.71810004106247,median
Luleburgaz,2005,11,0.2403306137186512,19.6792644824848,5,1,2005-11-01,0.1542789668362089,0.3815311043758902,3.3118755589346174,24.048050578478723,37.866155105985094,21.068427961648116,0.5,29.467291533816606,median
Luleburgaz,2005,12,,,4,0,2005-12-01,0.072314819731244,0.4991954063110664,-1.499755021406604,16.068034316042162,,,0.5,,median
Luleburgaz,2006,1,,,2,0,2006-01-01,0.1350789039239206,0.558989609399955,-6.588228350323479,12.325756949266351,,,0.5,,median
Luleburgaz,2006,2,0.1041037547321822,1.3948502802130989,10,1,2006-02-01,0.1041037547321822,0.5772034390715698,-1.9261102242456576,18.67526333909204,0.0,83.8799073554554,0.5,41.9399536777277,median
Luleburgaz,2006,3,0.3749488353023275,15.11077371477884,8,2,2006-03-01,0.1487409101913046,0.6405415335333651,6.284947589173812,33.828881814826964,45.995859780293365,67.95727853072978,0.5,56.97656915551157,median
Luleburgaz,2006,4,0.4686458039657018,28.914896988884863,7,3,2006-04-01,0.3425612266851595,0.6820941305731657,11.1994325515289,34.00333933230437,37.13471532117868,22.313906087834265,0.5,29.724310704506472,median
Luleburgaz,2006,5,0.5177185971079948,38.55203439954386,13,3,2006-05-01,0.43308762962076486,0.7102289967878541,21.10151109474418,38.55203439954386,30.537111205129385,0.0,0.5,15.268555602564692,median
Luleburgaz,2006,6,0.3724565217672892,31.25405576091364,16,3,2006-06-01,0.3409911048494393,0.5448500175709519,20.665396881359143,43.24732335614259,15.434898821830851,53.11002853818281,0.5,34.27246368000683,median
Luleburgaz,2006,7,0.4332305369809336,38.10852821737731,18,2,2006-07-01,0.2861197837054355,0.525676930280443,29.38960752014221,46.93138124376206,61.40946132426752,50.29624236062771,0.5,55.85285184244761,median
Luleburgaz,2006,8,0.307049935380687,45.7322082449012,22,3,2006-08-01,0.18974322811437683,0.43365646877967057,30.05982308745959,48.39365705434462,48.0936200701308,14.51659709720611,0.5,31.305108583668453,median
Luleburgaz,2006,9,0.2715417645425887,40.96792259110004,19,3,2006-09-01,0.18963386543807806,0.3446252064771623,24.782064321464777,44.39046628301203,52.8467581191235,17.454475375523792,0.5,35.150616747323646,median
Luleburgaz,2006,10,0.2549166649326901,24.30525148906764,9,1,2006-10-01,0.1841466817202477,0.3409058538431931,17.02123923135515,33.045756172758225,45.14567297978448,54.54457513853321,0.5,49.84512405915885,median
Luleburgaz,2006,11,0.2867295879111944,13.646467513006325,12,2,2006-11-01,0.1542789668362089,0.3815311043758902,3.3118755589346174,24.048050578478723,58.283553461343274,50.16153198778837,0.5,54.22254272456583,median
Luleburgaz,2006,12,0.2282451864300318,13.930355061479611,18,1,2006-12-01,0.072314819731244,0.4991954063110664,-1.499755021406604,16.068034316042162,36.52786554387625,12.168174455540173,0.5,24.348019999708214,median
Luleburgaz,2007,1,0.1604679631335394,8.51165710571431,13,1,2007-01-01,0.1350789039239206,0.558989609399955,-6.588228350323479,12.325756949266351,5.989246999815188,20.16550072942456,0.5,13.077373864619874,median
Luleburgaz,2007,2,0.5130229511430731,8.347109768639225,14,1,2007-02-01,0.1041037547321822,0.5772034390715698,-1.9261102242456576,18.67526333909204,86.43404549759633,50.1333250363114,0.5,68.28368526695387,median
Luleburgaz,2007,3,0.5628987448306109,17.797079875319582,15,2,2007-03-01,0.1487409101913046,0.6405415335333651,6.284947589173812,33.828881814826964,84.21254772409031,58.204473653498994,0.5,71.20851068879466,median
Luleburgaz,2007,4,0.6021197202541194,27.647342647869408,12,2,2007-04-01,0.3425612266851595,0.6820941305731657,11.1994325515289,34.00333933230437,76.4457555060921,27.872402503387274,0.5,52.15907900473969,median
Luleburgaz,2007,5,0.542872244517239,35.51663518534673,18,2,2007-05-01,0.43308762962076486,0.7102289967878541,21.10151109474418,38.55203439954386,39.613218343649415,17.394316268797834,0.5,28.503767306223622,median
Luleburgaz,2007,6,0.4189716405578386,43.24732335614259,18,1,2007-06-01,0.3409911048494393,0.5448500175709519,20.665396881359143,43.24732335614259,38.25220819014516,0.0,0.5,19.12610409507258,median
Luleburgaz,2007,7,0.2861197837054355,44.9283004608465,20,3,2007-07-01,0.2861197837054355,0.525676930280443,29.38960752014221,46.93138124376206,0.0,11.418918146335619,0.5,5.709459073167809,median
Luleburgaz,2007,8,0.23003956812111348,46.82043093237482,20,4,2007-08-01,0.18974322811437683,0.43365646877967057,30.05982308745959,48.39365705434462,16.52076775201913,8.580999068778512,0.5,12.550883410398821,median
Luleburgaz,2007,9,0.22411986842755494,31.596476356909402,9,2,2007-09-01,0.18963386543807806,0.3446252064771623,24.782064321464777,44.39046628301203,22.250277182117237,65.24748906714622,0.5,43.74888312463173,median
Luleburgaz,2007,10,0.2463098280243745,29.031426361940404,5,1,2007-10-01,0.1841466817202477,0.3409058538431931,17.02123923135515,33.045756172758225,39.6551892066466,25.05117518048774,0.5,32.353182193567164,median
Luleburgaz,2007,11,,,6,0,2007-11-01,0.1542789668362089,0.3815311043758902,3.3118755589346174,24.048050578478723,,,0.5,,median
Luleburgaz,2007,12,,,2,0,2007-12-01,0.072314819731244,0.4991954063110664,-1.499755021406604,16.068034316042162,,,0.5,,median
Luleburgaz,2008,1,,,6,0,2008-01-01,0.1350789039239206,0.558989609399955,-6.588228350323479,12.325756949266351,,,0.5,,median
Luleburgaz,2008,2,0.3205676019710419,16.72280291905047,8,1,2008-02-01,0.1041037547321822,0.5772034390715698,-1.9261102242456576,18.67526333909204,45.75438420364174,9.47733127618335,0.5,27.615857739912546,median
Luleburgaz,2008,3,0.4679587193991185,22.174631728605572,12,2,2008-03-01,0.1487409101913046,0.6405415335333651,6.284947589173812,33.828881814826964,64.90797165699999,42.31149403256692,0.5,53.60973284478345,median
Luleburgaz,2008,4,0.6111027578053787,24.534643933533623,7,3,2008-04-01,0.3425612266851595,0.6820941305731657,11.1994325515289,34.00333933230437,79.09146007504378,41.522250944970565,0.5,60.306855510007175,median
Luleburgaz,2008,5,0.5081461325923762,35.630171815909385,17,2,2008-05-01,0.43308762962076486,0.7102289967878541,21.10151109474418,38.55203439954386,27.083110594008996,16.74369606343454,0.5,21.91340332872177,median
Luleburgaz,2008,6,0.4251352265612708,36.2264374861721,17,2,2008-06-01,0.3409911048494393,0.5448500175709519,20.665396881359143,43.24732335614259,41.275664913792134,31.090730358238016,0.5,36.18319763601507,median
Luleburgaz,2008,7,0.31657216933868965,41.603149471157394,17,4,2008-07-01,0.2861197837054355,0.525676930280443,29.38960752014221,46.93138124376206,12.711950392061972,30.374532567537617,0.5,21.543241479799796,median
Luleburgaz,2008,8,0.2617175844631809,48.39365705434462,17,3,2008-08-01,0.18974322811437683,0.43365646877967057,30.05982308745959,48.39365705434462,29.50817928230874,0.0,0.5,14.75408964115437,median
Luleburgaz,2008,9,0.2419467759061139,36.54466239044091,13,1,2008-09-01,0.18963386543807806,0.3446252064771623,24.782064321464777,44.39046628301203,33.75215035712483,40.012459495460206,0.5,36.88230492629252,median
Luleburgaz,2008,10,,,5,0,2008-10-01,0.1841466817202477,0.3409058538431931,17.02123923135515,33.045756172758225,,,0.5,,median
Luleburgaz,2008,11,0.2356746922842975,24.048050578478723,5,1,2008-11-01,0.1542789668362089,0.3815311043758902,3.3118755589346174,24.048050578478723,35.81736406500282,0.0,0.5,17.90868203250141,median
Luleburgaz,2008,12,0.3161548866575481,6.175552137219039,4,1,2008-12-01,0.072314819731244,0.4991954063110664,-1.499755021406604,16.068034316042162,57.12137646735276,56.31034155069013,0.5,56.71585900902144,median
Luleburgaz,2009,1,,,6,0,2009-01-01,0.1350789039239206,0.558989609399955,-6.588228350323479,12.325756949266351,,,0.5,,median
Luleburgaz,2009,2,0.34328871568839425,7.769896883952642,9,2,2009-02-01,0.1041037547321822,0.5772034390715698,-1.9261102242456576,18.67526333909204,50.55699018066304,52.93514251179174,0.5,51.746066346227394,median
Luleburgaz,2009,3,0.5409281154724278,19.41486486082893,5,1,2009-03-01,0.1487409101913046,0.6405415335333651,6.284947589173812,33.828881814826964,79.74516230093236,52.33100266618223,0.5,66.0380824835573,median
Luleburgaz,2009,4,0.549857794381877,19.224683767896988,12,1,2009-04-01,0.3425612266851595,0.6820941305731657,11.1994325515289,34.00333933230437,61.05345470879416,64.80755997856619,0.5,62.930507343680176,median
Luleburgaz,2009,5,0.5892041112603017,35.1912522159562,22,4,2009-05-01,0.43308762962076486,0.7102289967878541,21.10151109474418,38.55203439954386,56.330992098127965,19.25891920194332,0.5,37.79495565003565,median
Luleburgaz,2009,6,0.393626009533229,41.86611022800585,20,3,2009-06-01,0.3409911048494393,0.5448500175709519,20.665396881359143,43.24732335614259,25.819280590244873,6.116453924686606,0.5,15.96786725746574,median
Luleburgaz,2009,7,0.38180915310487484,38.824796965537956,23,4,2009-07-01,0.2861197837054355,0.525676930280443,29.38960752014221,46.93138124376206,39.94427666530838,46.2130250107414,0.5,43.078650838024885,median
Luleburgaz,2009,8,0.2679236752265809,41.17791236664111,23,4,2009-08-01,0.18974322811437683,0.43365646877967057,30.05982308745959,48.39365705434462,32.05256381283786,39.357532640127246,0.5,35.70504822648255,median
Luleburgaz,2009,9,0.2708147546566154,30.214714285214235,17,3,2009-09-01,0.18963386543807806,0.3446252064771623,24.782064321464777,44.39046628301203,52.37769327904965,72.29427479912403,0.5,62.33598403908684,median
Luleburgaz,2009,10,0.3200901241660587,23.9752746351694,17,3,2009-10-01,0.1841466817202477,0.3409058538431931,17.02123923135515,33.045756172758225,86.72120463815111,56.60377514502869,0.5,71.6624898915899,median
Luleburgaz,2009,11,,,14,0,2009-11-01,0.1542789668362089,0.3815311043758902,3.3118755589346174,24.048050578478723,,,0.5,,median
Luleburgaz,2009,12,,,5,0,2009-12-01,0.072314819731244,0.4991954063110664,-1.499755021406604,16.068034316042162,,,0.5,,median
Luleburgaz,2010,1,,,2,0,2010-01-01,0.1350789039239206,0.558989609399955,-6.588228350323479,12.325756949266351,,,0.5,,median
Luleburgaz,2010,2,0.15318783174333525,8.561551336921083,8,2,2010-02-01,0.1041037547321822,0.5772034390715698,-1.9261102242456576,18.67526333909204,10.3749967788906,49.09241595506703,0.5,29.733706366978815,median
Luleburgaz,2010,3,0.4594740950774761,15.432483652046884,9,3,2010-03-01,0.1487409101913046,0.6405415335333651,6.284947589173812,33.828881814826964,63.18275539680401,66.78929020113083,0.5,64.98602279896741,median
Luleburgaz,2010,4,0.5222609062823952,23.0053903607657,17,3,2010-04-01,0.3425612266851595,0.6820941305731657,11.1994325515289,34.00333933230437,52.925556710258945,48.22835436606128,0.5,50.576955538160114,median
Luleburgaz,2010,5,0.5330861427956093,33.61867433163496,21,4,2010-05-01,0.43308762962076486,0.7102289967878541,21.10151109474418,38.55203439954386,36.082131728301334,28.27055660016796,0.5,32.17634416423465,median
Luleburgaz,2010,6,0.3987535349897713,37.62591169939732,14,2,2010-06-01,0.3409911048494393,0.5448500175709519,20.665396881359143,43.24732335614259,28.3345130066695,24.893410502520798,0.5,26.61396175459515,median
Luleburgaz,2010,7,0.46673242022487793,38.27487893430351,20,4,2010-07-01,0.2861197837054355,0.525676930280443,29.38960752014221,46.93138124376206,75.39438463919545,49.347930522001,0.5,62.37115758059822,median
Luleburgaz,2010,8,0.3120093735129456,38.15518717061491,14,3,2010-08-01,0.18974322811437683,0.43365646877967057,30.05982308745959,48.39365705434462,50.12689965705743,55.844674399379095,0.5,52.98578702821826,median
Luleburgaz,2010,9,0.2862621456722324,39.37098693513499,14,3,2010-09-01,0.18963386543807806,0.3446252064771623,24.782064321464777,44.39046628301203,62.3443087764416,25.59861511264618,0.5,43.97146194454389,median
Luleburgaz,2010,10,0.23429407023923438,27.084824130270416,13,2,2010-10-01,0.1841466817202477,0.3409058538431931,17.02123923135515,33.045756172758225,31.990082519481756,37.19882517697835,0.5,34.59445384823005,median
Luleburgaz,2010,11,0.2829713288633204,19.63457097673464,10,1,2010-11-01,0.1542789668362089,0.3815311043758902,3.3118755589346174,24.048050578478723,56.629769656023605,21.283961953370486,0.5,38.956865804697046,median
Luleburgaz,2010,12,,,5,0,2010-12-01,0.072314819731244,0.4991954063110664,-1.499755021406604,16.068034316042162,,,0.5,,median
Luleburgaz,2011,1,0.4484323284382094,3.5209250842551403,7,1,2011-01-01,0.1350789039239206,0.558989609399955,-6.588228350323479,12.325756949266351,73.91967706085784,46.551965255054704,0.5,60.235821157956266,median
Luleburgaz,2011,2,0.4428815558757603,12.102278106696295,11,2,2011-02-01,0.1041037547321822,0.5772034390715698,-1.9261102242456576,18.67526333909204,71.60812242278924,31.90556790879741,0.5,51.75684516579332,median
Luleburgaz,2011,3,0.5061814969927882,24.628155478065853,10,1,2011-03-01,0.1487409101913046,0.6405415335333651,6.284947589173812,33.828881814826964,72.6799783970331,33.40382046146472,0.5,53.04189942924891,median
Luleburgaz,2011,4,0.4382055657495984,14.8444467003215,9,1,2011-04-01,0.3425612266851595,0.6820941305731657,11.1994325515289,34.00333933230437,28.169387405229767,84.01583472589233,0.5,56.09261106556105,median
Luleburgaz,2011,5,0.5185528978183462,33.659680990480744,15,3,2011-05-01,0.43308762962076486,0.7102289967878541,21.10151109474418,38.55203439954386,30.838149162356608,28.035568467551315,0.5,29.43685881495396,median
Luleburgaz,2011,6,0.400305930837054,36.90147198771158,16,4,2011-06-01,0.3409911048494393,0.5448500175709519,20.665396881359143,43.24732335614259,29.09601802332944,28.10146147414494,0.5,28.598739748737188,median
Luleburgaz,2011,7,0.3980697449188151,40.405456939769216,15,3,2011-07-01,0.2861197837054355,0.525676930280443,29.38960752014221,46.93138124376206,46.73204820392491,37.20219178979457,0.5,41.967119996859736,median
Luleburgaz,2011,8,0.32905223939447176,41.379852800202094,22,4,2011-08-01,0.18974322811437683,0.43365646877967057,30.05982308745959,48.39365705434462,57.11416522535553,38.256069444127256,0.5,47.68511733474139,median
Luleburgaz,2011,9,0.26146774504126646,39.4248071882804,22,4,2011-09-01,0.18963386543807806,0.3446252064771623,24.782064321464777,44.39046628301203,46.347027596253916,25.324139644166117,0.5,35.835583620210016,median
Luleburgaz,2011,10,0.2648207185026535,20.84481799216804,18,3,2011-10-01,0.1841466817202477,0.3409058538431931,17.02123923135515,33.045756172758225,51.463678769069766,76.13919486749842,0.5,63.80143681828409,median
Luleburgaz,2011,11,0.263905278257964,14.117814616144148,11,1,2011-11-01,0.1542789668362089,0.3815311043758902,3.3118755589346174,24.048050578478723,48.23994731517668,47.88846522068415,0.5,48.064206267930416,median
Luleburgaz,2011,12,,,5,0,2011-12-01,0.072314819731244,0.4991954063110664,-1.499755021406604,16.068034316042162,,,0.5,,median
Luleburgaz,2012,1,0.3126278898826335,1.0275315504433424,4,1,2012-01-01,0.1350789039239206,0.558989609399955,-6.588228350323479,12.325756949266351,41.88358153383568,59.73476884888994,0.5,50.80917519136281,median
Luleburgaz,2012,2,0.21731980418928554,-0.3173095449854355,6,2,2012-02-01,0.1041037547321822,0.5772034390715698,-1.9261102242456576,18.67526333909204,23.930696469432757,92.19080866470354,0.5,58.06075256706815,median
Luleburgaz,2012,3,0.36840263147701424,21.111021414800483,8,2,2012-03-01,0.1487409101913046,0.6405415335333651,6.284947589173812,33.828881814826964,44.6647911491013,46.17299872935963,0.5,45.41889493923046,median
Luleburgaz,2012,4,0.4800560387598001,21.429185233186114,9,2,2012-04-01,0.3425612266851595,0.6820941305731657,11.1994325515289,34.00333933230437,40.495283520442776,55.14035037943029,0.5,47.81781694993653,median
Luleburgaz,2012,5,0.5945426763199788,35.545488303622626,8,2,2012-05-01,0.43308762962076486,0.7102289967878541,21.10151109474418,38.55203439954386,58.25728881602589,17.2289738445511,0.5,37.74313133028849,median
Luleburgaz,2012,6,0.45835003442327016,39.39567894306147,10,2,2012-06-01,0.3409911048494393,0.5448500175709519,20.665396881359143,43.24732335614259,57.568701808074714,17.056314559265495,0.5,37.312508183670104,median
Luleburgaz,2012,7,0.32370637507162914,46.93138124376206,12,2,2012-07-01,0.2861197837054355,0.525676930280443,29.38960752014221,46.93138124376206,15.690031336395522,0.0,0.5,7.845015668197761,median
Luleburgaz,2012,8,0.2468941076119317,40.12925779777373,10,1,2012-08-01,0.18974322811437683,0.43365646877967057,30.05982308745959,48.39365705434462,23.43082291952297,45.07731046053012,0.5,34.25406669002655,median
Luleburgaz,2012,9,0.23895153033149,41.00671133297389,8,1,2012-09-01,0.18963386543807806,0.3446252064771623,24.782064321464777,44.39046628301203,31.81962589831097,17.256658429757803,0.5,24.538142164034387,median
Luleburgaz,2012,10,0.24472785133061883,25.969038510067143,11,2,2012-10-01,0.1841466817202477,0.3409058538431931,17.02123923135515,33.045756172758225,38.646012727636524,44.16181585110208,0.5,41.4039142893693,median
Luleburgaz,2012,11,,,5,0,2012-11-01,0.1542789668362089,0.3815311043758902,3.3118755589346174,24.048050578478723,,,0.5,,median
Luleburgaz,2012,12,,,2,0,2012-12-01,0.072314819731244,0.4991954063110664,-1.499755021406604,16.068034316042162,,,0.5,,median
Luleburgaz,2013,1,,,4,0,2013-01-01,0.1350789039239206,0.558989609399955,-6.588228350323479,12.325756949266351,,,0.5,,median
Luleburgaz,2013,2,,,6,0,2013-02-01,0.1041037547321822,0.5772034390715698,-1.9261102242456576,18.67526333909204,,,0.5,,median
Luleburgaz,2013,3,0.5125552057443811,14.057421207856748,2,1,2013-03-01,0.1487409101913046,0.6405415335333651,6.284947589173812,33.828881814826964,73.97597284052931,71.78154160909949,0.5,72.8787572248144,median
Luleburgaz,2013,4,0.594643227623939,29.7785775778134,8,1,2013-04-01,0.3425612266851595,0.6820941305731657,11.1994325515289,34.00333933230437,74.24376196008616,18.526482304569843,0.5,46.385122132328,median
Luleburgaz,2013,5,0.5459161438345869,35.351975144417274,19,4,2013-05-01,0.43308762962076486,0.7102289967878541,21.10151109474418,38.55203439954386,40.71153843511113,18.337898521624403,0.5,29.524718478367767,median
Luleburgaz,2013,6,0.44498792678082366,34.57646031999263,22,4,2013-06-01,0.3409911048494393,0.5448500175709519,20.665396881359143,43.24732335614259,51.01411586230339,38.397357487778784,0.5,44.70573667504109,median
Luleburgaz,2013,7,0.41041816381861673,40.506910185895464,24,4,2013-07-01,0.2861197837054355,0.525676930280443,29.38960752014221,46.93138124376206,51.88673428878995,36.62383952208949,0.5,44.25528690543972,median
Luleburgaz,2013,8,0.29357169253509635,41.25963213735136,22,4,2013-08-01,0.18974322811437683,0.43365646877967057,30.05982308745959,48.39365705434462,42.56778522458179,38.91180060798463,0.5,40.73979291628321,median
Luleburgaz,2013,9,0.2567979508472953,34.6835142328176,15,2,2013-09-01,0.18963386543807806,0.3446252064771623,24.782064321464777,44.39046628301203,43.33408883292417,49.50404458879462,0.5,46.4190667108594,median
Luleburgaz,2013,10,0.2361691379280219,24.336120923423334,13,2,2013-10-01,0.1841466817202477,0.3409058538431931,17.02123923135515,33.045756172758225,33.18622795926306,54.351936355919214,0.5,43.769082157591136,median
Luleburgaz,2013,11,0.29073091317797095,19.19765767112613,20,2,2013-11-01,0.1542789668362089,0.3815311043758902,3.3118755589346174,24.048050578478723,60.04429609289623,23.390972070697877,0.5,41.71763408179706,median
Luleburgaz,2013,12,0.4239031840666394,8.49899054315559,19,1,2013-12-01,0.072314819731244,0.4991954063110664,-1.499755021406604,16.068034316042162,82.36222854553539,43.08478219710805,0.5,62.72350537132172,median
Luleburgaz,2014,1,0.558989609399955,11.53592692180052,17,1,2014-01-01,0.1350789039239206,0.558989609399955,-6.588228350323479,12.325756949266351,100.0,4.175904839489112,0.5,52.08795241974455,median
Luleburgaz,2014,2,0.5772034390715698,18.67526333909204,14,1,2014-02-01,0.1041037547321822,0.5772034390715698,-1.9261102242456576,18.67526333909204,100.0,0.0,0.5,50.0,median
Luleburgaz,2014,3,0.6405415335333651,22.742437023969604,13,1,2014-03-01,0.1487409101913046,0.6405415335333651,6.284947589173812,33.828881814826964,100.0,40.25004089841296,0.5,70.12502044920649,median
Luleburgaz,2014,4,0.6466463225453702,21.16051062725753,14,3,2014-04-01,0.3425612266851595,0.6820941305731657,11.1994325515289,34.00333933230437,89.55983127941916,56.31854589001309,0.5,72.93918858471612,median
Luleburgaz,2014,5,0.5762100267383428,24.76658328857883,21,3,2014-05-01,0.43308762962076486,0.7102289967878541,21.10151109474418,38.55203439954386,51.642379692559224,78.99735079677187,0.5,65.31986524466555,median
Luleburgaz,2014,6,0.4317995244648941,36.19938182842117,20,3,2014-06-01,0.3409911048494393,0.5448500175709519,20.665396881359143,43.24732335614259,44.54473851702836,31.210541472587135,0.5,37.877639994807744,median
Luleburgaz,2014,7,0.525676930280443,34.45275111600435,22,2,2014-07-01,0.2861197837054355,0.525676930280443,29.38960752014221,46.93138124376206,100.0,71.13664971607369,0.5,85.56832485803685,median
Luleburgaz,2014,8,0.43365646877967057,36.19000085903938,22,4,2014-08-01,0.18974322811437683,0.43365646877967057,30.05982308745959,48.39365705434462,100.0,66.5635797583187,0.5,83.28178987915935,median
Luleburgaz,2014,9,0.30737880416909147,25.154155743370932,22,4,2014-09-01,0.18963386543807806,0.3446252064771623,24.782064321464777,44.39046628301203,75.96872053731155,98.10238783029928,0.5,87.03555418380542,median
Luleburgaz,2014,10,0.2933004695430542,26.627385895133564,19,2,2014-10-01,0.1841466817202477,0.3409058538431931,17.02123923135515,33.045756172758225,69.63151587531846,40.05343999506971,0.5,54.84247793519408,median
Luleburgaz,2014,11,0.2626284173924305,15.560077945085741,15,2,2014-11-01,0.1542789668362089,0.3815311043758902,3.3118755589346174,24.048050578478723,47.67807763185607,40.93316450788519,0.5,44.305621069870625,median
Luleburgaz,2014,12,0.4114497870967513,10.856635868190114,14,1,2014-12-01,0.072314819731244,0.4991954063110664,-1.499755021406604,16.068034316042162,79.44492629254115,29.66450899284781,0.5,54.554717642694484,median
Luleburgaz,2015,1,0.39544637784313696,4.277271864808639,17,2,2015-01-01,0.1350789039239206,0.558989609399955,-6.588228350323479,12.325756949266351,61.42035823955762,42.553089457208436,0.5,51.98672384838303,median
Luleburgaz,2015,2,0.38717486741997,13.288049895298826,12,3,2015-02-01,0.1041037547321822,0.5772034390715698,-1.9261102242456576,18.67526333909204,59.83329138827347,26.149777961311884,0.5,42.991534674792675,median
Luleburgaz,2015,3,0.4405188275138165,20.81275902143804,21,1,2015-03-01,0.1487409101913046,0.6405415335333651,6.284947589173812,33.828881814826964,59.32849684892989,47.255859263802286,0.5,53.29217805636608,median
Luleburgaz,2015,4,0.6179844009606736,21.315561141907267,19,3,2015-04-01,0.3425612266851595,0.6820941305731657,11.1994325515289,34.00333933230437,81.11825720618864,55.63861627909024,0.5,68.37843674263945,median
Luleburgaz,2015,5,0.5231982936527079,31.90822988460117,22,2,2015-05-01,0.43308762962076486,0.7102289967878541,21.10151109474418,38.55203439954386,32.51433192851901,38.072236567916235,0.5,35.293284248217624,median
Luleburgaz,2015,6,0.5122019708364615,34.93632227098755,21,4,2015-06-01,0.3409911048494393,0.5448500175709519,20.665396881359143,43.24732335614259,83.98497946514105,36.80377355951308,0.5,60.39437651232707,median
Luleburgaz,2015,7,0.455698492850174,38.28153441004175,24,4,2015-07-01,0.2861197837054355,0.525676930280443,29.38960752014221,46.93138124376206,70.78841586203393,49.309989799226315,0.5,60.04920283063012,median
Luleburgaz,2015,8,0.3197799497731647,44.863893046186995,24,4,2015-08-01,0.18974322811437683,0.43365646877967057,30.05982308745959,48.39365705434462,53.312694835303674,19.252732486468265,0.5,36.28271366088597,median
Luleburgaz,2015,9,0.2648039326155202,39.0907213721903,20,3,2015-09-01,0.18963386543807806,0.3446252064771623,24.782064321464777,44.39046628301203,48.49952692420828,27.027928748169845,0.5,37.76372783618906,median
Luleburgaz,2015,10,0.3091006861929543,26.617526324183935,16,2,2015-10-01,0.1841466817202477,0.3409058538431931,17.02123923135515,33.045756172758225,79.71080912235604,40.11496803354777,0.5,59.912888577951904,median
Luleburgaz,2015,11,0.3128687745844771,19.399434367092624,20,3,2015-11-01,0.1542789668362089,0.3815311043758902,3.3118755589346174,24.048050578478723,69.78583764501501,22.417905939763333,0.5,46.10187179238917,median
Luleburgaz,2015,12,0.447308104395234,10.949039436321767,22,4,2015-12-01,0.072314819731244,0.4991954063110664,-1.499755021406604,16.068034316042162,87.84500782020687,29.138526091090906,0.5,58.49176695564889,median
Luleburgaz,2016,1,0.4277245907051817,4.600237206071968,19,3,2016-01-01,0.1350789039239206,0.558989609399955,-6.588228350323479,12.325756949266351,69.03474788461216,40.84554164987069,0.5,54.94014476724142,median
Luleburgaz,2016,2,0.448146816625486,15.528767006247984,14,1,2016-02-01,0.1041037547321822,0.5772034390715698,-1.9261102242456576,18.67526333909204,72.721050823297,15.273235656692215,0.5,43.997143239994614,median
Luleburgaz,2016,3,0.5792055065827614,16.306962347783447,19,3,2016-03-01,0.1487409101913046,0.6405415335333651,6.284947589173812,33.828881814826964,87.52827384931092,63.614439838171,0.5,75.57135684374096,median
Luleburgaz,2016,4,0.6071880919508009,34.00333933230437,19,1,2016-04-01,0.3425612266851595,0.6820941305731657,11.1994325515289,34.00333933230437,77.93850381962619,0.0,0.5,38.969251909813096,median
Luleburgaz,2016,5,0.6231716087528547,25.03575172310193,21,2,2016-05-01,0.43308762962076486,0.7102289967878541,21.10151109474418,38.55203439954386,68.58737151913078,77.45488453474825,0.5,73.02112802693952,median
Luleburgaz,2016,6,0.45259168968915,37.17925643168438,18,3,2016-06-01,0.3409911048494393,0.5448500175709519,20.665396881359143,43.24732335614259,54.74403024613691,26.871343023963146,0.5,40.807686635050025,median
Luleburgaz,2016,7,0.3511190184108966,44.578349240327626,24,4,2016-07-01,0.2861197837054355,0.525676930280443,29.38960752014221,46.93138124376206,27.133081035054506,13.413877299455173,0.5,20.27347916725484,median
Luleburgaz,2016,8,0.2716935384003619,43.22985435849002,24,4,2016-08-01,0.18974322811437683,0.43365646877967057,30.05982308745959,48.39365705434462,33.598139265608864,28.165427401500263,0.5,30.881783333554566,median
Luleburgaz,2016,9,0.24739130302645,31.24356346414532,20,3,2016-09-01,0.18963386543807806,0.3446252064771623,24.782064321464777,44.39046628301203,37.264944738949765,67.04729352574593,0.5,52.15611913234785,median
Luleburgaz,2016,10,0.2369638891944807,30.49903264512632,20,3,2016-10-01,0.1841466817202477,0.3409058538431931,17.02123923135515,33.045756172758225,33.69321664496208,15.892669569663287,0.5,24.79294310731268,median
Luleburgaz,2016,11,0.228676829858526,19.45465286856089,23,3,2016-11-01,0.1542789668362089,0.3815311043758902,3.3118755589346174,24.048050578478723,32.73802562553508,22.151615259750166,0.5,27.444820442642623,median
Luleburgaz,2016,12,0.2988605399057577,7.8834356722125705,19,4,2016-12-01,0.072314819731244,0.4991954063110664,-1.499755021406604,16.068034316042162,53.07004518280007,46.5886656916059,0.5,49.829355437202985,median
Luleburgaz,2017,1,0.285217224376169,6.188222693414373,20,1,2017-01-01,0.1350789039239206,0.558989609399955,-6.588228350323479,12.325756949266351,35.417440161990996,32.44971463515454,0.5,33.933577398572766,median
Luleburgaz,2017,2,0.29981569240085326,13.263752282986363,15,2,2017-02-01,0.1041037547321822,0.5772034390715698,-1.9261102242456576,18.67526333909204,41.36801273540338,26.267719671546693,0.5,33.817866203475035,median
Luleburgaz,2017,3,0.4837055626683204,19.31295773791455,16,2,2017-03-01,0.1487409101913046,0.6405415335333651,6.284947589173812,33.828881814826964,68.10984707598448,52.70098293871523,0.5,60.40541500734985,median
Luleburgaz,2017,4,0.5600950864718939,27.620163920843677,22,4,2017-04-01,0.3425612266851595,0.6820941305731657,11.1994325515289,34.00333933230437,64.06856516577469,27.99158702421089,0.5,46.030076094992786,median
Luleburgaz,2017,5,0.6079210924924089,32.574176856237244,21,3,2017-05-01,0.43308762962076486,0.7102289967878541,21.10151109474418,38.55203439954386,63.084578335877396,34.25603598754218,0.5,48.670307161709786,median
Luleburgaz,2017,6,0.5448500175709519,37.13722019940177,22,4,2017-06-01,0.3409911048494393,0.5448500175709519,20.665396881359143,43.24732335614259,100.0,27.05749291834684,0.5,63.52874645917342,median
Luleburgaz,2017,7,0.4033682325065879,39.6497072393953,21,3,2017-07-01,0.2861197837054355,0.525676930280443,29.38960752014221,46.93138124376206,48.94383260006013,41.51047732739849,0.5,45.227154963729305,median
Luleburgaz,2017,8,0.3296524316011692,39.87528821568104,22,4,2017-08-01,0.18974322811437683,0.43365646877967057,30.05982308745959,48.39365705434462,57.36023313255907,46.46256126268868,0.5,51.91139719762387,median
Luleburgaz,2017,9,0.27271664014815833,44.39046628301203,24,4,2017-09-01,0.18963386543807806,0.3446252064771623,24.782064321464777,44.39046628301203,53.60478472737986,0.0,0.5,26.80239236368993,median
Luleburgaz,2017,10,0.2705741369001639,30.558123633644456,23,3,2017-10-01,0.1841466817202477,0.3409058538431931,17.02123923135515,33.045756172758225,55.133906366979026,15.523915935876918,0.5,35.328911151427974,median
Luleburgaz,2017,11,0.31972489982161234,12.966626750049137,21,4,2017-11-01,0.1542789668362089,0.3815311043758902,3.3118755589346174,24.048050578478723,72.80280607108232,53.44005737791663,0.5,63.12143172449947,median
Luleburgaz,2017,12,0.45604792439357905,9.906648972597424,21,4,2017-12-01,0.072314819731244,0.4991954063110664,-1.499755021406604,16.068034316042162,89.89237663319712,35.07205844226903,0.5,62.48221753773308,median
Luleburgaz,2018,1,0.4633361902382826,3.3437841847074616,19,2,2018-01-01,0.1350789039239206,0.558989609399955,-6.588228350323479,12.325756949266351,77.43547923512394,47.48852567181425,0.5,62.4620024534691,median
Luleburgaz,2018,2,0.4429279106698868,13.46490458631614,13,3,2018-02-01,0.1041037547321822,0.5772034390715698,-1.9261102242456576,18.67526333909204,71.61792052573898,25.291317284048866,0.5,48.45461890489392,median
Luleburgaz,2018,3,0.6002051678636237,16.979074407832073,18,2,2018-03-01,0.1487409101913046,0.6405415335333651,6.284947589173812,33.828881814826964,91.7982280307753,61.174294379855716,0.5,76.48626120531551,median
Luleburgaz,2018,4,0.5825843132837254,28.585582151904674,22,4,2018-04-01,0.3425612266851595,0.6820941305731657,11.1994325515289,34.00333933230437,70.69214319144065,23.758021958619235,0.5,47.225082575029944,median
Luleburgaz,2018,5,0.4999992708399977,32.14105190246984,20,3,2018-05-01,0.43308762962076486,0.7102289967878541,21.10151109474418,38.55203439954386,24.143505498005144,36.738052980398066,0.5,30.440779239201603,median
Luleburgaz,2018,6,0.4250075444985811,35.87249938489248,22,4,2018-06-01,0.3409911048494393,0.5448500175709519,20.665396881359143,43.24732335614259,41.213032350425074,32.65808158345283,0.5,36.93555696693895,median
Luleburgaz,2018,7,0.5093433405752693,37.11869605732689,24,4,2018-07-01,0.2861197837054355,0.525676930280443,29.38960752014221,46.93138124376206,93.18175644571743,55.93895657896026,0.5,74.56035651233884,median
Luleburgaz,2018,8,0.3948692167777876,38.612843897805064,24,4,2018-08-01,0.18974322811437683,0.43365646877967057,30.05982308745959,48.39365705434462,84.09793092983082,53.348433143912374,0.5,68.7231820368716,median
Luleburgaz,2018,9,0.2961534913312072,34.13300959104269,22,3,2018-09-01,0.18963386543807806,0.3446252064771623,24.782064321464777,44.39046628301203,68.72617862327421,52.311538248168105,0.5,60.51885843572116,median
Luleburgaz,2018,10,0.2692214377585706,29.89181503356842,19,3,2018-10-01,0.1841466817202477,0.3409058538431931,17.02123923135515,33.045756172758225,54.2709909003597,19.681973258369258,0.5,36.97648207936448,median
Luleburgaz,2018,11,0.3256969598997702,13.496702097956511,18,1,2018-11-01,0.1542789668362089,0.3815311043758902,3.3118755589346174,24.048050578478723,75.43075058364606,50.883774228262595,0.5,63.15726240595433,median
Luleburgaz,2018,12,0.38170275926386943,3.016158336071892,11,2,2018-12-01,0.072314819731244,0.4991954063110664,-1.499755021406604,16.068034316042162,72.47646045734923,74.2943561609539,0.5,73.38540830915156,median
Luleburgaz,2019,1,0.2724899967761212,11.02935954344353,13,1,2019-01-01,0.1350789039239206,0.558989609399955,-6.588228350323479,12.325756949266351,32.415103246305975,6.854173698923914,0.5,19.634638472614945,median
Luleburgaz,2019,2,0.4584900368137536,16.344634324744643,18,3,2019-02-01,0.1041037547321822,0.5772034390715698,-1.9261102242456576,18.67526333909204,74.90731738204781,11.312978754460316,0.5,43.11014806825406,median
Luleburgaz,2019,3,0.574790695022273,23.050858162038423,22,3,2019-03-01,0.1487409101913046,0.6405415335333651,6.284947589173812,33.828881814826964,86.63059065190313,39.1302983970619,0.5,62.88044452448251,median
Luleburgaz,2019,4,0.5786014527971928,22.56198883446624,15,3,2019-04-01,0.3425612266851595,0.6820941305731657,11.1994325515289,34.00333933230437,69.51910209853781,50.17276472768082,0.5,59.84593341310932,median
Luleburgaz,2019,5,0.6524743459619211,28.06846015740333,24,4,2019-05-01,0.43308762962076486,0.7102289967878541,21.10151109474418,38.55203439954386,79.16058096404187,60.07598774563439,0.5,69.61828435483812,median
Luleburgaz,2019,6,0.51541556962421,35.62346716116522,23,4,2019-06-01,0.3409911048494393,0.5448500175709519,20.665396881359143,43.24732335614259,85.56136322234208,33.76087599740745,0.5,59.66111960987477,median
Luleburgaz,2019,7,0.4126807647134636,44.03000617259111,22,3,2019-07-01,0.2861197837054355,0.525676930280443,29.38960752014221,46.93138124376206,52.83122746179509,16.539804451269806,0.5,34.68551595653245,median
Luleburgaz,2019,8,0.30090978163963084,45.18807572572352,22,4,2019-08-01,0.18974322811437683,0.43365646877967057,30.05982308745959,48.39365705434462,45.57626852156035,17.48451161067069,0.5,31.530390066115523,median
Luleburgaz,2019,9,0.2817020002182984,38.05260774757941,19,3,2019-09-01,0.18963386543807806,0.3446252064771623,24.782064321464777,44.39046628301203,59.402115087838006,32.32215734796431,0.5,45.86213621790115,median
Luleburgaz,2019,10,0.26391839703026027,27.726033071135213,23,4,2019-10-01,0.1841466817202477,0.3409058538431931,17.02123923135515,33.045756172758225,50.888068767962125,33.197400714640374,0.5,42.042734741301246,median
Luleburgaz,2019,11,0.31268593457890476,22.440249647814717,22,4,2019-11-01,0.1542789668362089,0.3815311043758902,3.3118755589346174,24.048050578478723,69.70538075358515,7.753604168312782,0.5,38.72949246094896,median
Luleburgaz,2019,12,0.4991954063110664,5.667420396269078,17,2,2019-12-01,0.072314819731244,0.4991954063110664,-1.499755021406604,16.068034316042162,100.0,59.202747255184725,0.5,79.60137362759237,median
Luleburgaz,2020,1,0.5199087830084674,6.705032673793534,19,3,2020-01-01,0.1350789039239206,0.558989609399955,-6.588228350323479,12.325756949266351,90.78088241541307,29.71729218587639,0.5,60.24908730064473,median
Luleburgaz,2020,2,0.5565782524152608,9.992964202262709,16,2,2020-02-01,0.1041037547321822,0.5772034390715698,-1.9261102242456576,18.67526333909204,95.64041420042184,42.14427309973347,0.5,68.89234365007766,median
Luleburgaz,2020,3,0.6068083432768517,13.821874541241733,18,2,2020-03-01,0.1487409101913046,0.6405415335333651,6.284947589173812,33.828881814826964,93.14088094738932,72.63670872025111,0.5,82.88879483382021,median
Luleburgaz,2020,4,0.6109812606913168,29.17483002479446,21,4,2020-04-01,0.3425612266851595,0.6820941305731657,11.1994325515289,34.00333933230437,79.05567646978177,21.174044228160593,0.5,50.114860348971185,median
Luleburgaz,2020,5,0.5796079642656634,27.41120786729407,21,3,2020-05-01,0.43308762962076486,0.7102289967878541,21.10151109474418,38.55203439954386,52.86844621667795,63.84236356502592,0.5,58.355404890851936,median
Luleburgaz,2020,6,0.5217514476624053,31.751404890706507,22,4,2020-06-01,0.3409911048494393,0.5448500175709519,20.665396881359143,43.24732335614259,88.66933527694175,50.90760736588716,0.5,69.78847132141445,median
Luleburgaz,2020,7,0.4495616374096963,36.14989429582774,22,3,2020-07-01,0.2861197837054355,0.525676930280443,29.38960752014221,46.93138124376206,68.22666576264534,61.46178327119301,0.5,64.84422451691918,median
Luleburgaz,2020,8,0.3176174497589795,38.84178109435602,22,4,2020-08-01,0.18974322811437683,0.43365646877967057,30.05982308745959,48.39365705434462,52.426109093469066,52.099718898084305,0.5,52.262913995776685,median
Luleburgaz,2020,9,0.2743101064570297,40.78939744837782,24,3,2020-09-01,0.18963386543807806,0.3446252064771623,24.782064321464777,44.39046628301203,54.632884941358604,18.364927655481722,0.5,36.49890629842017,median
Luleburgaz,2020,10,0.22831755925305525,28.514855043913123,23,4,2020-10-01,0.1841466817202477,0.3409058538431931,17.02123923135515,33.045756172758225,28.177539428547476,28.274806319674216,0.5,28.226172874110844,median
Luleburgaz,2020,11,0.3086537434927966,12.12584369906406,16,3,2020-11-01,0.1542789668362089,0.3815311043758902,3.3118755589346174,24.048050578478723,67.93105593105005,57.49472536848206,0.5,62.71289064976605,median
Luleburgaz,2020,12,0.4060209999009262,15.921401301735884,11,1,2020-12-01,0.072314819731244,0.4991954063110664,-1.499755021406604,16.068034316042162,78.17319190908732,0.8346696985585141,0.5,39.50393080382292,median
Luleburgaz,2021,1,0.3145964098652865,5.652024382363215,14,2,2021-01-01,0.1350789039239206,0.558989609399955,-6.588228350323479,12.325756949266351,42.34795291139795,35.284644992548785,0.5,38.816298951973366,median
Luleburgaz,2021,2,0.4643609784929047,13.071267101527608,19,3,2021-02-01,0.1041037547321822,0.5772034390715698,-1.9261102242456576,18.67526333909204,76.14826973807168,27.202051457080174,0.5,51.675160597575925,median
Luleburgaz,2021,3,0.4965545071922653,15.9776577212707,17,3,2021-03-01,0.1487409101913046,0.6405415335333651,6.284947589173812,33.828881814826964,70.72247990199212,64.81000116871631,0.5,67.76624053535421,median
Luleburgaz,2021,4,0.5798061539244743,19.591807992759826,20,6,2021-04-01,0.3425612266851595,0.6820941305731657,11.1994325515289,34.00333933230437,69.87391340356494,63.197641869392285,0.5,66.53577763647861,median
Luleburgaz,2021,5,0.6048702322273776,26.719051758833672,21,4,2021-05-01,0.43308762962076486,0.7102289967878541,21.10151109474418,38.55203439954386,61.98374654875847,67.80875526784679,0.5,64.89625090830263,median
Luleburgaz,2021,6,0.5138905137885382,31.78213927251861,21,6,2021-06-01,0.3409911048494393,0.5448500175709519,20.665396881359143,43.24732335614259,84.81326944743064,50.77150568365725,0.5,67.79238756554395,median
Luleburgaz,2021,7,0.47998868486043955,40.92354161595951,24,6,2021-07-01,0.2861197837054355,0.525676930280443,29.38960752014221,46.93138124376206,80.92803906156976,34.24875797886418,0.5,57.58839852021697,median
Luleburgaz,2021,8,0.3332694562604098,41.25293039000848,24,6,2021-08-01,0.18974322811437683,0.43365646877967057,30.05982308745959,48.39365705434462,58.84314756941986,38.94835459530111,0.5,48.89575108236049,median
Luleburgaz,2021,9,0.29602532653843566,30.401187633553832,23,4,2021-09-01,0.18963386543807806,0.3446252064771623,24.782064321464777,44.39046628301203,68.64348704069138,71.34328782575781,0.5,69.9933874332246,median
Luleburgaz,2021,10,0.2233110957735073,17.82530626513929,17,1,2021-10-01,0.1841466817202477,0.3409058538431931,17.02123923135515,33.045756172758225,24.983810212102394,94.98226975125444,0.5,59.98303998167842,median
Luleburgaz,2021,11,0.2922039926965809,19.353789974293125,18,3,2021-11-01,0.1542789668362089,0.3815311043758902,3.3118755589346174,24.048050578478723,60.69250980589278,22.63802557492497,0.5,41.665267690408875,median
Luleburgaz,2021,12,0.4023614761603164,5.8193315805714505,29,5,2021-12-01,0.072314819731244,0.4991954063110664,-1.499755021406604,16.068034316042162,77.31592084648642,58.33803296823373,0.5,67.82697690736008,median
Luleburgaz,2022,1,0.4231548390998288,4.352107914564168,26,3,2022-01-01,0.1350789039239206,0.558989609399955,-6.588228350323479,12.325756949266351,67.95674925274905,42.15742429954781,0.5,55.05708677614843,median
Luleburgaz,2022,2,0.4194155219104813,7.273676856972491,28,5,2022-02-01,0.1041037547321822,0.5772034390715698,-1.9261102242456576,18.67526333909204,66.64806120481447,55.343816989027694,0.5,60.99593909692108,median
Luleburgaz,2022,3,0.4742034308908473,18.00866094287146,23,5,2022-03-01,0.1487409101913046,0.6405415335333651,6.284947589173812,33.828881814826964,66.1777365160383,57.43631516960739,0.5,61.80702584282284,median
Luleburgaz,2022,4,0.45647931634447253,27.490951478259795,20,4,2022-04-01,0.3425612266851595,0.6820941305731657,11.1994325515289,34.00333933230437,33.5514138261217,28.55821117254679,0.5,31.054812499334247,median
Luleburgaz,2022,5,0.6108233219241717,27.560334888371955,28,6,2022-05-01,0.43308762962076486,0.7102289967878541,21.10151109474418,38.55203439954386,64.1317801525636,62.987793083252065,0.5,63.55978661790783,median
Luleburgaz,2022,6,0.540965414461568,33.14722751856549,32,7,2022-06-01,0.3409911048494393,0.5448500175709519,20.665396881359143,43.24732335614259,98.09446491324589,44.72645789922119,0.5,71.41046140623354,median
Luleburgaz,2022,7,0.4479465385533993,37.81300328376811,36,9,2022-07-01,0.2861197837054355,0.525676930280443,29.38960752014221,46.93138124376206,67.55246385325195,51.98093478834544,0.5,59.76669932079869,median
Luleburgaz,2022,8,0.3509477457395008,37.33281870213501,33,7,2022-08-01,0.18974322811437683,0.43365646877967057,30.05982308745959,48.39365705434462,66.09092527548944,60.3301981036151,0.5,63.21056168955227,median
Luleburgaz,2022,9,0.3295425652548533,29.224164324869992,30,9,2022-09-01,0.18963386543807806,0.3446252064771623,24.782064321464777,44.39046628301203,90.26872009675327,77.34593562434958,0.5,83.80732786055142,median
Luleburgaz,2022,10,0.28925848815370875,23.048289195280457,33,6,2022-10-01,0.1841466817202477,0.3409058538431931,17.02123923135515,33.045756172758225,67.05305023620717,62.388570051974426,0.5,64.72081014409079,median
Luleburgaz,2022,11,0.2521628365411762,20.866639351680167,32,7,2022-11-01,0.1542789668362089,0.3815311043758902,3.3118755589346174,24.048050578478723,43.07280484341999,15.342324338022975,0.5,29.207564590721482,median
Luleburgaz,2022,12,0.3139247322999902,9.169510931926244,18,2,2022-12-01,0.072314819731244,0.4991954063110664,-1.499755021406604,16.068034316042162,56.59894597328275,39.26802201236856,0.5,47.93348399282566,median
Luleburgaz,2023,1,0.4119956806622799,12.325756949266351,19,2,2023-01-01,0.1350789039239206,0.558989609399955,-6.588228350323479,12.325756949266351,65.32431787194264,0.0,0.5,32.66215893597132,median
Luleburgaz,2023,2,0.4550251619551714,12.27762671779258,18,3,2023-02-01,0.1041037547321822,0.5772034390715698,-1.9261102242456576,18.67526333909204,74.1749400473598,31.054417811658563,0.5,52.61467892950918,median
Luleburgaz,2023,3,0.5764530408626818,21.023822328873102,16,2,2023-03-01,0.1487409101913046,0.6405415335333651,6.284947589173812,33.828881814826964,86.96860279778295,46.489580540850326,0.5,66.72909166931663,median
Luleburgaz,2023,4,0.6410658218346748,19.28239824142916,17,3,2023-04-01,0.3425612266851595,0.6820941305731657,11.1994325515289,34.00333933230437,87.91624956854727,64.5544696897529,0.5,76.23535962915008,median
Luleburgaz,2023,5,0.5911868596897423,31.19877383736815,21,3,2023-05-01,0.43308762962076486,0.7102289967878541,21.10151109474418,38.55203439954386,57.04642063545099,42.13776534800666,0.5,49.592092991728826,median
Luleburgaz,2023,6,0.4263616133393078,38.50070337460114,20,3,2023-06-01,0.3409911048494393,0.5448500175709519,20.665396881359143,43.24732335614259,41.87725096252788,21.01955290148454,0.5,31.448401932006213,median
Luleburgaz,2023,7,0.41969025393605425,43.00362883230172,22,4,2023-07-01,0.2861197837054355,0.525676930280443,29.38960752014221,46.93138124376206,55.757247128837626,22.390850967206664,0.5,39.07404904802215,median
Luleburgaz,2023,8,0.31827271082392095,43.69301758306153,24,4,2023-08-01,0.18974322811437683,0.43365646877967057,30.05982308745959,48.39365705434462,52.69475423268094,25.63915152593553,0.5,39.16695287930824,median
Luleburgaz,2023,9,0.26829699394572504,36.35613272736287,23,4,2023-09-01,0.18963386543807806,0.3446252064771623,24.782064321464777,44.39046628301203,50.75324078124496,40.973933375115244,0.5,45.8635870781801,median
Luleburgaz,2023,10,0.2347487509281102,33.045756172758225,24,4,2023-10-01,0.1841466817202477,0.3409058538431931,17.02123923135515,33.045756172758225,32.280132972490804,0.0,0.5,16.140066486245402,median
Luleburgaz,2023,11,0.24557001512259624,21.2074390015036,20,2,2023-11-01,0.1542789668362089,0.3815311043758902,3.3118755589346174,24.048050578478723,40.17170059421187,13.698821380017332,0.5,26.935260987114603,median
Luleburgaz,2023,12,0.3374560014279557,9.403536465425764,13,1,2023-12-01,0.072314819731244,0.4991954063110664,-1.499755021406604,16.068034316042162,62.11132340803531,37.93589348438892,0.5,50.023608446212116,median
Luleburgaz,2024,1,0.4238964722079306,8.37684540722608,13,3,2024-01-01,0.1350789039239206,0.558989609399955,-6.588228350323479,12.325756949266351,68.13169956622814,20.878262721954783,0.5,44.50498114409146,median
Luleburgaz,2024,2,0.4640076421411813,6.568428365559078,21,3,2024-02-01,0.1041037547321822,0.5772034390715698,-1.9261102242456576,18.67526333909204,76.07358434651053,58.7671250963496,0.5,67.42035472143007,median
Luleburgaz,2024,3,0.5980793261330255,21.365112555889237,18,2,2024-03-01,0.1487409101913046,0.6405415335333651,6.284947589173812,33.828881814826964,91.36597121171074,45.25050472756919,0.5,68.30823796963996,median
Luleburgaz,2024,4,0.6041982277063576,29.08082942911432,19,3,2024-04-01,0.3425612266851595,0.6820941305731657,11.1994325515289,34.00333933230437,77.05792222938669,21.586256909890135,0.5,49.322089569638415,median
Luleburgaz,2024,5,0.5893026643449463,21.10151109474418,19,3,2024-05-01,0.43308762962076486,0.7102289967878541,21.10151109474418,38.55203439954386,56.366552680675404,100.0,0.5,78.1832763403377,median
Luleburgaz,2024,6,0.4772381578450723,39.603205613029075,22,4,2024-06-01,0.3409911048494393,0.5448500175709519,20.665396881359143,43.24732335614259,66.83399375417903,16.13732002529894,0.5,41.48565688973899,median
Luleburgaz,2024,7,0.36050439347212426,45.11707238766981,24,4,2024-07-01,0.2861197837054355,0.525676930280443,29.38960752014221,46.93138124376206,31.050883194335533,10.342790214248984,0.5,20.69683670429226,median
Luleburgaz,2024,8,0.28477434793175693,46.5380925195239,24,4,2024-08-01,0.18974322811437683,0.43365646877967057,30.05982308745959,48.39365705434462,38.96103366843669,10.120984722411489,0.5,24.54100919542409,median
Luleburgaz,2024,9,0.25576945866551826,40.0816760506723,22,4,2024-09-01,0.18963386543807806,0.3446252064771623,24.782064321464777,44.39046628301203,42.67050841941082,21.974203919265914,0.5,32.32235616933837,median
Luleburgaz,2024,10,0.2422764434037447,29.91809738942918,22,4,2024-10-01,0.1841466817202477,0.3409058538431931,17.02123923135515,33.045756172758225,37.082207628594865,19.517959853429385,0.5,28.300083741012124,median
Luleburgaz,2024,11,0.2564219345971744,8.705702984000016,16,3,2024-11-01,0.1542789668362089,0.3815311043758902,3.3118755589346174,24.048050578478723,44.946977778429,73.98832031470775,0.5,59.467649046568376,median
Luleburgaz,2024,12,0.30707122862051006,14.807968294933698,11,2,2024-12-01,0.072314819731244,0.4991954063110664,-1.499755021406604,16.068034316042162,54.99346099810725,7.17259295922007,0.5,31.08302697866366,median
Tekirdag,1985,1,,,3,0,1985-01-01,-0.0050865274896592,0.5174061282547359,-38.83809844925004,13.979912410014924,,,0.5,,median
Tekirdag,1985,2,,,4,0,1985-02-01,0.15757807167983515,0.5636219717921834,0.6547770325647368,17.78347639338662,,,0.5,,median
Tekirdag,1985,3,0.32238386517737627,19.216855422782135,7,2,1985-03-01,-0.0042139779897811,0.726049679553229,-6.37647373652173,25.12996798141561,44.723277653718085,18.767947874186646,0.5,31.745612763952366,median
Tekirdag,1985,4,0.3547911626795293,22.360843279475148,2,2,1985-04-01,0.3547911626795293,0.6395969044461569,11.650205110967466,29.729318791003188,0.0,40.75684041781788,0.5,20.37842020890894,median
Tekirdag,1985,5,,,7,0,1985-05-01,0.4812202497559021,0.6411565288574292,22.87436413504696,39.647335665707786,,,0.5,,median
Tekirdag,1985,6,0.4879077351521788,30.525605594289104,5,1,1985-06-01,0.3548692843060378,0.5418339664599165,21.08275464126619,42.242382375833,71.15699570288119,55.37326520354197,0.5,63.26513045321158,median
Tekirdag,1985,7,0.3932757846744538,34.12461658064574,10,6,1985-07-01,0.2996011031383021,0.5231666607488469,30.02835555617328,43.71619808000098,41.90031887619051,70.07372770879181,0.5,55.98702329249116,median
Tekirdag,1985,8,,,2,0,1985-08-01,0.2145976806432795,0.4339782774087779,33.14273610933887,46.82328926867245,,,0.5,,median
Tekirdag,1985,9,0.20574210826159745,36.46989853451487,4,2,1985-09-01,0.19101861712950552,0.3434703364482764,26.40771318071996,42.414170237086566,9.65780589283198,37.13671102630016,0.5,23.39725845956607,median
Tekirdag,1985,10,0.23144940699274325,26.03964163448631,2,2,1985-10-01,0.2011434514005603,0.3288378133341623,13.799725248551244,32.81187913608851,23.73319787442245,35.62056956651028,0.5,29.676883720466364,median
Tekirdag,1985,11,0.23689760532973,18.12709102202429,1,1,1985-11-01,0.1514239499525368,0.399176995340532,1.834973501298128,23.50558670292281,34.4995377325581,24.81930543846025,0.5,29.65942158550918,median
Tekirdag,1985,12,,,2,0,1985-12-01,0.0335086053237319,0.4748645539071804,0.3252400200222403,16.16969215447201,,,0.5,,median
Tekirdag,1986,1,,,1,0,1986-01-01,-0.0050865274896592,0.5174061282547359,-38.83809844925004,13.979912410014924,,,0.5,,median
Tekirdag,1986,2,0.4653454090418782,12.006840057164023,4,1,1986-02-01,0.15757807167983515,0.5636219717921834,0.6547770325647368,17.78347639338662,75.79656713889483,33.72489769675903,0.5,54.76073241782693,median
Tekirdag,1986,3,0.4783860576014714,22.335953238804105,3,1,1986-03-01,-0.0042139779897811,0.726049679553229,-6.37647373652173,25.12996798141561,66.08572542346859,8.868074559561604,0.5,37.4768999915151,median
Tekirdag,1986,4,0.5175958839946534,24.016910692558156,8,4,1986-04-01,0.3547911626795293,0.6395969044461569,11.650205110967466,29.729318791003188,57.163426658907646,31.596726474224727,0.5,44.38007656656619,median
Tekirdag,1986,5,0.5224974074457016,28.204398448844778,12,6,1986-05-01,0.4812202497559021,0.6411565288574292,22.87436413504696,39.647335665707786,25.808501936947568,68.22248041109134,0.5,47.01549117401945,median
Tekirdag,1986,6,0.4462128643920221,34.41342305309587,6,4,1986-06-01,0.3548692843060378,0.5418339664599165,21.08275464126619,42.242382375833,48.856061494440546,36.99951351198671,0.5,42.92778750321363,median
Tekirdag,1986,7,0.3863772487348117,35.044172684844035,8,5,1986-07-01,0.2996011031383021,0.5231666607488469,30.02835555617328,43.71619808000098,38.81463071680979,63.355677712252636,0.5,51.085154214531215,median
Tekirdag,1986,8,0.25015865569005447,36.27456539203016,12,6,1986-08-01,0.2145976806432795,0.4339782774087779,33.14273610933887,46.82328926867245,16.20971752793024,77.10743676651263,0.5,46.658577147221436,median
Tekirdag,1986,9,0.2409917284383718,35.01110322945912,12,3,1986-09-01,0.19101861712950552,0.3434703364482764,26.40771318071996,42.414170237086566,32.77963117252509,46.25050366584941,0.5,39.51506741918725,median
Tekirdag,1986,10,0.2032391470848702,27.678955753248168,8,2,1986-10-01,0.2011434514005603,0.3288378133341623,13.799725248551244,32.81187913608851,1.6411810612277515,26.99811611668599,0.5,14.31964858895687,median
Tekirdag,1986,11,0.24467727581117943,14.431407789105151,6,2,1986-11-01,0.1514239499525368,0.399176995340532,1.834973501298128,23.50558670292281,37.639628490783096,41.87319864643863,0.5,39.75641356861087,median
Tekirdag,1986,12,0.23575405942614003,7.374314685422103,6,2,1986-12-01,0.0335086053237319,0.4748645539071804,0.3252400200222403,16.16969215447201,45.82366109520533,55.510770548680405,0.5,50.66721582194287,median
Tekirdag,1987,1,-0.0050865274896592,-38.83809844925004,7,1,1987-01-01,-0.0050865274896592,0.5174061282547359,-38.83809844925004,13.979912410014924,0.0,100.0,0.5,50.0,median
Tekirdag,1987,2,0.15757807167983515,2.527923826998513,8,2,1987-02-01,0.15757807167983515,0.5636219717921834,0.6547770325647368,17.78347639338662,0.0,89.0642788750313,0.5,44.53213943751565,median
Tekirdag,1987,3,,,4,0,1987-03-01,-0.0042139779897811,0.726049679553229,-6.37647373652173,25.12996798141561,,,0.5,,median
Tekirdag,1987,4,0.40850646259537426,25.559024661116585,8,4,1987-04-01,0.3547911626795293,0.6395969044461569,11.650205110967466,29.729318791003188,18.860329002727674,23.066916905842273,0.5,20.963622954284972,median
Tekirdag,1987,5,0.5093440266921758,26.17866907214248,11,2,1987-05-01,0.4812202497559021,0.6411565288574292,22.87436413504696,39.647335665707786,17.584363656741576,80.2998238502028,0.5,48.942093753472186,median
Tekirdag,1987,6,0.5418339664599165,34.62635133656459,11,4,1987-06-01,0.3548692843060378,0.5418339664599165,21.08275464126619,42.242382375833,100.0,35.99321847627171,0.5,67.99660923813585,median
Tekirdag,1987,7,0.47035445408862697,33.64762348952945,10,4,1987-07-01,0.2996011031383021,0.5231666607488469,30.02835555617328,43.71619808000098,76.37730640413774,73.55852153430482,0.5,74.96791396922129,median
Tekirdag,1987,8,0.32080285526974384,36.12690494162135,12,4,1987-08-01,0.2145976806432795,0.4339782774087779,33.14273610933887,46.82328926867245,48.411380127655406,78.18678237987383,0.5,63.29908125376462,median
Tekirdag,1987,9,0.24506305488834257,40.68686396149169,10,2,1987-09-01,0.19101861712950552,0.3434703364482764,26.40771318071996,42.414170237086566,35.45019892221231,10.791309216725365,0.5,23.120754069468838,median
Tekirdag,1987,10,0.2013349337638984,21.508659714140418,9,3,1987-10-01,0.2011434514005603,0.3288378133341623,13.799725248551244,32.81187913608851,0.14995365530521126,59.452598000258725,0.5,29.801275827781968,median
Tekirdag,1987,11,0.1982286505233721,12.607070816366967,7,2,1987-11-01,0.1514239499525368,0.399176995340532,1.834973501298128,23.50558670292281,18.891675174985846,50.29168203573843,0.5,34.59167860536214,median
Tekirdag,1987,12,,,4,0,1987-12-01,0.0335086053237319,0.4748645539071804,0.3252400200222403,16.16969215447201,,,0.5,,median
Tekirdag,1988,1,,,3,0,1988-01-01,-0.0050865274896592,0.5174061282547359,-38.83809844925004,13.979912410014924,,,0.5,,median
Tekirdag,1988,2,0.313005649528031,5.2942326483694,4,3,1988-02-01,0.15757807167983515,0.5636219717921834,0.6547770325647368,17.78347639338662,38.27851564946317,72.91413949142927,0.5,55.59632757044622,median
Tekirdag,1988,3,0.42150603596206826,15.750196710338521,6,2,1988-03-01,-0.0042139779897811,0.726049679553229,-6.37647373652173,25.12996798141561,58.2967548164994,29.770963522475373,0.5,44.033859169487386,median
Tekirdag,1988,4,,,6,0,1988-04-01,0.3547911626795293,0.6395969044461569,11.650205110967466,29.729318791003188,,,0.5,,median
Tekirdag,1988,5,0.5545439054621162,32.4947442598634,11,2,1988-05-01,0.4812202497559021,0.6411565288574292,22.87436413504696,39.647335665707786,45.845543061351584,42.64355539368512,0.5,44.24454922751835,median
Tekirdag,1988,6,0.49767054057996823,30.07846689510412,11,4,1988-06-01,0.3548692843060378,0.5418339664599165,21.08275464126619,42.242382375833,76.3787334745927,57.48643422898057,0.5,66.93258385178663,median
Tekirdag,1988,7,0.5231666607488469,32.465092569594574,10,2,1988-07-01,0.2996011031383021,0.5231666607488469,30.02835555617328,43.71619808000098,100.0,82.19780064550393,0.5,91.09890032275197,median
Tekirdag,1988,8,0.4339782774087779,33.513937659987874,10,2,1988-08-01,0.2145976806432795,0.4339782774087779,33.14273610933887,46.82328926867245,100.0,97.28664808852592,0.5,98.64332404426295,median
Tekirdag,1988,9,0.22424172834686912,32.96710469052662,11,4,1988-09-01,0.19101861712950552,0.3434703364482764,26.40771318071996,42.414170237086566,21.792546103002817,59.020341061686445,0.5,40.40644358234463,median
Tekirdag,1988,10,0.21497801653579152,19.360971324641923,9,2,1988-10-01,0.2011434514005603,0.3288378133341623,13.799725248551244,32.81187913608851,10.83412370424377,70.74899504292276,0.5,40.79155937358326,median
Tekirdag,1988,11,0.2128758981385231,12.871769593678923,4,1,1988-11-01,0.1514239499525368,0.399176995340532,1.834973501298128,23.50558670292281,24.803710521398063,49.070217858194475,0.5,36.93696418979627,median
Tekirdag,1988,12,0.205623827172211,2.1436723723433,4,1,1988-12-01,0.0335086053237319,0.4748645539071804,0.3252400200222403,16.16969215447201,38.99691901760712,88.5232235429123,0.5,63.76007128025971,median
Tekirdag,1989,1,0.20675221106145408,0.07070161366385025,9,2,1989-01-01,-0.0050865274896592,0.5174061282547359,-38.83809844925004,13.979912410014924,40.54386912851564,26.334219274960102,0.5,33.43904420173787,median
Tekirdag,1989,2,0.202003780871405,10.644776799863736,10,5,1989-02-01,0.15757807167983515,0.5636219717921834,0.6547770325647368,17.78347639338662,10.94110986011062,41.67683396820592,0.5,26.30897191415827,median
Tekirdag,1989,3,,,7,0,1989-03-01,-0.0042139779897811,0.726049679553229,-6.37647373652173,25.12996798141561,,,0.5,,median
Tekirdag,1989,4,0.4849628714810814,23.26218518807634,11,3,1989-04-01,0.3547911626795293,0.6395969044461569,11.650205110967466,29.729318791003188,45.7054369740256,35.77129784890024,0.5,40.73836741146292,median
Tekirdag,1989,5,0.5315904686644674,26.77937922667815,6,3,1989-05-01,0.4812202497559021,0.6411565288574292,22.87436413504696,39.647335665707786,31.49392945211034,76.7184062496448,0.5,54.10616785087757,median
Tekirdag,1989,6,0.5306308064296409,21.08275464126619,10,4,1989-06-01,0.3548692843060378,0.5418339664599165,21.08275464126619,42.242382375833,94.00787362553582,100.0,0.5,97.0039368127679,median
Tekirdag,1989,7,0.4232009487969516,33.366955104821365,8,5,1989-07-01,0.2996011031383021,0.5231666607488469,30.02835555617328,43.71619808000098,55.28572781052554,75.60901549797732,0.5,65.44737165425144,median
Tekirdag,1989,8,0.288632922827914,38.55503418109701,11,5,1989-08-01,0.2145976806432795,0.4339782774087779,33.14273610933887,46.82328926867245,33.74739757125041,60.43801731755569,0.5,47.09270744440305,median
Tekirdag,1989,9,0.22539368441442464,33.64607836463347,12,6,1989-09-01,0.19101861712950552,0.3434703364482764,26.40771318071996,42.414170237086566,22.548166356223334,54.77846747457189,0.5,38.663316915397616,median
Tekirdag,1989,10,0.23963103445542094,24.075797445421664,6,4,1989-10-01,0.2011434514005603,0.3288378133341623,13.799725248551244,32.81187913608851,30.140393414451033,45.94998411197097,0.5,38.045188763211,median
Tekirdag,1989,11,0.1982674996324754,23.50558670292281,5,1,1989-11-01,0.1514239499525368,0.399176995340532,1.834973501298128,23.50558670292281,18.90735575281384,0.0,0.5,9.45367787640692,median
Tekirdag,1989,12,,,3,0,1989-12-01,0.0335086053237319,0.4748645539071804,0.3252400200222403,16.16969215447201,,,0.5,,median
Tekirdag,1990,1,,,2,0,1990-01-01,-0.0050865274896592,0.5174061282547359,-38.83809844925004,13.979912410014924,,,0.5,,median
Tekirdag,1990,2,0.3612636756182983,10.357728558638648,7,2,1990-02-01,0.15757807167983515,0.5636219717921834,0.6547770325647368,17.78347639338662,50.16344387444446,43.35266606250753,0.5,46.758054968475996,median
Tekirdag,1990,3,0.43165690293152914,13.617712352912086,10,4,1990-03-01,-0.0042139779897811,0.726049679553229,-6.37647373652173,25.12996798141561,59.68678249549053,36.53937100091291,0.5,48.11307674820172,median
Tekirdag,1990,4,0.4473594637120546,22.54576021943135,4,1,1990-04-01,0.3547911626795293,0.6395969044461569,11.650205110967466,29.729318791003188,32.50225942016878,39.73401959137215,0.5,36.118139505770465,median
Tekirdag,1990,5,0.5743137535731472,30.04098055739176,12,5,1990-05-01,0.4812202497559021,0.6411565288574292,22.87436413504696,39.647335665707786,58.20662099944788,57.272827839454116,0.5,57.739724419450994,median
Tekirdag,1990,6,0.5048633232156552,32.4097944396404,10,4,1990-06-01,0.3548692843060378,0.5418339664599165,21.08275464126619,42.242382375833,80.22586789207965,46.468624398953295,0.5,63.34724614551647,median
Tekirdag,1990,7,0.2996011031383021,37.275466422324655,12,6,1990-07-01,0.2996011031383021,0.5231666607488469,30.02835555617328,43.71619808000098,0.0,47.05439623859162,0.5,23.52719811929581,median
Tekirdag,1990,8,0.2145976806432795,36.62948624593636,10,5,1990-08-01,0.2145976806432795,0.4339782774087779,33.14273610933887,46.82328926867245,0.0,74.51309098405387,0.5,37.25654549202694,median
Tekirdag,1990,9,0.23741532724687997,37.45991339616631,10,6,1990-09-01,0.19101861712950552,0.3434703364482764,26.40771318071996,42.414170237086566,30.433707356465195,30.951614235891704,0.5,30.69266079617845,median
Tekirdag,1990,10,0.2340361018610892,16.471896917354222,11,5,1990-10-01,0.2011434514005603,0.3288378133341623,13.799725248551244,32.81187913608851,25.758890183132973,85.94492930885319,0.5,55.85190974599308,median
Tekirdag,1990,11,0.399176995340532,16.722160656438408,10,1,1990-11-01,0.1514239499525368,0.399176995340532,1.834973501298128,23.50558670292281,100.0,31.302418548893836,0.5,65.65120927444691,median
Tekirdag,1990,12,,,0,0,1990-12-01,0.0335086053237319,0.4748645539071804,0.3252400200222403,16.16969215447201,,,0.5,,median
Tekirdag,1991,1,,,5,0,1991-01-01,-0.0050865274896592,0.5174061282547359,-38.83809844925004,13.979912410014924,,,0.5,,median
Tekirdag,1991,2,,,3,0,1991-02-01,0.15757807167983515,0.5636219717921834,0.6547770325647368,17.78347639338662,,,0.5,,median
Tekirdag,1991,3,0.1957357296099265,6.626500702727292,6,1,1991-03-01,-0.0042139779897811,0.726049679553229,-6.37647373652173,25.12996798141561,27.380481766331254,58.72915591148419,0.5,43.05481883890772,median
Tekirdag,1991,4,0.5726574966281104,25.52391014330362,9,3,1991-04-01,0.3547911626795293,0.6395969044461569,11.650205110967466,29.729318791003188,76.49646829350186,23.261143893040988,0.5,49.87880609327142,median
Tekirdag,1991,5,0.6411565288574292,26.10936529312177,9,2,1991-05-01,0.4812202497559021,0.6411565288574292,22.87436413504696,39.647335665707786,100.0,80.71301109549218,0.5,90.35650554774608,median
Tekirdag,1991,6,0.4453540908617083,28.606127956817545,10,4,1991-06-01,0.3548692843060378,0.5418339664599165,21.08275464126619,42.242382375833,48.39673756201623,64.444680171471,0.5,56.42070886674362,median
Tekirdag,1991,7,0.4076897589860688,33.62621990464804,9,6,1991-07-01,0.2996011031383021,0.5231666607488469,30.02835555617328,43.71619808000098,48.347633241458,73.71489084410767,0.5,61.031262042782835,median
Tekirdag,1991,8,0.3489722383815973,34.7290347320845,10,4,1991-08-01,0.2145976806432795,0.4339782774087779,33.14273610933887,46.82328926867245,61.25179697726606,88.40471869616341,0.5,74.82825783671474,median
Tekirdag,1991,9,0.2606843068879117,33.918773989466274,8,4,1991-09-01,0.19101861712950552,0.3434703364482764,26.40771318071996,42.414170237086566,45.6968869027563,53.074807358704206,0.5,49.385847130730255,median
Tekirdag,1991,10,0.2030343783233459,23.01980281852928,8,3,1991-10-01,0.2011434514005603,0.3288378133341623,13.799725248551244,32.81187913608851,1.4808225626819937,51.50429759554005,0.5,26.492560079111023,median
Tekirdag,1991,11,0.156540525287709,13.444923218283964,9,1,1991-11-01,0.1514239499525368,0.399176995340532,1.834973501298128,23.50558670292281,2.0651917021481463,46.42537518912746,0.5,24.245283445637803,median
Tekirdag,1991,12,0.21502659159256748,5.082632079336524,2,2,1991-12-01,0.0335086053237319,0.4748645539071804,0.3252400200222403,16.16969215447201,41.12734559292236,69.97439849011546,0.5,55.550872041518915,median
Tekirdag,1992,1,0.1728583717380714,1.049357925982736,5,1,1992-01-01,-0.0050865274896592,0.5174061282547359,-38.83809844925004,13.979912410014924,34.05691874734824,24.481335577907323,0.5,29.269127162627782,median
Tekirdag,1992,2,0.268898864910989,10.500846230118162,10,2,1992-02-01,0.15757807167983515,0.5636219717921834,0.6547770325647368,17.78347639338662,27.415950147349225,42.51712292835186,0.5,34.966536537850544,median
Tekirdag,1992,3,0.2852920317053708,21.00373310843302,7,3,1992-03-01,-0.0042139779897811,0.726049679553229,-6.37647373652173,25.12996798141561,39.64403906791719,13.096480110076756,0.5,26.370259588996973,median
Tekirdag,1992,4,0.52186346797153,19.415620975525297,8,5,1992-04-01,0.3547911626795293,0.6395969044461569,11.650205110967466,29.729318791003188,58.661845879814216,57.047585396108374,0.5,57.85471563796129,median
Tekirdag,1992,5,0.536726171238765,25.949534900841726,11,5,1992-05-01,0.4812202497559021,0.6411565288574292,22.87436413504696,39.647335665707786,34.70502239684335,81.66591554648869,0.5,58.18546897166602,median
Tekirdag,1992,6,0.4862224105016594,30.913065685164003,10,6,1992-06-01,0.3548692843060378,0.5418339664599165,21.08275464126619,42.242382375833,70.25558232838497,53.5421361509172,0.5,61.89885923965109,median
Tekirdag,1992,7,0.48825371005227913,30.02835555617328,11,4,1992-07-01,0.2996011031383021,0.5231666607488469,30.02835555617328,43.71619808000098,84.38357362837314,100.0,0.5,92.19178681418657,median
Tekirdag,1992,8,0.2936040202086615,35.96925739069697,10,4,1992-08-01,0.2145976806432795,0.4339782774087779,33.14273610933887,46.82328926867245,36.01336705717594,79.33913016207464,0.5,57.67624860962529,median
Tekirdag,1992,9,0.23324961720908188,30.888016595055362,12,6,1992-09-01,0.19101861712950552,0.3434703364482764,26.40771318071996,42.414170237086566,27.7012291289893,72.00939971563943,0.5,49.855314422314365,median
Tekirdag,1992,10,0.2377180524974785,26.352315611994136,8,4,1992-10-01,0.2011434514005603,0.3288378133341623,13.799725248551244,32.81187913608851,28.64229911414264,33.97596906854781,0.5,31.30913409134523,median
Tekirdag,1992,11,0.2684679892709689,10.193505817769823,9,3,1992-11-01,0.1514239499525368,0.399176995340532,1.834973501298128,23.50558670292281,47.24222022584406,61.42918412735528,0.5,54.33570217659967,median
Tekirdag,1992,12,0.21459493608339197,5.10312145057574,8,2,1992-12-01,0.0335086053237319,0.4748645539071804,0.3252400200222403,16.16969215447201,41.029543465056875,69.84508274561794,0.5,55.43731310533741,median
Tekirdag,1993,1,,,4,0,1993-01-01,-0.0050865274896592,0.5174061282547359,-38.83809844925004,13.979912410014924,,,0.5,,median
Tekirdag,1993,2,0.2793256666440158,9.2653020089283,9,4,1993-02-01,0.15757807167983515,0.5636219717921834,0.6547770325647368,17.78347639338662,29.98385025128917,49.73042146995565,0.5,39.85713586062241,median
Tekirdag,1993,3,-0.0042139779897811,-6.37647373652173,8,1,1993-03-01,-0.0042139779897811,0.726049679553229,-6.37647373652173,25.12996798141561,0.0,100.0,0.5,50.0,median
Tekirdag,1993,4,0.5377360289399005,22.02035210307114,7,2,1993-04-01,0.3547911626795293,0.6395969044461569,11.650205110967466,29.729318791003188,64.23496419895841,42.640180400241924,0.5,53.43757229960016,median
Tekirdag,1993,5,0.5864378141433173,25.756921036354697,9,4,1993-05-01,0.4812202497559021,0.6411565288574292,22.87436413504696,39.647335665707786,65.78717785514027,82.8142741669927,0.5,74.30072601106649,median
Tekirdag,1993,6,0.5292299923838797,30.090149727069814,10,4,1993-06-01,0.3548692843060378,0.5418339664599165,21.08275464126619,42.242382375833,93.25863369977901,57.43122138633397,0.5,75.34492754305649,median
Tekirdag,1993,7,0.3388081587935642,41.53804925030578,9,2,1993-07-01,0.2996011031383021,0.5231666607488469,30.02835555617328,43.71619808000098,17.537162733967037,15.913017890902022,0.5,16.72509031243453,median
Tekirdag,1993,8,0.2606724811656191,34.58292649591806,12,3,1993-08-01,0.2145976806432795,0.4339782774087779,33.14273610933887,46.82328926867245,21.002222257417834,89.47271817297376,0.5,55.2374702151958,median
Tekirdag,1993,9,0.23814236275783823,39.61307849905472,10,2,1993-09-01,0.19101861712950552,0.3434703364482764,26.40771318071996,42.414170237086566,30.910602936395037,17.49976105372864,0.5,24.20518199506184,median
Tekirdag,1993,10,0.2223120083045665,27.26961890892284,6,3,1993-10-01,0.2011434514005603,0.3288378133341623,13.799725248551244,32.81187913608851,16.577518837529666,29.15114331574339,0.5,22.864331076636528,median
Tekirdag,1993,11,0.186560710618987,12.625783093874846,7,4,1993-11-01,0.1514239499525368,0.399176995340532,1.834973501298128,23.50558670292281,14.182171045132481,50.205333406219836,0.5,32.19375222567616,median
Tekirdag,1993,12,0.14324434314410645,9.074285371278894,5,2,1993-12-01,0.0335086053237319,0.4748645539071804,0.3252400200222403,16.16969215447201,24.863319090311634,44.78164800514586,0.5,34.82248354772875,median
Tekirdag,1994,1,0.1906362508279145,0.0766835413243603,8,5,1994-01-01,-0.0050865274896592,0.5174061282547359,-38.83809844925004,13.979912410014924,37.45943147061609,26.322893729822763,0.5,31.891162600219424,median
Tekirdag,1994,2,,,0,0,1994-02-01,0.15757807167983515,0.5636219717921834,0.6547770325647368,17.78347639338662,,,0.5,,median
Tekirdag,1994,3,0.3811224945453034,10.707973355428589,7,3,1994-03-01,-0.0042139779897811,0.726049679553229,-6.37647373652173,25.12996798141561,52.76676013586086,45.774749034183216,0.5,49.27075458502203,median
Tekirdag,1994,4,0.5671374008288341,23.0269001417914,9,3,1994-04-01,0.3547911626795293,0.6395969044461569,11.650205110967466,29.729318791003188,74.55827148432394,37.07271699172447,0.5,55.8154942380242,median
Tekirdag,1994,5,0.5960557263720405,31.994998427056885,12,5,1994-05-01,0.4812202497559021,0.6411565288574292,22.87436413504696,39.647335665707786,71.80076794411426,45.6230264545701,0.5,58.711897199342175,median
Tekirdag,1994,6,,,4,0,1994-06-01,0.3548692843060378,0.5418339664599165,21.08275464126619,42.242382375833,,,0.5,,median
Tekirdag,1994,7,0.3610848868965808,33.43740520736,10,4,1994-07-01,0.2996011031383021,0.5231666607488469,30.02835555617328,43.71619808000098,27.50145613457353,75.09432443241313,0.5,51.29789028349333,median
Tekirdag,1994,8,0.2604603343615512,39.3161497035816,12,6,1994-08-01,0.2145976806432795,0.4339782774087779,33.14273610933887,46.82328926867245,20.90551962865497,54.87453232085933,0.5,37.89002597475715,median
Tekirdag,1994,9,0.19101861712950552,36.35122690407265,12,6,1994-09-01,0.19101861712950552,0.3434703364482764,26.40771318071996,42.414170237086566,0.0,37.87810951332524,0.5,18.93905475666262,median
Tekirdag,1994,10,,,4,0,1994-10-01,0.2011434514005603,0.3288378133341623,13.799725248551244,32.81187913608851,,,0.5,,median
Tekirdag,1994,11,0.2133878764385978,3.988507823750011,3,2,1994-11-01,0.1514239499525368,0.399176995340532,1.834973501298128,23.50558670292281,25.01035916189123,90.06242092729322,0.5,57.536390044592224,median
Tekirdag,1994,12,0.3865835496062184,0.3252400200222403,2,1,1994-12-01,0.0335086053237319,0.4748645539071804,0.3252400200222403,16.16969215447201,79.99777626555077,100.0,0.5,89.99888813277539,median
Tekirdag,1995,1,0.420323791745971,6.313210880189677,3,1,1995-01-01,-0.0050865274896592,0.5174061282547359,-38.83809844925004,13.979912410014924,81.41938734613376,14.515316660169923,0.5,47.967352003151845,median
Tekirdag,1995,2,0.4463149046926526,4.297486348139703,4,1,1995-02-01,0.15757807167983515,0.5636219717921834,0.6547770325647368,17.78347639338662,71.10975757373204,78.73329878211968,0.5,74.92152817792586,median
Tekirdag,1995,3,,,6,0,1995-03-01,-0.0042139779897811,0.726049679553229,-6.37647373652173,25.12996798141561,,,0.5,,median
Tekirdag,1995,4,0.541573211669883,18.224924087584313,9,2,1995-04-01,0.3547911626795293,0.6395969044461569,11.650205110967466,29.729318791003188,65.5822624332499,63.633621133335026,0.5,64.60794178329246,median
Tekirdag,1995,5,0.5861639358502357,25.04927899847793,12,6,1995-05-01,0.4812202497559021,0.6411565288574292,22.87436413504696,39.647335665707786,65.6159357238239,87.03321674722187,0.5,76.32457623552288,median
Tekirdag,1995,6,0.41836709897933394,34.73402728241635,12,6,1995-06-01,0.3548692843060378,0.5418339664599165,21.08275464126619,42.242382375833,33.96246496492589,35.4843439951018,0.5,34.72340448001385,median
Tekirdag,1995,7,0.48217017004371765,32.07967441012168,12,6,1995-07-01,0.2996011031383021,0.5231666607488469,30.02835555617328,43.71619808000098,81.66242996314045,85.01357061657102,0.5,83.33800028985573,median
Tekirdag,1995,8,0.3201471563053532,33.14273610933887,12,6,1995-08-01,0.2145976806432795,0.4339782774087779,33.14273610933887,46.82328926867245,48.11249363812162,100.0,0.5,74.05624681906082,median
Tekirdag,1995,9,0.3090824693798309,35.71818748373896,6,3,1995-09-01,0.19101861712950552,0.3434703364482764,26.40771318071996,42.414170237086566,77.44343768498817,41.83300982702018,0.5,59.63822375600417,median
Tekirdag,1995,10,0.2545503216688547,22.195077019902225,6,2,1995-10-01,0.2011434514005603,0.3288378133341623,13.799725248551244,32.81187913608851,41.82398459852496,55.84218484127538,0.5,48.83308471990017,median
Tekirdag,1995,11,0.24306721207140725,1.834973501298128,4,2,1995-11-01,0.1514239499525368,0.399176995340532,1.834973501298128,23.50558670292281,36.989762113862994,100.0,0.5,68.49488105693149,median
Tekirdag,1995,12,,,2,0,1995-12-01,0.0335086053237319,0.4748645539071804,0.3252400200222403,16.16969215447201,,,0.5,,median
Tekirdag,1996,1,,,0,0,1996-01-01,-0.0050865274896592,0.5174061282547359,-38.83809844925004,13.979912410014924,,,0.5,,median
Tekirdag,1996,2,,,5,0,1996-02-01,0.15757807167983515,0.5636219717921834,0.6547770325647368,17.78347639338662,,,0.5,,median
Tekirdag,1996,3,,,2,0,1996-03-01,-0.0042139779897811,0.726049679553229,-6.37647373652173,25.12996798141561,,,0.5,,median
Tekirdag,1996,4,0.3802994795363818,16.535880864460005,9,3,1996-04-01,0.3547911626795293,0.6395969044461569,11.650205110967466,29.729318791003188,8.956391362978298,72.97613234830389,0.5,40.96626185564109,median
Tekirdag,1996,5,0.5235086970978182,33.0692099026646,10,4,1996-05-01,0.4812202497559021,0.6411565288574292,22.87436413504696,39.647335665707786,26.440809789673494,39.21860685817318,0.5,32.82970832392334,median
Tekirdag,1996,6,0.45548050037034626,35.26007203854181,12,4,1996-06-01,0.3548692843060378,0.5418339664599165,21.08275464126619,42.242382375833,53.81295274874522,32.998266438708406,0.5,43.40560959372681,median
Tekirdag,1996,7,0.3874913105014234,35.65340213063027,12,4,1996-07-01,0.2996011031383021,0.5231666607488469,30.02835555617328,43.71619808000098,39.3129461901406,58.90479770887963,0.5,49.10887194951012,median
Tekirdag,1996,8,0.28856669874224383,42.63451401444965,10,4,1996-08-01,0.2145976806432795,0.4339782774087779,33.14273610933887,46.82328926867245,33.71721072398746,30.618464074056828,0.5,32.16783739902215,median
Tekirdag,1996,9,0.3149714064589558,27.556707856018072,9,2,1996-09-01,0.19101861712950552,0.3434703364482764,26.40771318071996,42.414170237086566,81.30625871805987,92.82168020535752,0.5,87.0639694617087,median
Tekirdag,1996,10,0.28992637550015443,13.799725248551244,11,2,1996-10-01,0.2011434514005603,0.3288378133341623,13.799725248551244,32.81187913608851,69.52767745983893,100.0,0.5,84.76383872991946,median
Tekirdag,1996,11,0.2460257166222592,12.199879238088673,8,2,1996-11-01,0.1514239499525368,0.399176995340532,1.834973501298128,23.50558670292281,38.18389659815107,52.170685525347885,0.5,45.17729106174948,median
Tekirdag,1996,12,,,3,0,1996-12-01,0.0335086053237319,0.4748645539071804,0.3252400200222403,16.16969215447201,,,0.5,,median
Tekirdag,1997,1,0.45067880498901125,5.185346885047144,7,2,1997-01-01,-0.0050865274896592,0.5174061282547359,-38.83809844925004,13.979912410014924,87.2290409191191,16.65069430274673,0.5,51.939867610932914,median
Tekirdag,1997,2,,,6,0,1997-02-01,0.15757807167983515,0.5636219717921834,0.6547770325647368,17.78347639338662,,,0.5,,median
Tekirdag,1997,3,0.4325818341602901,14.513914801879585,7,2,1997-03-01,-0.0042139779897811,0.726049679553229,-6.37647373652173,25.12996798141561,59.81343965817517,33.694865559800945,0.5,46.75415260898806,median
Tekirdag,1997,4,,,8,0,1997-04-01,0.3547911626795293,0.6395969044461569,11.650205110967466,29.729318791003188,,,0.5,,median
Tekirdag,1997,5,0.556819932098629,35.42084688290343,12,4,1997-05-01,0.4812202497559021,0.6411565288574292,22.87436413504696,39.647335665707786,47.268626460126924,25.19821115225989,0.5,36.233418806193406,median
Tekirdag,1997,6,0.4329216825886692,38.63925081495311,10,3,1997-06-01,0.3548692843060378,0.5418339664599165,21.08275464126619,42.242382375833,41.74713501151593,17.02833152869577,0.5,29.387733270105848,median
Tekirdag,1997,7,0.4191935622067034,39.26129514766171,10,4,1997-07-01,0.2996011031383021,0.5231666607488469,30.02835555617328,43.71619808000098,53.49323945360739,32.54642157508901,0.5,43.0198305143482,median
Tekirdag,1997,8,0.32801215237854553,34.495800753480474,12,4,1997-08-01,0.2145976806432795,0.4339782774087779,33.14273610933887,46.82328926867245,51.69758556929157,90.10957650335598,0.5,70.90358103632377,median
Tekirdag,1997,9,0.2799435094918832,31.377787519415435,12,4,1997-09-01,0.19101861712950552,0.3434703364482764,26.40771318071996,42.414170237086566,58.329871752012856,68.9495662831981,0.5,63.63971901760547,median
Tekirdag,1997,10,,,9,0,1997-10-01,0.2011434514005603,0.3288378133341623,13.799725248551244,32.81187913608851,,,0.5,,median
Tekirdag,1997,11,0.1514239499525368,5.194158795773826,8,2,1997-11-01,0.1514239499525368,0.399176995340532,1.834973501298128,23.50558670292281,0.0,84.49889136397923,0.5,42.24944568198961,median
Tekirdag,1997,12,,,2,0,1997-12-01,0.0335086053237319,0.4748645539071804,0.3252400200222403,16.16969215447201,,,0.5,,median
Tekirdag,1998,1,0.22669167046286715,7.8658629689628246,4,2,1998-01-01,-0.0050865274896592,0.5174061282547359,-38.83809844925004,13.979912410014924,44.360087247984765,11.575690454044457,0.5,27.96788885101461,median
Tekirdag,1998,2,0.3814035918269687,7.1296599950727835,10,2,1998-02-01,0.15757807167983515,0.5636219717921834,0.6547770325647368,17.78347639338662,55.12347804885218,62.198630344824025,0.5,58.6610541968381,median
Tekirdag,1998,3,,,5,0,1998-03-01,-0.0042139779897811,0.726049679553229,-6.37647373652173,25.12996798141561,,,0.5,,median
Tekirdag,1998,4,0.39879330935288665,16.109243662559155,9,2,1998-04-01,0.3547911626795293,0.6395969044461569,11.650205110967466,29.729318791003188,15.449880469549344,75.33596706947152,0.5,45.39292376951043,median
Tekirdag,1998,5,0.554340673035293,24.45366976935904,6,3,1998-05-01,0.4812202497559021,0.6411565288574292,22.87436413504696,39.647335665707786,45.71847218789818,90.58422276920268,0.5,68.15134747855043,median
Tekirdag,1998,6,0.47810139276705776,34.751429401145884,12,4,1998-06-01,0.3548692843060378,0.5418339664599165,21.08275464126619,42.242382375833,65.91197173784695,35.4021019115083,0.5,50.65703682467763,median
Tekirdag,1998,7,0.43971691886544617,37.7550120275186,12,4,1998-07-01,0.2996011031383021,0.5231666607488469,30.02835555617328,43.71619808000098,62.673256661130395,43.55095437506083,0.5,53.11210551809562,median
Tekirdag,1998,8,0.3343260805602442,35.08328046430737,11,3,1998-08-01,0.2145976806432795,0.4339782774087779,33.14273610933887,46.82328926867245,54.57565604352216,85.81530781418321,0.5,70.19548192885269,median
Tekirdag,1998,9,0.252390503666524,35.898874639895865,10,3,1998-09-01,0.19101861712950552,0.3434703364482764,26.40771318071996,42.414170237086566,40.25660504929573,40.70417066217178,0.5,40.48038785573375,median
Tekirdag,1998,10,0.2735025332117082,16.029701708698873,9,2,1998-10-01,0.2011434514005603,0.3288378133341623,13.799725248551244,32.81187913608851,56.66583920813425,88.27078471309129,0.5,72.46831196061277,median
Tekirdag,1998,11,0.32040214266750633,16.451863026995767,8,2,1998-11-01,0.1514239499525368,0.399176995340532,1.834973501298128,23.50558670292281,68.20428481528458,32.54971887642853,0.5,50.377001845856554,median
Tekirdag,1998,12,,,6,0,1998-12-01,0.0335086053237319,0.4748645539071804,0.3252400200222403,16.16969215447201,,,0.5,,median
Tekirdag,1999,1,0.3641672260350756,8.230760891012709,7,1,1999-01-01,-0.0050865274896592,0.5174061282547359,-38.83809844925004,13.979912410014924,70.67156819623793,10.884831566870224,0.5,40.77819988155407,median
Tekirdag,1999,2,0.35971695922623825,11.55612429187908,8,2,1999-02-01,0.15757807167983515,0.5636219717921834,0.6547770325647368,17.78347639338662,49.782520434483395,36.35624614762773,0.5,43.06938329105556,median
Tekirdag,1999,3,0.4344022850435928,16.398789864862227,6,5,1999-03-01,-0.0042139779897811,0.726049679553229,-6.37647373652173,25.12996798141561,60.062726455416,27.71235861770618,0.5,43.887542536561085,median
Tekirdag,1999,4,0.524486294195785,21.390025820403565,10,5,1999-04-01,0.3547911626795293,0.6395969044461569,11.650205110967466,29.729318791003188,59.58276348771978,46.12666925043167,0.5,52.854716369075724,median
Tekirdag,1999,5,0.4812202497559021,27.475760104923737,12,4,1999-05-01,0.4812202497559021,0.6411565288574292,22.87436413504696,39.647335665707786,0.0,72.56660239680566,0.5,36.28330119840283,median
Tekirdag,1999,6,0.3548692843060378,33.142565403579596,10,2,1999-06-01,0.3548692843060378,0.5418339664599165,21.08275464126619,42.242382375833,0.0,43.005562698949355,0.5,21.502781349474677,median
Tekirdag,1999,7,0.3993990990690144,38.68284714953219,18,7,1999-07-01,0.2996011031383021,0.5231666607488469,30.02835555617328,43.71619808000098,44.63925346880228,36.772419917213135,0.5,40.70583669300771,median
Tekirdag,1999,8,0.30442205997361216,40.074758493213636,21,8,1999-08-01,0.2145976806432795,0.4339782774087779,33.14273610933887,46.82328926867245,40.944541429225964,49.329370653807345,0.5,45.136956041516655,median
Tekirdag,1999,9,0.2751598563147162,35.90393325599685,19,7,1999-09-01,0.19101861712950552,0.3434703364482764,26.40771318071996,42.414170237086566,55.19205658105728,40.672567065678386,0.5,47.93231182336783,median
Tekirdag,1999,10,0.2196569371359064,28.362516574410783,21,8,1999-10-01,0.2011434514005603,0.3288378133341623,13.799725248551244,32.81187913608851,14.498279685185048,23.40272747631369,0.5,18.95050358074937,median
Tekirdag,1999,11,0.27048152192671154,13.738913806732757,19,4,1999-11-01,0.1514239499525368,0.399176995340532,1.834973501298128,23.50558670292281,48.05493784656567,45.06874265771966,0.5,46.561840252142666,median
Tekirdag,1999,12,,,13,0,1999-12-01,0.0335086053237319,0.4748645539071804,0.3252400200222403,16.16969215447201,,,0.5,,median
Tekirdag,2000,1,0.3815943390758179,7.618343114838368,13,7,2000-01-01,-0.0050865274896592,0.5174061282547359,-38.83809844925004,13.979912410014924,74.00694771768094,12.044318200712123,0.5,43.025632959196535,median
Tekirdag,2000,2,0.4311429870890074,11.675607637307778,14,3,2000-02-01,0.15757807167983515,0.5636219717921834,0.6547770325647368,17.78347639338662,67.37323607951741,35.658683869770314,0.5,51.51595997464386,median
Tekirdag,2000,3,0.4310518213715196,16.39701128120403,15,3,2000-03-01,-0.0042139779897811,0.726049679553229,-6.37647373652173,25.12996798141561,59.60392453675747,27.71800376060781,0.5,43.66096414868264,median
Tekirdag,2000,4,0.41001209303652575,26.13256616962761,6,2,2000-04-01,0.3547911626795293,0.6395969044461569,11.650205110967466,29.729318791003188,19.3889807187402,19.894518531333624,0.5,19.641749625036912,median
Tekirdag,2000,5,0.5704177558005264,27.094587457870105,20,10,2000-05-01,0.4812202497559021,0.6411565288574292,22.87436413504696,39.647335665707786,55.77065225332771,74.83914334971226,0.5,65.30489780151999,median
Tekirdag,2000,6,0.5085003787482631,33.56849562764074,16,5,2000-06-01,0.3548692843060378,0.5418339664599165,21.08275464126619,42.242382375833,82.17118477797928,40.99262452534747,0.5,61.58190465166338,median
Tekirdag,2000,7,0.3781464777575108,42.817203887789226,20,11,2000-07-01,0.2996011031383021,0.5231666607488469,30.02835555617328,43.71619808000098,35.133039032799566,6.567829741223204,0.5,20.850434387011386,median
Tekirdag,2000,8,0.2657635901198646,38.18507563839604,21,7,2000-08-01,0.2145976806432795,0.4339782774087779,33.14273610933887,46.82328926867245,23.322896478068053,63.14228328101609,0.5,43.232589879542076,median
Tekirdag,2000,9,0.2293682533532716,36.575630143135,21,8,2000-09-01,0.19101861712950552,0.3434703364482764,26.40771318071996,42.414170237086566,25.155266464118004,36.47615505037245,0.5,30.815710757245228,median
Tekirdag,2000,10,0.24718300545662647,25.01063510281394,16,4,2000-10-01,0.2011434514005603,0.3288378133341623,13.799725248551244,32.81187913608851,36.05449242935693,41.03293124714499,0.5,38.54371183825096,median
Tekirdag,2000,11,0.2402153068956882,17.70213865706717,20,5,2000-11-01,0.1514239499525368,0.399176995340532,1.834973501298128,23.50558670292281,35.83865409367588,26.780266861209746,0.5,31.309460477442812,median
Tekirdag,2000,12,0.3616702682619283,11.638472869660948,19,3,2000-12-01,0.0335086053237319,0.4748645539071804,0.3252400200222403,16.16969215447201,74.35306219196677,28.598144299095498,0.5,51.47560324553113,median
Tekirdag,2001,1,0.4369832661757511,12.875346864947328,12,5,2001-01-01,-0.0050865274896592,0.5174061282547359,-38.83809844925004,13.979912410014924,84.60784832192401,2.0912668370089524,0.5,43.349557579466484,median
Tekirdag,2001,2,0.2512671754044839,9.609017100156697,12,3,2001-02-01,0.15757807167983515,0.5636219717921834,0.6547770325647368,17.78347639338662,23.07363900768511,47.723759527983745,0.5,35.39869926783443,median
Tekirdag,2001,3,0.4286334197884425,14.596568332217174,17,4,2001-03-01,-0.0042139779897811,0.726049679553229,-6.37647373652173,25.12996798141561,59.272756258273795,33.43252704795772,0.5,46.352641653115754,median
Tekirdag,2001,4,0.5694743520846932,20.58689756742476,16,5,2001-04-01,0.3547911626795293,0.6395969044461569,11.650205110967466,29.729318791003188,75.37881366909986,50.568968066582585,0.5,62.97389086784122,median
Tekirdag,2001,5,0.5383936322111326,28.6850315439778,16,7,2001-05-01,0.4812202497559021,0.6411565288574292,22.87436413504696,39.647335665707786,35.74760071724374,65.35695897230256,0.5,50.55227984477315,median
Tekirdag,2001,6,0.4386471550433499,39.16488735420358,22,9,2001-06-01,0.3548692843060378,0.5418339664599165,21.08275464126619,42.242382375833,44.809463355415886,14.54418319752367,0.5,29.67682327646978,median
Tekirdag,2001,7,0.3082956654206178,42.31304951215848,24,12,2001-07-01,0.2996011031383021,0.5231666607488469,30.02835555617328,43.71619808000098,3.8890437217801557,10.25105720934405,0.5,7.070050465562103,median
Tekirdag,2001,8,0.240749672181689,43.79638382976105,20,9,2001-08-01,0.2145976806432795,0.4339782774087779,33.14273610933887,46.82328926867245,11.920831615917262,22.125607083703983,0.5,17.023219349810624,median
Tekirdag,2001,9,0.2155920116314157,34.71553127538196,19,9,2001-09-01,0.19101861712950552,0.3434703364482764,26.40771318071996,42.414170237086566,16.118804439671898,48.09708316208833,0.5,32.107943800880115,median
Tekirdag,2001,10,0.2011434514005603,24.44990915464598,21,5,2001-10-01,0.2011434514005603,0.3288378133341623,13.799725248551244,32.81187913608851,0.0,43.98223384318343,0.5,21.991116921591715,median
Tekirdag,2001,11,0.24834177271861096,21.466535799412135,15,6,2001-11-01,0.1514239499525368,0.399176995340532,1.834973501298128,23.50558670292281,39.118721069319406,9.409290288831341,0.5,24.264005679075375,median
Tekirdag,2001,12,0.0335086053237319,2.2603426700000284,9,1,2001-12-01,0.0335086053237319,0.4748645539071804,0.3252400200222403,16.16969215447201,0.0,87.78687559811301,0.5,43.89343779905651,median
Tekirdag,2002,1,0.2226552163344851,7.113465566228918,19,6,2002-01-01,-0.0050865274896592,0.5174061282547359,-38.83809844925004,13.979912410014924,43.587549283287196,13.00019961388141,0.5,28.293874448584305,median
Tekirdag,2002,2,0.2830380452616792,14.60521930219109,19,9,2002-02-01,0.15757807167983515,0.5636219717921834,0.6547770325647368,17.78347639338662,30.89813036155217,18.55515719112388,0.5,24.726643776338022,median
Tekirdag,2002,3,0.3072368302204308,18.73637628870159,11,5,2002-03-01,-0.0042139779897811,0.726049679553229,-6.37647373652173,25.12996798141561,42.64909050220243,20.29296659379343,0.5,31.47102854799793,median
Tekirdag,2002,4,0.502604279545579,19.41752194132646,9,4,2002-04-01,0.3547911626795293,0.6395969044461569,11.650205110967466,29.729318791003188,51.89962672422842,57.03707068927702,0.5,54.46834870675272,median
Tekirdag,2002,5,0.5247612968825162,32.63480945432438,16,9,2002-05-01,0.4812202497559021,0.6411565288574292,22.87436413504696,39.647335665707786,27.22399656364039,41.8084905144242,0.5,34.516243539032295,median
Tekirdag,2002,6,0.47066822297924227,35.00940532439573,17,8,2002-06-01,0.3548692843060378,0.5418339664599165,21.08275464126619,42.242382375833,61.93626375803838,34.182912583198856,0.5,48.05958817061862,median
Tekirdag,2002,7,0.418970511913769,40.12504629950611,20,9,2002-07-01,0.2996011031383021,0.5231666607488469,30.02835555617328,43.71619808000098,53.39346992948285,26.236068790559344,0.5,39.814769360021096,median
Tekirdag,2002,8,0.31695182968442104,35.26038526842585,10,6,2002-08-01,0.2145976806432795,0.4339782774087779,33.14273610933887,46.82328926867245,46.655971653933705,84.52073439996678,0.5,65.58835302695024,median
Tekirdag,2002,9,0.2185655690919262,26.40771318071996,11,5,2002-09-01,0.19101861712950552,0.3434703364482764,26.40771318071996,42.414170237086566,18.06929569932959,100.0,0.5,59.03464784966479,median
Tekirdag,2002,10,0.3009146090996686,23.420968022732595,10,4,2002-10-01,0.2011434514005603,0.3288378133341623,13.799725248551244,32.81187913608851,78.13278220614542,49.39425153460276,0.5,63.76351687037409,median
Tekirdag,2002,11,0.3300801018315904,19.785779422631446,9,2,2002-11-01,0.1514239499525368,0.399176995340532,1.834973501298128,23.50558670292281,72.11057753064873,17.165214688121896,0.5,44.63789610938531,median
Tekirdag,2002,12,0.4011091851781551,6.931581070745946,7,2,2002-12-01,0.0335086053237319,0.4748645539071804,0.3252400200222403,16.16969215447201,83.2889147714568,58.30502061753287,0.5,70.79696769449484,median
Tekirdag,2003,1,0.2216801484526139,4.044447779903148,7,2,2003-01-01,-0.0050865274896592,0.5174061282547359,-38.83809844925004,13.979912410014924,43.40093079762025,18.810751235189628,0.5,31.105841016404938,median
Tekirdag,2003,2,0.2549127419893154,1.5208725686926912,7,2,2003-02-01,0.15757807167983515,0.5636219717921834,0.6547770325647368,17.78347639338662,23.971464731411736,94.94360010714557,0.5,59.45753241927865,median
Tekirdag,2003,3,0.3800880421942415,18.956688381852146,9,4,2003-03-01,-0.0042139779897811,0.726049679553229,-6.37647373652173,25.12996798141561,52.62510549641977,19.593706121529028,0.5,36.1094058089744,median
Tekirdag,2003,4,0.479893112135552,24.82487343754837,11,3,2003-04-01,0.3547911626795293,0.6395969044461569,11.650205110967466,29.729318791003188,43.92536073185364,27.12768690021937,0.5,35.5265238160365,median
Tekirdag,2003,5,0.5358085217424562,33.94819430316482,8,5,2003-05-01,0.4812202497559021,0.6411565288574292,22.87436413504696,39.647335665707786,34.1312629587322,33.97812577291384,0.5,34.054694365823025,median
Tekirdag,2003,6,0.39842182835683226,41.79903440086145,2,2,2003-06-01,0.3548692843060378,0.5418339664599165,21.08275464126619,42.242382375833,23.29453004121341,2.0952541345861633,0.5,12.694892087899786,median
Tekirdag,2003,7,0.34870351236181363,38.73226666638776,14,4,2003-07-01,0.2996011031383021,0.5231666607488469,30.02835555617328,43.71619808000098,21.963315704044533,36.411373121346394,0.5,29.187344412695463,median
Tekirdag,2003,8,0.3097707781474659,42.41341622079407,14,5,2003-08-01,0.2145976806432795,0.4339782774087779,33.14273610933887,46.82328926867245,43.38264135816869,32.23461066608798,0.5,37.808626012128336,median
Tekirdag,2003,9,0.23854688075728958,32.915284242086486,17,8,2003-09-01,0.19101861712950552,0.3434703364482764,26.40771318071996,42.414170237086566,31.175944646714168,59.34408821108776,0.5,45.26001642890096,median
Tekirdag,2003,10,0.2089637961907161,26.51951419993304,13,3,2003-10-01,0.2011434514005603,0.3288378133341623,13.799725248551244,32.81187913608851,6.124267878187272,33.09653905273826,0.5,19.610403465462767,median
Tekirdag,2003,11,0.2678432546431904,18.41314002392953,8,3,2003-11-01,0.1514239499525368,0.399176995340532,1.834973501298128,23.50558670292281,46.9900600044429,23.499319708274296,0.5,35.2446898563586,median
Tekirdag,2003,12,0.37525189711833123,6.17447267964857,4,2,2003-12-01,0.0335086053237319,0.4748645539071804,0.3252400200222403,16.16969215447201,77.43031285551709,63.08340225340675,0.5,70.25685755446192,median
Tekirdag,2004,1,,,7,0,2004-01-01,-0.0050865274896592,0.5174061282547359,-38.83809844925004,13.979912410014924,,,0.5,,median
Tekirdag,2004,2,0.4123759199778899,9.365259234119309,8,4,2004-02-01,0.15757807167983515,0.5636219717921834,0.6547770325647368,17.78347639338662,62.751305518333055,49.14685570652332,0.5,55.94908061242819,median
Tekirdag,2004,3,0.474653559817531,12.141987854428256,14,7,2004-03-01,-0.0042139779897811,0.726049679553229,-6.37647373652173,25.12996798141561,65.57460895951931,41.223252829572935,0.5,53.398930894546126,median
Tekirdag,2004,4,0.5377085126660126,24.28991421980499,13,4,2004-04-01,0.3547911626795293,0.6395969044461569,11.650205110967466,29.729318791003188,64.22530278071692,30.08667718708348,0.5,47.1559899839002,median
Tekirdag,2004,5,0.5609896524281701,31.101807862170947,12,4,2004-05-01,0.4812202497559021,0.6411565288574292,22.87436413504696,39.647335665707786,49.87573996368303,50.94820430545475,0.5,50.41197213456889,median
Tekirdag,2004,6,0.5095459474970175,28.15575595072184,16,5,2004-06-01,0.3548692843060378,0.5418339664599165,21.08275464126619,42.242382375833,82.73041807097835,66.57312974414458,0.5,74.65177390756146,median
Tekirdag,2004,7,0.42291701617590566,37.021921319369255,19,8,2004-07-01,0.2996011031383021,0.5231666607488469,30.02835555617328,43.71619808000098,55.15872585902614,48.90673419845659,0.5,52.03273002874137,median
Tekirdag,2004,8,0.3015991459484311,41.54420129115347,15,7,2004-08-01,0.2145976806432795,0.4339782774087779,33.14273610933887,46.82328926867245,39.65777584156621,38.588264056540076,0.5,39.123019949053145,median
Tekirdag,2004,9,0.2442951535924958,36.10397939779917,18,7,2004-09-01,0.19101861712950552,0.3434703364482764,26.40771318071996,42.414170237086566,34.94649761974217,39.42278304977866,0.5,37.18464033476042,median
Tekirdag,2004,10,0.21880935215940783,26.85344037775268,9,4,2004-10-01,0.2011434514005603,0.3288378133341623,13.799725248551244,32.81187913608851,13.834518996252452,31.340156373558855,0.5,22.587337684905656,median
Tekirdag,2004,11,0.2409677778715307,7.048520295516907,10,3,2004-11-01,0.1514239499525368,0.399176995340532,1.834973501298128,23.50558670292281,36.14237224764007,75.94185847113957,0.5,56.04211535938982,median
Tekirdag,2004,12,0.2405322536789448,16.16969215447201,9,5,2004-12-01,0.0335086053237319,0.4748645539071804,0.3252400200222403,16.16969215447201,46.90627803242813,0.0,0.5,23.453139016214067,median
Tekirdag,2005,1,0.17587434577763333,8.596441102445745,13,4,2005-01-01,-0.0050865274896592,0.5174061282547359,-38.83809844925004,13.979912410014924,34.6341467727384,10.192491576242023,0.5,22.413319174490212,median
Tekirdag,2005,2,0.2902012849709242,14.60963015509096,8,1,2005-02-01,0.15757807167983515,0.5636219717921834,0.6547770325647368,17.78347639338662,32.66228436245281,18.529405948680107,0.5,25.595845155566458,median
Tekirdag,2005,3,0.3635550770668795,22.99554832061095,14,6,2005-03-01,-0.0042139779897811,0.726049679553229,-6.37647373652173,25.12996798141561,50.36113344241019,6.774550042537764,0.5,28.567841742473977,median
Tekirdag,2005,4,0.487451463152609,24.65520234350386,14,5,2005-04-01,0.3547911626795293,0.6395969044461569,11.650205110967466,29.729318791003188,46.57922261334982,28.066179223722337,0.5,37.32270091853608,median
Tekirdag,2005,5,0.5212062039499122,31.39022340253196,10,4,2005-05-01,0.4812202497559021,0.6411565288574292,22.87436413504696,39.647335665707786,25.001178230879784,49.228678699429665,0.5,37.114928465154726,median
Tekirdag,2005,6,0.5408653939270447,31.58491724532115,20,10,2005-06-01,0.3548692843060378,0.5418339664599165,21.08275464126619,42.242382375833,99.4819489318979,50.36697839963221,0.5,74.92446366576506,median
Tekirdag,2005,7,0.43687392479335463,36.50612657858527,16,10,2005-07-01,0.2996011031383021,0.5231666607488469,30.02835555617328,43.71619808000098,61.401596525965886,52.67500330212356,0.5,57.03829991404472,median
Tekirdag,2005,8,0.288739350452459,41.399289699259384,19,6,2005-08-01,0.2145976806432795,0.4339782774087779,33.14273610933887,46.82328926867245,33.79591035046343,39.647516487390945,0.5,36.72171341892719,median
Tekirdag,2005,9,0.25648475019656747,38.03812211378357,16,8,2005-09-01,0.19101861712950552,0.3434703364482764,26.40771318071996,42.414170237086566,42.94220711947151,27.339267571160665,0.5,35.14073734531609,median
Tekirdag,2005,10,0.240547662945912,22.73305257612012,11,5,2005-10-01,0.2011434514005603,0.3288378133341623,13.799725248551244,32.81187913608851,30.858223455347975,53.01254460482355,0.5,41.935384030085764,median
Tekirdag,2005,11,0.23249999925345916,17.246623506148907,5,2,2005-11-01,0.1514239499525368,0.399176995340532,1.834973501298128,23.50558670292281,32.72454196232086,28.882261607182652,0.5,30.803401784751756,median
Tekirdag,2005,12,,,4,0,2005-12-01,0.0335086053237319,0.4748645539071804,0.3252400200222403,16.16969215447201,,,0.5,,median
Tekirdag,2006,1,,,2,0,2006-01-01,-0.0050865274896592,0.5174061282547359,-38.83809844925004,13.979912410014924,,,0.5,,median
Tekirdag,2006,2,0.18158884116057694,4.255218610786609,10,2,2006-02-01,0.15757807167983515,0.5636219717921834,0.6547770325647368,17.78347639338662,5.913343230645321,78.98006437980291,0.5,42.44670380522412,median
Tekirdag,2006,3,0.377811369233071,14.575309422343045,8,4,2006-03-01,-0.0042139779897811,0.726049679553229,-6.37647373652173,25.12996798141561,52.31334508801736,33.500001852203944,0.5,42.90667347011065,median
Tekirdag,2006,4,0.4733540515630924,26.453407242549567,7,6,2006-04-01,0.3547911626795293,0.6395969044461569,11.650205110967466,29.729318791003188,41.62938856082283,18.11986807777597,0.5,29.8746283192994,median
Tekirdag,2006,5,0.5239542979294136,39.647335665707786,13,6,2006-05-01,0.4812202497559021,0.6411565288574292,22.87436413504696,39.647335665707786,26.719421268006393,0.0,0.5,13.359710634003196,median
Tekirdag,2006,6,0.49863307915164373,29.134679101095223,16,6,2006-06-01,0.3548692843060378,0.5418339664599165,21.08275464126619,42.242382375833,76.89355721594686,61.94675747213058,0.5,69.42015734403871,median
Tekirdag,2006,7,0.4754426865285001,34.29209046647805,18,5,2006-07-01,0.2996011031383021,0.5231666607488469,30.02835555617328,43.71619808000098,78.65325288455978,68.85020482313053,0.5,73.75172885384515,median
Tekirdag,2006,8,0.2839144173480011,44.02869152412194,22,7,2006-08-01,0.2145976806432795,0.4339782774087779,33.14273610933887,46.82328926867245,31.596566755088215,20.42752008637816,0.5,26.012043420733185,median
Tekirdag,2006,9,0.2351120366134239,38.338875065830855,19,9,2006-09-01,0.19101861712950552,0.3434703364482764,26.40771318071996,42.414170237086566,28.922874521159496,25.460319900303933,0.5,27.191597210731715,median
Tekirdag,2006,10,0.2438382884072332,29.225564903414437,9,2,2006-10-01,0.2011434514005603,0.3288378133341623,13.799725248551244,32.81187913608851,33.435177841973314,18.863271641331234,0.5,26.149224741652276,median
Tekirdag,2006,11,0.31269309345210095,16.90695541071552,12,6,2006-11-01,0.1514239499525368,0.399176995340532,1.834973501298128,23.50558670292281,65.0926987585592,30.449675008331468,0.5,47.77118688344533,median
Tekirdag,2006,12,0.2697496190163554,11.178763229081952,18,6,2006-12-01,0.0335086053237319,0.4748645539071804,0.3252400200222403,16.16969215447201,53.52618775182469,31.499536134408462,0.5,42.512861943116576,median
Tekirdag,2007,1,0.3021287846095655,12.534165911403482,13,4,2007-01-01,-0.0050865274896592,0.5174061282547359,-38.83809844925004,13.979912410014924,58.79801538292154,2.7372225403634998,0.5,30.76761896164252,median
Tekirdag,2007,2,0.48476506828024674,8.942334031715696,14,2,2007-02-01,0.15757807167983515,0.5636219717921834,0.6547770325647368,17.78347639338662,80.57921729888868,51.61595854670137,0.5,66.09758792279503,median
Tekirdag,2007,3,0.5349995688685211,15.073535593076947,15,5,2007-03-01,-0.0042139779897811,0.726049679553229,-6.37647373652173,25.12996798141561,73.83820094135581,31.918654852773503,0.5,52.878427897064654,median
Tekirdag,2007,4,0.5863791118333699,25.8368287355135,12,6,2007-04-01,0.3547911626795293,0.6395969044461569,11.650205110967466,29.729318791003188,81.31435402858058,21.53031461817766,0.5,51.42233432337912,median
Tekirdag,2007,5,0.5221238253494829,33.658003756870215,18,6,2007-05-01,0.4812202497559021,0.6411565288574292,22.87436413504696,39.647335665707786,25.574920101533237,35.708233916030515,0.5,30.641577008781876,median
Tekirdag,2007,6,0.4230913250543652,42.242382375833,18,5,2007-06-01,0.3548692843060378,0.5418339664599165,21.08275464126619,42.242382375833,36.48926629478511,0.0,0.5,18.244633147392555,median
Tekirdag,2007,7,0.3085406957365583,42.39021412649946,20,8,2007-07-01,0.2996011031383021,0.5231666607488469,30.02835555617328,43.71619808000098,3.9986448242752557,9.687311577359669,0.5,6.842978200817463,median
Tekirdag,2007,8,0.2401802448092039,45.94170170418308,20,9,2007-08-01,0.2145976806432795,0.4339782774087779,33.14273610933887,46.82328926867245,11.66127020488976,6.4440929706698356,0.5,9.052681587779798,median
Tekirdag,2007,9,0.2181541674001159,29.758989652125848,9,4,2007-09-01,0.19101861712950552,0.3434703364482764,26.40771318071996,42.414170237086566,17.79943866285361,79.06297152702564,0.5,48.43120509493963,median
Tekirdag,2007,10,0.2627938048118762,25.243669094902643,5,3,2007-10-01,0.2011434514005603,0.3288378133341623,13.799725248551244,32.81187913608851,48.279620554721596,39.807220612425894,0.5,44.04342058357375,median
Tekirdag,2007,11,0.3354428355245684,9.1159711998526,6,1,2007-11-01,0.1514239499525368,0.399176995340532,1.834973501298128,23.50558670292281,74.27512557266355,66.40151512644503,0.5,70.3383203495543,median
Tekirdag,2007,12,,,2,0,2007-12-01,0.0335086053237319,0.4748645539071804,0.3252400200222403,16.16969215447201,,,0.5,,median
Tekirdag,2008,1,0.30332465763627203,9.541287389974547,6,2,2008-01-01,-0.0050865274896592,0.5174061282547359,-38.83809844925004,13.979912410014924,59.02689382045723,8.403620181508186,0.5,33.71525700098271,median
Tekirdag,2008,2,0.3699460570357685,17.78347639338662,8,3,2008-02-01,0.15757807167983515,0.5636219717921834,0.6547770325647368,17.78347639338662,52.3017302555643,0.0,0.5,26.15086512778215,median
Tekirdag,2008,3,0.4664550050622855,21.360865214489664,12,6,2008-03-01,-0.0042139779897811,0.726049679553229,-6.37647373652173,25.12996798141561,64.45192475217019,11.96295919630972,0.5,38.207441974239956,median
Tekirdag,2008,4,0.5707209394831156,24.750831897964723,7,6,2008-04-01,0.3547911626795293,0.6395969044461569,11.650205110967466,29.729318791003188,75.81651109426058,27.537228766563228,0.5,51.676869930411904,median
Tekirdag,2008,5,0.5370646707516376,33.70075089311259,17,7,2008-05-01,0.4812202497559021,0.6411565288574292,22.87436413504696,39.647335665707786,34.916668881789825,35.45337665258,0.5,35.18502276718491,median
Tekirdag,2008,6,0.43640539104579956,35.38383702670839,17,6,2008-06-01,0.3548692843060378,0.5418339664599165,21.08275464126619,42.242382375833,43.61043262312749,32.41335544821683,0.5,38.01189403567216,median
Tekirdag,2008,7,0.3540719579649239,40.22138034360097,17,9,2008-07-01,0.2996011031383021,0.5231666607488469,30.02835555617328,43.71619808000098,24.364600437027512,25.53227603485542,0.5,24.948438235941467,median
Tekirdag,2008,8,0.269435436286571,44.1861327061698,17,9,2008-08-01,0.2145976806432795,0.4339782774087779,33.14273610933887,46.82328926867245,24.99662980765296,19.276680787599894,0.5,22.136655297626426,median
Tekirdag,2008,9,0.2078484886681772,35.577053422582075,13,5,2008-09-01,0.19101861712950552,0.3434703364482764,26.40771318071996,42.414170237086566,11.039476375783634,42.71474187215597,0.5,26.877109123969802,median
Tekirdag,2008,10,,,5,0,2008-10-01,0.2011434514005603,0.3288378133341623,13.799725248551244,32.81187913608851,,,0.5,,median
Tekirdag,2008,11,0.24077795708852862,22.902868369476124,5,2,2008-11-01,0.1514239499525368,0.399176995340532,1.834973501298128,23.50558670292281,36.065755315361876,2.7812703214207986,0.5,19.423512818391337,median
Tekirdag,2008,12,,,4,0,2008-12-01,0.0335086053237319,0.4748645539071804,0.3252400200222403,16.16969215447201,,,0.5,,median
Tekirdag,2009,1,,,6,0,2009-01-01,-0.0050865274896592,0.5174061282547359,-38.83809844925004,13.979912410014924,,,0.5,,median
Tekirdag,2009,2,0.4680056758112617,7.319115177571751,9,3,2009-02-01,0.15757807167983515,0.5636219717921834,0.6547770325647368,17.78347639338662,76.4517344172722,61.092561643937685,0.5,68.77214803060494,median
Tekirdag,2009,3,0.5771227262124352,17.720410964021262,5,2,2009-03-01,-0.0042139779897811,0.726049679553229,-6.37647373652173,25.12996798141561,79.60641313551572,23.51759390580726,0.5,51.56200352066149,median
Tekirdag,2009,4,0.5353708799157546,11.650205110967466,12,2,2009-04-01,0.3547911626795293,0.6395969044461569,11.650205110967466,29.729318791003188,63.40452131200148,100.0,0.5,81.70226065600073,median
Tekirdag,2009,5,0.5944900426752755,34.23750853256762,22,10,2009-05-01,0.4812202497559021,0.6411565288574292,22.87436413504696,39.647335665707786,70.82182576441586,32.25324220726816,0.5,51.53753398584201,median
Tekirdag,2009,6,0.3828772075390332,37.958328375561095,20,8,2009-06-01,0.3548692843060378,0.5418339664599165,21.08275464126619,42.242382375833,14.980328322085906,20.24635808348078,0.5,17.61334320278334,median
Tekirdag,2009,7,0.3947070647356709,37.2085030090072,23,11,2009-07-01,0.2996011031383021,0.5231666607488469,30.02835555617328,43.71619808000098,42.540524852690005,47.5436144130474,0.5,45.0420696328687,median
Tekirdag,2009,8,0.2915338436519831,40.09402743473651,23,12,2009-08-01,0.2145976806432795,0.4339782774087779,33.14273610933887,46.82328926867245,35.069720906513275,49.18852151343667,0.5,42.12912120997497,median
Tekirdag,2009,9,0.2510468374052954,28.864637993090387,17,9,2009-09-01,0.19101861712950552,0.3434703364482764,26.40771318071996,42.414170237086566,39.37523338144391,84.65041449386091,0.5,62.01282393765241,median
Tekirdag,2009,10,0.3288378133341623,23.843120599711728,17,8,2009-10-01,0.2011434514005603,0.3288378133341623,13.799725248551244,32.81187913608851,100.0,47.173816230553065,0.5,73.58690811527653,median
Tekirdag,2009,11,0.3382035364623264,17.142023760645365,14,3,2009-11-01,0.1514239499525368,0.399176995340532,1.834973501298128,23.50558670292281,75.38942103306228,29.364941744243566,0.5,52.37718138865292,median
Tekirdag,2009,12,,,5,0,2009-12-01,0.0335086053237319,0.4748645539071804,0.3252400200222403,16.16969215447201,,,0.5,,median
Tekirdag,2010,1,,,2,0,2010-01-01,-0.0050865274896592,0.5174061282547359,-38.83809844925004,13.979912410014924,,,0.5,,median
Tekirdag,2010,2,0.17369457104617275,8.06197169260729,8,4,2010-02-01,0.15757807167983515,0.5636219717921834,0.6547770325647368,17.78347639338662,3.9691519468408054,56.75565024519681,0.5,30.362401096018807,median
Tekirdag,2010,3,0.46323808456366133,15.302112003671837,9,6,2010-03-01,-0.0042139779897811,0.726049679553229,-6.37647373652173,25.12996798141561,64.01140981412061,31.19316381623809,0.5,47.602286815179355,median
Tekirdag,2010,4,0.5147711210903332,20.710291905962524,17,9,2010-04-01,0.3547911626795293,0.6395969044461569,11.650205110967466,29.729318791003188,56.17160574729315,49.886443797298156,0.5,53.02902477229566,median
Tekirdag,2010,5,0.5596542017350206,31.715972199509363,21,10,2010-05-01,0.4812202497559021,0.6411565288574292,22.87436413504696,39.647335665707786,49.040750741317915,47.28657323301342,0.5,48.16366198716567,median
Tekirdag,2010,6,0.4450297317523547,38.178310730063856,14,5,2010-06-01,0.3548692843060378,0.5418339664599165,21.08275464126619,42.242382375833,48.22325072716759,19.20672564163307,0.5,33.714988184400326,median
Tekirdag,2010,7,0.4671230563841288,37.9257832448624,20,11,2010-07-01,0.2996011031383021,0.5231666607488469,30.02835555617328,43.71619808000098,74.93191484247004,42.3033419989941,0.5,58.61762842073207,median
Tekirdag,2010,8,0.2902133637666231,38.93298870000797,14,9,2010-08-01,0.2145976806432795,0.4339782774087779,33.14273610933887,46.82328926867245,34.467808109835325,57.675303598972604,0.5,46.07155585440397,median
Tekirdag,2010,9,0.2693883584350383,36.64860038648509,14,8,2010-09-01,0.19101861712950552,0.3434703364482764,26.40771318071996,42.414170237086566,51.40626924755407,36.02027500713035,0.5,43.71327212734221,median
Tekirdag,2010,10,0.24849894024281624,25.359991383982646,13,6,2010-10-01,0.2011434514005603,0.3288378133341623,13.799725248551244,32.81187913608851,37.08502718928159,39.19538941345662,0.5,38.1402083013691,median
Tekirdag,2010,11,0.232547793804527,15.504677712181255,10,3,2010-11-01,0.1514239499525368,0.399176995340532,1.834973501298128,23.50558670292281,32.74383316860775,36.9205472697086,0.5,34.83219021915818,median
Tekirdag,2010,12,0.317888461860136,13.005810717560752,5,1,2010-12-01,0.0335086053237319,0.4748645539071804,0.3252400200222403,16.16969215447201,64.4332216319127,19.96838647410341,0.5,42.200804053008056,median
Tekirdag,2011,1,0.4623229353959876,3.797748782672612,7,4,2011-01-01,-0.0050865274896592,0.5174061282547359,-38.83809844925004,13.979912410014924,89.45761394860733,19.27782485878343,0.5,54.36771940369538,median
Tekirdag,2011,2,0.4380836069028271,13.944389048603899,11,4,2011-02-01,0.15757807167983515,0.5636219717921834,0.6547770325647368,17.78347639338662,69.08256352216567,22.41318657015948,0.5,45.74787504616258,median
Tekirdag,2011,3,0.51087648551592,24.29719323740352,10,3,2011-03-01,-0.0042139779897811,0.726049679553229,-6.37647373652173,25.12996798141561,70.5348620577307,2.6431888166475295,0.5,36.589025437189115,median
Tekirdag,2011,4,,,9,0,2011-04-01,0.3547911626795293,0.6395969044461569,11.650205110967466,29.729318791003188,,,0.5,,median
Tekirdag,2011,5,0.5894273501742329,29.644276848806015,15,8,2011-05-01,0.4812202497559021,0.6411565288574292,22.87436413504696,39.647335665707786,67.65638229562735,59.63796455873236,0.5,63.64717342717985,median
Tekirdag,2011,6,0.427411831359243,35.310879533120634,16,11,2011-06-01,0.3548692843060378,0.5418339664599165,21.08275464126619,42.242382375833,38.800133917003656,32.75815118140723,0.5,35.779142549205446,median
Tekirdag,2011,7,0.4065741537878387,39.23726156034094,15,8,2011-07-01,0.2996011031383021,0.5231666607488469,30.02835555617328,43.71619808000098,47.84862739719753,32.722005033759984,0.5,40.28531621547876,median
Tekirdag,2011,8,0.3546005141154104,39.329013102132066,22,12,2011-08-01,0.2145976806432795,0.4339782774087779,33.14273610933887,46.82328926867245,63.81732730072912,54.78050543173687,0.5,59.298916366232994,median
Tekirdag,2011,9,0.2567568402297287,38.289567186154,22,11,2011-09-01,0.19101861712950552,0.3434703364482764,26.40771318071996,42.414170237086566,43.12068331795394,25.76836982979936,0.5,34.44452657387665,median
Tekirdag,2011,10,0.27777592000381524,20.68146127366463,18,8,2011-10-01,0.2011434514005603,0.3288378133341623,13.799725248551244,32.81187913608851,60.01241358103342,63.80349083107063,0.5,61.90795220605203,median
Tekirdag,2011,11,0.2562366826756896,13.128735305703916,11,3,2011-11-01,0.1514239499525368,0.399176995340532,1.834973501298128,23.50558670292281,42.30532567581972,47.88443825134087,0.5,45.09488196358029,median
Tekirdag,2011,12,0.3690897772108301,11.991374495574858,5,3,2011-12-01,0.0335086053237319,0.4748645539071804,0.3252400200222403,16.16969215447201,76.0341336656186,26.370856015983367,0.5,51.20249484080098,median
Tekirdag,2012,1,0.32778939611931224,1.398424280759667,4,2,2012-01-01,-0.0050865274896592,0.5174061282547359,-38.83809844925004,13.979912410014924,63.70920623462606,23.820450495152073,0.5,43.76482836488907,median
Tekirdag,2012,2,0.2286808757790299,0.6547770325647368,6,5,2012-02-01,0.15757807167983515,0.5636219717921834,0.6547770325647368,17.78347639338662,17.5111124879653,100.0,0.5,58.75555624398265,median
Tekirdag,2012,3,0.3576164248148732,23.48973375525389,8,5,2012-03-01,-0.0042139779897811,0.726049679553229,-6.37647373652173,25.12996798141561,49.5479131498946,5.206028154007303,0.5,27.37697065195095,median
Tekirdag,2012,4,0.5790281066668475,22.86673275700305,9,4,2012-04-01,0.3547911626795293,0.6395969044461569,11.650205110967466,29.729318791003188,78.73329469988703,37.958641974679914,0.5,58.345968337283466,median
Tekirdag,2012,5,0.588977156452051,34.24955684783699,8,4,2012-05-01,0.4812202497559021,0.6411565288574292,22.87436413504696,39.647335665707786,67.37489911700712,32.18141047937575,0.5,49.77815479819144,median
Tekirdag,2012,6,0.5297658180865005,37.54102773865364,10,5,2012-06-01,0.3548692843060378,0.5418339664599165,21.08275464126619,42.242382375833,93.54522563599282,22.21851299160208,0.5,57.88186931379745,median
Tekirdag,2012,7,0.3482163060987427,43.71619808000098,12,4,2012-07-01,0.2996011031383021,0.5231666607488469,30.02835555617328,43.71619808000098,21.745390247065313,0.0,0.5,10.872695123532656,median
Tekirdag,2012,8,0.2661162329329023,41.34229005242395,10,2,2012-08-01,0.2145976806432795,0.4339782774087779,33.14273610933887,46.82328926867245,23.48364123774006,40.06416372505434,0.5,31.7739024813972,median
Tekirdag,2012,9,0.2350259186560448,37.98820544547618,8,2,2012-09-01,0.19101861712950552,0.3434703364482764,26.40771318071996,42.414170237086566,28.86638584542405,27.651120894676346,0.5,28.258753370050197,median
Tekirdag,2012,10,0.25248930467445985,26.979459447386056,11,4,2012-10-01,0.2011434514005603,0.3288378133341623,13.799725248551244,32.81187913608851,40.20996111057602,30.67732211301785,0.5,35.443641611796934,median
Tekirdag,2012,11,,,5,0,2012-11-01,0.1514239499525368,0.399176995340532,1.834973501298128,23.50558670292281,,,0.5,,median
Tekirdag,2012,12,0.3819739392959118,10.55572882333984,2,1,2012-12-01,0.0335086053237319,0.4748645539071804,0.3252400200222403,16.16969215447201,78.95335614951942,35.431728932589735,0.5,57.19254254105458,median
Tekirdag,2013,1,,,4,0,2013-01-01,-0.0050865274896592,0.5174061282547359,-38.83809844925004,13.979912410014924,,,0.5,,median
Tekirdag,2013,2,0.4817240278445366,12.228735832891093,6,2,2013-02-01,0.15757807167983515,0.5636219717921834,0.6547770325647368,17.78347639338662,79.83027354308574,32.429435787756134,0.5,56.129854665420936,median
Tekirdag,2013,3,0.5341766329134253,13.854254353396541,2,2,2013-03-01,-0.0042139779897811,0.726049679553229,-6.37647373652173,25.12996798141561,73.72551068947273,35.78859754765498,0.5,54.75705411856386,median
Tekirdag,2013,4,0.6017084837238812,27.21323030070307,8,3,2013-04-01,0.3547911626795293,0.6395969044461569,11.650205110967466,29.729318791003188,86.6967496907693,13.917100886856892,0.5,50.30692528881309,median
Tekirdag,2013,5,0.5742723163009376,31.294728926205373,19,11,2013-05-01,0.4812202497559021,0.6411565288574292,22.87436413504696,39.647335665707786,58.180712386066105,49.79801416960573,0.5,53.98936327783592,median
Tekirdag,2013,6,0.452954724444866,35.71025577946695,22,9,2013-06-01,0.3548692843060378,0.5418339664599165,21.08275464126619,42.242382375833,52.46201529019278,30.87070660366598,0.5,41.66636094692938,median
Tekirdag,2013,7,0.39408778758843055,40.53652303998803,24,10,2013-07-01,0.2996011031383021,0.5231666607488469,30.02835555617328,43.71619808000098,42.263524605487724,23.229921256602637,0.5,32.746722931045184,median
Tekirdag,2013,8,0.26776116231384905,39.06634696968126,22,8,2013-08-01,0.2145976806432795,0.4339782774087779,33.14273610933887,46.82328926867245,24.23344746727869,56.70050186310631,0.5,40.4669746651925,median
Tekirdag,2013,9,0.244453318244566,35.08910080262359,15,5,2013-09-01,0.19101861712950552,0.3434703364482764,26.40771318071996,42.414170237086566,35.05024499155074,45.763215486524,0.5,40.40673023903737,median
Tekirdag,2013,10,0.2346522083552669,25.85525519457414,13,5,2013-10-01,0.2011434514005603,0.3288378133341623,13.799725248551244,32.81187913608851,26.24137545879304,36.59040413129904,0.5,31.41588979504604,median
Tekirdag,2013,11,0.2854523785386563,19.706440404599547,20,5,2013-11-01,0.1514239499525368,0.399176995340532,1.834973501298128,23.50558670292281,54.09759075866189,17.531328084608298,0.5,35.81445942163509,median
Tekirdag,2013,12,0.4156721245830674,9.421609734185802,19,5,2013-12-01,0.0335086053237319,0.4748645539071804,0.3252400200222403,16.16969215447201,86.58850537438235,42.58955982210456,0.5,64.58903259824345,median
Tekirdag,2014,1,0.4623627599953785,13.979912410014924,17,5,2014-01-01,-0.0050865274896592,0.5174061282547359,-38.83809844925004,13.979912410014924,89.46523598864044,0.0,0.5,44.73261799432022,median
Tekirdag,2014,2,0.5636219717921834,16.559690140379185,14,3,2014-02-01,0.15757807167983515,0.5636219717921834,0.6547770325647368,17.78347639338662,100.0,7.1446537021169085,0.5,53.572326851058456,median
Tekirdag,2014,3,0.6202910878723121,23.438485622156875,13,2,2014-03-01,-0.0042139779897811,0.726049679553229,-6.37647373652173,25.12996798141561,85.51775230924893,5.368687376384162,0.5,45.443219842816546,median
Tekirdag,2014,4,0.6303125738995278,20.555566686088625,14,5,2014-04-01,0.3547911626795293,0.6395969044461569,11.650205110967466,29.729318791003188,96.7401181980956,50.74226683493279,0.5,73.74119251651419,median
Tekirdag,2014,5,0.5920389721099399,25.022385838000076,21,8,2014-05-01,0.4812202497559021,0.6411565288574292,22.87436413504696,39.647335665707786,69.28929632262509,87.19355303843119,0.5,78.24142468052814,median
Tekirdag,2014,6,0.39048081597425605,36.922267133666416,20,6,2014-06-01,0.3548692843060378,0.5418339664599165,21.08275464126619,42.242382375833,19.047197180753447,25.14276389407142,0.5,22.094980537412432,median
Tekirdag,2014,7,0.3163651428139034,38.545542413965194,22,6,2014-07-01,0.2996011031383021,0.5231666607488469,30.02835555617328,43.71619808000098,7.498489416157971,37.77553443528258,0.5,22.637011925720277,median
Tekirdag,2014,8,0.4102331550638163,35.66455631382656,22,9,2014-08-01,0.2145976806432795,0.4339782774087779,33.14273610933887,46.82328926867245,89.17628874428516,81.56638715469504,0.5,85.3713379494901,median
Tekirdag,2014,9,0.3434703364482764,32.436747992179406,22,6,2014-09-01,0.19101861712950552,0.3434703364482764,26.40771318071996,42.414170237086566,100.0,62.33373325384718,0.5,81.16686662692359,median
Tekirdag,2014,10,0.26869302699839903,25.462420562431255,19,4,2014-10-01,0.2011434514005603,0.3288378133341623,13.799725248551244,32.81187913608851,52.899419030703086,38.65663310496832,0.5,45.778026067835704,median
Tekirdag,2014,11,0.2822955520357343,15.69178800066222,15,4,2014-11-01,0.1514239499525368,0.399176995340532,1.834973501298128,23.50558670292281,52.82340803449871,36.057118594478794,0.5,44.44026331448875,median
Tekirdag,2014,12,0.3871610007612839,12.485192231787783,14,3,2014-12-01,0.0335086053237319,0.4748645539071804,0.3252400200222403,16.16969215447201,80.12861196787198,23.254195799381474,0.5,51.69140388362673,median
Tekirdag,2015,1,0.33100234149179025,3.7780863030423193,17,4,2015-01-01,-0.0050865274896592,0.5174061282547359,-38.83809844925004,13.979912410014924,64.32413265266356,19.31505170491113,0.5,41.819592178787346,median
Tekirdag,2015,2,0.42838403774575623,11.838960131394117,12,6,2015-02-01,0.15757807167983515,0.5636219717921834,0.6547770325647368,17.78347639338662,66.69376537635262,34.70500670698484,0.5,50.69938604166873,median
Tekirdag,2015,3,0.42757467040185854,15.709718480714972,21,4,2015-03-01,-0.0042139779897811,0.726049679553229,-6.37647373652173,25.12996798141561,59.127774459488116,29.899439565520577,0.5,44.513607012504345,median
Tekirdag,2015,4,0.5912249082320598,22.392091049049647,19,7,2015-04-01,0.3547911626795293,0.6395969044461569,11.650205110967466,29.729318791003188,83.0157931809768,40.58400136095081,0.5,61.799897270963804,median
Tekirdag,2015,5,0.5302528596266682,34.42784932412259,22,4,2015-05-01,0.4812202497559021,0.6411565288574292,22.87436413504696,39.647335665707786,30.65759072689215,31.11843558575191,0.5,30.88801315632203,median
Tekirdag,2015,6,0.4792887069873651,32.73913302193306,21,9,2015-06-01,0.3548692843060378,0.5418339664599165,21.08275464126619,42.242382375833,66.54701906690889,44.912176495313474,0.5,55.72959778111118,median
Tekirdag,2015,7,0.4490953298771237,37.59310701336472,24,9,2015-07-01,0.2996011031383021,0.5231666607488469,30.02835555617328,43.71619808000098,66.86818324638504,44.733792458360206,0.5,55.80098785237263,median
Tekirdag,2015,8,0.3123471092449464,42.53220700273122,24,9,2015-08-01,0.2145976806432795,0.4339782774087779,33.14273610933887,46.82328926867245,44.55700733923784,31.36629210795932,0.5,37.96164972359858,median
Tekirdag,2015,9,0.25388657434798345,38.635250281301154,20,6,2015-09-01,0.19101861712950552,0.3434703364482764,26.40771318071996,42.414170237086566,41.23794569152964,23.608722045596824,0.5,32.42333386856323,median
Tekirdag,2015,10,0.2746322128140909,22.545409533707492,16,6,2015-10-01,0.2011434514005603,0.3288378133341623,13.799725248551244,32.81187913608851,57.55051382123119,53.999508225687315,0.5,55.77501102345926,median
Tekirdag,2015,11,0.28916207264579374,18.874595583978156,20,4,2015-11-01,0.1514239499525368,0.399176995340532,1.834973501298128,23.50558670292281,55.59492618044363,21.369912682477576,0.5,38.4824194314606,median
Tekirdag,2015,12,0.4748645539071804,11.137541601127996,22,8,2015-12-01,0.0335086053237319,0.4748645539071804,0.3252400200222403,16.16969215447201,100.0,31.7597005604433,0.5,65.87985028022165,median
Tekirdag,2016,1,0.4449401678877387,7.110453940189047,19,7,2016-01-01,-0.0050865274896592,0.5174061282547359,-38.83809844925004,13.979912410014924,86.13072172971408,13.005901506078555,0.5,49.56831161789632,median
Tekirdag,2016,2,0.4675827920436859,12.151238045000014,14,1,2016-02-01,0.15757807167983515,0.5636219717921834,0.6547770325647368,17.78347639338662,76.3475871151064,32.88187987740102,0.5,54.61473349625371,median
Tekirdag,2016,3,0.5825791409821247,17.14402063015986,19,5,2016-03-01,-0.0042139779897811,0.726049679553229,-6.37647373652173,25.12996798141561,80.35359734950876,25.347030371599107,0.5,52.85031386055393,median
Tekirdag,2016,4,0.6395969044461569,27.781596529135005,19,4,2016-04-01,0.3547911626795293,0.6395969044461569,11.650205110967466,29.729318791003188,100.0,10.773328252363388,0.5,55.38666412618169,median
Tekirdag,2016,5,0.6077616139369766,23.835500168410643,21,6,2016-05-01,0.4812202497559021,0.6411565288574292,22.87436413504696,39.647335665707786,79.11986254272325,94.26973311433376,0.5,86.69479782852851,median
Tekirdag,2016,6,0.4703402451976415,34.53512997806142,18,6,2016-06-01,0.3548692843060378,0.5418339664599165,21.08275464126619,42.242382375833,61.760841438794785,36.424328889212234,0.5,49.09258516400351,median
Tekirdag,2016,7,0.35174329473253807,42.25134816484953,24,8,2016-07-01,0.2996011031383021,0.5231666607488469,30.02835555617328,43.71619808000098,23.322998475940818,10.701832027958,0.5,17.01241525194941,median
Tekirdag,2016,8,0.2682005012397521,39.65919830341117,24,9,2016-08-01,0.2145976806432795,0.4339782774087779,33.14273610933887,46.82328926867245,24.433710814347922,52.36696851233359,0.5,38.40033966334076,median
Tekirdag,2016,9,0.2428112381608667,33.40270619100952,20,7,2016-09-01,0.19101861712950552,0.3434703364482764,26.40771318071996,42.414170237086566,33.973130157400675,56.298929952726255,0.5,45.136030055063465,median
Tekirdag,2016,10,0.2325139759118379,28.33049818093961,20,7,2016-10-01,0.2011434514005603,0.3288378133341623,13.799725248551244,32.81187913608851,24.566883013667834,23.571137608382738,0.5,24.069010311025288,median
Tekirdag,2016,11,0.22748723778583546,20.238887078006965,23,8,2016-11-01,0.1514239499525368,0.399176995340532,1.834973501298128,23.50558670292281,30.701252416162745,15.07432943646899,0.5,22.887790926315866,median
Tekirdag,2016,12,0.26542024713696516,6.458122276484654,19,6,2016-12-01,0.0335086053237319,0.4748645539071804,0.3252400200222403,16.16969215447201,52.54526251601773,61.293188275484724,0.5,56.919225395751226,median
Tekirdag,2017,1,0.2326049014713465,5.934156197449891,20,7,2017-01-01,-0.0050865274896592,0.5174061282547359,-38.83809844925004,13.979912410014924,45.49182200893653,15.232978451239237,0.5,30.362400230087886,median
Tekirdag,2017,2,0.3157776550293448,12.220261538161544,15,4,2017-02-01,0.15757807167983515,0.5636219717921834,0.6547770325647368,17.78347639338662,38.96120180742462,32.478910033004034,0.5,35.72005592021433,median
Tekirdag,2017,3,0.4889623402258555,16.351466159069368,16,6,2017-03-01,-0.0042139779897811,0.726049679553229,-6.37647373652173,25.12996798141561,67.53400817931163,27.8625618879343,0.5,47.698285033622966,median
Tekirdag,2017,4,0.5643864154840829,24.721615004389022,22,9,2017-04-01,0.3547911626795293,0.6395969044461569,11.650205110967466,29.729318791003188,73.59235509243975,27.69883455151918,0.5,50.645594821979465,median
Tekirdag,2017,5,0.5825284329633691,31.235031203129537,21,8,2017-05-01,0.4812202497559021,0.6411565288574292,22.87436413504696,39.647335665707786,63.3428411468525,50.15393037065996,0.5,56.74838575875623,median
Tekirdag,2017,6,0.4879585553112815,37.59251934781662,22,7,2017-06-01,0.3548692843060378,0.5418339664599165,21.08275464126619,42.242382375833,71.1841773922341,21.975164621730418,0.5,46.57967100698226,median
Tekirdag,2017,7,0.4139425245044065,39.26547215655728,21,7,2017-07-01,0.2996011031383021,0.5231666607488469,30.02835555617328,43.71619808000098,51.14447081570999,32.51590537877615,0.5,41.83018809724307,median
Tekirdag,2017,8,0.3351765215380206,38.29567849668482,22,10,2017-08-01,0.2145976806432795,0.4339782774087779,33.14273610933887,46.82328926867245,54.96331155650511,62.333815545825715,0.5,58.64856355116541,median
Tekirdag,2017,9,0.26540253658315494,42.414170237086566,24,10,2017-09-01,0.19101861712950552,0.3434703364482764,26.40771318071996,42.414170237086566,48.79178784341251,0.0,0.5,24.395893921706254,median
Tekirdag,2017,10,0.27135710631269866,27.99467185326874,23,8,2017-10-01,0.2011434514005603,0.3288378133341623,13.799725248551244,32.81187913608851,54.98571264144597,25.337514683054998,0.5,40.16161366225049,median
Tekirdag,2017,11,0.3538898970751841,17.928438619776564,21,9,2017-11-01,0.1514239499525368,0.399176995340532,1.834973501298128,23.50558670292281,81.72087120284402,25.735995706517972,0.5,53.728433454680996,median
Tekirdag,2017,12,0.46963018285895924,12.937114557867972,21,8,2017-12-01,0.0335086053237319,0.4748645539071804,0.3252400200222403,16.16969215447201,98.81402503692969,20.401952488944776,0.5,59.60798876293723,median
Tekirdag,2018,1,0.5174061282547359,1.796979564776875,19,3,2018-01-01,-0.0050865274896592,0.5174061282547359,-38.83809844925004,13.979912410014924,100.0,23.065868341198623,0.5,61.53293417059931,median
Tekirdag,2018,2,0.4989462325805676,15.423831984406302,13,4,2018-02-01,0.15757807167983515,0.5636219717921834,0.6547770325647368,17.78347639338662,84.07173726936404,13.775969554217786,0.5,48.92385341179091,median
Tekirdag,2018,3,0.726049679553229,18.009419927817326,18,6,2018-03-01,-0.0042139779897811,0.726049679553229,-6.37647373652173,25.12996798141561,99.99999999999999,22.60029271901051,0.5,61.30014635950525,median
Tekirdag,2018,4,0.594283252356002,26.68821377433091,22,8,2018-04-01,0.3547911626795293,0.6395969044461569,11.650205110967466,29.729318791003188,84.08962831680361,16.821095715718002,0.5,50.45536201626081,median
Tekirdag,2018,5,0.5507046540914857,28.999911804358383,20,5,2018-05-01,0.4812202497559021,0.6411565288574292,22.87436413504696,39.647335665707786,43.4450549468361,63.47965142542583,0.5,53.46235318613097,median
Tekirdag,2018,6,0.43119358030473276,31.947248643948186,22,10,2018-06-01,0.3548692843060378,0.5418339664599165,21.08275464126619,42.242382375833,40.82284157597063,48.65460707074005,0.5,44.73872432335534,median
Tekirdag,2018,7,0.39123091266964266,39.599449883290305,24,10,2018-07-01,0.2996011031383021,0.5231666607488469,30.02835555617328,43.71619808000098,40.98565562185626,30.07594651636493,0.5,35.530801069110595,median
Tekirdag,2018,8,0.3410546303200705,37.46844188660721,24,10,2018-08-01,0.2145976806432795,0.4339782774087779,33.14273610933887,46.82328926867245,57.64272298518911,68.38062228268072,0.5,63.011672633934914,median
Tekirdag,2018,9,0.2484002418390775,33.88029974752942,22,9,2018-09-01,0.19101861712950552,0.3434703364482764,26.40771318071996,42.414170237086566,37.63921126372418,53.31517436685202,0.5,45.4771928152881,median
Tekirdag,2018,10,0.25599889248962904,28.731028156927156,19,6,2018-10-01,0.2011434514005603,0.3288378133341623,13.799725248551244,32.81187913608851,42.95838928079867,21.464432716570883,0.5,32.21141099868478,median
Tekirdag,2018,11,0.3586485183410909,12.684690275529013,18,5,2018-11-01,0.1514239499525368,0.399176995340532,1.834973501298128,23.50558670292281,83.6415827155742,49.933503619466265,0.5,66.78754316752023,median
Tekirdag,2018,12,0.4114009341421898,2.533229449808066,11,5,2018-12-01,0.0335086053237319,0.4748645539071804,0.3252400200222403,16.16969215447201,85.62076256847112,86.06458960493113,0.5,85.84267608670112,median
Tekirdag,2019,1,0.3752099847133254,11.522741187386323,13,2,2019-01-01,-0.0050865274896592,0.5174061282547359,-38.83809844925004,13.979912410014924,72.78504454022925,4.65214646037277,0.5,38.718595500301014,median
Tekirdag,2019,2,0.4157521287011344,16.495286129074927,18,6,2019-02-01,0.15757807167983515,0.5636219717921834,0.6547770325647368,17.78347639338662,63.582794114100736,7.520654295901446,0.5,35.55172420500109,median
Tekirdag,2019,3,0.5036429339732539,19.87937734539507,22,8,2019-03-01,-0.0042139779897811,0.726049679553229,-6.37647373652173,25.12996798141561,69.54432234403284,16.665133698773918,0.5,43.104728021403375,median
Tekirdag,2019,4,0.5679077934516722,20.51251743914972,15,7,2019-04-01,0.3547911626795293,0.6395969044461569,11.650205110967466,29.729318791003188,74.8287690585861,50.98038274979893,0.5,62.90457590419251,median
Tekirdag,2019,5,0.6160353536948755,28.001292804102054,24,9,2019-05-01,0.4812202497559021,0.6411565288574292,22.87436413504696,39.647335665707786,84.29301012648489,69.43339074007775,0.5,76.86320043328132,median
Tekirdag,2019,6,0.5120032019938258,33.2924986122531,23,10,2019-06-01,0.3548692843060378,0.5418339664599165,21.08275464126619,42.242382375833,84.04470613249887,42.29698119385715,0.5,63.17084366317801,median
Tekirdag,2019,7,0.4155898326820252,41.90543271551283,22,8,2019-07-01,0.2996011031383021,0.5231666607488469,30.02835555617328,43.71619808000098,51.88130532422062,13.229004946075182,0.5,32.5551551351479,median
Tekirdag,2019,8,0.29446463479016444,42.89627574849245,22,10,2019-08-01,0.2145976806432795,0.4339782774087779,33.14273610933887,46.82328926867245,36.40565999200776,28.705078474847976,0.5,32.55536923342787,median
Tekirdag,2019,9,0.273050847355395,36.69026171660735,19,7,2019-09-01,0.19101861712950552,0.3434703364482764,26.40771318071996,42.414170237086566,53.80866191109534,35.75999673333403,0.5,44.78432932221469,median
Tekirdag,2019,10,0.2590960045547726,26.076396293421325,23,9,2019-10-01,0.2011434514005603,0.3288378133341623,13.799725248551244,32.81187913608851,45.38379946982016,35.427247656996855,0.5,40.40552356340851,median
Tekirdag,2019,11,0.2747204743306788,23.0175344181334,22,8,2019-11-01,0.1514239499525368,0.399176995340532,1.834973501298128,23.50558670292281,49.765896594753336,2.252138784669082,0.5,26.009017689711207,median
Tekirdag,2019,12,0.3677977557532025,6.582476242918053,17,3,2019-12-01,0.0335086053237319,0.4748645539071804,0.3252400200222403,16.16969215447201,75.74139455973948,60.50834595100307,0.5,68.12487025537128,median
Tekirdag,2020,1,0.4524926201365742,8.347212365839427,19,7,2020-01-01,-0.0050865274896592,0.5174061282547359,-38.83809844925004,13.979912410014924,87.57618745364384,10.664354739113481,0.5,49.12027109637866,median
Tekirdag,2020,2,0.5223005014176161,12.224203003103296,16,5,2020-02-01,0.15757807167983515,0.5636219717921834,0.6547770325647368,17.78347639338662,89.82339831650368,32.4558991501651,0.5,61.1396487333344,median
Tekirdag,2020,3,0.537519037841973,15.023619052784849,18,6,2020-03-01,-0.0042139779897811,0.726049679553229,-6.37647373652173,25.12996798141561,74.18320906923233,32.07708766070205,0.5,53.13014836496719,median
Tekirdag,2020,4,0.5978194149226186,26.42519514383375,21,10,2020-04-01,0.3547911626795293,0.6395969044461569,11.650205110967466,29.729318791003188,85.331233399862,18.27591609658438,0.5,51.80357474822319,median
Tekirdag,2020,5,0.6198966327599527,25.960679646815112,21,9,2020-05-01,0.4812202497559021,0.6411565288574292,22.87436413504696,39.647335665707786,86.70727103512215,81.59947087415966,0.5,84.1533709546409,median
Tekirdag,2020,6,0.52152871983581,31.817943269778503,22,10,2020-06-01,0.3548692843060378,0.5418339664599165,21.08275464126619,42.242382375833,89.13952817709463,49.26570182057086,0.5,69.20261499883274,median
Tekirdag,2020,7,0.41150776154103585,36.471090514344,22,8,2020-07-01,0.2996011031383021,0.5231666607488469,30.02835555617328,43.71619808000098,50.05541085969832,52.930968142311315,0.5,51.49318950100482,median
Tekirdag,2020,8,0.278226836223755,38.29777514735182,22,10,2020-08-01,0.2145976806432795,0.4339782774087779,33.14273610933887,46.82328926867245,29.004003325093667,62.318489771768334,0.5,45.661246548431,median
Tekirdag,2020,9,0.24385033985073068,38.95254013629496,24,8,2020-09-01,0.19101861712950552,0.3434703364482764,26.40771318071996,42.414170237086566,34.65472410367245,21.626460425324026,0.5,28.14059226449824,median
Tekirdag,2020,10,0.26315527298337543,26.692519251316952,23,8,2020-10-01,0.2011434514005603,0.3288378133341623,13.799725248551244,32.81187913608851,48.56269348450936,32.186568239292875,0.5,40.37463086190112,median
Tekirdag,2020,11,0.2800189778847242,14.962749301159755,16,5,2020-11-01,0.1514239499525368,0.399176995340532,1.834973501298128,23.50558670292281,51.904519571414475,39.421299814084556,0.5,45.662909692749516,median
Tekirdag,2020,12,0.4450501203607964,15.291391982344717,11,2,2020-12-01,0.0335086053237319,0.4748645539071804,0.3252400200222403,16.16969215447201,93.24480985425149,5.543266278154552,0.5,49.39403806620302,median
Tekirdag,2021,1,0.42930100451923836,12.121274350449838,14,4,2021-01-01,-0.0050865274896592,0.5174061282547359,-38.83809844925004,13.979912410014924,83.13753834300806,3.5189474751661476,0.5,43.3282429090871,median
Tekirdag,2021,2,0.4881874313083988,11.861147700521624,19,6,2021-02-01,0.15757807167983515,0.5636219717921834,0.6547770325647368,17.78347639338662,81.42207272097608,34.575472241698726,0.5,57.9987724813374,median
Tekirdag,2021,3,0.5003163104930273,11.23973302902619,17,6,2021-03-01,-0.0042139779897811,0.726049679553229,-6.37647373652173,25.12996798141561,69.08878502598813,44.086968235709676,0.5,56.5878766308489,median
Tekirdag,2021,4,0.5958106538824899,20.91127067963641,20,10,2021-04-01,0.3547911626795293,0.6395969044461569,11.650205110967466,29.729318791003188,84.62592422046536,48.77478103976033,0.5,66.70035263011285,median
Tekirdag,2021,5,0.5894904887505231,30.020733207702293,21,6,2021-05-01,0.4812202497559021,0.6411565288574292,22.87436413504696,39.647335665707786,67.69585962787802,57.393541987525346,0.5,62.54470080770169,median
Tekirdag,2021,6,0.50630061243686,33.61032313061511,21,10,2021-06-01,0.3548692843060378,0.5418339664599165,21.08275464126619,42.242382375833,80.99461694385074,40.79494853832605,0.5,60.89478274108839,median
Tekirdag,2021,7,0.455950467616402,39.2749576147125,24,10,2021-07-01,0.2996011031383021,0.5231666607488469,30.02835555617328,43.71619808000098,69.9344595603869,32.44660696203365,0.5,51.19053326121028,median
Tekirdag,2021,8,0.3442927153886642,39.921484179130886,24,10,2021-08-01,0.2145976806432795,0.4339782774087779,33.14273610933887,46.82328926867245,59.11873550240136,50.449751623038686,0.5,54.78424356272002,median
Tekirdag,2021,9,0.2596766390923096,28.996307167638548,23,10,2021-09-01,0.19101861712950552,0.3434703364482764,26.40771318071996,42.414170237086566,45.035911874003006,83.82781412649359,0.5,64.4318630002483,median
Tekirdag,2021,10,0.2468076452639032,22.78015800234416,17,3,2021-10-01,0.2011434514005603,0.3288378133341623,13.799725248551244,32.81187913608851,35.76054038085658,52.764779798675434,0.5,44.26266008976601,median
Tekirdag,2021,11,0.2162725399826937,19.725051485941528,18,4,2021-11-01,0.1514239499525368,0.399176995340532,1.834973501298128,23.50558670292281,26.17468936803596,17.445446429258624,0.5,21.81006789864729,median
Tekirdag,2021,12,0.2622434068755271,12.24501407511326,29,9,2021-12-01,0.0335086053237319,0.4748645539071804,0.3252400200222403,16.16969215447201,51.825471546476194,24.770045982375912,0.5,38.29775876442605,median
Tekirdag,2022,1,0.3705228081889381,4.167165918579208,26,6,2022-01-01,-0.0050865274896592,0.5174061282547359,-38.83809844925004,13.979912410014924,71.88796465348722,18.57840977310192,0.5,45.23318721329457,median
Tekirdag,2022,2,0.3436589630748895,6.819191986416179,28,8,2022-02-01,0.15757807167983515,0.5636219717921834,0.6547770325647368,17.78347639338662,45.82777658858258,64.01119066897058,0.5,54.91948362877658,median
Tekirdag,2022,3,0.42169112470469483,19.654798698382933,23,4,2022-03-01,-0.0042139779897811,0.726049679553229,-6.37647373652173,25.12996798141561,58.32210028463475,17.377936017178154,0.5,37.85001815090645,median
Tekirdag,2022,4,0.5078417005382595,29.729318791003188,20,10,2022-04-01,0.3547911626795293,0.6395969044461569,11.650205110967466,29.729318791003188,53.73857173994097,0.0,0.5,26.869285869970486,median
Tekirdag,2022,5,0.5872717089174554,31.730426906315564,28,11,2022-05-01,0.4812202497559021,0.6411565288574292,22.87436413504696,39.647335665707786,66.30856973622106,47.20039466423818,0.5,56.75448220022962,median
Tekirdag,2022,6,0.5221472206731569,33.11258305796624,32,13,2022-06-01,0.3548692843060378,0.5418339664599165,21.08275464126619,42.242382375833,89.47033976686744,43.14725869657967,0.5,66.30879923172355,median
Tekirdag,2022,7,0.47111209629269946,37.538658574130096,36,16,2022-07-01,0.2996011031383021,0.5231666607488469,30.02835555617328,43.71619808000098,76.71619680039113,45.13157932024032,0.5,60.923888060315726,median
Tekirdag,2022,8,0.36409556427350714,35.4460619009119,33,12,2022-08-01,0.2145976806432795,0.4339782774087779,33.14273610933887,46.82328926867245,68.14544487269755,83.16350395523602,0.5,75.6544744139668,median
Tekirdag,2022,9,0.2879323603148622,30.695636773498357,30,14,2022-09-01,0.19101861712950552,0.3434703364482764,26.40771318071996,42.414170237086566,63.57012149053802,73.21128855887027,0.5,68.39070502470415,median
Tekirdag,2022,10,0.2638999843535314,25.504091388854537,33,13,2022-10-01,0.2011434514005603,0.3288378133341623,13.799725248551244,32.81187913608851,49.14589180186592,38.43745317054439,0.5,43.79167248620516,median
Tekirdag,2022,11,0.2337473349585409,20.95833266080179,32,12,2022-11-01,0.1514239499525368,0.399176995340532,1.834973501298128,23.50558670292281,33.22800124498208,11.754416076837394,0.5,22.491208660909738,median
Tekirdag,2022,12,0.3122436172516527,9.141588104195923,18,4,2022-12-01,0.0335086053237319,0.4748645539071804,0.3252400200222403,16.16969215447201,63.15424383029915,44.356876404676974,0.5,53.75556011748806,median
Tekirdag,2023,1,0.4396240710704553,12.266122270914433,19,6,2023-01-01,-0.0050865274896592,0.5174061282547359,-38.83809844925004,13.979912410014924,85.11327263089191,3.244707839655172,0.5,44.178990235273545,median
Tekirdag,2023,2,0.43098905117642183,12.745883659788554,18,8,2023-02-01,0.15757807167983515,0.5636219717921834,0.6547770325647368,17.78347639338662,67.33532492938242,29.41024667127061,0.5,48.37278580032652,median
Tekirdag,2023,3,0.550291670739879,25.12996798141561,16,3,2023-03-01,-0.0042139779897811,0.726049679553229,-6.37647373652173,25.12996798141561,75.93225309819029,0.0,0.5,37.966126549095144,median
Tekirdag,2023,4,0.6250421970573351,18.051627060011647,17,7,2023-04-01,0.3547911626795293,0.6395969044461569,11.650205110967466,29.729318791003188,94.88960183929576,64.59216938210253,0.5,79.74088561069914,median
Tekirdag,2023,5,0.5817597970675569,23.05904795492288,21,9,2023-05-01,0.4812202497559021,0.6411565288574292,22.87436413504696,39.647335665707786,62.86225231476875,98.89892008975082,0.5,80.88058620225979,median
Tekirdag,2023,6,0.4075050430840885,38.83353139628386,20,6,2023-06-01,0.3548692843060378,0.5418339664599165,21.08275464126619,42.242382375833,28.152781676022407,16.11016518017646,0.5,22.131473428099433,median
Tekirdag,2023,7,0.4117706870227106,41.42109852233247,22,8,2023-07-01,0.2996011031383021,0.5231666607488469,30.02835555617328,43.71619808000098,50.17301639987404,16.767431051849222,0.5,33.47022372586163,median
Tekirdag,2023,8,0.2976148185386111,46.82328926867245,24,7,2023-08-01,0.2145976806432795,0.4339782774087779,33.14273610933887,46.82328926867245,37.841604553601776,0.0,0.5,18.920802276800888,median
Tekirdag,2023,9,0.2503953955375742,35.55838613044318,23,8,2023-09-01,0.19101861712950552,0.3434703364482764,26.40771318071996,42.414170237086566,38.94792310207667,42.83136538273771,0.5,40.889644242407186,median
Tekirdag,2023,10,0.22790006838204352,32.81187913608851,24,8,2023-10-01,0.2011434514005603,0.3288378133341623,13.799725248551244,32.81187913608851,20.953640063917632,0.0,0.5,10.476820031958816,median
Tekirdag,2023,11,0.2507496103868681,18.917027938288765,20,5,2023-11-01,0.1514239499525368,0.399176995340532,1.834973501298128,23.50558670292281,40.09059112826715,21.174106712818038,0.5,30.632348920542594,median
Tekirdag,2023,12,0.3292443738319155,8.62759113034858,13,3,2023-12-01,0.0335086053237319,0.4748645539071804,0.3252400200222403,16.16969215447201,67.00618162219422,47.600895001759206,0.5,57.30353831197671,median
Tekirdag,2024,1,0.4284702944176026,8.508819336655359,13,5,2024-01-01,-0.0050865274896592,0.5174061282547359,-38.83809844925004,13.979912410014924,82.97854852898813,10.358385301440908,0.5,46.668466915214516,median
Tekirdag,2024,2,0.4603248430617092,11.500491183686957,21,6,2024-02-01,0.15757807167983515,0.5636219717921834,0.6547770325647368,17.78347639338662,74.56010822921044,36.68104085048398,0.5,55.62057453984721,median
Tekirdag,2024,3,0.5898162551677902,16.144215142301157,18,6,2024-03-01,-0.0042139779897811,0.726049679553229,-6.37647373652173,25.12996798141561,81.34462492029257,28.520367103209434,0.5,54.932496011751006,median
Tekirdag,2024,4,0.6057312269932714,27.8495145525136,19,7,2024-04-01,0.3547911626795293,0.6395969044461569,11.650205110967466,29.729318791003188,88.10920129530417,10.397657051990354,0.5,49.25342917364726,median
Tekirdag,2024,5,0.5819689597163751,22.87436413504696,19,7,2024-05-01,0.4812202497559021,0.6411565288574292,22.87436413504696,39.647335665707786,62.99303105364728,100.0,0.5,81.49651552682364,median
Tekirdag,2024,6,0.4440699128472261,39.69650458853084,22,9,2024-06-01,0.3548692843060378,0.5418339664599165,21.08275464126619,42.242382375833,47.70988162768244,12.03177021466763,0.5,29.870825921175037,median
Tekirdag,2024,7,0.3724239252625286,43.35373200550258,24,8,2024-07-01,0.2996011031383021,0.5231666607488469,30.02835555617328,43.71619808000098,32.57336367128838,2.6480877016770283,0.5,17.610725686482702,median
Tekirdag,2024,8,0.29596962558336437,44.70351391932985,24,8,2024-08-01,0.2145976806432795,0.4339782774087779,33.14273610933887,46.82328926867245,37.09167817929926,15.49480729802491,0.5,26.293242738662084,median
Tekirdag,2024,9,0.25150583467003673,40.8233766363997,22,6,2024-09-01,0.19101861712950552,0.3434703364482764,26.40771318071996,42.414170237086566,39.676310513792686,9.938449183881847,0.5,24.807379848837265,median
Tekirdag,2024,10,0.2403363487766869,26.710785507994583,22,9,2024-10-01,0.2011434514005603,0.3288378133341623,13.799725248551244,32.81187913608851,30.6927391175704,32.090491504454306,0.5,31.39161531101235,median
Tekirdag,2024,11,0.2271240653370206,11.423424913419115,16,5,2024-11-01,0.1514239499525368,0.399176995340532,1.834973501298128,23.50558670292281,30.554665944038405,55.75366823767531,0.5,43.15416709085686,median
Tekirdag,2024,12,0.28585992746141553,14.90956484009012,11,4,2024-12-01,0.0335086053237319,0.4748645539071804,0.3252400200222403,16.16969215447201,57.176372709514034,7.953113832456603,0.5,32.56474327098532,median
Uzunkopru,1985,1,,,3,0,1985-01-01,-0.0647190120673991,0.4827504368211957,-7.886849462172095,16.049935688297523,,,0.5,,median
Uzunkopru,1985,2,0.13810560702820449,9.909060971563873,4,2,1985-02-01,0.1142449671496928,0.4784706552372162,-1.2901862272311977,16.4838470936175,6.5510590435834315,36.990963184149614,0.5,21.77101111386652,median
Uzunkopru,1985,3,0.1915709671602791,4.009034644796135,7,1,1985-03-01,0.12189592789673585,0.5741227438850475,0.4511778307203542,24.194473716311705,15.407100331118821,85.01532040362235,0.5,50.21121036737059,median
Uzunkopru,1985,4,0.39679592248700124,22.740420368083186,2,2,1985-04-01,0.3144036814730187,0.6541519397922626,14.111401366359022,29.876309855284347,24.25096788474565,45.264388893941536,0.5,34.757678389343596,median
Uzunkopru,1985,5,0.44744824280068796,30.143640296572723,7,2,1985-05-01,0.40310270256564495,0.6668487799682706,23.791048851160262,37.65348934388257,16.813725031196057,54.174075995150126,0.5,35.49390051317309,median
Uzunkopru,1985,6,0.4121345575266553,33.02745127511879,5,3,1985-06-01,0.32780171542259645,0.5030639610561858,25.3569063809869,43.49734916614595,48.11808829630578,57.71577912967332,0.5,52.91693371298955,median
Uzunkopru,1985,7,0.3772622547233921,39.07591405292578,10,5,1985-07-01,0.3090066548344354,0.4983037733049914,30.206773300306416,45.06194855960739,36.05738980098285,40.29595344513819,0.5,38.176671623060514,median
Uzunkopru,1985,8,,,2,0,1985-08-01,0.2544562098730799,0.5451981560310377,32.8374973512725,46.303434212563246,,,0.5,,median
Uzunkopru,1985,9,0.2316553365275888,34.640987004136825,4,3,1985-09-01,0.2300308150158601,0.4287520313380586,27.778661706012603,41.08830349723985,0.8174877055375765,48.44094675299698,0.5,24.629217229267276,median
Uzunkopru,1985,10,0.2317554674329412,26.40937726213309,2,2,1985-10-01,0.2078011083839048,0.3833590486590971,17.404481016505297,30.74795713019401,13.644702718365929,32.514614865687705,0.5,23.079658792026816,median
Uzunkopru,1985,11,0.2172232733652752,17.046415866755837,1,1,1985-11-01,0.1738125945870033,0.3984060592876648,3.4929277223944584,23.6844068579836,19.32855830695239,32.875209124861776,0.5,26.101883715907086,median
Uzunkopru,1985,12,,,2,0,1985-12-01,-0.0344895281917453,0.4769063687411151,-10.191551396239436,15.411135716169714,,,0.5,,median
Uzunkopru,1986,1,,,1,0,1986-01-01,-0.0647190120673991,0.4827504368211957,-7.886849462172095,16.049935688297523,,,0.5,,median
Uzunkopru,1986,2,0.4333346711542218,11.77116171709303,4,1,1986-02-01,0.1142449671496928,0.4784706552372162,-1.2901862272311977,16.4838470936175,87.60768788165534,26.514439865466855,0.5,57.061063873561096,median
Uzunkopru,1986,3,,,3,0,1986-03-01,0.12189592789673585,0.5741227438850475,0.4511778307203542,24.194473716311705,,,0.5,,median
Uzunkopru,1986,4,0.4968784056204908,25.87654988699792,8,6,1986-04-01,0.3144036814730187,0.6541519397922626,14.111401366359022,29.876309855284347,53.70880340937907,25.371285669664456,0.5,39.540044539521766,median
Uzunkopru,1986,5,0.42889925204959733,34.06320964317012,12,6,1986-05-01,0.40310270256564495,0.6668487799682706,23.791048851160262,37.65348934388257,9.780827733248998,25.899333545181488,0.5,17.840080639215245,median
Uzunkopru,1986,6,0.369480618669821,31.82755498659956,6,2,1986-06-01,0.32780171542259645,0.5030639610561858,25.3569063809869,43.49734916614595,23.780879388228453,64.33026094100423,0.5,44.05557016461634,median
Uzunkopru,1986,7,0.4125301716536307,34.13750680462393,8,5,1986-07-01,0.3090066548344354,0.4983037733049914,30.206773300306416,45.06194855960739,54.68837436915224,73.53963561044866,0.5,64.11400498980045,median
Uzunkopru,1986,8,0.3167617247704855,37.40929228530587,12,6,1986-08-01,0.2544562098730799,0.5451981560310377,32.8374973512725,46.303434212563246,21.429833472861016,66.0491878053025,0.5,43.73951063908176,median
Uzunkopru,1986,9,0.26033670911935003,28.444796837488887,12,6,1986-09-01,0.2300308150158601,0.4287520313380586,27.778661706012603,41.08830349723985,15.25045723067294,94.9950934673888,0.5,55.12277534903087,median
Uzunkopru,1986,10,0.2206513774041955,26.015149178614653,8,1,1986-10-01,0.2078011083839048,0.3833590486590971,17.404481016505297,30.74795713019401,7.319674063245163,35.46907800677289,0.5,21.394376035009024,median
Uzunkopru,1986,11,0.2170149120282234,11.02304252556082,6,2,1986-11-01,0.1738125945870033,0.3984060592876648,3.4929277223944584,23.6844068579836,19.235785644431026,62.70647260361468,0.5,40.97112912402285,median
Uzunkopru,1986,12,0.2416686516470523,6.313255104320376,6,2,1986-12-01,-0.0344895281917453,0.4769063687411151,-10.191551396239436,15.411135716169714,54.00085950925288,35.53486621113205,0.5,44.767862860192466,median
Uzunkopru,1987,1,0.0849027309702467,-3.692470978520336,7,2,1987-01-01,-0.0647190120673991,0.4827504368211957,-7.886849462172095,16.049935688297523,27.329697271946312,82.47726895117547,0.5,54.903483111560895,median
Uzunkopru,1987,2,0.2910552820315186,4.294588198244024,8,4,1987-02-01,0.1142449671496928,0.4784706552372162,-1.2901862272311977,16.4838470936175,48.54416386999543,68.57902579194358,0.5,58.561594830969504,median
Uzunkopru,1987,3,0.25282251960859836,13.037597876555495,4,2,1987-03-01,0.12189592789673585,0.5741227438850475,0.4511778307203542,24.194473716311705,28.95153208146915,46.98958347449469,0.5,37.97055777798192,median
Uzunkopru,1987,4,0.46509632355791813,24.534729344893407,8,4,1987-04-01,0.3144036814730187,0.6541519397922626,14.111401366359022,29.876309855284347,44.35420591422174,33.8827244962655,0.5,39.11846520524362,median
Uzunkopru,1987,5,0.55293841813702,24.173785600459766,11,4,1987-05-01,0.40310270256564495,0.6668487799682706,23.791048851160262,37.65348934388257,56.81059488996344,97.23903774735453,0.5,77.02481631865899,median
Uzunkopru,1987,6,0.4099591794409396,32.314976817939055,11,6,1987-06-01,0.32780171542259645,0.5030639610561858,25.3569063809869,43.49734916614595,46.87687512010148,61.64332635449974,0.5,54.26010073730061,median
Uzunkopru,1987,7,0.43731908321456414,37.427407932208304,10,6,1987-07-01,0.3090066548344354,0.4983037733049914,30.206773300306416,45.06194855960739,67.78361414946046,51.393137368870974,0.5,59.588375759165714,median
Uzunkopru,1987,8,0.34486308149302924,35.71049175760357,12,6,1987-08-01,0.2544562098730799,0.5451981560310377,32.8374973512725,46.303434212563246,31.095228196220443,78.66472688885247,0.5,54.87997754253646,median
Uzunkopru,1987,9,0.28082880812039357,36.324380993511795,10,4,1987-09-01,0.2300308150158601,0.4287520313380586,27.778661706012603,41.08830349723985,25.562440712003127,35.79301816272837,0.5,30.67772943736575,median
Uzunkopru,1987,10,0.259252494639304,21.34414949051421,9,5,1987-10-01,0.2078011083839048,0.3833590486590971,17.404481016505297,30.74795713019401,29.307353557889556,70.47494640495282,0.5,49.89114998142119,median
Uzunkopru,1987,11,0.2373872773211822,14.313429919656548,7,3,1987-11-01,0.1738125945870033,0.3984060592876648,3.4929277223944584,23.6844068579836,28.3065595069346,46.41055207198731,0.5,37.35855578946096,median
Uzunkopru,1987,12,,,4,0,1987-12-01,-0.0344895281917453,0.4769063687411151,-10.191551396239436,15.411135716169714,,,0.5,,median
Uzunkopru,1988,1,0.3883585357217929,4.795195559415637,3,1,1988-01-01,-0.0647190120673991,0.4827504368211957,-7.886849462172095,16.049935688297523,82.75850802432434,47.0185952630363,0.5,64.88855164368033,median
Uzunkopru,1988,2,0.3783215736082977,7.568108974053886,4,3,1988-02-01,0.1142449671496928,0.4784706552372162,-1.2901862272311977,16.4838470936175,72.50356443698922,50.16159224313807,0.5,61.33257834006365,median
Uzunkopru,1988,3,0.4114704662331978,12.923596779157236,6,3,1988-03-01,0.12189592789673585,0.5741227438850475,0.4511778307203542,24.194473716311705,64.03303123535831,47.46972362836204,0.5,55.75137743186018,median
Uzunkopru,1988,4,0.5431873670368186,15.911618586262826,6,3,1988-04-01,0.3144036814730187,0.6541519397922626,14.111401366359022,29.876309855284347,67.33917833622083,88.58085842256276,0.5,77.96001837939178,median
Uzunkopru,1988,5,0.4974084630510893,37.423373521282016,11,4,1988-05-01,0.40310270256564495,0.6668487799682706,23.791048851160262,37.65348934388257,35.756270354489644,1.6599950255610618,0.5,18.70813269002535,median
Uzunkopru,1988,6,0.3782740629294583,32.231131706696566,11,5,1988-06-01,0.32780171542259645,0.5030639610561858,25.3569063809869,43.49734916614595,28.79818601228098,62.10552627009984,0.5,45.451856141190405,median
Uzunkopru,1988,7,0.40267978303584673,39.67640456885773,10,4,1988-07-01,0.3090066548344354,0.4983037733049914,30.206773300306416,45.06194855960739,49.48470898989494,36.25365501748435,0.5,42.869182003689644,median
Uzunkopru,1988,8,0.3707306054333778,35.549725350864165,10,4,1988-08-01,0.2544562098730799,0.5451981560310377,32.8374973512725,46.303434212563246,39.992301453855916,79.85860154009598,0.5,59.925451496975946,median
Uzunkopru,1988,9,0.24992805367976215,33.25251955858428,11,4,1988-09-01,0.2300308150158601,0.4287520313380586,27.778661706012603,41.08830349723985,10.012639330690025,58.87298893213151,0.5,34.44281413141077,median
Uzunkopru,1988,10,0.23052967870719265,21.180789179532766,9,4,1988-10-01,0.2078011083839048,0.3833590486590971,17.404481016505297,30.74795713019401,12.946478118654237,71.69921742391058,0.5,42.32284777128241,median
Uzunkopru,1988,11,0.219806676230943,9.566180575663285,4,2,1988-11-01,0.1738125945870033,0.3984060592876648,3.4929277223944584,23.6844068579836,20.47881567045625,69.92170403918443,0.5,45.200259854820345,median
Uzunkopru,1988,12,0.14189037056093795,0.06247186378128533,4,2,1988-12-01,-0.0344895281917453,0.4769063687411151,-10.191551396239436,15.411135716169714,34.4898932139535,59.94942556224583,0.5,47.219659388099664,median
Uzunkopru,1989,1,0.21422167014821186,1.4033969406462572,9,4,1989-01-01,-0.0647190120673991,0.4827504368211957,-7.886849462172095,16.049935688297523,50.95091292890992,61.18841212627885,0.5,56.06966252759439,median
Uzunkopru,1989,2,0.20854269396912106,10.32594815512281,10,4,1989-02-01,0.1142449671496928,0.4784706552372162,-1.2901862272311977,16.4838470936175,25.889916582920563,34.64547875732606,0.5,30.26769767012331,median
Uzunkopru,1989,3,0.2277853434017148,18.585693443542304,7,3,1989-03-01,0.12189592789673585,0.5741227438850475,0.4511778307203542,24.194473716311705,23.415112010455346,23.622585085894062,0.5,23.518848548174702,median
Uzunkopru,1989,4,0.48942147817958115,25.62682296368355,11,4,1989-04-01,0.3144036814730187,0.6541519397922626,14.111401366359022,29.876309855284347,51.513964360667075,26.95535400402745,0.5,39.23465918234726,median
Uzunkopru,1989,5,0.4618263467859194,29.858321583779222,6,2,1989-05-01,0.40310270256564495,0.6668487799682706,23.791048851160262,37.65348934388257,22.2652199413108,56.23229015263048,0.5,39.24875504697064,median
Uzunkopru,1989,6,0.5030639610561858,25.3569063809869,10,4,1989-06-01,0.32780171542259645,0.5030639610561858,25.3569063809869,43.49734916614595,100.0,100.0,0.5,100.0,median
Uzunkopru,1989,7,0.4686957129701942,34.294594338184844,8,5,1989-07-01,0.3090066548344354,0.4983037733049914,30.206773300306416,45.06194855960739,84.35894821114111,72.4821756288671,0.5,78.4205619200041,median
Uzunkopru,1989,8,0.35008120092580736,35.35821063975611,11,6,1989-08-01,0.2544562098730799,0.5451981560310377,32.8374973512725,46.303434212563246,32.88998794854842,81.28081755878671,0.5,57.085402753667566,median
Uzunkopru,1989,9,0.28705419935621906,31.70378744322697,12,6,1989-09-01,0.2300308150158601,0.4287520313380586,27.778661706012603,41.08830349723985,28.695166724374094,70.50915570243575,0.5,49.60216121340492,median
Uzunkopru,1989,10,0.2845840093552964,22.23586265056636,6,5,1989-10-01,0.2078011083839048,0.3833590486590971,17.404481016505297,30.74795713019401,43.736501380132445,63.7921813409275,0.5,53.76434136052997,median
Uzunkopru,1989,11,0.2880838457348094,11.326248614057477,5,1,1989-11-01,0.1738125945870033,0.3984060592876648,3.4929277223944584,23.6844068579836,50.879152383221374,61.20481892851452,0.5,56.04198565586795,median
Uzunkopru,1989,12,0.0467550821594822,10.761929372767831,3,1,1989-12-01,-0.0344895281917453,0.4769063687411151,-10.191551396239436,15.411135716169714,15.886832655189226,18.15905620761384,0.5,17.022944431401534,median
Uzunkopru,1990,1,0.2556635696420877,9.368088986221244,2,1,1990-01-01,-0.0647190120673991,0.4827504368211957,-7.886849462172095,16.049935688297523,58.52063203889973,27.91455352117403,0.5,43.21759278003688,median
Uzunkopru,1990,2,0.3493749635236396,10.65210054087723,7,3,1990-02-01,0.1142449671496928,0.4784706552372162,-1.2901862272311977,16.4838470936175,64.55612661714433,32.81048509062774,0.5,48.68330585388604,median
Uzunkopru,1990,3,0.3708457022347742,13.470678689604716,10,5,1990-03-01,0.12189592789673585,0.5741227438850475,0.4511778307203542,24.194473716311705,55.0497594429413,45.16557043461998,0.5,50.107664938780644,median
Uzunkopru,1990,4,0.4849810312156585,23.44321090468158,4,1,1990-04-01,0.3144036814730187,0.6541519397922626,14.111401366359022,29.876309855284347,50.206982836791184,40.80644651456078,0.5,45.50671467567598,median
Uzunkopru,1990,5,0.56752616338608,25.612284032720396,12,6,1990-05-01,0.40310270256564495,0.6668487799682706,23.791048851160262,37.65348934388257,62.34157582159292,86.86208837097428,0.5,74.6018320962836,median
Uzunkopru,1990,6,0.4118262996637424,35.21602329397162,10,4,1990-06-01,0.32780171542259645,0.5030639610561858,25.3569063809869,43.49734916614595,47.94220451608917,45.65117825541393,0.5,46.79669138575155,median
Uzunkopru,1990,7,0.3148618145151679,38.94595577233011,12,6,1990-07-01,0.3090066548344354,0.4983037733049914,30.206773300306416,45.06194855960739,3.093105551758971,41.17078849977212,0.5,22.131947025765548,median
Uzunkopru,1990,8,0.2814022070545863,37.8876944975844,10,5,1990-08-01,0.2544562098730799,0.5451981560310377,32.8374973512725,46.303434212563246,9.268011560625267,62.496503597687145,0.5,35.8822575791562,median
Uzunkopru,1990,9,0.2453689577232111,35.784922004111365,10,5,1990-09-01,0.2300308150158601,0.4287520313380586,27.778661706012603,41.08830349723985,7.718422316056262,39.846162476168885,0.5,23.782292396112574,median
Uzunkopru,1990,10,0.2686674122886291,17.66178981983566,11,6,1990-10-01,0.2078011083839048,0.3833590486590971,17.404481016505297,30.74795713019401,34.670208484625974,98.07165088663517,0.5,66.37092968563057,median
Uzunkopru,1990,11,0.334070294485904,10.833170203575836,10,4,1990-11-01,0.1738125945870033,0.3984060592876648,3.4929277223944584,23.6844068579836,71.3545695163002,63.64683126040234,0.5,67.50070038835128,median
Uzunkopru,1990,12,,,0,0,1990-12-01,-0.0344895281917453,0.4769063687411151,-10.191551396239436,15.411135716169714,,,0.5,,median
Uzunkopru,1991,1,0.3718688081341395,9.88800838512838,5,1,1991-01-01,-0.0647190120673991,0.4827504368211957,-7.886849462172095,16.049935688297523,79.74651756145397,25.742501611784956,0.5,52.744509586619465,median
Uzunkopru,1991,2,,,3,0,1991-02-01,0.1142449671496928,0.4784706552372162,-1.2901862272311977,16.4838470936175,,,0.5,,median
Uzunkopru,1991,3,0.3623349596921238,10.361145870331182,6,2,1991-03-01,0.12189592789673585,0.5741227438850475,0.4511778307203542,24.194473716311705,53.16779617987147,58.262037050952536,0.5,55.71491661541201,median
Uzunkopru,1991,4,0.6479961978297928,19.387753537648823,9,4,1991-04-01,0.3144036814730187,0.6541519397922626,14.111401366359022,29.876309855284347,98.18814613122001,66.53103203868021,0.5,82.3595890849501,median
Uzunkopru,1991,5,0.6668487799682706,26.89545344793889,9,3,1991-05-01,0.40310270256564495,0.6668487799682706,23.791048851160262,37.65348934388257,100.0,77.60564167320739,0.5,88.8028208366037,median
Uzunkopru,1991,6,0.40807297118299496,33.18874033633716,10,6,1991-06-01,0.32780171542259645,0.5030639610561858,25.3569063809869,43.49734916614595,45.80065459632247,56.82666598547642,0.5,51.31366029089944,median
Uzunkopru,1991,7,0.3577381355041037,35.5629999557635,9,5,1991-07-01,0.3090066548344354,0.4983037733049914,30.206773300306416,45.06194855960739,25.743382183204332,63.943699337350466,0.5,44.8435407602774,median
Uzunkopru,1991,8,0.31869318487733045,35.8448085179784,10,6,1991-08-01,0.2544562098730799,0.5451981560310377,32.8374973512725,46.303434212563246,22.094154576977044,77.66727114731445,0.5,49.88071286214575,median
Uzunkopru,1991,9,0.257296539872106,32.89449381472667,8,6,1991-09-01,0.2300308150158601,0.4287520313380586,27.778661706012603,41.08830349723985,13.720590765727982,61.56296173135135,0.5,37.641776248539664,median
Uzunkopru,1991,10,0.2527009607623891,22.634516752836433,8,2,1991-10-01,0.2078011083839048,0.3833590486590971,17.404481016505297,30.74795713019401,25.575517864986605,60.80454829183691,0.5,43.19003307841176,median
Uzunkopru,1991,11,0.2454791181682566,14.624259572927988,9,3,1991-11-01,0.1738125945870033,0.3984060592876648,3.4929277223944584,23.6844068579836,31.909442991482653,44.87114205064035,0.5,38.390292521061504,median
Uzunkopru,1991,12,0.17696268842897522,1.9855320746253908,2,2,1991-12-01,-0.0344895281917453,0.4769063687411151,-10.191551396239436,15.411135716169714,41.348047156600764,52.43826002559387,0.5,46.89315359109732,median
Uzunkopru,1992,1,0.15347673353858435,0.8775791191924538,5,2,1992-01-01,-0.0647190120673991,0.4827504368211957,-7.886849462172095,16.049935688297523,39.85532819209138,63.38510570124494,0.5,51.62021694666816,median
Uzunkopru,1992,2,0.2422029160019919,4.721896789699615,10,3,1992-02-01,0.1142449671496928,0.4784706552372162,-1.2901862272311977,16.4838470936175,35.131500340950915,66.1749085961332,0.5,50.65320446854206,median
Uzunkopru,1992,3,0.2697965462606527,18.34918406387748,7,3,1992-03-01,0.12189592789673585,0.5741227438850475,0.4511778307203542,24.194473716311705,32.70496422037465,24.618695233383526,0.5,28.661829726879088,median
Uzunkopru,1992,4,0.41405904757702283,16.673974893352487,8,4,1992-04-01,0.3144036814730187,0.6541519397922626,14.111401366359022,29.876309855284347,29.3321197868697,83.74507832510639,0.5,56.538599055988044,median
Uzunkopru,1992,5,0.4866742743256123,27.792141333838003,11,5,1992-05-01,0.40310270256564495,0.6668487799682706,23.791048851160262,37.65348934388257,31.686375237493994,71.13717108630122,0.5,51.41177316189761,median
Uzunkopru,1992,6,0.4026930043664065,36.47980277342209,10,5,1992-06-01,0.32780171542259645,0.5030639610561858,25.3569063809869,43.49734916614595,42.73098788222817,38.684537504591766,0.5,40.70776269340997,median
Uzunkopru,1992,7,0.47578071078588025,30.206773300306416,11,6,1992-07-01,0.3090066548344354,0.4983037733049914,30.206773300306416,45.06194855960739,88.10174042738295,100.0,0.5,94.05087021369147,median
Uzunkopru,1992,8,0.3618640535842524,37.54701638434782,10,4,1992-08-01,0.2544562098730799,0.5451981560310377,32.8374973512725,46.303434212563246,36.94267206040461,65.02642867268058,0.5,50.98455036654259,median
Uzunkopru,1992,9,0.25564638185708605,30.463167741750944,12,6,1992-09-01,0.2300308150158601,0.4287520313380586,27.778661706012603,41.08830349723985,12.890202322279425,79.8303660019778,0.5,46.36028416212861,median
Uzunkopru,1992,10,0.25873637811824557,24.231235663534893,8,2,1992-10-01,0.2078011083839048,0.3833590486590971,17.404481016505297,30.74795713019401,29.013367127968245,48.838259319652,0.5,38.925813223810124,median
Uzunkopru,1992,11,0.2627109741897744,10.625339887954727,9,4,1992-11-01,0.1738125945870033,0.3984060592876648,3.4929277223944584,23.6844068579836,39.581908459026174,64.67612839225431,0.5,52.12901842564024,median
Uzunkopru,1992,12,0.1396383541409525,-3.1174667932230062,8,3,1992-12-01,-0.0344895281917453,0.4769063687411151,-10.191551396239436,15.411135716169714,34.04952667337464,72.36975723697473,0.5,53.20964195517469,median
Uzunkopru,1993,1,,,4,0,1993-01-01,-0.0647190120673991,0.4827504368211957,-7.886849462172095,16.049935688297523,,,0.5,,median
Uzunkopru,1993,2,0.2507192345815367,5.887574572982874,9,5,1993-02-01,0.1142449671496928,0.4784706552372162,-1.2901862272311977,16.4838470936175,37.46969856751267,59.61658971464482,0.5,48.54314414107874,median
Uzunkopru,1993,3,0.12189592789673585,0.4511778307203542,8,2,1993-03-01,0.12189592789673585,0.5741227438850475,0.4511778307203542,24.194473716311705,0.0,100.0,0.5,50.0,median
Uzunkopru,1993,4,0.5506692314756727,23.45019761135848,7,3,1993-04-01,0.3144036814730187,0.6541519397922626,14.111401366359022,29.876309855284347,69.54135723063736,40.76212842237645,0.5,55.151742826506904,median
Uzunkopru,1993,5,0.5565567284931099,25.5130333915132,9,5,1993-05-01,0.40310270256564495,0.6668487799682706,23.791048851160262,37.65348934388257,58.18248651835201,87.57805639449295,0.5,72.88027145642248,median
Uzunkopru,1993,6,0.4606106389171335,31.17962800651565,10,6,1993-06-01,0.32780171542259645,0.5030639610561858,25.3569063809869,43.49734916614595,75.77725768286285,67.90198731922685,0.5,71.83962250104486,median
Uzunkopru,1993,7,0.3260167390590889,42.35891808837691,9,4,1993-07-01,0.3090066548344354,0.4983037733049914,30.206773300306416,45.06194855960739,8.985918202077286,18.195884087857415,0.5,13.59090114496735,median
Uzunkopru,1993,8,0.2544562098730799,38.44727283514379,12,5,1993-08-01,0.2544562098730799,0.5451981560310377,32.8374973512725,46.303434212563246,0.0,58.340993711345995,0.5,29.170496855672997,median
Uzunkopru,1993,9,0.23505930304848732,36.27032209262791,10,4,1993-09-01,0.2300308150158601,0.4287520313380586,27.778661706012603,41.08830349723985,2.5304233366175883,36.19918161725139,0.5,19.36480247693449,median
Uzunkopru,1993,10,0.2078011083839048,30.07732228989302,6,4,1993-10-01,0.2078011083839048,0.3833590486590971,17.404481016505297,30.74795713019401,0.0,5.02593802834484,0.5,2.51296901417242,median
Uzunkopru,1993,11,0.23228246502966204,18.66978102827757,7,2,1993-11-01,0.1738125945870033,0.3984060592876648,3.4929277223944584,23.6844068579836,26.033647292715074,24.835356518618493,0.5,25.434501905666785,median
Uzunkopru,1993,12,0.23743384908391418,8.35305286353072,5,2,1993-12-01,-0.0344895281917453,0.4769063687411151,-10.191551396239436,15.411135716169714,53.17277258314794,27.567742485975508,0.5,40.37025753456172,median
Uzunkopru,1994,1,0.1666338933105833,1.2945514866746877,8,5,1994-01-01,-0.0647190120673991,0.4827504368211957,-7.886849462172095,16.049935688297523,42.25859650207818,61.6431325629931,0.5,51.95086453253564,median
Uzunkopru,1994,2,,,0,0,1994-02-01,0.1142449671496928,0.4784706552372162,-1.2901862272311977,16.4838470936175,,,0.5,,median
Uzunkopru,1994,3,0.3718232597136881,8.603866943378945,7,3,1994-03-01,0.12189592789673585,0.5741227438850475,0.4511778307203542,24.194473716311705,55.265924748569525,65.66319540495614,0.5,60.46456007676284,median
Uzunkopru,1994,4,0.5287054714051037,22.16006734677748,9,4,1994-04-01,0.3144036814730187,0.6541519397922626,14.111401366359022,29.876309855284347,63.07664121436546,48.94568537411709,0.5,56.01116329424127,median
Uzunkopru,1994,5,0.5494628545241484,32.439875200715385,12,6,1994-05-01,0.40310270256564495,0.6668487799682706,23.791048851160262,37.65348934388257,55.49282605446113,37.60964128866269,0.5,46.55123367156191,median
Uzunkopru,1994,6,0.4052531696824263,31.12072424600342,4,2,1994-06-01,0.32780171542259645,0.5030639610561858,25.3569063809869,43.49734916614595,44.19175047075064,68.22669692642795,0.5,56.2092236985893,median
Uzunkopru,1994,7,0.3786434779124177,37.607359299916794,10,4,1994-07-01,0.3090066548344354,0.4983037733049914,30.206773300306416,45.06194855960739,36.787048656957694,50.18176581271366,0.5,43.48440723483567,median
Uzunkopru,1994,8,0.2706547937100079,40.715131276159504,12,6,1994-08-01,0.2544562098730799,0.5451981560310377,32.8374973512725,46.303434212563246,5.5714643349492645,41.49954803715076,0.5,23.53550618605001,median
Uzunkopru,1994,9,0.23634954580343598,38.211414728966986,12,6,1994-09-01,0.2300308150158601,0.4287520313380586,27.778661706012603,41.08830349723985,3.1796961112249607,21.615072842674852,0.5,12.397384476949906,median
Uzunkopru,1994,10,0.3093568907334798,21.01029151886507,4,1,1994-10-01,0.2078011083839048,0.3833590486590971,17.404481016505297,30.74795713019401,57.84744466150791,72.97697787564763,0.5,65.41221126857778,median
Uzunkopru,1994,11,0.2571585888022251,4.0716506832536075,3,2,1994-11-01,0.1738125945870033,0.3984060592876648,3.4929277223944584,23.6844068579836,37.10971480238993,97.13382582339348,0.5,67.1217703128917,median
Uzunkopru,1994,12,,,2,0,1994-12-01,-0.0344895281917453,0.4769063687411151,-10.191551396239436,15.411135716169714,,,0.5,,median
Uzunkopru,1995,1,0.3569862906700637,4.587982101158645,3,1,1995-01-01,-0.0647190120673991,0.4827504368211957,-7.886849462172095,16.049935688297523,77.02809784062966,47.88426480451576,0.5,62.456181322572704,median
Uzunkopru,1995,2,0.3266784160891054,7.9384234026804545,4,1,1995-02-01,0.1142449671496928,0.4784706552372162,-1.2901862272311977,16.4838470936175,58.32467502631634,48.078134752416496,0.5,53.201404889366415,median
Uzunkopru,1995,3,,,6,0,1995-03-01,0.12189592789673585,0.5741227438850475,0.4511778307203542,24.194473716311705,,,0.5,,median
Uzunkopru,1995,4,0.559512437239116,18.860501561597594,9,4,1995-04-01,0.3144036814730187,0.6541519397922626,14.111401366359022,29.876309855284347,72.14422731073466,69.87549785921838,0.5,71.00986258497653,median
Uzunkopru,1995,5,0.5542418219760432,27.238634104690398,12,6,1995-05-01,0.40310270256564495,0.6668487799682706,23.791048851160262,37.65348934388257,57.30478379008249,75.13002666925715,0.5,66.21740522966982,median
Uzunkopru,1995,6,0.3630129696068628,34.12155547810447,12,6,1995-06-01,0.32780171542259645,0.5030639610561858,25.3569063809869,43.49734916614595,20.090609963928276,51.684480908657584,0.5,35.88754543629293,median
Uzunkopru,1995,7,0.45582525099241566,32.88459778266924,12,6,1995-07-01,0.3090066548344354,0.4983037733049914,30.206773300306416,45.06194855960739,77.55986849890532,81.97379407768206,0.5,79.76683128829369,median
Uzunkopru,1995,8,0.43522158551612455,34.24666756139173,12,6,1995-08-01,0.2544562098730799,0.5451981560310377,32.8374973512725,46.303434212563246,62.173820472686884,89.53529765782552,0.5,75.85455906525621,median
Uzunkopru,1995,9,0.361271961140032,34.20988927406269,6,2,1995-09-01,0.2300308150158601,0.4287520313380586,27.778661706012603,41.08830349723985,66.04284562720412,51.67993497549208,0.5,58.861390301348095,median
Uzunkopru,1995,10,0.3113598108806319,21.749239720909543,6,3,1995-10-01,0.2078011083839048,0.3833590486590971,17.404481016505297,30.74795713019401,58.98833304514496,67.43907908714226,0.5,63.213706066143615,median
Uzunkopru,1995,11,0.2847381404506576,3.4929277223944584,4,3,1995-11-01,0.1738125945870033,0.3984060592876648,3.4929277223944584,23.6844068579836,49.38948068301811,100.0,0.5,74.69474034150906,median
Uzunkopru,1995,12,,,2,0,1995-12-01,-0.0344895281917453,0.4769063687411151,-10.191551396239436,15.411135716169714,,,0.5,,median
Uzunkopru,1996,1,,,0,0,1996-01-01,-0.0647190120673991,0.4827504368211957,-7.886849462172095,16.049935688297523,,,0.5,,median
Uzunkopru,1996,2,0.2214563436763485,-1.2901862272311977,5,1,1996-02-01,0.1142449671496928,0.4784706552372162,-1.2901862272311977,16.4838470936175,29.435424252913432,100.0,0.5,64.71771212645672,median
Uzunkopru,1996,3,,,2,0,1996-03-01,0.12189592789673585,0.5741227438850475,0.4511778307203542,24.194473716311705,,,0.5,,median
Uzunkopru,1996,4,0.3144036814730187,14.111401366359022,9,2,1996-04-01,0.3144036814730187,0.6541519397922626,14.111401366359022,29.876309855284347,0.0,100.0,0.5,50.0,median
Uzunkopru,1996,5,0.4852748602172458,33.05057272303727,10,6,1996-05-01,0.40310270256564495,0.6668487799682706,23.791048851160262,37.65348934388257,31.155783798126283,33.20422997135173,0.5,32.18000688473901,median
Uzunkopru,1996,6,0.36963299270466105,36.61000194402295,12,6,1996-06-01,0.32780171542259645,0.5030639610561858,25.3569063809869,43.49734916614595,23.86781998076119,37.96680876917535,0.5,30.91731437496827,median
Uzunkopru,1996,7,0.33617049317456976,37.88840142790244,12,6,1996-07-01,0.3090066548344354,0.4983037733049914,30.206773300306416,45.06194855960739,14.349842490792867,48.28988555495851,0.5,31.319864022875688,median
Uzunkopru,1996,8,0.2894669516734186,38.57469323425126,10,6,1996-08-01,0.2544562098730799,0.5451981560310377,32.8374973512725,46.303434212563246,12.041861266663492,57.394751348709136,0.5,34.71830630768631,median
Uzunkopru,1996,9,0.3189526905982943,27.778661706012603,9,3,1996-09-01,0.2300308150158601,0.4287520313380586,27.778661706012603,41.08830349723985,44.74704675632614,99.99999999999999,0.5,72.37352337816307,median
Uzunkopru,1996,10,0.2853331746531902,17.404481016505297,11,4,1996-10-01,0.2078011083839048,0.3833590486590971,17.404481016505297,30.74795713019401,44.163235310092816,100.0,0.5,72.08161765504641,median
Uzunkopru,1996,11,0.2333794956165967,8.721973339109145,8,1,1996-11-01,0.1738125945870033,0.3984060592876648,3.4929277223944584,23.6844068579836,26.522098988492058,74.10271143782595,0.5,50.312405213159,median
Uzunkopru,1996,12,0.0029164716760495,-10.191551396239436,3,1,1996-12-01,-0.0344895281917453,0.4769063687411151,-10.191551396239436,15.411135716169714,7.314489633597064,100.0,0.5,53.65724481679853,median
Uzunkopru,1997,1,0.3850050426527908,4.435349827090441,7,3,1997-01-01,-0.0647190120673991,0.4827504368211957,-7.886849462172095,16.049935688297523,82.14596369407725,48.52191214566346,0.5,65.33393791987035,median
Uzunkopru,1997,2,,,6,0,1997-02-01,0.1142449671496928,0.4784706552372162,-1.2901862272311977,16.4838470936175,,,0.5,,median
Uzunkopru,1997,3,0.3773357297978267,11.644628705532668,7,4,1997-03-01,0.12189592789673585,0.5741227438850475,0.4511778307203542,24.194473716311705,56.48488609478943,52.85637289469541,0.5,54.67062949474242,median
Uzunkopru,1997,4,0.5043949991045242,19.43302425372587,8,2,1997-04-01,0.3144036814730187,0.6541519397922626,14.111401366359022,29.876309855284347,55.92120429738318,66.24387073921027,0.5,61.08253751829672,median
Uzunkopru,1997,5,0.5278923170263735,27.808582887190518,12,6,1997-05-01,0.40310270256564495,0.6668487799682706,23.791048851160262,37.65348934388257,47.31430157735731,71.0185660444174,0.5,59.166433810887355,median
Uzunkopru,1997,6,0.4125765186137864,39.66936151643589,10,5,1997-06-01,0.32780171542259645,0.5030639610561858,25.3569063809869,43.49734916614595,48.37025959853541,21.101952664803694,0.5,34.73610613166955,median
Uzunkopru,1997,7,0.388494780069393,38.02262921401496,10,5,1997-07-01,0.3090066548344354,0.4983037733049914,30.206773300306416,45.06194855960739,41.99119663161775,47.38630963768023,0.5,44.68875313464899,median
Uzunkopru,1997,8,0.3771069714148929,32.8374973512725,12,6,1997-08-01,0.2544562098730799,0.5451981560310377,32.8374973512725,46.303434212563246,42.18543734834114,100.0,0.5,71.09271867417057,median
Uzunkopru,1997,9,0.29859632853355766,30.631695074940694,12,6,1997-09-01,0.2300308150158601,0.4287520313380586,27.778661706012603,41.08830349723985,34.50336848106255,78.56416112709657,0.5,56.53376480407956,median
Uzunkopru,1997,10,0.3111463801648694,18.80743250650317,9,1,1997-10-01,0.2078011083839048,0.3833590486590971,17.404481016505297,30.74795713019401,58.86676023822551,89.4858620194282,0.5,74.17631112882685,median
Uzunkopru,1997,11,0.2428033662242319,14.319471149197026,8,3,1997-11-01,0.1738125945870033,0.3984060592876648,3.4929277223944584,23.6844068579836,30.71806729958933,46.380632374178596,0.5,38.54934983688396,median
Uzunkopru,1997,12,0.2728961128781718,6.410474644968423,2,1,1997-12-01,-0.0344895281917453,0.4769063687411151,-10.191551396239436,15.411135716169714,60.10717780754366,35.155142238327144,0.5,47.631160022935404,median
Uzunkopru,1998,1,0.23126885491494895,6.122335125901005,4,2,1998-01-01,-0.0647190120673991,0.4827504368211957,-7.886849462172095,16.049935688297523,54.064727736538764,41.474243512612,0.5,47.76948562457538,median
Uzunkopru,1998,2,0.3575700653116495,7.962416540970356,10,3,1998-02-01,0.1142449671496928,0.4784706552372162,-1.2901862272311977,16.4838470936175,66.80613315321287,47.94314491720696,0.5,57.37463903520991,median
Uzunkopru,1998,3,,,5,0,1998-03-01,0.12189592789673585,0.5741227438850475,0.4511778307203542,24.194473716311705,,,0.5,,median
Uzunkopru,1998,4,0.4745052633341375,17.503631446225306,9,3,1998-04-01,0.3144036814730187,0.6541519397922626,14.111401366359022,29.876309855284347,47.12359164198558,78.48239916997116,0.5,62.802995405978365,median
Uzunkopru,1998,5,0.5231408416583048,27.025267692610555,6,2,1998-05-01,0.40310270256564495,0.6668487799682706,23.791048851160262,37.65348934388257,45.512767535652756,76.66919585228707,0.5,61.090981693969916,median
Uzunkopru,1998,6,0.42674827052574227,37.07333488318372,12,6,1998-06-01,0.32780171542259645,0.5030639610561858,25.3569063809869,43.49734916614595,56.45628626145056,35.41266527528097,0.5,45.934475768365765,median
Uzunkopru,1998,7,0.4223124108495433,38.59179504076637,12,6,1998-07-01,0.3090066548344354,0.4983037733049914,30.206773300306416,45.06194855960739,59.85603844927618,43.55487839020943,0.5,51.705458419742804,median
Uzunkopru,1998,8,0.3513341943394427,38.85264454294123,11,5,1998-08-01,0.2544562098730799,0.5451981560310377,32.8374973512725,46.303434212563246,33.320952049254615,55.33064462109651,0.5,44.32579833517556,median
Uzunkopru,1998,9,0.29534737938394295,27.791268399824226,10,4,1998-09-01,0.2300308150158601,0.4287520313380586,27.778661706012603,41.08830349723985,32.868440308950824,99.90528149435298,0.5,66.3868609016519,median
Uzunkopru,1998,10,0.3461585151369912,17.91792211925545,9,4,1998-10-01,0.2078011083839048,0.3833590486590971,17.404481016505297,30.74795713019401,78.81011051747763,96.15211884537771,0.5,87.48111468142767,median
Uzunkopru,1998,11,0.3984060592876648,12.828129396593852,8,4,1998-11-01,0.1738125945870033,0.3984060592876648,3.4929277223944584,23.6844068579836,100.0,53.76662793492264,0.5,76.88331396746132,median
Uzunkopru,1998,12,-0.0344895281917453,-8.224078548433756,6,1,1998-12-01,-0.0344895281917453,0.4769063687411151,-10.191551396239436,15.411135716169714,0.0,92.31536580841124,0.5,46.15768290420562,median
Uzunkopru,1999,1,0.236571877741868,4.047360053646118,7,1,1999-01-01,-0.0647190120673991,0.4827504368211957,-7.886849462172095,16.049935688297523,55.033370432069006,50.142805557227994,0.5,52.588087994648504,median
Uzunkopru,1999,2,0.34019232512180064,11.727497322434292,8,2,1999-02-01,0.1142449671496928,0.4784706552372162,-1.2901862272311977,16.4838470936175,62.034986922123046,26.760103828567004,0.5,44.397545375345025,median
Uzunkopru,1999,3,0.44386398849662495,15.81350263480434,6,4,1999-03-01,0.12189592789673585,0.5741227438850475,0.4511778307203542,24.194473716311705,71.19614521227568,35.2982632314049,0.5,53.24720422184029,median
Uzunkopru,1999,4,0.5052031842876245,26.23676336189581,10,4,1999-04-01,0.3144036814730187,0.6541519397922626,14.111401366359022,29.876309855284347,56.1590819504132,23.08637881371324,0.5,39.622730382063224,median
Uzunkopru,1999,5,0.40310270256564495,31.32668457253955,12,6,1999-05-01,0.40310270256564495,0.6668487799682706,23.791048851160262,37.65348934388257,0.0,45.63990571980852,0.5,22.81995285990426,median
Uzunkopru,1999,6,0.32780171542259645,37.42604675080608,10,4,1999-06-01,0.32780171542259645,0.5030639610561858,25.3569063809869,43.49734916614595,0.0,33.4683253724484,0.5,16.7341626862242,median
Uzunkopru,1999,7,0.3700175180199903,40.88942051778885,18,9,1999-07-01,0.3090066548344354,0.4983037733049914,30.206773300306416,45.06194855960739,32.23021231305469,28.088043183509914,0.5,30.1591277482823,median
Uzunkopru,1999,8,0.32070215411416847,41.01225468149768,21,10,1999-08-01,0.2544562098730799,0.5451981560310377,32.8374973512725,46.303434212563246,22.78513476177176,39.29306653943715,0.5,31.039100650604453,median
Uzunkopru,1999,9,0.296685344709912,34.919120861682934,19,11,1999-09-01,0.2300308150158601,0.4287520313380586,27.778661706012603,41.08830349723985,33.54172791795967,46.35122967489023,0.5,39.94647879642495,median
Uzunkopru,1999,10,0.2644666740541335,23.901537609911287,21,9,1999-10-01,0.2078011083839048,0.3833590486590971,17.404481016505297,30.74795713019401,32.27741541134723,51.30911512075302,0.5,41.79326526605013,median
Uzunkopru,1999,11,0.2646521606076221,14.646166766028646,19,8,1999-11-01,0.1738125945870033,0.3984060592876648,3.4929277223944584,23.6844068579836,40.446219635860686,44.76264483281125,0.5,42.60443223433597,median
Uzunkopru,1999,12,0.2982482546817513,11.4014408153511,13,3,1999-12-01,-0.0344895281917453,0.4769063687411151,-10.191551396239436,15.411135716169714,65.06461723082239,15.661226820505059,0.5,40.36292202566373,median
Uzunkopru,2000,1,0.3125449223794626,4.335718615094636,13,7,2000-01-01,-0.0647190120673991,0.4827504368211957,-7.886849462172095,16.049935688297523,68.91049997634325,48.938138515953,0.5,58.92431924614812,median
Uzunkopru,2000,2,0.3711973842235282,10.268383007562967,14,5,2000-02-01,0.1142449671496928,0.4784706552372162,-1.2901862272311977,16.4838470936175,70.54758230344527,34.969350928153595,0.5,52.758466615799435,median
Uzunkopru,2000,3,0.4081448489410627,14.571275976031858,15,3,2000-03-01,0.12189592789673585,0.5741227438850475,0.4511778307203542,24.194473716311705,63.297644218366145,40.530168122613915,0.5,51.91390617049003,median
Uzunkopru,2000,4,0.33035343700565856,22.696345065327456,6,2,2000-04-01,0.3144036814730187,0.6541519397922626,14.111401366359022,29.876309855284347,4.694580514273798,45.543967445169365,0.5,25.11927397972158,median
Uzunkopru,2000,5,0.5344086909675202,30.829519269819286,20,12,2000-05-01,0.40310270256564495,0.6668487799682706,23.791048851160262,37.65348934388257,49.78500142825936,49.22632546300793,0.5,49.505663445633644,median
Uzunkopru,2000,6,0.4341092791257503,39.16490707441249,16,9,2000-06-01,0.32780171542259645,0.5030639610561858,25.3569063809869,43.49734916614595,60.6562829997083,23.88278027743564,0.5,42.26953163857197,median
Uzunkopru,2000,7,0.33192332307401007,42.672228290765645,20,10,2000-07-01,0.3090066548344354,0.4983037733049914,30.206773300306416,45.06194855960739,12.106189689907621,16.08678610065886,0.5,14.09648789528324,median
Uzunkopru,2000,8,0.2731970448492794,40.19636621727996,21,9,2000-08-01,0.2544562098730799,0.5451981560310377,32.8374973512725,46.303434212563246,6.4458655601135035,45.35197259715883,0.5,25.898919078636165,median
Uzunkopru,2000,9,0.2461534136035472,33.90073413751548,21,11,2000-09-01,0.2300308150158601,0.4287520313380586,27.778661706012603,41.08830349723985,8.113174267988871,54.002725786819425,0.5,31.057950027404146,median
Uzunkopru,2000,10,0.27023449130107446,22.523974711070522,16,8,2000-10-01,0.2078011083839048,0.3833590486590971,17.404481016505297,30.74795713019401,35.5628363031051,61.632983407425044,0.5,48.59790985526507,median
Uzunkopru,2000,11,0.29388324229881313,19.041141961686343,20,6,2000-11-01,0.1738125945870033,0.3984060592876648,3.4929277223944584,23.6844068579836,53.46132750204471,22.99616023728109,0.5,38.2287438696629,median
Uzunkopru,2000,12,0.3106673286402514,9.104796875154062,19,4,2000-12-01,-0.0344895281917453,0.4769063687411151,-10.191551396239436,15.411135716169714,67.49308293283222,24.631550638913545,0.5,46.06231678587288,median
Uzunkopru,2001,1,0.3795749950277324,14.982371921383995,12,5,2001-01-01,-0.0647190120673991,0.4827504368211957,-7.886849462172095,16.049935688297523,81.15411882746747,4.459929602921567,0.5,42.80702421519452,median
Uzunkopru,2001,2,0.448539681483585,11.800867327578873,12,5,2001-02-01,0.1142449671496928,0.4784706552372162,-1.2901862272311977,16.4838470936175,91.78230016921847,26.347310604766086,0.5,59.064805386992276,median
Uzunkopru,2001,3,0.5490660869673906,19.184418155364355,17,5,2001-03-01,0.12189592789673585,0.5741227438850475,0.4511778307203542,24.194473716311705,94.45927219886393,21.10092712102244,0.5,57.78009965994318,median
Uzunkopru,2001,4,0.5734942185623545,23.54706106199979,16,7,2001-04-01,0.3144036814730187,0.6541519397922626,14.111401366359022,29.876309855284347,76.25956299851927,40.14770398274614,0.5,58.203633490632704,median
Uzunkopru,2001,5,0.5482213240259763,23.791048851160262,16,6,2001-05-01,0.40310270256564495,0.6668487799682706,23.791048851160262,37.65348934388257,55.022096589818965,100.0,0.5,77.51104829490949,median
Uzunkopru,2001,6,0.3755586922921339,40.65486678716455,22,9,2001-06-01,0.32780171542259645,0.5030639610561858,25.3569063809869,43.49734916614595,27.248867374083638,15.6693109018644,0.5,21.45908913797402,median
Uzunkopru,2001,7,0.3090066548344354,43.00302625377465,24,12,2001-07-01,0.3090066548344354,0.4983037733049914,30.206773300306416,45.06194855960739,0.0,13.859966441955144,0.5,6.929983220977572,median
Uzunkopru,2001,8,0.2568865111776517,43.58570929792313,20,9,2001-08-01,0.2544562098730799,0.5451981560310377,32.8374973512725,46.303434212563246,0.8358963461197553,20.182219348231925,0.5,10.509057847175841,median
Uzunkopru,2001,9,0.2300308150158601,30.19382531701176,19,9,2001-09-01,0.2300308150158601,0.4287520313380586,27.778661706012603,41.08830349723985,0.0,81.85402996652353,0.5,40.92701498326176,median
Uzunkopru,2001,10,0.2249617552955566,25.55870955310319,21,7,2001-10-01,0.2078011083839048,0.3833590486590971,17.404481016505297,30.74795713019401,9.774919257284495,38.88977304622527,0.5,24.332346151754884,median
Uzunkopru,2001,11,0.235255130854164,22.136895630790047,15,7,2001-11-01,0.1738125945870033,0.3984060592876648,3.4929277223944584,23.6844068579836,27.35722357240065,7.664179611616156,0.5,17.510701592008402,median
Uzunkopru,2001,12,0.034919203445315294,-1.7347704512789173,9,4,2001-12-01,-0.0344895281917453,0.4769063687411151,-10.191551396239436,15.411135716169714,13.57240682871045,66.9691665260336,0.5,40.27078667737203,median
Uzunkopru,2002,1,0.1334905209903832,5.297268163622617,19,9,2002-01-01,-0.0647190120673991,0.4827504368211957,-7.886849462172095,16.049935688297523,36.204674701056454,44.92110138049992,0.5,40.56288804077819,median
Uzunkopru,2002,2,0.2811028841800739,16.4838470936175,19,9,2002-02-01,0.1142449671496928,0.4784706552372162,-1.2901862272311977,16.4838470936175,45.81168283503528,0.0,0.5,22.90584141751764,median
Uzunkopru,2002,3,0.3052018724732792,18.10673314261814,11,5,2002-03-01,0.12189592789673585,0.5741227438850475,0.4511778307203542,24.194473716311705,40.5340723052746,25.639829461873145,0.5,33.08695088357387,median
Uzunkopru,2002,4,0.4100780450489542,17.890510424244304,9,6,2002-04-01,0.3144036814730187,0.6541519397922626,14.111401366359022,29.876309855284347,28.160369106597507,76.0283476396957,0.5,52.094358373146605,median
Uzunkopru,2002,5,0.476506338859811,36.40127466324494,16,8,2002-05-01,0.40310270256564495,0.6668487799682706,23.791048851160262,37.65348934388257,27.831176492574166,9.033147383356006,0.5,18.432161937965084,median
Uzunkopru,2002,6,0.41145454029846945,38.0255468638775,17,8,2002-06-01,0.32780171542259645,0.5030639610561858,25.3569063809869,43.49734916614595,47.73008845884649,30.16355425869212,0.5,38.946821358769306,median
Uzunkopru,2002,7,0.4037848592735783,41.636349039057095,20,10,2002-07-01,0.3090066548344354,0.4983037733049914,30.206773300306416,45.06194855960739,50.06848767953384,23.059973785267132,0.5,36.56423073240049,median
Uzunkopru,2002,8,0.4021539855857065,38.570627212572326,10,5,2002-08-01,0.2544562098730799,0.5451981560310377,32.8374973512725,46.303434212563246,50.80029822473003,57.42494621536278,0.5,54.112622220046404,median
Uzunkopru,2002,9,0.3443129488901563,31.99975809389059,11,5,2002-09-01,0.2300308150158601,0.4287520313380586,27.778661706012603,41.08830349723985,57.508773340539435,68.28542455094299,0.5,62.89709894574121,median
Uzunkopru,2002,10,0.343135938173266,24.133460070630093,10,5,2002-10-01,0.2078011083839048,0.3833590486590971,17.404481016505297,30.74795713019401,77.08841284946713,49.57101885001527,0.5,63.329715849741206,median
Uzunkopru,2002,11,0.3722064859534504,15.207564198179575,9,4,2002-11-01,0.1738125945870033,0.3984060592876648,3.4929277223944584,23.6844068579836,88.33466798816553,41.98227679547702,0.5,65.15847239182128,median
Uzunkopru,2002,12,0.4355486345298457,4.145831879137259,7,3,2002-12-01,-0.0344895281917453,0.4769063687411151,-10.191551396239436,15.411135716169714,91.91277551123976,44.000474589139394,0.5,67.95662505018957,median
Uzunkopru,2003,1,0.16040056273017636,-1.8088525948799345,7,2,2003-01-01,-0.0647190120673991,0.4827504368211957,-7.886849462172095,16.049935688297523,41.120025099954994,74.60813209006508,0.5,57.86407859501004,median
Uzunkopru,2003,2,0.3327852434559212,3.340068309507416,7,3,2003-02-01,0.1142449671496928,0.4784706552372162,-1.2901862272311977,16.4838470936175,60.001335285750955,73.94933129045398,0.5,66.97533328810246,median
Uzunkopru,2003,3,0.3500466323562683,18.575531014545284,9,6,2003-03-01,0.12189592789673585,0.5741227438850475,0.4511778307203542,24.194473716311705,50.45050324159223,23.665386342492933,0.5,37.05794479204258,median
Uzunkopru,2003,4,0.4889312464370268,25.36738658795848,11,5,2003-04-01,0.3144036814730187,0.6541519397922626,14.111401366359022,29.876309855284347,51.369671717349476,28.60101135692183,0.5,39.98534153713565,median
Uzunkopru,2003,5,0.5322308050162824,35.11926055710495,8,4,2003-05-01,0.40310270256564495,0.6668487799682706,23.791048851160262,37.65348934388257,48.9592503980694,18.281259985267905,0.5,33.620255191668655,median
Uzunkopru,2003,6,0.37503541726455797,43.49734916614595,2,2,2003-06-01,0.32780171542259645,0.5030639610561858,25.3569063809869,43.49734916614595,26.950300488965716,0.0,0.5,13.475150244482858,median
Uzunkopru,2003,7,0.3309077724955495,41.45207937180863,14,6,2003-07-01,0.3090066548344354,0.4983037733049914,30.206773300306416,45.06194855960739,11.569704725600808,24.30041466887833,0.5,17.935059697239566,median
Uzunkopru,2003,8,0.3006419859374207,41.74839118562409,14,7,2003-08-01,0.2544562098730799,0.5451981560310377,32.8374973512725,46.303434212563246,15.885487689226805,33.82641010320724,0.5,24.855948896217022,median
Uzunkopru,2003,9,0.2544669769066856,33.8856142288814,17,9,2003-09-01,0.2300308150158601,0.4287520313380586,27.778661706012603,41.08830349723985,12.296705074110323,54.116326955590495,0.5,33.20651601485041,median
Uzunkopru,2003,10,0.2295694453282965,25.03310638137333,13,5,2003-10-01,0.2078011083839048,0.3833590486590971,17.404481016505297,30.74795713019401,12.399517168103698,42.828800382517784,0.5,27.61415877531074,median
Uzunkopru,2003,11,0.1738125945870033,14.603123517452469,8,3,2003-11-01,0.1738125945870033,0.3984060592876648,3.4929277223944584,23.6844068579836,0.0,44.97582014447185,0.5,22.487910072235923,median
Uzunkopru,2003,12,0.3879370953835891,2.624201946351886,4,2,2003-12-01,-0.0344895281917453,0.4769063687411151,-10.191551396239436,15.411135716169714,82.60266187289992,49.94371767961902,0.5,66.27318977625947,median
Uzunkopru,2004,1,0.1410585381090641,-1.861504614999968,7,3,2004-01-01,-0.0647190120673991,0.4827504368211957,-7.886849462172095,16.049935688297523,37.58703807019871,74.82809487867291,0.5,56.20756647443581,median
Uzunkopru,2004,2,0.4138909017510821,10.05284681051155,8,6,2004-02-01,0.1142449671496928,0.4784706552372162,-1.2901862272311977,16.4838470936175,82.26930290797732,36.1819974510933,0.5,59.22565017953531,median
Uzunkopru,2004,3,0.4517154565175276,13.345846105117959,14,8,2004-03-01,0.12189592789673585,0.5741227438850475,0.4511778307203542,24.194473716311705,72.9323244354701,45.69132972721471,0.5,59.3118270813424,median
Uzunkopru,2004,4,0.5361319875976834,23.645822261999893,13,7,2004-04-01,0.3144036814730187,0.6541519397922626,14.111401366359022,29.876309855284347,65.26252915072138,39.5212417354741,0.5,52.391885443097735,median
Uzunkopru,2004,5,0.4987055249200276,28.887025097724795,12,5,2004-05-01,0.40310270256564495,0.6668487799682706,23.791048851160262,37.65348934388257,36.24805468042609,63.23896755957302,0.5,49.74351111999955,median
Uzunkopru,2004,6,0.46795030159121825,34.19973305583858,16,8,2004-06-01,0.32780171542259645,0.5030639610561858,25.3569063809869,43.49734916614595,79.96507500059218,51.25352352432038,0.5,65.60929926245628,median
Uzunkopru,2004,7,0.4053003282375502,39.89996614888954,19,11,2004-07-01,0.3090066548344354,0.4983037733049914,30.206773300306416,45.06194855960739,50.86906455900049,34.74871430739856,0.5,42.808889433199525,median
Uzunkopru,2004,8,0.3082993632024451,45.969483436482776,15,9,2004-08-01,0.2544562098730799,0.5451981560310377,32.8374973512725,46.303434212563246,18.51922436403885,2.479966893654815,0.5,10.499595628846832,median
Uzunkopru,2004,9,0.2491716397333385,36.45369206461626,18,9,2004-09-01,0.2300308150158601,0.4287520313380586,27.778661706012603,41.08830349723985,9.631998571528595,34.82145879897675,0.5,22.226728685252674,median
Uzunkopru,2004,10,0.2285710655596063,27.626781432057964,9,4,2004-10-01,0.2078011083839048,0.3833590486590971,17.404481016505297,30.74795713019401,11.830827556500129,23.39102398462808,0.5,17.610925770564105,median
Uzunkopru,2004,11,0.2304015611244922,9.49217780801687,10,4,2004-11-01,0.1738125945870033,0.3984060592876648,3.4929277223944584,23.6844068579836,25.19617684019023,70.28820897500155,0.5,47.74219290759589,median
Uzunkopru,2004,12,0.26550043590800576,10.570701045177932,9,6,2004-12-01,-0.0344895281917453,0.4769063687411151,-10.191551396239436,15.411135716169714,58.66100332422804,18.905963462896487,0.5,38.783483393562264,median
Uzunkopru,2005,1,0.3097033890159471,9.173759877020485,13,4,2005-01-01,-0.0647190120673991,0.4827504368211957,-7.886849462172095,16.049935688297523,68.39146948627955,28.72639649832899,0.5,48.55893299230427,median
Uzunkopru,2005,2,0.2955568815505441,12.856836247849868,8,3,2005-02-01,0.1142449671496928,0.4784706552372162,-1.2901862272311977,16.4838470936175,49.780100726251376,20.40623408482754,0.5,35.09316740553946,median
Uzunkopru,2005,3,0.3496741912450875,21.38053881980108,14,7,2005-03-01,0.12189592789673585,0.5741227438850475,0.4511778307203542,24.194473716311705,50.36814609291963,11.851492354177601,0.5,31.109819223548616,median
Uzunkopru,2005,4,0.4135771109677671,26.518309631372144,14,7,2005-04-01,0.3144036814730187,0.6541519397922626,14.111401366359022,29.876309855284347,29.19026869640646,21.3004739372332,0.5,25.245371316819828,median
Uzunkopru,2005,5,0.4927812108401912,30.609217056842965,10,4,2005-05-01,0.40310270256564495,0.6668487799682706,23.791048851160262,37.65348934388257,34.00183584063172,50.81552768964312,0.5,42.408681765137416,median
Uzunkopru,2005,6,0.4958704590964674,31.972287609368102,20,11,2005-06-01,0.32780171542259645,0.5030639610561858,25.3569063809869,43.49734916614595,95.89557811854274,63.53241590225495,0.5,79.71399701039884,median
Uzunkopru,2005,7,0.45443686843861664,39.45222357950206,16,10,2005-07-01,0.3090066548344354,0.4983037733049914,30.206773300306416,45.06194855960739,76.82642756487705,37.76276538099423,0.5,57.29459647293564,median
Uzunkopru,2005,8,0.3379767522253696,41.0876182995093,19,8,2005-08-01,0.2544562098730799,0.5451981560310377,32.8374973512725,46.303434212563246,28.72669164390668,38.7334053826389,0.5,33.73004851327279,median
Uzunkopru,2005,9,0.2904201563375092,37.5110803429603,16,9,2005-09-01,0.2300308150158601,0.4287520313380586,27.778661706012603,41.08830349723985,30.388975288746376,26.87693035162973,0.5,28.632952820188052,median
Uzunkopru,2005,10,0.27161351864431654,22.44942564534668,11,4,2005-10-01,0.2078011083839048,0.3833590486590971,17.404481016505297,30.74795713019401,36.348347537219844,62.19167639783228,0.5,49.27001196752606,median
Uzunkopru,2005,11,0.242968372750229,18.81514760769808,5,3,2005-11-01,0.1738125945870033,0.3984060592876648,3.4929277223944584,23.6844068579836,30.79153627884793,24.115416298071253,0.5,27.45347628845959,median
Uzunkopru,2005,12,0.120665844318701,5.734777569610182,4,2,2005-12-01,-0.0344895281917453,0.4769063687411151,-10.191551396239436,15.411135716169714,30.339581025386323,37.79430691815774,0.5,34.066943971772034,median
Uzunkopru,2006,1,0.18244435702566494,3.0870699588946495,2,2,2006-01-01,-0.0647190120673991,0.4827504368211957,-7.886849462172095,16.049935688297523,45.14651358077145,54.15458110985533,0.5,49.650547345313385,median
Uzunkopru,2006,2,0.1142449671496928,3.5338087109991814,10,5,2006-02-01,0.1142449671496928,0.4784706552372162,-1.2901862272311977,16.4838470936175,0.0,72.8593119459729,0.5,36.42965597298645,median
Uzunkopru,2006,3,0.3191280392751522,13.16924039349992,8,5,2006-03-01,0.12189592789673585,0.5741227438850475,0.4511778307203542,24.194473716311705,43.613537367831384,46.4351426859085,0.5,45.02434002686994,median
Uzunkopru,2006,4,0.4272560599366556,27.500711272545132,7,6,2006-04-01,0.3144036814730187,0.6541519397922626,14.111401366359022,29.876309855284347,33.21647004812468,15.068901823363245,0.5,24.142685935743962,median
Uzunkopru,2006,5,0.4727914759565801,37.65348934388257,13,9,2006-05-01,0.40310270256564495,0.6668487799682706,23.791048851160262,37.65348934388257,26.4226767189226,0.0,0.5,13.2113383594613,median
Uzunkopru,2006,6,0.501725193768231,33.34662045472734,16,6,2006-06-01,0.32780171542259645,0.5030639610561858,25.3569063809869,43.49734916614595,99.23613480866058,55.95634479067434,0.5,77.59623979966746,median
Uzunkopru,2006,7,0.4983037733049914,34.980689120810055,18,8,2006-07-01,0.3090066548344354,0.4983037733049914,30.206773300306416,45.06194855960739,100.0,67.86361832039212,0.5,83.93180916019605,median
Uzunkopru,2006,8,0.3214243676630545,43.469998921794584,22,10,2006-08-01,0.2544562098730799,0.5451981560310377,32.8374973512725,46.303434212563246,23.033538392011497,21.041501382006857,0.5,22.037519887009175,median
Uzunkopru,2006,9,0.29036790731592993,38.33153092901198,19,8,2006-09-01,0.2300308150158601,0.4287520313380586,27.778661706012603,41.08830349723985,30.362682665066686,20.71259776536534,0.5,25.537640215216015,median
Uzunkopru,2006,10,0.3150715782543949,22.366424005222136,9,4,2006-10-01,0.2078011083839048,0.3833590486590971,17.404481016505297,30.74795713019401,61.10260219636917,62.8137155083111,0.5,61.958158852340134,median
Uzunkopru,2006,11,0.3674541093012232,15.68286635068533,12,3,2006-11-01,0.1738125945870033,0.3984060592876648,3.4929277223944584,23.6844068579836,86.21867736548148,39.62830287749894,0.5,62.92349012149021,median
Uzunkopru,2006,12,0.3138042418652197,10.201598593347535,18,7,2006-12-01,-0.0344895281917453,0.4769063687411151,-10.191551396239436,15.411135716169714,68.10648504336582,20.347618591554834,0.5,44.22705181746033,median
Uzunkopru,2007,1,0.3386787831742424,11.324714866790226,13,5,2007-01-01,-0.0647190120673991,0.4827504368211957,-7.886849462172095,16.049935688297523,73.6840742548411,19.740415397489556,0.5,46.712244826165325,median
Uzunkopru,2007,2,0.45106536606218767,8.45152510385623,14,4,2007-02-01,0.1142449671496928,0.4784706552372162,-1.2901862272311977,16.4838470936175,92.47573961108337,45.19132964795034,0.5,68.83353462951686,median
Uzunkopru,2007,3,0.5152360210757745,14.830360975515257,15,6,2007-03-01,0.12189592789673585,0.5741227438850475,0.4511778307203542,24.194473716311705,86.97849823863719,39.43897589415575,0.5,63.208737066396466,median
Uzunkopru,2007,4,0.5694849963924931,24.25740922284771,12,6,2007-04-01,0.3144036814730187,0.6541519397922626,14.111401366359022,29.876309855284347,75.07950627366796,35.64182206565838,0.5,55.36066416966317,median
Uzunkopru,2007,5,0.50293841119919,34.231474031001795,18,7,2007-05-01,0.40310270256564495,0.6668487799682706,23.791048851160262,37.65348934388257,37.852964342343306,24.685518503594732,0.5,31.269241422969017,median
Uzunkopru,2007,6,0.41142750045538956,41.210373092091,18,6,2007-06-01,0.32780171542259645,0.5030639610561858,25.3569063809869,43.49734916614595,47.71466023984693,12.60705761783258,0.5,30.160858928839755,median
Uzunkopru,2007,7,0.316144380544374,42.921104105560566,20,10,2007-07-01,0.3090066548344354,0.4983037733049914,30.206773300306416,45.06194855960739,3.770646784065453,14.411438550389484,0.5,9.091042667227468,median
Uzunkopru,2007,8,0.2609093000279254,44.793310755689674,20,10,2007-08-01,0.2544562098730799,0.5451981560310377,32.8374973512725,46.303434212563246,2.21952499118913,11.214395793096143,0.5,6.716960392142637,median
Uzunkopru,2007,9,0.2638759143275087,33.64256050032499,9,6,2007-09-01,0.2300308150158601,0.4287520313380586,27.778661706012603,41.08830349723985,17.03144734016398,55.94247473904636,0.5,36.48696103960517,median
Uzunkopru,2007,10,0.28345322642777393,26.394146905895767,5,2,2007-10-01,0.2078011083839048,0.3833590486590971,17.404481016505297,30.74795713019401,43.09239327214832,32.628755709554476,0.5,37.8605744908514,median
Uzunkopru,2007,11,0.2441816765358358,14.979964683948879,6,2,2007-11-01,0.1738125945870033,0.3984060592876648,3.4929277223944584,23.6844068579836,31.33175849200266,43.10948254747928,0.5,37.22062051974097,median
Uzunkopru,2007,12,0.3520710296967311,11.75938101622217,2,1,2007-12-01,-0.0344895281917453,0.4769063687411151,-10.191551396239436,15.411135716169714,75.5892959264839,14.2631696583817,0.5,44.9262327924328,median
Uzunkopru,2008,1,0.2834932211666216,5.3365088889612675,6,2,2008-01-01,-0.0647190120673991,0.4827504368211957,-7.886849462172095,16.049935688297523,63.603957068457134,44.757166561801505,0.5,54.18056181512932,median
Uzunkopru,2008,2,0.3404458620308188,15.540238365220054,8,3,2008-02-01,0.1142449671496928,0.4784706552372162,-1.2901862272311977,16.4838470936175,62.10459675946028,5.30891729166843,0.5,33.70675702556436,median
Uzunkopru,2008,3,0.4338423769030536,21.032184224880336,12,5,2008-03-01,0.12189592789673585,0.5741227438850475,0.4511778307203542,24.194473716311705,68.98008653568664,13.31866269396242,0.5,41.14937461482453,median
Uzunkopru,2008,4,0.5417590642310809,22.772345978881788,7,5,2008-04-01,0.3144036814730187,0.6541519397922626,14.111401366359022,29.876309855284347,66.91877800427989,45.06187829376248,0.5,55.99032814902118,median
Uzunkopru,2008,5,0.4505176972110106,33.8242774639427,17,7,2008-05-01,0.40310270256564495,0.6668487799682706,23.791048851160262,37.65348934388257,17.977516523585503,27.622927448815243,0.5,22.800221986200373,median
Uzunkopru,2008,6,0.4100581513582421,36.72464905075392,17,8,2008-06-01,0.32780171542259645,0.5030639610561858,25.3569063809869,43.49734916614595,46.93334587736278,37.33481147953496,0.5,42.13407867844887,median
Uzunkopru,2008,7,0.351599601276468,42.41730323810586,17,11,2008-07-01,0.3090066548344354,0.4983037733049914,30.206773300306416,45.06194855960739,22.500578342748344,17.802855067937955,0.5,20.151716705343148,median
Uzunkopru,2008,8,0.3070529247399481,43.95508394613901,17,9,2008-08-01,0.2544562098730799,0.5451981560310377,32.8374973512725,46.303434212563246,18.090514823166536,17.439189642829934,0.5,17.764852232998237,median
Uzunkopru,2008,9,0.2708240202210366,35.19440215550908,13,5,2008-09-01,0.2300308150158601,0.4287520313380586,27.778661706012603,41.08830349723985,20.527856038801634,44.28294490701923,0.5,32.40540047291043,median
Uzunkopru,2008,10,0.2657763554904954,26.780082493875565,5,1,2008-10-01,0.2078011083839048,0.3833590486590971,17.404481016505297,30.74795713019401,33.0234263489949,29.736439009681362,0.5,31.379932679338133,median
Uzunkopru,2008,11,0.2291163924389108,23.6844068579836,5,3,2008-11-01,0.1738125945870033,0.3984060592876648,3.4929277223944584,23.6844068579836,24.62395685716701,0.0,0.5,12.311978428583505,median
Uzunkopru,2008,12,0.30473067525172604,4.12667255521194,4,2,2008-12-01,-0.0344895281917453,0.4769063687411151,-10.191551396239436,15.411135716169714,66.33221061763945,44.07530784332556,0.5,55.203759230482504,median
Uzunkopru,2009,1,0.2340022656580092,16.049935688297523,6,1,2009-01-01,-0.0647190120673991,0.4827504368211957,-7.886849462172095,16.049935688297523,54.56400870072942,0.0,0.5,27.28200435036471,median
Uzunkopru,2009,2,0.2988652266937014,7.530073952872562,9,4,2009-02-01,0.1142449671496928,0.4784706552372162,-1.2901862272311977,16.4838470936175,50.68842357424399,50.37558430951226,0.5,50.53200394187813,median
Uzunkopru,2009,3,0.4821184645906186,19.957718487826124,5,2,2009-03-01,0.12189592789673585,0.5741227438850475,0.4511778307203542,24.194473716311705,79.6552800405346,17.844006362472452,0.5,48.74964320150353,median
Uzunkopru,2009,4,0.5109624143046887,20.928792743741937,12,4,2009-04-01,0.3144036814730187,0.6541519397922626,14.111401366359022,29.876309855284347,57.85422824654303,56.75590897230988,0.5,57.305068609426456,median
Uzunkopru,2009,5,0.5535793692877738,36.40780932224449,22,11,2009-05-01,0.40310270256564495,0.6668487799682706,23.791048851160262,37.65348934388257,57.05361315854431,8.986008071897976,0.5,33.01981061522114,median
Uzunkopru,2009,6,0.3753203116023487,38.14120548954124,20,9,2009-06-01,0.32780171542259645,0.5030639610561858,25.3569063809869,43.49734916614595,27.112853659935766,29.52598092581646,0.5,28.31941729287611,median
Uzunkopru,2009,7,0.38488177390893064,42.413104075211514,23,12,2009-07-01,0.3090066548344354,0.4983037733049914,30.206773300306416,45.06194855960739,40.082553652974454,17.831122407912392,0.5,28.95683803044342,median
Uzunkopru,2009,8,0.3171203418672916,40.39331505816018,23,12,2009-08-01,0.2544562098730799,0.5451981560310377,32.8374973512725,46.303434212563246,21.553178969286666,43.889401942707245,0.5,32.72129045599696,median
Uzunkopru,2009,9,0.324733737868932,28.9882283610893,17,9,2009-09-01,0.2300308150158601,0.4287520313380586,27.778661706012603,41.08830349723985,47.65617109525157,90.91210211326684,0.5,69.2841366042592,median
Uzunkopru,2009,10,0.3833590486590971,22.390619674666382,17,7,2009-10-01,0.2078011083839048,0.3833590486590971,17.404481016505297,30.74795713019401,99.99999999999999,62.63238592643831,0.5,81.31619296321915,median
Uzunkopru,2009,11,0.3844843586848405,15.218059356061556,14,6,2009-11-01,0.1738125945870033,0.3984060592876648,3.4929277223944584,23.6844068579836,93.80137769307794,41.93029864265571,0.5,67.86583816786683,median
Uzunkopru,2009,12,0.3794167023257431,8.211733697908464,5,2,2009-12-01,-0.0344895281917453,0.4769063687411151,-10.191551396239436,15.411135716169714,80.93655678505158,28.119712538969523,0.5,54.52813466201055,median
Uzunkopru,2010,1,-0.0647190120673991,-7.886849462172095,2,1,2010-01-01,-0.0647190120673991,0.4827504368211957,-7.886849462172095,16.049935688297523,0.0,100.0,0.5,50.0,median
Uzunkopru,2010,2,0.15818536062250335,8.16677674515637,8,4,2010-02-01,0.1142449671496928,0.4784706552372162,-1.2901862272311977,16.4838470936175,12.064056685164852,46.79337659790093,0.5,29.42871664153289,median
Uzunkopru,2010,3,0.4250640988665045,8.025161827266889,9,5,2010-03-01,0.12189592789673585,0.5741227438850475,0.4511778307203542,24.194473716311705,67.03896369064599,68.10053653442942,0.5,67.5697501125377,median
Uzunkopru,2010,4,0.5107382182656857,21.728460159176585,17,8,2010-04-01,0.3144036814730187,0.6541519397922626,14.111401366359022,29.876309855284347,57.788239375809106,51.683456975545,0.5,54.73584817567705,median
Uzunkopru,2010,5,0.47840863163070635,34.263466225043004,21,10,2010-05-01,0.40310270256564495,0.6668487799682706,23.791048851160262,37.65348934388257,28.552435663375558,24.454735229480736,0.5,26.503585446428147,median
Uzunkopru,2010,6,0.3881434977200874,36.6856987315393,14,5,2010-06-01,0.32780171542259645,0.5030639610561858,25.3569063809869,43.49734916614595,34.42942436310215,37.549526851568146,0.5,35.98947560733515,median
Uzunkopru,2010,7,0.4509762936135032,38.37962611160026,20,12,2010-07-01,0.3090066548344354,0.4983037733049914,30.206773300306416,45.06194855960739,74.99830949679792,44.98312763979853,0.5,59.99071856829822,median
Uzunkopru,2010,8,0.33619689727241076,39.873724064418795,14,8,2010-08-01,0.2544562098730799,0.5451981560310377,32.8374973512725,46.303434212563246,28.11451477143301,47.74796001477872,0.5,37.93123739310587,median
Uzunkopru,2010,9,0.31098171218255166,34.382137324127974,14,8,2010-09-01,0.2300308150158601,0.4287520313380586,27.778661706012603,41.08830349723985,40.73591067168242,50.38577505167791,0.5,45.560842861680165,median
Uzunkopru,2010,10,0.309461592266501,20.16261174044051,13,5,2010-10-01,0.2078011083839048,0.3833590486590971,17.404481016505297,30.74795713019401,57.90708396512306,79.3297436107693,0.5,68.61841378794618,median
Uzunkopru,2010,11,0.3104213013593313,14.413266573286428,10,3,2010-11-01,0.1738125945870033,0.3984060592876648,3.4929277223944584,23.6844068579836,60.82488061458079,45.916102641316776,0.5,53.37049162794878,median
Uzunkopru,2010,12,,,5,0,2010-12-01,-0.0344895281917453,0.4769063687411151,-10.191551396239436,15.411135716169714,,,0.5,,median
Uzunkopru,2011,1,0.4412010326156398,-1.4344924155374437,7,3,2011-01-01,-0.0647190120673991,0.4827504368211957,-7.886849462172095,16.049935688297523,92.41064423048549,73.04417863103032,0.5,82.72741143075791,median
Uzunkopru,2011,2,0.4413987920655412,13.08182800129672,11,5,2011-02-01,0.1142449671496928,0.4784706552372162,-1.2901862272311977,16.4838470936175,89.8217329572958,19.140388852147908,0.5,54.48106090472185,median
Uzunkopru,2011,3,0.4746386545054576,23.67034887891517,10,3,2011-03-01,0.12189592789673585,0.5741227438850475,0.4511778307203542,24.194473716311705,78.00128478401396,2.2074645403993833,0.5,40.10437466220667,median
Uzunkopru,2011,4,0.5496943935491855,20.76772014742169,9,3,2011-04-01,0.3144036814730187,0.6541519397922626,14.111401366359022,29.876309855284347,69.2544277460508,57.7776249970708,0.5,63.5160263715608,median
Uzunkopru,2011,5,0.5537502278492217,31.265510192403696,15,8,2011-05-01,0.40310270256564495,0.6668487799682706,23.791048851160262,37.65348934388257,57.11839461923197,46.081201609720324,0.5,51.599798114476144,median
Uzunkopru,2011,6,0.3823604149967345,37.92356668823467,16,9,2011-06-01,0.32780171542259645,0.5030639610561858,25.3569063809869,43.49734916614595,31.129750378869836,30.725724525706,0.5,30.927737452287918,median
Uzunkopru,2011,7,0.38831497027791373,41.754901643191204,15,8,2011-07-01,0.3090066548344354,0.4983037733049914,30.206773300306416,45.06194855960739,41.896208502410055,22.2619178750221,0.5,32.07906318871608,median
Uzunkopru,2011,8,0.3445749960156307,41.81805000546563,22,11,2011-08-01,0.2544562098730799,0.5451981560310377,32.8374973512725,46.303434212563246,30.996141882324054,33.30911360494588,0.5,32.152627743634966,median
Uzunkopru,2011,9,0.2772876105115697,40.4704688050329,22,11,2011-09-01,0.2300308150158601,0.4287520313380586,27.778661706012603,41.08830349723985,23.780447991566916,4.642008416892031,0.5,14.211228204229474,median
Uzunkopru,2011,10,0.304801484037879,18.258001092592654,18,10,2011-10-01,0.2078011083839048,0.3833590486590971,17.404481016505297,30.74795713019401,55.25262799388237,93.603465327811,0.5,74.42804666084669,median
Uzunkopru,2011,11,0.2622222350728105,12.7030451191588,11,4,2011-11-01,0.1738125945870033,0.3984060592876648,3.4929277223944584,23.6844068579836,39.364297889807126,54.38611834766106,0.5,46.87520811873409,median
Uzunkopru,2011,12,0.3187440615318805,13.739518654673743,5,1,2011-12-01,-0.0344895281917453,0.4769063687411151,-10.191551396239436,15.411135716169714,69.07243328352334,6.529068820615195,0.5,37.800751052069266,median
Uzunkopru,2012,1,0.3166829019877333,2.0229368957201235,4,3,2012-01-01,-0.0647190120673991,0.4827504368211957,-7.886849462172095,16.049935688297523,69.6663375151632,58.60017836314248,0.5,64.13325793915284,median
Uzunkopru,2012,2,0.2336298317325918,-0.13695746400132613,6,4,2012-02-01,0.1142449671496928,0.4784706552372162,-1.2901862272311977,16.4838470936175,32.77771680788501,93.51172160863935,0.5,63.144719208262174,median
Uzunkopru,2012,3,0.3080703789337954,24.194473716311705,8,5,2012-03-01,0.12189592789673585,0.5741227438850475,0.4511778307203542,24.194473716311705,41.16837932978115,0.0,0.5,20.584189664890577,median
Uzunkopru,2012,4,0.4732017785777796,26.820321277730187,9,5,2012-04-01,0.3144036814730187,0.6541519397922626,14.111401366359022,29.876309855284347,46.73992970275848,19.38475303996188,0.5,33.062341371360176,median
Uzunkopru,2012,5,0.4963975488917948,29.528525994250728,8,6,2012-05-01,0.40310270256564495,0.6668487799682706,23.791048851160262,37.65348934388257,35.3729796647285,58.61134880180294,0.5,46.99216423326572,median
Uzunkopru,2012,6,0.4323950270719345,39.33358271956863,10,5,2012-06-01,0.32780171542259645,0.5030639610561858,25.3569063809869,43.49734916614595,59.678176136123035,22.952948259806284,0.5,41.31556219796466,median
Uzunkopru,2012,7,0.3904936775123383,42.66498453203305,12,6,2012-07-01,0.3090066548344354,0.4983037733049914,30.206773300306416,45.06194855960739,43.047154302339635,16.135548626890632,0.5,29.591351464615133,median
Uzunkopru,2012,8,0.339982441334468,38.02787185271839,10,4,2012-08-01,0.2544562098730799,0.5451981560310377,32.8374973512725,46.303434212563246,29.416543636576733,61.45552622954763,0.5,45.43603493306218,median
Uzunkopru,2012,9,0.2766157279308154,38.048548203836724,8,4,2012-09-01,0.2300308150158601,0.4287520313380586,27.778661706012603,41.08830349723985,23.442344897599874,22.838746084111083,0.5,23.14054549085548,median
Uzunkopru,2012,10,0.2613329234113591,29.023013100372268,11,5,2012-10-01,0.2078011083839048,0.3833590486590971,17.404481016505297,30.74795713019401,30.492391824341066,12.927246357133045,0.5,21.709819090737057,median
Uzunkopru,2012,11,0.3295652210326804,13.91280625850638,5,1,2012-11-01,0.1738125945870033,0.3984060592876648,3.4929277223944584,23.6844068579836,69.348690378531,48.3946744756008,0.5,58.871682427065906,median
Uzunkopru,2012,12,,,2,0,2012-12-01,-0.0344895281917453,0.4769063687411151,-10.191551396239436,15.411135716169714,,,0.5,,median
Uzunkopru,2013,1,0.363805325670047,13.1530731286712,4,1,2013-01-01,-0.0647190120673991,0.4827504368211957,-7.886849462172095,16.049935688297523,78.27365318875482,12.10213711413744,0.5,45.18789515144613,median
Uzunkopru,2013,2,0.3952181068333713,12.264110387272746,6,1,2013-02-01,0.1142449671496928,0.4784706552372162,-1.2901862272311977,16.4838470936175,77.14259286845267,23.741019442081612,0.5,50.44180615526714,median
Uzunkopru,2013,3,0.4999392106684607,15.937428967798411,2,2,2013-03-01,0.12189592789673585,0.5741227438850475,0.4511778307203542,24.194473716311705,83.59594553134501,34.776320811990104,0.5,59.18613317166756,median
Uzunkopru,2013,4,0.6013821016482745,28.13797136323226,8,3,2013-04-01,0.3144036814730187,0.6541519397922626,14.111401366359022,29.876309855284347,84.46795918688626,11.026632303468494,0.5,47.747295745177375,median
Uzunkopru,2013,5,0.5169408419713438,33.39876690329354,19,11,2013-05-01,0.40310270256564495,0.6668487799682706,23.791048851160262,37.65348934388257,43.16202179261892,30.69244872735598,0.5,36.927235259987455,median
Uzunkopru,2013,6,0.4328706843147912,36.46531736167267,22,11,2013-06-01,0.32780171542259645,0.5030639610561858,25.3569063809869,43.49734916614595,59.94957357322488,38.764388982976136,0.5,49.356981278100506,median
Uzunkopru,2013,7,0.46526398149635906,39.663421348287514,24,12,2013-07-01,0.3090066548344354,0.4983037733049914,30.206773300306416,45.06194855960739,82.5460672219522,36.34105365360669,0.5,59.443560437779446,median
Uzunkopru,2013,8,0.3502894782452406,39.72157579230627,22,12,2013-08-01,0.2544562098730799,0.5451981560310377,32.8374973512725,46.303434212563246,32.961624436570034,48.87783514845689,0.5,40.919729792513465,median
Uzunkopru,2013,9,0.3040001999695905,35.14767521134379,15,7,2013-09-01,0.2300308150158601,0.4287520313380586,27.778661706012603,41.08830349723985,37.22269132743201,44.63402080296176,0.5,40.92835606519688,median
Uzunkopru,2013,10,0.2737709158223342,22.66234426342968,13,7,2013-10-01,0.2078011083839048,0.3833590486590971,17.404481016505297,30.74795713019401,37.57722797101616,60.59600060639009,0.5,49.086614288703124,median
Uzunkopru,2013,11,0.32220355002944023,16.256572301768127,20,6,2013-11-01,0.1738125945870033,0.3984060592876648,3.4929277223944584,23.6844068579836,66.07091423617896,36.78697586410747,0.5,51.42894505014321,median
Uzunkopru,2013,12,0.37656231371653065,6.401479041140652,19,4,2013-12-01,-0.0344895281917453,0.4769063687411151,-10.191551396239436,15.411135716169714,80.37840044740166,35.19027762778168,0.5,57.78433903759167,median
Uzunkopru,2014,1,0.4112403218254749,12.560477123566464,17,4,2014-01-01,-0.0647190120673991,0.4827504368211957,-7.886849462172095,16.049935688297523,86.93806291092737,14.57780793367149,0.5,50.75793542229943,median
Uzunkopru,2014,2,0.4386183031865466,10.562398428567187,14,6,2014-02-01,0.1142449671496928,0.4784706552372162,-1.2901862272311977,16.4838470936175,89.05833570939865,33.31516577109448,0.5,61.186750740246566,median
Uzunkopru,2014,3,0.5650940180941489,23.621431230275427,13,3,2014-03-01,0.12189592789673585,0.5741227438850475,0.4511778307203542,24.194473716311705,98.00349615023009,2.413491744353952,0.5,50.20849394729202,median
Uzunkopru,2014,4,0.5871976326023378,20.073797524010907,14,8,2014-04-01,0.3144036814730187,0.6541519397922626,14.111401366359022,29.876309855284347,80.29296529107994,62.1793164112535,0.5,71.23614085116672,median
Uzunkopru,2014,5,0.5191492866249362,27.664261719840912,21,10,2014-05-01,0.40310270256564495,0.6668487799682706,23.791048851160262,37.65348934388257,43.99935923298626,72.05966099032806,0.5,58.02951011165716,median
Uzunkopru,2014,6,0.3872693897438671,37.64485421410468,20,9,2014-06-01,0.32780171542259645,0.5030639610561858,25.3569063809869,43.49734916614595,33.930681480366445,32.2621394712001,0.5,33.09641047578327,median
Uzunkopru,2014,7,0.4674601817523967,36.808345387878866,22,8,2014-07-01,0.3090066548344354,0.4983037733049914,30.206773300306416,45.06194855960739,83.70625406144666,55.5604563908518,0.5,69.63335522614923,median
Uzunkopru,2014,8,0.5451981560310377,33.99129090765907,22,11,2014-08-01,0.2544562098730799,0.5451981560310377,32.8374973512725,46.303434212563246,100.0,91.43176172388519,0.5,95.7158808619426,median
Uzunkopru,2014,9,0.4287520313380586,32.913441298834535,22,9,2014-09-01,0.2300308150158601,0.4287520313380586,27.778661706012603,41.08830349723985,100.0,61.42060264757533,0.5,80.71030132378766,median
Uzunkopru,2014,10,0.3269427576272945,23.690963641686338,19,8,2014-10-01,0.2078011083839048,0.3833590486590971,17.404481016505297,30.74795713019401,67.86457454253089,52.88721940505512,0.5,60.375896973793004,median
Uzunkopru,2014,11,0.2993696984029937,14.73714691959217,15,6,2014-11-01,0.1738125945870033,0.3984060592876648,3.4929277223944584,23.6844068579836,55.90416621575926,44.312057964199106,0.5,50.10811208997919,median
Uzunkopru,2014,12,0.328064623875814,10.60750177781416,14,5,2014-12-01,-0.0344895281917453,0.4769063687411151,-10.191551396239436,15.411135716169714,70.89500604952212,18.76222568851892,0.5,44.828615869020524,median
Uzunkopru,2015,1,0.299445027687889,4.795275991089678,17,7,2015-01-01,-0.0647190120673991,0.4827504368211957,-7.886849462172095,16.049935688297523,66.51769162545402,47.0182592460084,0.5,56.76797543573121,median
Uzunkopru,2015,2,0.31893234391222003,8.977186345179966,12,6,2015-02-01,0.1142449671496928,0.4784706552372162,-1.2901862272311977,16.4838470936175,56.19795183511078,42.233862246856056,0.5,49.21590704098342,median
Uzunkopru,2015,3,0.3693162388381766,16.84068554856234,21,7,2015-03-01,0.12189592789673585,0.5741227438850475,0.4511778307203542,24.194473716311705,54.71155229941863,30.97206134811309,0.5,42.84180682376586,median
Uzunkopru,2015,4,0.4768292240154204,23.468652051463216,19,9,2015-04-01,0.3144036814730187,0.6541519397922626,14.111401366359022,29.876309855284347,47.807615952449936,40.645068179891055,0.5,44.226342066170496,median
Uzunkopru,2015,5,0.4680296181605351,32.36094735872224,22,10,2015-05-01,0.40310270256564495,0.6668487799682706,23.791048851160262,37.65348934388257,24.617206153089047,38.179005983389985,0.5,31.398106068239514,median
Uzunkopru,2015,6,0.4423552592045267,34.76354116662761,21,11,2015-06-01,0.32780171542259645,0.5030639610561858,25.3569063809869,43.49734916614595,65.36122104781238,48.1455061651725,0.5,56.75336360649244,median
Uzunkopru,2015,7,0.45553965688186676,39.91035397695579,24,12,2015-07-01,0.3090066548344354,0.4983037733049914,30.206773300306416,45.06194855960739,77.40899768118956,34.678786973086254,0.5,56.04389232713791,median
Uzunkopru,2015,8,0.35422417431946346,42.315856473600306,24,12,2015-08-01,0.2544562098730799,0.5451981560310377,32.8374973512725,46.303434212563246,34.314953781103334,29.612330579283004,0.5,31.96364218019317,median
Uzunkopru,2015,9,0.3236579269312113,38.34418270630607,20,8,2015-09-01,0.2300308150158601,0.4287520313380586,27.778661706012603,41.08830349723985,47.11480417045557,20.617540531725684,0.5,33.866172351090626,median
Uzunkopru,2015,10,0.330242723112883,22.80480192245121,16,9,2015-10-01,0.2078011083839048,0.3833590486590971,17.404481016505297,30.74795713019401,69.7442761842884,59.52838031159009,0.5,64.63632824793925,median
Uzunkopru,2015,11,0.3338291872537318,19.109781379650855,20,8,2015-11-01,0.1738125945870033,0.3984060592876648,3.4929277223944584,23.6844068579836,71.24721677899169,22.656217742213805,0.5,46.95171726060275,median
Uzunkopru,2015,12,0.4769063687411151,10.781959931013128,22,9,2015-12-01,-0.0344895281917453,0.4769063687411151,-10.191551396239436,15.411135716169714,100.0,18.080820051551967,0.5,59.040410025775984,median
Uzunkopru,2016,1,0.46583502418827805,3.2551573534445057,19,6,2016-01-01,-0.0647190120673991,0.4827504368211957,-7.886849462172095,16.049935688297523,96.91025450511304,53.45236736856451,0.5,75.18131093683877,median
Uzunkopru,2016,2,0.3930749242142562,9.985793783186065,14,3,2016-02-01,0.1142449671496928,0.4784706552372162,-1.2901862272311977,16.4838470936175,76.55417126909528,36.55925018892199,0.5,56.556710729008635,median
Uzunkopru,2016,3,0.5687329514264898,18.73127659283972,19,7,2016-03-01,0.12189592789673585,0.5741227438850475,0.4511778307203542,24.194473716311705,98.80816610868628,23.00943032423453,0.5,60.908798216460404,median
Uzunkopru,2016,4,0.5920741811710278,29.876309855284347,19,6,2016-04-01,0.3144036814730187,0.6541519397922626,14.111401366359022,29.876309855284347,81.72830703287859,0.0,0.5,40.864153516439295,median
Uzunkopru,2016,5,0.5538269457027626,27.92247862919181,21,7,2016-05-01,0.40310270256564495,0.6668487799682706,23.791048851160262,37.65348934388257,57.14748238967255,70.1969521153182,0.5,63.67221725249537,median
Uzunkopru,2016,6,0.4763518462294382,38.30218469652819,18,9,2016-06-01,0.32780171542259645,0.5030639610561858,25.3569063809869,43.49734916614595,84.75877407014798,28.638575866891195,0.5,56.69867496851958,median
Uzunkopru,2016,7,0.41176227560966716,42.050048516488346,24,12,2016-07-01,0.3090066548344354,0.4983037733049914,30.206773300306416,45.06194855960739,54.28271788047041,20.2750892570807,0.5,37.278903568775554,median
Uzunkopru,2016,8,0.31098881676557594,44.574461741887745,24,12,2016-08-01,0.2544562098730799,0.5451981560310377,32.8374973512725,46.303434212563246,19.444255512337506,12.83960030768906,0.5,16.141927910013283,median
Uzunkopru,2016,9,0.2800107488474971,36.387400377775805,20,8,2016-09-01,0.2300308150158601,0.4287520313380586,27.778661706012603,41.08830349723985,25.15077894380516,35.31953145848403,0.5,30.235155201144593,median
Uzunkopru,2016,10,0.25373058722476444,27.6233642709527,20,8,2016-10-01,0.2078011083839048,0.3833590486590971,17.404481016505297,30.74795713019401,26.16200598438544,23.416633211760132,0.5,24.789319598072787,median
Uzunkopru,2016,11,0.24633394227426758,17.604190771180257,23,10,2016-11-01,0.1738125945870033,0.3984060592876648,3.4929277223944584,23.6844068579836,32.29005251061995,30.112781961012768,0.5,31.201417235816358,median
Uzunkopru,2016,12,0.2723847019877045,6.183580346601914,19,9,2016-12-01,-0.0344895281917453,0.4769063687411151,-10.191551396239436,15.411135716169714,60.007174875659665,36.04135506970037,0.5,48.024264972680015,median
Uzunkopru,2017,1,0.3061710301068191,1.3427638962639206,20,4,2017-01-01,-0.0647190120673991,0.4827504368211957,-7.886849462172095,16.049935688297523,67.74625377309248,61.44171700411098,0.5,64.59398538860172,median
Uzunkopru,2017,2,0.2914532422813086,11.353110802403801,15,6,2017-02-01,0.1142449671496928,0.4784706552372162,-1.2901862272311977,16.4838470936175,48.65342586408476,28.86647165894201,0.5,38.759948761513385,median
Uzunkopru,2017,3,0.4410303597920583,15.832216777116315,16,8,2017-03-01,0.12189592789673585,0.5741227438850475,0.4511778307203542,24.194473716311705,70.56955063531015,35.21944459391603,0.5,52.89449761461309,median
Uzunkopru,2017,4,0.522498118387227,26.64290053441664,22,12,2017-04-01,0.3144036814730187,0.6541519397922626,14.111401366359022,29.876309855284347,61.24959637575912,20.510168664405136,0.5,40.87988252008213,median
Uzunkopru,2017,5,0.566345789763604,31.16688246464234,21,8,2017-05-01,0.40310270256564495,0.6668487799682706,23.791048851160262,37.65348934388257,61.89403414283114,46.792676099462106,0.5,54.34335512114662,median
Uzunkopru,2017,6,0.4864597146554193,35.80466613460847,22,11,2017-06-01,0.32780171542259645,0.5030639610561858,25.3569063809869,43.49734916614595,90.52605634445652,42.40625834023729,0.5,66.4661573423469,median
Uzunkopru,2017,7,0.47026690792402437,37.77765877146459,21,10,2017-07-01,0.3090066548344354,0.4983037733049914,30.206773300306416,45.06194855960739,85.18896346257483,49.03536754695664,0.5,67.11216550476574,median
Uzunkopru,2017,8,0.3977688867602045,38.096297120597534,22,11,2017-08-01,0.2544562098730799,0.5451981560310377,32.8374973512725,46.303434212563246,49.292053926496024,60.94739026705223,0.5,55.119722096774126,median
Uzunkopru,2017,9,0.3144174447554121,41.08830349723985,24,11,2017-09-01,0.2300308150158601,0.4287520313380586,27.778661706012603,41.08830349723985,42.464831537026704,0.0,0.5,21.232415768513352,median
Uzunkopru,2017,10,0.31170635998475493,25.620758508713088,23,10,2017-10-01,0.2078011083839048,0.3833590486590971,17.404481016505297,30.74795713019401,59.18573175213582,38.42475961883026,0.5,48.805245685483044,median
Uzunkopru,2017,11,0.3375453153214104,13.96637016045905,21,10,2017-11-01,0.1738125945870033,0.3984060592876648,3.4929277223944584,23.6844068579836,72.90181882746693,48.12939474253628,0.5,60.5156067850016,median
Uzunkopru,2017,12,0.4495712256925736,10.854468913919884,21,10,2017-12-01,-0.0344895281917453,0.4769063687411151,-10.191551396239436,15.411135716169714,94.65479812949492,17.79761156414436,0.5,56.22620484681964,median
Uzunkopru,2018,1,0.4827504368211957,4.008878071489375,19,5,2018-01-01,-0.0647190120673991,0.4827504368211957,-7.886849462172095,16.049935688297523,100.0,50.30357059695594,0.5,75.15178529847798,median
Uzunkopru,2018,2,0.44702010954766025,12.21792580234128,13,8,2018-02-01,0.1142449671496928,0.4784706552372162,-1.2901862272311977,16.4838470936175,91.36509402873352,24.00086246193964,0.5,57.682978245336585,median
Uzunkopru,2018,3,0.5548092157226503,17.59737860023096,18,6,2018-03-01,0.12189592789673585,0.5741227438850475,0.4511778307203542,24.194473716311705,95.72923862991433,27.785085726384768,0.5,61.75716217814955,median
Uzunkopru,2018,4,0.5410533755677793,27.846818357693266,22,12,2018-04-01,0.3144036814730187,0.6541519397922626,14.111401366359022,29.876309855284347,66.71106872365174,12.873474647929463,0.5,39.792271685790595,median
Uzunkopru,2018,5,0.4682583510064403,28.4177513662085,20,8,2018-05-01,0.40310270256564495,0.6668487799682706,23.791048851160262,37.65348934388257,24.703930796790956,66.62418484337425,0.5,45.664057820082604,median
Uzunkopru,2018,6,0.41667668259858287,34.14937531036064,22,10,2018-06-01,0.32780171542259645,0.5030639610561858,25.3569063809869,43.49734916614595,50.70970467980434,51.53112284245354,0.5,51.120413761128944,median
Uzunkopru,2018,7,0.4839985261667399,36.77088251270758,24,12,2018-07-01,0.3090066548344354,0.4983037733049914,30.206773300306416,45.06194855960739,92.44296624595655,55.812643756651,0.5,74.12780500130378,median
Uzunkopru,2018,8,0.4337851361373818,38.254801724248686,24,11,2018-08-01,0.2544562098730799,0.5451981560310377,32.8374973512725,46.303434212563246,61.67975712966918,59.770312093555134,0.5,60.72503461161216,median
Uzunkopru,2018,9,0.3414792086766608,33.31345218532212,22,10,2018-09-01,0.2300308150158601,0.4287520313380586,27.778661706012603,41.08830349723985,56.08278558445557,58.415180767992936,0.5,57.24898317622426,median
Uzunkopru,2018,10,0.3002878636505575,22.9432943031764,19,7,2018-10-01,0.2078011083839048,0.3833590486590971,17.404481016505297,30.74795713019401,52.68161333043493,58.49047699805162,0.5,55.586045164243274,median
Uzunkopru,2018,11,0.3275928897382384,12.01205778263146,18,5,2018-11-01,0.1738125945870033,0.3984060592876648,3.4929277223944584,23.6844068579836,68.47051197869614,57.80829129441372,0.5,63.13940163655493,median
Uzunkopru,2018,12,0.31875426829924264,1.281947820691104,11,6,2018-12-01,-0.0344895281917453,0.4769063687411151,-10.191551396239436,15.411135716169714,69.07442914767152,55.18634756361356,0.5,62.13038835564254,median
Uzunkopru,2019,1,0.353317367917074,10.631901826710234,13,4,2019-01-01,-0.0647190120673991,0.4827504368211957,-7.886849462172095,16.049935688297523,76.35793756767966,22.634759962663544,0.5,49.496348765171604,median
Uzunkopru,2019,2,0.3856447188767794,14.737013715417278,18,9,2019-02-01,0.1142449671496928,0.4784706552372162,-1.2901862272311977,16.4838470936175,74.51417091203882,9.828007783417446,0.5,42.171089347728135,median
Uzunkopru,2019,3,0.46261737275426396,21.19686317953702,22,10,2019-03-01,0.12189592789673585,0.5741227438850475,0.4511778307203542,24.194473716311705,75.34304309506814,12.625081838759337,0.5,43.98406246691374,median
Uzunkopru,2019,4,0.5291036521231849,23.926184981017016,15,8,2019-04-01,0.3144036814730187,0.6541519397922626,14.111401366359022,29.876309855284347,63.1938399661857,37.74284435870483,0.5,50.46834216244527,median
Uzunkopru,2019,5,0.5608809386862548,29.75139886647842,24,12,2019-05-01,0.40310270256564495,0.6668487799682706,23.791048851160262,37.65348934388257,59.822021875893526,57.003602515391826,0.5,58.41281219564267,median
Uzunkopru,2019,6,0.4696314467709741,34.6462323845512,23,12,2019-06-01,0.32780171542259645,0.5030639610561858,25.3569063809869,43.49734916614595,80.92429195783153,48.792176058877544,0.5,64.85823400835454,median
Uzunkopru,2019,7,0.4646221877678566,41.48304899549812,22,10,2019-07-01,0.3090066548344354,0.4983037733049914,30.206773300306416,45.06194855960739,82.207026810937,24.091937669119588,0.5,53.14948224002829,median
Uzunkopru,2019,8,0.3625458683013123,40.8096767230221,22,12,2019-08-01,0.2544562098730799,0.5451981560310377,32.8374973512725,46.303434212563246,37.17718060864467,40.79743983750237,0.5,38.98731022307352,median
Uzunkopru,2019,9,0.3245046711659026,36.41938722050927,19,7,2019-09-01,0.2300308150158601,0.4287520313380586,27.778661706012603,41.08830349723985,47.54090071432857,35.07920310678826,0.5,41.310051910558414,median
Uzunkopru,2019,10,0.3015008342877018,26.508505361614933,23,12,2019-10-01,0.2078011083839048,0.3833590486590971,17.404481016505297,30.74795713019401,53.37253658645111,31.77171924660574,0.5,42.57212791652843,median
Uzunkopru,2019,11,0.2972648176620219,21.29940439773648,22,9,2019-11-01,0.1738125945870033,0.3984060592876648,3.4929277223944584,23.6844068579836,54.9669703165922,11.811925437613711,0.5,33.38944787710296,median
Uzunkopru,2019,12,0.421282451661694,3.9172189956029504,17,7,2019-12-01,-0.0344895281917453,0.4769063687411151,-10.191551396239436,15.411135716169714,89.12312018672223,44.8933999392426,0.5,67.00826006298242,median
Uzunkopru,2020,1,0.4372983629081628,6.750596641371842,19,9,2020-01-01,-0.0647190120673991,0.4827504368211957,-7.886849462172095,16.049935688297523,91.6977880673882,38.849573944324085,0.5,65.27368100585615,median
Uzunkopru,2020,2,0.4763481337816408,11.878879348486208,16,5,2020-02-01,0.1142449671496928,0.4784706552372162,-1.2901862272311977,16.4838470936175,99.41725102731762,25.908400541422,0.5,62.66282578436981,median
Uzunkopru,2020,3,0.5431979360016331,14.798703742390988,18,6,2020-03-01,0.12189592789673585,0.5741227438850475,0.4511778307203542,24.194473716311705,93.16165985959275,39.57230714385593,0.5,66.36698350172433,median
Uzunkopru,2020,4,0.5888610280774215,26.00482907093395,21,11,2020-04-01,0.3144036814730187,0.6541519397922626,14.111401366359022,29.876309855284347,80.78256175974546,24.557584885887977,0.5,52.67007332281672,median
Uzunkopru,2020,5,0.5645825588915663,27.886148653111142,21,9,2020-05-01,0.40310270256564495,0.6668487799682706,23.791048851160262,37.65348934388257,61.225500646749616,70.45902700826177,0.5,65.84226382750569,median
Uzunkopru,2020,6,0.44979282336073334,34.52953984357377,22,12,2020-06-01,0.32780171542259645,0.5030639610561858,25.3569063809869,43.49734916614595,69.60489836081221,49.43544889603725,0.5,59.52017362842473,median
Uzunkopru,2020,7,0.397258538514482,40.697744826451135,22,10,2020-07-01,0.3090066548344354,0.4983037733049914,30.206773300306416,45.06194855960739,46.62082782510692,29.378338908682892,0.5,37.99958336689491,median
Uzunkopru,2020,8,0.3233056040758323,39.12011869745368,22,10,2020-08-01,0.2544562098730799,0.5451981560310377,32.8374973512725,46.303434212563246,23.68058517615724,53.34434275983254,0.5,38.51246396799489,median
Uzunkopru,2020,9,0.28476512483348115,39.91837306162129,24,10,2020-09-01,0.2300308150158601,0.4287520313380586,27.778661706012603,41.08830349723985,27.54326429286598,8.790097088786373,0.5,18.166680690826176,median
Uzunkopru,2020,10,0.26361713132569276,25.985751840225134,23,12,2020-10-01,0.2078011083839048,0.3833590486590971,17.404481016505297,30.74795713019401,31.79350524065996,35.68939045113932,0.5,33.74144784589964,median
Uzunkopru,2020,11,0.3262580793430774,13.56937953372526,16,5,2020-11-01,0.1738125945870033,0.3984060592876648,3.4929277223944584,23.6844068579836,67.87618907756449,50.09552423739861,0.5,58.98585665748155,median
Uzunkopru,2020,12,0.4340816780207213,15.411135716169714,11,4,2020-12-01,-0.0344895281917453,0.4769063687411151,-10.191551396239436,15.411135716169714,91.62592211293864,0.0,0.5,45.81296105646932,median
Uzunkopru,2021,1,0.4794143503952754,5.359900923778991,14,5,2021-01-01,-0.0647190120673991,0.4827504368211957,-7.886849462172095,16.049935688297523,99.39063514271109,44.659442349169446,0.5,72.02503874594026,median
Uzunkopru,2021,2,0.4784706552372162,10.77400687226568,19,9,2021-02-01,0.1142449671496928,0.4784706552372162,-1.2901862272311977,16.4838470936175,100.0,32.12461751522799,0.5,66.06230875761399,median
Uzunkopru,2021,3,0.4784511874172543,14.686914166854104,17,9,2021-03-01,0.12189592789673585,0.5741227438850475,0.4511778307203542,24.194473716311705,78.84434246591296,40.04313299750132,0.5,59.44373773170714,median
Uzunkopru,2021,4,0.581502246862549,22.49526768109618,20,11,2021-04-01,0.3144036814730187,0.6541519397922626,14.111401366359022,29.876309855284347,78.61661063720643,46.819441923010636,0.5,62.71802628010853,median
Uzunkopru,2021,5,0.5636237397607801,31.167446907506,21,7,2021-05-01,0.40310270256564495,0.6668487799682706,23.791048851160262,37.65348934388257,60.861961920324305,46.78860435708777,0.5,53.82528313870604,median
Uzunkopru,2021,6,0.4918416743500921,31.40820855667377,21,11,2021-06-01,0.32780171542259645,0.5030639610561858,25.3569063809869,43.49734916614595,93.59686014205508,66.64192684074104,0.5,80.11939349139806,median
Uzunkopru,2021,7,0.4895131739218658,39.15319500121961,24,12,2021-07-01,0.3090066548344354,0.4983037733049914,30.206773300306416,45.06194855960739,95.35618954258251,39.7757243199689,0.5,67.56595693127571,median
Uzunkopru,2021,8,0.3798822279005907,40.664603139134265,24,12,2021-08-01,0.2544562098730799,0.5451981560310377,32.8374973512725,46.303434212563246,43.13998020752321,41.87477731043279,0.5,42.507378758978,median
Uzunkopru,2021,9,0.3118653151168501,29.153720063564144,23,12,2021-09-01,0.2300308150158601,0.4287520313380586,27.778661706012603,41.08830349723985,41.180555159398224,89.66870499506696,0.5,65.42463007723259,median
Uzunkopru,2021,10,0.27776463590163075,17.9895114350687,17,6,2021-10-01,0.2078011083839048,0.3833590486590971,17.404481016505297,30.74795713019401,39.85210091212966,95.61560710583328,0.5,67.73385400898147,median
Uzunkopru,2021,11,0.29816366405135536,11.397006325231471,18,4,2021-11-01,0.1738125945870033,0.3984060592876648,3.4929277223944584,23.6844068579836,55.367180710305774,60.8543854080238,0.5,58.11078305916479,median
Uzunkopru,2021,12,0.3789181022830844,12.750527001324949,29,12,2021-12-01,-0.0344895281917453,0.4769063687411151,-10.191551396239436,15.411135716169714,80.83905892758948,10.391912001905522,0.5,45.6154854647475,median
Uzunkopru,2022,1,0.4056493007772003,4.801848827276642,26,9,2022-01-01,-0.0647190120673991,0.4827504368211957,-7.886849462172095,16.049935688297523,85.91681486510039,46.99080010249497,0.5,66.45380748379768,median
Uzunkopru,2022,2,0.3757383782459856,6.202585800458647,28,7,2022-02-01,0.1142449671496928,0.4784706552372162,-1.2901862272311977,16.4838470936175,71.79433511934391,57.84427826575004,0.5,64.81930669254697,median
Uzunkopru,2022,3,0.3904001287225141,15.184178451368728,23,5,2022-03-01,0.12189592789673585,0.5741227438850475,0.4511778307203542,24.194473716311705,59.37379017185882,37.94879745575207,0.5,48.66129381380544,median
Uzunkopru,2022,4,0.4860802856359487,28.41478449996885,20,8,2022-04-01,0.3144036814730187,0.6541519397922626,14.111401366359022,29.876309855284347,50.53053252199878,9.270750644332654,0.5,29.900641583165715,median
Uzunkopru,2022,5,0.5609853266037155,31.42195735011315,28,14,2022-05-01,0.40310270256564495,0.6668487799682706,23.791048851160262,37.65348934388257,59.8616008218588,44.95263295839526,0.5,52.40711689012703,median
Uzunkopru,2022,6,0.4774585951330117,34.2597148785684,32,16,2022-06-01,0.32780171542259645,0.5030639610561858,25.3569063809869,43.49734916614595,85.39025571045931,50.92287105105828,0.5,68.1565633807588,median
Uzunkopru,2022,7,0.47320267321481885,40.26428423811655,36,18,2022-07-01,0.3090066548344354,0.4983037733049914,30.206773300306416,45.06194855960739,86.73984036683746,32.29624853121117,0.5,59.518044449024316,median
Uzunkopru,2022,8,0.3992220547385351,40.11799981485873,33,12,2022-08-01,0.2544562098730799,0.5451981560310377,32.8374973512725,46.303434212563246,49.79186759202784,45.93393286645508,0.5,47.86290022924146,median
Uzunkopru,2022,9,0.3484390158369315,32.34805662115537,30,13,2022-09-01,0.2300308150158601,0.4287520313380586,27.778661706012603,41.08830349723985,59.585082565662816,65.66853573659222,0.5,62.62680915112752,median
Uzunkopru,2022,10,0.3121504964983687,27.04407451100459,33,16,2022-10-01,0.2078011083839048,0.3833590486590971,17.404481016505297,30.74795713019401,59.43871746894108,27.758003893675834,0.5,43.598360681308456,median
Uzunkopru,2022,11,0.2642769599585697,20.761958826806655,32,18,2022-11-01,0.1738125945870033,0.3984060592876648,3.4929277223944584,23.6844068579836,40.27916194807246,14.47366986614611,0.5,27.376415907109287,median
Uzunkopru,2022,12,0.3760487362177025,6.95350203331747,18,7,2022-12-01,-0.0344895281917453,0.4769063687411151,-10.191551396239436,15.411135716169714,80.27797384994392,33.03416413175235,0.5,56.656068990848134,median
Uzunkopru,2023,1,0.4365683274030095,13.01351601789136,19,7,2023-01-01,-0.0647190120673991,0.4827504368211957,-7.886849462172095,16.049935688297523,91.56444080816938,12.68516073198155,0.5,52.12480077007547,median
Uzunkopru,2023,2,0.4409149258386207,11.85286162028041,18,7,2023-02-01,0.1142449671496928,0.4784706552372162,-1.2901862272311977,16.4838470936175,89.6888850438328,26.054781094086326,0.5,57.87183306895956,median
Uzunkopru,2023,3,0.5636438453211985,23.02747322404596,16,4,2023-03-01,0.12189592789673585,0.5741227438850475,0.4511778307203542,24.194473716311705,97.68282238174044,4.915073702863392,0.5,51.298948042301916,median
Uzunkopru,2023,4,0.6541519397922626,20.14623737175137,17,6,2023-04-01,0.3144036814730187,0.6541519397922626,14.111401366359022,29.876309855284347,99.99999999999999,61.71981581985235,0.5,80.85990790992616,median
Uzunkopru,2023,5,0.5915629388635548,27.467382862534045,21,8,2023-05-01,0.40310270256564495,0.6668487799682706,23.791048851160262,37.65348934388257,71.45518073818135,73.47989328932496,0.5,72.46753701375316,median
Uzunkopru,2023,6,0.41089551608329644,37.728264578725955,20,10,2023-06-01,0.32780171542259645,0.5030639610561858,25.3569063809869,43.49734916614595,47.41112403319275,31.802336115741145,0.5,39.606730074466945,median
Uzunkopru,2023,7,0.4127801515194454,45.06194855960739,22,11,2023-07-01,0.3090066548344354,0.4983037733049914,30.206773300306416,45.06194855960739,54.820431247690294,0.0,0.5,27.410215623845147,median
Uzunkopru,2023,8,0.34694836794501027,43.167262876704946,24,12,2023-08-01,0.2544562098730799,0.5451981560310377,32.8374973512725,46.303434212563246,31.81245750541964,23.289663156475626,0.5,27.551060330947635,median
Uzunkopru,2023,9,0.29510995584780075,35.16463729641444,23,12,2023-09-01,0.2300308150158601,0.4287520313380586,27.778661706012603,41.08830349723985,32.74896462309489,44.50657871746677,0.5,38.627771670280836,median
Uzunkopru,2023,10,0.253506326138933,30.74795713019401,24,12,2023-10-01,0.2078011083839048,0.3833590486590971,17.404481016505297,30.74795713019401,26.03426406312576,0.0,0.5,13.01713203156288,median
Uzunkopru,2023,11,0.3009170000672415,17.84005799202031,20,9,2023-11-01,0.1738125945870033,0.3984060592876648,3.4929277223944584,23.6844068579836,56.59310062723468,28.94462969610852,0.5,42.7688651616716,median
Uzunkopru,2023,12,,,13,0,2023-12-01,-0.0344895281917453,0.4769063687411151,-10.191551396239436,15.411135716169714,,,0.5,,median
Uzunkopru,2024,1,0.4276033617510384,7.86610963833565,13,7,2024-01-01,-0.0647190120673991,0.4827504368211957,-7.886849462172095,16.049935688297523,89.9269127835151,34.18932825990341,0.5,62.058120521709256,median
Uzunkopru,2024,2,0.4355539965133386,10.624833035758876,21,6,2024-02-01,0.1142449671496928,0.4784706552372162,-1.2901862272311977,16.4838470936175,88.21701485438206,32.96389711943479,0.5,60.590455986908424,median
Uzunkopru,2024,3,0.5741227438850475,18.14940781799317,18,7,2024-03-01,0.12189592789673585,0.5741227438850475,0.4511778307203542,24.194473716311705,100.0,25.46009588326359,0.5,62.730047941631796,median
Uzunkopru,2024,4,0.5958681968467211,28.50440244417571,19,9,2024-04-01,0.3144036814730187,0.6541519397922626,14.111401366359022,29.876309855284347,82.84502082987125,8.702285916041866,0.5,45.77365337295656,median
Uzunkopru,2024,5,0.5150710101990208,27.13532592139142,19,8,2024-05-01,0.40310270256564495,0.6668487799682706,23.791048851160262,37.65348934388257,42.45307029247259,75.87526473432379,0.5,59.16416751339819,median
Uzunkopru,2024,6,0.4496344117198079,40.94893503769101,22,11,2024-06-01,0.32780171542259645,0.5030639610561858,25.3569063809869,43.49734916614595,69.51451286999941,14.048246554046832,0.5,41.78137971202312,median
Uzunkopru,2024,7,0.3684557786727763,44.473345853874925,24,12,2024-07-01,0.3090066548344354,0.4983037733049914,30.206773300306416,45.06194855960739,31.405192175488832,3.9622737225125135,0.5,17.68373294900067,median
Uzunkopru,2024,8,0.3118463389404573,46.303434212563246,24,12,2024-08-01,0.2544562098730799,0.5451981560310377,32.8374973512725,46.303434212563246,19.739198222260587,0.0,0.5,9.869599111130293,median
Uzunkopru,2024,9,0.28682278950432794,36.43148520410712,22,12,2024-09-01,0.2300308150158601,0.4287520313380586,27.778661706012603,41.08830349723985,28.57871722986419,34.988306719134755,0.5,31.783511974499472,median
Uzunkopru,2024,10,0.26607724211648087,26.688080783102535,22,12,2024-10-01,0.2078011083839048,0.3833590486590971,17.404481016505297,30.74795713019401,33.194815136943674,30.425927340826554,0.5,31.810371238885114,median
Uzunkopru,2024,11,0.2432622765258801,20.13901457963984,16,5,2024-11-01,0.1738125945870033,0.3984060592876648,3.4929277223944584,23.6844068579836,30.922396620685035,17.5588536854376,0.5,24.240625153061316,median
Uzunkopru,2024,12,0.2908074980152938,12.49784519622727,11,6,2024-12-01,-0.0344895281917453,0.4769063687411151,-10.191551396239436,15.411135716169714,63.60962771857091,11.378846709142593,0.5,37.49423721385675,median
