name,arm,res_m,year,month,NDVI,LST,n_scenes
Corlu,A_native_masked,30,2013,4,,,3
Corlu,A_native_masked,30,2013,5,0.6857889028907526,33.92459770852756,8
Corlu,A_native_masked,30,2013,6,0.4731202542737699,32.06610478151462,12
Corlu,A_native_masked,30,2013,7,0.4277636633487511,42.37955043784228,12
Corlu,A_native_masked,30,2013,8,0.3264684668483377,39.67661254867858,12
Corlu,A_native_masked,30,2013,9,0.2789606338612778,34.07658393770416,8
Corlu,A_native_masked,30,2013,10,0.2718725030761996,24.94080496379746,6
Corlu,A_native_masked,30,2013,11,0.37020323360216606,18.91461768272032,10
Corlu,A_native_masked,30,2013,12,0.4626260377041618,9.846725293025202,8
Corlu,A_native_masked,30,2014,1,0.5806308269802269,12.645270381785897,10
Corlu,A_native_masked,30,2014,2,0.6168509423238302,13.519510739828288,7
Corlu,A_native_masked,30,2014,3,0.6842057558981949,21.038439761379653,7
Corlu,A_native_masked,30,2014,4,0.6880762377338037,20.837248720569722,7
Corlu,A_native_masked,30,2014,5,0.7073776443528712,26.794707809787717,11
Corlu,A_native_masked,30,2014,6,0.4818078785365964,33.78361493809209,9
Corlu,A_native_masked,30,2014,7,0.4588748275783642,38.08692131971702,12
Corlu,A_native_masked,30,2014,8,0.41000088683977065,33.92794944656243,10
Corlu,A_native_masked,30,2014,9,0.3678313646714552,30.257870414054285,12
Corlu,A_native_masked,30,2014,10,0.29490175783757855,24.509393280971082,10
Corlu,A_native_masked,30,2014,11,0.30149010708297136,19.330946419333248,7
Corlu,A_native_masked,30,2014,12,0.5251822280701415,12.966172327486117,7
Corlu,A_native_masked,30,2015,1,0.4937875032464704,6.390229588301454,10
Corlu,A_native_masked,30,2015,2,0.5558271940630624,10.356810782115376,6
Corlu,A_native_masked,30,2015,3,0.5616871833720064,18.791394212614225,11
Corlu,A_native_masked,30,2015,4,0.6467684630432566,18.19485126803906,9
Corlu,A_native_masked,30,2015,5,0.604534754468756,32.85628389935572,12
Corlu,A_native_masked,30,2015,6,0.49265922302360987,30.49510207783209,10
Corlu,A_native_masked,30,2015,7,0.45765166345529684,39.8525652378606,12
Corlu,A_native_masked,30,2015,8,0.3359357297977947,42.2130676415971,12
Corlu,A_native_masked,30,2015,9,0.3510811715860448,33.446571958494545,11
Corlu,A_native_masked,30,2015,10,0.33665023995991716,21.321712145194677,8
Corlu,A_native_masked,30,2015,11,0.36170626365163344,17.24242541924695,10
Corlu,A_native_masked,30,2015,12,0.5099286890757193,10.884040336683649,10
Corlu,A_native_masked,30,2016,1,0.6269855580252675,7.647631369584619,9
Corlu,A_native_masked,30,2016,2,,,8
Corlu,A_native_masked,30,2016,3,,,7
Corlu,A_native_masked,30,2016,4,0.6819401135639064,26.085417789104543,9
Corlu,A_native_masked,30,2016,5,0.67070867939113,25.90123413741717,12
Corlu,A_native_masked,30,2016,6,0.4885503778376544,37.06422201296631,12
Corlu,A_native_masked,30,2016,7,0.42022216570210036,42.71439006027783,12
Corlu,A_native_masked,30,2016,8,0.3011573385603718,43.13278106590261,12
Corlu,A_native_masked,30,2016,9,0.2620489232123891,37.35684971504781,10
Corlu,A_native_masked,30,2016,10,0.24837562629655788,32.48486059390106,10
Corlu,A_native_masked,30,2016,11,0.31643695712919573,19.557130238604916,12
Corlu,A_native_masked,30,2016,12,0.27481498168183344,3.8539428783128957,8
Corlu,A_native_masked,30,2017,1,0.3104859179839086,6.982095985337221,10
Corlu,A_native_masked,30,2017,2,0.3581105568505675,14.086150723036782,7
Corlu,A_native_masked,30,2017,3,0.5041136215289905,18.958509914531565,10
Corlu,A_native_masked,30,2017,4,0.630094782580454,26.311333150224485,11
Corlu,A_native_masked,30,2017,5,0.669660553081788,29.122368978440164,11
Corlu,A_native_masked,30,2017,6,0.5449279902690894,38.951456613113095,12
Corlu,A_native_masked,30,2017,7,0.44659473142008194,40.03535829281267,10
Corlu,A_native_masked,30,2017,8,0.4089958554310791,38.192621306639474,12
Corlu,A_native_masked,30,2017,9,0.40794754462682004,39.37718499014236,12
Corlu,A_native_masked,30,2017,10,0.337340829701319,26.291861787468154,12
Corlu,A_native_masked,30,2017,11,0.4935412435150586,14.438491584941456,11
Corlu,A_native_masked,30,2017,12,0.5344543884733528,11.455572790220069,9
Corlu,A_native_masked,30,2018,1,0.5509681010348008,8.67507148330613,12
Corlu,A_native_masked,30,2018,2,0.5779817757623416,13.931826250369724,6
Corlu,A_native_masked,30,2018,3,0.6719190190582409,16.69809477014398,10
Corlu,A_native_masked,30,2018,4,0.6422199120117479,27.718842375416504,12
Corlu,A_native_masked,30,2018,5,0.5606628147082381,20.936159564858293,8
Corlu,A_native_masked,30,2018,6,0.6076690008443125,34.11225535672505,12
Corlu,A_native_masked,30,2018,7,0.546251956115429,39.13937080985545,12
Corlu,A_native_masked,30,2018,8,0.5031868410245351,36.43082076031822,12
Corlu,A_native_masked,30,2018,9,0.36737959180188934,35.46024711644926,11
Corlu,A_native_masked,30,2018,10,0.31344195948800013,26.844651325852865,8
Corlu,A_native_masked,30,2018,11,0.3838673353161253,19.291530007464893,9
Corlu,A_native_masked,30,2018,12,0.4682946400236297,3.3516034218140325,6
Corlu,A_native_masked,30,2019,1,0.5956317682495375,9.99079281506435,8
Corlu,A_native_masked,30,2019,2,0.5006865906586301,12.212046399328747,10
Corlu,A_native_masked,30,2019,3,0.5528968171594842,19.024817179947952,10
Corlu,A_native_masked,30,2019,4,0.6579727228270874,21.766872777486043,8
Corlu,A_native_masked,30,2019,5,0.6857343706372238,30.667467300981617,12
Corlu,A_native_masked,30,2019,6,0.5451799062493372,36.05917493735594,12
Corlu,A_native_masked,30,2019,7,0.4160053633919335,42.115560812921906,12
Corlu,A_native_masked,30,2019,8,0.32347596901661224,42.90136805538412,10
Corlu,A_native_masked,30,2019,9,0.291358174690314,38.25925021651875,10
Corlu,A_native_masked,30,2019,10,0.2702748776304003,31.01650130661633,12
Corlu,A_native_masked,30,2019,11,0.4901245322938965,18.125273680383327,12
Corlu,A_native_masked,30,2019,12,0.3876480074292616,13.058039603272698,7
Corlu,A_native_masked,30,2020,1,0.45953335769189413,8.684019084277653,9
Corlu,A_native_masked,30,2020,2,0.4943504472332171,2.313128386050151,9
Corlu,A_native_masked,30,2020,3,0.5961395694056627,15.091912182655758,10
Corlu,A_native_masked,30,2020,4,0.684078279776325,26.710042054378754,12
Corlu,A_native_masked,30,2020,5,0.6682339970607867,26.860358535064602,11
Corlu,A_native_masked,30,2020,6,0.5263509866946005,30.032043587182493,10
Corlu,A_native_masked,30,2020,7,0.5072434758043692,39.36041161373165,12
Corlu,A_native_masked,30,2020,8,0.3466713484769107,38.99390901632257,10
Corlu,A_native_masked,30,2020,9,0.2789966314340239,39.92581361668834,12
Corlu,A_native_masked,30,2020,10,0.2989036921122021,30.200874668845817,12
Corlu,A_native_masked,30,2020,11,0.37579038058146697,13.195778249206063,6
Corlu,A_native_masked,30,2020,12,0.4889233150545444,11.500150852764548,7
Corlu,A_native_masked,30,2021,1,,,5
Corlu,A_native_masked,30,2021,2,0.5963485897276711,12.399879209338266,11
Corlu,A_native_masked,30,2021,3,0.5719195203863064,19.373969635859524,9
Corlu,A_native_masked,30,2021,4,0.6678453113269889,20.48328464541268,10
Corlu,A_native_masked,30,2021,5,0.61770175603149,30.327763024649084,11
Corlu,A_native_masked,30,2021,6,0.5661330952726573,33.03203196820134,9
Corlu,A_native_masked,30,2021,7,0.4901422162148775,39.86709999287646,12
Corlu,A_native_masked,30,2021,8,0.36239835689339217,43.47359866783797,12
Corlu,A_native_masked,30,2021,9,0.30765669463021467,32.30738978366762,11
Corlu,A_native_masked,30,2021,10,0.23469035140364067,24.711058514743858,10
Corlu,A_native_masked,30,2021,11,0.3417550900780505,16.08854793835258,12
Corlu,A_native_masked,30,2021,12,0.410422497100665,10.94546668699477,19
Corlu,A_native_masked,30,2022,1,0.46547454371769614,7.932983328797111,17
Corlu,A_native_masked,30,2022,2,0.46914083214634594,11.02251404725391,18
Corlu,A_native_masked,30,2022,3,0.47632565427058804,13.791619148602432,15
Corlu,A_native_masked,30,2022,4,0.5778953837159516,26.165390972669606,18
Corlu,A_native_masked,30,2022,5,0.667359526721795,32.742938724044826,20
Corlu,A_native_masked,30,2022,6,0.49866976194778667,36.0915691175474,22
Corlu,A_native_masked,30,2022,7,0.4319085319852536,42.721052016574426,24
Corlu,A_native_masked,30,2022,8,0.3376011315290116,38.41065810917285,22
Corlu,A_native_masked,30,2022,9,0.30197529809738877,38.7359259998443,20
Corlu,A_native_masked,30,2022,10,0.28621912062498484,30.318268857701906,23
Corlu,A_native_masked,30,2022,11,0.27921718363470566,20.69229974682869,23
Corlu,A_native_masked,30,2022,12,0.5170655130858173,11.294292502223227,17
Corlu,A_native_masked,30,2023,1,0.5064315257692723,10.915060256011492,19
Corlu,A_native_masked,30,2023,2,0.47060049968996137,12.608977873896992,18
Corlu,A_native_masked,30,2023,3,0.6382809304959999,21.439438370944778,16
Corlu,A_native_masked,30,2023,4,0.663613805751597,19.30249910530112,17
Corlu,A_native_masked,30,2023,5,0.8551348328317281,26.217767046667763,21
Corlu,A_native_masked,30,2023,6,0.436530585055103,35.57430765017562,20
Corlu,A_native_masked,30,2023,7,0.43700444980958614,42.30402597744253,22
Corlu,A_native_masked,30,2023,8,0.3104125174142493,43.632563425460766,24
Corlu,A_native_masked,30,2023,9,0.2672381935263751,37.09110895034139,23
Corlu,A_native_masked,30,2023,10,0.24537234290248452,32.486363799242774,24
Corlu,A_native_masked,30,2023,11,0.4395892747039459,18.259809413877203,20
Corlu,A_native_masked,30,2023,12,0.4664210766482002,11.812767118656339,11
Corlu,A_native_masked,30,2024,1,0.5022446130505773,10.7989562333909,13
Corlu,A_native_masked,30,2024,2,0.5197500363787394,11.440474710589138,21
Corlu,A_native_masked,30,2024,3,0.6885545384630328,18.7960743159719,18
Corlu,A_native_masked,30,2024,4,0.6782898970585989,26.910374059135485,19
Corlu,A_native_masked,30,2024,5,0.6322740353807003,27.040365241949054,19
Corlu,A_native_masked,30,2024,6,0.4683809344767408,41.36659209375614,22
Corlu,A_native_masked,30,2024,7,0.3425611510246679,42.274212246583204,24
Corlu,A_native_masked,30,2024,8,0.3216311009458297,44.59184200833345,24
Corlu,A_native_masked,30,2024,9,0.2642633324416187,37.9931922145162,22
Corlu,A_native_masked,30,2024,10,0.26597315339092953,29.641673794352478,22
Corlu,A_native_masked,30,2024,11,0.2672315010382527,17.279484959937612,16
Corlu,A_native_masked,30,2024,12,0.4735538912720915,11.051549864876788,11
Corlu,B_coarse_masked,250,2013,4,,,3
Corlu,B_coarse_masked,250,2013,5,0.6859078336217587,33.92169434275659,8
Corlu,B_coarse_masked,250,2013,6,0.4730819419502078,32.06161030085713,12
Corlu,B_coarse_masked,250,2013,7,0.42762511951488075,42.37240446637623,12
Corlu,B_coarse_masked,250,2013,8,0.32654863125154604,39.67041318284121,12
Corlu,B_coarse_masked,250,2013,9,0.2796005246972946,34.069282923094946,8
Corlu,B_coarse_masked,250,2013,10,0.2721025727023139,24.936187859895277,6
Corlu,B_coarse_masked,250,2013,11,0.36939881736714714,18.917069616716176,10
Corlu,B_coarse_masked,250,2013,12,0.46271261279148074,9.846559289373102,8
Corlu,B_coarse_masked,250,2014,1,0.5805061996604441,12.643940742389233,10
Corlu,B_coarse_masked,250,2014,2,0.6166205070535752,13.518442617601822,7
Corlu,B_coarse_masked,250,2014,3,0.6840906509656136,21.038990848676598,7
Corlu,B_coarse_masked,250,2014,4,0.687941379338728,20.83697227459563,7
Corlu,B_coarse_masked,250,2014,5,0.7076310508141959,26.790518580400622,11
Corlu,B_coarse_masked,250,2014,6,0.48187057365758346,33.78184158204123,9
Corlu,B_coarse_masked,250,2014,7,0.45897020846868736,38.083074658171405,12
Corlu,B_coarse_masked,250,2014,8,0.41008420363890097,33.924824215487824,10
Corlu,B_coarse_masked,250,2014,9,0.36803995618552277,30.249872313334016,12
Corlu,B_coarse_masked,250,2014,10,0.2952134001304421,24.505020575190812,10
Corlu,B_coarse_masked,250,2014,11,0.3017880592745005,19.329733479980653,7
Corlu,B_coarse_masked,250,2014,12,0.5252383191032138,12.964645214070043,7
Corlu,B_coarse_masked,250,2015,1,0.49403106004005326,6.387741107274906,10
Corlu,B_coarse_masked,250,2015,2,0.5597473732260527,10.353525657407586,6
Corlu,B_coarse_masked,250,2015,3,0.5635537262546793,18.786681066796923,11
Corlu,B_coarse_masked,250,2015,4,0.6464103778795945,18.19066412322706,9
Corlu,B_coarse_masked,250,2015,5,0.6034248863003814,32.8563210747278,12
Corlu,B_coarse_masked,250,2015,6,0.4927166399720979,30.488059295483975,10
Corlu,B_coarse_masked,250,2015,7,0.45770508077984967,39.851761430658684,12
Corlu,B_coarse_masked,250,2015,8,0.33609396282732806,42.20881076821281,12
Corlu,B_coarse_masked,250,2015,9,0.3520113509995316,32.55524532552585,11
Corlu,B_coarse_masked,250,2015,10,0.3366070760785219,21.317977043299422,8
Corlu,B_coarse_masked,250,2015,11,0.36171375661733507,17.231827729888142,10
Corlu,B_coarse_masked,250,2015,12,0.5096697562313741,10.885011788465443,10
Corlu,B_coarse_masked,250,2016,1,0.6304507028488886,7.632828889303099,9
Corlu,B_coarse_masked,250,2016,2,,,8
Corlu,B_coarse_masked,250,2016,3,,,7
Corlu,B_coarse_masked,250,2016,4,0.6827457546449921,26.075119727182372,9
Corlu,B_coarse_masked,250,2016,5,0.6684784102693837,25.89620141827508,12
Corlu,B_coarse_masked,250,2016,6,0.4886277729695164,37.06448524312937,12
Corlu,B_coarse_masked,250,2016,7,0.42040725333013623,42.70953602862296,12
Corlu,B_coarse_masked,250,2016,8,0.3013566348178825,43.128353984848445,12
Corlu,B_coarse_masked,250,2016,9,0.2621603207375198,37.35233996587619,10
Corlu,B_coarse_masked,250,2016,10,0.24857152164416768,32.479423243349245,10
Corlu,B_coarse_masked,250,2016,11,0.3166546323013131,19.555026532125613,12
Corlu,B_coarse_masked,250,2016,12,0.274906046111335,3.864888409723493,8
Corlu,B_coarse_masked,250,2017,1,0.31047629701119134,6.980553341007706,10
Corlu,B_coarse_masked,250,2017,2,0.3580685128638389,14.084270260491513,7
Corlu,B_coarse_masked,250,2017,3,0.5043596199560133,18.95382296257847,10
Corlu,B_coarse_masked,250,2017,4,0.62977726986935,26.312706547955997,11
Corlu,B_coarse_masked,250,2017,5,0.6694158735304125,29.118896907905704,11
Corlu,B_coarse_masked,250,2017,6,0.5450364792379412,38.95137099794488,12
Corlu,B_coarse_masked,250,2017,7,0.44678703361241756,40.03058663431484,10
Corlu,B_coarse_masked,250,2017,8,0.4091111496894282,38.18796448054796,12
Corlu,B_coarse_masked,250,2017,9,0.4195694603578264,39.37540525180379,12
Corlu,B_coarse_masked,250,2017,10,0.33758478312513934,26.289480010906498,12
Corlu,B_coarse_masked,250,2017,11,0.47784560386623665,14.418048807138433,11
Corlu,B_coarse_masked,250,2017,12,0.5346007712808003,11.45461692441391,9
Corlu,B_coarse_masked,250,2018,1,0.5510525318930939,8.674554183402797,12
Corlu,B_coarse_masked,250,2018,2,0.578133550443679,13.9307379788894,6
Corlu,B_coarse_masked,250,2018,3,0.6715785018075814,16.692360132377917,10
Corlu,B_coarse_masked,250,2018,4,0.6424157097816118,27.716839060504288,12
Corlu,B_coarse_masked,250,2018,5,0.5602461685541369,20.92890142068799,8
Corlu,B_coarse_masked,250,2018,6,0.6142343339465914,34.101395822098944,12
Corlu,B_coarse_masked,250,2018,7,0.5461082175350488,39.137556540963885,12
Corlu,B_coarse_masked,250,2018,8,0.5030183826772622,36.423843186092135,12
Corlu,B_coarse_masked,250,2018,9,0.3675479041552314,35.4507634003141,11
Corlu,B_coarse_masked,250,2018,10,0.31365292648192084,26.842369020678152,8
Corlu,B_coarse_masked,250,2018,11,0.38411088744096944,19.289668989889513,9
Corlu,B_coarse_masked,250,2018,12,0.46821391799106804,3.352401167211353,6
Corlu,B_coarse_masked,250,2019,1,0.5955846008852584,9.985478321582022,8
Corlu,B_coarse_masked,250,2019,2,0.5007247146408841,12.210645991085492,10
Corlu,B_coarse_masked,250,2019,3,0.5529868866646304,19.025821293498517,10
Corlu,B_coarse_masked,250,2019,4,0.6578347828711903,21.76623042313736,8
Corlu,B_coarse_masked,250,2019,5,0.685643232653647,30.666836979715626,12
Corlu,B_coarse_masked,250,2019,6,0.5451701063145977,36.051820329100075,12
Corlu,B_coarse_masked,250,2019,7,0.416197308072125,42.11228801750935,12
Corlu,B_coarse_masked,250,2019,8,0.32360073997766026,42.89774372811606,10
Corlu,B_coarse_masked,250,2019,9,0.29156819217033664,38.25515740784676,10
Corlu,B_coarse_masked,250,2019,10,0.270553246839894,31.011408088815468,12
Corlu,B_coarse_masked,250,2019,11,0.48941107690972024,18.12252796635372,12
Corlu,B_coarse_masked,250,2019,12,0.387625128203854,13.060908044236683,7
Corlu,B_coarse_masked,250,2020,1,0.45958167378176995,8.683724321523913,9
Corlu,B_coarse_masked,250,2020,2,0.49430324244058904,2.307370190947385,9
Corlu,B_coarse_masked,250,2020,3,0.5959382024772434,15.077086114179492,10
Corlu,B_coarse_masked,250,2020,4,0.682874805506813,26.712278992963224,12
Corlu,B_coarse_masked,250,2020,5,0.6658097948832788,26.854682170971643,11
Corlu,B_coarse_masked,250,2020,6,0.5263706690288612,30.16283111703782,10
Corlu,B_coarse_masked,250,2020,7,0.5073457273818388,39.35585762404278,12
Corlu,B_coarse_masked,250,2020,8,0.34688972246526256,38.98852847644196,10
Corlu,B_coarse_masked,250,2020,9,0.27925157902169817,39.9214363265089,12
Corlu,B_coarse_masked,250,2020,10,0.2991792317519923,30.196036517897447,12
Corlu,B_coarse_masked,250,2020,11,0.37610897888080036,13.193307406454698,6
Corlu,B_coarse_masked,250,2020,12,0.4891113740902547,11.48935606850038,7
Corlu,B_coarse_masked,250,2021,1,,,5
Corlu,B_coarse_masked,250,2021,2,0.5961849876673333,12.398536537414769,11
Corlu,B_coarse_masked,250,2021,3,0.5717155786390128,19.37405060675516,9
Corlu,B_coarse_masked,250,2021,4,0.667904231659401,20.48160153455989,10
Corlu,B_coarse_masked,250,2021,5,0.6176250137549636,30.326938125725533,11
Corlu,B_coarse_masked,250,2021,6,0.5656287830017419,33.025975541800065,9
Corlu,B_coarse_masked,250,2021,7,0.4905301459880244,39.86551386360427,12
Corlu,B_coarse_masked,250,2021,8,0.36248145291649797,43.46965030341305,12
Corlu,B_coarse_masked,250,2021,9,0.30791011283740094,32.301705663594205,11
Corlu,B_coarse_masked,250,2021,10,0.23474375267727693,24.709624779087534,10
Corlu,B_coarse_masked,250,2021,11,0.3400128848412458,16.088085385524426,12
Corlu,B_coarse_masked,250,2021,12,0.4103807094064752,10.943856987573154,19
Corlu,B_coarse_masked,250,2022,1,0.46560031526356727,7.933472706325974,17
Corlu,B_coarse_masked,250,2022,2,0.44794440484908693,11.00788872920871,18
Corlu,B_coarse_masked,250,2022,3,0.4835089373941202,13.799921107388483,15
Corlu,B_coarse_masked,250,2022,4,0.578172895497258,26.161624570440857,18
Corlu,B_coarse_masked,250,2022,5,0.6677352770238174,32.73594966432943,20
Corlu,B_coarse_masked,250,2022,6,0.49865106477000515,36.08891848096305,22
Corlu,B_coarse_masked,250,2022,7,0.4316735254055023,42.718178513331125,24
Corlu,B_coarse_masked,250,2022,8,0.3388323904648731,38.4038066174622,22
Corlu,B_coarse_masked,250,2022,9,0.30224030405272667,38.73009249826732,20
Corlu,B_coarse_masked,250,2022,10,0.2865250050695836,30.31286966101225,23
Corlu,B_coarse_masked,250,2022,11,0.2717824074504504,20.69938543880585,23
Corlu,B_coarse_masked,250,2022,12,0.48941344022750854,11.297288760623502,17
Corlu,B_coarse_masked,250,2023,1,0.5060924297355103,10.913602930136898,19
Corlu,B_coarse_masked,250,2023,2,0.47052854662756877,12.604472454736664,18
Corlu,B_coarse_masked,250,2023,3,0.6387740599244585,21.42520926777236,16
Corlu,B_coarse_masked,250,2023,4,0.6630881117301451,19.2971010586558,17
Corlu,B_coarse_masked,250,2023,5,0.8486069872461516,26.238859885179426,21
Corlu,B_coarse_masked,250,2023,6,0.43665410379610836,35.57433403132592,20
Corlu,B_coarse_masked,250,2023,7,0.43713682610700977,42.30222679453252,22
Corlu,B_coarse_masked,250,2023,8,0.31061841457413675,43.628951175225566,24
Corlu,B_coarse_masked,250,2023,9,0.26759995442630824,37.084390191820056,23
Corlu,B_coarse_masked,250,2023,10,0.24563937943758266,32.481858201909496,24
Corlu,B_coarse_masked,250,2023,11,0.4395463870812768,18.254296462521314,20
Corlu,B_coarse_masked,250,2023,12,0.4664879486435714,11.807362123653885,11
Corlu,B_coarse_masked,250,2024,1,0.5055264535590334,10.799198617434584,13
Corlu,B_coarse_masked,250,2024,2,0.519671827009887,11.441239724985396,21
Corlu,B_coarse_masked,250,2024,3,0.6936732041057928,18.80594476560796,18
Corlu,B_coarse_masked,250,2024,4,0.6782824421784365,26.908319579208097,19
Corlu,B_coarse_masked,250,2024,5,0.6323696079734,27.039538069132263,19
Corlu,B_coarse_masked,250,2024,6,0.4683947949917638,41.36405648398731,22
Corlu,B_coarse_masked,250,2024,7,0.34259249751058957,42.26751681543113,24
Corlu,B_coarse_masked,250,2024,8,0.3217728252332449,44.582964161676124,24
Corlu,B_coarse_masked,250,2024,9,0.26428199449078177,37.046965916023844,22
Corlu,B_coarse_masked,250,2024,10,0.26630522997425915,29.635751748827968,22
Corlu,B_coarse_masked,250,2024,11,0.26736494682668277,17.276494002930168,16
Corlu,B_coarse_masked,250,2024,12,0.4704676620493083,11.04722059299149,11
Corlu,B_coarse_masked,500,2013,4,,,3
Corlu,B_coarse_masked,500,2013,5,0.6858103548674844,33.91720426760823,8
Corlu,B_coarse_masked,500,2013,6,0.4730218684403012,32.05670665032871,12
Corlu,B_coarse_masked,500,2013,7,0.4276245879025017,42.36606666830651,12
Corlu,B_coarse_masked,500,2013,8,0.32656298891445684,39.66629023626864,12
Corlu,B_coarse_masked,500,2013,9,0.2796694868806117,34.067608416043484,8
Corlu,B_coarse_masked,500,2013,10,0.27203753031600153,24.93312576534854,6
Corlu,B_coarse_masked,500,2013,11,0.3668962396668955,18.94184479502586,10
Corlu,B_coarse_masked,500,2013,12,0.4625574559871942,9.847336935154214,8
Corlu,B_coarse_masked,500,2014,1,0.58058518146164,12.64533253249635,10
Corlu,B_coarse_masked,500,2014,2,0.616896113826893,13.515519556949638,7
Corlu,B_coarse_masked,500,2014,3,0.6844232152725347,21.038451817395305,7
Corlu,B_coarse_masked,500,2014,4,0.688245246494512,20.82902476962294,7
Corlu,B_coarse_masked,500,2014,5,0.708680365526506,26.781829307763367,11
Corlu,B_coarse_masked,500,2014,6,0.4818451353326173,33.780125185131936,9
Corlu,B_coarse_masked,500,2014,7,0.4590359456834801,38.07735308268736,12
Corlu,B_coarse_masked,500,2014,8,0.4099887096342735,33.92341300537828,10
Corlu,B_coarse_masked,500,2014,9,0.36763735437311845,30.241007339648867,12
Corlu,B_coarse_masked,500,2014,10,0.29529968145662516,24.505539256320613,10
Corlu,B_coarse_masked,500,2014,11,0.3018694061040645,19.329821103956903,7
Corlu,B_coarse_masked,500,2014,12,0.5252419009788505,12.963699934056606,7
Corlu,B_coarse_masked,500,2015,1,0.49399503162876945,6.385203740086531,10
Corlu,B_coarse_masked,500,2015,2,0.5739200375416718,10.354655691842096,6
Corlu,B_coarse_masked,500,2015,3,0.5640659977663026,18.76442495183069,11
Corlu,B_coarse_masked,500,2015,4,0.646701141709571,18.193283183152744,9
Corlu,B_coarse_masked,500,2015,5,0.5992081944277119,32.86425850794937,12
Corlu,B_coarse_masked,500,2015,6,0.49285094721397854,30.477508787821062,10
Corlu,B_coarse_masked,500,2015,7,0.4584677617000114,39.84478141666744,12
Corlu,B_coarse_masked,500,2015,8,0.3361436604519217,42.20528564720886,12
Corlu,B_coarse_masked,500,2015,9,0.3517072812901733,32.60027529952226,11
Corlu,B_coarse_masked,500,2015,10,0.3363081333364122,21.313459079788792,8
Corlu,B_coarse_masked,500,2015,11,0.36165135383199737,17.226192701385724,10
Corlu,B_coarse_masked,500,2015,12,0.5097093145929408,10.887566482465722,10
Corlu,B_coarse_masked,500,2016,1,0.6065042970641968,7.610651489166615,9
Corlu,B_coarse_masked,500,2016,2,,,8
Corlu,B_coarse_masked,500,2016,3,,,7
Corlu,B_coarse_masked,500,2016,4,0.6836004511078776,26.057184542165515,9
Corlu,B_coarse_masked,500,2016,5,0.6715788533343079,25.894821414076475,12
Corlu,B_coarse_masked,500,2016,6,0.48849261752411877,37.064571684946365,12
Corlu,B_coarse_masked,500,2016,7,0.4204126786920364,42.70804043290304,12
Corlu,B_coarse_masked,500,2016,8,0.30137712304449793,43.12727268181058,12
Corlu,B_coarse_masked,500,2016,9,0.26214238511941995,37.348927493626384,10
Corlu,B_coarse_masked,500,2016,10,0.2487789128847115,32.47383267929037,10
Corlu,B_coarse_masked,500,2016,11,0.3167443780893462,19.553531961774787,12
Corlu,B_coarse_masked,500,2016,12,0.27488051973100386,3.8938654256704894,8
Corlu,B_coarse_masked,500,2017,1,0.3103404036149847,6.979681910761979,10
Corlu,B_coarse_masked,500,2017,2,0.3579022643741759,14.082687580603737,7
Corlu,B_coarse_masked,500,2017,3,0.5046665073143353,18.954779202187847,10
Corlu,B_coarse_masked,500,2017,4,0.6298264858554723,26.318146616724434,11
Corlu,B_coarse_masked,500,2017,5,0.6689392621971806,29.122293598059702,11
Corlu,B_coarse_masked,500,2017,6,0.5453535726155161,38.94917311644701,12
Corlu,B_coarse_masked,500,2017,7,0.44690735525379766,40.022577697259436,10
Corlu,B_coarse_masked,500,2017,8,0.4091699978833722,38.18356513413913,12
Corlu,B_coarse_masked,500,2017,9,0.4236825772749833,39.38340405886578,12
Corlu,B_coarse_masked,500,2017,10,0.3375205030483584,26.289742313624657,12
Corlu,B_coarse_masked,500,2017,11,0.4936619188104357,14.43919482817975,11
Corlu,B_coarse_masked,500,2017,12,0.5347483243454033,11.453201235788084,9
Corlu,B_coarse_masked,500,2018,1,0.5512289006492781,8.674238896357709,12
Corlu,B_coarse_masked,500,2018,2,0.5784225237467487,13.927190722717913,6
Corlu,B_coarse_masked,500,2018,3,0.6711429352162387,16.68779815858733,10
Corlu,B_coarse_masked,500,2018,4,0.6426847918282833,27.711762787863602,12
Corlu,B_coarse_masked,500,2018,5,0.5597609103007136,20.92802019131567,8
Corlu,B_coarse_masked,500,2018,6,0.6169109573731055,34.086024327686346,12
Corlu,B_coarse_masked,500,2018,7,0.5461625046143683,39.13434660083467,12
Corlu,B_coarse_masked,500,2018,8,0.502867373433305,36.421599699535165,12
Corlu,B_coarse_masked,500,2018,9,0.36753435224644515,35.43435449174502,11
Corlu,B_coarse_masked,500,2018,10,0.3135141950409903,26.844539619566696,8
Corlu,B_coarse_masked,500,2018,11,0.3840650245984856,19.28867657632992,9
Corlu,B_coarse_masked,500,2018,12,0.4682184794418939,3.3539023989627426,6
Corlu,B_coarse_masked,500,2019,1,0.5941679706242669,9.988677077064786,8
Corlu,B_coarse_masked,500,2019,2,0.5004149967854562,12.20977012727854,10
Corlu,B_coarse_masked,500,2019,3,0.5533068697724071,19.02536444728967,10
Corlu,B_coarse_masked,500,2019,4,0.6573548052235509,21.76860218838996,8
Corlu,B_coarse_masked,500,2019,5,0.6854478582309714,30.66578986637652,12
Corlu,B_coarse_masked,500,2019,6,0.5450518013009579,36.05727436634462,12
Corlu,B_coarse_masked,500,2019,7,0.41659127807498014,42.10829884485415,12
Corlu,B_coarse_masked,500,2019,8,0.32363548468053105,42.89505018393794,10
Corlu,B_coarse_masked,500,2019,9,0.2916284919779722,38.26415132109933,10
Corlu,B_coarse_masked,500,2019,10,0.27056037007882966,31.00823567116559,12
Corlu,B_coarse_masked,500,2019,11,0.4895288600947654,18.121368205288462,12
Corlu,B_coarse_masked,500,2019,12,0.38764231496393925,13.059029757365195,7
Corlu,B_coarse_masked,500,2020,1,0.4596718373483128,8.684680939524819,9
Corlu,B_coarse_masked,500,2020,2,0.49344550335830617,2.3112815434098772,9
Corlu,B_coarse_masked,500,2020,3,0.5960347876689649,15.044679496050483,10
Corlu,B_coarse_masked,500,2020,4,0.6830813519226457,26.709496655547305,12
Corlu,B_coarse_masked,500,2020,5,0.6622035353553642,26.84923678987962,11
Corlu,B_coarse_masked,500,2020,6,0.5264592189394754,28.891527174070983,10
Corlu,B_coarse_masked,500,2020,7,0.5070511817081923,39.35302134069926,12
Corlu,B_coarse_masked,500,2020,8,0.34687973846976744,38.98949613573719,10
Corlu,B_coarse_masked,500,2020,9,0.2792677815951339,39.91822417339028,12
Corlu,B_coarse_masked,500,2020,10,0.2990519159242968,30.194636546443977,12
Corlu,B_coarse_masked,500,2020,11,0.37606669405828835,13.190728516339576,6
Corlu,B_coarse_masked,500,2020,12,0.48886310883009115,11.48866008442362,7
Corlu,B_coarse_masked,500,2021,1,,,5
Corlu,B_coarse_masked,500,2021,2,0.5960475299610785,12.400737545799215,11
Corlu,B_coarse_masked,500,2021,3,0.5714604075343167,19.37455699976487,9
Corlu,B_coarse_masked,500,2021,4,0.667610827470524,20.483467303563405,10
Corlu,B_coarse_masked,500,2021,5,0.61750420245648,30.32925353607214,11
Corlu,B_coarse_masked,500,2021,6,0.5667284672407817,33.017535643857194,9
Corlu,B_coarse_masked,500,2021,7,0.4907061547958568,39.863382870714034,12
Corlu,B_coarse_masked,500,2021,8,0.36249530872990093,43.46816117758329,12
Corlu,B_coarse_masked,500,2021,9,0.30783224414202914,32.29490441450064,11
Corlu,B_coarse_masked,500,2021,10,0.2349499359560054,24.701592300077646,10
Corlu,B_coarse_masked,500,2021,11,0.34175509214401245,16.097431094671787,12
Corlu,B_coarse_masked,500,2021,12,0.4105277992533529,10.940683215892625,19
Corlu,B_coarse_masked,900,2013,4,,,3
Corlu,B_coarse_masked,900,2013,5,0.6866701355071941,33.92204547175345,8
Corlu,B_coarse_masked,900,2013,6,0.4662118612085376,32.06832961734836,12
Corlu,B_coarse_masked,900,2013,7,0.42783466583443447,42.35743532756357,12
Corlu,B_coarse_masked,900,2013,8,0.3264407912244795,39.65875543631379,12
Corlu,B_coarse_masked,900,2013,9,0.2801271187825371,34.05640251979861,8
Corlu,B_coarse_masked,900,2013,10,0.27213439452073446,24.92931646035311,6
Corlu,B_coarse_masked,900,2013,11,0.3649110686179646,18.958146829229513,10
Corlu,B_coarse_masked,900,2013,12,0.462960238407729,9.852005797236693,8
Corlu,B_coarse_masked,900,2014,1,0.580699213755815,12.644632386275115,10
Corlu,B_coarse_masked,900,2014,2,0.6168665736743847,13.513088236272322,7
Corlu,B_coarse_masked,900,2014,3,0.6843481536549882,21.041105253773793,7
Corlu,B_coarse_masked,900,2014,4,0.6881781301174182,20.821206484409583,7
Corlu,B_coarse_masked,900,2014,5,0.7086698542483479,26.7734177745512,11
Corlu,B_coarse_masked,900,2014,6,0.48147741305147235,33.779480611253824,9
Corlu,B_coarse_masked,900,2014,7,0.4593836321825142,38.0782105658794,12
Corlu,B_coarse_masked,900,2014,8,0.4094822883774866,33.920120165302755,10
Corlu,B_coarse_masked,900,2014,9,0.3670056981669152,30.23557524413402,12
Corlu,B_coarse_masked,900,2014,10,0.2951108612928743,24.493706420362557,10
Corlu,B_coarse_masked,900,2014,11,0.30183975436998683,19.327466218166684,7
Corlu,B_coarse_masked,900,2014,12,0.5255926350746327,12.960686567844846,7
Corlu,B_coarse_masked,900,2015,1,0.49238541848272155,6.3879246404908265,10
Corlu,B_coarse_masked,900,2015,2,0.5731949314559248,10.370786288893877,6
Corlu,B_coarse_masked,900,2015,3,0.5678973307759598,18.740551715231547,11
Corlu,B_coarse_masked,900,2015,4,0.6439036713508923,18.2085127040616,9
Corlu,B_coarse_masked,900,2015,5,0.5993505865719604,32.86631791446128,12
Corlu,B_coarse_masked,900,2015,6,0.4926569424677297,30.481438868220557,10
Corlu,B_coarse_masked,900,2015,7,0.45579685088799865,39.852474389126094,12
Corlu,B_coarse_masked,900,2015,8,0.336011472670167,42.20581134148472,12
Corlu,B_coarse_masked,900,2015,9,0.3508796223918136,32.74103739762848,11
Corlu,B_coarse_masked,900,2015,10,0.33586890884730525,21.312695075096872,8
Corlu,B_coarse_masked,900,2015,11,0.3611066730314224,17.221838514662497,10
Corlu,B_coarse_masked,900,2015,12,0.5095937158789975,10.896815268611029,10
Corlu,B_coarse_masked,900,2016,1,0.5503956858928387,7.598940989622736,9
Corlu,B_coarse_masked,900,2016,2,,,8
Corlu,B_coarse_masked,900,2016,3,,,7
Corlu,B_coarse_masked,900,2016,4,0.683286524213626,26.014385758004455,9
Corlu,B_coarse_masked,900,2016,5,0.6678028562145529,25.920189903345516,12
Corlu,B_coarse_masked,900,2016,6,0.48856600477910667,37.068499788415785,12
Corlu,B_coarse_masked,900,2016,7,0.4205166383485818,42.70236273799012,12
Corlu,B_coarse_masked,900,2016,8,0.30122166914385373,43.12673682038663,12
Corlu,B_coarse_masked,900,2016,9,0.26212293656272295,37.346271749569894,10
Corlu,B_coarse_masked,900,2016,10,0.2487378215203241,32.46800325899143,10
Corlu,B_coarse_masked,900,2016,11,0.316549611120842,19.553669141345704,12
Corlu,B_coarse_masked,900,2016,12,0.2748721486578929,3.9763471711967178,8
Corlu,B_coarse_masked,900,2017,1,0.3103861257485451,6.973776609912565,10
Corlu,B_coarse_masked,900,2017,2,0.35784003100577033,14.080113251704063,7
Corlu,B_coarse_masked,900,2017,3,0.5051867408095315,18.951100741094805,10
Corlu,B_coarse_masked,900,2017,4,0.6298137107789568,26.31980170433707,11
Corlu,B_coarse_masked,900,2017,5,0.6687811879123922,29.118531222120044,11
Corlu,B_coarse_masked,900,2017,6,0.5450291422074334,38.94784805528355,12
Corlu,B_coarse_masked,900,2017,7,0.4467533657948627,40.02386678127669,10
Corlu,B_coarse_masked,900,2017,8,0.4090190429031448,38.18144717003097,12
Corlu,B_coarse_masked,900,2017,9,0.4087399255484342,39.4925045913684,12
Corlu,B_coarse_masked,900,2017,10,0.3375494407281872,26.28987905680881,12
Corlu,B_coarse_masked,900,2017,11,0.49414042893208954,14.437047072441517,11
Corlu,B_coarse_masked,900,2017,12,0.535499558230473,11.450974693492624,9
Corlu,B_coarse_masked,900,2018,1,0.5518710134017039,8.674803558066277,12
Corlu,B_coarse_masked,900,2018,2,0.5793065172879149,13.92682329434348,6
Corlu,B_coarse_masked,900,2018,3,0.6701950144069468,16.684030673851666,10
Corlu,B_coarse_masked,900,2018,4,0.642994452353673,27.70447950744199,12
Corlu,B_coarse_masked,900,2018,5,0.5612502837755594,20.910118489345038,8
Corlu,B_coarse_masked,900,2018,6,0.6137335101763408,34.03543483676221,12
Corlu,B_coarse_masked,900,2018,7,0.5459364728262487,39.13398537918629,12
Corlu,B_coarse_masked,900,2018,8,0.502755716555468,36.41546886823077,12
Corlu,B_coarse_masked,900,2018,9,0.36742436930640004,35.431264171123765,11
Corlu,B_coarse_masked,900,2018,10,0.31343136859438797,26.84727518570904,8
Corlu,B_coarse_masked,900,2018,11,0.38529374030912217,19.287820676898193,9
Corlu,B_coarse_masked,900,2018,12,0.4684782812579102,3.3562123052377815,6
Corlu,B_coarse_masked,900,2019,1,0.5939467025378241,9.99312464942926,8
Corlu,B_coarse_masked,900,2019,2,0.5008727719555591,12.205961805934045,10
Corlu,B_coarse_masked,900,2019,3,0.5530085302488775,19.030727609021035,10
Corlu,B_coarse_masked,900,2019,4,0.6576855138031831,21.760557243356455,8
Corlu,B_coarse_masked,900,2019,5,0.685544144003781,30.66255630861121,12
Corlu,B_coarse_masked,900,2019,6,0.5447101823596646,36.06536663597326,12
Corlu,B_coarse_masked,900,2019,7,0.4165131882573054,42.11230421581513,12
Corlu,B_coarse_masked,900,2019,8,0.32349280352375154,42.891626715697576,10
Corlu,B_coarse_masked,900,2019,9,0.29138475593004126,38.265202885299956,10
Corlu,B_coarse_masked,900,2019,10,0.27059656854170844,31.01449413784951,12
Corlu,B_coarse_masked,900,2019,11,0.48901086913354835,18.118883074144442,12
Corlu,B_coarse_masked,900,2019,12,0.3875331327564007,13.057626947781515,7
Corlu,B_coarse_masked,900,2020,1,0.4600039286809938,8.685899526479645,9
Corlu,B_coarse_masked,900,2020,2,0.49236059181777864,2.316457049833763,9
Corlu,B_coarse_masked,900,2020,3,0.5962720431160762,15.012582419463994,10
Corlu,B_coarse_masked,900,2020,4,0.6816413652858143,26.706100496299594,12
Corlu,B_coarse_masked,900,2020,5,0.6555109413648116,26.858283655499168,11
Corlu,B_coarse_masked,900,2020,6,0.542749927336017,29.045203507594987,10
Corlu,B_coarse_masked,900,2020,7,0.5077955473152916,39.34826096690282,12
Corlu,B_coarse_masked,900,2020,8,0.346784285272281,38.97427204770686,10
Corlu,B_coarse_masked,900,2020,9,0.2791899606261706,39.914521033928125,12
Corlu,B_coarse_masked,900,2020,10,0.2990218782405346,30.192283075667273,12
Corlu,B_coarse_masked,900,2020,11,0.37608563172168924,13.188551513852977,6
Corlu,B_coarse_masked,900,2020,12,0.48954330370370125,11.475617923097088,7
Corlu,B_coarse_masked,900,2021,1,,,5
Corlu,B_coarse_masked,900,2021,2,0.595924195959724,12.404916270174011,11
Corlu,B_coarse_masked,900,2021,3,0.5710882172352665,19.37745749074406,9
Corlu,B_coarse_masked,900,2021,4,0.667352522834264,20.484563265327438,10
Corlu,B_coarse_masked,900,2021,5,0.6173362623017943,30.341050354726235,11
Corlu,B_coarse_masked,900,2021,6,0.567928708057404,33.01106605859643,9
Corlu,B_coarse_masked,900,2021,7,0.491134917413751,39.86509637052609,12
Corlu,B_coarse_masked,900,2021,8,0.3621952287949497,43.47045470172396,12
Corlu,B_coarse_masked,900,2021,9,0.3076582605589334,32.2921957820719,11
Corlu,B_coarse_masked,900,2021,10,0.23491132474040263,24.69038009725205,10
Corlu,B_coarse_masked,900,2021,11,0.34232084453105927,16.1075682930891,12
Corlu,B_coarse_masked,900,2021,12,0.4106902775843583,10.937901745821499,19
Corlu,B_coarse_masked,900,2023,1,0.504688169489469,10.910233166260278,19
Corlu,B_coarse_masked,900,2023,2,0.47006803469493963,12.597912827050562,18
Corlu,B_coarse_masked,900,2023,3,0.6252291225795205,21.495353661144332,16
Corlu,B_coarse_masked,900,2023,4,0.6626899564619548,19.308824260060597,17
Corlu,B_coarse_masked,900,2023,5,0.8401263356208801,26.200862259079596,21
Corlu,B_coarse_masked,900,2023,6,0.436730424973669,35.565313678338484,20
Corlu,B_coarse_masked,900,2023,7,0.43638179764394003,42.2996973668294,22
Corlu,B_coarse_masked,900,2023,8,0.3107431829451545,43.61909154312691,24
Corlu,B_coarse_masked,900,2023,9,0.26751197214967415,37.071062305790676,23
Corlu,B_coarse_masked,900,2023,10,0.24586990776779374,32.47343787887947,24
Corlu,B_coarse_masked,900,2023,11,0.5362579739371011,18.38218137606961,20
Corlu,B_coarse_masked,900,2023,12,0.4673217118394073,11.818076944807668,11
Corlu,B_coarse_masked,900,2024,1,0.5073531323238633,10.852203039386831,13
Corlu,B_coarse_masked,900,2024,2,0.5201641953105416,11.468084611019341,21
Corlu,B_coarse_masked,900,2024,3,0.6982710669706534,18.8407087560399,18
Corlu,B_coarse_masked,900,2024,4,0.6782241475622339,26.897781521763612,19
Corlu,B_coarse_masked,900,2024,5,0.6330373297225538,27.019487129120634,19
Corlu,B_coarse_masked,900,2024,6,0.46859323070247355,41.35690512366597,22
Corlu,B_coarse_masked,900,2024,7,0.3424216410503955,42.25962242724081,24
Corlu,B_coarse_masked,900,2024,8,0.32166796214094356,44.5680880121911,24
Corlu,B_coarse_masked,900,2024,9,0.26522473990917206,37.02000974766106,22
Corlu,B_coarse_masked,900,2024,10,0.26646267247045136,29.627337113460214,22
Corlu,B_coarse_masked,900,2024,11,0.2674833378445149,17.272664889822828,16
Corlu,B_coarse_masked,900,2024,12,0.455000748236974,11.050863461684855,11
Corlu,C_coarse_unmasked,250,2013,4,,,3
Corlu,C_coarse_unmasked,250,2013,5,0.6802752703944088,33.89501616653853,8
Corlu,C_coarse_unmasked,250,2013,6,0.48318177586875266,32.01263136592476,12
Corlu,C_coarse_unmasked,250,2013,7,0.4460446524982139,42.035428363919706,12
Corlu,C_coarse_unmasked,250,2013,8,0.3435224604003244,39.4441719989408,12
Corlu,C_coarse_unmasked,250,2013,9,0.35371240024435996,33.61345234086403,8
Corlu,C_coarse_unmasked,250,2013,10,0.31474198627327293,24.69006361316663,6
Corlu,C_coarse_unmasked,250,2013,11,0.4369439622701447,18.47531041334366,10
Corlu,C_coarse_unmasked,250,2013,12,0.47050765946277084,9.73439888579038,8
Corlu,C_coarse_unmasked,250,2014,1,0.5544450842312308,12.532600955197774,10
Corlu,C_coarse_unmasked,250,2014,2,0.6094249464497069,13.40218752657772,7
Corlu,C_coarse_unmasked,250,2014,3,0.6770337331619752,21.178465267630443,7
Corlu,C_coarse_unmasked,250,2014,4,0.6816324266590372,20.948940916824455,7
Corlu,C_coarse_unmasked,250,2014,5,0.7065554225258661,26.88349515737361,11
Corlu,C_coarse_unmasked,250,2014,6,0.49197147016536447,34.05350919245145,9
Corlu,C_coarse_unmasked,250,2014,7,0.4830540650855235,37.85831033289267,12
Corlu,C_coarse_unmasked,250,2014,8,0.4296941768670845,33.87734220982008,10
Corlu,C_coarse_unmasked,250,2014,9,0.39679825336735614,30.022710124339973,12
Corlu,C_coarse_unmasked,250,2014,10,0.34604403579232274,24.079989983780845,10
Corlu,C_coarse_unmasked,250,2014,11,0.34930456245835034,19.22160596245315,7
Corlu,C_coarse_unmasked,250,2014,12,0.5140618754985067,12.936049624728792,7
Corlu,C_coarse_unmasked,250,2015,1,0.49132163868066214,6.2556659924428475,10
Corlu,C_coarse_unmasked,250,2015,2,0.5597473732260527,10.467156240693269,6
Corlu,C_coarse_unmasked,250,2015,3,0.542723116687769,18.90983392843234,11
Corlu,C_coarse_unmasked,250,2015,4,0.6253968301887273,18.579542652909534,9
Corlu,C_coarse_unmasked,250,2015,5,0.610541095097715,32.78476569742607,12
Corlu,C_coarse_unmasked,250,2015,6,0.5035484485484978,30.340989919277575,10
Corlu,C_coarse_unmasked,250,2015,7,0.5063043874882793,39.51345260657055,12
Corlu,C_coarse_unmasked,250,2015,8,0.3618681408064631,41.86028522076537,12
Corlu,C_coarse_unmasked,250,2015,9,0.47470617003504756,32.2283924860965,11
Corlu,C_coarse_unmasked,250,2015,10,0.3878928238914145,21.0698068729671,8
Corlu,C_coarse_unmasked,250,2015,11,0.37575606118756233,17.02617911109261,10
Corlu,C_coarse_unmasked,250,2015,12,0.5045045517710599,10.804048692428585,10
Corlu,C_coarse_unmasked,250,2016,1,0.5312714366460667,7.923757420863052,9
Corlu,C_coarse_unmasked,250,2016,2,,,8
Corlu,C_coarse_unmasked,250,2016,3,,,7
Corlu,C_coarse_unmasked,250,2016,4,0.679854226343482,26.18850157676695,9
Corlu,C_coarse_unmasked,250,2016,5,0.6801239575991178,25.823033264153754,12
Corlu,C_coarse_unmasked,250,2016,6,0.4980998446235806,37.37153641849682,12
Corlu,C_coarse_unmasked,250,2016,7,0.43344179239512537,42.46093761674624,12
Corlu,C_coarse_unmasked,250,2016,8,0.33124592271110426,42.73124507613664,12
Corlu,C_coarse_unmasked,250,2016,9,0.29254588128649417,36.897106231084436,10
Corlu,C_coarse_unmasked,250,2016,10,0.2789641359192882,32.208835560953275,10
Corlu,C_coarse_unmasked,250,2016,11,0.35266515443196184,19.33897957829811,12
Corlu,C_coarse_unmasked,250,2016,12,0.28827105860287666,3.77978003817376,8
Corlu,C_coarse_unmasked,250,2017,1,0.314940337338081,6.92281257411871,10
Corlu,C_coarse_unmasked,250,2017,2,0.3610585087477098,14.011973685305856,7
Corlu,C_coarse_unmasked,250,2017,3,0.5049231220509305,18.856370805217285,10
Corlu,C_coarse_unmasked,250,2017,4,0.624642604214982,26.444533462730604,11
Corlu,C_coarse_unmasked,250,2017,5,0.6628703934104159,29.257519376646286,11
Corlu,C_coarse_unmasked,250,2017,6,0.5442383227974401,39.27880082287054,12
Corlu,C_coarse_unmasked,250,2017,7,0.46533111934428545,39.84602277547009,10
Corlu,C_coarse_unmasked,250,2017,8,0.42298266443971133,37.77047790631854,12
Corlu,C_coarse_unmasked,250,2017,9,0.4648561921365358,38.80402264429652,12
Corlu,C_coarse_unmasked,250,2017,10,0.3818389329208786,25.917231727999432,12
Corlu,C_coarse_unmasked,250,2017,11,0.47784560386623665,14.332212825445598,11
Corlu,C_coarse_unmasked,250,2017,12,0.5355350902302424,11.413230844785703,9
Corlu,C_coarse_unmasked,250,2018,1,0.5425580904245298,8.676990992532767,12
Corlu,C_coarse_unmasked,250,2018,2,0.575636486971752,13.962876504504287,6
Corlu,C_coarse_unmasked,250,2018,3,0.6628031020144537,16.680154411579334,10
Corlu,C_coarse_unmasked,250,2018,4,0.6417191732315345,27.7590756986853,12
Corlu,C_coarse_unmasked,250,2018,5,0.582255397249082,20.584102214671535,8
Corlu,C_coarse_unmasked,250,2018,6,0.6142343339465914,33.88751711268153,12
Corlu,C_coarse_unmasked,250,2018,7,0.5432913704740037,39.15257845976705,12
Corlu,C_coarse_unmasked,250,2018,8,0.513397892493484,36.088490666811204,12
Corlu,C_coarse_unmasked,250,2018,9,0.4001157037645143,35.150713557817355,11
Corlu,C_coarse_unmasked,250,2018,10,0.34410920925479094,26.6777543143602,8
Corlu,C_coarse_unmasked,250,2018,11,0.38685466812952224,18.94633606894401,9
Corlu,C_coarse_unmasked,250,2018,12,0.462309828378008,3.4528079522928343,6
Corlu,C_coarse_unmasked,250,2019,1,0.5855078454237899,10.068772944175013,8
Corlu,C_coarse_unmasked,250,2019,2,0.49514004950523577,12.236395234348954,10
Corlu,C_coarse_unmasked,250,2019,3,0.5419978725747222,18.961149525235133,10
Corlu,C_coarse_unmasked,250,2019,4,0.6513341273744374,21.957770487172088,8
Corlu,C_coarse_unmasked,250,2019,5,0.6818284719423463,30.738542938287413,12
Corlu,C_coarse_unmasked,250,2019,6,0.5528520586758651,36.26771515165809,12
Corlu,C_coarse_unmasked,250,2019,7,0.44105675716826476,41.83073514329693,12
Corlu,C_coarse_unmasked,250,2019,8,0.3450865482990749,42.41615708360492,10
Corlu,C_coarse_unmasked,250,2019,9,0.3258283496933048,37.743746283054755,10
Corlu,C_coarse_unmasked,250,2019,10,0.31242548458626085,30.497636246210245,12
Corlu,C_coarse_unmasked,250,2019,11,0.48395315489405855,17.853630251588147,12
Corlu,C_coarse_unmasked,250,2019,12,0.393421174890097,12.927305805558168,7
Corlu,C_coarse_unmasked,250,2020,1,0.501411821693182,7.846282699678618,9
Corlu,C_coarse_unmasked,250,2020,2,0.5002326532771325,1.9678524434063878,9
Corlu,C_coarse_unmasked,250,2020,3,0.560233946512308,15.139394025547231,10
Corlu,C_coarse_unmasked,250,2020,4,0.6610422908267237,26.824624883065685,12
Corlu,C_coarse_unmasked,250,2020,5,0.6623615462573154,27.254629633724914,11
Corlu,C_coarse_unmasked,250,2020,6,0.5541940746639338,30.02040790276983,10
Corlu,C_coarse_unmasked,250,2020,7,0.5224215540376784,39.09327016823874,12
Corlu,C_coarse_unmasked,250,2020,8,0.3754582145732408,38.54804444161391,10
Corlu,C_coarse_unmasked,250,2020,9,0.3155645273118317,39.35183499051887,12
Corlu,C_coarse_unmasked,250,2020,10,0.3362918476390311,29.825514521723566,12
Corlu,C_coarse_unmasked,250,2020,11,0.4119308992259307,12.804973122900948,6
Corlu,C_coarse_unmasked,250,2020,12,0.5113854931457993,11.395618174805383,7
Corlu,C_coarse_unmasked,250,2021,1,,,5
Corlu,C_coarse_unmasked,250,2021,2,0.5643934298371428,12.441847938993476,11
Corlu,C_coarse_unmasked,250,2021,3,0.5651652137726723,19.39289873358019,9
Corlu,C_coarse_unmasked,250,2021,4,0.6621881763002407,20.71392685292032,10
Corlu,C_coarse_unmasked,250,2021,5,0.6166036007078416,30.32942332164697,11
Corlu,C_coarse_unmasked,250,2021,6,0.5374930537668924,33.189385646058376,9
Corlu,C_coarse_unmasked,250,2021,7,0.5124785586280366,39.83299997819357,12
Corlu,C_coarse_unmasked,250,2021,8,0.38123302539225673,43.160607151633776,12
Corlu,C_coarse_unmasked,250,2021,9,0.3445501493356042,32.043370652456595,11
Corlu,C_coarse_unmasked,250,2021,10,0.23972994018949018,24.609386267243504,10
Corlu,C_coarse_unmasked,250,2021,11,0.37969527761933497,15.73849189574368,12
Corlu,C_coarse_unmasked,250,2021,12,0.5810485084851582,10.610215407538368,19
Corlu,C_coarse_unmasked,250,2022,1,0.4730153753506225,7.829007330816166,17
Corlu,C_coarse_unmasked,250,2022,2,0.44145932892958323,11.012055545122701,18
Corlu,C_coarse_unmasked,250,2022,3,0.5156656868877273,13.752860165993415,15
Corlu,C_coarse_unmasked,250,2022,4,0.5780053596075929,26.192841435107404,18
Corlu,C_coarse_unmasked,250,2022,5,0.6676938176663373,32.56581092743225,20
Corlu,C_coarse_unmasked,250,2022,6,0.4993807674680741,36.31707644573921,22
Corlu,C_coarse_unmasked,250,2022,7,0.43166844844017704,42.549779186154105,24
Corlu,C_coarse_unmasked,250,2022,8,0.4447315737631707,37.94629829440263,22
Corlu,C_coarse_unmasked,250,2022,9,0.34083979064391967,38.08842220891918,20
Corlu,C_coarse_unmasked,250,2022,10,0.3272788504844616,29.86839122598957,23
Corlu,C_coarse_unmasked,250,2022,11,0.29542368300356353,20.436851934355545,23
Corlu,C_coarse_unmasked,250,2022,12,0.4883063316345215,11.208896985784854,17
Corlu,C_coarse_unmasked,250,2023,1,0.5062563793007628,10.86148720698383,19
Corlu,C_coarse_unmasked,250,2023,2,0.46977713733731763,12.390343484221779,18
Corlu,C_coarse_unmasked,250,2023,3,0.6387740599244585,21.398942432389756,16
Corlu,C_coarse_unmasked,250,2023,4,0.6538473049576033,19.595558945583402,17
Corlu,C_coarse_unmasked,250,2023,5,0.8486069872461516,26.129742499837242,21
Corlu,C_coarse_unmasked,250,2023,6,0.4530239415370589,35.5846527807294,20
Corlu,C_coarse_unmasked,250,2023,7,0.4432248120713108,42.241326592133625,22
Corlu,C_coarse_unmasked,250,2023,8,0.3360846239482939,43.2342643878712,24
Corlu,C_coarse_unmasked,250,2023,9,0.31094658891011123,36.65923605418974,23
Corlu,C_coarse_unmasked,250,2023,10,0.2840727020850875,31.96073443226061,24
Corlu,C_coarse_unmasked,250,2023,11,0.4694594047712476,17.99529182864128,20
Corlu,C_coarse_unmasked,250,2023,12,0.47143787169471335,11.875594791804971,11
Corlu,C_coarse_unmasked,250,2024,1,0.5145985237193802,10.826524637594076,13
Corlu,C_coarse_unmasked,250,2024,2,0.5007711242955604,11.505800824552136,21
Corlu,C_coarse_unmasked,250,2024,3,0.6767547529418177,18.956039616567157,18
Corlu,C_coarse_unmasked,250,2024,4,0.6774227835597071,26.98793978286497,19
Corlu,C_coarse_unmasked,250,2024,5,0.633099801750644,26.998906923307334,19
Corlu,C_coarse_unmasked,250,2024,6,0.4750203881544155,41.368798045804475,22
Corlu,C_coarse_unmasked,250,2024,7,0.35192451916236656,42.11412323993629,24
Corlu,C_coarse_unmasked,250,2024,8,0.37341734087841366,44.102493322224,24
Corlu,C_coarse_unmasked,250,2024,9,0.30817473357620645,36.59647357014443,22
Corlu,C_coarse_unmasked,250,2024,10,0.31158455245320654,29.184047705989197,22
Corlu,C_coarse_unmasked,250,2024,11,0.2842389232760349,17.01604790867193,16
Corlu,C_coarse_unmasked,250,2024,12,0.4704676620493083,10.964506313838704,11
Corlu,C_coarse_unmasked,500,2013,4,,,3
Corlu,C_coarse_unmasked,500,2013,5,0.6801494924901931,33.89374219715763,8
Corlu,C_coarse_unmasked,500,2013,6,0.4831446902619438,32.00909869782242,12
Corlu,C_coarse_unmasked,500,2013,7,0.44582833535992655,42.032565455881766,12
Corlu,C_coarse_unmasked,500,2013,8,0.34353296494288343,39.438353254931044,12
Corlu,C_coarse_unmasked,500,2013,9,0.3542551498665695,33.60774971844662,8
Corlu,C_coarse_unmasked,500,2013,10,0.31447892629681606,24.689531108921187,6
Corlu,C_coarse_unmasked,500,2013,11,0.4340594428247542,18.502363363773892,10
Corlu,C_coarse_unmasked,500,2013,12,0.4703758648288269,9.734584030410982,8
Corlu,C_coarse_unmasked,500,2014,1,0.5543595089026366,12.533730360430198,10
Corlu,C_coarse_unmasked,500,2014,2,0.6093642754684565,13.40125266686199,7
Corlu,C_coarse_unmasked,500,2014,3,0.6770914966133481,21.18013542363206,7
Corlu,C_coarse_unmasked,500,2014,4,0.681713747614787,20.94532467350125,7
Corlu,C_coarse_unmasked,500,2014,5,0.7073527331696863,26.87723730981734,11
Corlu,C_coarse_unmasked,500,2014,6,0.4921182401897523,34.05101074570883,9
Corlu,C_coarse_unmasked,500,2014,7,0.48356663317648757,37.84974758935853,12
Corlu,C_coarse_unmasked,500,2014,8,0.42977591598391507,33.87625951758516,10
Corlu,C_coarse_unmasked,500,2014,9,0.39652248912576005,30.012502501810957,12
Corlu,C_coarse_unmasked,500,2014,10,0.34607639594080525,24.08335949278728,10
Corlu,C_coarse_unmasked,500,2014,11,0.34932397303847246,19.222573696451214,7
Corlu,C_coarse_unmasked,500,2014,12,0.5139199740473565,12.935204739039524,7
Corlu,C_coarse_unmasked,500,2015,1,0.4913208478893749,6.253690004557687,10
Corlu,C_coarse_unmasked,500,2015,2,0.5739200375416718,10.465644285509196,6
Corlu,C_coarse_unmasked,500,2015,3,0.5433300813950624,18.88025452955978,11
Corlu,C_coarse_unmasked,500,2015,4,0.6252652760832752,18.564104854511594,9
Corlu,C_coarse_unmasked,500,2015,5,0.605258308837637,32.791566249377695,12
Corlu,C_coarse_unmasked,500,2015,6,0.5037513872852788,30.334235542967672,10
Corlu,C_coarse_unmasked,500,2015,7,0.506699683316093,39.51002797453958,12
Corlu,C_coarse_unmasked,500,2015,8,0.36187279144430884,41.85888813722965,12
Corlu,C_coarse_unmasked,500,2015,9,0.47328926229511675,32.27343548760141,11
Corlu,C_coarse_unmasked,500,2015,10,0.38776733319184736,21.05923816154168,8
Corlu,C_coarse_unmasked,500,2015,11,0.37574930291777825,17.021184638463318,10
Corlu,C_coarse_unmasked,500,2015,12,0.5044700809977494,10.80337675842135,10
Corlu,C_coarse_unmasked,500,2016,1,0.527513160390126,7.940802607873807,9
Corlu,C_coarse_unmasked,500,2016,2,,,8
Corlu,C_coarse_unmasked,500,2016,3,,,7
Corlu,C_coarse_unmasked,500,2016,4,0.6808966470080247,26.171993189822086,9
Corlu,C_coarse_unmasked,500,2016,5,0.6794802101273252,25.81619189778805,12
Corlu,C_coarse_unmasked,500,2016,6,0.49802458156065627,37.37087691480217,12
Corlu,C_coarse_unmasked,500,2016,7,0.4335522855266337,42.46029933525936,12
Corlu,C_coarse_unmasked,500,2016,8,0.3312609533793751,42.73152966906609,12
Corlu,C_coarse_unmasked,500,2016,9,0.2925606553963616,36.894412540309894,10
Corlu,C_coarse_unmasked,500,2016,10,0.2790030247186306,32.20377479231169,10
Corlu,C_coarse_unmasked,500,2016,11,0.3528230914564122,19.338467679412215,12
Corlu,C_coarse_unmasked,500,2016,12,0.2882628602942188,3.798803730223416,8
Corlu,C_coarse_unmasked,500,2017,1,0.31481462180174435,6.9229938303715866,10
Corlu,C_coarse_unmasked,500,2017,2,0.36089367520538584,14.011214810896098,7
Corlu,C_coarse_unmasked,500,2017,3,0.5051575037070285,18.858440461937548,10
Corlu,C_coarse_unmasked,500,2017,4,0.6237090096847159,26.449111260052888,11
Corlu,C_coarse_unmasked,500,2017,5,0.6625343875258421,29.25739268918805,11
Corlu,C_coarse_unmasked,500,2017,6,0.5445991439040735,39.27722159581698,12
Corlu,C_coarse_unmasked,500,2017,7,0.465320524135143,39.841911434268596,10
Corlu,C_coarse_unmasked,500,2017,8,0.4230271500633063,37.76680360976191,12
Corlu,C_coarse_unmasked,500,2017,9,0.46739220083608307,38.813278702235216,12
Corlu,C_coarse_unmasked,500,2017,10,0.381704164719367,25.917389399843312,12
Corlu,C_coarse_unmasked,500,2017,11,0.4936619188104357,14.353431581022978,11
Corlu,C_coarse_unmasked,500,2017,12,0.5357352981252962,11.412969459665312,9
Corlu,C_coarse_unmasked,500,2018,1,0.542697919075024,8.67734523430889,12
Corlu,C_coarse_unmasked,500,2018,2,0.575856898476394,13.96087937374763,6
Corlu,C_coarse_unmasked,500,2018,3,0.663182474748464,16.67171263964247,10
Corlu,C_coarse_unmasked,500,2018,4,0.6418020409315136,27.756531988246152,12
Corlu,C_coarse_unmasked,500,2018,5,0.581084508463312,20.600091390035125,8
Corlu,C_coarse_unmasked,500,2018,6,0.6169109573731055,33.87786632654003,12
Corlu,C_coarse_unmasked,500,2018,7,0.5433630831161785,39.15042462660318,12
Corlu,C_coarse_unmasked,500,2018,8,0.5133590702703662,36.08675053467214,12
Corlu,C_coarse_unmasked,500,2018,9,0.4000947838164932,35.13611820316375,11
Corlu,C_coarse_unmasked,500,2018,10,0.3439863778112024,26.679043535777208,8
Corlu,C_coarse_unmasked,500,2018,11,0.3870114835880468,18.946721790600662,9
Corlu,C_coarse_unmasked,500,2018,12,0.4620529108933306,3.454509607744633,6
Corlu,C_coarse_unmasked,500,2019,1,0.58470389828613,10.069278589636927,8
Corlu,C_coarse_unmasked,500,2019,2,0.49485106074021334,12.23305690430688,10
Corlu,C_coarse_unmasked,500,2019,3,0.5422409094293399,18.96174657457965,10
Corlu,C_coarse_unmasked,500,2019,4,0.6508774314227737,21.95687048451965,8
Corlu,C_coarse_unmasked,500,2019,5,0.681659722706164,30.739354660851596,12
Corlu,C_coarse_unmasked,500,2019,6,0.5527779036877339,36.268066995195504,12
Corlu,C_coarse_unmasked,500,2019,7,0.44112470879046617,41.82886931128705,12
Corlu,C_coarse_unmasked,500,2019,8,0.345140817923823,42.415311118895026,10
Corlu,C_coarse_unmasked,500,2019,9,0.32582982763636736,37.751388494023246,10
Corlu,C_coarse_unmasked,500,2019,10,0.3124599311535831,30.4951789770512,12
Corlu,C_coarse_unmasked,500,2019,11,0.4840015238670203,17.85380450069999,12
Corlu,C_coarse_unmasked,500,2019,12,0.3933885345474825,12.92658542413638,7
Corlu,C_coarse_unmasked,500,2020,1,0.5215273499488831,7.850855472783121,9
Corlu,C_coarse_unmasked,500,2020,2,0.4999128917739733,1.9773243671462688,9
Corlu,C_coarse_unmasked,500,2020,3,0.5602729767462384,15.08179766388611,10
Corlu,C_coarse_unmasked,500,2020,4,0.6613818767441209,26.823654507713165,12
Corlu,C_coarse_unmasked,500,2020,5,0.6593361741888732,27.24884544794603,11
Corlu,C_coarse_unmasked,500,2020,6,0.5482633186465349,28.807811346899786,10
Corlu,C_coarse_unmasked,500,2020,7,0.52230294549299,39.08717745864079,12
Corlu,C_coarse_unmasked,500,2020,8,0.3754558177594457,38.54368809032995,10
Corlu,C_coarse_unmasked,500,2020,9,0.31558253123123137,39.35106418691656,12
Corlu,C_coarse_unmasked,500,2020,10,0.3362974412700124,29.824407447838002,12
Corlu,C_coarse_unmasked,500,2020,11,0.4119246304858594,12.804847355601694,6
Corlu,C_coarse_unmasked,500,2020,12,0.5114674492448832,11.39360410855634,7
Corlu,C_coarse_unmasked,500,2021,1,,,5
Corlu,C_coarse_unmasked,500,2021,2,0.5643338008831511,12.444346284729846,11
Corlu,C_coarse_unmasked,500,2021,3,0.5648117258153691,19.39438036683022,9
Corlu,C_coarse_unmasked,500,2021,4,0.6618168808471756,20.715068578552348,10
Corlu,C_coarse_unmasked,500,2021,5,0.6164487701900999,30.32941739399746,11
Corlu,C_coarse_unmasked,500,2021,6,0.5381409656306484,33.18399186725693,9
Corlu,C_coarse_unmasked,500,2021,7,0.5127635736102072,39.83138278191283,12
Corlu,C_coarse_unmasked,500,2021,8,0.3812663608954641,43.15929357666841,12
Corlu,C_coarse_unmasked,500,2021,9,0.34459157884929553,32.039442196099294,11
Corlu,C_coarse_unmasked,500,2021,10,0.23989499582405308,24.602997971050716,10
Corlu,C_coarse_unmasked,500,2021,11,0.3798122815033748,15.747998536105746,12
Corlu,C_coarse_unmasked,500,2021,12,0.5789826606449328,10.605348770465806,19
Corlu,C_coarse_unmasked,500,2022,1,0.47256838526227274,7.829350223184851,17
Corlu,C_coarse_unmasked,500,2022,2,0.42086551924826093,11.033818228336779,18
Corlu,C_coarse_unmasked,500,2022,3,0.5081373900635482,13.748825839371088,15
Corlu,C_coarse_unmasked,500,2022,4,0.57830020585978,26.191208662115038,18
Corlu,C_coarse_unmasked,500,2022,5,0.6673655434244495,32.55866052486024,20
Corlu,C_coarse_unmasked,500,2022,6,0.49946503853351176,36.31303276068656,22
Corlu,C_coarse_unmasked,500,2022,7,0.43140776661298585,42.54937170744774,24
Corlu,C_coarse_unmasked,500,2022,8,0.4451782095714324,37.942843212111015,22
Corlu,C_coarse_unmasked,500,2022,9,0.34088016388096726,38.08901882170129,20
Corlu,C_coarse_unmasked,500,2022,10,0.3273637420317169,29.8668827560021,23
Corlu,C_coarse_unmasked,500,2022,11,0.2951218365373727,20.454134924941773,23
Corlu,C_coarse_unmasked,500,2022,12,0.4887214973568916,11.22759730047882,17
Corlu,C_coarse_unmasked,500,2023,1,0.5054322028998564,10.86191330074032,19
Corlu,C_coarse_unmasked,500,2023,2,0.4695577842600461,12.389376994726375,18
Corlu,C_coarse_unmasked,500,2023,3,0.6301354018124666,21.39395043647004,16
Corlu,C_coarse_unmasked,500,2023,4,0.653320966524001,19.575855277660615,17
Corlu,C_coarse_unmasked,500,2023,5,0.8490523695945741,26.124604865139027,21
Corlu,C_coarse_unmasked,500,2023,6,0.4529549081211188,35.578842805844175,20
Corlu,C_coarse_unmasked,500,2023,7,0.44329798068815673,42.2408715065612,22
Corlu,C_coarse_unmasked,500,2023,8,0.33615397284112597,43.232261012557196,24
Corlu,C_coarse_unmasked,500,2023,9,0.31097570622450615,36.6549229140795,23
Corlu,C_coarse_unmasked,500,2023,10,0.28407106314415137,31.959465852734592,24
Corlu,C_coarse_unmasked,500,2023,11,0.4690620329069055,17.992182209008433,20
Corlu,C_coarse_unmasked,500,2023,12,0.47151090034376575,11.88318161806071,11
Corlu,C_coarse_unmasked,500,2024,1,0.5174367689352916,10.832163021775374,13
Corlu,C_coarse_unmasked,500,2024,2,0.5010000506453796,11.514252026503572,21
Corlu,C_coarse_unmasked,500,2024,3,0.6736883526190934,18.970273387976174,18
Corlu,C_coarse_unmasked,500,2024,4,0.6773182983966153,26.98663226805685,19
Corlu,C_coarse_unmasked,500,2024,5,0.6332251761313837,26.99372378061685,19
Corlu,C_coarse_unmasked,500,2024,6,0.4749730721334988,41.36748057704216,22
Corlu,C_coarse_unmasked,500,2024,7,0.35189470052224325,42.11303880776894,24
Corlu,C_coarse_unmasked,500,2024,8,0.37297880438100484,44.08954038890682,24
Corlu,C_coarse_unmasked,500,2024,9,0.30830119671648115,36.59384635401076,22
Corlu,C_coarse_unmasked,500,2024,10,0.3116170243165225,29.182730896730487,22
Corlu,C_coarse_unmasked,500,2024,11,0.28426856952317675,17.01564475615171,16
Corlu,C_coarse_unmasked,500,2024,12,0.46515374730822706,10.962583326957617,11
Corlu,C_coarse_unmasked,900,2013,4,,,3
Corlu,C_coarse_unmasked,900,2013,5,0.6792676443980583,33.90146856120077,8
Corlu,C_coarse_unmasked,900,2013,6,0.4831439674063487,32.0287386864243,12
Corlu,C_coarse_unmasked,900,2013,7,0.4460850710970192,42.026620287363855,12
Corlu,C_coarse_unmasked,900,2013,8,0.3432768270052098,39.43106339435092,12
Corlu,C_coarse_unmasked,900,2013,9,0.354803719967825,33.611527271996955,8
Corlu,C_coarse_unmasked,900,2013,10,0.31455412462161325,24.685416067450312,6
Corlu,C_coarse_unmasked,900,2013,11,0.4194124319186728,18.576653563153688,10
Corlu,C_coarse_unmasked,900,2013,12,0.4706277414053938,9.73549967396546,8
Corlu,C_coarse_unmasked,900,2014,1,0.5543102880836452,12.531378063725615,10
Corlu,C_coarse_unmasked,900,2014,2,0.6086746247102377,13.397435470133734,7
Corlu,C_coarse_unmasked,900,2014,3,0.6767299233455393,21.18137775411725,7
Corlu,C_coarse_unmasked,900,2014,4,0.6812451919875255,20.939900562376927,7
Corlu,C_coarse_unmasked,900,2014,5,0.7078247637520808,26.86980889248785,11
Corlu,C_coarse_unmasked,900,2014,6,0.49172760756224526,34.05019406335106,9
Corlu,C_coarse_unmasked,900,2014,7,0.4837931221438283,37.84311316322305,12
Corlu,C_coarse_unmasked,900,2014,8,0.42943840333645306,33.87162953908904,10
Corlu,C_coarse_unmasked,900,2014,9,0.39581660412724257,29.975087567051908,12
Corlu,C_coarse_unmasked,900,2014,10,0.34579154785812294,24.073815611579516,10
Corlu,C_coarse_unmasked,900,2014,11,0.3490759217865722,19.222206482534308,7
Corlu,C_coarse_unmasked,900,2014,12,0.5144002917438173,12.934553234652924,7
Corlu,C_coarse_unmasked,900,2015,1,0.48984203483271305,6.254006625936664,10
Corlu,C_coarse_unmasked,900,2015,2,0.5732291362155406,10.477928962749763,6
Corlu,C_coarse_unmasked,900,2015,3,0.5465194991737827,18.848879454107916,11
Corlu,C_coarse_unmasked,900,2015,4,0.6205373063084644,18.57696381185183,9
Corlu,C_coarse_unmasked,900,2015,5,0.6034946377117808,32.796254741769296,12
Corlu,C_coarse_unmasked,900,2015,6,0.5033661322368235,30.340942508435745,10
Corlu,C_coarse_unmasked,900,2015,7,0.5039005088462228,39.51684004875489,12
Corlu,C_coarse_unmasked,900,2015,8,0.3615969636528538,41.85822566104078,12
Corlu,C_coarse_unmasked,900,2015,9,0.47237800210216857,32.412561078231874,11
Corlu,C_coarse_unmasked,900,2015,10,0.38819629240641906,21.052688346382844,8
Corlu,C_coarse_unmasked,900,2015,11,0.37546551129034217,17.0185328453518,10
Corlu,C_coarse_unmasked,900,2015,12,0.5044836296507083,10.80897382517616,10
Corlu,C_coarse_unmasked,900,2016,1,0.5180512013538464,8.138163347705246,9
Corlu,C_coarse_unmasked,900,2016,2,,,8
Corlu,C_coarse_unmasked,900,2016,3,,,7
Corlu,C_coarse_unmasked,900,2016,4,0.6812080249245319,26.122745709263313,9
Corlu,C_coarse_unmasked,900,2016,5,0.6783332782851453,25.839278423242952,12
Corlu,C_coarse_unmasked,900,2016,6,0.49782160687707944,37.37486110412266,12
Corlu,C_coarse_unmasked,900,2016,7,0.4334664880200282,42.45744058690112,12
Corlu,C_coarse_unmasked,900,2016,8,0.33099678411602934,42.732418956972545,12
Corlu,C_coarse_unmasked,900,2016,9,0.292837556665302,36.89087358318881,10
Corlu,C_coarse_unmasked,900,2016,10,0.27822616033788133,32.20376177798283,10
Corlu,C_coarse_unmasked,900,2016,11,0.35261959211481103,19.33841260802464,12
Corlu,C_coarse_unmasked,900,2016,12,0.2882639411149242,3.926752827334013,8
Corlu,C_coarse_unmasked,900,2017,1,0.31491352138817336,6.919129348098988,10
Corlu,C_coarse_unmasked,900,2017,2,0.3607709930297499,14.008488811609089,7
Corlu,C_coarse_unmasked,900,2017,3,0.5049525574060125,18.863127444347644,10
Corlu,C_coarse_unmasked,900,2017,4,0.6231227171202781,26.44856535289351,11
Corlu,C_coarse_unmasked,900,2017,5,0.6621501177089547,29.250869652786122,11
Corlu,C_coarse_unmasked,900,2017,6,0.5441723415691359,39.2780152325244,12
Corlu,C_coarse_unmasked,900,2017,7,0.4651877142231652,39.84400620432802,10
Corlu,C_coarse_unmasked,900,2017,8,0.42292064596198353,37.765034380053386,12
Corlu,C_coarse_unmasked,900,2017,9,0.45147469532139956,38.909968476308705,12
Corlu,C_coarse_unmasked,900,2017,10,0.3815102459479943,25.917765075462473,12
Corlu,C_coarse_unmasked,900,2017,11,0.49414042893208954,14.352326466058997,11
Corlu,C_coarse_unmasked,900,2017,12,0.5360044126173583,11.412043806059382,9
Corlu,C_coarse_unmasked,900,2018,1,0.5430758366706716,8.678129052258038,12
Corlu,C_coarse_unmasked,900,2018,2,0.5762516318020112,13.959863615816502,6
Corlu,C_coarse_unmasked,900,2018,3,0.6625902529983031,16.66519638456071,10
Corlu,C_coarse_unmasked,900,2018,4,0.6419592501334428,27.75243364644953,12
Corlu,C_coarse_unmasked,900,2018,5,0.5825796101923872,20.582175749900948,8
Corlu,C_coarse_unmasked,900,2018,6,0.6137335101763408,33.83248594275797,12
Corlu,C_coarse_unmasked,900,2018,7,0.5432724058703537,39.151321498427336,12
Corlu,C_coarse_unmasked,900,2018,8,0.5129598840078587,36.07847894424478,12
Corlu,C_coarse_unmasked,900,2018,9,0.39946272709056013,35.1310737784754,11
Corlu,C_coarse_unmasked,900,2018,10,0.343836251785234,26.680988759025208,8
Corlu,C_coarse_unmasked,900,2018,11,0.3878279408088395,18.948031461299294,9
Corlu,C_coarse_unmasked,900,2018,12,0.46210787228617245,3.4578654621855724,6
Corlu,C_coarse_unmasked,900,2019,1,0.5847912994929808,10.0789755254989,8
Corlu,C_coarse_unmasked,900,2019,2,0.49500891833939104,12.226784336061487,10
Corlu,C_coarse_unmasked,900,2019,3,0.5424374318459272,18.96244438757402,10
Corlu,C_coarse_unmasked,900,2019,4,0.6506762223711603,21.94846159520455,8
Corlu,C_coarse_unmasked,900,2019,5,0.6813155766526254,30.73990251151154,12
Corlu,C_coarse_unmasked,900,2019,6,0.5526215377142234,36.270163744043195,12
Corlu,C_coarse_unmasked,900,2019,7,0.4410242481320367,41.82842548679706,12
Corlu,C_coarse_unmasked,900,2019,8,0.3451206680839544,42.412130156573916,10
Corlu,C_coarse_unmasked,900,2019,9,0.32547410472767024,37.756215731415665,10
Corlu,C_coarse_unmasked,900,2019,10,0.3124086476867272,30.500897545541587,12
Corlu,C_coarse_unmasked,900,2019,11,0.48393962744977936,17.85289131108669,12
Corlu,C_coarse_unmasked,900,2019,12,0.39329639573192354,12.925467506747179,7
Corlu,C_coarse_unmasked,900,2020,1,0.5215273499488831,7.850138043909595,9
Corlu,C_coarse_unmasked,900,2020,2,0.4991207839111553,2.0011803765886667,9
Corlu,C_coarse_unmasked,900,2020,3,0.5602740020471988,15.038334898997975,10
Corlu,C_coarse_unmasked,900,2020,4,0.6603251164305506,26.823051152705574,12
Corlu,C_coarse_unmasked,900,2020,5,0.6548900329799797,27.25708456619992,11
Corlu,C_coarse_unmasked,900,2020,6,0.5535740404624805,28.984485436121574,10
Corlu,C_coarse_unmasked,900,2020,7,0.5217671090739321,39.09793224119517,12
Corlu,C_coarse_unmasked,900,2020,8,0.37519292319519354,38.53842730156972,10
Corlu,C_coarse_unmasked,900,2020,9,0.3153537081514872,39.35113335471701,12
Corlu,C_coarse_unmasked,900,2020,10,0.33619627161591775,29.823157769869333,12
Corlu,C_coarse_unmasked,900,2020,11,0.4116990010629956,12.80005225862327,6
Corlu,C_coarse_unmasked,900,2020,12,0.5112603539791617,11.38308272624326,7
Corlu,C_coarse_unmasked,900,2021,1,,,5
Corlu,C_coarse_unmasked,900,2021,2,0.5641205098980588,12.449123269387009,11
Corlu,C_coarse_unmasked,900,2021,3,0.5641098636547381,19.396148493675533,9
Corlu,C_coarse_unmasked,900,2021,4,0.6612620315587444,20.715479416214883,10
Corlu,C_coarse_unmasked,900,2021,5,0.6160063372539658,30.33017963036669,11
Corlu,C_coarse_unmasked,900,2021,6,0.5400719944480259,33.17585117210039,9
Corlu,C_coarse_unmasked,900,2021,7,0.5131550081870664,39.83101839201275,12
Corlu,C_coarse_unmasked,900,2021,8,0.38104119478345516,43.15827593026255,12
Corlu,C_coarse_unmasked,900,2021,9,0.34408278353097405,32.043823869188465,11
Corlu,C_coarse_unmasked,900,2021,10,0.2397260707090935,24.596053005049708,10
Corlu,C_coarse_unmasked,900,2021,11,0.379638400998841,15.751427247437823,12
Corlu,C_coarse_unmasked,900,2021,12,0.5799135565757751,10.605060581935073,19
Corlu,C_coarse_unmasked,900,2022,1,0.4724011374185745,7.848061358979974,17
Corlu,C_coarse_unmasked,900,2022,2,0.42127844447119706,11.142173955783793,18
Corlu,C_coarse_unmasked,900,2022,3,0.4971686518392085,13.778557218677218,15
Corlu,C_coarse_unmasked,900,2022,4,0.5791082476426392,26.18073317681325,18
Corlu,C_coarse_unmasked,900,2022,5,0.6676656558276858,32.54435391631042,20
Corlu,C_coarse_unmasked,900,2022,6,0.4996296550870631,36.29404393843962,22
Corlu,C_coarse_unmasked,900,2022,7,0.43041893497247863,42.54998311953244,24
Corlu,C_coarse_unmasked,900,2022,8,0.44494377090611476,37.9424452888315,22
Corlu,C_coarse_unmasked,900,2022,9,0.34064597107076755,38.08839393255753,20
Corlu,C_coarse_unmasked,900,2022,10,0.3269755073450636,29.862900517029576,23
Corlu,C_coarse_unmasked,900,2022,11,0.2927834286232187,20.496861714954488,23
Corlu,C_coarse_unmasked,900,2022,12,0.5415525819574083,11.324961172756973,17
Corlu,C_coarse_unmasked,900,2023,1,0.5036814911230594,10.859676732107006,19
Corlu,C_coarse_unmasked,900,2023,2,0.46891261579005944,12.38609848671777,18
Corlu,C_coarse_unmasked,900,2023,3,0.6252291225795205,21.472031819012933,16
Corlu,C_coarse_unmasked,900,2023,4,0.6542563678024131,19.6038511499466,17
Corlu,C_coarse_unmasked,900,2023,5,0.8401263356208801,26.145363763802962,21
Corlu,C_coarse_unmasked,900,2023,6,0.4525846888887542,35.56749941544251,20
Corlu,C_coarse_unmasked,900,2023,7,0.44259242219176903,42.243020431081746,22
Corlu,C_coarse_unmasked,900,2023,8,0.3359592358393326,43.22779239669285,24
Corlu,C_coarse_unmasked,900,2023,9,0.31094810442587806,36.64926607539024,23
Corlu,C_coarse_unmasked,900,2023,10,0.2837792762124979,31.95727449964479,24
Corlu,C_coarse_unmasked,900,2023,11,0.49982237301089555,18.070038847718592,20
Corlu,C_coarse_unmasked,900,2023,12,0.4717782017791099,11.881336959384331,11
Corlu,C_coarse_unmasked,900,2024,1,0.5171098119135403,10.860250302830105,13
Corlu,C_coarse_unmasked,900,2024,2,0.49940702257134173,11.518131577366097,21
Corlu,C_coarse_unmasked,900,2024,3,0.6530113680298179,18.986139805639336,18
Corlu,C_coarse_unmasked,900,2024,4,0.676951504729968,26.980359822959713,19
Corlu,C_coarse_unmasked,900,2024,5,0.6334870684798155,26.978556801806192,19
Corlu,C_coarse_unmasked,900,2024,6,0.47488987670607374,41.36708311900394,22
Corlu,C_coarse_unmasked,900,2024,7,0.3516701027464263,42.10497710758778,24
Corlu,C_coarse_unmasked,900,2024,8,0.3739722231870998,44.08942583879879,24
Corlu,C_coarse_unmasked,900,2024,9,0.3080660716556729,36.574441481727305,22
Corlu,C_coarse_unmasked,900,2024,10,0.31135480934400867,29.177172654179447,22
Corlu,C_coarse_unmasked,900,2024,11,0.2841957898998427,17.01385566496169,16
Corlu,C_coarse_unmasked,900,2024,12,0.4549672062198321,10.96070696206633,11
Edirne,A_native_masked,30,2013,4,0.6417511408275655,17.925960843023486,3
Edirne,A_native_masked,30,2013,5,0.5949415561025052,37.24916274118019,8
Edirne,A_native_masked,30,2013,6,0.4395359285461694,37.60930045590895,12
Edirne,A_native_masked,30,2013,7,0.5204947949249432,39.47994305802775,12
Edirne,A_native_masked,30,2013,8,0.36438403916873185,42.056544389559896,12
Edirne,A_native_masked,30,2013,9,0.3203694813510098,32.18805533258769,8
Edirne,A_native_masked,30,2013,10,0.27464992230451946,28.922026350740186,6
Edirne,A_native_masked,30,2013,11,0.33904653027567133,16.212300119738742,10
Edirne,A_native_masked,30,2013,12,0.4057285984493222,6.808549072107505,8
Edirne,A_native_masked,30,2014,1,0.44361127093481695,13.818469091324232,10
Edirne,A_native_masked,30,2014,2,0.5781094115554107,12.867683955567944,7
Edirne,A_native_masked,30,2014,3,0.597645833050289,23.211066242613214,7
Edirne,A_native_masked,30,2014,4,0.6966183385601046,21.138206992610282,7
Edirne,A_native_masked,30,2014,5,0.5264951543763536,29.108903213604567,11
Edirne,A_native_masked,30,2014,6,0.49724362803494027,35.918944777615735,9
Edirne,A_native_masked,30,2014,7,0.5449960323728112,38.48790021960894,12
Edirne,A_native_masked,30,2014,8,0.5107775348393467,39.81114711882528,10
Edirne,A_native_masked,30,2014,9,0.41645048794893136,32.11457338403321,12
Edirne,A_native_masked,30,2014,10,0.3401113041599329,24.09212830364914,10
Edirne,A_native_masked,30,2014,11,0.300549457514029,15.628364330960071,7
Edirne,A_native_masked,30,2014,12,0.3659179862676533,7.812859539232302,7
Edirne,A_native_masked,30,2015,1,0.36635065893463614,5.886537050577342,10
Edirne,A_native_masked,30,2015,2,0.34051926147456035,6.563195448452868,6
Edirne,A_native_masked,30,2015,3,0.3703529506546299,16.03315308934868,11
Edirne,A_native_masked,30,2015,4,0.5004397192392862,26.703235950108635,9
Edirne,A_native_masked,30,2015,5,0.5980152917116122,35.490068203089564,12
Edirne,A_native_masked,30,2015,6,0.46654794603667654,38.360507882424926,10
Edirne,A_native_masked,30,2015,7,0.4717971818595949,43.118587396340914,12
Edirne,A_native_masked,30,2015,8,0.3784614016546484,44.6160292488879,12
Edirne,A_native_masked,30,2015,9,0.36034683412370044,39.284757307151786,11
Edirne,A_native_masked,30,2015,10,0.3787654004961123,21.604960048206706,8
Edirne,A_native_masked,30,2015,11,0.37978747796755546,18.120696962011777,10
Edirne,A_native_masked,30,2015,12,0.5561485411333171,10.411971821337252,10
Edirne,A_native_masked,30,2016,1,0.48562285833947294,2.4058924570210634,9
Edirne,A_native_masked,30,2016,2,0.425044090160004,11.400072321610462,8
Edirne,A_native_masked,30,2016,3,0.6087395219794566,21.09441629778504,7
Edirne,A_native_masked,30,2016,4,0.6290392512523731,27.297148562389754,9
Edirne,A_native_masked,30,2016,5,0.6962490874927474,25.031834795145954,12
Edirne,A_native_masked,30,2016,6,0.4957368540464126,38.61278951965068,12
Edirne,A_native_masked,30,2016,7,0.435047133377364,43.38568559595611,12
Edirne,A_native_masked,30,2016,8,0.37355862557374514,42.509124800811854,12
Edirne,A_native_masked,30,2016,9,0.4213059482728104,32.889841817555556,10
Edirne,A_native_masked,30,2016,10,0.27647719735662846,37.30647456987488,10
Edirne,A_native_masked,30,2016,11,0.2785694301842865,16.70866736137119,12
Edirne,A_native_masked,30,2016,12,0.33486280422341913,7.0169518498740056,8
Edirne,A_native_masked,30,2017,1,0.3605841825429817,2.5688007393079393,10
Edirne,A_native_masked,30,2017,2,0.31576484330253735,8.583035466332472,7
Edirne,A_native_masked,30,2017,3,0.5481734576360198,16.388967404041487,10
Edirne,A_native_masked,30,2017,4,0.677641651458891,24.369515805920894,11
Edirne,A_native_masked,30,2017,5,0.6165889419998616,32.83317574446175,11
Edirne,A_native_masked,30,2017,6,0.6564900755009693,35.52499388963689,12
Edirne,A_native_masked,30,2017,7,0.4540234501163494,39.5732567742007,10
Edirne,A_native_masked,30,2017,8,0.39754668031465296,41.48575283877551,12
Edirne,A_native_masked,30,2017,9,0.3393982874904197,37.85568011259623,12
Edirne,A_native_masked,30,2017,10,0.33369275018271594,25.38736285239308,12
Edirne,A_native_masked,30,2017,11,0.4024382024195486,14.243848394055114,11
Edirne,A_native_masked,30,2017,12,0.4800652251478163,9.348534892862778,9
Edirne,A_native_masked,30,2018,1,0.5056838281814727,7.101927307774953,12
Edirne,A_native_masked,30,2018,2,0.5043783976746966,12.476791385380968,6
Edirne,A_native_masked,30,2018,3,0.607352101562122,16.69805061784831,10
Edirne,A_native_masked,30,2018,4,0.6031705393165138,26.387167048462114,12
Edirne,A_native_masked,30,2018,5,0.5017130068863893,32.42457597519887,8
Edirne,A_native_masked,30,2018,6,0.42664068659296706,32.252375713623856,12
Edirne,A_native_masked,30,2018,7,0.6203916082509476,34.958744267417785,12
Edirne,A_native_masked,30,2018,8,0.5448828494539492,40.52987101186374,12
Edirne,A_native_masked,30,2018,9,0.3785337914216162,33.18572667147443,11
Edirne,A_native_masked,30,2018,10,0.31747298140386043,29.479084602485337,8
Edirne,A_native_masked,30,2018,11,0.34889148288386385,12.468290153671152,9
Edirne,A_native_masked,30,2018,12,0.3439729943301049,3.803356969456647,6
Edirne,A_native_masked,30,2019,1,0.3448340346045229,7.856531902465964,8
Edirne,A_native_masked,30,2019,2,0.38116169884999773,16.298967731764904,10
Edirne,A_native_masked,30,2019,3,0.4672792011824282,20.109829505007358,10
Edirne,A_native_masked,30,2019,4,0.5342534149960081,25.78241966773271,8
Edirne,A_native_masked,30,2019,5,0.7409509183928333,29.940612942682936,12
Edirne,A_native_masked,30,2019,6,0.5601308319965608,36.45569411385691,12
Edirne,A_native_masked,30,2019,7,0.5124669470915335,41.74187877351444,12
Edirne,A_native_masked,30,2019,8,0.4022943511865266,42.77890747682615,10
Edirne,A_native_masked,30,2019,9,0.3698786585048731,34.351033362394524,10
Edirne,A_native_masked,30,2019,10,0.3141079685040065,30.472394031589012,12
Edirne,A_native_masked,30,2019,11,0.4317730831183126,19.730899915767807,12
Edirne,A_native_masked,30,2019,12,0.334758488311073,6.017590759562059,7
Edirne,A_native_masked,30,2020,1,0.4235137213375068,3.8931839731944318,9
Edirne,A_native_masked,30,2020,2,0.48728570937568655,11.069021162541368,9
Edirne,A_native_masked,30,2020,3,0.6001007900447655,15.43597061449322,10
Edirne,A_native_masked,30,2020,4,0.6305699701897063,24.940232209889142,12
Edirne,A_native_masked,30,2020,5,0.6513159929273261,27.769048044228157,11
Edirne,A_native_masked,30,2020,6,0.49891161519405086,35.672673200660206,10
Edirne,A_native_masked,30,2020,7,0.43012553171072804,44.28649315904315,12
Edirne,A_native_masked,30,2020,8,0.470261400022658,36.670076701669466,10
Edirne,A_native_masked,30,2020,9,0.2871969181030603,43.088397811583484,12
Edirne,A_native_masked,30,2020,10,0.30727176207243706,28.92085396226253,12
Edirne,A_native_masked,30,2020,11,0.4043769220092759,11.298637353675165,6
Edirne,A_native_masked,30,2020,12,0.4742988329860533,9.766720845346738,7
Edirne,A_native_masked,30,2021,1,,,5
Edirne,A_native_masked,30,2021,2,0.5621992214200012,11.605640543247043,11
Edirne,A_native_masked,30,2021,3,0.5607983767887135,15.862672657169343,9
Edirne,A_native_masked,30,2021,4,0.6338784781149847,24.48017116010546,10
Edirne,A_native_masked,30,2021,5,0.6486312951480483,33.30914737412061,11
Edirne,A_native_masked,30,2021,6,0.5776283762684356,34.97348260181716,9
Edirne,A_native_masked,30,2021,7,0.488222648403427,43.10701145955592,12
Edirne,A_native_masked,30,2021,8,0.3851659249247654,42.8863585394579,12
Edirne,A_native_masked,30,2021,9,0.34449118762260134,33.80898990476455,11
Edirne,A_native_masked,30,2021,10,0.29772857339163955,25.43875941040236,10
Edirne,A_native_masked,30,2021,11,,,12
Edirne,A_native_masked,30,2021,12,0.4759321229586271,10.756821299986095,19
Edirne,A_native_masked,30,2022,1,0.4866174152635103,7.004309856479804,17
Edirne,A_native_masked,30,2022,2,0.4504169511183779,10.786477026935748,18
Edirne,A_native_masked,30,2022,3,0.45643208787145867,17.94994272070519,15
Edirne,A_native_masked,30,2022,4,0.5438105057925339,30.753827505126416,18
Edirne,A_native_masked,30,2022,5,0.6161420745530234,29.757865832053746,20
Edirne,A_native_masked,30,2022,6,0.5250308186750905,36.2381951860397,22
Edirne,A_native_masked,30,2022,7,0.450500344596407,43.624808582184016,24
Edirne,A_native_masked,30,2022,8,0.419262644395073,42.34778271343311,22
Edirne,A_native_masked,30,2022,9,0.38906676125336065,35.42256675756796,20
Edirne,A_native_masked,30,2022,10,0.3682431055327104,29.163796672693916,23
Edirne,A_native_masked,30,2022,11,0.32129999291362593,22.405128446766195,23
Edirne,A_native_masked,30,2022,12,0.42604776263879607,8.350585053720488,17
Edirne,A_native_masked,30,2023,1,0.4717668349482142,11.40751334360894,19
Edirne,A_native_masked,30,2023,2,0.45686208268071726,12.317112387453085,18
Edirne,A_native_masked,30,2023,3,0.6026324503592393,21.070446204291724,16
Edirne,A_native_masked,30,2023,4,0.6700789610852647,20.33485007832026,17
Edirne,A_native_masked,30,2023,5,0.6515120676238684,27.70868311810181,21
Edirne,A_native_masked,30,2023,6,0.5165680630616751,37.39126308430459,20
Edirne,A_native_masked,30,2023,7,0.49349102980007375,41.35276553997464,22
Edirne,A_native_masked,30,2023,8,0.45044381973304265,41.23783205140776,24
Edirne,A_native_masked,30,2023,9,0.3342498564808059,37.16188669080647,23
Edirne,A_native_masked,30,2023,10,0.2738565780800039,32.06292457462237,24
Edirne,A_native_masked,30,2023,11,0.353054755431838,16.887444313859405,20
Edirne,A_native_masked,30,2023,12,0.38589114475043107,10.102816501362057,11
Edirne,A_native_masked,30,2024,1,0.46563715243746373,9.782219534341559,13
Edirne,A_native_masked,30,2024,2,0.4852078891866244,13.347114294460846,21
Edirne,A_native_masked,30,2024,3,0.6049198771346244,20.013774926351545,18
Edirne,A_native_masked,30,2024,4,0.7089288854426856,25.68305202469572,19
Edirne,A_native_masked,30,2024,5,0.5949098957029074,30.78698640556169,19
Edirne,A_native_masked,30,2024,6,0.4741483782984924,42.48033949118459,22
Edirne,A_native_masked,30,2024,7,0.331804430703156,47.61050744956093,24
Edirne,A_native_masked,30,2024,8,0.30032123601571126,46.44291411560925,24
Edirne,A_native_masked,30,2024,9,0.4280952758844171,36.32367588032173,22
Edirne,A_native_masked,30,2024,10,0.31766856903893526,27.45927741049761,22
Edirne,A_native_masked,30,2024,11,0.31821453926413423,15.388351445832825,16
Edirne,A_native_masked,30,2024,12,0.33097194334289437,12.970578214877618,11
Edirne,B_coarse_masked,250,2013,4,0.6411067491798903,17.922323095233654,3
Edirne,B_coarse_masked,250,2013,5,0.5949600204580099,37.244284425728296,8
Edirne,B_coarse_masked,250,2013,6,0.43995621440333255,37.604696139588285,12
Edirne,B_coarse_masked,250,2013,7,0.525984674617063,39.45520524109629,12
Edirne,B_coarse_masked,250,2013,8,0.364871467901862,42.046496586149935,12
Edirne,B_coarse_masked,250,2013,9,0.32076177592301075,32.17986501860891,8
Edirne,B_coarse_masked,250,2013,10,0.27496914249748183,28.90877576507239,6
Edirne,B_coarse_masked,250,2013,11,0.33956912297596675,16.209860441030834,10
Edirne,B_coarse_masked,250,2013,12,0.4061106787355191,6.807476536686833,8
Edirne,B_coarse_masked,250,2014,1,0.4436660227152967,13.81873199300863,10
Edirne,B_coarse_masked,250,2014,2,0.5790350689902852,12.900965820714523,7
Edirne,B_coarse_masked,250,2014,3,0.5978357699931676,23.20700068841507,7
Edirne,B_coarse_masked,250,2014,4,0.6968312216721224,21.12868650406587,7
Edirne,B_coarse_masked,250,2014,5,0.5381335999908279,28.931470367304414,11
Edirne,B_coarse_masked,250,2014,6,0.4973077493984531,35.909268523510754,9
Edirne,B_coarse_masked,250,2014,7,0.5449085006705554,38.47845087950613,12
Edirne,B_coarse_masked,250,2014,8,0.5109513035421182,39.80119856008275,10
Edirne,B_coarse_masked,250,2014,9,0.41680905375195426,32.10972793383879,12
Edirne,B_coarse_masked,250,2014,10,0.34058085801025906,24.079835046011226,10
Edirne,B_coarse_masked,250,2014,11,0.30106325785259136,15.628561198607574,7
Edirne,B_coarse_masked,250,2014,12,0.3659581109800836,7.812566711508992,7
Edirne,B_coarse_masked,250,2015,1,0.3663537612969977,5.886400576819476,10
Edirne,B_coarse_masked,250,2015,2,0.34194749333217533,6.557195490155066,6
Edirne,B_coarse_masked,250,2015,3,0.3701222449122258,16.038815197215094,11
Edirne,B_coarse_masked,250,2015,4,0.5002130512693238,26.707507930757604,9
Edirne,B_coarse_masked,250,2015,5,0.5978678963666405,35.484789410231954,12
Edirne,B_coarse_masked,250,2015,6,0.46686628904256394,38.35396153930536,10
Edirne,B_coarse_masked,250,2015,7,0.4720246660728863,43.10983320630157,12
Edirne,B_coarse_masked,250,2015,8,0.378912374143585,44.60467702677501,12
Edirne,B_coarse_masked,250,2015,9,0.36100070533747425,39.27328737484782,11
Edirne,B_coarse_masked,250,2015,10,0.37995987444639456,21.609445831857908,8
Edirne,B_coarse_masked,250,2015,11,0.38003238301474895,18.11675741205679,10
Edirne,B_coarse_masked,250,2015,12,0.5560740022571582,10.412198347832659,10
Edirne,B_coarse_masked,250,2016,1,0.48539304453694126,2.4032195360962065,9
Edirne,B_coarse_masked,250,2016,2,0.4251825667180533,11.432146462731643,8
Edirne,B_coarse_masked,250,2016,3,0.6088442543799424,21.094740987076733,7
Edirne,B_coarse_masked,250,2016,4,0.6294556237673831,27.256906254534186,9
Edirne,B_coarse_masked,250,2016,5,0.696137866472493,25.027150357764246,12
Edirne,B_coarse_masked,250,2016,6,0.49610690511437316,38.60453811881869,12
Edirne,B_coarse_masked,250,2016,7,0.43514898120908657,43.37339808901302,12
Edirne,B_coarse_masked,250,2016,8,0.37394354497144416,42.49761180941402,12
Edirne,B_coarse_masked,250,2016,9,0.42150794732886765,32.88236870150806,10
Edirne,B_coarse_masked,250,2016,10,0.27684136616698546,37.299285428541936,10
Edirne,B_coarse_masked,250,2016,11,0.27888387180242963,16.70524678938935,12
Edirne,B_coarse_masked,250,2016,12,0.33498512815210124,7.017088817366741,8
Edirne,B_coarse_masked,250,2017,1,0.3608512200698817,2.5674979771178545,10
Edirne,B_coarse_masked,250,2017,2,0.3200973814038745,8.925474216620145,7
Edirne,B_coarse_masked,250,2017,3,0.5462082081138601,16.38105771731476,10
Edirne,B_coarse_masked,250,2017,4,0.6729529980433855,24.37275808977065,11
Edirne,B_coarse_masked,250,2017,5,0.6167441380039411,32.82978145823007,11
Edirne,B_coarse_masked,250,2017,6,0.6567383608209302,35.514626344406196,12
Edirne,B_coarse_masked,250,2017,7,0.4544615637686242,39.55918367766852,10
Edirne,B_coarse_masked,250,2017,8,0.3981195628863313,41.47819891659208,12
Edirne,B_coarse_masked,250,2017,9,0.3398750269550822,37.92825580874615,12
Edirne,B_coarse_masked,250,2017,10,0.3346505046152292,25.383340998943403,12
Edirne,B_coarse_masked,250,2017,11,0.4025505280042257,14.246699888044468,11
Edirne,B_coarse_masked,250,2017,12,0.4812644036836585,9.345746992415055,9
Edirne,B_coarse_masked,250,2018,1,0.5055909439643056,7.103991865445665,12
Edirne,B_coarse_masked,250,2018,2,0.5027537448591949,12.473140233843864,6
Edirne,B_coarse_masked,250,2018,3,0.6071780066512331,16.700153039653244,10
Edirne,B_coarse_masked,250,2018,4,0.6028480904528121,26.38245028566472,12
Edirne,B_coarse_masked,250,2018,5,0.5022526821602483,32.428578738794684,8
Edirne,B_coarse_masked,250,2018,6,0.42709302202332156,32.24673403902181,12
Edirne,B_coarse_masked,250,2018,7,0.6205059115213349,34.94937401323074,12
Edirne,B_coarse_masked,250,2018,8,0.5451060992501912,40.513686191055676,12
Edirne,B_coarse_masked,250,2018,9,0.37893434292597994,33.17323829514057,11
Edirne,B_coarse_masked,250,2018,10,0.3180192198720463,29.46811976740211,8
Edirne,B_coarse_masked,250,2018,11,0.34975846778228864,12.46477696444181,9
Edirne,B_coarse_masked,250,2018,12,0.3442096770422574,3.8029352106935788,6
Edirne,B_coarse_masked,250,2019,1,0.3450153013646423,7.8542962385718145,8
Edirne,B_coarse_masked,250,2019,2,0.38135158864990065,16.299743216951633,10
Edirne,B_coarse_masked,250,2019,3,0.4672241175877107,20.10472942718801,10
Edirne,B_coarse_masked,250,2019,4,0.5348087079114877,25.778292715969297,8
Edirne,B_coarse_masked,250,2019,5,0.7476599338291523,29.848137590741562,12
Edirne,B_coarse_masked,250,2019,6,0.5601757840419503,36.44997297317196,12
Edirne,B_coarse_masked,250,2019,7,0.5125381439763477,41.73591726107209,12
Edirne,B_coarse_masked,250,2019,8,0.402629168698244,42.77083135345039,10
Edirne,B_coarse_masked,250,2019,9,0.3702964066279784,34.33395936291476,10
Edirne,B_coarse_masked,250,2019,10,0.3144875147305201,30.46802494389043,12
Edirne,B_coarse_masked,250,2019,11,0.4318980704979836,19.72923875768506,12
Edirne,B_coarse_masked,250,2019,12,0.3356815638854293,6.025324385071798,7
Edirne,B_coarse_masked,250,2020,1,0.42317047853140327,3.8973893624627465,9
Edirne,B_coarse_masked,250,2020,2,0.48808084390882067,11.04115655964589,9
Edirne,B_coarse_masked,250,2020,3,0.5998439847077497,15.436534630869136,10
Edirne,B_coarse_masked,250,2020,4,0.6301860309008909,24.94282213777289,12
Edirne,B_coarse_masked,250,2020,5,0.6513238713600246,27.764995148145143,11
Edirne,B_coarse_masked,250,2020,6,0.49945546470777386,35.67143637932915,10
Edirne,B_coarse_masked,250,2020,7,0.43084569092227004,44.277836893999094,12
Edirne,B_coarse_masked,250,2020,8,0.46933665803390234,36.659156853081534,10
Edirne,B_coarse_masked,250,2020,9,0.28749762035299686,43.07990705019365,12
Edirne,B_coarse_masked,250,2020,10,0.3074743845650374,28.911671480401562,12
Edirne,B_coarse_masked,250,2020,11,0.4052073427032947,11.313811097279281,6
Edirne,B_coarse_masked,250,2020,12,0.4743397971917308,9.767277824170726,7
Edirne,B_coarse_masked,250,2021,1,,,5
Edirne,B_coarse_masked,250,2021,2,0.5619981169331959,11.603184124308186,11
Edirne,B_coarse_masked,250,2021,3,0.562074760794368,15.8625734853036,9
Edirne,B_coarse_masked,250,2021,4,0.6337997052874537,24.477124116897016,10
Edirne,B_coarse_masked,250,2021,5,0.6490457072166504,33.29433407935916,11
Edirne,B_coarse_masked,250,2021,6,0.5780250748384347,34.9671639977312,9
Edirne,B_coarse_masked,250,2021,7,0.48857960911618153,43.095552169204716,12
Edirne,B_coarse_masked,250,2021,8,0.38562724376935603,42.88227072034368,12
Edirne,B_coarse_masked,250,2021,9,0.3447104758902436,33.80176262708961,11
Edirne,B_coarse_masked,250,2021,10,0.29827929897732913,25.431981935028517,10
Edirne,B_coarse_masked,250,2021,11,,,12
Edirne,B_coarse_masked,250,2021,12,0.4759743637478114,10.755118579746593,19
Edirne,B_coarse_masked,250,2022,1,0.48668704337385843,6.999944185131227,17
Edirne,B_coarse_masked,250,2022,2,0.450304068398869,10.787280993321401,18
Edirne,B_coarse_masked,250,2022,3,0.45621776802233305,17.94853386269383,15
Edirne,B_coarse_masked,250,2022,4,0.5438770043998936,30.75107457104864,18
Edirne,B_coarse_masked,250,2022,5,0.616277048475845,29.747528267432706,20
Edirne,B_coarse_masked,250,2022,6,0.5253503751125187,36.229516966979006,22
Edirne,B_coarse_masked,250,2022,7,0.45099499542982896,43.61240395307528,24
Edirne,B_coarse_masked,250,2022,8,0.41977835552449644,42.3356361732756,22
Edirne,B_coarse_masked,250,2022,9,0.38938247631904366,35.41160279762209,20
Edirne,B_coarse_masked,250,2022,10,0.36885861684473764,29.153868522934538,23
Edirne,B_coarse_masked,250,2022,11,0.3216757778600703,22.398546037892874,23
Edirne,B_coarse_masked,250,2022,12,0.42622784884276743,8.344704614223406,17
Edirne,B_coarse_masked,250,2023,1,0.4715710060208049,11.410394628116999,19
Edirne,B_coarse_masked,250,2023,2,0.45698861706535754,12.31564056600073,18
Edirne,B_coarse_masked,250,2023,3,0.601944962728071,21.071256662969933,16
Edirne,B_coarse_masked,250,2023,4,0.6699758861598313,20.33417152601571,17
Edirne,B_coarse_masked,250,2023,5,0.6516465941390659,27.69823325763706,21
Edirne,B_coarse_masked,250,2023,6,0.5172996733639661,37.375543575175826,20
Edirne,B_coarse_masked,250,2023,7,0.4936921040382857,41.340323047972404,22
Edirne,B_coarse_masked,250,2023,8,0.4504804950815785,41.22588796324776,24
Edirne,B_coarse_masked,250,2023,9,0.3347044980639772,37.15484197827202,23
Edirne,B_coarse_masked,250,2023,10,0.27414877030962514,32.05636577774474,24
Edirne,B_coarse_masked,250,2023,11,0.3534059307877508,16.886364962804766,20
Edirne,B_coarse_masked,250,2023,12,0.38583277120541604,10.106879216967899,11
Edirne,B_coarse_masked,250,2024,1,0.46433124860407343,9.792379420888695,13
Edirne,B_coarse_masked,250,2024,2,0.4849960280719779,13.345952227157126,21
Edirne,B_coarse_masked,250,2024,3,0.6047318375713091,20.014662201665782,18
Edirne,B_coarse_masked,250,2024,4,0.7114860976056125,25.659599097917415,19
Edirne,B_coarse_masked,250,2024,5,0.5951154081003784,30.78623257769342,19
Edirne,B_coarse_masked,250,2024,6,0.47444743366603376,42.4748191197972,22
Edirne,B_coarse_masked,250,2024,7,0.33224056950052233,47.600640491479886,24
Edirne,B_coarse_masked,250,2024,8,0.30058449206101073,46.43115097192876,24
Edirne,B_coarse_masked,250,2024,9,0.4237445398392234,36.320848768969284,22
Edirne,B_coarse_masked,250,2024,10,0.317419147029134,27.449947312539173,22
Edirne,B_coarse_masked,250,2024,11,0.3185500311291678,15.38372444408381,16
Edirne,B_coarse_masked,250,2024,12,0.33152158742407273,12.96742476082153,11
Edirne,B_coarse_masked,500,2013,4,0.6408404223731172,17.900750276016176,3
Edirne,B_coarse_masked,500,2013,5,0.5947096828194339,37.244984212572916,8
Edirne,B_coarse_masked,500,2013,6,0.44022094909053866,37.60608893928795,12
Edirne,B_coarse_masked,500,2013,7,0.5246006095215034,39.43826966587204,12
Edirne,B_coarse_masked,500,2013,8,0.3654807251530036,42.038833059464075,12
Edirne,B_coarse_masked,500,2013,9,0.32099123375085054,32.16983665963258,8
Edirne,B_coarse_masked,500,2013,10,0.27499710379181436,28.906576754720525,6
Edirne,B_coarse_masked,500,2013,11,0.33775427014719134,16.204605412858715,10
Edirne,B_coarse_masked,500,2013,12,0.40602350715841656,6.815324713751892,8
Edirne,B_coarse_masked,500,2014,1,0.4435783268502574,13.81935422548268,10
Edirne,B_coarse_masked,500,2014,2,0.5748564402730227,12.957286042359359,7
Edirne,B_coarse_masked,500,2014,3,0.5973674124571727,23.208322948973347,7
Edirne,B_coarse_masked,500,2014,4,0.6968704805947469,21.111887518662027,7
Edirne,B_coarse_masked,500,2014,5,0.6084665064082808,28.588308894927582,11
Edirne,B_coarse_masked,500,2014,6,0.4974820253596975,35.90559517412163,9
Edirne,B_coarse_masked,500,2014,7,0.545001679332727,38.46887353984322,12
Edirne,B_coarse_masked,500,2014,8,0.5110883092610211,39.78138734929656,10
Edirne,B_coarse_masked,500,2014,9,0.41724167379870314,32.10410344993675,12
Edirne,B_coarse_masked,500,2014,10,0.34093573205823846,24.06543917983448,10
Edirne,B_coarse_masked,500,2014,11,0.3013800532321525,15.629821053629895,7
Edirne,B_coarse_masked,500,2014,12,0.3660073973521161,7.812778590787717,7
Edirne,B_coarse_masked,500,2015,1,0.3664030259550556,5.886826371277189,10
Edirne,B_coarse_masked,500,2015,2,0.34923583568580796,6.558188815914152,6
Edirne,B_coarse_masked,500,2015,3,0.3701075908213568,16.030851026827673,11
Edirne,B_coarse_masked,500,2015,4,0.4998129836280272,26.71028649266674,9
Edirne,B_coarse_masked,500,2015,5,0.5983185120376008,35.47815841491761,12
Edirne,B_coarse_masked,500,2015,6,0.46672747016473265,38.34652833127144,10
Edirne,B_coarse_masked,500,2015,7,0.4721747044155917,43.10453693415742,12
Edirne,B_coarse_masked,500,2015,8,0.37882749094771667,44.58708449219843,12
Edirne,B_coarse_masked,500,2015,9,0.3614315826670674,39.25822108172631,11
Edirne,B_coarse_masked,500,2015,10,0.38096013421387287,21.635812080920108,8
Edirne,B_coarse_masked,500,2015,11,0.3801577630518774,18.107973644037234,10
Edirne,B_coarse_masked,500,2015,12,0.5561980592932787,10.409427477397198,10
Edirne,B_coarse_masked,500,2016,1,0.4851014317515926,2.40174733394406,9
Edirne,B_coarse_masked,500,2016,2,0.4225695562633069,11.479331362864299,8
Edirne,B_coarse_masked,500,2016,3,0.6086903521988892,21.09538411384315,7
Edirne,B_coarse_masked,500,2016,4,0.6295612543926796,27.26167433607027,9
Edirne,B_coarse_masked,500,2016,5,0.694841466244963,25.02411496973301,12
Edirne,B_coarse_masked,500,2016,6,0.49626614814716424,38.59034380453862,12
Edirne,B_coarse_masked,500,2016,7,0.4351929707393154,43.35668659164592,12
Edirne,B_coarse_masked,500,2016,8,0.37471908166140205,42.48041957576919,12
Edirne,B_coarse_masked,500,2016,9,0.42380414107899794,32.85246972736304,10
Edirne,B_coarse_masked,500,2016,10,0.2769598531173993,37.29200824722801,10
Edirne,B_coarse_masked,500,2016,11,0.2790234024506139,16.69862554593279,12
Edirne,B_coarse_masked,500,2016,12,0.3347428310114568,7.029845014178878,8
Edirne,B_coarse_masked,500,2017,1,0.3603314561408129,2.560862433532451,10
Edirne,B_coarse_masked,500,2017,2,0.31702668106359705,8.748509724851361,7
Edirne,B_coarse_masked,500,2017,3,0.5466421262527766,16.36118294643839,10
Edirne,B_coarse_masked,500,2017,4,0.6705844121483658,24.38383103548157,11
Edirne,B_coarse_masked,500,2017,5,0.6166263335496731,32.82923005823578,11
Edirne,B_coarse_masked,500,2017,6,0.6554350905118048,35.511273438634184,12
Edirne,B_coarse_masked,500,2017,7,0.4542916077317545,39.547712452396404,10
Edirne,B_coarse_masked,500,2017,8,0.3981879171303046,41.467548006239284,12
Edirne,B_coarse_masked,500,2017,9,0.34026143088345695,38.14384148316038,12
Edirne,B_coarse_masked,500,2017,10,0.336636970403348,25.383899891962315,12
Edirne,B_coarse_masked,500,2017,11,0.40263881817517333,14.230310991479257,11
Edirne,B_coarse_masked,500,2017,12,0.4801605580638021,9.342678912985464,9
Edirne,B_coarse_masked,500,2018,1,0.5053919085464447,7.105693918127105,12
Edirne,B_coarse_masked,500,2018,2,0.5022777173543828,12.459222839609975,6
Edirne,B_coarse_masked,500,2018,3,0.6070027425623212,16.70057143615534,10
Edirne,B_coarse_masked,500,2018,4,0.6034000669542124,26.376851428111138,12
Edirne,B_coarse_masked,500,2018,5,0.5016022907162478,32.402017368123225,8
Edirne,B_coarse_masked,500,2018,6,0.4273388513591645,32.24022832259785,12
Edirne,B_coarse_masked,500,2018,7,0.6203600363325192,34.89659580369415,12
Edirne,B_coarse_masked,500,2018,8,0.5452895793274813,40.494801210122716,12
Edirne,B_coarse_masked,500,2018,9,0.3795227685300091,33.157985612560495,11
Edirne,B_coarse_masked,500,2018,10,0.31824090989358295,29.457895612025784,8
Edirne,B_coarse_masked,500,2018,11,0.35148386147394145,12.45593341354964,9
Edirne,B_coarse_masked,500,2018,12,0.34409811534876367,3.8028654821825354,6
Edirne,B_coarse_masked,500,2019,1,0.34493140500553837,7.8488189588235375,8
Edirne,B_coarse_masked,500,2019,2,0.38126031043037945,16.29895108304635,10
Edirne,B_coarse_masked,500,2019,3,0.4668955331557805,20.10231297597199,10
Edirne,B_coarse_masked,500,2019,4,0.5342932709505765,25.77577681628068,8
Edirne,B_coarse_masked,500,2019,5,0.7463744200614033,29.902167705729372,12
Edirne,B_coarse_masked,500,2019,6,0.5603004070425465,36.43236500754116,12
Edirne,B_coarse_masked,500,2019,7,0.5131003347756359,41.7249312331171,12
Edirne,B_coarse_masked,500,2019,8,0.40263557677152245,42.762281001741016,10
Edirne,B_coarse_masked,500,2019,9,0.3701025297992626,34.39778862608913,10
Edirne,B_coarse_masked,500,2019,10,0.31465478076012127,30.460399244542334,12
Edirne,B_coarse_masked,500,2019,11,0.43204211651994584,19.7267150492971,12
Edirne,B_coarse_masked,500,2019,12,0.3349009404175972,6.0022161189864365,7
Edirne,B_coarse_masked,500,2020,1,0.42233162416933956,3.8414126902640175,9
Edirne,B_coarse_masked,500,2020,2,0.48349976352231944,10.98425037467904,9
Edirne,B_coarse_masked,500,2020,3,0.5998500319797189,15.428868488080802,10
Edirne,B_coarse_masked,500,2020,4,0.629508202672696,24.95575979339713,12
Edirne,B_coarse_masked,500,2020,5,0.6505653996421707,27.759459655582436,11
Edirne,B_coarse_masked,500,2020,6,0.49989991417256563,35.67182805140325,10
Edirne,B_coarse_masked,500,2020,7,0.4314070178243618,44.27047890932674,12
Edirne,B_coarse_masked,500,2020,8,0.4711201261547227,36.61683203387174,10
Edirne,B_coarse_masked,500,2020,9,0.28777465269699165,43.07324692407857,12
Edirne,B_coarse_masked,500,2020,10,0.3074146408150764,28.905605514966396,12
Edirne,B_coarse_masked,500,2020,11,0.4055815742715546,11.27049131574179,6
Edirne,B_coarse_masked,500,2020,12,0.47741778098915955,9.758200769317012,7
Edirne,B_coarse_masked,500,2021,1,,,5
Edirne,B_coarse_masked,500,2021,2,0.5618894020349958,11.603282619921435,11
Edirne,B_coarse_masked,500,2021,3,0.5597351632162139,15.87508828573722,9
Edirne,B_coarse_masked,500,2021,4,0.6336174484446705,24.468961921828537,10
Edirne,B_coarse_masked,500,2021,5,0.6501081932214134,33.2431837742547,11
Edirne,B_coarse_masked,500,2021,6,0.5820421306873418,34.947304072531175,9
Edirne,B_coarse_masked,500,2021,7,0.48882237880476304,43.084871716838116,12
Edirne,B_coarse_masked,500,2021,8,0.38609954913760736,42.8775621248919,12
Edirne,B_coarse_masked,500,2021,9,0.34481006117671664,33.787584210962955,11
Edirne,B_coarse_masked,500,2021,10,0.29833904990070903,25.441747019696006,10
Edirne,B_coarse_masked,500,2021,11,,,12
Edirne,B_coarse_masked,500,2021,12,0.47625212809222356,10.753338276857587,19
Edirne,B_coarse_masked,900,2013,4,0.6434195899965571,17.88966207170793,3
Edirne,B_coarse_masked,900,2013,5,0.5941854725142899,37.25380379492076,8
Edirne,B_coarse_masked,900,2013,6,0.44084592950516244,37.60633010267661,12
Edirne,B_coarse_masked,900,2013,7,0.5244076668534277,39.453809269575494,12
Edirne,B_coarse_masked,900,2013,8,0.36606660509363376,42.040363573330865,12
Edirne,B_coarse_masked,900,2013,9,0.3207830007396229,32.15986886348381,8
Edirne,B_coarse_masked,900,2013,10,0.2749639818845383,28.930776822060455,6
Edirne,B_coarse_masked,900,2013,11,0.33658051001835537,16.197788456831724,10
Edirne,B_coarse_masked,900,2013,12,0.40626698435639735,6.829454229081657,8
Edirne,B_coarse_masked,900,2014,1,0.4443281322584314,13.81667694002449,10
Edirne,B_coarse_masked,900,2014,2,0.5750242424573384,13.09446120472199,7
Edirne,B_coarse_masked,900,2014,3,0.5981176205678237,23.190858253029294,7
Edirne,B_coarse_masked,900,2014,4,0.6974364013498899,21.106608336748494,7
Edirne,B_coarse_masked,900,2014,5,0.6318069071917053,28.3585457888657,11
Edirne,B_coarse_masked,900,2014,6,0.49735931894288604,35.87705249046797,9
Edirne,B_coarse_masked,900,2014,7,0.5441171065663662,38.44444318523644,12
Edirne,B_coarse_masked,900,2014,8,0.5116776535705451,39.75721985266432,10
Edirne,B_coarse_masked,900,2014,9,0.417384634203572,32.10525186804556,12
Edirne,B_coarse_masked,900,2014,10,0.3412256101989248,24.048675962872004,10
Edirne,B_coarse_masked,900,2014,11,0.30234876856135645,15.637045723290283,7
Edirne,B_coarse_masked,900,2014,12,0.3663656816323124,7.816593956746158,7
Edirne,B_coarse_masked,900,2015,1,0.3668567795904803,5.891206198360897,10
Edirne,B_coarse_masked,900,2015,2,0.35961583767801975,6.527514179649582,6
Edirne,B_coarse_masked,900,2015,3,0.37001697815305146,16.033374118233684,11
Edirne,B_coarse_masked,900,2015,4,0.49954763987593903,26.72044288892127,9
Edirne,B_coarse_masked,900,2015,5,0.5991649212429316,35.473541778832676,12
Edirne,B_coarse_masked,900,2015,6,0.4664460325752581,38.35965313391293,10
Edirne,B_coarse_masked,900,2015,7,0.47195968321896253,43.10150003481531,12
Edirne,B_coarse_masked,900,2015,8,0.3781258496951042,44.58931869557552,12
Edirne,B_coarse_masked,900,2015,9,0.36188581598663727,39.25243999242581,11
Edirne,B_coarse_masked,900,2015,10,0.38309642236154073,21.69224531980709,8
Edirne,B_coarse_masked,900,2015,11,0.3799789673149508,18.10726302502691,10
Edirne,B_coarse_masked,900,2015,12,0.5561177042915458,10.405584500092784,10
Edirne,B_coarse_masked,900,2016,1,0.4845156477487098,2.3941801439429855,9
Edirne,B_coarse_masked,900,2016,2,0.4220184345865398,11.544303632557995,8
Edirne,B_coarse_masked,900,2016,3,0.6084539815119735,21.10426617583235,7
Edirne,B_coarse_masked,900,2016,4,0.6291305832760089,27.271661062753118,9
Edirne,B_coarse_masked,900,2016,5,0.697163708405952,25.016965313486054,12
Edirne,B_coarse_masked,900,2016,6,0.49686910619231234,38.585716350657854,12
Edirne,B_coarse_masked,900,2016,7,0.4362799536648146,43.322052934166926,12
Edirne,B_coarse_masked,900,2016,8,0.3756403179886369,42.47124573550629,12
Edirne,B_coarse_masked,900,2016,9,0.42182343671547945,32.856053540768336,10
Edirne,B_coarse_masked,900,2016,10,0.2769329017245536,37.295150052978585,10
Edirne,B_coarse_masked,900,2016,11,0.27917682384273707,16.698169532777325,12
Edirne,B_coarse_masked,900,2016,12,0.33490529445669,7.043712466846426,8
Edirne,B_coarse_masked,900,2017,1,0.36099119678348157,2.554097098305891,10
Edirne,B_coarse_masked,900,2017,2,0.31567076204806116,9.312663720429773,7
Edirne,B_coarse_masked,900,2017,3,0.5468893777275707,16.43772847741901,10
Edirne,B_coarse_masked,900,2017,4,0.6743723502846268,24.413487238276552,11
Edirne,B_coarse_masked,900,2017,5,0.6168937424004716,32.830080871746304,11
Edirne,B_coarse_masked,900,2017,6,0.6567087223939975,35.49742146448506,12
Edirne,B_coarse_masked,900,2017,7,0.45437506832717584,39.51182826617239,10
Edirne,B_coarse_masked,900,2017,8,0.3987885921392585,41.45145977156871,12
Edirne,B_coarse_masked,900,2017,9,0.3409039198548766,38.213101932735285,12
Edirne,B_coarse_masked,900,2017,10,0.33861756951267125,25.38599132222606,12
Edirne,B_coarse_masked,900,2017,11,0.4027537582617103,14.229008621457611,11
Edirne,B_coarse_masked,900,2017,12,0.4780896479164024,9.333388195800913,9
Edirne,B_coarse_masked,900,2018,1,0.5053012099974152,7.1120175772292935,12
Edirne,B_coarse_masked,900,2018,2,0.4920658720908939,12.587139356644045,6
Edirne,B_coarse_masked,900,2018,3,0.606984780715429,16.709327487325357,10
Edirne,B_coarse_masked,900,2018,4,0.6015657238506684,26.365590422176552,12
Edirne,B_coarse_masked,900,2018,5,0.5025313573268664,32.14330819907476,8
Edirne,B_coarse_masked,900,2018,6,0.4287586736397479,32.25202205932896,12
Edirne,B_coarse_masked,900,2018,7,0.6190968358366012,34.84710101760824,12
Edirne,B_coarse_masked,900,2018,8,0.5456695339113204,40.46366062619946,12
Edirne,B_coarse_masked,900,2018,9,0.3790500337974208,33.14193502752604,11
Edirne,B_coarse_masked,900,2018,10,0.31824072231730477,29.443437587886923,8
Edirne,B_coarse_masked,900,2018,11,0.3535622878037812,12.451100248033839,9
Edirne,B_coarse_masked,900,2018,12,0.34472784277942026,3.8070943261093726,6
Edirne,B_coarse_masked,900,2019,1,0.3451926410431125,7.843898500455329,8
Edirne,B_coarse_masked,900,2019,2,0.3820261732685047,16.306224898406164,10
Edirne,B_coarse_masked,900,2019,3,0.46706647095919496,20.08902449347347,10
Edirne,B_coarse_masked,900,2019,4,0.5351155193702614,25.769954359134925,8
Edirne,B_coarse_masked,900,2019,5,0.7481423041650229,30.015485681863257,12
Edirne,B_coarse_masked,900,2019,6,0.560651086170818,36.40075725695449,12
Edirne,B_coarse_masked,900,2019,7,0.512645696587202,41.74666720869183,12
Edirne,B_coarse_masked,900,2019,8,0.4030879428534389,42.75966915058274,10
Edirne,B_coarse_masked,900,2019,9,0.3703294667003739,34.45428718156461,10
Edirne,B_coarse_masked,900,2019,10,0.3147223894810186,30.461216811491504,12
Edirne,B_coarse_masked,900,2019,11,0.43203679482974766,19.74268762011441,12
Edirne,B_coarse_masked,900,2019,12,0.3348371196876873,6.00873202337034,7
Edirne,B_coarse_masked,900,2020,1,0.42162831685361496,3.8360344503213457,9
Edirne,B_coarse_masked,900,2020,2,0.4738745849254063,10.888467138573994,9
Edirne,B_coarse_masked,900,2020,3,0.5990724373290333,15.435847476471732,10
Edirne,B_coarse_masked,900,2020,4,0.6287560023563677,24.978168734630874,12
Edirne,B_coarse_masked,900,2020,5,0.6498444298951261,27.748599629166524,11
Edirne,B_coarse_masked,900,2020,6,0.5017392745258374,35.666344784866354,10
Edirne,B_coarse_masked,900,2020,7,0.43297631229523503,44.27198909717151,12
Edirne,B_coarse_masked,900,2020,8,0.4565446438084691,36.70944103825083,10
Edirne,B_coarse_masked,900,2020,9,0.28786516790304395,43.07439233835993,12
Edirne,B_coarse_masked,900,2020,10,0.3079978279726285,28.886993022549166,12
Edirne,B_coarse_masked,900,2020,11,0.4123727838171386,11.323833971846954,6
Edirne,B_coarse_masked,900,2020,12,0.4818876955377787,9.74529440530774,7
Edirne,B_coarse_masked,900,2021,1,,,5
Edirne,B_coarse_masked,900,2021,2,0.5630077920330554,11.601268388727965,11
Edirne,B_coarse_masked,900,2021,3,0.5666699187364128,15.899142457782148,9
Edirne,B_coarse_masked,900,2021,4,0.6344991932396947,24.467840109029044,10
Edirne,B_coarse_masked,900,2021,5,0.6485909013946994,33.10567249985,11
Edirne,B_coarse_masked,900,2021,6,0.5830873901952752,34.92391917800675,9
Edirne,B_coarse_masked,900,2021,7,0.4890876365487078,43.06759475118689,12
Edirne,B_coarse_masked,900,2021,8,0.3865739685077731,42.881455438561105,12
Edirne,B_coarse_masked,900,2021,9,0.34437370491089514,33.78604735081675,11
Edirne,B_coarse_masked,900,2021,10,0.2985462778692731,25.46765971862351,10
Edirne,B_coarse_masked,900,2021,11,,,12
Edirne,B_coarse_masked,900,2021,12,0.47647076643995023,10.755725284190909,19
Edirne,B_coarse_masked,900,2023,1,0.4668281534957666,11.434807810312606,19
Edirne,B_coarse_masked,900,2023,2,0.4565908516428498,12.296626224629227,18
Edirne,B_coarse_masked,900,2023,3,0.6002099412682326,21.07742686313925,16
Edirne,B_coarse_masked,900,2023,4,0.6693094963238274,20.340323423517933,17
Edirne,B_coarse_masked,900,2023,5,0.647513589447004,27.6988088562119,21
Edirne,B_coarse_masked,900,2023,6,0.5182301676023998,37.33958365170254,20
Edirne,B_coarse_masked,900,2023,7,0.4901331460975343,41.30491700890428,22
Edirne,B_coarse_masked,900,2023,8,0.4506160246744573,41.2076088584121,24
Edirne,B_coarse_masked,900,2023,9,0.33584946874953936,37.1346750135251,23
Edirne,B_coarse_masked,900,2023,10,0.2746436609570794,32.04468483777991,24
Edirne,B_coarse_masked,900,2023,11,0.35371989939510745,16.886276731421912,20
Edirne,B_coarse_masked,900,2023,12,0.38509526402483496,10.1208801472423,11
Edirne,B_coarse_masked,900,2024,1,0.46589212506995503,9.869896672101781,13
Edirne,B_coarse_masked,900,2024,2,0.4831748358016018,13.351643374906494,21
Edirne,B_coarse_masked,900,2024,3,0.603284820753055,20.031544879945564,18
Edirne,B_coarse_masked,900,2024,4,0.7141437420277011,25.6075970593582,19
Edirne,B_coarse_masked,900,2024,5,0.5941754139089338,30.822145095985384,19
Edirne,B_coarse_masked,900,2024,6,0.474457903016066,42.481122932741734,22
Edirne,B_coarse_masked,900,2024,7,0.3333600618775747,47.57518840789353,24
Edirne,B_coarse_masked,900,2024,8,0.3010281957958438,46.41602288874627,24
Edirne,B_coarse_masked,900,2024,9,0.4305768088688926,36.33314303999885,22
Edirne,B_coarse_masked,900,2024,10,0.32472982357409896,27.440331118309814,22
Edirne,B_coarse_masked,900,2024,11,0.3202283640993799,15.372376263189505,16
Edirne,B_coarse_masked,900,2024,12,0.33540216608450707,12.95817317390266,11
Edirne,C_coarse_unmasked,250,2013,4,0.6420819417861396,19.207461610418566,3
Edirne,C_coarse_unmasked,250,2013,5,0.5938348524473589,36.79130555391415,8
Edirne,C_coarse_unmasked,250,2013,6,0.48248454717209865,36.68202025294997,12
Edirne,C_coarse_unmasked,250,2013,7,0.5271668597585629,38.331880862738394,12
Edirne,C_coarse_unmasked,250,2013,8,0.3945954340008689,41.485819981844465,12
Edirne,C_coarse_unmasked,250,2013,9,0.3409527158365582,31.565849144014592,8
Edirne,C_coarse_unmasked,250,2013,10,0.2731614394141135,29.61410265788905,6
Edirne,C_coarse_unmasked,250,2013,11,0.3179718696172551,15.837623334968544,10
Edirne,C_coarse_unmasked,250,2013,12,0.4125382293308929,6.617913087897097,8
Edirne,C_coarse_unmasked,250,2014,1,0.456504613978166,13.819446125083015,10
Edirne,C_coarse_unmasked,250,2014,2,0.5465667297708515,12.925018447771967,7
Edirne,C_coarse_unmasked,250,2014,3,0.5816278968389642,23.2831577387068,7
Edirne,C_coarse_unmasked,250,2014,4,0.6823842838200703,20.97874188478586,7
Edirne,C_coarse_unmasked,250,2014,5,0.641726862171438,30.01564454359297,11
Edirne,C_coarse_unmasked,250,2014,6,0.5269191500398421,34.991818470401114,9
Edirne,C_coarse_unmasked,250,2014,7,0.552777990769653,38.11419784083826,12
Edirne,C_coarse_unmasked,250,2014,8,0.5150342511994542,38.459004426860524,10
Edirne,C_coarse_unmasked,250,2014,9,0.44189008952359055,31.659718947339073,12
Edirne,C_coarse_unmasked,250,2014,10,0.3428441076540601,23.755424930144397,10
Edirne,C_coarse_unmasked,250,2014,11,0.2996505959255424,15.739510697743611,7
Edirne,C_coarse_unmasked,250,2014,12,0.32543085649781067,7.61079896266894,7
Edirne,C_coarse_unmasked,250,2015,1,0.37076032383169205,5.728467885982956,10
Edirne,C_coarse_unmasked,250,2015,2,0.4204109048530104,6.45183011368921,6
Edirne,C_coarse_unmasked,250,2015,3,0.35187542468364874,16.407013349301174,11
Edirne,C_coarse_unmasked,250,2015,4,0.5133906254236215,26.883377800982483,9
Edirne,C_coarse_unmasked,250,2015,5,0.5883979328979292,34.725444028072005,12
Edirne,C_coarse_unmasked,250,2015,6,0.49771432672201293,36.738222152638016,10
Edirne,C_coarse_unmasked,250,2015,7,0.5098215903311609,41.49950179277519,12
Edirne,C_coarse_unmasked,250,2015,8,0.390702744550447,43.88071664107429,12
Edirne,C_coarse_unmasked,250,2015,9,0.3735586476677919,38.467815129526336,11
Edirne,C_coarse_unmasked,250,2015,10,0.40181987725230073,21.546572267027127,8
Edirne,C_coarse_unmasked,250,2015,11,0.3872060798703036,18.470885971157276,10
Edirne,C_coarse_unmasked,250,2015,12,0.5156595288133615,10.296632052068745,10
Edirne,C_coarse_unmasked,250,2016,1,0.47304697511442795,2.2273815656201776,9
Edirne,C_coarse_unmasked,250,2016,2,0.5109196774028766,11.615878270255239,8
Edirne,C_coarse_unmasked,250,2016,3,0.5957240655654938,21.421852496100342,7
Edirne,C_coarse_unmasked,250,2016,4,0.6191679541143822,26.387641646230847,9
Edirne,C_coarse_unmasked,250,2016,5,0.7266487862684031,25.04836490353324,12
Edirne,C_coarse_unmasked,250,2016,6,0.5242243175641406,36.592757899822146,12
Edirne,C_coarse_unmasked,250,2016,7,0.47491049961419846,41.44074192339908,12
Edirne,C_coarse_unmasked,250,2016,8,0.3856049070047684,41.207026522165926,12
Edirne,C_coarse_unmasked,250,2016,9,0.3622441069229254,33.50864659118839,10
Edirne,C_coarse_unmasked,250,2016,10,0.30077234728107727,36.82883100901026,10
Edirne,C_coarse_unmasked,250,2016,11,0.28428184944671697,16.3554809446705,12
Edirne,C_coarse_unmasked,250,2016,12,0.332488808234815,7.044880824988045,8
Edirne,C_coarse_unmasked,250,2017,1,0.3606342154674781,0.8331768423162725,10
Edirne,C_coarse_unmasked,250,2017,2,0.30753943113155263,8.36262102627452,7
Edirne,C_coarse_unmasked,250,2017,3,0.5273673485987516,16.191153504922802,10
Edirne,C_coarse_unmasked,250,2017,4,0.6267672678523489,25.238995649293564,11
Edirne,C_coarse_unmasked,250,2017,5,0.6246784813387357,33.62552098531742,11
Edirne,C_coarse_unmasked,250,2017,6,0.6406536294956618,35.44417541398029,12
Edirne,C_coarse_unmasked,250,2017,7,0.47619003069982874,38.48803915561857,10
Edirne,C_coarse_unmasked,250,2017,8,0.4257526344038632,40.7297467457217,12
Edirne,C_coarse_unmasked,250,2017,9,0.36740145781028494,39.03467095100188,12
Edirne,C_coarse_unmasked,250,2017,10,0.33173623010540754,24.974069530374056,12
Edirne,C_coarse_unmasked,250,2017,11,0.4070272764127085,14.350762190647131,11
Edirne,C_coarse_unmasked,250,2017,12,0.5160718746696538,9.061041825927244,9
Edirne,C_coarse_unmasked,250,2018,1,0.4965325229632443,7.122970774181288,12
Edirne,C_coarse_unmasked,250,2018,2,0.5978745473812203,13.994358624003677,6
Edirne,C_coarse_unmasked,250,2018,3,0.5903208801740962,16.535562674747307,10
Edirne,C_coarse_unmasked,250,2018,4,0.5761114457692162,26.077163802977417,12
Edirne,C_coarse_unmasked,250,2018,5,0.5513586577359969,30.07291991609178,8
Edirne,C_coarse_unmasked,250,2018,6,0.49008353990323256,31.287486992615356,12
Edirne,C_coarse_unmasked,250,2018,7,0.632427074828444,34.518529929832894,12
Edirne,C_coarse_unmasked,250,2018,8,0.5577432135419632,39.3572853418449,12
Edirne,C_coarse_unmasked,250,2018,9,0.3945294679083462,32.65058403254928,11
Edirne,C_coarse_unmasked,250,2018,10,0.32839301666644455,21.84359821505807,8
Edirne,C_coarse_unmasked,250,2018,11,0.3510279018219056,12.145688843139755,9
Edirne,C_coarse_unmasked,250,2018,12,0.34193271273021203,3.992284677920945,6
Edirne,C_coarse_unmasked,250,2019,1,0.3443532039229716,7.7275393769786245,8
Edirne,C_coarse_unmasked,250,2019,2,0.3769322138031894,17.105969854648784,10
Edirne,C_coarse_unmasked,250,2019,3,0.4744037161783146,20.134041347296797,10
Edirne,C_coarse_unmasked,250,2019,4,0.5376787690666256,25.924973679613306,8
Edirne,C_coarse_unmasked,250,2019,5,0.6782493371758084,30.341525949245604,12
Edirne,C_coarse_unmasked,250,2019,6,0.5881251618456385,35.51898937796752,12
Edirne,C_coarse_unmasked,250,2019,7,0.5835016536758986,40.30517385973635,12
Edirne,C_coarse_unmasked,250,2019,8,0.4334742184707084,42.314514748512025,10
Edirne,C_coarse_unmasked,250,2019,9,0.3602920117303803,35.17810097125054,10
Edirne,C_coarse_unmasked,250,2019,10,0.3148149769933717,30.537811205230458,12
Edirne,C_coarse_unmasked,250,2019,11,0.3918539266883108,19.431253879062535,12
Edirne,C_coarse_unmasked,250,2019,12,0.4036014604193334,4.446712077728948,7
Edirne,C_coarse_unmasked,250,2020,1,0.49359999582693487,4.781586986034513,9
Edirne,C_coarse_unmasked,250,2020,2,0.5152701584964873,10.895441501327547,9
Edirne,C_coarse_unmasked,250,2020,3,0.6018052957554909,14.704415546581,10
Edirne,C_coarse_unmasked,250,2020,4,0.590424148916229,26.342908239503256,12
Edirne,C_coarse_unmasked,250,2020,5,0.6193462982151438,28.603347091291926,11
Edirne,C_coarse_unmasked,250,2020,6,0.5324047661508294,35.039153000187596,10
Edirne,C_coarse_unmasked,250,2020,7,0.44846655518813155,43.904051212268556,12
Edirne,C_coarse_unmasked,250,2020,8,0.4464357204971966,35.828567007767056,10
Edirne,C_coarse_unmasked,250,2020,9,0.32915573212096855,41.93010363329033,12
Edirne,C_coarse_unmasked,250,2020,10,0.3200246623146868,28.182783067818352,12
Edirne,C_coarse_unmasked,250,2020,11,0.41131073674191665,13.481995825665917,6
Edirne,C_coarse_unmasked,250,2020,12,0.4763277474268094,9.568834152728684,7
Edirne,C_coarse_unmasked,250,2021,1,,,5
Edirne,C_coarse_unmasked,250,2021,2,0.5197945363759641,11.735246792224084,11
Edirne,C_coarse_unmasked,250,2021,3,0.527418064048228,15.785940498792472,9
Edirne,C_coarse_unmasked,250,2021,4,0.5901557019538726,25.529131813413372,10
Edirne,C_coarse_unmasked,250,2021,5,0.627352650393322,33.126326881315606,11
Edirne,C_coarse_unmasked,250,2021,6,0.5934239549186603,34.82358497446284,9
Edirne,C_coarse_unmasked,250,2021,7,0.5302838578665577,41.62129272008506,12
Edirne,C_coarse_unmasked,250,2021,8,0.42389338210909205,41.90872891861585,12
Edirne,C_coarse_unmasked,250,2021,9,0.39433020278005976,30.922043815465777,11
Edirne,C_coarse_unmasked,250,2021,10,0.31478107771052766,25.550621436679165,10
Edirne,C_coarse_unmasked,250,2021,11,,,12
Edirne,C_coarse_unmasked,250,2021,12,0.46686475559222684,10.372350202497373,19
Edirne,C_coarse_unmasked,250,2022,1,0.46844459805773636,6.535561265778021,17
Edirne,C_coarse_unmasked,250,2022,2,0.4403028029127529,10.94732263709156,18
Edirne,C_coarse_unmasked,250,2022,3,0.44883818559955335,18.393074513893925,15
Edirne,C_coarse_unmasked,250,2022,4,0.5334538166350726,31.515320588637394,18
Edirne,C_coarse_unmasked,250,2022,5,0.6425329245921577,29.353580182847196,20
Edirne,C_coarse_unmasked,250,2022,6,0.5713348519717217,35.189222075432404,22
Edirne,C_coarse_unmasked,250,2022,7,0.47740459410511127,42.85416815866155,24
Edirne,C_coarse_unmasked,250,2022,8,0.4096978759110999,41.29303350058171,22
Edirne,C_coarse_unmasked,250,2022,9,0.4104717931805086,34.3144678346279,20
Edirne,C_coarse_unmasked,250,2022,10,0.3549773734479273,28.749734357661794,23
Edirne,C_coarse_unmasked,250,2022,11,0.3434570493426102,20.206851541385852,23
Edirne,C_coarse_unmasked,250,2022,12,0.42091118789906573,6.982612129996631,17
Edirne,C_coarse_unmasked,250,2023,1,0.5123044222668618,11.308479918952674,19
Edirne,C_coarse_unmasked,250,2023,2,0.44798082005690504,12.196433501424394,18
Edirne,C_coarse_unmasked,250,2023,3,0.5705124103357194,21.113948376810367,16
Edirne,C_coarse_unmasked,250,2023,4,0.6421946766140818,20.088397491501055,17
Edirne,C_coarse_unmasked,250,2023,5,0.6480523882905708,27.701171840855828,21
Edirne,C_coarse_unmasked,250,2023,6,0.5466408284136801,36.66948627020866,20
Edirne,C_coarse_unmasked,250,2023,7,0.511243948393391,40.31457791624431,22
Edirne,C_coarse_unmasked,250,2023,8,0.40639127503380507,40.47280002972846,24
Edirne,C_coarse_unmasked,250,2023,9,0.3680011385907019,36.405818427500705,23
Edirne,C_coarse_unmasked,250,2023,10,0.29774362726941794,31.59373477565143,24
Edirne,C_coarse_unmasked,250,2023,11,0.37283821366215275,16.899453856422053,20
Edirne,C_coarse_unmasked,250,2023,12,0.38557191976438204,10.494709736623204,11
Edirne,C_coarse_unmasked,250,2024,1,0.45609539567072493,9.53594292863111,13
Edirne,C_coarse_unmasked,250,2024,2,0.668006181716919,11.993239270419068,21
Edirne,C_coarse_unmasked,250,2024,3,0.5790969694963498,19.692614103800256,18
Edirne,C_coarse_unmasked,250,2024,4,0.7995761036872864,23.911633647567232,19
Edirne,C_coarse_unmasked,250,2024,5,0.5899366706304928,31.2638755001431,19
Edirne,C_coarse_unmasked,250,2024,6,0.4904822730997558,41.95543539189311,22
Edirne,C_coarse_unmasked,250,2024,7,0.36353790568486183,46.64870307494494,24
Edirne,C_coarse_unmasked,250,2024,8,0.4025476291773035,44.532025295939064,24
Edirne,C_coarse_unmasked,250,2024,9,0.3760754512811627,35.804270302592634,22
Edirne,C_coarse_unmasked,250,2024,10,0.30079702564236604,27.355793120723394,22
Edirne,C_coarse_unmasked,250,2024,11,0.29308494092967113,15.219496798758943,16
Edirne,C_coarse_unmasked,250,2024,12,0.36247795282029627,12.620994363821026,11
Edirne,C_coarse_unmasked,500,2013,4,0.6422025582132184,19.19865963582218,3
Edirne,C_coarse_unmasked,500,2013,5,0.5938339558253194,36.79106825155031,8
Edirne,C_coarse_unmasked,500,2013,6,0.48248036496034313,36.68193578984261,12
Edirne,C_coarse_unmasked,500,2013,7,0.5282444976046707,38.315210257530964,12
Edirne,C_coarse_unmasked,500,2013,8,0.3946942370672027,41.47777473193227,12
Edirne,C_coarse_unmasked,500,2013,9,0.3410164713994867,31.563282281130277,8
Edirne,C_coarse_unmasked,500,2013,10,0.27313603968543204,29.607621782239303,6
Edirne,C_coarse_unmasked,500,2013,11,0.31796656890553826,15.834793410168968,10
Edirne,C_coarse_unmasked,500,2013,12,0.41245663182429265,6.614786261854769,8
Edirne,C_coarse_unmasked,500,2014,1,0.45636088102287065,13.817015887515172,10
Edirne,C_coarse_unmasked,500,2014,2,0.5433057349079288,12.953495868434386,7
Edirne,C_coarse_unmasked,500,2014,3,0.581446701149818,23.28354336603212,7
Edirne,C_coarse_unmasked,500,2014,4,0.6819477748400471,20.975699505041586,7
Edirne,C_coarse_unmasked,500,2014,5,0.6414370648047701,30.00569538620461,11
Edirne,C_coarse_unmasked,500,2014,6,0.5270490188157381,34.99170274855854,9
Edirne,C_coarse_unmasked,500,2014,7,0.5528947115158649,38.10865633609268,12
Edirne,C_coarse_unmasked,500,2014,8,0.5150154164193471,38.456695256168935,10
Edirne,C_coarse_unmasked,500,2014,9,0.4420132485156057,31.656217777655403,12
Edirne,C_coarse_unmasked,500,2014,10,0.3428383632448023,23.752441053650188,10
Edirne,C_coarse_unmasked,500,2014,11,0.2996476482914927,15.738084646246996,7
Edirne,C_coarse_unmasked,500,2014,12,0.32523841225543765,7.610622074846156,7
Edirne,C_coarse_unmasked,500,2015,1,0.3707012899839759,5.727513575493098,10
Edirne,C_coarse_unmasked,500,2015,2,0.4207215101371075,6.444951756359232,6
Edirne,C_coarse_unmasked,500,2015,3,0.3515987026078974,16.400719598567743,11
Edirne,C_coarse_unmasked,500,2015,4,0.5132639361634747,26.87810944827817,9
Edirne,C_coarse_unmasked,500,2015,5,0.5885007696875163,34.72163690962493,12
Edirne,C_coarse_unmasked,500,2015,6,0.4977177305122903,36.73444059527142,10
Edirne,C_coarse_unmasked,500,2015,7,0.5097932066744048,41.498440768592374,12
Edirne,C_coarse_unmasked,500,2015,8,0.39088309652387176,43.8757448922708,12
Edirne,C_coarse_unmasked,500,2015,9,0.37362171762492175,38.464532919465135,11
Edirne,C_coarse_unmasked,500,2015,10,0.4113937246538428,21.585636852118302,8
Edirne,C_coarse_unmasked,500,2015,11,0.38714681580190313,18.467942151053485,10
Edirne,C_coarse_unmasked,500,2015,12,0.5154769463089149,10.294908070713257,10
Edirne,C_coarse_unmasked,500,2016,1,0.47267404174942024,2.2270442721971806,9
Edirne,C_coarse_unmasked,500,2016,2,0.5102972509738616,11.614969293077836,8
Edirne,C_coarse_unmasked,500,2016,3,0.5956134435200272,21.422126120287732,7
Edirne,C_coarse_unmasked,500,2016,4,0.6190684984304871,26.385003824002858,9
Edirne,C_coarse_unmasked,500,2016,5,0.7249148027697627,25.040307172667042,12
Edirne,C_coarse_unmasked,500,2016,6,0.5251321785386482,36.58083990040966,12
Edirne,C_coarse_unmasked,500,2016,7,0.47517182249870044,41.43433595879608,12
Edirne,C_coarse_unmasked,500,2016,8,0.3856129378490527,41.203928615854565,12
Edirne,C_coarse_unmasked,500,2016,9,0.3622056622699763,33.50188475067818,10
Edirne,C_coarse_unmasked,500,2016,10,0.30071243529121067,36.82783938609901,10
Edirne,C_coarse_unmasked,500,2016,11,0.28429991612061806,16.35021477168527,12
Edirne,C_coarse_unmasked,500,2016,12,0.33237733793376334,7.0447352158719525,8
Edirne,C_coarse_unmasked,500,2017,1,0.36073213284778666,0.8164846796976625,10
Edirne,C_coarse_unmasked,500,2017,2,0.3081043825671078,8.375419916815739,7
Edirne,C_coarse_unmasked,500,2017,3,0.5248344969393779,16.183543647757354,10
Edirne,C_coarse_unmasked,500,2017,4,0.6269864135808892,25.24142024724537,11
Edirne,C_coarse_unmasked,500,2017,5,0.6245274156825767,33.622635467555114,11
Edirne,C_coarse_unmasked,500,2017,6,0.6404217891699304,35.44067718425423,12
Edirne,C_coarse_unmasked,500,2017,7,0.4761120320327026,38.48330165944895,10
Edirne,C_coarse_unmasked,500,2017,8,0.42581546748874466,40.72679925677623,12
Edirne,C_coarse_unmasked,500,2017,9,0.36744011991948206,39.03215180476872,12
Edirne,C_coarse_unmasked,500,2017,10,0.3318812093042333,24.972419550967345,12
Edirne,C_coarse_unmasked,500,2017,11,0.40705710212871465,14.346343350268763,11
Edirne,C_coarse_unmasked,500,2017,12,0.5157421875702174,9.06027096408087,9
Edirne,C_coarse_unmasked,500,2018,1,0.4964711971982857,7.122385219410969,12
Edirne,C_coarse_unmasked,500,2018,2,0.5976826180794117,13.995616658628474,6
Edirne,C_coarse_unmasked,500,2018,3,0.5898696851749551,16.53293677661158,10
Edirne,C_coarse_unmasked,500,2018,4,0.5760577930412798,26.076951966981607,12
Edirne,C_coarse_unmasked,500,2018,5,0.5501757597257877,30.07493634654331,8
Edirne,C_coarse_unmasked,500,2018,6,0.4902640563749154,31.28924933520463,12
Edirne,C_coarse_unmasked,500,2018,7,0.63272733981411,34.506149359749855,12
Edirne,C_coarse_unmasked,500,2018,8,0.5577746306601071,39.350556679350895,12
Edirne,C_coarse_unmasked,500,2018,9,0.3949700680268435,32.64094448587641,11
Edirne,C_coarse_unmasked,500,2018,10,0.3284799784729702,21.840187579669436,8
Edirne,C_coarse_unmasked,500,2018,11,0.35098197122581604,12.141893198557316,9
Edirne,C_coarse_unmasked,500,2018,12,0.34193489530213644,3.991312951021669,6
Edirne,C_coarse_unmasked,500,2019,1,0.3444443672390488,7.726127889365469,8
Edirne,C_coarse_unmasked,500,2019,2,0.3769670408341782,17.104287399167006,10
Edirne,C_coarse_unmasked,500,2019,3,0.4743818787228033,20.130887316494057,10
Edirne,C_coarse_unmasked,500,2019,4,0.5376610642276083,25.92284126612209,8
Edirne,C_coarse_unmasked,500,2019,5,0.6804593525930831,30.3188886445581,12
Edirne,C_coarse_unmasked,500,2019,6,0.5884115280242646,35.511395320729314,12
Edirne,C_coarse_unmasked,500,2019,7,0.5846527056660382,40.293216086311006,12
Edirne,C_coarse_unmasked,500,2019,8,0.433494652749297,42.31101641010758,10
Edirne,C_coarse_unmasked,500,2019,9,0.36031667530501776,35.170327740051924,10
Edirne,C_coarse_unmasked,500,2019,10,0.3148661651594582,30.5330917028051,12
Edirne,C_coarse_unmasked,500,2019,11,0.3918607760887955,19.426833494366164,12
Edirne,C_coarse_unmasked,500,2019,12,0.40410283899815497,4.429442433484859,7
Edirne,C_coarse_unmasked,500,2020,1,0.49377216363212867,4.740294178558613,9
Edirne,C_coarse_unmasked,500,2020,2,0.5151257459217116,10.894139921893359,9
Edirne,C_coarse_unmasked,500,2020,3,0.6016920014353635,14.697517935057459,10
Edirne,C_coarse_unmasked,500,2020,4,0.5902480019483727,26.342073893775645,12
Edirne,C_coarse_unmasked,500,2020,5,0.6192561334577877,28.59990762944256,11
Edirne,C_coarse_unmasked,500,2020,6,0.5324439674906277,35.03804677009484,10
Edirne,C_coarse_unmasked,500,2020,7,0.44857226401506745,43.90163319607851,12
Edirne,C_coarse_unmasked,500,2020,8,0.44948379445245523,35.80189137673577,10
Edirne,C_coarse_unmasked,500,2020,9,0.3292152328815269,41.928115834345554,12
Edirne,C_coarse_unmasked,500,2020,10,0.32000069011723026,28.180113074756385,12
Edirne,C_coarse_unmasked,500,2020,11,0.4119420079269793,13.459901082769676,6
Edirne,C_coarse_unmasked,500,2020,12,0.4770372618910069,9.56480391049869,7
Edirne,C_coarse_unmasked,500,2021,1,,,5
Edirne,C_coarse_unmasked,500,2021,2,0.5197135162143726,11.732971634497721,11
Edirne,C_coarse_unmasked,500,2021,3,0.5262841968261198,15.784805581200713,9
Edirne,C_coarse_unmasked,500,2021,4,0.590177807948148,25.5147529701662,10
Edirne,C_coarse_unmasked,500,2021,5,0.6273199781262968,33.11685187676755,11
Edirne,C_coarse_unmasked,500,2021,6,0.5937689958619216,34.81739076946215,9
Edirne,C_coarse_unmasked,500,2021,7,0.5302866377477533,41.61824160843494,12
Edirne,C_coarse_unmasked,500,2021,8,0.42396211445870874,41.90626873939353,12
Edirne,C_coarse_unmasked,500,2021,9,0.3944897600156772,30.90609834027133,11
Edirne,C_coarse_unmasked,500,2021,10,0.3147281861003811,25.539999276883563,10
Edirne,C_coarse_unmasked,500,2021,11,,,12
Edirne,C_coarse_unmasked,500,2021,12,0.4668247716976667,10.370092637159619,19
Edirne,C_coarse_unmasked,500,2022,1,0.4681869345131302,6.533525014586422,17
Edirne,C_coarse_unmasked,500,2022,2,0.44030698215243574,10.944136513132705,18
Edirne,C_coarse_unmasked,500,2022,3,0.44872450749550774,18.39055124894784,15
Edirne,C_coarse_unmasked,500,2022,4,0.5333168974729101,31.51365924371143,18
Edirne,C_coarse_unmasked,500,2022,5,0.6422493923716173,29.34991386538942,20
Edirne,C_coarse_unmasked,500,2022,6,0.5711984419057632,35.18875022156138,22
Edirne,C_coarse_unmasked,500,2022,7,0.4774927809216208,42.849907639183336,24
Edirne,C_coarse_unmasked,500,2022,8,0.4098030321468756,41.28099379680497,22
Edirne,C_coarse_unmasked,500,2022,9,0.41042748738658663,34.31069187938434,20
Edirne,C_coarse_unmasked,500,2022,10,0.3550776995179209,28.743008742392647,23
Edirne,C_coarse_unmasked,500,2022,11,0.34290190440445356,20.207307559075346,23
Edirne,C_coarse_unmasked,500,2022,12,0.420961562755297,6.97393189325054,17
Edirne,C_coarse_unmasked,500,2023,1,0.5128416165521897,11.320546568326758,19
Edirne,C_coarse_unmasked,500,2023,2,0.44802260170513514,12.193725934736523,18
Edirne,C_coarse_unmasked,500,2023,3,0.5704899118124452,21.108848166516424,16
Edirne,C_coarse_unmasked,500,2023,4,0.642303689267441,20.07969714068069,17
Edirne,C_coarse_unmasked,500,2023,5,0.6492279743485067,27.69871760189857,21
Edirne,C_coarse_unmasked,500,2023,6,0.5466185934162695,36.66807169627318,20
Edirne,C_coarse_unmasked,500,2023,7,0.5117610098223895,40.311076652976176,22
Edirne,C_coarse_unmasked,500,2023,8,0.4067568307254502,40.46727753235754,24
Edirne,C_coarse_unmasked,500,2023,9,0.3681564288450797,36.398623057482666,23
Edirne,C_coarse_unmasked,500,2023,10,0.2977418059836335,31.59029964551126,24
Edirne,C_coarse_unmasked,500,2023,11,0.3730231597044559,16.896414266793787,20
Edirne,C_coarse_unmasked,500,2023,12,0.38551243421274217,10.493301396760835,11
Edirne,C_coarse_unmasked,500,2024,1,0.45595773428515285,9.523359638123663,13
Edirne,C_coarse_unmasked,500,2024,2,0.6634981808115225,11.989391044729295,21
Edirne,C_coarse_unmasked,500,2024,3,0.5790128879036711,19.68507827038259,18
Edirne,C_coarse_unmasked,500,2024,4,0.7995761036872864,23.939462050423884,19
Edirne,C_coarse_unmasked,500,2024,5,0.5898023633040436,31.262585557815292,19
Edirne,C_coarse_unmasked,500,2024,6,0.4904259545149921,41.95401989273431,22
Edirne,C_coarse_unmasked,500,2024,7,0.36362881110330564,46.64501857401104,24
Edirne,C_coarse_unmasked,500,2024,8,0.4024239764597109,44.52950989919637,24
Edirne,C_coarse_unmasked,500,2024,9,0.3831526831512374,35.788669953639854,22
Edirne,C_coarse_unmasked,500,2024,10,0.3008295969990026,27.35206778910735,22
Edirne,C_coarse_unmasked,500,2024,11,0.29302542968642337,15.218766757145424,16
Edirne,C_coarse_unmasked,500,2024,12,0.36278300130737245,12.49831308789097,11
Edirne,C_coarse_unmasked,900,2013,4,0.6417271639639547,19.20227068029899,3
Edirne,C_coarse_unmasked,900,2013,5,0.5933820710447104,36.79237871198518,8
Edirne,C_coarse_unmasked,900,2013,6,0.4828311125965424,36.67679937199592,12
Edirne,C_coarse_unmasked,900,2013,7,0.5325455977521122,38.27975648455075,12
Edirne,C_coarse_unmasked,900,2013,8,0.3947598020685298,41.46854891601362,12
Edirne,C_coarse_unmasked,900,2013,9,0.3410000780834368,31.55951936938403,8
Edirne,C_coarse_unmasked,900,2013,10,0.2732617048034121,29.599136862085356,6
Edirne,C_coarse_unmasked,900,2013,11,0.31798511541515256,15.833988149082113,10
Edirne,C_coarse_unmasked,900,2013,12,0.41244079929893496,6.610244751364561,8
Edirne,C_coarse_unmasked,900,2014,1,0.4561474709215264,13.812028220458306,10
Edirne,C_coarse_unmasked,900,2014,2,0.5442999782566003,13.013476467635545,7
Edirne,C_coarse_unmasked,900,2014,3,0.5813939387616904,23.277616034537594,7
Edirne,C_coarse_unmasked,900,2014,4,0.6820824008292287,20.96938856024821,7
Edirne,C_coarse_unmasked,900,2014,5,0.6412109594141533,29.976392981089607,11
Edirne,C_coarse_unmasked,900,2014,6,0.5269678129805664,34.98384345166288,9
Edirne,C_coarse_unmasked,900,2014,7,0.5524695463123235,38.097406788637024,12
Edirne,C_coarse_unmasked,900,2014,8,0.5148185462121495,38.45388260214105,10
Edirne,C_coarse_unmasked,900,2014,9,0.4420756659392797,31.643240940195867,12
Edirne,C_coarse_unmasked,900,2014,10,0.34275467122747366,23.746565252209727,10
Edirne,C_coarse_unmasked,900,2014,11,0.2995889388633063,15.736930780731692,7
Edirne,C_coarse_unmasked,900,2014,12,0.32487849445808276,7.612633829018548,7
Edirne,C_coarse_unmasked,900,2015,1,0.3704161985597637,5.7276451727495,10
Edirne,C_coarse_unmasked,900,2015,2,0.42317923589390977,6.439969332455918,6
Edirne,C_coarse_unmasked,900,2015,3,0.3510163699229602,16.387758712020062,11
Edirne,C_coarse_unmasked,900,2015,4,0.5130498561819862,26.8634510626846,9
Edirne,C_coarse_unmasked,900,2015,5,0.5884107015687848,34.71738743622814,12
Edirne,C_coarse_unmasked,900,2015,6,0.497780653528031,36.72787270196203,10
Edirne,C_coarse_unmasked,900,2015,7,0.5101320984265675,41.492848446217096,12
Edirne,C_coarse_unmasked,900,2015,8,0.39121582138466177,43.86952677538671,12
Edirne,C_coarse_unmasked,900,2015,9,0.37358419022575057,38.46309376267782,11
Edirne,C_coarse_unmasked,900,2015,10,0.43092063911292583,21.585964111582246,8
Edirne,C_coarse_unmasked,900,2015,11,0.386976971427036,18.465693309223113,10
Edirne,C_coarse_unmasked,900,2015,12,0.5160905178323457,10.291932174536822,10
Edirne,C_coarse_unmasked,900,2016,1,0.47249987542292615,2.226840961613104,9
Edirne,C_coarse_unmasked,900,2016,2,0.5096785730903894,11.61865161179695,8
Edirne,C_coarse_unmasked,900,2016,3,0.595698535721386,21.418341439473494,7
Edirne,C_coarse_unmasked,900,2016,4,0.6193307707553254,26.36545830671641,9
Edirne,C_coarse_unmasked,900,2016,5,0.7264077356883457,25.03464032934304,12
Edirne,C_coarse_unmasked,900,2016,6,0.5251932869289947,36.575958919871184,12
Edirne,C_coarse_unmasked,900,2016,7,0.4751437916114684,41.42043641142522,12
Edirne,C_coarse_unmasked,900,2016,8,0.3852786663584408,41.19960811626914,12
Edirne,C_coarse_unmasked,900,2016,9,0.36297938451709194,33.48586053218491,10
Edirne,C_coarse_unmasked,900,2016,10,0.300650262360312,36.82345295608915,10
Edirne,C_coarse_unmasked,900,2016,11,0.28437538275554725,16.342907375523687,12
Edirne,C_coarse_unmasked,900,2016,12,0.33116111730733716,7.041018329006529,8
Edirne,C_coarse_unmasked,900,2017,1,0.36051560328728943,0.7646525686216088,10
Edirne,C_coarse_unmasked,900,2017,2,0.30841260400236187,8.38935903365733,7
Edirne,C_coarse_unmasked,900,2017,3,0.5253636640075072,16.226161711344425,10
Edirne,C_coarse_unmasked,900,2017,4,0.6301993497515581,25.233736287878017,11
Edirne,C_coarse_unmasked,900,2017,5,0.6246002108301175,33.62025708829446,11
Edirne,C_coarse_unmasked,900,2017,6,0.6404021889594643,35.43072841846973,12
Edirne,C_coarse_unmasked,900,2017,7,0.47637270504885043,38.44778033762866,10
Edirne,C_coarse_unmasked,900,2017,8,0.42588832446550545,40.720233424765695,12
Edirne,C_coarse_unmasked,900,2017,9,0.3672987526744186,39.01254547182965,12
Edirne,C_coarse_unmasked,900,2017,10,0.3321241405225737,24.97032441767373,12
Edirne,C_coarse_unmasked,900,2017,11,0.40700787973862906,14.35040648289523,11
Edirne,C_coarse_unmasked,900,2017,12,0.5151965834978354,9.058960438321327,9
Edirne,C_coarse_unmasked,900,2018,1,0.49639643518876525,7.122480365358999,12
Edirne,C_coarse_unmasked,900,2018,2,0.5972067837445236,13.994627871883713,6
Edirne,C_coarse_unmasked,900,2018,3,0.5894730591416875,16.529987371774297,10
Edirne,C_coarse_unmasked,900,2018,4,0.5759642836017532,26.07380933456822,12
Edirne,C_coarse_unmasked,900,2018,5,0.5475583679528746,30.10497439899143,8
Edirne,C_coarse_unmasked,900,2018,6,0.4907444763076907,31.282482993198247,12
Edirne,C_coarse_unmasked,900,2018,7,0.6332233149368562,34.49499936515909,12
Edirne,C_coarse_unmasked,900,2018,8,0.5574981280638829,39.34157956202272,12
Edirne,C_coarse_unmasked,900,2018,9,0.39454441763663256,32.62978480741048,11
Edirne,C_coarse_unmasked,900,2018,10,0.3284205189851013,21.834252326618113,8
Edirne,C_coarse_unmasked,900,2018,11,0.35108633675258005,12.140575503076278,9
Edirne,C_coarse_unmasked,900,2018,12,0.3420836048577705,3.991247714490595,6
Edirne,C_coarse_unmasked,900,2019,1,0.34476354858880864,7.725472407189086,8
Edirne,C_coarse_unmasked,900,2019,2,0.377063638873485,17.103187796520288,10
Edirne,C_coarse_unmasked,900,2019,3,0.4744637497325073,20.12483226588671,10
Edirne,C_coarse_unmasked,900,2019,4,0.5378518378797927,25.915100231498176,8
Edirne,C_coarse_unmasked,900,2019,5,0.6849279660385492,30.30809992223978,12
Edirne,C_coarse_unmasked,900,2019,6,0.5885038879207583,35.49884410316191,12
Edirne,C_coarse_unmasked,900,2019,7,0.5853793645638781,40.288544951910296,12
Edirne,C_coarse_unmasked,900,2019,8,0.4333083263838655,42.30717751592171,10
Edirne,C_coarse_unmasked,900,2019,9,0.35998849163085195,35.15819108843352,10
Edirne,C_coarse_unmasked,900,2019,10,0.31475301734999916,30.52640882988261,12
Edirne,C_coarse_unmasked,900,2019,11,0.39190968204570903,19.42319815322565,12
Edirne,C_coarse_unmasked,900,2019,12,0.40626717266848883,4.377304086931597,7
Edirne,C_coarse_unmasked,900,2020,1,0.4970947592550477,4.749099801745563,9
Edirne,C_coarse_unmasked,900,2020,2,0.5145235527515203,10.866846530440265,9
Edirne,C_coarse_unmasked,900,2020,3,0.6014410359765047,14.693349787573652,10
Edirne,C_coarse_unmasked,900,2020,4,0.5903887505028645,26.33926594643004,12
Edirne,C_coarse_unmasked,900,2020,5,0.6194666998053405,28.58665993460811,11
Edirne,C_coarse_unmasked,900,2020,6,0.532631870049101,35.03315044015971,10
Edirne,C_coarse_unmasked,900,2020,7,0.4488214542950937,43.895569482659596,12
Edirne,C_coarse_unmasked,900,2020,8,0.4488775917695905,35.76718083314386,10
Edirne,C_coarse_unmasked,900,2020,9,0.3290151147552786,41.927087988520476,12
Edirne,C_coarse_unmasked,900,2020,10,0.31997696751372406,28.17538780620455,12
Edirne,C_coarse_unmasked,900,2020,11,0.4124911003937118,13.437484231046529,6
Edirne,C_coarse_unmasked,900,2020,12,0.47949545865701987,9.561107175399716,7
Edirne,C_coarse_unmasked,900,2021,1,,,5
Edirne,C_coarse_unmasked,900,2021,2,0.5197062708030137,11.73054217472116,11
Edirne,C_coarse_unmasked,900,2021,3,0.5280217586292161,15.800513102108292,9
Edirne,C_coarse_unmasked,900,2021,4,0.5903743472180207,25.521459273850294,10
Edirne,C_coarse_unmasked,900,2021,5,0.6270382028665754,33.09932508566066,11
Edirne,C_coarse_unmasked,900,2021,6,0.5943794714524833,34.80639954923029,9
Edirne,C_coarse_unmasked,900,2021,7,0.5303847688511756,41.612117160950355,12
Edirne,C_coarse_unmasked,900,2021,8,0.4239568571062366,41.901094342438896,12
Edirne,C_coarse_unmasked,900,2021,9,0.3943178481929984,30.89320431852333,11
Edirne,C_coarse_unmasked,900,2021,10,0.31455601288949786,25.528105680121207,10
Edirne,C_coarse_unmasked,900,2021,11,,,12
Edirne,C_coarse_unmasked,900,2021,12,0.4667989761862908,10.369775006862117,19
Edirne,C_coarse_unmasked,900,2022,1,0.4681534943135041,6.527794412388441,17
Edirne,C_coarse_unmasked,900,2022,2,0.4401724005609938,10.940722054209147,18
Edirne,C_coarse_unmasked,900,2022,3,0.44861771179355964,18.386892282159387,15
Edirne,C_coarse_unmasked,900,2022,4,0.5334603924287583,31.507338599965387,18
Edirne,C_coarse_unmasked,900,2022,5,0.6417723497726842,29.339227715653685,20
Edirne,C_coarse_unmasked,900,2022,6,0.5711792607708386,35.183350833499816,22
Edirne,C_coarse_unmasked,900,2022,7,0.47742430398161967,42.84546362696445,24
Edirne,C_coarse_unmasked,900,2022,8,0.4095847871644587,41.26338090026397,22
Edirne,C_coarse_unmasked,900,2022,9,0.4102262761970326,34.302734605804744,20
Edirne,C_coarse_unmasked,900,2022,10,0.35509676522159506,28.725615705708467,23
Edirne,C_coarse_unmasked,900,2022,11,0.33984744775518677,20.20630973859837,23
Edirne,C_coarse_unmasked,900,2022,12,0.4209601292490722,6.978668286484047,17
Edirne,C_coarse_unmasked,900,2023,1,0.5111482260192457,11.325306615575375,19
Edirne,C_coarse_unmasked,900,2023,2,0.44807842654396185,12.191091465975665,18
Edirne,C_coarse_unmasked,900,2023,3,0.5703970524809407,21.102123267075726,16
Edirne,C_coarse_unmasked,900,2023,4,0.642785466977274,20.0695172034796,17
Edirne,C_coarse_unmasked,900,2023,5,0.6480683576638626,27.688810848508552,21
Edirne,C_coarse_unmasked,900,2023,6,0.5466667900537833,36.66315713169083,20
Edirne,C_coarse_unmasked,900,2023,7,0.5121147869822446,40.307391559329076,22
Edirne,C_coarse_unmasked,900,2023,8,0.4069843404908261,40.45543923263971,24
Edirne,C_coarse_unmasked,900,2023,9,0.36887159628727445,36.38823479592723,23
Edirne,C_coarse_unmasked,900,2023,10,0.29735261331220436,31.58505141139061,24
Edirne,C_coarse_unmasked,900,2023,11,0.37260657491134436,16.892809798859876,20
Edirne,C_coarse_unmasked,900,2023,12,0.3854417580839049,10.49006631890947,11
Edirne,C_coarse_unmasked,900,2024,1,0.45507874513269797,9.57187811491792,13
Edirne,C_coarse_unmasked,900,2024,2,0.6539036909739177,12.010181116483063,21
Edirne,C_coarse_unmasked,900,2024,3,0.5788036356296575,19.669363506687922,18
Edirne,C_coarse_unmasked,900,2024,4,0.7995761036872864,23.88470159081538,19
Edirne,C_coarse_unmasked,900,2024,5,0.5898426366057449,31.259706828100512,19
Edirne,C_coarse_unmasked,900,2024,6,0.490638431711561,41.948052097771885,22
Edirne,C_coarse_unmasked,900,2024,7,0.36361914219605346,46.640651109586706,24
Edirne,C_coarse_unmasked,900,2024,8,0.4012830374986626,44.52308292897674,24
Edirne,C_coarse_unmasked,900,2024,9,0.39443817971323325,35.75673829351267,22
Edirne,C_coarse_unmasked,900,2024,10,0.30083112579415755,27.35073482042131,22
Edirne,C_coarse_unmasked,900,2024,11,0.2931072918062387,15.217784257592907,16
Edirne,C_coarse_unmasked,900,2024,12,0.3636196309213422,12.617160197096178,11
Ipsala,A_native_masked,30,2013,4,,,3
Ipsala,A_native_masked,30,2013,5,0.6259730277579653,34.20196718799569,8
Ipsala,A_native_masked,30,2013,6,0.40495608592777,36.718420544157595,12
Ipsala,A_native_masked,30,2013,7,0.5160617761989204,39.85286715891473,12
Ipsala,A_native_masked,30,2013,8,0.3476295008222449,41.26483380402719,12
Ipsala,A_native_masked,30,2013,9,0.280397656914095,34.079690848444265,8
Ipsala,A_native_masked,30,2013,10,0.25762157782048156,21.41422830529237,6
Ipsala,A_native_masked,30,2013,11,0.2992506781010669,14.711874603451816,10
Ipsala,A_native_masked,30,2013,12,0.3566213219957386,5.122121783932785,8
Ipsala,A_native_masked,30,2014,1,0.4178493934679875,14.650195395006431,10
Ipsala,A_native_masked,30,2014,2,0.4644164250960358,13.5452082921045,7
Ipsala,A_native_masked,30,2014,3,0.5232001894259258,19.889939326495842,7
Ipsala,A_native_masked,30,2014,4,0.6657150009505692,20.017544139221062,7
Ipsala,A_native_masked,30,2014,5,0.6457105735665337,30.423589026634243,11
Ipsala,A_native_masked,30,2014,6,0.40506310722147953,37.62272109250784,9
Ipsala,A_native_masked,30,2014,7,0.5776632456023317,37.630580319873786,12
Ipsala,A_native_masked,30,2014,8,0.667826984220481,33.951046502744774,10
Ipsala,A_native_masked,30,2014,9,0.43928568692469827,34.27858012089361,12
Ipsala,A_native_masked,30,2014,10,0.29826812113863205,24.549948443473856,10
Ipsala,A_native_masked,30,2014,11,0.2275663492730916,14.948962600259026,7
Ipsala,A_native_masked,30,2014,12,0.333709893523432,8.40497861691082,7
Ipsala,A_native_masked,30,2015,1,0.3164979197034696,7.092107395228702,10
Ipsala,A_native_masked,30,2015,2,0.3092844475723426,8.013870117133097,6
Ipsala,A_native_masked,30,2015,3,0.38328827430417933,17.721424515347998,11
Ipsala,A_native_masked,30,2015,4,0.6331141112355619,24.283294782990595,9
Ipsala,A_native_masked,30,2015,5,0.7314836332395253,35.548789981379606,12
Ipsala,A_native_masked,30,2015,6,0.45012416920593107,36.268819920236936,10
Ipsala,A_native_masked,30,2015,7,0.4543450161816778,41.906911285951566,12
Ipsala,A_native_masked,30,2015,8,0.3876458287725477,41.53971412462016,12
Ipsala,A_native_masked,30,2015,9,0.3122764858812052,40.62163588020362,11
Ipsala,A_native_masked,30,2015,10,0.28583827971428366,24.51410047006881,8
Ipsala,A_native_masked,30,2015,11,0.30577308738207937,17.60695555133311,10
Ipsala,A_native_masked,30,2015,12,0.6655376515010963,9.056192787120253,10
Ipsala,A_native_masked,30,2016,1,0.436015278355256,1.39623498920044,9
Ipsala,A_native_masked,30,2016,2,0.38937683674765533,9.003073049183689,8
Ipsala,A_native_masked,30,2016,3,0.5536092363564026,22.423721580553693,7
Ipsala,A_native_masked,30,2016,4,0.6397325362506787,25.24017715443144,9
Ipsala,A_native_masked,30,2016,5,0.46965637814596994,29.150999642565996,12
Ipsala,A_native_masked,30,2016,6,0.5312104726761774,39.818784577299375,12
Ipsala,A_native_masked,30,2016,7,0.47543884256580426,41.361659987505405,12
Ipsala,A_native_masked,30,2016,8,0.3111575560950732,43.25735082431159,12
Ipsala,A_native_masked,30,2016,9,0.3809208717277028,32.73059439209552,10
Ipsala,A_native_masked,30,2016,10,0.2529349797011467,31.10322815698813,10
Ipsala,A_native_masked,30,2016,11,0.23942299549907173,15.435547253040491,12
Ipsala,A_native_masked,30,2016,12,0.30188340785179585,8.200890697460501,8
Ipsala,A_native_masked,30,2017,1,0.5237272922509775,0.38976636176355767,10
Ipsala,A_native_masked,30,2017,2,0.33889203411793384,10.794635790807867,7
Ipsala,A_native_masked,30,2017,3,0.5230859974834432,17.936919594786723,10
Ipsala,A_native_masked,30,2017,4,0.6751783424812067,24.98895801674643,11
Ipsala,A_native_masked,30,2017,5,0.65366849162913,32.54952765274666,11
Ipsala,A_native_masked,30,2017,6,0.4702609380236483,39.20694667896485,12
Ipsala,A_native_masked,30,2017,7,0.4266796524785093,41.14055915053386,10
Ipsala,A_native_masked,30,2017,8,0.40891739209574346,40.17159120176274,12
Ipsala,A_native_masked,30,2017,9,0.29521253477023496,40.02580414568184,12
Ipsala,A_native_masked,30,2017,10,0.2685958037392948,25.886354666587184,12
Ipsala,A_native_masked,30,2017,11,0.3801286692737025,14.400743808917523,11
Ipsala,A_native_masked,30,2017,12,0.4547037107940359,12.302421789039338,9
Ipsala,A_native_masked,30,2018,1,0.4695908300963868,7.454939737911233,12
Ipsala,A_native_masked,30,2018,2,0.5007828983866551,16.41886637534088,6
Ipsala,A_native_masked,30,2018,3,0.560123587943229,17.669331794582952,10
Ipsala,A_native_masked,30,2018,4,0.5341156108532017,25.85811008585907,12
Ipsala,A_native_masked,30,2018,5,0.5822690641199502,28.99663805749327,8
Ipsala,A_native_masked,30,2018,6,0.46606228950528156,35.293220297640545,12
Ipsala,A_native_masked,30,2018,7,0.5048101429249112,37.504894617358694,12
Ipsala,A_native_masked,30,2018,8,0.4341108806269245,41.31164345948843,12
Ipsala,A_native_masked,30,2018,9,0.32155057016477806,32.52637552762452,11
Ipsala,A_native_masked,30,2018,10,0.255731362461187,24.072887668916934,8
Ipsala,A_native_masked,30,2018,11,0.3581601629416001,11.677974206461604,9
Ipsala,A_native_masked,30,2018,12,0.40218640211591944,2.441806762821587,6
Ipsala,A_native_masked,30,2019,1,0.3712671259491628,9.398280364536571,8
Ipsala,A_native_masked,30,2019,2,0.44556907825713865,13.313819178788416,10
Ipsala,A_native_masked,30,2019,3,0.5598610420534751,19.583610918120424,10
Ipsala,A_native_masked,30,2019,4,0.6259213462371008,22.560511937496816,8
Ipsala,A_native_masked,30,2019,5,0.6744041092790968,30.44803254806054,12
Ipsala,A_native_masked,30,2019,6,0.5217014104897584,34.78976392767946,12
Ipsala,A_native_masked,30,2019,7,0.42941578393348695,42.068506875218276,12
Ipsala,A_native_masked,30,2019,8,0.3692334521388496,41.632945970553806,10
Ipsala,A_native_masked,30,2019,9,0.3205388475174889,36.7511820275689,10
Ipsala,A_native_masked,30,2019,10,0.2819338225347917,28.996529884443998,12
Ipsala,A_native_masked,30,2019,11,0.4080805880252785,18.058237169387226,12
Ipsala,A_native_masked,30,2019,12,0.47007169920864783,4.002846534084411,7
Ipsala,A_native_masked,30,2020,1,0.6909486753139668,6.530768724968271,9
Ipsala,A_native_masked,30,2020,2,0.45933255620200525,12.384528630471994,9
Ipsala,A_native_masked,30,2020,3,0.5104986420309842,16.269288365280033,10
Ipsala,A_native_masked,30,2020,4,0.5824840465089397,25.18697967168404,12
Ipsala,A_native_masked,30,2020,5,0.5628659554563478,25.50990206433819,11
Ipsala,A_native_masked,30,2020,6,0.5087381286774743,35.62633958621135,10
Ipsala,A_native_masked,30,2020,7,0.5157844837581735,41.239605208773334,12
Ipsala,A_native_masked,30,2020,8,0.34953645857902316,37.2149070938676,10
Ipsala,A_native_masked,30,2020,9,0.28016389428297883,41.40910761809497,12
Ipsala,A_native_masked,30,2020,10,0.3042438969271573,29.79614200164182,12
Ipsala,A_native_masked,30,2020,11,0.30833946374601184,14.173267577167238,6
Ipsala,A_native_masked,30,2020,12,0.44483053398784356,12.54734527117631,7
Ipsala,A_native_masked,30,2021,1,,,5
Ipsala,A_native_masked,30,2021,2,0.5406344359501594,9.938327705578423,11
Ipsala,A_native_masked,30,2021,3,0.5514096783345472,17.750398266214386,9
Ipsala,A_native_masked,30,2021,4,0.676829831482957,23.03446863065143,10
Ipsala,A_native_masked,30,2021,5,0.6130099817191191,24.11849040976927,11
Ipsala,A_native_masked,30,2021,6,0.4507501570112883,39.67719576565506,9
Ipsala,A_native_masked,30,2021,7,0.4491588178106623,42.306764145896146,12
Ipsala,A_native_masked,30,2021,8,0.3692809583201919,42.58289090344172,12
Ipsala,A_native_masked,30,2021,9,0.2971763765561536,36.24475078650255,11
Ipsala,A_native_masked,30,2021,10,0.26294192401609306,24.98922686014707,10
Ipsala,A_native_masked,30,2021,11,0.27119285873964,14.232818834430946,12
Ipsala,A_native_masked,30,2021,12,0.36248482515614355,11.610422897728352,19
Ipsala,A_native_masked,30,2022,1,0.40009419939339524,7.17291565738619,17
Ipsala,A_native_masked,30,2022,2,0.34730554380737333,11.605136625609298,18
Ipsala,A_native_masked,30,2022,3,0.3647127405238429,17.73441560863945,15
Ipsala,A_native_masked,30,2022,4,0.47650608946552214,30.710862117297893,18
Ipsala,A_native_masked,30,2022,5,0.5395726563386131,31.548662823709815,20
Ipsala,A_native_masked,30,2022,6,0.5342716064985569,37.33890376329616,22
Ipsala,A_native_masked,30,2022,7,0.5242305369848151,40.497276424077825,24
Ipsala,A_native_masked,30,2022,8,0.483189474584322,38.35801963332888,22
Ipsala,A_native_masked,30,2022,9,0.3814682739649494,34.747548732788395,20
Ipsala,A_native_masked,30,2022,10,0.3594265067772251,29.105573014270973,23
Ipsala,A_native_masked,30,2022,11,0.2749185742348085,20.888138904610685,23
Ipsala,A_native_masked,30,2022,12,0.3804608379150712,8.895973861346667,17
Ipsala,A_native_masked,30,2023,1,0.5936380381418803,12.547336483773986,19
Ipsala,A_native_masked,30,2023,2,0.500086074610679,13.022384523034038,18
Ipsala,A_native_masked,30,2023,3,0.615980042709085,22.301463188410303,16
Ipsala,A_native_masked,30,2023,4,0.7368592945707693,20.22981867388273,17
Ipsala,A_native_masked,30,2023,5,0.7901969297324329,23.529983739920514,21
Ipsala,A_native_masked,30,2023,6,0.42800188434923797,35.75976504955163,20
Ipsala,A_native_masked,30,2023,7,0.40931914822456544,43.72196648595214,22
Ipsala,A_native_masked,30,2023,8,0.3523870989536987,44.188551426705864,24
Ipsala,A_native_masked,30,2023,9,0.29361007203857614,36.08133318740199,23
Ipsala,A_native_masked,30,2023,10,0.25962892474078436,31.044969910415883,24
Ipsala,A_native_masked,30,2023,11,0.30584998788181833,19.65989045892616,20
Ipsala,A_native_masked,30,2023,12,0.3302069896909879,12.534292352506927,11
Ipsala,A_native_masked,30,2024,1,0.4578688632074467,10.30246879937467,13
Ipsala,A_native_masked,30,2024,2,0.5156788216358652,13.047490135454014,21
Ipsala,A_native_masked,30,2024,3,0.5800793116506923,17.682870477886773,18
Ipsala,A_native_masked,30,2024,4,0.6459149811332751,27.490719809414852,19
Ipsala,A_native_masked,30,2024,5,0.48497783213411494,31.035300156969665,19
Ipsala,A_native_masked,30,2024,6,0.49313307828218506,41.193824400614645,22
Ipsala,A_native_masked,30,2024,7,0.43159125126812803,44.475766599371724,24
Ipsala,A_native_masked,30,2024,8,0.3389617724120956,46.48073268503937,24
Ipsala,A_native_masked,30,2024,9,0.2948456124044256,36.721993293174855,22
Ipsala,A_native_masked,30,2024,10,0.2663183509384126,27.793363199422313,22
Ipsala,A_native_masked,30,2024,11,0.25318408077631965,15.768434816086598,16
Ipsala,A_native_masked,30,2024,12,0.29630508207083905,13.805160863005398,11
Ipsala,B_coarse_masked,250,2013,4,,,3
Ipsala,B_coarse_masked,250,2013,5,0.6253747126990934,34.20621016526221,8
Ipsala,B_coarse_masked,250,2013,6,0.40574703690658864,36.71250206963553,12
Ipsala,B_coarse_masked,250,2013,7,0.5161339168568234,39.84362202110038,12
Ipsala,B_coarse_masked,250,2013,8,0.3481785012354713,41.2589943832427,12
Ipsala,B_coarse_masked,250,2013,9,0.2807481807134681,34.07660886526114,8
Ipsala,B_coarse_masked,250,2013,10,0.2577967750197998,21.41090739639364,6
Ipsala,B_coarse_masked,250,2013,11,0.29953715805770853,14.87489095155542,10
Ipsala,B_coarse_masked,250,2013,12,0.35694623422553245,5.120789451429449,8
Ipsala,B_coarse_masked,250,2014,1,0.4182888316501542,14.64739391206911,10
Ipsala,B_coarse_masked,250,2014,2,0.4646495998068038,13.555565323734221,7
Ipsala,B_coarse_masked,250,2014,3,0.523639860495885,19.893362416440304,7
Ipsala,B_coarse_masked,250,2014,4,0.6649976002559425,20.001158881105894,7
Ipsala,B_coarse_masked,250,2014,5,0.6458211592206572,30.400671901953384,11
Ipsala,B_coarse_masked,250,2014,6,0.40504377221207055,37.61464285072138,9
Ipsala,B_coarse_masked,250,2014,7,0.5774594568839917,37.635251816894545,12
Ipsala,B_coarse_masked,250,2014,8,0.6673451035446617,33.94740846170995,10
Ipsala,B_coarse_masked,250,2014,9,0.439449084762229,34.275185468950305,12
Ipsala,B_coarse_masked,250,2014,10,0.2982460585740913,24.546855517790487,10
Ipsala,B_coarse_masked,250,2014,11,0.22771496413089407,14.947326391111766,7
Ipsala,B_coarse_masked,250,2014,12,0.3336834666966922,8.39557871536045,7
Ipsala,B_coarse_masked,250,2015,1,0.3160848984133307,7.091247563748045,10
Ipsala,B_coarse_masked,250,2015,2,0.30883945611415153,7.999006088798969,6
Ipsala,B_coarse_masked,250,2015,3,0.38305615878424454,17.718603659998266,11
Ipsala,B_coarse_masked,250,2015,4,0.6330115108541798,24.27979493297804,9
Ipsala,B_coarse_masked,250,2015,5,0.7329773556919994,35.56844082287798,12
Ipsala,B_coarse_masked,250,2015,6,0.4496416935549201,36.2578903676973,10
Ipsala,B_coarse_masked,250,2015,7,0.4549113909330856,41.89329709407048,12
Ipsala,B_coarse_masked,250,2015,8,0.38837511273519054,41.528297024932726,12
Ipsala,B_coarse_masked,250,2015,9,0.3128597574247303,40.614214377598394,11
Ipsala,B_coarse_masked,250,2015,10,0.28614629111517376,24.510576792010866,8
Ipsala,B_coarse_masked,250,2015,11,0.3054716280335688,17.607339670857172,10
Ipsala,B_coarse_masked,250,2015,12,0.6796776927702608,9.044116571214923,10
Ipsala,B_coarse_masked,250,2016,1,0.43631055185950396,1.3983081772412236,9
Ipsala,B_coarse_masked,250,2016,2,0.39268164774950803,9.233957323809875,8
Ipsala,B_coarse_masked,250,2016,3,0.5540836563883019,22.417453946791426,7
Ipsala,B_coarse_masked,250,2016,4,0.6404195054676244,25.21850686270536,9
Ipsala,B_coarse_masked,250,2016,5,0.4694341798148921,29.150815670281816,12
Ipsala,B_coarse_masked,250,2016,6,0.5307511410762554,39.812632700079824,12
Ipsala,B_coarse_masked,250,2016,7,0.4753354340647727,41.35140926248635,12
Ipsala,B_coarse_masked,250,2016,8,0.3112510069319021,43.244356898549,12
Ipsala,B_coarse_masked,250,2016,9,0.39102570986261176,32.569274181058034,10
Ipsala,B_coarse_masked,250,2016,10,0.253390314270126,31.09853400152025,10
Ipsala,B_coarse_masked,250,2016,11,0.23942478380979967,15.433022137529568,12
Ipsala,B_coarse_masked,250,2016,12,0.30129104637029314,8.190729089612033,8
Ipsala,B_coarse_masked,250,2017,1,0.5169870133936055,0.38124960174296435,10
Ipsala,B_coarse_masked,250,2017,2,0.33860577322243524,10.785887575404779,7
Ipsala,B_coarse_masked,250,2017,3,0.5225203383557503,17.939099697819344,10
Ipsala,B_coarse_masked,250,2017,4,0.6723349072416771,24.987150340941543,11
Ipsala,B_coarse_masked,250,2017,5,0.6530280339524209,32.554573478805956,11
Ipsala,B_coarse_masked,250,2017,6,0.47083430193183795,39.20408790863434,12
Ipsala,B_coarse_masked,250,2017,7,0.42713741046011333,41.12881736084288,10
Ipsala,B_coarse_masked,250,2017,8,0.40941380400969934,40.162391641204366,12
Ipsala,B_coarse_masked,250,2017,9,0.29593055902435195,40.01488172024426,12
Ipsala,B_coarse_masked,250,2017,10,0.26890233555318704,25.88397579985576,12
Ipsala,B_coarse_masked,250,2017,11,0.38011246900935186,14.399274856088129,11
Ipsala,B_coarse_masked,250,2017,12,0.45485668558223585,12.300166548889452,9
Ipsala,B_coarse_masked,250,2018,1,0.4695807291941613,7.453038878319628,12
Ipsala,B_coarse_masked,250,2018,2,0.5013232511055237,16.416235677239712,6
Ipsala,B_coarse_masked,250,2018,3,0.5605477737589888,17.665976448666793,10
Ipsala,B_coarse_masked,250,2018,4,0.5345916067375636,25.849782646103854,12
Ipsala,B_coarse_masked,250,2018,5,0.5824969802508042,28.989990298175506,8
Ipsala,B_coarse_masked,250,2018,6,0.46526559405555684,35.28136866110386,12
Ipsala,B_coarse_masked,250,2018,7,0.5040578753665409,37.49633895599767,12
Ipsala,B_coarse_masked,250,2018,8,0.43330350376802507,41.30224447131065,12
Ipsala,B_coarse_masked,250,2018,9,0.3221220180230337,32.51755575334147,11
Ipsala,B_coarse_masked,250,2018,10,0.25609646044960865,24.060180767164386,8
Ipsala,B_coarse_masked,250,2018,11,0.35835171459542087,11.678207769931277,9
Ipsala,B_coarse_masked,250,2018,12,0.400821941443693,2.441785491947359,6
Ipsala,B_coarse_masked,250,2019,1,0.3710285846593494,9.395453485916718,8
Ipsala,B_coarse_masked,250,2019,2,0.4450634003074357,13.31303334392995,10
Ipsala,B_coarse_masked,250,2019,3,0.5591709482155691,19.582174745713,10
Ipsala,B_coarse_masked,250,2019,4,0.6252319213748856,22.557191461418768,8
Ipsala,B_coarse_masked,250,2019,5,0.6741189769344954,30.452241028129144,12
Ipsala,B_coarse_masked,250,2019,6,0.5215172325844188,34.78933679067053,12
Ipsala,B_coarse_masked,250,2019,7,0.43040251059071966,42.04999551587202,12
Ipsala,B_coarse_masked,250,2019,8,0.37006304076849117,41.62158333805331,10
Ipsala,B_coarse_masked,250,2019,9,0.3218505826196534,36.737300328425604,10
Ipsala,B_coarse_masked,250,2019,10,0.28212813819300336,28.991628835543732,12
Ipsala,B_coarse_masked,250,2019,11,0.4077082969356692,18.059776992751942,12
Ipsala,B_coarse_masked,250,2019,12,0.4705165349272298,3.9963908902540712,7
Ipsala,B_coarse_masked,250,2020,1,0.6908405967794669,6.529675695011411,9
Ipsala,B_coarse_masked,250,2020,2,0.4597616402353027,12.378565719448392,9
Ipsala,B_coarse_masked,250,2020,3,0.5110209193757747,16.26166714410179,10
Ipsala,B_coarse_masked,250,2020,4,0.5826052342335235,25.175247506014486,12
Ipsala,B_coarse_masked,250,2020,5,0.5633590912143475,25.50590791290414,11
Ipsala,B_coarse_masked,250,2020,6,0.5083679777299662,35.620191602765146,10
Ipsala,B_coarse_masked,250,2020,7,0.5156367383020702,41.23042820905171,12
Ipsala,B_coarse_masked,250,2020,8,0.3497528263284895,37.21400230696045,10
Ipsala,B_coarse_masked,250,2020,9,0.2807495134114301,41.39833179869723,12
Ipsala,B_coarse_masked,250,2020,10,0.3041907081534534,29.790526812855948,12
Ipsala,B_coarse_masked,250,2020,11,0.3141971293804412,14.115094080388154,6
Ipsala,B_coarse_masked,250,2020,12,0.44383931132314325,12.548102982502337,7
Ipsala,B_coarse_masked,250,2021,1,,,5
Ipsala,B_coarse_masked,250,2021,2,0.5392448154432479,9.931036825160753,11
Ipsala,B_coarse_masked,250,2021,3,0.5506814206050241,17.747439037291418,9
Ipsala,B_coarse_masked,250,2021,4,0.6690199910739937,23.073568508024305,10
Ipsala,B_coarse_masked,250,2021,5,0.5801228313478329,23.97341116246359,11
Ipsala,B_coarse_masked,250,2021,6,0.4506591565253519,39.674681586756535,9
Ipsala,B_coarse_masked,250,2021,7,0.44979575055522414,42.295992264997636,12
Ipsala,B_coarse_masked,250,2021,8,0.3699035006739254,42.57584772849924,12
Ipsala,B_coarse_masked,250,2021,9,0.2978351842361018,36.235234520711714,11
Ipsala,B_coarse_masked,250,2021,10,0.2655219729072209,24.97941363721238,10
Ipsala,B_coarse_masked,250,2021,11,0.27152408696324193,14.205627047916966,12
Ipsala,B_coarse_masked,250,2021,12,0.3626659294507828,11.608960860060693,19
Ipsala,B_coarse_masked,250,2022,1,0.4001015780190492,7.169328385020343,17
Ipsala,B_coarse_masked,250,2022,2,0.3473718281806804,11.599152904318581,18
Ipsala,B_coarse_masked,250,2022,3,0.3646676240034967,17.72474530712126,15
Ipsala,B_coarse_masked,250,2022,4,0.47705038465358535,30.70132544912941,18
Ipsala,B_coarse_masked,250,2022,5,0.5391944432002843,31.53978400960011,20
Ipsala,B_coarse_masked,250,2022,6,0.5340805242714951,37.322292602395166,22
Ipsala,B_coarse_masked,250,2022,7,0.5238527362063007,40.49138184393579,24
Ipsala,B_coarse_masked,250,2022,8,0.48272436158850707,38.35213211808992,22
Ipsala,B_coarse_masked,250,2022,9,0.38164002753367016,34.74158186516832,20
Ipsala,B_coarse_masked,250,2022,10,0.358649705882236,29.101836673848187,23
Ipsala,B_coarse_masked,250,2022,11,0.27576186055238605,20.884528912654844,23
Ipsala,B_coarse_masked,250,2022,12,0.3801937365249112,8.893113645454203,17
Ipsala,B_coarse_masked,250,2023,1,0.593105944286145,12.541722916069444,19
Ipsala,B_coarse_masked,250,2023,2,0.49946143289507217,13.021835048976765,18
Ipsala,B_coarse_masked,250,2023,3,0.6162458073133237,22.315568731331723,16
Ipsala,B_coarse_masked,250,2023,4,0.736186265473344,20.23064056162583,17
Ipsala,B_coarse_masked,250,2023,5,0.7856900925064779,23.564331408112587,21
Ipsala,B_coarse_masked,250,2023,6,0.4278216968557524,35.75909237632765,20
Ipsala,B_coarse_masked,250,2023,7,0.409758252024802,43.714720760669344,22
Ipsala,B_coarse_masked,250,2023,8,0.3530446992649224,44.17849397416065,24
Ipsala,B_coarse_masked,250,2023,9,0.2943498612996158,36.07093124960454,23
Ipsala,B_coarse_masked,250,2023,10,0.2596327909428781,31.043015696725682,24
Ipsala,B_coarse_masked,250,2023,11,0.305967192064565,19.65607845231042,20
Ipsala,B_coarse_masked,250,2023,12,0.33059953484907423,12.529804484395457,11
Ipsala,B_coarse_masked,250,2024,1,0.45855008824660437,10.2972704791767,13
Ipsala,B_coarse_masked,250,2024,2,0.5119237787014729,13.048303377052068,21
Ipsala,B_coarse_masked,250,2024,3,0.592349648475647,16.847478610692974,18
Ipsala,B_coarse_masked,250,2024,4,0.6434006260200077,27.482807769978777,19
Ipsala,B_coarse_masked,250,2024,5,0.48544773800338165,31.01937014317654,19
Ipsala,B_coarse_masked,250,2024,6,0.4928313493448031,41.18517297656373,22
Ipsala,B_coarse_masked,250,2024,7,0.43073470540242853,44.46711206148043,24
Ipsala,B_coarse_masked,250,2024,8,0.3392769065100046,46.47082921623625,24
Ipsala,B_coarse_masked,250,2024,9,0.29518521137282205,36.71395345769071,22
Ipsala,B_coarse_masked,250,2024,10,0.2666147394555334,27.78938609462009,22
Ipsala,B_coarse_masked,250,2024,11,0.2532321963360773,15.764591032564587,16
Ipsala,B_coarse_masked,250,2024,12,0.2962709730448123,13.80397154480623,11
Ipsala,B_coarse_masked,500,2013,4,,,3
Ipsala,B_coarse_masked,500,2013,5,0.6256852977409983,34.20701363168294,8
Ipsala,B_coarse_masked,500,2013,6,0.4060086703643314,36.7099664123725,12
Ipsala,B_coarse_masked,500,2013,7,0.5140104710588863,39.84537629455675,12
Ipsala,B_coarse_masked,500,2013,8,0.3478719085125235,41.26038173339419,12
Ipsala,B_coarse_masked,500,2013,9,0.28066370025683507,34.07810076106643,8
Ipsala,B_coarse_masked,500,2013,10,0.2577904135098253,21.416322189088763,6
Ipsala,B_coarse_masked,500,2013,11,0.2995316238056454,14.90776359644343,10
Ipsala,B_coarse_masked,500,2013,12,0.3569399870609336,5.121285677411235,8
Ipsala,B_coarse_masked,500,2014,1,0.41827399167332924,14.649560946896592,10
Ipsala,B_coarse_masked,500,2014,2,0.464307267309689,13.547414227883747,7
Ipsala,B_coarse_masked,500,2014,3,0.5236296856202611,19.9166706037775,7
Ipsala,B_coarse_masked,500,2014,4,0.6671590023439788,20.00337413759399,7
Ipsala,B_coarse_masked,500,2014,5,0.6454506247869359,30.392236681580737,11
Ipsala,B_coarse_masked,500,2014,6,0.4053056235843563,37.61501189200233,9
Ipsala,B_coarse_masked,500,2014,7,0.5777280413480343,37.6348623509667,12
Ipsala,B_coarse_masked,500,2014,8,0.6682719722740663,33.94729728536139,10
Ipsala,B_coarse_masked,500,2014,9,0.4392764055053959,34.27991098468051,12
Ipsala,B_coarse_masked,500,2014,10,0.2979789597572293,24.549395061888273,10
Ipsala,B_coarse_masked,500,2014,11,0.22777638393160804,14.951746613352265,7
Ipsala,B_coarse_masked,500,2014,12,0.3341704978507179,8.386493668396161,7
Ipsala,B_coarse_masked,500,2015,1,0.3167077855797556,7.095426781521173,10
Ipsala,B_coarse_masked,500,2015,2,0.3088672862724123,7.98092355493089,6
Ipsala,B_coarse_masked,500,2015,3,0.38326897203950383,15.73188480104143,11
Ipsala,B_coarse_masked,500,2015,4,0.6321482780775803,24.288502213344902,9
Ipsala,B_coarse_masked,500,2015,5,0.7505939479531915,35.557946713167034,12
Ipsala,B_coarse_masked,500,2015,6,0.4500464289935059,36.24615601669316,10
Ipsala,B_coarse_masked,500,2015,7,0.45480321325982614,41.894888756391616,12
Ipsala,B_coarse_masked,500,2015,8,0.3885129046643723,41.53181115985782,12
Ipsala,B_coarse_masked,500,2015,9,0.31252425650309607,40.615572676027256,11
Ipsala,B_coarse_masked,500,2015,10,0.28592709263062926,24.509675034537878,8
Ipsala,B_coarse_masked,500,2015,11,0.30465926300750384,17.600843797299312,10
Ipsala,B_coarse_masked,500,2015,12,0.6661898325651119,9.174588471234872,10
Ipsala,B_coarse_masked,500,2016,1,0.43618103121135826,1.3999307364956917,9
Ipsala,B_coarse_masked,500,2016,2,0.41092179950914887,9.234698977195134,8
Ipsala,B_coarse_masked,500,2016,3,0.5538255672945901,22.422019184924245,7
Ipsala,B_coarse_masked,500,2016,4,0.6379913583829512,25.232923914346333,9
Ipsala,B_coarse_masked,500,2016,5,0.4684376250574875,29.147190636981048,12
Ipsala,B_coarse_masked,500,2016,6,0.5311170488851534,39.812967724940194,12
Ipsala,B_coarse_masked,500,2016,7,0.47594119985547156,41.34975413579775,12
Ipsala,B_coarse_masked,500,2016,8,0.3110869635551403,43.2471227348568,12
Ipsala,B_coarse_masked,500,2016,9,0.3825671055295446,32.51430331026037,10
Ipsala,B_coarse_masked,500,2016,10,0.25336029992966697,31.100210635199506,10
Ipsala,B_coarse_masked,500,2016,11,0.23924171798618912,15.432845858283589,12
Ipsala,B_coarse_masked,500,2016,12,0.3099468020164836,8.179993073868845,8
Ipsala,B_coarse_masked,500,2017,1,0.5224391206147824,0.3591108414766046,10
Ipsala,B_coarse_masked,500,2017,2,0.3386035268436571,10.777171717249523,7
Ipsala,B_coarse_masked,500,2017,3,0.5229278140712929,17.938940429662686,10
Ipsala,B_coarse_masked,500,2017,4,0.6736883533230287,24.987943556096013,11
Ipsala,B_coarse_masked,500,2017,5,0.6532317384014843,32.547753200988865,11
Ipsala,B_coarse_masked,500,2017,6,0.4702657318783959,39.20788018840245,12
Ipsala,B_coarse_masked,500,2017,7,0.4269516196244927,41.1330828881419,10
Ipsala,B_coarse_masked,500,2017,8,0.4090362811307264,40.1629417293197,12
Ipsala,B_coarse_masked,500,2017,9,0.2956811166205828,40.013095735502326,12
Ipsala,B_coarse_masked,500,2017,10,0.2686435687611069,25.891992820771975,12
Ipsala,B_coarse_masked,500,2017,11,0.3793718696893702,14.401737574432914,11
Ipsala,B_coarse_masked,500,2017,12,0.45395872927341063,12.303127037522529,9
Ipsala,B_coarse_masked,500,2018,1,0.46923820112419956,7.456278800948838,12
Ipsala,B_coarse_masked,500,2018,2,0.5010596512072637,16.418597425529665,6
Ipsala,B_coarse_masked,500,2018,3,0.5602659361826123,17.669294688887828,10
Ipsala,B_coarse_masked,500,2018,4,0.5345374760966314,25.867661471031358,12
Ipsala,B_coarse_masked,500,2018,5,0.5827334990338281,28.990755420137873,8
Ipsala,B_coarse_masked,500,2018,6,0.46561796281876744,35.2854093820105,12
Ipsala,B_coarse_masked,500,2018,7,0.5043083632124454,37.492437088482724,12
Ipsala,B_coarse_masked,500,2018,8,0.43206822913348797,41.3077294381634,12
Ipsala,B_coarse_masked,500,2018,9,0.321942492652575,32.5328575245035,11
Ipsala,B_coarse_masked,500,2018,10,0.25574709938113765,24.074151359328855,8
Ipsala,B_coarse_masked,500,2018,11,0.35825540969328323,11.67853154576543,9
Ipsala,B_coarse_masked,500,2018,12,0.401551173257606,2.442436629376556,6
Ipsala,B_coarse_masked,500,2019,1,0.3708655212744517,9.398814439110193,8
Ipsala,B_coarse_masked,500,2019,2,0.44548719591829455,13.315194910391726,10
Ipsala,B_coarse_masked,500,2019,3,0.55954877539677,19.578015069958937,10
Ipsala,B_coarse_masked,500,2019,4,0.6257174376693085,22.55237402437891,8
Ipsala,B_coarse_masked,500,2019,5,0.6749181164187554,30.458708445885197,12
Ipsala,B_coarse_masked,500,2019,6,0.5208159012810535,34.78608972770217,12
Ipsala,B_coarse_masked,500,2019,7,0.4298313983115006,42.04911097612573,12
Ipsala,B_coarse_masked,500,2019,8,0.36961234286580785,41.62329778972486,10
Ipsala,B_coarse_masked,500,2019,9,0.32143026583760825,36.73740338506908,10
Ipsala,B_coarse_masked,500,2019,10,0.2818688159762611,28.99065872345606,12
Ipsala,B_coarse_masked,500,2019,11,0.4070730440262135,18.063370013974033,12
Ipsala,B_coarse_masked,500,2019,12,0.46930633228178664,3.989633544823232,7
Ipsala,B_coarse_masked,500,2020,1,0.6907721247501716,6.532076683068089,9
Ipsala,B_coarse_masked,500,2020,2,0.4593599753130565,12.380359205715813,9
Ipsala,B_coarse_masked,500,2020,3,0.5109050208457007,16.26260923618608,10
Ipsala,B_coarse_masked,500,2020,4,0.5822161810808452,25.1835068824027,12
Ipsala,B_coarse_masked,500,2020,5,0.5625359469701934,25.513447158508132,11
Ipsala,B_coarse_masked,500,2020,6,0.5089422602905406,35.6139882191004,10
Ipsala,B_coarse_masked,500,2020,7,0.5167829386690367,41.23318348651243,12
Ipsala,B_coarse_masked,500,2020,8,0.3500108678187615,37.21873087814251,10
Ipsala,B_coarse_masked,500,2020,9,0.2806943891269771,41.40283865776178,12
Ipsala,B_coarse_masked,500,2020,10,0.304248044845557,29.795758528868728,12
Ipsala,B_coarse_masked,500,2020,11,0.3206478885503916,14.113657602253298,6
Ipsala,B_coarse_masked,500,2020,12,0.4437322008909429,12.548915672518781,7
Ipsala,B_coarse_masked,500,2021,1,,,5
Ipsala,B_coarse_masked,500,2021,2,0.5393279006294154,9.930922738547471,11
Ipsala,B_coarse_masked,500,2021,3,0.5510590931123732,17.745085828013277,9
Ipsala,B_coarse_masked,500,2021,4,0.6692946886612198,23.083584286698827,10
Ipsala,B_coarse_masked,500,2021,5,0.583385998294467,23.977275807977712,11
Ipsala,B_coarse_masked,500,2021,6,0.4507309402225599,39.670262759005794,9
Ipsala,B_coarse_masked,500,2021,7,0.44955853041885685,42.29535411164061,12
Ipsala,B_coarse_masked,500,2021,8,0.36927900162853367,42.57875761721934,12
Ipsala,B_coarse_masked,500,2021,9,0.2972429075571461,36.222604582359054,11
Ipsala,B_coarse_masked,500,2021,10,0.2666974366734737,24.97890897464686,10
Ipsala,B_coarse_masked,500,2021,11,0.27137078497324574,14.218350381145243,12
Ipsala,B_coarse_masked,500,2021,12,0.3628373442168597,11.608567335897797,19
Ipsala,B_coarse_masked,900,2013,4,,,3
Ipsala,B_coarse_masked,900,2013,5,0.6271466950261833,34.18660208057233,8
Ipsala,B_coarse_masked,900,2013,6,0.4080442717086415,36.69965809030953,12
Ipsala,B_coarse_masked,900,2013,7,0.5111962839223249,39.8582957792236,12
Ipsala,B_coarse_masked,900,2013,8,0.34560476428280157,41.245052687723515,12
Ipsala,B_coarse_masked,900,2013,9,0.28096066271531767,34.07916973969692,8
Ipsala,B_coarse_masked,900,2013,10,0.2576640313188071,21.417384473432758,6
Ipsala,B_coarse_masked,900,2013,11,0.2998410341805432,14.901682887782597,10
Ipsala,B_coarse_masked,900,2013,12,0.3566887040170213,5.118665184279489,8
Ipsala,B_coarse_masked,900,2014,1,0.41806650653626815,14.662794443647565,10
Ipsala,B_coarse_masked,900,2014,2,0.46478533040570724,13.55815336005379,7
Ipsala,B_coarse_masked,900,2014,3,0.5228889819985545,19.996122617190395,7
Ipsala,B_coarse_masked,900,2014,4,0.6658944517972076,19.998120803413943,7
Ipsala,B_coarse_masked,900,2014,5,0.6449708619139894,30.392021199525292,11
Ipsala,B_coarse_masked,900,2014,6,0.4064934421334977,37.61626610528588,9
Ipsala,B_coarse_masked,900,2014,7,0.578564876149084,37.60770545649721,12
Ipsala,B_coarse_masked,900,2014,8,0.6708567555400596,33.94404210566814,10
Ipsala,B_coarse_masked,900,2014,9,0.4398851642316289,34.292028141702744,12
Ipsala,B_coarse_masked,900,2014,10,0.2970706266952261,24.559681369771297,10
Ipsala,B_coarse_masked,900,2014,11,0.2282265682705335,14.959937728676692,7
Ipsala,B_coarse_masked,900,2014,12,0.3350792211083336,8.382679050671767,7
Ipsala,B_coarse_masked,900,2015,1,0.31884848126801124,7.1038645647521115,10
Ipsala,B_coarse_masked,900,2015,2,0.30932962761794563,8.010200320878946,6
Ipsala,B_coarse_masked,900,2015,3,0.3845919008747654,15.72683690760305,11
Ipsala,B_coarse_masked,900,2015,4,0.6306644448025586,24.2691099440012,9
Ipsala,B_coarse_masked,900,2015,5,0.7411552829141835,35.56179388728515,12
Ipsala,B_coarse_masked,900,2015,6,0.45017709547494933,36.2289795837454,10
Ipsala,B_coarse_masked,900,2015,7,0.45496109119645145,41.88572756109515,12
Ipsala,B_coarse_masked,900,2015,8,0.38925921586249335,41.54257858263041,12
Ipsala,B_coarse_masked,900,2015,9,0.31088529157168737,40.59571973416716,11
Ipsala,B_coarse_masked,900,2015,10,0.28516045535982454,24.50307059770479,8
Ipsala,B_coarse_masked,900,2015,11,0.30179341809586857,17.55388980966865,10
Ipsala,B_coarse_masked,900,2015,12,0.678428553044796,9.244658048641526,10
Ipsala,B_coarse_masked,900,2016,1,0.4349053466260104,1.4294512746128354,9
Ipsala,B_coarse_masked,900,2016,2,0.4822055399417877,9.337852884159542,8
Ipsala,B_coarse_masked,900,2016,3,0.5538199589096637,22.43297959668039,7
Ipsala,B_coarse_masked,900,2016,4,0.6351076565339014,25.250164233165105,9
Ipsala,B_coarse_masked,900,2016,5,0.7594226747751236,28.322681514725186,12
Ipsala,B_coarse_masked,900,2016,6,0.5361938110639304,39.76682144032084,12
Ipsala,B_coarse_masked,900,2016,7,0.4772452864144606,41.32699761552943,12
Ipsala,B_coarse_masked,900,2016,8,0.3115942938344845,43.256600625627144,12
Ipsala,B_coarse_masked,900,2016,9,0.37708353419457713,32.27406657649378,10
Ipsala,B_coarse_masked,900,2016,10,0.2528413360178512,31.032222179358804,10
Ipsala,B_coarse_masked,900,2016,11,0.2388546533825031,15.461618392563292,12
Ipsala,B_coarse_masked,900,2016,12,0.31908581352405,8.18030677978578,8
Ipsala,B_coarse_masked,900,2017,1,0.5247372180223464,0.3585721871705507,10
Ipsala,B_coarse_masked,900,2017,2,0.3385587860050712,10.831733942515188,7
Ipsala,B_coarse_masked,900,2017,3,0.5226964855724536,17.944900462721115,10
Ipsala,B_coarse_masked,900,2017,4,0.6652460218800439,24.972313535899048,11
Ipsala,B_coarse_masked,900,2017,5,0.6540542790694719,32.49737749035665,11
Ipsala,B_coarse_masked,900,2017,6,0.7216920256614685,35.295090602165914,12
Ipsala,B_coarse_masked,900,2017,7,0.42736777431818274,41.14377305382228,10
Ipsala,B_coarse_masked,900,2017,8,0.40713761436389745,40.158511733624266,12
Ipsala,B_coarse_masked,900,2017,9,0.2946298173502096,40.007026368047306,12
Ipsala,B_coarse_masked,900,2017,10,0.26802931672760416,25.88875856021549,12
Ipsala,B_coarse_masked,900,2017,11,0.37731473623064504,14.399735906512824,11
Ipsala,B_coarse_masked,900,2017,12,0.4510491548944011,12.309681117340475,9
Ipsala,B_coarse_masked,900,2018,1,0.46873828986370486,7.4591680149871795,12
Ipsala,B_coarse_masked,900,2018,2,0.5005238568980352,16.431498823190054,6
Ipsala,B_coarse_masked,900,2018,3,0.5598533834279177,17.671054511449274,10
Ipsala,B_coarse_masked,900,2018,4,0.5344170240384531,25.90430800637072,12
Ipsala,B_coarse_masked,900,2018,5,0.5821122611404224,28.987139927603486,8
Ipsala,B_coarse_masked,900,2018,6,0.4704538355851503,35.284541689070814,12
Ipsala,B_coarse_masked,900,2018,7,0.508891765306406,37.46295915775577,12
Ipsala,B_coarse_masked,900,2018,8,0.43585217616684985,41.286282924656916,12
Ipsala,B_coarse_masked,900,2018,9,0.32182869708285594,32.58695187828754,11
Ipsala,B_coarse_masked,900,2018,10,0.2554360722575479,24.048859260839933,8
Ipsala,B_coarse_masked,900,2018,11,0.3579600752898136,11.686634598882307,9
Ipsala,B_coarse_masked,900,2018,12,0.40122344516877445,2.452897789148763,6
Ipsala,B_coarse_masked,900,2019,1,0.3710577474709288,9.400113746571336,8
Ipsala,B_coarse_masked,900,2019,2,0.4453995119859668,13.316337058580627,10
Ipsala,B_coarse_masked,900,2019,3,0.559033852826339,19.56568600887658,10
Ipsala,B_coarse_masked,900,2019,4,0.6256403801346138,22.542702689666612,8
Ipsala,B_coarse_masked,900,2019,5,0.6778724274357608,30.46336447683257,12
Ipsala,B_coarse_masked,900,2019,6,0.5186338473247132,34.76218293009766,12
Ipsala,B_coarse_masked,900,2019,7,0.42978775594822916,42.02297323431624,12
Ipsala,B_coarse_masked,900,2019,8,0.36783789607913353,41.6162618598833,10
Ipsala,B_coarse_masked,900,2019,9,0.32199173377922186,36.71915437463578,10
Ipsala,B_coarse_masked,900,2019,10,0.2814206780210093,28.98698197500444,12
Ipsala,B_coarse_masked,900,2019,11,0.4044477170133889,18.06138539108421,12
Ipsala,B_coarse_masked,900,2019,12,0.46893443916764327,3.9681605775463966,7
Ipsala,B_coarse_masked,900,2020,1,0.6466493690223024,6.546568514426636,9
Ipsala,B_coarse_masked,900,2020,2,0.45977041323191803,12.373633372273869,9
Ipsala,B_coarse_masked,900,2020,3,0.5106854550002302,16.256316157012133,10
Ipsala,B_coarse_masked,900,2020,4,0.5814242464338643,25.18024373721503,12
Ipsala,B_coarse_masked,900,2020,5,0.5623010897807235,25.533201009185586,11
Ipsala,B_coarse_masked,900,2020,6,0.5106962575094302,35.59665842434714,10
Ipsala,B_coarse_masked,900,2020,7,0.5176554710933693,41.23049129270025,12
Ipsala,B_coarse_masked,900,2020,8,0.35086074941430173,37.21459983277617,10
Ipsala,B_coarse_masked,900,2020,9,0.2804054770230383,41.399050806639586,12
Ipsala,B_coarse_masked,900,2020,10,0.3046941092898092,29.80412804072177,12
Ipsala,B_coarse_masked,900,2020,11,0.31832548866146493,14.115152205376615,6
Ipsala,B_coarse_masked,900,2020,12,0.44280703218175155,12.534956257374656,7
Ipsala,B_coarse_masked,900,2021,1,,,5
Ipsala,B_coarse_masked,900,2021,2,0.5356796830089887,9.905560421533306,11
Ipsala,B_coarse_masked,900,2021,3,0.5508945567592409,17.733870367245085,9
Ipsala,B_coarse_masked,900,2021,4,0.6689600115812071,23.19003955310186,10
Ipsala,B_coarse_masked,900,2021,5,0.6130099892616272,24.098222549444117,11
Ipsala,B_coarse_masked,900,2021,6,0.4534817964441274,39.63240116591618,9
Ipsala,B_coarse_masked,900,2021,7,0.4470422278651459,42.29156983323922,12
Ipsala,B_coarse_masked,900,2021,8,0.3668850175633374,42.589064666748676,12
Ipsala,B_coarse_masked,900,2021,9,0.2964921515751857,36.19317453563473,11
Ipsala,B_coarse_masked,900,2021,10,0.2751150782557299,24.974883469568802,10
Ipsala,B_coarse_masked,900,2021,11,0.27249732965877815,14.227354125902849,12
Ipsala,B_coarse_masked,900,2021,12,0.36328660184761724,11.614425352014111,19
Ipsala,B_coarse_masked,900,2023,1,0.5953081169591216,12.54540442995489,19
Ipsala,B_coarse_masked,900,2023,2,0.49872820760820114,13.030098809115607,18
Ipsala,B_coarse_masked,900,2023,3,0.6302180450013346,22.475353201825353,16
Ipsala,B_coarse_masked,900,2023,4,0.7331997795441598,20.217506828073976,17
Ipsala,B_coarse_masked,900,2023,5,0.7807266165812812,23.70067938619312,21
Ipsala,B_coarse_masked,900,2023,6,0.42819851568539097,35.796279444115484,20
Ipsala,B_coarse_masked,900,2023,7,0.4111175920593778,43.71687534954408,22
Ipsala,B_coarse_masked,900,2023,8,0.35008863033145704,44.187252097689466,24
Ipsala,B_coarse_masked,900,2023,9,0.2953753569136819,36.06483370290812,23
Ipsala,B_coarse_masked,900,2023,10,0.26003276741756964,31.03965631847677,24
Ipsala,B_coarse_masked,900,2023,11,0.30522257899751293,19.653790836994517,20
Ipsala,B_coarse_masked,900,2023,12,0.3311991019713502,12.499402187161802,11
Ipsala,B_coarse_masked,900,2024,1,0.4593421255775274,10.299575268380874,13
Ipsala,B_coarse_masked,900,2024,2,0.5156788229942322,13.047583362967266,21
Ipsala,B_coarse_masked,900,2024,3,0.5794166040223085,17.172033642192677,18
Ipsala,B_coarse_masked,900,2024,4,0.6423802212313497,27.46751067278039,19
Ipsala,B_coarse_masked,900,2024,5,0.4866944966205448,31.013076364551168,19
Ipsala,B_coarse_masked,900,2024,6,0.4960000274482785,41.17274853324575,22
Ipsala,B_coarse_masked,900,2024,7,0.433244836006769,44.4779920933972,24
Ipsala,B_coarse_masked,900,2024,8,0.33806572532543866,46.47701892526733,24
Ipsala,B_coarse_masked,900,2024,9,0.29694668115108236,36.713855972126765,22
Ipsala,B_coarse_masked,900,2024,10,0.2657558780606707,27.79052054014046,22
Ipsala,B_coarse_masked,900,2024,11,0.2529002850755976,15.752217645319751,16
Ipsala,B_coarse_masked,900,2024,12,0.29639435379295787,13.82423160795437,11
Ipsala,C_coarse_unmasked,250,2013,4,,,3
Ipsala,C_coarse_unmasked,250,2013,5,0.45129741557849534,33.992678965811656,8
Ipsala,C_coarse_unmasked,250,2013,6,0.5099518424801712,35.39652538560423,12
Ipsala,C_coarse_unmasked,250,2013,7,0.5442137650088495,36.821425369777586,12
Ipsala,C_coarse_unmasked,250,2013,8,0.4957226362045095,37.88962845231335,12
Ipsala,C_coarse_unmasked,250,2013,9,0.416093817739092,31.342354247230517,8
Ipsala,C_coarse_unmasked,250,2013,10,0.3199260942540541,20.914765817833594,6
Ipsala,C_coarse_unmasked,250,2013,11,0.31333618189092227,14.06313317159297,10
Ipsala,C_coarse_unmasked,250,2013,12,0.3749803491204589,5.001963892502248,8
Ipsala,C_coarse_unmasked,250,2014,1,0.42809090782862536,12.233289759566018,10
Ipsala,C_coarse_unmasked,250,2014,2,0.4653058643147189,9.486071748141809,7
Ipsala,C_coarse_unmasked,250,2014,3,0.5021447596561972,19.138809834615156,7
Ipsala,C_coarse_unmasked,250,2014,4,0.6351807683852109,19.69542100069273,7
Ipsala,C_coarse_unmasked,250,2014,5,0.6217968285219868,28.711442563851556,11
Ipsala,C_coarse_unmasked,250,2014,6,0.462313169141125,33.35815937316779,9
Ipsala,C_coarse_unmasked,250,2014,7,0.5879292446213388,35.64592988330373,12
Ipsala,C_coarse_unmasked,250,2014,8,0.6335400061136605,32.99393813826058,10
Ipsala,C_coarse_unmasked,250,2014,9,0.5571443005099407,32.48661892980924,12
Ipsala,C_coarse_unmasked,250,2014,10,0.33356204164812014,22.936695595331244,10
Ipsala,C_coarse_unmasked,250,2014,11,0.24013862720715184,14.453053656221366,7
Ipsala,C_coarse_unmasked,250,2014,12,0.22352768495791972,8.558744666509254,7
Ipsala,C_coarse_unmasked,250,2015,1,0.3088455238314901,6.472647228253325,10
Ipsala,C_coarse_unmasked,250,2015,2,0.2843795338369087,7.969737428450785,6
Ipsala,C_coarse_unmasked,250,2015,3,0.3176493454399543,15.56745028529206,11
Ipsala,C_coarse_unmasked,250,2015,4,0.6124843715231848,23.38360139363986,9
Ipsala,C_coarse_unmasked,250,2015,5,0.6235417274833375,34.612803863601314,12
Ipsala,C_coarse_unmasked,250,2015,6,0.4549153693280196,34.96239771646855,10
Ipsala,C_coarse_unmasked,250,2015,7,0.5510618818616854,37.71525435092214,12
Ipsala,C_coarse_unmasked,250,2015,8,0.6325419369836702,36.93598486682153,12
Ipsala,C_coarse_unmasked,250,2015,9,0.4454129986229108,36.28203463265224,11
Ipsala,C_coarse_unmasked,250,2015,10,0.330319961647488,23.170955396714835,8
Ipsala,C_coarse_unmasked,250,2015,11,0.3399591075724025,16.474412260862653,10
Ipsala,C_coarse_unmasked,250,2015,12,0.6743407355595942,8.155285490787966,10
Ipsala,C_coarse_unmasked,250,2016,1,0.3819389050532255,1.7095472424534595,9
Ipsala,C_coarse_unmasked,250,2016,2,0.44698014111158624,8.566975079753353,8
Ipsala,C_coarse_unmasked,250,2016,3,0.5234915768695588,21.325017300371712,7
Ipsala,C_coarse_unmasked,250,2016,4,0.5082289957138975,25.45191044162949,9
Ipsala,C_coarse_unmasked,250,2016,5,0.47468582649264973,27.82310611302796,12
Ipsala,C_coarse_unmasked,250,2016,6,0.4880047548885067,38.044740547496964,12
Ipsala,C_coarse_unmasked,250,2016,7,0.5553612399544701,37.85184239928812,12
Ipsala,C_coarse_unmasked,250,2016,8,0.4848155978576279,38.29108576072551,12
Ipsala,C_coarse_unmasked,250,2016,9,0.45746820362294194,29.03454494501607,10
Ipsala,C_coarse_unmasked,250,2016,10,0.3470832308722958,28.654289490187455,10
Ipsala,C_coarse_unmasked,250,2016,11,0.2766572294966818,14.219746153365394,12
Ipsala,C_coarse_unmasked,250,2016,12,0.29836065682025936,6.724673893512788,8
Ipsala,C_coarse_unmasked,250,2017,1,0.535217123916733,0.8091553090615147,10
Ipsala,C_coarse_unmasked,250,2017,2,0.3026850814816173,8.573331999261374,7
Ipsala,C_coarse_unmasked,250,2017,3,0.4353438679506518,17.701972575704893,10
Ipsala,C_coarse_unmasked,250,2017,4,0.5117426531950161,25.219409758959603,11
Ipsala,C_coarse_unmasked,250,2017,5,0.5302264833687312,32.30593275127004,11
Ipsala,C_coarse_unmasked,250,2017,6,0.5253303407878592,34.83289958892511,12
Ipsala,C_coarse_unmasked,250,2017,7,0.5317040396918391,37.98511895985783,10
Ipsala,C_coarse_unmasked,250,2017,8,0.5209171127821218,36.45419997922209,12
Ipsala,C_coarse_unmasked,250,2017,9,0.44381006802676654,35.831689473949375,12
Ipsala,C_coarse_unmasked,250,2017,10,0.3752932278538742,24.309360460193147,12
Ipsala,C_coarse_unmasked,250,2017,11,0.4055429575047493,13.858405020072368,11
Ipsala,C_coarse_unmasked,250,2017,12,0.46750264747427717,11.521339601818966,9
Ipsala,C_coarse_unmasked,250,2018,1,0.42681068690023655,6.754854663736975,12
Ipsala,C_coarse_unmasked,250,2018,2,0.4971958717572389,15.165803852312843,6
Ipsala,C_coarse_unmasked,250,2018,3,0.5023278997948141,16.448082972317003,10
Ipsala,C_coarse_unmasked,250,2018,4,0.5686525834047393,24.127370934497225,12
Ipsala,C_coarse_unmasked,250,2018,5,0.5833323708366877,27.64838687924516,8
Ipsala,C_coarse_unmasked,250,2018,6,0.4661193325084452,33.32738647121613,12
Ipsala,C_coarse_unmasked,250,2018,7,0.6236014979954393,34.666650832181794,12
Ipsala,C_coarse_unmasked,250,2018,8,0.5702340111415565,36.71948685939008,12
Ipsala,C_coarse_unmasked,250,2018,9,0.472542496046491,30.408895598822618,11
Ipsala,C_coarse_unmasked,250,2018,10,0.3406506157056812,22.797943264522182,8
Ipsala,C_coarse_unmasked,250,2018,11,0.3462359293333745,12.650632033174322,9
Ipsala,C_coarse_unmasked,250,2018,12,0.36671228423294455,2.3350532193285694,6
Ipsala,C_coarse_unmasked,250,2019,1,0.3570623831220528,8.949720775436674,8
Ipsala,C_coarse_unmasked,250,2019,2,0.3924747260180471,12.752608904511703,10
Ipsala,C_coarse_unmasked,250,2019,3,0.44246725119297386,19.20986508491468,10
Ipsala,C_coarse_unmasked,250,2019,4,0.4961733916422525,23.072242707035866,8
Ipsala,C_coarse_unmasked,250,2019,5,0.4806294007232797,30.328169476503362,12
Ipsala,C_coarse_unmasked,250,2019,6,0.5321832374575333,33.27975884671768,12
Ipsala,C_coarse_unmasked,250,2019,7,0.5625907650390798,37.77696572631295,12
Ipsala,C_coarse_unmasked,250,2019,8,0.5088877089641426,37.50938736626994,10
Ipsala,C_coarse_unmasked,250,2019,9,0.4407001650501805,33.718848150822225,10
Ipsala,C_coarse_unmasked,250,2019,10,0.35739298849167234,27.65711398442707,12
Ipsala,C_coarse_unmasked,250,2019,11,0.4199013922559812,16.19339663809024,12
Ipsala,C_coarse_unmasked,250,2019,12,0.4793545207601432,4.206780103736103,7
Ipsala,C_coarse_unmasked,250,2020,1,0.6764767798329594,5.98220069780986,9
Ipsala,C_coarse_unmasked,250,2020,2,0.4362838249754491,11.631415486620881,9
Ipsala,C_coarse_unmasked,250,2020,3,0.5376253499801331,15.652461703089703,10
Ipsala,C_coarse_unmasked,250,2020,4,0.565103162833167,23.909719686962447,12
Ipsala,C_coarse_unmasked,250,2020,5,0.5815310807548015,25.302552270373017,11
Ipsala,C_coarse_unmasked,250,2020,6,0.49577299222593135,34.087767126761115,10
Ipsala,C_coarse_unmasked,250,2020,7,0.5483236770647864,38.499125585578504,12
Ipsala,C_coarse_unmasked,250,2020,8,0.5438892099772986,34.18895324023909,10
Ipsala,C_coarse_unmasked,250,2020,9,0.44694837969499857,34.413142293682355,12
Ipsala,C_coarse_unmasked,250,2020,10,0.3559922940107516,27.79602372121559,12
Ipsala,C_coarse_unmasked,250,2020,11,0.29422292995153443,13.236502083962488,6
Ipsala,C_coarse_unmasked,250,2020,12,0.4848055438120427,12.715232354693725,7
Ipsala,C_coarse_unmasked,250,2021,1,,,5
Ipsala,C_coarse_unmasked,250,2021,2,0.5093279164200937,9.17692938213369,11
Ipsala,C_coarse_unmasked,250,2021,3,0.42308004929968623,16.086527158273213,9
Ipsala,C_coarse_unmasked,250,2021,4,0.577613688222975,24.190227361711642,10
Ipsala,C_coarse_unmasked,250,2021,5,0.4840609208584124,24.60967647233184,11
Ipsala,C_coarse_unmasked,250,2021,6,0.637078881028689,34.52653008315458,9
Ipsala,C_coarse_unmasked,250,2021,7,0.5396935160239875,38.92437684319977,12
Ipsala,C_coarse_unmasked,250,2021,8,0.5085716238164509,38.79941961545365,12
Ipsala,C_coarse_unmasked,250,2021,9,0.43667818796952956,33.04118728486975,11
Ipsala,C_coarse_unmasked,250,2021,10,0.3000119824880782,23.740601323843514,10
Ipsala,C_coarse_unmasked,250,2021,11,0.3032841963389646,13.393597040440977,12
Ipsala,C_coarse_unmasked,250,2021,12,0.3904558085029271,11.298679057739356,19
Ipsala,C_coarse_unmasked,250,2022,1,0.37318980114563177,5.781994640392706,17
Ipsala,C_coarse_unmasked,250,2022,2,0.3600169384739629,10.67190296495199,18
Ipsala,C_coarse_unmasked,250,2022,3,0.37088570693857115,15.968088917238902,15
Ipsala,C_coarse_unmasked,250,2022,4,0.47160255657941713,28.95691542221991,18
Ipsala,C_coarse_unmasked,250,2022,5,0.4870544099102752,30.027493784867936,20
Ipsala,C_coarse_unmasked,250,2022,6,0.5395325811731839,34.807766999758144,22
Ipsala,C_coarse_unmasked,250,2022,7,0.5343376761443501,37.853389876216234,24
Ipsala,C_coarse_unmasked,250,2022,8,0.6712797594609968,35.29374389059689,22
Ipsala,C_coarse_unmasked,250,2022,9,0.5078148671351937,31.71813178152878,20
Ipsala,C_coarse_unmasked,250,2022,10,0.4387420769967284,27.36546887347843,23
Ipsala,C_coarse_unmasked,250,2022,11,0.2762379299169849,19.97781182049818,23
Ipsala,C_coarse_unmasked,250,2022,12,0.36428269074161385,8.814511625791303,17
Ipsala,C_coarse_unmasked,250,2023,1,0.5525899673287843,12.131425683266245,19
Ipsala,C_coarse_unmasked,250,2023,2,0.4186712528850522,12.026111530903698,18
Ipsala,C_coarse_unmasked,250,2023,3,0.5562256500074687,21.714280772955153,16
Ipsala,C_coarse_unmasked,250,2023,4,0.6755350096525212,20.73628412308273,17
Ipsala,C_coarse_unmasked,250,2023,5,0.7859700458104154,23.55817853600053,21
Ipsala,C_coarse_unmasked,250,2023,6,0.44221589123133886,34.43695318029945,20
Ipsala,C_coarse_unmasked,250,2023,7,0.5168261140134901,40.07661024229428,22
Ipsala,C_coarse_unmasked,250,2023,8,0.5277577064105202,39.63497181515471,24
Ipsala,C_coarse_unmasked,250,2023,9,0.526545578433904,32.944445814544714,23
Ipsala,C_coarse_unmasked,250,2023,10,0.3301439433644242,29.218485218091885,24
Ipsala,C_coarse_unmasked,250,2023,11,0.3415253295186121,19.37549191196311,20
Ipsala,C_coarse_unmasked,250,2023,12,0.543438732624054,10.138316189963104,11
Ipsala,C_coarse_unmasked,250,2024,1,0.6442487780085844,9.82286236473648,13
Ipsala,C_coarse_unmasked,250,2024,2,0.47189877137703734,11.980683175529842,21
Ipsala,C_coarse_unmasked,250,2024,3,0.5248222418274661,16.905998402424984,18
Ipsala,C_coarse_unmasked,250,2024,4,0.6537175822540848,26.76134794633278,19
Ipsala,C_coarse_unmasked,250,2024,5,0.472247007479676,28.63409280706378,19
Ipsala,C_coarse_unmasked,250,2024,6,0.4660392562165708,39.0410005636238,22
Ipsala,C_coarse_unmasked,250,2024,7,0.4789478110737031,40.6270729645807,24
Ipsala,C_coarse_unmasked,250,2024,8,0.47144095969665173,41.37487342236626,24
Ipsala,C_coarse_unmasked,250,2024,9,0.45880059155174663,33.46555469361006,22
Ipsala,C_coarse_unmasked,250,2024,10,0.35647168778546423,26.02022446323803,22
Ipsala,C_coarse_unmasked,250,2024,11,0.2874804123960192,15.217138716441115,16
Ipsala,C_coarse_unmasked,250,2024,12,0.3184544142566048,13.294563434763422,11
Ipsala,C_coarse_unmasked,500,2013,4,,,3
Ipsala,C_coarse_unmasked,500,2013,5,0.4514075226148603,33.988325536145254,8
Ipsala,C_coarse_unmasked,500,2013,6,0.5099102398418267,35.39590846852533,12
Ipsala,C_coarse_unmasked,500,2013,7,0.5443540319652984,36.8189930012508,12
Ipsala,C_coarse_unmasked,500,2013,8,0.4957980912838077,37.88847827638275,12
Ipsala,C_coarse_unmasked,500,2013,9,0.4159199366106112,31.33737962330882,8
Ipsala,C_coarse_unmasked,500,2013,10,0.31850824984208054,20.914424287647638,6
Ipsala,C_coarse_unmasked,500,2013,11,0.3133147584572867,14.081713159901241,10
Ipsala,C_coarse_unmasked,500,2013,12,0.3750419199814584,5.0010241550873475,8
Ipsala,C_coarse_unmasked,500,2014,1,0.4280673188476771,12.23617691059782,10
Ipsala,C_coarse_unmasked,500,2014,2,0.46503829147018216,9.472056074619958,7
Ipsala,C_coarse_unmasked,500,2014,3,0.5018018964115766,19.13963826392963,7
Ipsala,C_coarse_unmasked,500,2014,4,0.6354262226365001,19.697152494126343,7
Ipsala,C_coarse_unmasked,500,2014,5,0.6219627466697703,28.712797672865296,11
Ipsala,C_coarse_unmasked,500,2014,6,0.4623902782397741,33.356029374046685,9
Ipsala,C_coarse_unmasked,500,2014,7,0.5879887336049882,35.635410059175086,12
Ipsala,C_coarse_unmasked,500,2014,8,0.6336509461659847,32.987873152889826,10
Ipsala,C_coarse_unmasked,500,2014,9,0.5570091944344098,32.48293731864037,12
Ipsala,C_coarse_unmasked,500,2014,10,0.33408129982809215,22.93300439185984,10
Ipsala,C_coarse_unmasked,500,2014,11,0.24032208603421082,14.453367748003544,7
Ipsala,C_coarse_unmasked,500,2014,12,0.22369538066686404,8.555694894289084,7
Ipsala,C_coarse_unmasked,500,2015,1,0.3085777839584068,6.470305440896486,10
Ipsala,C_coarse_unmasked,500,2015,2,0.28757806442807166,7.944155895143694,6
Ipsala,C_coarse_unmasked,500,2015,3,0.31774405657516547,15.437105066051473,11
Ipsala,C_coarse_unmasked,500,2015,4,0.610948571183259,23.38995512104471,9
Ipsala,C_coarse_unmasked,500,2015,5,0.6255873351726893,34.624042891599636,12
Ipsala,C_coarse_unmasked,500,2015,6,0.4548831501126347,34.95704852843834,10
Ipsala,C_coarse_unmasked,500,2015,7,0.5511034582719543,37.71086553740101,12
Ipsala,C_coarse_unmasked,500,2015,8,0.6321946606396915,36.92914092596312,12
Ipsala,C_coarse_unmasked,500,2015,9,0.44661443604385204,36.27555283060159,11
Ipsala,C_coarse_unmasked,500,2015,10,0.33067791789145057,23.166336812078764,8
Ipsala,C_coarse_unmasked,500,2015,11,0.3390846768036264,16.47027420974367,10
Ipsala,C_coarse_unmasked,500,2015,12,0.67589147399973,8.437314816055839,10
Ipsala,C_coarse_unmasked,500,2016,1,0.38177754691472615,1.7091145806285737,9
Ipsala,C_coarse_unmasked,500,2016,2,0.44430334519348097,8.512287870300078,8
Ipsala,C_coarse_unmasked,500,2016,3,0.523335283832862,21.325380625829506,7
Ipsala,C_coarse_unmasked,500,2016,4,0.5080715551827111,25.449146791791478,9
Ipsala,C_coarse_unmasked,500,2016,5,0.4742659841297586,27.802323939422998,12
Ipsala,C_coarse_unmasked,500,2016,6,0.48821300202855583,38.040941982920145,12
Ipsala,C_coarse_unmasked,500,2016,7,0.5554375581071564,37.84755316797393,12
Ipsala,C_coarse_unmasked,500,2016,8,0.4847527952790335,38.286085024448894,12
Ipsala,C_coarse_unmasked,500,2016,9,0.457472663127962,29.025637091332694,10
Ipsala,C_coarse_unmasked,500,2016,10,0.3470607335398753,28.644182665326912,10
Ipsala,C_coarse_unmasked,500,2016,11,0.27672247138954886,14.22351130516631,12
Ipsala,C_coarse_unmasked,500,2016,12,0.2973734844470416,6.794983482315272,8
Ipsala,C_coarse_unmasked,500,2017,1,0.5248789058472869,0.7994646900292585,10
Ipsala,C_coarse_unmasked,500,2017,2,0.30274143625480787,8.559341910434124,7
Ipsala,C_coarse_unmasked,500,2017,3,0.43517692954170883,17.696307847046874,10
Ipsala,C_coarse_unmasked,500,2017,4,0.5119931960952869,25.211467853268232,11
Ipsala,C_coarse_unmasked,500,2017,5,0.5299297718154621,32.2959663941013,11
Ipsala,C_coarse_unmasked,500,2017,6,0.5252194590608662,34.81315957395772,12
Ipsala,C_coarse_unmasked,500,2017,7,0.5317715370877785,37.968908579712156,10
Ipsala,C_coarse_unmasked,500,2017,8,0.5217644828110446,36.4497602752182,12
Ipsala,C_coarse_unmasked,500,2017,9,0.44453156090851653,35.82119512241484,12
Ipsala,C_coarse_unmasked,500,2017,10,0.3760003400073964,24.305721314831324,12
Ipsala,C_coarse_unmasked,500,2017,11,0.5010802244794541,14.312583655192444,11
Ipsala,C_coarse_unmasked,500,2017,12,0.4669141519809709,11.519640069268698,9
Ipsala,C_coarse_unmasked,500,2018,1,0.4243344932176195,6.753207496196753,12
Ipsala,C_coarse_unmasked,500,2018,2,0.49688484502239616,15.158667455486931,6
Ipsala,C_coarse_unmasked,500,2018,3,0.5021307979572837,16.43616665639777,10
Ipsala,C_coarse_unmasked,500,2018,4,0.5685442426857599,24.12775718640088,12
Ipsala,C_coarse_unmasked,500,2018,5,0.5820499565716759,27.64356800254534,8
Ipsala,C_coarse_unmasked,500,2018,6,0.46636443480991807,33.318665174608974,12
Ipsala,C_coarse_unmasked,500,2018,7,0.6237794833543455,34.631612374258125,12
Ipsala,C_coarse_unmasked,500,2018,8,0.5699679726274368,36.70659716797973,12
Ipsala,C_coarse_unmasked,500,2018,9,0.4734557956185196,30.394380482810593,11
Ipsala,C_coarse_unmasked,500,2018,10,0.3417317773015444,22.795919318673693,8
Ipsala,C_coarse_unmasked,500,2018,11,0.34644304579149826,12.641152571834462,9
Ipsala,C_coarse_unmasked,500,2018,12,0.3670429707586716,2.3305724665485745,6
Ipsala,C_coarse_unmasked,500,2019,1,0.3571108537329483,8.948442594798678,8
Ipsala,C_coarse_unmasked,500,2019,2,0.3926601881932958,12.748617833623191,10
Ipsala,C_coarse_unmasked,500,2019,3,0.44244472401760115,19.206946018214506,10
Ipsala,C_coarse_unmasked,500,2019,4,0.49639882900770593,23.068919703869877,8
Ipsala,C_coarse_unmasked,500,2019,5,0.4805351589005963,30.32622882958738,12
Ipsala,C_coarse_unmasked,500,2019,6,0.53214444258679,33.27382340097077,12
Ipsala,C_coarse_unmasked,500,2019,7,0.5625230583188159,37.77202514833997,12
Ipsala,C_coarse_unmasked,500,2019,8,0.5091116492199469,37.50445688299552,10
Ipsala,C_coarse_unmasked,500,2019,9,0.44213058807895556,33.70474106515876,10
Ipsala,C_coarse_unmasked,500,2019,10,0.3578640675109652,27.653341952521778,12
Ipsala,C_coarse_unmasked,500,2019,11,0.41989481499776476,16.189328894355576,12
Ipsala,C_coarse_unmasked,500,2019,12,0.47900013462849866,4.2022831956532425,7
Ipsala,C_coarse_unmasked,500,2020,1,0.6737075448036194,5.966422101632463,9
Ipsala,C_coarse_unmasked,500,2020,2,0.43608399188725483,11.630894045996218,9
Ipsala,C_coarse_unmasked,500,2020,3,0.5372676167571323,15.650978170093719,10
Ipsala,C_coarse_unmasked,500,2020,4,0.5649831904609973,23.90956534065182,12
Ipsala,C_coarse_unmasked,500,2020,5,0.5814124414918959,25.19833666775515,11
Ipsala,C_coarse_unmasked,500,2020,6,0.4958565723429152,34.07857083974778,10
Ipsala,C_coarse_unmasked,500,2020,7,0.5492513102756523,38.49455032232679,12
Ipsala,C_coarse_unmasked,500,2020,8,0.5441613752866993,34.1171013191613,10
Ipsala,C_coarse_unmasked,500,2020,9,0.43976010788570746,34.37167531332559,12
Ipsala,C_coarse_unmasked,500,2020,10,0.35603306295593296,27.78953828774088,12
Ipsala,C_coarse_unmasked,500,2020,11,0.2961124716834589,13.215664698666817,6
Ipsala,C_coarse_unmasked,500,2020,12,0.48566194397630036,12.708257955334217,7
Ipsala,C_coarse_unmasked,500,2021,1,,,5
Ipsala,C_coarse_unmasked,500,2021,2,0.5171003422860089,9.167182989624147,11
Ipsala,C_coarse_unmasked,500,2021,3,0.42288269611053136,16.088652530486907,9
Ipsala,C_coarse_unmasked,500,2021,4,0.5768248095280595,24.196989294637298,10
Ipsala,C_coarse_unmasked,500,2021,5,0.48425641232740585,24.6162329994879,11
Ipsala,C_coarse_unmasked,500,2021,6,0.6364188107426919,34.53111419706253,9
Ipsala,C_coarse_unmasked,500,2021,7,0.539704474734979,38.92277237455604,12
Ipsala,C_coarse_unmasked,500,2021,8,0.5088566321477273,38.79579750547131,12
Ipsala,C_coarse_unmasked,500,2021,9,0.4368018299406451,33.02536208200445,11
Ipsala,C_coarse_unmasked,500,2021,10,0.3001867493762315,23.736747033497643,10
Ipsala,C_coarse_unmasked,500,2021,11,0.30802387790118946,13.416886516554015,12
Ipsala,C_coarse_unmasked,500,2021,12,0.39014299821585274,11.295243261288238,19
Ipsala,C_coarse_unmasked,500,2022,1,0.37325293047098884,5.783994039158249,17
Ipsala,C_coarse_unmasked,500,2022,2,0.35977211385888347,10.669576884731654,18
Ipsala,C_coarse_unmasked,500,2022,3,0.37079499288752504,15.965046584400746,15
Ipsala,C_coarse_unmasked,500,2022,4,0.47142088557822404,28.95790615742322,18
Ipsala,C_coarse_unmasked,500,2022,5,0.487253340426168,30.02418838393901,20
Ipsala,C_coarse_unmasked,500,2022,6,0.5390055808942333,34.80721564078986,22
Ipsala,C_coarse_unmasked,500,2022,7,0.5345466569748005,37.85150874636841,24
Ipsala,C_coarse_unmasked,500,2022,8,0.6709891561725728,35.2898881481792,22
Ipsala,C_coarse_unmasked,500,2022,9,0.5079885380248766,31.71720184165404,20
Ipsala,C_coarse_unmasked,500,2022,10,0.43638821715489046,27.364619114994394,23
Ipsala,C_coarse_unmasked,500,2022,11,0.2763386376738384,19.984934897852064,23
Ipsala,C_coarse_unmasked,500,2022,12,0.3648431595319631,8.812949838046734,17
Ipsala,C_coarse_unmasked,500,2023,1,0.551840057766894,12.124469123855388,19
Ipsala,C_coarse_unmasked,500,2023,2,0.4184620157382589,12.02350126378045,18
Ipsala,C_coarse_unmasked,500,2023,3,0.5544389441175488,21.671245077952694,16
Ipsala,C_coarse_unmasked,500,2023,4,0.6755101403689073,20.729929412611135,17
Ipsala,C_coarse_unmasked,500,2023,5,0.8049876009071222,23.539974640664934,21
Ipsala,C_coarse_unmasked,500,2023,6,0.44219972634459837,34.43775783636841,20
Ipsala,C_coarse_unmasked,500,2023,7,0.516790868339485,40.076936014344476,22
Ipsala,C_coarse_unmasked,500,2023,8,0.5276047614760688,39.62969201209599,24
Ipsala,C_coarse_unmasked,500,2023,9,0.5267367165587294,32.931811807966845,23
Ipsala,C_coarse_unmasked,500,2023,10,0.33031288651493906,29.21546942235485,24
Ipsala,C_coarse_unmasked,500,2023,11,0.34162962137334396,19.373828839865645,20
Ipsala,C_coarse_unmasked,500,2023,12,0.5224766731262207,10.183887640892957,11
Ipsala,C_coarse_unmasked,500,2024,1,0.641209025814503,9.822350032487893,13
Ipsala,C_coarse_unmasked,500,2024,2,0.4732103909625382,11.98025600587409,21
Ipsala,C_coarse_unmasked,500,2024,3,0.5249825550572298,16.902485735172352,18
Ipsala,C_coarse_unmasked,500,2024,4,0.6510937641187458,26.763884361141724,19
Ipsala,C_coarse_unmasked,500,2024,5,0.47190728065928855,28.644786991163766,19
Ipsala,C_coarse_unmasked,500,2024,6,0.46629288109810735,39.035732834114334,22
Ipsala,C_coarse_unmasked,500,2024,7,0.4789995133122874,40.6204280958638,24
Ipsala,C_coarse_unmasked,500,2024,8,0.4714886070020471,41.36934634472782,24
Ipsala,C_coarse_unmasked,500,2024,9,0.4589165862120736,33.4625534121784,22
Ipsala,C_coarse_unmasked,500,2024,10,0.35684986529216856,26.018473330065518,22
Ipsala,C_coarse_unmasked,500,2024,11,0.2875119814722301,15.213351853072965,16
Ipsala,C_coarse_unmasked,500,2024,12,0.3185457743608491,13.293464331982433,11
Ipsala,C_coarse_unmasked,900,2013,4,,,3
Ipsala,C_coarse_unmasked,900,2013,5,0.45126319635295764,33.98466820281181,8
Ipsala,C_coarse_unmasked,900,2013,6,0.5101391024949294,35.39452292460026,12
Ipsala,C_coarse_unmasked,900,2013,7,0.5455458913724249,36.78577996068191,12
Ipsala,C_coarse_unmasked,900,2013,8,0.49553131198039696,37.868757012587864,12
Ipsala,C_coarse_unmasked,900,2013,9,0.41606584517614065,31.321363925809834,8
Ipsala,C_coarse_unmasked,900,2013,10,0.31404472708785214,20.908743190390215,6
Ipsala,C_coarse_unmasked,900,2013,11,0.31345119519744236,14.132158243124339,10
Ipsala,C_coarse_unmasked,900,2013,12,0.3753270565858022,4.997073770561764,8
Ipsala,C_coarse_unmasked,900,2014,1,0.42783951176937846,12.289504287819279,10
Ipsala,C_coarse_unmasked,900,2014,2,0.4633965756892062,9.48656078508406,7
Ipsala,C_coarse_unmasked,900,2014,3,0.5003631184472619,19.125253878607822,7
Ipsala,C_coarse_unmasked,900,2014,4,0.6322829240737257,19.6836586518155,7
Ipsala,C_coarse_unmasked,900,2014,5,0.6224424794470612,28.711894271298586,11
Ipsala,C_coarse_unmasked,900,2014,6,0.46235229945330525,33.35381827919169,9
Ipsala,C_coarse_unmasked,900,2014,7,0.587765968607854,35.6167500418299,12
Ipsala,C_coarse_unmasked,900,2014,8,0.63358475800112,32.97641800784519,10
Ipsala,C_coarse_unmasked,900,2014,9,0.556803752928171,32.477641364954785,12
Ipsala,C_coarse_unmasked,900,2014,10,0.33473098840108606,22.91576519421074,10
Ipsala,C_coarse_unmasked,900,2014,11,0.24069906370445307,14.45601131201547,7
Ipsala,C_coarse_unmasked,900,2014,12,0.22441697608813416,8.552014765611514,7
Ipsala,C_coarse_unmasked,900,2015,1,0.30837591949038623,6.466593948927376,10
Ipsala,C_coarse_unmasked,900,2015,2,0.28871223198523294,7.880261356571562,6
Ipsala,C_coarse_unmasked,900,2015,3,0.4879922844745495,14.676770734041625,11
Ipsala,C_coarse_unmasked,900,2015,4,0.6119144591076593,23.373774518879163,9
Ipsala,C_coarse_unmasked,900,2015,5,0.5725340060745888,34.71256168472322,12
Ipsala,C_coarse_unmasked,900,2015,6,0.4549667545639111,34.9445398703337,10
Ipsala,C_coarse_unmasked,900,2015,7,0.5511527059056153,37.694170099227435,12
Ipsala,C_coarse_unmasked,900,2015,8,0.6318729635833383,36.91582744687291,12
Ipsala,C_coarse_unmasked,900,2015,9,0.44785250732189114,36.26364644400048,11
Ipsala,C_coarse_unmasked,900,2015,10,0.3303496993585521,23.15123111726125,8
Ipsala,C_coarse_unmasked,900,2015,11,0.33910093461465746,16.465477631195903,10
Ipsala,C_coarse_unmasked,900,2015,12,0.6666470243006337,8.46505883621975,10
Ipsala,C_coarse_unmasked,900,2016,1,0.3808778003686472,1.701583691617881,9
Ipsala,C_coarse_unmasked,900,2016,2,0.44276982502451223,8.504675824216656,8
Ipsala,C_coarse_unmasked,900,2016,3,0.523456463550844,21.324887411906552,7
Ipsala,C_coarse_unmasked,900,2016,4,0.5080200589803326,25.447270612095263,9
Ipsala,C_coarse_unmasked,900,2016,5,0.4689800434425138,27.812926702365512,12
Ipsala,C_coarse_unmasked,900,2016,6,0.49080734077673505,38.03068888387978,12
Ipsala,C_coarse_unmasked,900,2016,7,0.5549287467842671,37.83016479732178,12
Ipsala,C_coarse_unmasked,900,2016,8,0.484896717613528,38.27231971819189,12
Ipsala,C_coarse_unmasked,900,2016,9,0.45718218963175566,29.002777679705293,10
Ipsala,C_coarse_unmasked,900,2016,10,0.3457131443979161,28.622019309270616,10
Ipsala,C_coarse_unmasked,900,2016,11,0.27599614263084815,14.22952285581114,12
Ipsala,C_coarse_unmasked,900,2016,12,0.2965229646818619,6.775417207696374,8
Ipsala,C_coarse_unmasked,900,2017,1,0.49917077894012146,0.7904300664191012,10
Ipsala,C_coarse_unmasked,900,2017,2,0.3026711957609169,8.522873764577634,7
Ipsala,C_coarse_unmasked,900,2017,3,0.4344156166242143,17.690529242954604,10
Ipsala,C_coarse_unmasked,900,2017,4,0.5110521974841534,25.213103010148853,11
Ipsala,C_coarse_unmasked,900,2017,5,0.5267456074526854,32.27824697038521,11
Ipsala,C_coarse_unmasked,900,2017,6,0.5251840328969982,34.808629302604054,12
Ipsala,C_coarse_unmasked,900,2017,7,0.5318030774987201,37.94137625348813,10
Ipsala,C_coarse_unmasked,900,2017,8,0.5239765178063178,36.435748098756896,12
Ipsala,C_coarse_unmasked,900,2017,9,0.4461044863172905,35.795924835601014,12
Ipsala,C_coarse_unmasked,900,2017,10,0.37555936348922714,24.298885301969097,12
Ipsala,C_coarse_unmasked,900,2017,11,0.45408066552738807,14.155101439338292,11
Ipsala,C_coarse_unmasked,900,2017,12,0.46535967196804123,11.515585737326655,9
Ipsala,C_coarse_unmasked,900,2018,1,0.41682523787113984,6.750745895310425,12
Ipsala,C_coarse_unmasked,900,2018,2,0.4972295661712047,15.154241192873224,6
Ipsala,C_coarse_unmasked,900,2018,3,0.5024104817017738,16.426027875743763,10
Ipsala,C_coarse_unmasked,900,2018,4,0.568638620048805,24.131630924049883,12
Ipsala,C_coarse_unmasked,900,2018,5,0.5811643198098416,27.64970332973096,8
Ipsala,C_coarse_unmasked,900,2018,6,0.4659859123988977,33.31696383308683,12
Ipsala,C_coarse_unmasked,900,2018,7,0.6233637994287927,34.56351149586235,12
Ipsala,C_coarse_unmasked,900,2018,8,0.5693086978748991,36.67118005492013,12
Ipsala,C_coarse_unmasked,900,2018,9,0.4693657917791085,30.379279106711927,11
Ipsala,C_coarse_unmasked,900,2018,10,0.3412090031379512,22.7734045244812,8
Ipsala,C_coarse_unmasked,900,2018,11,0.3460227772605001,12.642311959685559,9
Ipsala,C_coarse_unmasked,900,2018,12,0.3671538320613968,2.3253750881153974,6
Ipsala,C_coarse_unmasked,900,2019,1,0.35697658213841743,8.947064305270604,8
Ipsala,C_coarse_unmasked,900,2019,2,0.3923896793036825,12.741080665610694,10
Ipsala,C_coarse_unmasked,900,2019,3,0.4425644554839551,19.20208870789335,10
Ipsala,C_coarse_unmasked,900,2019,4,0.4965390059645063,23.05983931135239,8
Ipsala,C_coarse_unmasked,900,2019,5,0.47953069650921426,30.31996729968585,12
Ipsala,C_coarse_unmasked,900,2019,6,0.5266008821403568,33.24418772607499,12
Ipsala,C_coarse_unmasked,900,2019,7,0.5621905134017819,37.75626725985932,12
Ipsala,C_coarse_unmasked,900,2019,8,0.5088767568339504,37.491121892476926,10
Ipsala,C_coarse_unmasked,900,2019,9,0.4442813348941548,33.68835297203601,10
Ipsala,C_coarse_unmasked,900,2019,10,0.3576557914037566,27.649231605370275,12
Ipsala,C_coarse_unmasked,900,2019,11,0.4183037833018122,16.184009916630895,12
Ipsala,C_coarse_unmasked,900,2019,12,0.4791119959349725,4.201620019053566,7
Ipsala,C_coarse_unmasked,900,2020,1,0.6533075458761575,5.972345836283071,9
Ipsala,C_coarse_unmasked,900,2020,2,0.4359873558774854,11.630481227439265,9
Ipsala,C_coarse_unmasked,900,2020,3,0.5367548317565951,15.64604599460612,10
Ipsala,C_coarse_unmasked,900,2020,4,0.5625007894035138,23.90933834216789,12
Ipsala,C_coarse_unmasked,900,2020,5,0.6287764106926165,24.556303700283063,11
Ipsala,C_coarse_unmasked,900,2020,6,0.495032667415913,34.069454874052525,10
Ipsala,C_coarse_unmasked,900,2020,7,0.5526609957389206,38.46534610893318,12
Ipsala,C_coarse_unmasked,900,2020,8,0.5443555395471273,33.99814133946397,10
Ipsala,C_coarse_unmasked,900,2020,9,0.46795497045797463,34.38653478592742,12
Ipsala,C_coarse_unmasked,900,2020,10,0.3552711908317688,27.771317828934833,12
Ipsala,C_coarse_unmasked,900,2020,11,0.29465867460113637,13.105944631170466,6
Ipsala,C_coarse_unmasked,900,2020,12,0.48613081479979026,12.69486105352794,7
Ipsala,C_coarse_unmasked,900,2021,1,,,5
Ipsala,C_coarse_unmasked,900,2021,2,0.512499850522727,9.175010574454555,11
Ipsala,C_coarse_unmasked,900,2021,3,0.42196035836297285,16.072184146229972,9
Ipsala,C_coarse_unmasked,900,2021,4,0.5904338260766873,24.210205045043597,10
Ipsala,C_coarse_unmasked,900,2021,5,0.4841371138930462,24.581171091937854,11
Ipsala,C_coarse_unmasked,900,2021,6,0.6342676389603521,34.56861189246866,9
Ipsala,C_coarse_unmasked,900,2021,7,0.5397009738635473,38.9016452643969,12
Ipsala,C_coarse_unmasked,900,2021,8,0.5106778890106582,38.780742816205915,12
Ipsala,C_coarse_unmasked,900,2021,9,0.43657629478745424,32.99069600641812,11
Ipsala,C_coarse_unmasked,900,2021,10,0.30105191602886383,23.73169836766462,10
Ipsala,C_coarse_unmasked,900,2021,11,0.3041161192435745,13.402930239558666,12
Ipsala,C_coarse_unmasked,900,2021,12,0.39008802876199594,11.28896400686944,19
Ipsala,C_coarse_unmasked,900,2022,1,0.3703027672821184,5.8064051360412385,17
Ipsala,C_coarse_unmasked,900,2022,2,0.35858091239776985,10.665363451152423,18
Ipsala,C_coarse_unmasked,900,2022,3,0.3706409975889486,15.958200127325048,15
Ipsala,C_coarse_unmasked,900,2022,4,0.47118164840429094,28.95848987909555,18
Ipsala,C_coarse_unmasked,900,2022,5,0.4853215147822862,30.024126781454743,20
Ipsala,C_coarse_unmasked,900,2022,6,0.5427082641963439,34.80334909841947,22
Ipsala,C_coarse_unmasked,900,2022,7,0.534370710368893,37.84984235873714,24
Ipsala,C_coarse_unmasked,900,2022,8,0.6708347719332776,35.27499615276603,22
Ipsala,C_coarse_unmasked,900,2022,9,0.5082114662173838,31.71687790975811,20
Ipsala,C_coarse_unmasked,900,2022,10,0.4322785602769617,27.376714500526212,23
Ipsala,C_coarse_unmasked,900,2022,11,0.27597726029878084,19.98742547945486,23
Ipsala,C_coarse_unmasked,900,2022,12,0.36360599136078464,8.810886053707133,17
Ipsala,C_coarse_unmasked,900,2023,1,0.5513206252185696,12.07994095350941,19
Ipsala,C_coarse_unmasked,900,2023,2,0.4184270075512276,12.016978872130439,18
Ipsala,C_coarse_unmasked,900,2023,3,0.55069813442526,21.912598946896676,16
Ipsala,C_coarse_unmasked,900,2023,4,0.6742978100907471,20.71396637500078,17
Ipsala,C_coarse_unmasked,900,2023,5,0.7800231352448465,23.680907340505115,21
Ipsala,C_coarse_unmasked,900,2023,6,0.44204846690942645,34.481361719593835,20
Ipsala,C_coarse_unmasked,900,2023,7,0.5168591453973231,40.07724585420285,22
Ipsala,C_coarse_unmasked,900,2023,8,0.6421635150909424,38.294401015099,24
Ipsala,C_coarse_unmasked,900,2023,9,0.5269976201478046,32.88440801104153,23
Ipsala,C_coarse_unmasked,900,2023,10,0.32949709580818415,29.210911744791456,24
Ipsala,C_coarse_unmasked,900,2023,11,0.34085560508271967,19.37175382274091,20
Ipsala,C_coarse_unmasked,900,2023,12,0.5169798731803894,10.204116843617273,11
Ipsala,C_coarse_unmasked,900,2024,1,0.6440525015434588,9.806541890493722,13
Ipsala,C_coarse_unmasked,900,2024,2,0.46984946541584144,11.911106362087843,21
Ipsala,C_coarse_unmasked,900,2024,3,0.5241969315394096,16.899419576884434,18
Ipsala,C_coarse_unmasked,900,2024,4,0.6455183644554175,26.771564922926547,19
Ipsala,C_coarse_unmasked,900,2024,5,0.47174068390191987,28.746944541848123,19
Ipsala,C_coarse_unmasked,900,2024,6,0.4677595661078784,39.014607074261285,22
Ipsala,C_coarse_unmasked,900,2024,7,0.4852356829262553,40.596228227038175,24
Ipsala,C_coarse_unmasked,900,2024,8,0.4715623467444067,41.35510323318411,24
Ipsala,C_coarse_unmasked,900,2024,9,0.4600366445598113,33.45015705473578,22
Ipsala,C_coarse_unmasked,900,2024,10,0.35695894809977224,26.015854044817644,22
Ipsala,C_coarse_unmasked,900,2024,11,0.2874307722056493,15.205029441245998,16
Ipsala,C_coarse_unmasked,900,2024,12,0.31832198104516,13.29242474827121,11
Kirklareli,A_native_masked,30,2013,4,0.566485456184984,24.104750393059287,3
Kirklareli,A_native_masked,30,2013,5,0.5168554817716412,37.18558658407096,8
Kirklareli,A_native_masked,30,2013,6,0.4612629667534513,36.86026509406259,12
Kirklareli,A_native_masked,30,2013,7,0.4831744147893587,38.73356773428167,12
Kirklareli,A_native_masked,30,2013,8,0.43180717757286696,40.26088771306536,12
Kirklareli,A_native_masked,30,2013,9,0.3509444059740376,30.486087745348385,8
Kirklareli,A_native_masked,30,2013,10,0.28270540992497456,25.65573504838296,6
Kirklareli,A_native_masked,30,2013,11,0.3018803115883009,17.310443310225473,10
Kirklareli,A_native_masked,30,2013,12,0.39206368118830315,7.077114726475545,8
Kirklareli,A_native_masked,30,2014,1,0.45080516531495163,12.341243029691539,10
Kirklareli,A_native_masked,30,2014,2,0.4823361859286611,15.128826217497881,7
Kirklareli,A_native_masked,30,2014,3,0.5021455680858417,20.629598466084996,7
Kirklareli,A_native_masked,30,2014,4,0.6055410541628335,21.976122553971724,7
Kirklareli,A_native_masked,30,2014,5,0.6124597536738532,29.423024052040347,11
Kirklareli,A_native_masked,30,2014,6,0.45187077158265765,34.80350381583007,9
Kirklareli,A_native_masked,30,2014,7,0.5792782086068446,36.666779269684724,12
Kirklareli,A_native_masked,30,2014,8,0.5932115534046088,36.18590199321138,10
Kirklareli,A_native_masked,30,2014,9,0.4563919015657949,28.94049710123757,12
Kirklareli,A_native_masked,30,2014,10,0.3492031910340734,21.91230505978521,10
Kirklareli,A_native_masked,30,2014,11,0.3539241613903503,13.345960267260988,7
Kirklareli,A_native_masked,30,2014,12,0.4753188395743828,6.821271882565589,7
Kirklareli,A_native_masked,30,2015,1,0.34471612308147703,6.100425355054445,10
Kirklareli,A_native_masked,30,2015,2,0.3328200472051876,3.897302769197,6
Kirklareli,A_native_masked,30,2015,3,0.3685509654966649,14.273721106507457,11
Kirklareli,A_native_masked,30,2015,4,0.49631523394541527,24.98619687136552,9
Kirklareli,A_native_masked,30,2015,5,0.5548546807732547,33.236873874587985,12
Kirklareli,A_native_masked,30,2015,6,0.5019454996095315,36.389925319750766,10
Kirklareli,A_native_masked,30,2015,7,0.5378200008459505,40.7279258504867,12
Kirklareli,A_native_masked,30,2015,8,0.4562338595023207,43.15424166599836,12
Kirklareli,A_native_masked,30,2015,9,0.36142480576695407,40.0678919194747,11
Kirklareli,A_native_masked,30,2015,10,0.372565349633877,20.97020889010491,8
Kirklareli,A_native_masked,30,2015,11,0.36892674706275674,19.363038380570256,10
Kirklareli,A_native_masked,30,2015,12,0.52814594656484,10.91261071674162,10
Kirklareli,A_native_masked,30,2016,1,0.4510287915893615,2.0836882619673824,9
Kirklareli,A_native_masked,30,2016,2,0.5115108368726388,13.817463562510069,8
Kirklareli,A_native_masked,30,2016,3,0.5675608513506067,19.098918099836652,7
Kirklareli,A_native_masked,30,2016,4,0.6999090096739999,23.511342184875858,9
Kirklareli,A_native_masked,30,2016,5,0.5915782641850318,25.08666163583173,12
Kirklareli,A_native_masked,30,2016,6,0.559334150155196,36.077266038894024,12
Kirklareli,A_native_masked,30,2016,7,0.4550019308872926,41.57276709773745,12
Kirklareli,A_native_masked,30,2016,8,0.39925374307139283,40.54220498355594,12
Kirklareli,A_native_masked,30,2016,9,0.39871736485573656,33.6867677685597,10
Kirklareli,A_native_masked,30,2016,10,0.31322748234805897,28.41209966180916,10
Kirklareli,A_native_masked,30,2016,11,0.3008831779952107,16.706220442103554,12
Kirklareli,A_native_masked,30,2016,12,0.42205221740217685,6.8064065250872625,8
Kirklareli,A_native_masked,30,2017,1,0.32271542424987865,2.078766852663501,10
Kirklareli,A_native_masked,30,2017,2,0.321497775313596,8.881761156194104,7
Kirklareli,A_native_masked,30,2017,3,0.5141984242932587,16.390848780225404,10
Kirklareli,A_native_masked,30,2017,4,0.6826203272955808,24.878003829760093,11
Kirklareli,A_native_masked,30,2017,5,0.5546377491826316,33.65533536511073,11
Kirklareli,A_native_masked,30,2017,6,0.5312717474565565,40.54830811640958,12
Kirklareli,A_native_masked,30,2017,7,0.4980900209104813,37.938980456836326,10
Kirklareli,A_native_masked,30,2017,8,0.46715563114024977,39.78169940670773,12
Kirklareli,A_native_masked,30,2017,9,0.36762155234485816,42.55682440641101,12
Kirklareli,A_native_masked,30,2017,10,0.34028974996428907,25.89545531784441,12
Kirklareli,A_native_masked,30,2017,11,0.40049450171826506,13.994980908532428,11
Kirklareli,A_native_masked,30,2017,12,0.4803266375796273,9.984457482623924,9
Kirklareli,A_native_masked,30,2018,1,0.5583572630819348,6.607181616083293,12
Kirklareli,A_native_masked,30,2018,2,0.4852036085236792,12.117013097083024,6
Kirklareli,A_native_masked,30,2018,3,0.5676982710423922,15.00703332340842,10
Kirklareli,A_native_masked,30,2018,4,0.5585631067732937,28.535747703659734,12
Kirklareli,A_native_masked,30,2018,5,0.5039191200494885,29.0554036123458,8
Kirklareli,A_native_masked,30,2018,6,0.44004882438815546,34.67066695833146,12
Kirklareli,A_native_masked,30,2018,7,0.6420665244564668,34.346030216471476,12
Kirklareli,A_native_masked,30,2018,8,0.5838298519696737,37.923139764853,12
Kirklareli,A_native_masked,30,2018,9,0.3977298671404511,33.415672549029935,11
Kirklareli,A_native_masked,30,2018,10,0.33476334117590456,29.905840232505017,8
Kirklareli,A_native_masked,30,2018,11,0.9303729307923922,8.704115871163728,9
Kirklareli,A_native_masked,30,2018,12,0.33565074729469446,3.928568981205264,6
Kirklareli,A_native_masked,30,2019,1,0.3326941116142272,7.89764366112259,8
Kirklareli,A_native_masked,30,2019,2,0.3596204252290859,15.343145510039381,10
Kirklareli,A_native_masked,30,2019,3,0.42702307549674234,15.446801331236093,10
Kirklareli,A_native_masked,30,2019,4,0.47810053110627004,26.116384027496363,8
Kirklareli,A_native_masked,30,2019,5,0.5456078089444059,33.622484781488424,12
Kirklareli,A_native_masked,30,2019,6,0.5288055077870588,38.143835931966045,12
Kirklareli,A_native_masked,30,2019,7,0.5495447425030918,39.75805080105653,12
Kirklareli,A_native_masked,30,2019,8,0.4527120329955284,41.645124053889646,10
Kirklareli,A_native_masked,30,2019,9,0.36528078438802725,36.09205041478745,10
Kirklareli,A_native_masked,30,2019,10,0.33531419576839405,29.556488602689477,12
Kirklareli,A_native_masked,30,2019,11,0.5109385257251189,18.691578275847128,12
Kirklareli,A_native_masked,30,2019,12,0.566106166345972,2.89175043916139,7
Kirklareli,A_native_masked,30,2020,1,0.4684714111854053,5.271493434009622,9
Kirklareli,A_native_masked,30,2020,2,0.4811995652374132,11.850488527331517,9
Kirklareli,A_native_masked,30,2020,3,0.5498782128191126,14.760008943454993,10
Kirklareli,A_native_masked,30,2020,4,0.5657514577211635,28.625967630037202,12
Kirklareli,A_native_masked,30,2020,5,0.573147784124945,29.78174616764942,11
Kirklareli,A_native_masked,30,2020,6,0.587891652279481,33.65162275543378,10
Kirklareli,A_native_masked,30,2020,7,0.48370338910091765,41.8137914322286,12
Kirklareli,A_native_masked,30,2020,8,0.348162407888771,37.903180713540074,10
Kirklareli,A_native_masked,30,2020,9,0.3046508361035062,43.52207059913483,12
Kirklareli,A_native_masked,30,2020,10,0.30743012278978693,29.03244506795533,12
Kirklareli,A_native_masked,30,2020,11,0.34176620306093214,12.969039918940119,6
Kirklareli,A_native_masked,30,2020,12,,,7
Kirklareli,A_native_masked,30,2021,1,,,5
Kirklareli,A_native_masked,30,2021,2,0.52769908569995,12.173161755858198,11
Kirklareli,A_native_masked,30,2021,3,0.5180035143849959,15.372122746285541,9
Kirklareli,A_native_masked,30,2021,4,0.5931855380990291,22.362958605285307,10
Kirklareli,A_native_masked,30,2021,5,0.5849314113022147,30.976898118356488,11
Kirklareli,A_native_masked,30,2021,6,0.5366736743013143,34.77251916450288,9
Kirklareli,A_native_masked,30,2021,7,0.49622898772993546,42.76335421207166,12
Kirklareli,A_native_masked,30,2021,8,0.4243929457748554,41.93455078672884,12
Kirklareli,A_native_masked,30,2021,9,0.36690133764684163,32.499071632230184,11
Kirklareli,A_native_masked,30,2021,10,0.32230317404967646,25.331546512657752,10
Kirklareli,A_native_masked,30,2021,11,0.33038426322539993,18.66201918417577,12
Kirklareli,A_native_masked,30,2021,12,0.42841506260345585,9.546567083951107,19
Kirklareli,A_native_masked,30,2022,1,0.6078714815700815,5.502652725046691,17
Kirklareli,A_native_masked,30,2022,2,0.4115575881218713,10.497954900344928,18
Kirklareli,A_native_masked,30,2022,3,0.4103592936729089,16.800919712137247,15
Kirklareli,A_native_masked,30,2022,4,0.49120826514157223,28.968142493999267,18
Kirklareli,A_native_masked,30,2022,5,0.6201103920544965,29.278553449747186,20
Kirklareli,A_native_masked,30,2022,6,0.5125862369298273,38.58499769175442,22
Kirklareli,A_native_masked,30,2022,7,0.4798688536973227,41.931766345583796,24
Kirklareli,A_native_masked,30,2022,8,0.4208838986000452,40.66791934540273,22
Kirklareli,A_native_masked,30,2022,9,0.4030861159879125,34.15838643225453,20
Kirklareli,A_native_masked,30,2022,10,0.3463629753798353,28.645505955368474,23
Kirklareli,A_native_masked,30,2022,11,0.29292493838131217,20.899654952072876,23
Kirklareli,A_native_masked,30,2022,12,0.36865293289806156,7.621475420355626,17
Kirklareli,A_native_masked,30,2023,1,0.4595367075250333,11.407869239549726,19
Kirklareli,A_native_masked,30,2023,2,0.4597999364524733,12.029167316115606,18
Kirklareli,A_native_masked,30,2023,3,0.5931892859181179,19.26943915937388,16
Kirklareli,A_native_masked,30,2023,4,0.5742806352490376,19.322269923277982,17
Kirklareli,A_native_masked,30,2023,5,0.6042029239373161,28.990270144270802,21
Kirklareli,A_native_masked,30,2023,6,0.4748802629238945,39.751965177520624,20
Kirklareli,A_native_masked,30,2023,7,0.5047923148937757,40.91273793986101,22
Kirklareli,A_native_masked,30,2023,8,0.49631493554545303,40.84309612290933,24
Kirklareli,A_native_masked,30,2023,9,0.35945691282712444,36.17566796947447,23
Kirklareli,A_native_masked,30,2023,10,0.29065863353437643,31.8968616158828,24
Kirklareli,A_native_masked,30,2023,11,0.5654182354591244,15.701767179668012,20
Kirklareli,A_native_masked,30,2023,12,0.3784102442167464,9.497809161710911,11
Kirklareli,A_native_masked,30,2024,1,0.48963003406060757,9.595156435392967,13
Kirklareli,A_native_masked,30,2024,2,0.5753886864834776,11.89769950302006,21
Kirklareli,A_native_masked,30,2024,3,0.5861978410031617,19.023763892952758,18
Kirklareli,A_native_masked,30,2024,4,0.5903037619654633,27.97299302835497,19
Kirklareli,A_native_masked,30,2024,5,0.5846156985115954,27.207083437108167,19
Kirklareli,A_native_masked,30,2024,6,0.45160896628674063,41.8811488368642,22
Kirklareli,A_native_masked,30,2024,7,0.3644785833291478,45.15066275393007,24
Kirklareli,A_native_masked,30,2024,8,0.3704448223408141,45.240457508895716,24
Kirklareli,A_native_masked,30,2024,9,0.31052386483794014,36.2039575804294,22
Kirklareli,A_native_masked,30,2024,10,0.30739038971235005,28.35301329948497,22
Kirklareli,A_native_masked,30,2024,11,0.30759937304057056,15.969326385255421,16
Kirklareli,A_native_masked,30,2024,12,0.34780136984951693,12.92115951897498,11
Kirklareli,B_coarse_masked,250,2013,4,0.5665670951745754,24.101825087462277,3
Kirklareli,B_coarse_masked,250,2013,5,0.5169803581858735,37.180354887014076,8
Kirklareli,B_coarse_masked,250,2013,6,0.4613191811518172,36.85864499105722,12
Kirklareli,B_coarse_masked,250,2013,7,0.4831158295453815,38.73089288999036,12
Kirklareli,B_coarse_masked,250,2013,8,0.4317947486256448,40.26534328116726,12
Kirklareli,B_coarse_masked,250,2013,9,0.3509514628647557,30.48526389694639,8
Kirklareli,B_coarse_masked,250,2013,10,0.28280962476690136,25.652263728210865,6
Kirklareli,B_coarse_masked,250,2013,11,0.3020373364477005,17.308827740535342,10
Kirklareli,B_coarse_masked,250,2013,12,0.3921964804850658,7.07176545253394,8
Kirklareli,B_coarse_masked,250,2014,1,0.45091452848754693,12.32524759043343,10
Kirklareli,B_coarse_masked,250,2014,2,0.48242722333909427,15.127384176171468,7
Kirklareli,B_coarse_masked,250,2014,3,0.5021165760887444,20.63037002694895,7
Kirklareli,B_coarse_masked,250,2014,4,0.6055362970262163,21.971255112602915,7
Kirklareli,B_coarse_masked,250,2014,5,0.6127355055302199,29.416720292774887,11
Kirklareli,B_coarse_masked,250,2014,6,0.4520411577353324,34.79961959703422,9
Kirklareli,B_coarse_masked,250,2014,7,0.5794437054138597,36.65995360538604,12
Kirklareli,B_coarse_masked,250,2014,8,0.5930645161441563,36.18344135858566,10
Kirklareli,B_coarse_masked,250,2014,9,0.4564008057502742,28.939265296278165,12
Kirklareli,B_coarse_masked,250,2014,10,0.34936247557427175,21.907940629289154,10
Kirklareli,B_coarse_masked,250,2014,11,0.3544550311778777,13.341592533040348,7
Kirklareli,B_coarse_masked,250,2014,12,0.47553321058975395,6.8219273943632155,7
Kirklareli,B_coarse_masked,250,2015,1,0.3447934360059493,6.100202187938472,10
Kirklareli,B_coarse_masked,250,2015,2,0.3328955370879283,3.896192910998632,6
Kirklareli,B_coarse_masked,250,2015,3,0.3724591691313046,14.272017836098414,11
Kirklareli,B_coarse_masked,250,2015,4,0.49663722967917673,24.98389071175504,9
Kirklareli,B_coarse_masked,250,2015,5,0.5551756656913862,33.234694626569784,12
Kirklareli,B_coarse_masked,250,2015,6,0.5020141559084319,36.38614690047145,10
Kirklareli,B_coarse_masked,250,2015,7,0.5377411690512899,40.726349523721815,12
Kirklareli,B_coarse_masked,250,2015,8,0.4561942551590982,43.15384588287234,12
Kirklareli,B_coarse_masked,250,2015,9,0.3614598913570231,40.06501349629216,11
Kirklareli,B_coarse_masked,250,2015,10,0.37274231108656103,20.967264645494737,8
Kirklareli,B_coarse_masked,250,2015,11,0.36911665632903246,19.35929695687991,10
Kirklareli,B_coarse_masked,250,2015,12,0.5276213049588678,10.912108375657754,10
Kirklareli,B_coarse_masked,250,2016,1,0.45105363691838113,2.0833466840214427,9
Kirklareli,B_coarse_masked,250,2016,2,0.5113489635084837,13.812064366116292,8
Kirklareli,B_coarse_masked,250,2016,3,0.5676958468407433,19.09745404388594,7
Kirklareli,B_coarse_masked,250,2016,4,0.6993189205121372,23.50703350375597,9
Kirklareli,B_coarse_masked,250,2016,5,0.5914572293321612,25.06030884069431,12
Kirklareli,B_coarse_masked,250,2016,6,0.5676396011293103,36.09898474284781,12
Kirklareli,B_coarse_masked,250,2016,7,0.45500873574974016,41.57096250319174,12
Kirklareli,B_coarse_masked,250,2016,8,0.3991173942690433,40.54050768265619,12
Kirklareli,B_coarse_masked,250,2016,9,0.38758147144463,33.72790650082197,10
Kirklareli,B_coarse_masked,250,2016,10,0.31356725982717565,28.410391665592947,10
Kirklareli,B_coarse_masked,250,2016,11,0.3010280270030385,16.70420847476343,12
Kirklareli,B_coarse_masked,250,2016,12,0.42052182749001854,6.807768541374936,8
Kirklareli,B_coarse_masked,250,2017,1,0.32248716611801875,2.0766961737355207,10
Kirklareli,B_coarse_masked,250,2017,2,0.3215735723856883,8.881619348587627,7
Kirklareli,B_coarse_masked,250,2017,3,0.513769154470489,16.38819600367163,10
Kirklareli,B_coarse_masked,250,2017,4,0.6844466954542546,24.869233743662363,11
Kirklareli,B_coarse_masked,250,2017,5,0.5547372192832339,33.652803790126384,11
Kirklareli,B_coarse_masked,250,2017,6,0.5313691510721599,40.545769633022836,12
Kirklareli,B_coarse_masked,250,2017,7,0.49811083212099333,37.93913781715323,10
Kirklareli,B_coarse_masked,250,2017,8,0.4672110298297872,39.77993473881871,12
Kirklareli,B_coarse_masked,250,2017,9,0.36771442081068917,42.55418327957503,12
Kirklareli,B_coarse_masked,250,2017,10,0.340498962262475,25.893033851349813,12
Kirklareli,B_coarse_masked,250,2017,11,0.4007187894431328,13.988100377030017,11
Kirklareli,B_coarse_masked,250,2017,12,0.4803979392686661,9.983277645532342,9
Kirklareli,B_coarse_masked,250,2018,1,0.5577896516430157,6.6029133497589605,12
Kirklareli,B_coarse_masked,250,2018,2,0.48534004367997113,12.113185101417919,6
Kirklareli,B_coarse_masked,250,2018,3,0.5677506226206716,15.006636316445338,10
Kirklareli,B_coarse_masked,250,2018,4,0.5587119102045435,28.533263744536146,12
Kirklareli,B_coarse_masked,250,2018,5,0.5032810952963076,29.058013980817677,8
Kirklareli,B_coarse_masked,250,2018,6,0.440268452610751,34.66775228791611,12
Kirklareli,B_coarse_masked,250,2018,7,0.6421489827018095,34.339069076112786,12
Kirklareli,B_coarse_masked,250,2018,8,0.5837977441953578,37.91989638713158,12
Kirklareli,B_coarse_masked,250,2018,9,0.397601038298438,33.4072763676231,11
Kirklareli,B_coarse_masked,250,2018,10,0.3349032259807452,29.90230113954487,8
Kirklareli,B_coarse_masked,250,2018,11,0.9302006959915161,8.93105108482742,9
Kirklareli,B_coarse_masked,250,2018,12,0.3357157998581348,3.928287317782793,6
Kirklareli,B_coarse_masked,250,2019,1,0.3328366220664292,7.895152341446021,8
Kirklareli,B_coarse_masked,250,2019,2,0.35967525444155285,15.342413736110144,10
Kirklareli,B_coarse_masked,250,2019,3,0.42708012458448924,15.446309935699711,10
Kirklareli,B_coarse_masked,250,2019,4,0.4781622360507837,26.11197509625438,8
Kirklareli,B_coarse_masked,250,2019,5,0.5457673035976702,33.618823804874275,12
Kirklareli,B_coarse_masked,250,2019,6,0.5291078923528817,38.14028349449683,12
Kirklareli,B_coarse_masked,250,2019,7,0.5493328774641297,39.756117555219944,12
Kirklareli,B_coarse_masked,250,2019,8,0.45272945708709345,41.64329771719668,10
Kirklareli,B_coarse_masked,250,2019,9,0.36538759725637043,36.089475948137,10
Kirklareli,B_coarse_masked,250,2019,10,0.3352010463116441,29.553361010260076,12
Kirklareli,B_coarse_masked,250,2019,11,0.5110404632371709,18.691002981949882,12
Kirklareli,B_coarse_masked,250,2019,12,0.5660984779987662,2.895122227058219,7
Kirklareli,B_coarse_masked,250,2020,1,0.4685869487991188,5.272534561339125,9
Kirklareli,B_coarse_masked,250,2020,2,0.4811906098866597,11.847741901165394,9
Kirklareli,B_coarse_masked,250,2020,3,0.549944968704606,14.756590384659884,10
Kirklareli,B_coarse_masked,250,2020,4,0.5657693515743295,28.623304363804813,12
Kirklareli,B_coarse_masked,250,2020,5,0.5732960158475379,29.779691349130342,11
Kirklareli,B_coarse_masked,250,2020,6,0.587944502445498,33.64795583643247,10
Kirklareli,B_coarse_masked,250,2020,7,0.48370551290106983,41.81216064334334,12
Kirklareli,B_coarse_masked,250,2020,8,0.3481911755993729,37.89891524303488,10
Kirklareli,B_coarse_masked,250,2020,9,0.30475308134853707,43.5183346109136,12
Kirklareli,B_coarse_masked,250,2020,10,0.30760491245242744,29.030295476662182,12
Kirklareli,B_coarse_masked,250,2020,11,0.3418483866157851,12.889457233186942,6
Kirklareli,B_coarse_masked,250,2020,12,,,7
Kirklareli,B_coarse_masked,250,2021,1,,,5
Kirklareli,B_coarse_masked,250,2021,2,0.5277664332273019,12.17354384956593,11
Kirklareli,B_coarse_masked,250,2021,3,0.5177786120499457,15.372741638719726,9
Kirklareli,B_coarse_masked,250,2021,4,0.5932110711789843,22.360099362496737,10
Kirklareli,B_coarse_masked,250,2021,5,0.5849747109815375,30.972270358928647,11
Kirklareli,B_coarse_masked,250,2021,6,0.5368280635416885,34.76772327638775,9
Kirklareli,B_coarse_masked,250,2021,7,0.49620943474238727,42.7624080388988,12
Kirklareli,B_coarse_masked,250,2021,8,0.4243929798976411,41.93156034899375,12
Kirklareli,B_coarse_masked,250,2021,9,0.3666474943096782,32.492933306792246,11
Kirklareli,B_coarse_masked,250,2021,10,0.3224057384847204,25.328134381703585,10
Kirklareli,B_coarse_masked,250,2021,11,0.3305591455992443,18.65931801298459,12
Kirklareli,B_coarse_masked,250,2021,12,0.42862914933670143,9.54555629843619,19
Kirklareli,B_coarse_masked,250,2022,1,0.606722287156365,5.492170960123739,17
Kirklareli,B_coarse_masked,250,2022,2,0.41154878539904166,10.498054393471115,18
Kirklareli,B_coarse_masked,250,2022,3,0.4105669198220291,16.80225690320387,15
Kirklareli,B_coarse_masked,250,2022,4,0.4913366829215616,28.96717228937384,18
Kirklareli,B_coarse_masked,250,2022,5,0.6201056564087227,29.267804900379637,20
Kirklareli,B_coarse_masked,250,2022,6,0.5125934688532249,38.581686184612444,22
Kirklareli,B_coarse_masked,250,2022,7,0.4799006193522141,41.930999095048776,24
Kirklareli,B_coarse_masked,250,2022,8,0.4208521289784342,40.662393010273874,22
Kirklareli,B_coarse_masked,250,2022,9,0.4032058096147223,34.156451906064994,20
Kirklareli,B_coarse_masked,250,2022,10,0.346471691840125,28.64169491729627,23
Kirklareli,B_coarse_masked,250,2022,11,0.2930176129572545,20.89706246750799,23
Kirklareli,B_coarse_masked,250,2022,12,0.3687515032953061,7.621819345441107,17
Kirklareli,B_coarse_masked,250,2023,1,0.46007674747983895,11.406863021082032,19
Kirklareli,B_coarse_masked,250,2023,2,0.45961418397618686,12.019104483662128,18
Kirklareli,B_coarse_masked,250,2023,3,0.5915564608906245,19.26631795222723,16
Kirklareli,B_coarse_masked,250,2023,4,0.5743516847715264,19.322490060569706,17
Kirklareli,B_coarse_masked,250,2023,5,0.6039559317168932,28.979910752679114,21
Kirklareli,B_coarse_masked,250,2023,6,0.47481455930955396,39.74509684919689,20
Kirklareli,B_coarse_masked,250,2023,7,0.5049281523850685,40.91061668344537,22
Kirklareli,B_coarse_masked,250,2023,8,0.4962075189137914,40.84175418225131,24
Kirklareli,B_coarse_masked,250,2023,9,0.3594759352200612,36.16820470550875,23
Kirklareli,B_coarse_masked,250,2023,10,0.2907656938831987,31.8924562386941,24
Kirklareli,B_coarse_masked,250,2023,11,0.5627021336480009,15.702861076991725,20
Kirklareli,B_coarse_masked,250,2023,12,0.3784922791547013,9.498184078371104,11
Kirklareli,B_coarse_masked,250,2024,1,0.4884823010068112,9.588776448189636,13
Kirklareli,B_coarse_masked,250,2024,2,0.5705914395958988,11.884576181626958,21
Kirklareli,B_coarse_masked,250,2024,3,0.5862735220487901,19.02351509085403,18
Kirklareli,B_coarse_masked,250,2024,4,0.5903954442315851,27.96904751705415,19
Kirklareli,B_coarse_masked,250,2024,5,0.5847976379889732,27.20072087145369,19
Kirklareli,B_coarse_masked,250,2024,6,0.4518137751973208,41.87861605034964,22
Kirklareli,B_coarse_masked,250,2024,7,0.3645778270238859,45.144967049674094,24
Kirklareli,B_coarse_masked,250,2024,8,0.3703147260581636,45.23580257146382,24
Kirklareli,B_coarse_masked,250,2024,9,0.3108414105325391,36.20576529614933,22
Kirklareli,B_coarse_masked,250,2024,10,0.30761428421513903,28.34856105256027,22
Kirklareli,B_coarse_masked,250,2024,11,0.30779484160715026,15.967378278273577,16
Kirklareli,B_coarse_masked,250,2024,12,0.3480046922280436,12.919516793758278,11
Kirklareli,B_coarse_masked,500,2013,4,0.5666200301074772,24.094918878371917,3
Kirklareli,B_coarse_masked,500,2013,5,0.5170620253529827,37.17870601151967,8
Kirklareli,B_coarse_masked,500,2013,6,0.46132733176964785,36.856870147205186,12
Kirklareli,B_coarse_masked,500,2013,7,0.48306335333512607,38.72993824692169,12
Kirklareli,B_coarse_masked,500,2013,8,0.43160922442604654,40.27335304997429,12
Kirklareli,B_coarse_masked,500,2013,9,0.3508550470518516,30.487502462932085,8
Kirklareli,B_coarse_masked,500,2013,10,0.28275810932214523,25.653632054434265,6
Kirklareli,B_coarse_masked,500,2013,11,0.3019717847532321,17.309163168046787,10
Kirklareli,B_coarse_masked,500,2013,12,0.392242585730057,7.06799959254602,8
Kirklareli,B_coarse_masked,500,2014,1,0.4511265845651075,12.33003184326143,10
Kirklareli,B_coarse_masked,500,2014,2,0.48285001923036636,15.126237120936565,7
Kirklareli,B_coarse_masked,500,2014,3,0.5020755275265565,20.62578334555715,7
Kirklareli,B_coarse_masked,500,2014,4,0.605567570968336,21.969490174406804,7
Kirklareli,B_coarse_masked,500,2014,5,0.6130718813439591,29.410392598799273,11
Kirklareli,B_coarse_masked,500,2014,6,0.4519529587568998,34.79889491918224,9
Kirklareli,B_coarse_masked,500,2014,7,0.5794418312358125,36.65075152884576,12
Kirklareli,B_coarse_masked,500,2014,8,0.5928447411625728,36.17886640711062,10
Kirklareli,B_coarse_masked,500,2014,9,0.4563135600745862,28.93940182360211,12
Kirklareli,B_coarse_masked,500,2014,10,0.3492320042762117,21.914186707768415,10
Kirklareli,B_coarse_masked,500,2014,11,0.3542804153027088,13.340988363878303,7
Kirklareli,B_coarse_masked,500,2014,12,0.47519720406413224,6.823244830647569,7
Kirklareli,B_coarse_masked,500,2015,1,0.34480105628079416,6.100467545657941,10
Kirklareli,B_coarse_masked,500,2015,2,0.3328363330488944,3.907662765746619,6
Kirklareli,B_coarse_masked,500,2015,3,0.3663174622333967,14.275010742908076,11
Kirklareli,B_coarse_masked,500,2015,4,0.4966829978414101,24.981802455666028,9
Kirklareli,B_coarse_masked,500,2015,5,0.5552026386237179,33.240812461458056,12
Kirklareli,B_coarse_masked,500,2015,6,0.5020701175435182,36.385145025784524,10
Kirklareli,B_coarse_masked,500,2015,7,0.5378824319593427,40.72593849754934,12
Kirklareli,B_coarse_masked,500,2015,8,0.4559937223190753,43.15820867923041,12
Kirklareli,B_coarse_masked,500,2015,9,0.3613818579397479,40.06696642774017,11
Kirklareli,B_coarse_masked,500,2015,10,0.3726971014108938,20.967320449959864,8
Kirklareli,B_coarse_masked,500,2015,11,0.36913600000560554,19.358562278965366,10
Kirklareli,B_coarse_masked,500,2015,12,0.528707600146599,10.913200321799106,10
Kirklareli,B_coarse_masked,500,2016,1,0.4511979646473155,2.0831146491363897,9
Kirklareli,B_coarse_masked,500,2016,2,0.5114550839346395,13.810580482888025,8
Kirklareli,B_coarse_masked,500,2016,3,0.567958518126251,19.095742920916713,7
Kirklareli,B_coarse_masked,500,2016,4,0.6988024363262271,23.50067133556935,9
Kirklareli,B_coarse_masked,500,2016,5,0.5888425157261453,25.065415081614915,12
Kirklareli,B_coarse_masked,500,2016,6,0.5661829768956362,36.10739564418203,12
Kirklareli,B_coarse_masked,500,2016,7,0.4548480246080653,41.575427975904844,12
Kirklareli,B_coarse_masked,500,2016,8,0.3989129314437797,40.54290788965764,12
Kirklareli,B_coarse_masked,500,2016,9,0.39578392604986823,33.678193236152346,10
Kirklareli,B_coarse_masked,500,2016,10,0.3147241004875728,28.409705666263516,10
Kirklareli,B_coarse_masked,500,2016,11,0.30098789940156395,16.704148857813227,12
Kirklareli,B_coarse_masked,500,2016,12,0.4234604706708174,6.8096413749977005,8
Kirklareli,B_coarse_masked,500,2017,1,0.32252500413525326,2.0711266975711613,10
Kirklareli,B_coarse_masked,500,2017,2,0.32151433375340166,8.878472644645441,7
Kirklareli,B_coarse_masked,500,2017,3,0.5132259629416317,16.393729316015545,10
Kirklareli,B_coarse_masked,500,2017,4,0.6832428630294762,24.87044205834294,11
Kirklareli,B_coarse_masked,500,2017,5,0.5546742253067237,33.65204160441595,11
Kirklareli,B_coarse_masked,500,2017,6,0.531625034204648,40.54250194565597,12
Kirklareli,B_coarse_masked,500,2017,7,0.49818361053479754,37.93703500675152,10
Kirklareli,B_coarse_masked,500,2017,8,0.4671460620684034,39.78122518099976,12
Kirklareli,B_coarse_masked,500,2017,9,0.36767137155844437,42.55472392325813,12
Kirklareli,B_coarse_masked,500,2017,10,0.34043280076138926,25.89407136450621,12
Kirklareli,B_coarse_masked,500,2017,11,0.39950823304289795,13.982636635572268,11
Kirklareli,B_coarse_masked,500,2017,12,0.4808039728622167,9.982727845253219,9
Kirklareli,B_coarse_masked,500,2018,1,0.5582486271716252,6.60119923366918,12
Kirklareli,B_coarse_masked,500,2018,2,0.48542434912281207,12.112952869061601,6
Kirklareli,B_coarse_masked,500,2018,3,0.5679473062664151,15.006313911103398,10
Kirklareli,B_coarse_masked,500,2018,4,0.559083473002537,28.52981408193316,12
Kirklareli,B_coarse_masked,500,2018,5,0.5049995281346753,29.048110753976392,8
Kirklareli,B_coarse_masked,500,2018,6,0.44027193421655064,34.66776660469814,12
Kirklareli,B_coarse_masked,500,2018,7,0.6418139760234803,34.33889775758152,12
Kirklareli,B_coarse_masked,500,2018,8,0.5836572727300903,37.918998464349535,12
Kirklareli,B_coarse_masked,500,2018,9,0.3977325210961832,33.39701614855841,11
Kirklareli,B_coarse_masked,500,2018,10,0.33493361579612996,29.901522508752667,8
Kirklareli,B_coarse_masked,500,2018,11,0.9302006959915161,8.9311663116145,9
Kirklareli,B_coarse_masked,500,2018,12,0.33569534855816524,3.9284949876934725,6
Kirklareli,B_coarse_masked,500,2019,1,0.33292247408122144,7.895392602266883,8
Kirklareli,B_coarse_masked,500,2019,2,0.35969940804795963,15.342377381791849,10
Kirklareli,B_coarse_masked,500,2019,3,0.4272418248851259,15.452931445870645,10
Kirklareli,B_coarse_masked,500,2019,4,0.47817284451159786,26.10954987981626,8
Kirklareli,B_coarse_masked,500,2019,5,0.5458838972027855,33.61624381073356,12
Kirklareli,B_coarse_masked,500,2019,6,0.5292720610868622,38.13952225740476,12
Kirklareli,B_coarse_masked,500,2019,7,0.5490559896223576,39.75876331412216,12
Kirklareli,B_coarse_masked,500,2019,8,0.45254378891464464,41.645506794068545,10
Kirklareli,B_coarse_masked,500,2019,9,0.36525842007123926,36.088459209383004,10
Kirklareli,B_coarse_masked,500,2019,10,0.33527513289721117,29.54991853187085,12
Kirklareli,B_coarse_masked,500,2019,11,0.5108885894512097,18.69273209202133,12
Kirklareli,B_coarse_masked,500,2019,12,0.5653408464252114,2.8995917618709033,7
Kirklareli,B_coarse_masked,500,2020,1,0.4688422953013496,5.27586734681642,9
Kirklareli,B_coarse_masked,500,2020,2,0.4812399133403257,11.850851389811552,9
Kirklareli,B_coarse_masked,500,2020,3,0.5500795771413989,14.752868751008675,10
Kirklareli,B_coarse_masked,500,2020,4,0.5658336180749253,28.618056356836856,12
Kirklareli,B_coarse_masked,500,2020,5,0.5735038736168476,29.77868394978663,11
Kirklareli,B_coarse_masked,500,2020,6,0.5879175607159853,33.65052897957434,10
Kirklareli,B_coarse_masked,500,2020,7,0.48357730585341463,41.81448247261347,12
Kirklareli,B_coarse_masked,500,2020,8,0.34840710175293665,37.899888974336214,10
Kirklareli,B_coarse_masked,500,2020,9,0.3047794071309136,43.517219836327705,12
Kirklareli,B_coarse_masked,500,2020,10,0.30760813722008545,29.029464576748495,12
Kirklareli,B_coarse_masked,500,2020,11,0.34192456561823675,12.590132283671004,6
Kirklareli,B_coarse_masked,500,2020,12,,,7
Kirklareli,B_coarse_masked,500,2021,1,,,5
Kirklareli,B_coarse_masked,500,2021,2,0.5280120106613962,12.173844583048682,11
Kirklareli,B_coarse_masked,500,2021,3,0.5173727635139608,15.36137870825951,9
Kirklareli,B_coarse_masked,500,2021,4,0.5932673300380484,22.358555899510105,10
Kirklareli,B_coarse_masked,500,2021,5,0.585012829108884,30.97632894012778,11
Kirklareli,B_coarse_masked,500,2021,6,0.5369553384573563,34.76550436036345,9
Kirklareli,B_coarse_masked,500,2021,7,0.4961523208212016,42.764261559363604,12
Kirklareli,B_coarse_masked,500,2021,8,0.4242648775425544,41.93108664490686,12
Kirklareli,B_coarse_masked,500,2021,9,0.36637760292058297,32.49153128938545,11
Kirklareli,B_coarse_masked,500,2021,10,0.32264255729162994,25.325962888106375,10
Kirklareli,B_coarse_masked,500,2021,11,0.3304843375678782,18.659571033031778,12
Kirklareli,B_coarse_masked,500,2021,12,0.4285108190030337,9.545347726445257,19
Kirklareli,B_coarse_masked,900,2013,4,0.5667299147771262,24.09880989780357,3
Kirklareli,B_coarse_masked,900,2013,5,0.5170198663233126,37.19007615207498,8
Kirklareli,B_coarse_masked,900,2013,6,0.46101092896621426,36.86185481455702,12
Kirklareli,B_coarse_masked,900,2013,7,0.4826602686068779,38.759804919008424,12
Kirklareli,B_coarse_masked,900,2013,8,0.43122059125213863,40.285162224400935,12
Kirklareli,B_coarse_masked,900,2013,9,0.3506421002094541,30.495598585966135,8
Kirklareli,B_coarse_masked,900,2013,10,0.2825882076872842,25.657827250101207,6
Kirklareli,B_coarse_masked,900,2013,11,0.3020476009992159,17.309728556717992,10
Kirklareli,B_coarse_masked,900,2013,12,0.39227143326726327,7.053412230612709,8
Kirklareli,B_coarse_masked,900,2014,1,0.45143575005972303,12.3309522785437,10
Kirklareli,B_coarse_masked,900,2014,2,0.48270591587304656,15.126537298133034,7
Kirklareli,B_coarse_masked,900,2014,3,0.5022437489719458,20.631441738796962,7
Kirklareli,B_coarse_masked,900,2014,4,0.6055244978292168,21.970328761201525,7
Kirklareli,B_coarse_masked,900,2014,5,0.6131857776656857,29.40311424124775,11
Kirklareli,B_coarse_masked,900,2014,6,0.45199799678857105,34.799528325180724,9
Kirklareli,B_coarse_masked,900,2014,7,0.5781760940122335,36.64715958024446,12
Kirklareli,B_coarse_masked,900,2014,8,0.5926406244491811,36.168470755616234,10
Kirklareli,B_coarse_masked,900,2014,9,0.45612202832668414,28.94700686044495,12
Kirklareli,B_coarse_masked,900,2014,10,0.349427532339349,21.93866460499857,10
Kirklareli,B_coarse_masked,900,2014,11,0.35355508472996094,13.339832369338914,7
Kirklareli,B_coarse_masked,900,2014,12,0.4742660936650248,6.84555536057219,7
Kirklareli,B_coarse_masked,900,2015,1,0.3447125003004261,6.102262059865244,10
Kirklareli,B_coarse_masked,900,2015,2,0.3326202588212193,3.874474366432704,6
Kirklareli,B_coarse_masked,900,2015,3,0.38183788348127295,14.22912012146899,11
Kirklareli,B_coarse_masked,900,2015,4,0.49723080484997967,24.978600450089434,9
Kirklareli,B_coarse_masked,900,2015,5,0.5547902708128762,33.237024405971276,12
Kirklareli,B_coarse_masked,900,2015,6,0.5016722755428671,36.38166498919433,10
Kirklareli,B_coarse_masked,900,2015,7,0.538408016931777,40.734164446389514,12
Kirklareli,B_coarse_masked,900,2015,8,0.45575228783591737,43.17219756677824,12
Kirklareli,B_coarse_masked,900,2015,9,0.3612962231641693,40.071172114006906,11
Kirklareli,B_coarse_masked,900,2015,10,0.3724303330859559,20.959963384953756,8
Kirklareli,B_coarse_masked,900,2015,11,0.36912407660781604,19.35573947959501,10
Kirklareli,B_coarse_masked,900,2015,12,0.5279278851874581,10.922047848943322,10
Kirklareli,B_coarse_masked,900,2016,1,0.4509943077663299,2.0830508710321913,9
Kirklareli,B_coarse_masked,900,2016,2,0.5112924181258192,13.805730992797418,8
Kirklareli,B_coarse_masked,900,2016,3,0.5678205629105426,19.093523412931514,7
Kirklareli,B_coarse_masked,900,2016,4,0.6977839201440329,23.511700598743843,9
Kirklareli,B_coarse_masked,900,2016,5,0.5967869295754247,25.150872760199817,12
Kirklareli,B_coarse_masked,900,2016,6,0.5531116742640734,36.231351161805975,12
Kirklareli,B_coarse_masked,900,2016,7,0.45478145153126887,41.58065519372134,12
Kirklareli,B_coarse_masked,900,2016,8,0.3985521880507656,40.55158192008378,12
Kirklareli,B_coarse_masked,900,2016,9,0.3670699184139569,34.077800428833065,10
Kirklareli,B_coarse_masked,900,2016,10,0.31799711659550667,28.40831617628212,10
Kirklareli,B_coarse_masked,900,2016,11,0.3009928036394722,16.702745655996072,12
Kirklareli,B_coarse_masked,900,2016,12,0.4216383793103843,6.802728849269113,8
Kirklareli,B_coarse_masked,900,2017,1,0.32295141918708603,2.048616015095318,10
Kirklareli,B_coarse_masked,900,2017,2,0.3214573208054052,8.879043112758636,7
Kirklareli,B_coarse_masked,900,2017,3,0.5114821603126366,16.402646330331965,10
Kirklareli,B_coarse_masked,900,2017,4,0.6830181400977705,24.882272247270535,11
Kirklareli,B_coarse_masked,900,2017,5,0.5547109898973599,33.651743185118384,11
Kirklareli,B_coarse_masked,900,2017,6,0.5316534906611219,40.545453786502996,12
Kirklareli,B_coarse_masked,900,2017,7,0.49798064524651514,37.94361410481461,10
Kirklareli,B_coarse_masked,900,2017,8,0.46682583343990086,39.78277505078959,12
Kirklareli,B_coarse_masked,900,2017,9,0.3674258056978269,42.55987366565687,12
Kirklareli,B_coarse_masked,900,2017,10,0.34064616684174825,25.896652917011522,12
Kirklareli,B_coarse_masked,900,2017,11,0.40068494623213396,13.9791118705328,11
Kirklareli,B_coarse_masked,900,2017,12,0.48130012374465186,9.984207018515873,9
Kirklareli,B_coarse_masked,900,2018,1,0.5587520075878258,6.60003620163009,12
Kirklareli,B_coarse_masked,900,2018,2,0.4848304491711842,12.114197490505745,6
Kirklareli,B_coarse_masked,900,2018,3,0.5680920509290855,15.00843014403848,10
Kirklareli,B_coarse_masked,900,2018,4,0.5595022361883842,28.53136581759097,12
Kirklareli,B_coarse_masked,900,2018,5,0.5034533320792293,29.077620970988004,8
Kirklareli,B_coarse_masked,900,2018,6,0.4404011838119304,34.6650588179647,12
Kirklareli,B_coarse_masked,900,2018,7,0.6415767003388047,34.34342997128353,12
Kirklareli,B_coarse_masked,900,2018,8,0.5834097391002001,37.9249618079044,12
Kirklareli,B_coarse_masked,900,2018,9,0.3973592280823961,33.39838036988038,11
Kirklareli,B_coarse_masked,900,2018,10,0.3350287515579619,29.900941210499717,8
Kirklareli,B_coarse_masked,900,2018,11,0.9302006363868713,9.15719780107183,9
Kirklareli,B_coarse_masked,900,2018,12,0.3357813982803408,3.930189329968445,6
Kirklareli,B_coarse_masked,900,2019,1,0.33324039442216574,7.897496395261882,8
Kirklareli,B_coarse_masked,900,2019,2,0.35972382687454196,15.341806201014112,10
Kirklareli,B_coarse_masked,900,2019,3,0.4270841888483197,15.496805331486991,10
Kirklareli,B_coarse_masked,900,2019,4,0.47809467874018446,26.1060717169366,8
Kirklareli,B_coarse_masked,900,2019,5,0.5458807474688285,33.61347773568722,12
Kirklareli,B_coarse_masked,900,2019,6,0.5295569878043257,38.14097509862515,12
Kirklareli,B_coarse_masked,900,2019,7,0.5489350496330792,39.759599655529804,12
Kirklareli,B_coarse_masked,900,2019,8,0.45217399519239737,41.65042228054189,10
Kirklareli,B_coarse_masked,900,2019,9,0.36509726818877314,36.08767763935658,10
Kirklareli,B_coarse_masked,900,2019,10,0.3352573291777794,29.558557818203706,12
Kirklareli,B_coarse_masked,900,2019,11,0.5110048626628196,18.703880694149642,12
Kirklareli,B_coarse_masked,900,2019,12,0.563401183164644,2.9176638171748013,7
Kirklareli,B_coarse_masked,900,2020,1,0.4690956979642564,5.268708689164938,9
Kirklareli,B_coarse_masked,900,2020,2,0.48155695469382176,11.854062994844679,9
Kirklareli,B_coarse_masked,900,2020,3,0.5495808657245019,14.742114998910607,10
Kirklareli,B_coarse_masked,900,2020,4,0.5658749865807791,28.61386929133899,12
Kirklareli,B_coarse_masked,900,2020,5,0.5738572012168963,29.780901169499618,11
Kirklareli,B_coarse_masked,900,2020,6,0.5874722398334901,33.65603037728821,10
Kirklareli,B_coarse_masked,900,2020,7,0.4833002191267346,41.8239254678688,12
Kirklareli,B_coarse_masked,900,2020,8,0.3482402485261459,37.904349590160535,10
Kirklareli,B_coarse_masked,900,2020,9,0.3047720182374209,43.51974432409501,12
Kirklareli,B_coarse_masked,900,2020,10,0.30765113283307777,29.02920410780544,12
Kirklareli,B_coarse_masked,900,2020,11,0.34213902054352197,12.787763517987077,6
Kirklareli,B_coarse_masked,900,2020,12,,,7
Kirklareli,B_coarse_masked,900,2021,1,,,5
Kirklareli,B_coarse_masked,900,2021,2,0.5283232943884258,12.174524638335035,11
Kirklareli,B_coarse_masked,900,2021,3,0.5176623347570177,15.36589747531992,9
Kirklareli,B_coarse_masked,900,2021,4,0.5933699938317517,22.37335819199309,10
Kirklareli,B_coarse_masked,900,2021,5,0.5845374443211446,30.98611394552151,11
Kirklareli,B_coarse_masked,900,2021,6,0.5372708966868415,34.761557917963685,9
Kirklareli,B_coarse_masked,900,2021,7,0.4960644433829939,42.77006296932037,12
Kirklareli,B_coarse_masked,900,2021,8,0.4238935340117034,41.92480919759885,12
Kirklareli,B_coarse_masked,900,2021,9,0.36620236298360315,32.50074620254914,11
Kirklareli,B_coarse_masked,900,2021,10,0.3224612511921466,25.326782220128496,10
Kirklareli,B_coarse_masked,900,2021,11,0.3302879892252334,18.66198081632118,12
Kirklareli,B_coarse_masked,900,2021,12,0.4286640765710771,9.544317269008799,19
Kirklareli,B_coarse_masked,900,2023,1,0.45960104620556513,11.404476818075466,19
Kirklareli,B_coarse_masked,900,2023,2,0.45955782080138174,12.01883009698371,18
Kirklareli,B_coarse_masked,900,2023,3,0.5912271640531681,19.23323332278589,16
Kirklareli,B_coarse_masked,900,2023,4,0.5745181482516024,19.31683001214414,17
Kirklareli,B_coarse_masked,900,2023,5,0.6041402950626537,28.975586547707287,21
Kirklareli,B_coarse_masked,900,2023,6,0.47430157492453706,39.74745586630164,20
Kirklareli,B_coarse_masked,900,2023,7,0.504889769920399,40.91439453180514,22
Kirklareli,B_coarse_masked,900,2023,8,0.49592552689193575,40.85747483761295,24
Kirklareli,B_coarse_masked,900,2023,9,0.3592935262704478,36.153718835066336,23
Kirklareli,B_coarse_masked,900,2023,10,0.29057686814597244,31.89410197628667,24
Kirklareli,B_coarse_masked,900,2023,11,0.550103380434097,15.749225303023023,20
Kirklareli,B_coarse_masked,900,2023,12,0.3785876635660934,9.503769535997836,11
Kirklareli,B_coarse_masked,900,2024,1,0.48668536887667435,9.580950131841922,13
Kirklareli,B_coarse_masked,900,2024,2,0.5515953497855846,11.867255438798306,21
Kirklareli,B_coarse_masked,900,2024,3,0.5864936927152195,19.024613206698927,18
Kirklareli,B_coarse_masked,900,2024,4,0.590620958517807,27.957206267280117,19
Kirklareli,B_coarse_masked,900,2024,5,0.5849651672194548,27.19410215814501,19
Kirklareli,B_coarse_masked,900,2024,6,0.4517263926591681,41.879754583237265,22
Kirklareli,B_coarse_masked,900,2024,7,0.3643538281455144,45.12610616636808,24
Kirklareli,B_coarse_masked,900,2024,8,0.36981609494483725,45.25327133766102,24
Kirklareli,B_coarse_masked,900,2024,9,0.3110578511957897,36.22187314592022,22
Kirklareli,B_coarse_masked,900,2024,10,0.30769115832336824,28.351368060874222,22
Kirklareli,B_coarse_masked,900,2024,11,0.3078278852778433,15.965390560893495,16
Kirklareli,B_coarse_masked,900,2024,12,0.3477437765958551,12.919956024450139,11
Kirklareli,C_coarse_unmasked,250,2013,4,0.5858692824005286,23.803459236736423,3
Kirklareli,C_coarse_unmasked,250,2013,5,0.6255651934969743,34.131633071841854,8
Kirklareli,C_coarse_unmasked,250,2013,6,0.5427974558965767,35.62824306771526,12
Kirklareli,C_coarse_unmasked,250,2013,7,0.594524335923753,38.27200866281473,12
Kirklareli,C_coarse_unmasked,250,2013,8,0.5159592578696451,38.94720876430271,12
Kirklareli,C_coarse_unmasked,250,2013,9,0.43390623878136614,29.052099819708936,8
Kirklareli,C_coarse_unmasked,250,2013,10,0.43063620395348984,23.82341998118326,6
Kirklareli,C_coarse_unmasked,250,2013,11,0.4344674560203821,16.37824162816063,10
Kirklareli,C_coarse_unmasked,250,2013,12,0.40533730769850207,6.986192302766591,8
Kirklareli,C_coarse_unmasked,250,2014,1,0.4531018882572495,11.680386886457521,10
Kirklareli,C_coarse_unmasked,250,2014,2,0.48536269223634726,14.95602991023494,7
Kirklareli,C_coarse_unmasked,250,2014,3,0.4966235748003604,21.290015349341342,7
Kirklareli,C_coarse_unmasked,250,2014,4,0.6297317332815784,21.570336133654838,7
Kirklareli,C_coarse_unmasked,250,2014,5,0.626190799163358,28.225228941380752,11
Kirklareli,C_coarse_unmasked,250,2014,6,0.6045018807596078,33.176835241101195,9
Kirklareli,C_coarse_unmasked,250,2014,7,0.6445283569517676,34.732458718767916,12
Kirklareli,C_coarse_unmasked,250,2014,8,0.7077913534853992,34.458327555146546,10
Kirklareli,C_coarse_unmasked,250,2014,9,0.7947042407946284,27.944008340583228,12
Kirklareli,C_coarse_unmasked,250,2014,10,0.40500514201996235,21.250199860345234,10
Kirklareli,C_coarse_unmasked,250,2014,11,0.3771534070511008,12.995435770246369,7
Kirklareli,C_coarse_unmasked,250,2014,12,0.532880130246915,6.947951613594405,7
Kirklareli,C_coarse_unmasked,250,2015,1,0.4054481918804832,5.941545056679097,10
Kirklareli,C_coarse_unmasked,250,2015,2,0.3535482726671807,3.614211234461962,6
Kirklareli,C_coarse_unmasked,250,2015,3,0.48108758627259385,13.492165412554353,11
Kirklareli,C_coarse_unmasked,250,2015,4,0.5379076475537103,24.248513890619297,9
Kirklareli,C_coarse_unmasked,250,2015,5,0.6410501760659018,30.738846446397325,12
Kirklareli,C_coarse_unmasked,250,2015,6,0.6130118926486923,34.2723742176749,10
Kirklareli,C_coarse_unmasked,250,2015,7,0.5989213093392535,39.080575339543046,12
Kirklareli,C_coarse_unmasked,250,2015,8,0.5230627581570593,41.54366611404819,12
Kirklareli,C_coarse_unmasked,250,2015,9,0.4375184360659074,38.62022412654639,11
Kirklareli,C_coarse_unmasked,250,2015,10,0.4971716229565421,19.882165942759237,8
Kirklareli,C_coarse_unmasked,250,2015,11,0.4696320940861072,18.038433627693518,10
Kirklareli,C_coarse_unmasked,250,2015,12,0.5361766501430175,10.541271519681134,10
Kirklareli,C_coarse_unmasked,250,2016,1,0.4460453401535031,1.6853345283333838,9
Kirklareli,C_coarse_unmasked,250,2016,2,0.5126723429063922,13.39898326281249,8
Kirklareli,C_coarse_unmasked,250,2016,3,0.5596183986407299,18.689125388233577,7
Kirklareli,C_coarse_unmasked,250,2016,4,0.705809366203532,23.194654343812484,9
Kirklareli,C_coarse_unmasked,250,2016,5,0.8008492142430136,22.955695763567473,12
Kirklareli,C_coarse_unmasked,250,2016,6,0.7469242585551633,34.17825365455325,12
Kirklareli,C_coarse_unmasked,250,2016,7,0.5285320299231306,39.73812388686706,12
Kirklareli,C_coarse_unmasked,250,2016,8,0.49380484133102615,39.02775186012189,12
Kirklareli,C_coarse_unmasked,250,2016,9,0.5625174489973725,31.672309212415257,10
Kirklareli,C_coarse_unmasked,250,2016,10,0.5629851806526874,24.854826096989495,10
Kirklareli,C_coarse_unmasked,250,2016,11,0.4086089917622472,15.120184019296701,12
Kirklareli,C_coarse_unmasked,250,2016,12,0.5202250195016319,6.397150193486428,8
Kirklareli,C_coarse_unmasked,250,2017,1,0.3486615364985389,2.9241146237297273,10
Kirklareli,C_coarse_unmasked,250,2017,2,0.363645013417844,8.657731039263876,7
Kirklareli,C_coarse_unmasked,250,2017,3,0.49346662173005734,16.34461373948985,10
Kirklareli,C_coarse_unmasked,250,2017,4,0.6234431417606425,23.64077855201498,11
Kirklareli,C_coarse_unmasked,250,2017,5,0.6476219236923133,31.950614202478903,11
Kirklareli,C_coarse_unmasked,250,2017,6,0.5822643896942258,38.83645162155253,12
Kirklareli,C_coarse_unmasked,250,2017,7,0.503401898584473,38.01635053902609,10
Kirklareli,C_coarse_unmasked,250,2017,8,0.5602289789763731,38.059781521336056,12
Kirklareli,C_coarse_unmasked,250,2017,9,0.5070736914268192,39.714737261165176,12
Kirklareli,C_coarse_unmasked,250,2017,10,0.4874546352963524,23.856565221726626,12
Kirklareli,C_coarse_unmasked,250,2017,11,0.4708956265475367,13.042875987025035,11
Kirklareli,C_coarse_unmasked,250,2017,12,0.4962946412039951,9.51776284740918,9
Kirklareli,C_coarse_unmasked,250,2018,1,0.5018399474051629,6.637373154905522,12
Kirklareli,C_coarse_unmasked,250,2018,2,0.5204007957276503,11.829508289522927,6
Kirklareli,C_coarse_unmasked,250,2018,3,0.569288924332774,14.543295172259064,10
Kirklareli,C_coarse_unmasked,250,2018,4,0.6320238352230195,27.078310501811785,12
Kirklareli,C_coarse_unmasked,250,2018,5,0.7198406952643803,27.601744031336764,8
Kirklareli,C_coarse_unmasked,250,2018,6,0.5821950074523586,32.07911115579368,12
Kirklareli,C_coarse_unmasked,250,2018,7,0.6366545646841529,33.233349091853114,12
Kirklareli,C_coarse_unmasked,250,2018,8,0.6273445160199007,36.57499183758075,12
Kirklareli,C_coarse_unmasked,250,2018,9,0.5687956437279043,31.243239661943946,11
Kirklareli,C_coarse_unmasked,250,2018,10,0.45221465591320037,26.90894158214989,8
Kirklareli,C_coarse_unmasked,250,2018,11,0.9302006959915161,8.36635355540847,9
Kirklareli,C_coarse_unmasked,250,2018,12,0.5456805670246482,4.3097209484080965,6
Kirklareli,C_coarse_unmasked,250,2019,1,0.3455506410413972,7.5873079472805465,8
Kirklareli,C_coarse_unmasked,250,2019,2,0.3782757782013048,14.645634731652498,10
Kirklareli,C_coarse_unmasked,250,2019,3,0.4243183318156002,14.8692764972704,10
Kirklareli,C_coarse_unmasked,250,2019,4,0.4975612672579492,24.70979861358614,8
Kirklareli,C_coarse_unmasked,250,2019,5,0.6349993633895398,31.242119866918532,12
Kirklareli,C_coarse_unmasked,250,2019,6,0.6520093650741062,35.932402316288325,12
Kirklareli,C_coarse_unmasked,250,2019,7,0.5919209133691412,38.20854985516784,12
Kirklareli,C_coarse_unmasked,250,2019,8,0.5621760960021548,39.544548661388674,10
Kirklareli,C_coarse_unmasked,250,2019,9,0.4591062994829055,34.92865410638012,10
Kirklareli,C_coarse_unmasked,250,2019,10,0.4924026230474561,28.04005463288295,12
Kirklareli,C_coarse_unmasked,250,2019,11,0.5758552325497663,17.371062387996794,12
Kirklareli,C_coarse_unmasked,250,2019,12,0.5459733780155885,3.0470026786214905,7
Kirklareli,C_coarse_unmasked,250,2020,1,0.5086752973854656,4.866636332797138,9
Kirklareli,C_coarse_unmasked,250,2020,2,0.46896587969686715,11.481441433170064,9
Kirklareli,C_coarse_unmasked,250,2020,3,0.49791364561259,14.231923658334217,10
Kirklareli,C_coarse_unmasked,250,2020,4,0.5277547465683893,27.33264109591279,12
Kirklareli,C_coarse_unmasked,250,2020,5,0.5934243078890169,29.292617084941014,11
Kirklareli,C_coarse_unmasked,250,2020,6,0.6010132056474778,33.68374806070514,10
Kirklareli,C_coarse_unmasked,250,2020,7,0.5255168182020352,40.5835651830363,12
Kirklareli,C_coarse_unmasked,250,2020,8,0.4832535556243926,34.45597473604391,10
Kirklareli,C_coarse_unmasked,250,2020,9,0.45206419341098325,40.95226535051373,12
Kirklareli,C_coarse_unmasked,250,2020,10,0.4475883146542789,27.44896813446004,12
Kirklareli,C_coarse_unmasked,250,2020,11,0.4214310429807698,11.477236401232126,6
Kirklareli,C_coarse_unmasked,250,2020,12,,,7
Kirklareli,C_coarse_unmasked,250,2021,1,,,5
Kirklareli,C_coarse_unmasked,250,2021,2,0.52396133387316,12.075350556103238,11
Kirklareli,C_coarse_unmasked,250,2021,3,0.5090101377254779,14.332048387140828,9
Kirklareli,C_coarse_unmasked,250,2021,4,0.586169696546148,22.17190017477749,10
Kirklareli,C_coarse_unmasked,250,2021,5,0.6321899475543844,28.929323885708932,11
Kirklareli,C_coarse_unmasked,250,2021,6,0.6163254698749877,32.64373022696801,9
Kirklareli,C_coarse_unmasked,250,2021,7,0.604541103018169,40.81915245831057,12
Kirklareli,C_coarse_unmasked,250,2021,8,0.5876603112530017,39.742788575302825,12
Kirklareli,C_coarse_unmasked,250,2021,9,0.5769542553763775,30.76194683350733,11
Kirklareli,C_coarse_unmasked,250,2021,10,0.3526821070647626,24.602003167366686,10
Kirklareli,C_coarse_unmasked,250,2021,11,0.4293610811528347,16.491088146385394,12
Kirklareli,C_coarse_unmasked,250,2021,12,0.46936237183781393,9.354056971299789,19
Kirklareli,C_coarse_unmasked,250,2022,1,0.608127498637934,5.554750606299967,17
Kirklareli,C_coarse_unmasked,250,2022,2,0.4343445364665892,10.194498948698655,18
Kirklareli,C_coarse_unmasked,250,2022,3,0.4230410162061885,16.028262340000982,15
Kirklareli,C_coarse_unmasked,250,2022,4,0.5308129688725003,27.77083288921461,18
Kirklareli,C_coarse_unmasked,250,2022,5,0.6377044553198293,27.915250034506602,20
Kirklareli,C_coarse_unmasked,250,2022,6,0.5915509521391976,37.18996760334639,22
Kirklareli,C_coarse_unmasked,250,2022,7,0.5704608766651684,40.357054703152734,24
Kirklareli,C_coarse_unmasked,250,2022,8,0.8002128261193802,36.616962107790606,22
Kirklareli,C_coarse_unmasked,250,2022,9,0.5377191470019884,31.930211328923964,20
Kirklareli,C_coarse_unmasked,250,2022,10,0.7550425568767428,25.956426107916545,23
Kirklareli,C_coarse_unmasked,250,2022,11,0.6041692797862106,19.333189020723445,23
Kirklareli,C_coarse_unmasked,250,2022,12,0.432901946015388,7.2855907122119135,17
Kirklareli,C_coarse_unmasked,250,2023,1,0.4972760076513923,11.164983647255006,19
Kirklareli,C_coarse_unmasked,250,2023,2,0.4791486722568159,11.212383659205699,18
Kirklareli,C_coarse_unmasked,250,2023,3,0.5734913994934043,18.902967235491534,16
Kirklareli,C_coarse_unmasked,250,2023,4,0.5832294025752427,19.558392780403675,17
Kirklareli,C_coarse_unmasked,250,2023,5,0.6813293442139968,26.84011056158132,21
Kirklareli,C_coarse_unmasked,250,2023,6,0.5968573166821239,37.27378668675318,20
Kirklareli,C_coarse_unmasked,250,2023,7,0.5735290398180648,39.09894707022463,22
Kirklareli,C_coarse_unmasked,250,2023,8,0.5394538505055462,39.588051720827835,24
Kirklareli,C_coarse_unmasked,250,2023,9,0.49412963345009514,34.57463528469527,23
Kirklareli,C_coarse_unmasked,250,2023,10,0.45569029722840304,29.664114608408735,24
Kirklareli,C_coarse_unmasked,250,2023,11,0.5830574122255338,15.20464925049845,20
Kirklareli,C_coarse_unmasked,250,2023,12,0.4759222421224184,9.656415084930817,11
Kirklareli,C_coarse_unmasked,250,2024,1,0.47340246059345475,9.193526085533625,13
Kirklareli,C_coarse_unmasked,250,2024,2,0.5273954692944959,11.33359112941827,21
Kirklareli,C_coarse_unmasked,250,2024,3,0.5677627435670327,18.99604195375376,18
Kirklareli,C_coarse_unmasked,250,2024,4,0.6593638214158634,27.066101396423072,19
Kirklareli,C_coarse_unmasked,250,2024,5,0.6832822444981284,25.28990636280324,19
Kirklareli,C_coarse_unmasked,250,2024,6,0.5989139327849106,39.94942051133019,22
Kirklareli,C_coarse_unmasked,250,2024,7,0.5371209849253206,42.5929401958453,24
Kirklareli,C_coarse_unmasked,250,2024,8,0.4763254695468847,43.36686614059531,24
Kirklareli,C_coarse_unmasked,250,2024,9,0.5754919067397469,33.65283677014768,22
Kirklareli,C_coarse_unmasked,250,2024,10,0.5221362863649985,25.19262536445367,22
Kirklareli,C_coarse_unmasked,250,2024,11,0.41392518030507225,14.226381955758754,16
Kirklareli,C_coarse_unmasked,250,2024,12,0.41580573449968905,12.494143897898548,11
Kirklareli,C_coarse_unmasked,500,2013,4,0.5859724061295957,23.79733625179249,3
Kirklareli,C_coarse_unmasked,500,2013,5,0.6256096937324694,34.12875313987835,8
Kirklareli,C_coarse_unmasked,500,2013,6,0.5428208841455576,35.62617413216821,12
Kirklareli,C_coarse_unmasked,500,2013,7,0.5945097377968762,38.26945137377516,12
Kirklareli,C_coarse_unmasked,500,2013,8,0.5159588628746848,38.951545182161446,12
Kirklareli,C_coarse_unmasked,500,2013,9,0.4341234659488138,29.04849559245819,8
Kirklareli,C_coarse_unmasked,500,2013,10,0.4306205012913372,23.82160811414526,6
Kirklareli,C_coarse_unmasked,500,2013,11,0.43442863203348503,16.376700507675455,10
Kirklareli,C_coarse_unmasked,500,2013,12,0.4054114228732847,6.983116321931776,8
Kirklareli,C_coarse_unmasked,500,2014,1,0.4530574096117076,11.692517944116986,10
Kirklareli,C_coarse_unmasked,500,2014,2,0.4855868466321059,14.953088016929511,7
Kirklareli,C_coarse_unmasked,500,2014,3,0.49659659673783263,21.286711250470656,7
Kirklareli,C_coarse_unmasked,500,2014,4,0.6297993707689004,21.56608613674832,7
Kirklareli,C_coarse_unmasked,500,2014,5,0.6263808335672917,28.218146825202393,11
Kirklareli,C_coarse_unmasked,500,2014,6,0.6045384078271414,33.17474018834856,9
Kirklareli,C_coarse_unmasked,500,2014,7,0.6442429888742742,34.72701330844947,12
Kirklareli,C_coarse_unmasked,500,2014,8,0.7076897871045877,34.45343449697466,10
Kirklareli,C_coarse_unmasked,500,2014,9,0.7974479658694209,27.942154110671286,12
Kirklareli,C_coarse_unmasked,500,2014,10,0.4050698354724426,21.247766696963442,10
Kirklareli,C_coarse_unmasked,500,2014,11,0.3771888893356139,12.993453869299424,7
Kirklareli,C_coarse_unmasked,500,2014,12,0.5328114297070706,6.94624913775587,7
Kirklareli,C_coarse_unmasked,500,2015,1,0.4056362170553318,5.939645358099331,10
Kirklareli,C_coarse_unmasked,500,2015,2,0.35364528749402413,3.616350040721003,6
Kirklareli,C_coarse_unmasked,500,2015,3,0.479304141371181,13.509868908557952,11
Kirklareli,C_coarse_unmasked,500,2015,4,0.5379714893197108,24.24395028915653,9
Kirklareli,C_coarse_unmasked,500,2015,5,0.6414765725119108,30.738885678029334,12
Kirklareli,C_coarse_unmasked,500,2015,6,0.6130117715200155,34.27058661900183,10
Kirklareli,C_coarse_unmasked,500,2015,7,0.5989307858337267,39.078535995074844,12
Kirklareli,C_coarse_unmasked,500,2015,8,0.523048533130457,41.542927833971376,12
Kirklareli,C_coarse_unmasked,500,2015,9,0.4378114640726003,38.61566894715193,11
Kirklareli,C_coarse_unmasked,500,2015,10,0.49710633709331853,19.878812925301318,8
Kirklareli,C_coarse_unmasked,500,2015,11,0.46960387500175105,18.037480833284377,10
Kirklareli,C_coarse_unmasked,500,2015,12,0.5370315335692056,10.537756363259518,10
Kirklareli,C_coarse_unmasked,500,2016,1,0.4462343603185879,1.6798752429549553,9
Kirklareli,C_coarse_unmasked,500,2016,2,0.5128289592669187,13.38940863839397,8
Kirklareli,C_coarse_unmasked,500,2016,3,0.5597775073338236,18.687137087914905,7
Kirklareli,C_coarse_unmasked,500,2016,4,0.7052687503959053,23.189644147097887,9
Kirklareli,C_coarse_unmasked,500,2016,5,0.8008490645479925,22.97415492309804,12
Kirklareli,C_coarse_unmasked,500,2016,6,0.747007621290788,34.181729099748054,12
Kirklareli,C_coarse_unmasked,500,2016,7,0.5286292382909065,39.73147703109338,12
Kirklareli,C_coarse_unmasked,500,2016,8,0.49411520583026874,39.02336692059458,12
Kirklareli,C_coarse_unmasked,500,2016,9,0.5589084875984094,31.692529809181135,10
Kirklareli,C_coarse_unmasked,500,2016,10,0.5619573117145745,24.8421850326305,10
Kirklareli,C_coarse_unmasked,500,2016,11,0.4085858023999835,15.119064650374874,12
Kirklareli,C_coarse_unmasked,500,2016,12,0.5206643748555448,6.397188233697716,8
Kirklareli,C_coarse_unmasked,500,2017,1,0.34872600740487664,2.9232145490110626,10
Kirklareli,C_coarse_unmasked,500,2017,2,0.3636593681975961,8.656494161202964,7
Kirklareli,C_coarse_unmasked,500,2017,3,0.4931432791693798,16.34402106813815,10
Kirklareli,C_coarse_unmasked,500,2017,4,0.6223899702211925,23.645962180804638,11
Kirklareli,C_coarse_unmasked,500,2017,5,0.6475904441285626,31.94944443423425,11
Kirklareli,C_coarse_unmasked,500,2017,6,0.5823122487267841,38.83206933100612,12
Kirklareli,C_coarse_unmasked,500,2017,7,0.5035308947862478,38.01107099717617,10
Kirklareli,C_coarse_unmasked,500,2017,8,0.5603481471679611,38.05749591269658,12
Kirklareli,C_coarse_unmasked,500,2017,9,0.5070722183378,39.714009456691755,12
Kirklareli,C_coarse_unmasked,500,2017,10,0.48744694583660847,23.85543095728942,12
Kirklareli,C_coarse_unmasked,500,2017,11,0.47150973619573766,13.0361896942468,11
Kirklareli,C_coarse_unmasked,500,2017,12,0.4962813518958673,9.51648278404082,9
Kirklareli,C_coarse_unmasked,500,2018,1,0.5018209917409266,6.636961043699355,12
Kirklareli,C_coarse_unmasked,500,2018,2,0.5204787722454417,11.828735632554132,6
Kirklareli,C_coarse_unmasked,500,2018,3,0.5693428191806339,14.540240273009,10
Kirklareli,C_coarse_unmasked,500,2018,4,0.6320757536756731,27.076064801839642,12
Kirklareli,C_coarse_unmasked,500,2018,5,0.7195861140863822,27.5970271677906,8
Kirklareli,C_coarse_unmasked,500,2018,6,0.5821303867153109,32.0713152264505,12
Kirklareli,C_coarse_unmasked,500,2018,7,0.6366100124013914,33.22396975253997,12
Kirklareli,C_coarse_unmasked,500,2018,8,0.6274238246927667,36.57091705419717,12
Kirklareli,C_coarse_unmasked,500,2018,9,0.5687717334874319,31.23683032638467,11
Kirklareli,C_coarse_unmasked,500,2018,10,0.45225867932157116,26.907579005926767,8
Kirklareli,C_coarse_unmasked,500,2018,11,0.9302006959915161,8.361478063532484,9
Kirklareli,C_coarse_unmasked,500,2018,12,0.5456639784637948,4.308968548602995,6
Kirklareli,C_coarse_unmasked,500,2019,1,0.345628370402881,7.586019484223641,8
Kirklareli,C_coarse_unmasked,500,2019,2,0.3782162833526704,14.64456669613228,10
Kirklareli,C_coarse_unmasked,500,2019,3,0.42433154592982697,14.877816685021202,10
Kirklareli,C_coarse_unmasked,500,2019,4,0.49767704376975014,24.70815599275629,8
Kirklareli,C_coarse_unmasked,500,2019,5,0.6349709697533872,31.240383473785997,12
Kirklareli,C_coarse_unmasked,500,2019,6,0.6522010941887953,35.92892843375647,12
Kirklareli,C_coarse_unmasked,500,2019,7,0.5920810736260731,38.20435616825917,12
Kirklareli,C_coarse_unmasked,500,2019,8,0.5622142926650145,39.542437377030566,10
Kirklareli,C_coarse_unmasked,500,2019,9,0.4591785544705831,34.92399463301259,10
Kirklareli,C_coarse_unmasked,500,2019,10,0.4923741451998046,28.036637089254658,12
Kirklareli,C_coarse_unmasked,500,2019,11,0.5758722365012872,17.372503563891048,12
Kirklareli,C_coarse_unmasked,500,2019,12,0.5456419250088704,3.0487938824470113,7
Kirklareli,C_coarse_unmasked,500,2020,1,0.5087309862266172,4.865709376229348,9
Kirklareli,C_coarse_unmasked,500,2020,2,0.46901170506740747,11.479847510430353,9
Kirklareli,C_coarse_unmasked,500,2020,3,0.4977986172208269,14.226668709745919,10
Kirklareli,C_coarse_unmasked,500,2020,4,0.5278890022686021,27.32797392311612,12
Kirklareli,C_coarse_unmasked,500,2020,5,0.5935232904817491,29.287538241695216,11
Kirklareli,C_coarse_unmasked,500,2020,6,0.6010478505162967,33.68391810772706,10
Kirklareli,C_coarse_unmasked,500,2020,7,0.52562682311007,40.57786242416451,12
Kirklareli,C_coarse_unmasked,500,2020,8,0.48334272161853675,34.45174814576075,10
Kirklareli,C_coarse_unmasked,500,2020,9,0.45213661685697437,40.94964119444174,12
Kirklareli,C_coarse_unmasked,500,2020,10,0.4475824237235605,27.445573281726425,12
Kirklareli,C_coarse_unmasked,500,2020,11,0.39386208373113635,11.682169462795471,6
Kirklareli,C_coarse_unmasked,500,2020,12,,,7
Kirklareli,C_coarse_unmasked,500,2021,1,,,5
Kirklareli,C_coarse_unmasked,500,2021,2,0.5240357922360563,12.073932989376416,11
Kirklareli,C_coarse_unmasked,500,2021,3,0.5088539847603285,14.336854496184843,9
Kirklareli,C_coarse_unmasked,500,2021,4,0.5862169455023735,22.169338380041893,10
Kirklareli,C_coarse_unmasked,500,2021,5,0.6322112226477765,28.93142545016829,11
Kirklareli,C_coarse_unmasked,500,2021,6,0.6164414718850236,32.63946960494955,9
Kirklareli,C_coarse_unmasked,500,2021,7,0.6045424491254434,40.81678829222639,12
Kirklareli,C_coarse_unmasked,500,2021,8,0.5874349188657098,39.74037731194068,12
Kirklareli,C_coarse_unmasked,500,2021,9,0.5768941489547332,30.7568177489796,11
Kirklareli,C_coarse_unmasked,500,2021,10,0.3526618896335022,24.600339008059713,10
Kirklareli,C_coarse_unmasked,500,2021,11,0.42933288083361504,16.491374780769906,12
Kirklareli,C_coarse_unmasked,500,2021,12,0.4693420994688555,9.351504624866205,19
Kirklareli,C_coarse_unmasked,500,2022,1,0.6060870863099136,5.529698097812495,17
Kirklareli,C_coarse_unmasked,500,2022,2,0.4343584199784141,10.192942126362322,18
Kirklareli,C_coarse_unmasked,500,2022,3,0.4229863148839092,16.02758540244478,15
Kirklareli,C_coarse_unmasked,500,2022,4,0.5308459629850377,27.7680800068512,18
Kirklareli,C_coarse_unmasked,500,2022,5,0.6369824561065405,27.917956696278257,20
Kirklareli,C_coarse_unmasked,500,2022,6,0.591652437416623,37.184275302022975,22
Kirklareli,C_coarse_unmasked,500,2022,7,0.5704540768939064,40.35390896994233,24
Kirklareli,C_coarse_unmasked,500,2022,8,0.8002708106556657,36.610476601088116,22
Kirklareli,C_coarse_unmasked,500,2022,9,0.5378039196051367,31.92654888637729,20
Kirklareli,C_coarse_unmasked,500,2022,10,0.7548837588935109,25.955019706884414,23
Kirklareli,C_coarse_unmasked,500,2022,11,0.6075041438594008,19.338514515914955,23
Kirklareli,C_coarse_unmasked,500,2022,12,0.4328490744243911,7.285505407568569,17
Kirklareli,C_coarse_unmasked,500,2023,1,0.49745260164186067,11.166161461110441,19
Kirklareli,C_coarse_unmasked,500,2023,2,0.47898725558129024,11.211976577867219,18
Kirklareli,C_coarse_unmasked,500,2023,3,0.5738415679714575,18.89564564639259,16
Kirklareli,C_coarse_unmasked,500,2023,4,0.5831708190582866,19.5535667973123,17
Kirklareli,C_coarse_unmasked,500,2023,5,0.6809699584183595,26.836333175264663,21
Kirklareli,C_coarse_unmasked,500,2023,6,0.5968542247458061,37.267003373136426,20
Kirklareli,C_coarse_unmasked,500,2023,7,0.5735486110412878,39.095807259538155,22
Kirklareli,C_coarse_unmasked,500,2023,8,0.539479855995559,39.5847781236889,24
Kirklareli,C_coarse_unmasked,500,2023,9,0.49436319728086864,34.534372748362536,23
Kirklareli,C_coarse_unmasked,500,2023,10,0.4556722602345357,29.661884718696044,24
Kirklareli,C_coarse_unmasked,500,2023,11,0.5832443507226821,15.202379343801601,20
Kirklareli,C_coarse_unmasked,500,2023,12,0.47585838324730334,9.655409686778423,11
Kirklareli,C_coarse_unmasked,500,2024,1,0.47333157072865856,9.195224421857153,13
Kirklareli,C_coarse_unmasked,500,2024,2,0.5285298028374437,11.334828540073671,21
Kirklareli,C_coarse_unmasked,500,2024,3,0.5679532480839361,18.994667605226372,18
Kirklareli,C_coarse_unmasked,500,2024,4,0.6594477989658699,27.060100800859754,19
Kirklareli,C_coarse_unmasked,500,2024,5,0.6835442575956231,25.284400782878972,19
Kirklareli,C_coarse_unmasked,500,2024,6,0.5989160456786233,39.945900335784145,22
Kirklareli,C_coarse_unmasked,500,2024,7,0.5371118023896514,42.5912474890387,24
Kirklareli,C_coarse_unmasked,500,2024,8,0.47632827055764354,43.36540858633607,24
Kirklareli,C_coarse_unmasked,500,2024,9,0.575572028287611,33.655150315088875,22
Kirklareli,C_coarse_unmasked,500,2024,10,0.5220607003573504,25.188817184962538,22
Kirklareli,C_coarse_unmasked,500,2024,11,0.4139216469641576,14.225096448022526,16
Kirklareli,C_coarse_unmasked,500,2024,12,0.415768961730031,12.490380128364457,11
Kirklareli,C_coarse_unmasked,900,2013,4,0.5860275228204054,23.792892501423953,3
Kirklareli,C_coarse_unmasked,900,2013,5,0.6256120097232989,34.13531699294847,8
Kirklareli,C_coarse_unmasked,900,2013,6,0.5428650462720332,35.62138142380738,12
Kirklareli,C_coarse_unmasked,900,2013,7,0.5949051910908785,38.26785429760121,12
Kirklareli,C_coarse_unmasked,900,2013,8,0.5160037631843281,38.95359874866385,12
Kirklareli,C_coarse_unmasked,900,2013,9,0.4345474268226261,29.046601529072916,8
Kirklareli,C_coarse_unmasked,900,2013,10,0.43064876277303116,23.82796965272051,6
Kirklareli,C_coarse_unmasked,900,2013,11,0.4344132009481635,16.374617651872725,10
Kirklareli,C_coarse_unmasked,900,2013,12,0.40547284517014187,6.9686306242742875,8
Kirklareli,C_coarse_unmasked,900,2014,1,0.45316492846084455,11.610076310777302,10
Kirklareli,C_coarse_unmasked,900,2014,2,0.4855456422391229,14.956584002090935,7
Kirklareli,C_coarse_unmasked,900,2014,3,0.4966874449206125,21.28109264784404,7
Kirklareli,C_coarse_unmasked,900,2014,4,0.6303326584995862,21.555325859065928,7
Kirklareli,C_coarse_unmasked,900,2014,5,0.6266008650065049,28.204683446170772,11
Kirklareli,C_coarse_unmasked,900,2014,6,0.6045491717760814,33.17211328308824,9
Kirklareli,C_coarse_unmasked,900,2014,7,0.6445978810372747,34.71974271669211,12
Kirklareli,C_coarse_unmasked,900,2014,8,0.7078752179563981,34.43654875140364,10
Kirklareli,C_coarse_unmasked,900,2014,9,0.8000169330173067,27.94608779579805,12
Kirklareli,C_coarse_unmasked,900,2014,10,0.40523236299244525,21.26509428685451,10
Kirklareli,C_coarse_unmasked,900,2014,11,0.3771646308886254,12.991135396069573,7
Kirklareli,C_coarse_unmasked,900,2014,12,0.5328160099532987,6.94138744933284,7
Kirklareli,C_coarse_unmasked,900,2015,1,0.4058920023564718,5.938018373839459,10
Kirklareli,C_coarse_unmasked,900,2015,2,0.3537944742025846,3.6057993992222626,6
Kirklareli,C_coarse_unmasked,900,2015,3,0.4786980166765196,13.517997067837445,11
Kirklareli,C_coarse_unmasked,900,2015,4,0.5384895530434921,24.241811275954035,9
Kirklareli,C_coarse_unmasked,900,2015,5,0.6417562407027614,30.73176483299068,12
Kirklareli,C_coarse_unmasked,900,2015,6,0.6128659162139848,34.26626679479519,10
Kirklareli,C_coarse_unmasked,900,2015,7,0.5989577574381402,39.0689044499297,12
Kirklareli,C_coarse_unmasked,900,2015,8,0.5230445616191007,41.541538586195735,12
Kirklareli,C_coarse_unmasked,900,2015,9,0.43840864388321793,38.60903199675224,11
Kirklareli,C_coarse_unmasked,900,2015,10,0.49715532127005785,19.872262975761213,8
Kirklareli,C_coarse_unmasked,900,2015,11,0.469581986276941,18.033875900992406,10
Kirklareli,C_coarse_unmasked,900,2015,12,0.5361340926197884,10.530044983842327,10
Kirklareli,C_coarse_unmasked,900,2016,1,0.44649380365799757,1.6708268828219508,9
Kirklareli,C_coarse_unmasked,900,2016,2,0.5135543125535557,13.39402239385403,8
Kirklareli,C_coarse_unmasked,900,2016,3,0.5596014866537681,18.686418554035267,7
Kirklareli,C_coarse_unmasked,900,2016,4,0.7045672739586268,23.19984674252663,9
Kirklareli,C_coarse_unmasked,900,2016,5,0.8019900665860825,23.010207669466727,12
Kirklareli,C_coarse_unmasked,900,2016,6,0.746141683047871,34.19883158087753,12
Kirklareli,C_coarse_unmasked,900,2016,7,0.529066631926802,39.71872325423175,12
Kirklareli,C_coarse_unmasked,900,2016,8,0.4943284549853323,39.01292468161053,12
Kirklareli,C_coarse_unmasked,900,2016,9,0.5383523362854454,31.842291922714406,10
Kirklareli,C_coarse_unmasked,900,2016,10,0.5618856244823008,24.84518952653639,10
Kirklareli,C_coarse_unmasked,900,2016,11,0.40867936308062247,15.116503656718502,12
Kirklareli,C_coarse_unmasked,900,2016,12,0.5202157624185786,6.394556459187406,8
Kirklareli,C_coarse_unmasked,900,2017,1,0.34887667555949026,2.888162500533939,10
Kirklareli,C_coarse_unmasked,900,2017,2,0.3638047192167832,8.654578468000377,7
Kirklareli,C_coarse_unmasked,900,2017,3,0.4922434212695821,16.343736150422572,10
Kirklareli,C_coarse_unmasked,900,2017,4,0.6229588690051785,23.645649451967717,11
Kirklareli,C_coarse_unmasked,900,2017,5,0.6476398123251754,31.942941021175677,11
Kirklareli,C_coarse_unmasked,900,2017,6,0.5823679304348478,38.82297498916247,12
Kirklareli,C_coarse_unmasked,900,2017,7,0.5039771579088655,38.00000778670929,10
Kirklareli,C_coarse_unmasked,900,2017,8,0.5605863734301912,38.052422061183,12
Kirklareli,C_coarse_unmasked,900,2017,9,0.5070976788256232,39.71253810866463,12
Kirklareli,C_coarse_unmasked,900,2017,10,0.4874833674046698,23.853890841141773,12
Kirklareli,C_coarse_unmasked,900,2017,11,0.47202862017667513,13.04331187769659,11
Kirklareli,C_coarse_unmasked,900,2017,12,0.4963245874091892,9.516406094828326,9
Kirklareli,C_coarse_unmasked,900,2018,1,0.501831668273662,6.63564128296093,12
Kirklareli,C_coarse_unmasked,900,2018,2,0.5206119374220293,11.829033575344337,6
Kirklareli,C_coarse_unmasked,900,2018,3,0.5691744197685247,14.535623075517087,10
Kirklareli,C_coarse_unmasked,900,2018,4,0.6321784566330626,27.073672692330295,12
Kirklareli,C_coarse_unmasked,900,2018,5,0.7194491199500224,27.60242498409997,8
Kirklareli,C_coarse_unmasked,900,2018,6,0.5825449301520977,32.054674448736755,12
Kirklareli,C_coarse_unmasked,900,2018,7,0.6368248346948341,33.21551529721505,12
Kirklareli,C_coarse_unmasked,900,2018,8,0.6277644334739476,36.559788105045556,12
Kirklareli,C_coarse_unmasked,900,2018,9,0.5687620617910879,31.21498868068742,11
Kirklareli,C_coarse_unmasked,900,2018,10,0.45238265241270315,26.906410291036806,8
Kirklareli,C_coarse_unmasked,900,2018,11,0.9302006363868713,8.62979484885486,9
Kirklareli,C_coarse_unmasked,900,2018,12,0.5454006033281538,4.318561172189699,6
Kirklareli,C_coarse_unmasked,900,2019,1,0.34572921491822267,7.586229379887438,8
Kirklareli,C_coarse_unmasked,900,2019,2,0.37816390806899586,14.644069822565154,10
Kirklareli,C_coarse_unmasked,900,2019,3,0.4240483135326784,14.895609720095015,10
Kirklareli,C_coarse_unmasked,900,2019,4,0.49771518477317855,24.706114703719326,8
Kirklareli,C_coarse_unmasked,900,2019,5,0.634978183016817,31.23497703077561,12
Kirklareli,C_coarse_unmasked,900,2019,6,0.6524179044896751,35.92016405311966,12
Kirklareli,C_coarse_unmasked,900,2019,7,0.5923437421530584,38.19469445978592,12
Kirklareli,C_coarse_unmasked,900,2019,8,0.5622621955307899,39.5327232276611,10
Kirklareli,C_coarse_unmasked,900,2019,9,0.4597020940935197,34.90817948932252,10
Kirklareli,C_coarse_unmasked,900,2019,10,0.49242463637340633,28.040161982484953,12
Kirklareli,C_coarse_unmasked,900,2019,11,0.5760872942458348,17.37420856186356,12
Kirklareli,C_coarse_unmasked,900,2019,12,0.5456659459428436,3.044976887282946,7
Kirklareli,C_coarse_unmasked,900,2020,1,0.5087886280200079,4.864427137572428,9
Kirklareli,C_coarse_unmasked,900,2020,2,0.4692832563935229,11.482144299073674,9
Kirklareli,C_coarse_unmasked,900,2020,3,0.4978079847903827,14.21459417717417,10
Kirklareli,C_coarse_unmasked,900,2020,4,0.5280150189752401,27.32333118206377,12
Kirklareli,C_coarse_unmasked,900,2020,5,0.5939010936398668,29.274883112646194,11
Kirklareli,C_coarse_unmasked,900,2020,6,0.6012187188220156,33.680099188670354,10
Kirklareli,C_coarse_unmasked,900,2020,7,0.5258839712432292,40.5638486526914,12
Kirklareli,C_coarse_unmasked,900,2020,8,0.48355761013854237,34.45549811265347,10
Kirklareli,C_coarse_unmasked,900,2020,9,0.4523596710541847,40.94238955764133,12
Kirklareli,C_coarse_unmasked,900,2020,10,0.4477629529218603,27.443539373989804,12
Kirklareli,C_coarse_unmasked,900,2020,11,0.3880299079472296,12.235913621954833,6
Kirklareli,C_coarse_unmasked,900,2020,12,,,7
Kirklareli,C_coarse_unmasked,900,2021,1,,,5
Kirklareli,C_coarse_unmasked,900,2021,2,0.5240323151231615,12.074640838671863,11
Kirklareli,C_coarse_unmasked,900,2021,3,0.5085945161563801,14.349330456139691,9
Kirklareli,C_coarse_unmasked,900,2021,4,0.5862187513453329,22.16776243776448,10
Kirklareli,C_coarse_unmasked,900,2021,5,0.6322288053742003,28.938901117166655,11
Kirklareli,C_coarse_unmasked,900,2021,6,0.6167824612773443,32.63564294335786,9
Kirklareli,C_coarse_unmasked,900,2021,7,0.6045745193551583,40.80677135557558,12
Kirklareli,C_coarse_unmasked,900,2021,8,0.5866148845482602,39.73585983464967,12
Kirklareli,C_coarse_unmasked,900,2021,9,0.5765213637474882,30.745803029486094,11
Kirklareli,C_coarse_unmasked,900,2021,10,0.3527980523497967,24.59711428019384,10
Kirklareli,C_coarse_unmasked,900,2021,11,0.4293161362574599,16.49235574529871,12
Kirklareli,C_coarse_unmasked,900,2021,12,0.4703187690907288,9.349258621225093,19
Kirklareli,C_coarse_unmasked,900,2022,1,0.6040058434009553,5.518110793095073,17
Kirklareli,C_coarse_unmasked,900,2022,2,0.4343309961285474,10.19142433511691,18
Kirklareli,C_coarse_unmasked,900,2022,3,0.4235397384302182,16.026616814806108,15
Kirklareli,C_coarse_unmasked,900,2022,4,0.5309393492929798,27.76312857034592,18
Kirklareli,C_coarse_unmasked,900,2022,5,0.6374173439553535,27.917370720613604,20
Kirklareli,C_coarse_unmasked,900,2022,6,0.5918855209518296,37.16909351233726,22
Kirklareli,C_coarse_unmasked,900,2022,7,0.5704959086104409,40.344892581144954,24
Kirklareli,C_coarse_unmasked,900,2022,8,0.8006495414447546,36.600736459165645,22
Kirklareli,C_coarse_unmasked,900,2022,9,0.5380291718560605,31.916377832212206,20
Kirklareli,C_coarse_unmasked,900,2022,10,0.748145851192675,25.975494963574516,23
Kirklareli,C_coarse_unmasked,900,2022,11,0.6325422046439988,19.340189429598034,23
Kirklareli,C_coarse_unmasked,900,2022,12,0.4328477206458667,7.28615517829234,17
Kirklareli,C_coarse_unmasked,900,2023,1,0.49736222717883205,11.166311844010155,19
Kirklareli,C_coarse_unmasked,900,2023,2,0.47888971745455017,11.208081558688875,18
Kirklareli,C_coarse_unmasked,900,2023,3,0.5731450404153169,18.88457242491815,16
Kirklareli,C_coarse_unmasked,900,2023,4,0.583312096501166,19.545312052536662,17
Kirklareli,C_coarse_unmasked,900,2023,5,0.680740827132637,26.82383544893557,21
Kirklareli,C_coarse_unmasked,900,2023,6,0.596844355340128,37.25667915277724,20
Kirklareli,C_coarse_unmasked,900,2023,7,0.5735785845714143,39.09375800612988,22
Kirklareli,C_coarse_unmasked,900,2023,8,0.5394709684174736,39.58249763060343,24
Kirklareli,C_coarse_unmasked,900,2023,9,0.49508717692559495,34.350247124700275,23
Kirklareli,C_coarse_unmasked,900,2023,10,0.4557233539903742,29.657064001823304,24
Kirklareli,C_coarse_unmasked,900,2023,11,0.5838631338591792,15.197383090784816,20
Kirklareli,C_coarse_unmasked,900,2023,12,0.47586905474857966,9.65577891065239,11
Kirklareli,C_coarse_unmasked,900,2024,1,0.47333770795523367,9.196043186083704,13
Kirklareli,C_coarse_unmasked,900,2024,2,0.5290917695120528,11.332695896305069,21
Kirklareli,C_coarse_unmasked,900,2024,3,0.5677369724637563,18.99449326414734,18
Kirklareli,C_coarse_unmasked,900,2024,4,0.6596194469750235,27.050758142743483,19
Kirklareli,C_coarse_unmasked,900,2024,5,0.6841305438099073,25.271578057790737,19
Kirklareli,C_coarse_unmasked,900,2024,6,0.5989962828105171,39.93583267963078,22
Kirklareli,C_coarse_unmasked,900,2024,7,0.537058283314391,42.58764567862691,24
Kirklareli,C_coarse_unmasked,900,2024,8,0.476337158393141,43.370196452632655,24
Kirklareli,C_coarse_unmasked,900,2024,9,0.5758946587489322,33.665603534491815,22
Kirklareli,C_coarse_unmasked,900,2024,10,0.5221177595345019,25.185791015156486,22
Kirklareli,C_coarse_unmasked,900,2024,11,0.41398420123752266,14.222859211672418,16
Kirklareli,C_coarse_unmasked,900,2024,12,0.4158321992580053,12.48300707102114,11
Luleburgaz,A_native_masked,30,2013,4,,,3
Luleburgaz,A_native_masked,30,2013,5,0.5931688969351333,36.275339488294605,8
Luleburgaz,A_native_masked,30,2013,6,0.48113427511201845,34.57646031999254,12
Luleburgaz,A_native_masked,30,2013,7,0.5165652094174131,33.68836651968447,12
Luleburgaz,A_native_masked,30,2013,8,0.3340468098775258,41.259632137351375,12
Luleburgaz,A_native_masked,30,2013,9,0.2564796580870128,35.674120917458595,8
Luleburgaz,A_native_masked,30,2013,10,0.23664740857971497,24.33612092342338,6
Luleburgaz,A_native_masked,30,2013,11,0.2628178152762596,19.26586198869654,10
Luleburgaz,A_native_masked,30,2013,12,,,8
Luleburgaz,A_native_masked,30,2014,1,0.5589896093008917,11.53592692180051,10
Luleburgaz,A_native_masked,30,2014,2,0.5772034390518634,18.675263339092034,7
Luleburgaz,A_native_masked,30,2014,3,0.6405415335490364,22.742437023969643,7
Luleburgaz,A_native_masked,30,2014,4,0.659171551871721,21.277069216574546,7
Luleburgaz,A_native_masked,30,2014,5,0.5762100267069468,24.766583288578843,11
Luleburgaz,A_native_masked,30,2014,6,0.4594936051954882,30.830796218197687,9
Luleburgaz,A_native_masked,30,2014,7,0.6011019012647464,34.45275111600434,12
Luleburgaz,A_native_masked,30,2014,8,0.507565416452531,35.0776131011862,10
Luleburgaz,A_native_masked,30,2014,9,0.3593513618436551,25.154155743370897,12
Luleburgaz,A_native_masked,30,2014,10,,,10
Luleburgaz,A_native_masked,30,2014,11,,,7
Luleburgaz,A_native_masked,30,2014,12,,,7
Luleburgaz,A_native_masked,30,2015,1,0.42080815775933245,7.503222059122385,10
Luleburgaz,A_native_masked,30,2015,2,0.39837068652576374,8.89477778859577,6
Luleburgaz,A_native_masked,30,2015,3,,,11
Luleburgaz,A_native_masked,30,2015,4,0.6179844009633867,18.239453030004096,9
Luleburgaz,A_native_masked,30,2015,5,0.5465306860277461,36.88655486606005,12
Luleburgaz,A_native_masked,30,2015,6,0.5291437173253698,31.64729597389634,10
Luleburgaz,A_native_masked,30,2015,7,0.4969778844228439,41.56183130762979,12
Luleburgaz,A_native_masked,30,2015,8,0.3315509720143057,44.86389304618705,12
Luleburgaz,A_native_masked,30,2015,9,0.30851321656400005,33.29153733352679,11
Luleburgaz,A_native_masked,30,2015,10,0.3168476668551448,23.219197481131506,8
Luleburgaz,A_native_masked,30,2015,11,0.31286877460926776,19.39943436709259,10
Luleburgaz,A_native_masked,30,2015,12,0.47246129633207884,10.156901673100656,10
Luleburgaz,A_native_masked,30,2016,1,0.48949155877498707,1.9395382424655743,9
Luleburgaz,A_native_masked,30,2016,2,,,8
Luleburgaz,A_native_masked,30,2016,3,0.5792055066128627,16.306962347783482,7
Luleburgaz,A_native_masked,30,2016,4,,,9
Luleburgaz,A_native_masked,30,2016,5,0.631856908422626,25.035751723101924,12
Luleburgaz,A_native_masked,30,2016,6,0.531480085206828,36.868773960387905,12
Luleburgaz,A_native_masked,30,2016,7,0.3838911543427475,44.721091823178604,12
Luleburgaz,A_native_masked,30,2016,8,0.286895527769048,39.802754647774634,12
Luleburgaz,A_native_masked,30,2016,9,0.24866125875393874,43.214467851902405,10
Luleburgaz,A_native_masked,30,2016,10,0.24085569787048206,38.07791789352036,10
Luleburgaz,A_native_masked,30,2016,11,0.22867682985896468,19.459221884488827,12
Luleburgaz,A_native_masked,30,2016,12,0.469809825673534,3.217307587349591,8
Luleburgaz,A_native_masked,30,2017,1,0.2852172243696066,6.1882226934143425,10
Luleburgaz,A_native_masked,30,2017,2,0.30877586899505405,15.545864520296671,7
Luleburgaz,A_native_masked,30,2017,3,0.5047729702373582,22.595333017521444,10
Luleburgaz,A_native_masked,30,2017,4,0.5901404150589844,30.533777904784635,11
Luleburgaz,A_native_masked,30,2017,5,0.6679053180266428,32.44670411327415,11
Luleburgaz,A_native_masked,30,2017,6,0.5653743946577942,41.43791009874566,12
Luleburgaz,A_native_masked,30,2017,7,0.4033682324969815,38.92838640227368,10
Luleburgaz,A_native_masked,30,2017,8,0.39391996097125836,39.87528821568101,12
Luleburgaz,A_native_masked,30,2017,9,0.31483747904824844,44.58314206419955,12
Luleburgaz,A_native_masked,30,2017,10,0.2705741368952007,30.993171118727798,12
Luleburgaz,A_native_masked,30,2017,11,0.35749544949939055,14.982386506515596,11
Luleburgaz,A_native_masked,30,2017,12,0.5008662143658649,8.662015042701052,9
Luleburgaz,A_native_masked,30,2018,1,0.5412572206591546,3.34378418470747,12
Luleburgaz,A_native_masked,30,2018,2,0.5681673869080575,15.304529871055292,6
Luleburgaz,A_native_masked,30,2018,3,0.603410405364319,16.979074407832094,10
Luleburgaz,A_native_masked,30,2018,4,0.6093481438646924,30.512829128410754,12
Luleburgaz,A_native_masked,30,2018,5,0.4999992708012301,25.206097347092744,8
Luleburgaz,A_native_masked,30,2018,6,0.42807818078673826,38.02994222266023,12
Luleburgaz,A_native_masked,30,2018,7,0.5555566807076662,37.19355647572337,12
Luleburgaz,A_native_masked,30,2018,8,0.5150975419677482,39.68385004900094,12
Luleburgaz,A_native_masked,30,2018,9,0.3181648699958303,38.15428540901314,11
Luleburgaz,A_native_masked,30,2018,10,0.269880732210171,24.01521713270568,8
Luleburgaz,A_native_masked,30,2018,11,0.3256969598814657,13.496702097956513,9
Luleburgaz,A_native_masked,30,2018,12,0.41962313167694276,3.124352731085222,6
Luleburgaz,A_native_masked,30,2019,1,,,8
Luleburgaz,A_native_masked,30,2019,2,0.486075987273672,15.342010325760791,10
Luleburgaz,A_native_masked,30,2019,3,0.5766385363760466,10.808153302420436,10
Luleburgaz,A_native_masked,30,2019,4,0.6325299099659534,22.424692331003218,8
Luleburgaz,A_native_masked,30,2019,5,0.6673245713380678,30.91262223981788,12
Luleburgaz,A_native_masked,30,2019,6,0.6497717971453455,35.62346716116528,12
Luleburgaz,A_native_masked,30,2019,7,0.42985742227478835,44.605896027051344,12
Luleburgaz,A_native_masked,30,2019,8,0.33742189643055204,45.18807572572365,10
Luleburgaz,A_native_masked,30,2019,9,0.34967590215946864,34.74749329953425,10
Luleburgaz,A_native_masked,30,2019,10,0.28831926905538985,26.445419402175926,12
Luleburgaz,A_native_masked,30,2019,11,0.4224067957550843,17.8792714827577,12
Luleburgaz,A_native_masked,30,2019,12,0.5619697452959391,2.6768317764220524,7
Luleburgaz,A_native_masked,30,2020,1,0.5456631810851398,5.528338107082323,9
Luleburgaz,A_native_masked,30,2020,2,,,9
Luleburgaz,A_native_masked,30,2020,3,0.627253059563832,13.821874541241716,10
Luleburgaz,A_native_masked,30,2020,4,0.6667616292098286,24.82797114666566,12
Luleburgaz,A_native_masked,30,2020,5,0.6764751303097142,22.669883377850038,11
Luleburgaz,A_native_masked,30,2020,6,0.5588683413453063,31.751404890706468,10
Luleburgaz,A_native_masked,30,2020,7,0.5191370046856739,37.167448536241935,12
Luleburgaz,A_native_masked,30,2020,8,0.33367650825096756,37.71763232663763,10
Luleburgaz,A_native_masked,30,2020,9,0.27498463254130157,40.789397448377684,12
Luleburgaz,A_native_masked,30,2020,10,0.2856587994201176,28.514855043913048,12
Luleburgaz,A_native_masked,30,2020,11,0.3110514330769842,10.41049259420085,6
Luleburgaz,A_native_masked,30,2020,12,,,7
Luleburgaz,A_native_masked,30,2021,1,,,5
Luleburgaz,A_native_masked,30,2021,2,0.4643609784755591,5.415030973469216,11
Luleburgaz,A_native_masked,30,2021,3,0.496554507190733,22.005107304735088,9
Luleburgaz,A_native_masked,30,2021,4,0.6037771194794849,21.53501676237439,10
Luleburgaz,A_native_masked,30,2021,5,0.6021168023024901,34.886895732182865,11
Luleburgaz,A_native_masked,30,2021,6,0.5381812586611612,36.45248404493678,9
Luleburgaz,A_native_masked,30,2021,7,0.5198962301733915,42.85012148280519,12
Luleburgaz,A_native_masked,30,2021,8,0.3739488683333438,43.275674307412274,12
Luleburgaz,A_native_masked,30,2021,9,0.29693626637008613,31.23164446666612,11
Luleburgaz,A_native_masked,30,2021,10,,,10
Luleburgaz,A_native_masked,30,2021,11,0.29220399270171565,19.547753273179886,12
Luleburgaz,A_native_masked,30,2021,12,0.4334850339111744,7.835691409831207,19
Luleburgaz,A_native_masked,30,2022,1,0.42315483907996854,5.60445533091846,17
Luleburgaz,A_native_masked,30,2022,2,0.4194155219193252,7.273676856972484,18
Luleburgaz,A_native_masked,30,2022,3,0.4270278141500027,23.011326974701877,15
Luleburgaz,A_native_masked,30,2022,4,0.5698545183553283,29.01309355352048,18
Luleburgaz,A_native_masked,30,2022,5,0.6668549167214526,31.095486526022967,20
Luleburgaz,A_native_masked,30,2022,6,0.5519516753410484,35.69184454469511,22
Luleburgaz,A_native_masked,30,2022,7,0.4611597476866738,42.498047449346416,24
Luleburgaz,A_native_masked,30,2022,8,0.36879779496669707,40.50795707476265,22
Luleburgaz,A_native_masked,30,2022,9,0.3362859273391656,37.46151700006072,20
Luleburgaz,A_native_masked,30,2022,10,0.3202098659567454,29.14681281719717,23
Luleburgaz,A_native_masked,30,2022,11,0.25618795669280153,21.801466247995293,23
Luleburgaz,A_native_masked,30,2022,12,0.3642696191749123,9.169510931926265,17
Luleburgaz,A_native_masked,30,2023,1,0.42615639483378936,12.325756949266355,19
Luleburgaz,A_native_masked,30,2023,2,0.4727583447825154,11.855990550977715,18
Luleburgaz,A_native_masked,30,2023,3,0.5894384062434623,21.023822328873106,16
Luleburgaz,A_native_masked,30,2023,4,0.6483958471749656,17.753693634213914,17
Luleburgaz,A_native_masked,30,2023,5,0.6090774086701403,29.697917918968034,21
Luleburgaz,A_native_masked,30,2023,6,0.4564436853074344,39.11779640451637,20
Luleburgaz,A_native_masked,30,2023,7,0.4455244878942839,42.31416597301387,22
Luleburgaz,A_native_masked,30,2023,8,0.3464104467216669,41.870108302670516,24
Luleburgaz,A_native_masked,30,2023,9,0.2842435173172151,36.61697723981721,23
Luleburgaz,A_native_masked,30,2023,10,0.242557918417552,32.089138551071855,24
Luleburgaz,A_native_masked,30,2023,11,0.2669300509227273,21.20743900150359,20
Luleburgaz,A_native_masked,30,2023,12,0.33745600145582083,9.403536465425777,11
Luleburgaz,A_native_masked,30,2024,1,0.46733492539692917,9.571540146247864,13
Luleburgaz,A_native_masked,30,2024,2,0.4858560817334579,7.720924276638674,21
Luleburgaz,A_native_masked,30,2024,3,0.5998821491787166,21.36511255588923,18
Luleburgaz,A_native_masked,30,2024,4,0.644830071902122,27.21213363197414,19
Luleburgaz,A_native_masked,30,2024,5,0.5940520352068298,21.563091956610048,19
Luleburgaz,A_native_masked,30,2024,6,0.516196433249678,39.87211291271731,22
Luleburgaz,A_native_masked,30,2024,7,0.4101188783319175,43.887249911673436,24
Luleburgaz,A_native_masked,30,2024,8,0.3155788159998724,46.55910976664475,24
Luleburgaz,A_native_masked,30,2024,9,0.263185831043658,36.80432225387847,22
Luleburgaz,A_native_masked,30,2024,10,0.25380862932891546,30.492576439748643,22
Luleburgaz,A_native_masked,30,2024,11,0.2882923084753846,13.064642601928684,16
Luleburgaz,A_native_masked,30,2024,12,0.31985868727722105,14.807968294933701,11
Luleburgaz,B_coarse_masked,250,2013,4,,,3
Luleburgaz,B_coarse_masked,250,2013,5,0.5931942632632269,36.27392087832028,8
Luleburgaz,B_coarse_masked,250,2013,6,0.48113331125228315,34.57612099944424,12
Luleburgaz,B_coarse_masked,250,2013,7,0.516617958963573,33.67882123504517,12
Luleburgaz,B_coarse_masked,250,2013,8,0.3340548168892111,41.25667834583536,12
Luleburgaz,B_coarse_masked,250,2013,9,0.25655005649831497,35.66775605076606,8
Luleburgaz,B_coarse_masked,250,2013,10,0.23672563373129146,24.33292153212276,6
Luleburgaz,B_coarse_masked,250,2013,11,0.2629310926603765,19.264054049250646,10
Luleburgaz,B_coarse_masked,250,2013,12,,,8
Luleburgaz,B_coarse_masked,250,2014,1,0.5593374217367058,11.53307588267081,10
Luleburgaz,B_coarse_masked,250,2014,2,0.5771310184879422,18.67285302992286,7
Luleburgaz,B_coarse_masked,250,2014,3,0.640369307401438,22.739185413853853,7
Luleburgaz,B_coarse_masked,250,2014,4,0.6591648822435525,21.276024844705628,7
Luleburgaz,B_coarse_masked,250,2014,5,0.576148754185629,24.75703355407735,11
Luleburgaz,B_coarse_masked,250,2014,6,0.4595438020256208,30.83048082464704,9
Luleburgaz,B_coarse_masked,250,2014,7,0.5998700551232252,34.453296398327865,12
Luleburgaz,B_coarse_masked,250,2014,8,0.5075679173682814,35.07377508904845,10
Luleburgaz,B_coarse_masked,250,2014,9,0.35943558538279713,25.132348065265685,12
Luleburgaz,B_coarse_masked,250,2014,10,,,10
Luleburgaz,B_coarse_masked,250,2014,11,,,7
Luleburgaz,B_coarse_masked,250,2014,12,,,7
Luleburgaz,B_coarse_masked,250,2015,1,0.4207677001358092,7.502615336743206,10
Luleburgaz,B_coarse_masked,250,2015,2,0.39822982198899304,8.891260100110706,6
Luleburgaz,B_coarse_masked,250,2015,3,,,11
Luleburgaz,B_coarse_masked,250,2015,4,0.6181807777858765,18.23151624992521,9
Luleburgaz,B_coarse_masked,250,2015,5,0.5465117207323108,36.88433972825411,12
Luleburgaz,B_coarse_masked,250,2015,6,0.5289269072091489,31.64441822660814,10
Luleburgaz,B_coarse_masked,250,2015,7,0.49693225077521386,41.56228733175146,12
Luleburgaz,B_coarse_masked,250,2015,8,0.3315763894981948,44.861486977166905,12
Luleburgaz,B_coarse_masked,250,2015,9,0.30857120043151937,33.290072674476164,11
Luleburgaz,B_coarse_masked,250,2015,10,0.3170278880720997,23.214248606632662,8
Luleburgaz,B_coarse_masked,250,2015,11,0.31297084147636905,19.39692148098378,10
Luleburgaz,B_coarse_masked,250,2015,12,0.4723256269031383,10.155452158366279,10
Luleburgaz,B_coarse_masked,250,2016,1,0.48950983483664384,1.9387699382189898,9
Luleburgaz,B_coarse_masked,250,2016,2,,,8
Luleburgaz,B_coarse_masked,250,2016,3,0.5791228683154265,16.30519162114193,7
Luleburgaz,B_coarse_masked,250,2016,4,,,9
Luleburgaz,B_coarse_masked,250,2016,5,0.6318628290834353,25.03015145025218,12
Luleburgaz,B_coarse_masked,250,2016,6,0.531471115417532,36.868360901764206,12
Luleburgaz,B_coarse_masked,250,2016,7,0.38389137950878205,44.71967379077256,12
Luleburgaz,B_coarse_masked,250,2016,8,0.28693398249278845,39.79989704283977,12
Luleburgaz,B_coarse_masked,250,2016,9,0.24872912724705606,43.21201955861105,10
Luleburgaz,B_coarse_masked,250,2016,10,0.24095510152404329,38.07560728173649,10
Luleburgaz,B_coarse_masked,250,2016,11,0.22877268689029687,19.456912719355387,12
Luleburgaz,B_coarse_masked,250,2016,12,0.4698098301887512,3.216485904616142,8
Luleburgaz,B_coarse_masked,250,2017,1,0.2852200470700851,6.1865373459378565,10
Luleburgaz,B_coarse_masked,250,2017,2,0.3087615671702242,15.545505206396802,7
Luleburgaz,B_coarse_masked,250,2017,3,0.5047220772369276,22.59130066930965,10
Luleburgaz,B_coarse_masked,250,2017,4,0.590094418756562,30.532360599060638,11
Luleburgaz,B_coarse_masked,250,2017,5,0.6678327266327639,32.444803670554215,11
Luleburgaz,B_coarse_masked,250,2017,6,0.5653681636106586,41.43813419878006,12
Luleburgaz,B_coarse_masked,250,2017,7,0.40342710053952036,38.92124680188325,10
Luleburgaz,B_coarse_masked,250,2017,8,0.3939662867378579,39.87375751142915,12
Luleburgaz,B_coarse_masked,250,2017,9,0.31491155718407704,44.580177453483515,12
Luleburgaz,B_coarse_masked,250,2017,10,0.2706619913077555,30.989787115373026,12
Luleburgaz,B_coarse_masked,250,2017,11,0.35754815227517556,14.97994042697622,11
Luleburgaz,B_coarse_masked,250,2017,12,0.5008432705891546,8.661129248905493,9
Luleburgaz,B_coarse_masked,250,2018,1,0.5411758497308674,3.344556861855912,12
Luleburgaz,B_coarse_masked,250,2018,2,0.5681281639612992,15.30367174771711,6
Luleburgaz,B_coarse_masked,250,2018,3,0.6033732892780654,16.977116765890276,10
Luleburgaz,B_coarse_masked,250,2018,4,0.609328117005175,30.510881199488544,12
Luleburgaz,B_coarse_masked,250,2018,5,0.4998496821883739,25.204349111648213,8
Luleburgaz,B_coarse_masked,250,2018,6,0.4280831965758205,38.02792103381887,12
Luleburgaz,B_coarse_masked,250,2018,7,0.5555606673344651,37.19075554866524,12
Luleburgaz,B_coarse_masked,250,2018,8,0.5151857725573331,39.67907062756065,12
Luleburgaz,B_coarse_masked,250,2018,9,0.31838613177702246,38.14760841506401,11
Luleburgaz,B_coarse_masked,250,2018,10,0.26934756147640815,23.996346720251523,8
Luleburgaz,B_coarse_masked,250,2018,11,0.32573091920195046,13.495888320441813,9
Luleburgaz,B_coarse_masked,250,2018,12,0.4195897993617737,3.1246262933259317,6
Luleburgaz,B_coarse_masked,250,2019,1,,,8
Luleburgaz,B_coarse_masked,250,2019,2,0.4860072513154965,15.340254033357278,10
Luleburgaz,B_coarse_masked,250,2019,3,0.576435966458616,10.808080969277775,10
Luleburgaz,B_coarse_masked,250,2019,4,0.6321660387740413,22.422070010902907,8
Luleburgaz,B_coarse_masked,250,2019,5,0.6672810724947916,30.911791253135668,12
Luleburgaz,B_coarse_masked,250,2019,6,0.6495428109986827,35.622059710777584,12
Luleburgaz,B_coarse_masked,250,2019,7,0.429882860009603,44.603885603266335,12
Luleburgaz,B_coarse_masked,250,2019,8,0.33749378964962323,45.18456017122142,10
Luleburgaz,B_coarse_masked,250,2019,9,0.34963642844617426,34.74001891234017,10
Luleburgaz,B_coarse_masked,250,2019,10,0.2884029013805633,26.4389315398979,12
Luleburgaz,B_coarse_masked,250,2019,11,0.4221076101386364,17.88850581059441,12
Luleburgaz,B_coarse_masked,250,2019,12,0.5631811761948425,2.6814297211857308,7
Luleburgaz,B_coarse_masked,250,2020,1,0.5490985041394383,5.4998838811155135,9
Luleburgaz,B_coarse_masked,250,2020,2,,,9
Luleburgaz,B_coarse_masked,250,2020,3,0.6272518164253861,13.824265454945788,10
Luleburgaz,B_coarse_masked,250,2020,4,0.6670385288949217,24.82326399683695,12
Luleburgaz,B_coarse_masked,250,2020,5,0.6769373033026411,22.65750789177682,11
Luleburgaz,B_coarse_masked,250,2020,6,0.558844626256358,31.746867104821632,10
Luleburgaz,B_coarse_masked,250,2020,7,0.5189497846815068,37.15245435393959,12
Luleburgaz,B_coarse_masked,250,2020,8,0.3337696569146685,37.714849020259706,10
Luleburgaz,B_coarse_masked,250,2020,9,0.27507932836861604,40.787629723176124,12
Luleburgaz,B_coarse_masked,250,2020,10,0.2861306630191476,28.51135204230362,12
Luleburgaz,B_coarse_masked,250,2020,11,0.311751075956744,10.413928990531556,6
Luleburgaz,B_coarse_masked,250,2020,12,,,7
Luleburgaz,B_coarse_masked,250,2021,1,,,5
Luleburgaz,B_coarse_masked,250,2021,2,0.46415956370755174,5.411197879984491,11
Luleburgaz,B_coarse_masked,250,2021,3,0.4965070638696865,22.001866363070043,9
Luleburgaz,B_coarse_masked,250,2021,4,0.6036557193570349,21.533653080784386,10
Luleburgaz,B_coarse_masked,250,2021,5,0.6020475694794013,34.887353867544185,11
Luleburgaz,B_coarse_masked,250,2021,6,0.5381899817601926,36.451557036271424,9
Luleburgaz,B_coarse_masked,250,2021,7,0.5199397971133307,42.84856999611421,12
Luleburgaz,B_coarse_masked,250,2021,8,0.3739729535944113,43.27364978657994,12
Luleburgaz,B_coarse_masked,250,2021,9,0.297033996266968,31.228636899493477,11
Luleburgaz,B_coarse_masked,250,2021,10,,,10
Luleburgaz,B_coarse_masked,250,2021,11,0.2924136289814153,19.546424402988055,12
Luleburgaz,B_coarse_masked,250,2021,12,0.4335197861861312,7.825068143203719,19
Luleburgaz,B_coarse_masked,250,2022,1,0.4231677733892073,5.601975184784514,17
Luleburgaz,B_coarse_masked,250,2022,2,0.41943435759712544,7.27268169658765,18
Luleburgaz,B_coarse_masked,250,2022,3,0.42699775075586643,23.00853745928202,15
Luleburgaz,B_coarse_masked,250,2022,4,0.5698562682525699,29.011390257712915,18
Luleburgaz,B_coarse_masked,250,2022,5,0.6667976244686683,31.09168700224028,20
Luleburgaz,B_coarse_masked,250,2022,6,0.5519207759785825,35.68831819419268,22
Luleburgaz,B_coarse_masked,250,2022,7,0.4611338682440767,42.4973095477325,24
Luleburgaz,B_coarse_masked,250,2022,8,0.3688475211973807,40.50104183682321,22
Luleburgaz,B_coarse_masked,250,2022,9,0.3364300444988693,37.45754614438939,20
Luleburgaz,B_coarse_masked,250,2022,10,0.3201254685294391,29.14155931380114,23
Luleburgaz,B_coarse_masked,250,2022,11,0.2560614949984704,21.799576344068267,23
Luleburgaz,B_coarse_masked,250,2022,12,0.3642789112873884,9.460899174826574,17
Luleburgaz,B_coarse_masked,250,2023,1,0.42573160988312714,12.318144672806547,19
Luleburgaz,B_coarse_masked,250,2023,2,0.47247391684176543,11.847826615672309,18
Luleburgaz,B_coarse_masked,250,2023,3,0.5893607891506275,21.020224799496226,16
Luleburgaz,B_coarse_masked,250,2023,4,0.6482908259955044,17.750968140835123,17
Luleburgaz,B_coarse_masked,250,2023,5,0.609150123183965,29.68815106974655,21
Luleburgaz,B_coarse_masked,250,2023,6,0.45647795889306614,39.11421574401458,20
Luleburgaz,B_coarse_masked,250,2023,7,0.4455015891170379,42.313173597649445,22
Luleburgaz,B_coarse_masked,250,2023,8,0.3464482738925275,41.86865045683843,24
Luleburgaz,B_coarse_masked,250,2023,9,0.284288735858403,36.61156807935561,23
Luleburgaz,B_coarse_masked,250,2023,10,0.24264883778684807,32.086943483404156,24
Luleburgaz,B_coarse_masked,250,2023,11,0.26703948522905596,21.202881617761008,20
Luleburgaz,B_coarse_masked,250,2023,12,0.3376500759504389,9.40356916751913,11
Luleburgaz,B_coarse_masked,250,2024,1,0.4673968267268127,9.570638113270347,13
Luleburgaz,B_coarse_masked,250,2024,2,0.4730254221090511,7.643440051027517,21
Luleburgaz,B_coarse_masked,250,2024,3,0.5997404715510806,21.36381660090236,18
Luleburgaz,B_coarse_masked,250,2024,4,0.6448471126467149,27.210729249107185,19
Luleburgaz,B_coarse_masked,250,2024,5,0.5935423251324587,21.558142856138048,19
Luleburgaz,B_coarse_masked,250,2024,6,0.5161900164829121,39.872419792680674,22
Luleburgaz,B_coarse_masked,250,2024,7,0.41007701672193836,43.88225709608763,24
Luleburgaz,B_coarse_masked,250,2024,8,0.3156366588257313,46.55254473778415,24
Luleburgaz,B_coarse_masked,250,2024,9,0.2632715580642666,36.7974546248986,22
Luleburgaz,B_coarse_masked,250,2024,10,0.25394596368482947,30.48720656356775,22
Luleburgaz,B_coarse_masked,250,2024,11,0.2882923185825348,13.0640193508165,16
Luleburgaz,B_coarse_masked,250,2024,12,0.31998769385033454,14.806379360845522,11
Luleburgaz,B_coarse_masked,500,2013,4,,,3
Luleburgaz,B_coarse_masked,500,2013,5,0.5930917908081481,36.2749887803304,8
Luleburgaz,B_coarse_masked,500,2013,6,0.4810931153647109,34.57644825535871,12
Luleburgaz,B_coarse_masked,500,2013,7,0.5170368107208214,33.668813065179414,12
Luleburgaz,B_coarse_masked,500,2013,8,0.33404910214925587,41.253077642250126,12
Luleburgaz,B_coarse_masked,500,2013,9,0.2565292945842622,35.669536466858254,8
Luleburgaz,B_coarse_masked,500,2013,10,0.23675204493628887,24.334201250493656,6
Luleburgaz,B_coarse_masked,500,2013,11,0.2629196630726701,19.263196774109222,10
Luleburgaz,B_coarse_masked,500,2013,12,,,8
Luleburgaz,B_coarse_masked,500,2014,1,0.5598150586160945,11.523757960244666,10
Luleburgaz,B_coarse_masked,500,2014,2,0.577124663746194,18.664291259266506,7
Luleburgaz,B_coarse_masked,500,2014,3,0.6404237836899096,22.729252928639188,7
Luleburgaz,B_coarse_masked,500,2014,4,0.6592496894570246,21.27360921761123,7
Luleburgaz,B_coarse_masked,500,2014,5,0.5762153620784491,24.737840603106683,11
Luleburgaz,B_coarse_masked,500,2014,6,0.45943979430361537,30.832266762822627,9
Luleburgaz,B_coarse_masked,500,2014,7,0.5994647758428012,34.482111193895584,12
Luleburgaz,B_coarse_masked,500,2014,8,0.5076569249561679,35.067015110732854,10
Luleburgaz,B_coarse_masked,500,2014,9,0.35947594498415575,25.29856213994953,12
Luleburgaz,B_coarse_masked,500,2014,10,,,10
Luleburgaz,B_coarse_masked,500,2014,11,,,7
Luleburgaz,B_coarse_masked,500,2014,12,,,7
Luleburgaz,B_coarse_masked,500,2015,1,0.42067461475544565,7.501400284497642,10
Luleburgaz,B_coarse_masked,500,2015,2,0.39808507747653427,8.884424383214657,6
Luleburgaz,B_coarse_masked,500,2015,3,,,11
Luleburgaz,B_coarse_masked,500,2015,4,0.6183954691635197,18.221305838304747,9
Luleburgaz,B_coarse_masked,500,2015,5,0.5463714275895694,36.884712284849364,12
Luleburgaz,B_coarse_masked,500,2015,6,0.5287179524502026,31.637583048650882,10
Luleburgaz,B_coarse_masked,500,2015,7,0.49689248074084064,41.56272318845245,12
Luleburgaz,B_coarse_masked,500,2015,8,0.331583651891318,44.85951167603328,12
Luleburgaz,B_coarse_masked,500,2015,9,0.30852293590000424,33.28602797371285,11
Luleburgaz,B_coarse_masked,500,2015,10,0.3170897632521057,23.210441272971547,8
Luleburgaz,B_coarse_masked,500,2015,11,0.3131394910739892,19.39406618920273,10
Luleburgaz,B_coarse_masked,500,2015,12,0.47339265258817925,10.149737703695209,10
Luleburgaz,B_coarse_masked,500,2016,1,0.4894451173366138,1.9401900974363069,9
Luleburgaz,B_coarse_masked,500,2016,2,,,8
Luleburgaz,B_coarse_masked,500,2016,3,0.5787910551359214,16.30758521481643,7
Luleburgaz,B_coarse_masked,500,2016,4,,,9
Luleburgaz,B_coarse_masked,500,2016,5,0.6318376979071894,25.022678867920963,12
Luleburgaz,B_coarse_masked,500,2016,6,0.531372446486493,36.86467363819112,12
Luleburgaz,B_coarse_masked,500,2016,7,0.38380310498162673,44.7200277859709,12
Luleburgaz,B_coarse_masked,500,2016,8,0.2869582796558411,39.79865588721604,12
Luleburgaz,B_coarse_masked,500,2016,9,0.24880343637859692,43.20675151981009,10
Luleburgaz,B_coarse_masked,500,2016,10,0.24098468396983938,38.07393496787287,10
Luleburgaz,B_coarse_masked,500,2016,11,0.22880858624365236,19.452863515156064,12
Luleburgaz,B_coarse_masked,500,2016,12,0.4698098301887512,3.2151852546919053,8
Luleburgaz,B_coarse_masked,500,2017,1,0.2852322518419036,6.182907066053184,10
Luleburgaz,B_coarse_masked,500,2017,2,0.3087572304198077,15.543795586626752,7
Luleburgaz,B_coarse_masked,500,2017,3,0.5044917889491318,22.596271511879632,10
Luleburgaz,B_coarse_masked,500,2017,4,0.5900927601837302,30.529151565242742,11
Luleburgaz,B_coarse_masked,500,2017,5,0.6678005079728003,32.44160030277742,11
Luleburgaz,B_coarse_masked,500,2017,6,0.5654287898876419,41.43564768288817,12
Luleburgaz,B_coarse_masked,500,2017,7,0.40344729536311974,38.921827241498924,10
Luleburgaz,B_coarse_masked,500,2017,8,0.39393717185087473,39.87193359579959,12
Luleburgaz,B_coarse_masked,500,2017,9,0.31491423618532693,44.57732682173925,12
Luleburgaz,B_coarse_masked,500,2017,10,0.27065864672510553,30.986655583116864,12
Luleburgaz,B_coarse_masked,500,2017,11,0.3575599577363174,14.978924092365407,11
Luleburgaz,B_coarse_masked,500,2017,12,0.5008466992251035,8.65961301450316,9
Luleburgaz,B_coarse_masked,500,2018,1,0.5411887490120486,3.3431905210394346,12
Luleburgaz,B_coarse_masked,500,2018,2,0.568089705638578,15.300742990269583,6
Luleburgaz,B_coarse_masked,500,2018,3,0.6031685823933395,16.974813507432835,10
Luleburgaz,B_coarse_masked,500,2018,4,0.6093277717659348,30.50748370878938,12
Luleburgaz,B_coarse_masked,500,2018,5,0.4993355305369279,25.199941223154436,8
Luleburgaz,B_coarse_masked,500,2018,6,0.42827110668857027,38.02420102056513,12
Luleburgaz,B_coarse_masked,500,2018,7,0.5556188114538506,37.18565393583903,12
Luleburgaz,B_coarse_masked,500,2018,8,0.5151677574365429,39.67393426506077,12
Luleburgaz,B_coarse_masked,500,2018,9,0.3183697717185978,38.143237934151955,11
Luleburgaz,B_coarse_masked,500,2018,10,0.2694359008053619,23.967266981089985,8
Luleburgaz,B_coarse_masked,500,2018,11,0.32576927108545445,13.495508455117701,9
Luleburgaz,B_coarse_masked,500,2018,12,0.4195256322195674,3.124161928476808,6
Luleburgaz,B_coarse_masked,500,2019,1,,,8
Luleburgaz,B_coarse_masked,500,2019,2,0.48593107148756376,15.338193019662672,10
Luleburgaz,B_coarse_masked,500,2019,3,0.5773995352326661,10.824031724947524,10
Luleburgaz,B_coarse_masked,500,2019,4,0.6308375506635615,22.43252443487883,8
Luleburgaz,B_coarse_masked,500,2019,5,0.6671143986731904,30.912650462832172,12
Luleburgaz,B_coarse_masked,500,2019,6,0.6494707785988953,35.615431988111986,12
Luleburgaz,B_coarse_masked,500,2019,7,0.4298805044671823,44.602318923321675,12
Luleburgaz,B_coarse_masked,500,2019,8,0.3374873295695644,45.18074094504276,10
Luleburgaz,B_coarse_masked,500,2019,9,0.34873250013429435,34.74183266735305,10
Luleburgaz,B_coarse_masked,500,2019,10,0.28904087766483605,26.437209066199173,12
Luleburgaz,B_coarse_masked,500,2019,11,0.42388004825286685,17.905378476086632,12
Luleburgaz,B_coarse_masked,500,2019,12,0.5623769640734392,2.6991769297384205,7
Luleburgaz,B_coarse_masked,500,2020,1,0.547983438640401,5.417525263303365,9
Luleburgaz,B_coarse_masked,500,2020,2,,,9
Luleburgaz,B_coarse_masked,500,2020,3,0.6265507600833354,13.844164720932145,10
Luleburgaz,B_coarse_masked,500,2020,4,0.6673407887726787,24.820160714723002,12
Luleburgaz,B_coarse_masked,500,2020,5,0.6783358060690756,22.644132291212756,11
Luleburgaz,B_coarse_masked,500,2020,6,0.558773491821845,31.7453283404218,10
Luleburgaz,B_coarse_masked,500,2020,7,0.519541666318919,37.13172888124827,12
Luleburgaz,B_coarse_masked,500,2020,8,0.33361531820801504,37.71181389962021,10
Luleburgaz,B_coarse_masked,500,2020,9,0.2750892200006543,40.787132405209526,12
Luleburgaz,B_coarse_masked,500,2020,10,0.2864842677340587,28.505601803401944,12
Luleburgaz,B_coarse_masked,500,2020,11,0.3115502055984582,10.435082199959753,6
Luleburgaz,B_coarse_masked,500,2020,12,,,7
Luleburgaz,B_coarse_masked,500,2021,1,,,5
Luleburgaz,B_coarse_masked,500,2021,2,0.4643363727004739,5.406799463690338,11
Luleburgaz,B_coarse_masked,500,2021,3,0.4963986108166251,21.99984721980428,9
Luleburgaz,B_coarse_masked,500,2021,4,0.6035717018008022,21.53067785846796,10
Luleburgaz,B_coarse_masked,500,2021,5,0.60194583429296,34.886452073121255,11
Luleburgaz,B_coarse_masked,500,2021,6,0.5381036643986206,36.45018222439886,9
Luleburgaz,B_coarse_masked,500,2021,7,0.5199716113998297,42.84591497830321,12
Luleburgaz,B_coarse_masked,500,2021,8,0.3739834590385769,43.272822329695,12
Luleburgaz,B_coarse_masked,500,2021,9,0.2970092569333404,31.227200247898196,11
Luleburgaz,B_coarse_masked,500,2021,10,,,10
Luleburgaz,B_coarse_masked,500,2021,11,0.29246957134478335,19.547818779617053,12
Luleburgaz,B_coarse_masked,500,2021,12,0.4336776805269442,7.8360915459743365,19
Luleburgaz,B_coarse_masked,900,2013,4,,,3
Luleburgaz,B_coarse_masked,900,2013,5,0.5932830487246133,36.273888981816356,8
Luleburgaz,B_coarse_masked,900,2013,6,0.4808428310031365,34.57979944139469,12
Luleburgaz,B_coarse_masked,900,2013,7,0.5182525779528792,33.66412341968121,12
Luleburgaz,B_coarse_masked,900,2013,8,0.3338013038973033,41.2518686019149,12
Luleburgaz,B_coarse_masked,900,2013,9,0.25645262751895004,35.67343489592333,8
Luleburgaz,B_coarse_masked,900,2013,10,0.23671321929648498,24.33742991257,6
Luleburgaz,B_coarse_masked,900,2013,11,0.26302528755782206,19.2615719216724,10
Luleburgaz,B_coarse_masked,900,2013,12,,,8
Luleburgaz,B_coarse_masked,900,2014,1,0.5580663090686153,11.517973262638755,10
Luleburgaz,B_coarse_masked,900,2014,2,0.576815896203373,18.668838900291338,7
Luleburgaz,B_coarse_masked,900,2014,3,0.6403204088428015,22.72365140570089,7
Luleburgaz,B_coarse_masked,900,2014,4,0.6592915271915002,21.27363643071369,7
Luleburgaz,B_coarse_masked,900,2014,5,0.5761756066397747,24.715412689826888,11
Luleburgaz,B_coarse_masked,900,2014,6,0.4593127891470719,30.83405843141583,9
Luleburgaz,B_coarse_masked,900,2014,7,0.5869149238832537,34.4843854130168,12
Luleburgaz,B_coarse_masked,900,2014,8,0.5075631576459456,35.056390777183296,10
Luleburgaz,B_coarse_masked,900,2014,9,0.3594768696899771,25.014615628995326,12
Luleburgaz,B_coarse_masked,900,2014,10,,,10
Luleburgaz,B_coarse_masked,900,2014,11,,,7
Luleburgaz,B_coarse_masked,900,2014,12,,,7
Luleburgaz,B_coarse_masked,900,2015,1,0.42059400354236554,7.499398249106666,10
Luleburgaz,B_coarse_masked,900,2015,2,0.3976625308387034,8.87352237670699,6
Luleburgaz,B_coarse_masked,900,2015,3,,,11
Luleburgaz,B_coarse_masked,900,2015,4,0.618530632344728,18.2161804841799,9
Luleburgaz,B_coarse_masked,900,2015,5,0.5462425298037029,36.88352364019662,12
Luleburgaz,B_coarse_masked,900,2015,6,0.5280926550867993,31.62717650562469,10
Luleburgaz,B_coarse_masked,900,2015,7,0.4967206631223784,41.56775064825857,12
Luleburgaz,B_coarse_masked,900,2015,8,0.33143549047442444,44.85942932175843,12
Luleburgaz,B_coarse_masked,900,2015,9,0.30842161191895034,33.29310383715412,11
Luleburgaz,B_coarse_masked,900,2015,10,0.31738112083688985,23.208041065652054,8
Luleburgaz,B_coarse_masked,900,2015,11,0.31311312633279076,19.394172140740096,10
Luleburgaz,B_coarse_masked,900,2015,12,0.47061523476203376,10.118540002030922,10
Luleburgaz,B_coarse_masked,900,2016,1,0.4896090637747474,1.9394167148603283,9
Luleburgaz,B_coarse_masked,900,2016,2,,,8
Luleburgaz,B_coarse_masked,900,2016,3,0.5787651885780352,16.29774977739314,7
Luleburgaz,B_coarse_masked,900,2016,4,,,9
Luleburgaz,B_coarse_masked,900,2016,5,0.6323378589863907,25.012143249065613,12
Luleburgaz,B_coarse_masked,900,2016,6,0.5313132169058856,36.863603053178394,12
Luleburgaz,B_coarse_masked,900,2016,7,0.38373875756499287,44.71801088232924,12
Luleburgaz,B_coarse_masked,900,2016,8,0.2870817991089239,39.79832736782724,12
Luleburgaz,B_coarse_masked,900,2016,9,0.24891070410054394,43.20367939027686,10
Luleburgaz,B_coarse_masked,900,2016,10,0.2410821943605626,38.071227186554474,10
Luleburgaz,B_coarse_masked,900,2016,11,0.22895314600166888,19.447930903790613,12
Luleburgaz,B_coarse_masked,900,2016,12,0.4698098301887512,3.2133965855871898,8
Luleburgaz,B_coarse_masked,900,2017,1,0.28527185953183964,6.177025915264372,10
Luleburgaz,B_coarse_masked,900,2017,2,0.3087282744004081,15.540401162148735,7
Luleburgaz,B_coarse_masked,900,2017,3,0.5034870973407813,22.615360253350513,10
Luleburgaz,B_coarse_masked,900,2017,4,0.5898202416491182,30.52894686298726,11
Luleburgaz,B_coarse_masked,900,2017,5,0.6676354428277717,32.43852765382475,11
Luleburgaz,B_coarse_masked,900,2017,6,0.5655385939250558,41.43216932857689,12
Luleburgaz,B_coarse_masked,900,2017,7,0.4033557076617323,38.92148035463012,10
Luleburgaz,B_coarse_masked,900,2017,8,0.3938389842986403,39.87140088749394,12
Luleburgaz,B_coarse_masked,900,2017,9,0.31482613562286527,44.57440491180948,12
Luleburgaz,B_coarse_masked,900,2017,10,0.2707751711275831,30.984862532008773,12
Luleburgaz,B_coarse_masked,900,2017,11,0.35763232932235633,14.973852515463573,11
Luleburgaz,B_coarse_masked,900,2017,12,0.500870707960877,8.656465337181695,9
Luleburgaz,B_coarse_masked,900,2018,1,0.5411677725369866,3.343076267443495,12
Luleburgaz,B_coarse_masked,900,2018,2,0.5680482511802442,15.298023323282145,6
Luleburgaz,B_coarse_masked,900,2018,3,0.6032996020281405,16.971033212901617,10
Luleburgaz,B_coarse_masked,900,2018,4,0.6092912173743238,30.50585945281059,12
Luleburgaz,B_coarse_masked,900,2018,5,0.49909126100332746,25.21044317899017,8
Luleburgaz,B_coarse_masked,900,2018,6,0.4271815430584018,38.030794813814055,12
Luleburgaz,B_coarse_masked,900,2018,7,0.5551711863235469,37.18150250751812,12
Luleburgaz,B_coarse_masked,900,2018,8,0.5148147419787854,39.672316101246736,12
Luleburgaz,B_coarse_masked,900,2018,9,0.3183993619377656,38.13842993512192,11
Luleburgaz,B_coarse_masked,900,2018,10,0.2696178987486876,24.224342767265767,8
Luleburgaz,B_coarse_masked,900,2018,11,0.32595372036970605,13.493714496564134,9
Luleburgaz,B_coarse_masked,900,2018,12,0.41945102267196044,3.1236326820066216,6
Luleburgaz,B_coarse_masked,900,2019,1,,,8
Luleburgaz,B_coarse_masked,900,2019,2,0.48567475409675115,15.336665485386163,10
Luleburgaz,B_coarse_masked,900,2019,3,0.5762908570223806,10.854041543328202,10
Luleburgaz,B_coarse_masked,900,2019,4,0.6297011186191582,22.444505816359683,8
Luleburgaz,B_coarse_masked,900,2019,5,0.6667735031733745,30.908926394351496,12
Luleburgaz,B_coarse_masked,900,2019,6,0.6494046272646137,35.614256127280846,12
Luleburgaz,B_coarse_masked,900,2019,7,0.4298809712752559,44.6014606270789,12
Luleburgaz,B_coarse_masked,900,2019,8,0.3375074596530661,45.17409771295049,10
Luleburgaz,B_coarse_masked,900,2019,9,0.34880652245357713,34.74227521525679,10
Luleburgaz,B_coarse_masked,900,2019,10,0.29063544564769284,26.425478946836385,12
Luleburgaz,B_coarse_masked,900,2019,11,0.4259677207697938,18.04144897425486,12
Luleburgaz,B_coarse_masked,900,2019,12,0.5591899116690107,2.735238141656058,7
Luleburgaz,B_coarse_masked,900,2020,1,0.5525866758255731,5.568988453606603,9
Luleburgaz,B_coarse_masked,900,2020,2,,,9
Luleburgaz,B_coarse_masked,900,2020,3,0.6271562818424673,13.855633114892123,10
Luleburgaz,B_coarse_masked,900,2020,4,0.6671784183746102,24.822350988516575,12
Luleburgaz,B_coarse_masked,900,2020,5,0.678877629610446,22.64945612847978,11
Luleburgaz,B_coarse_masked,900,2020,6,0.5586859026026777,31.74269599884526,10
Luleburgaz,B_coarse_masked,900,2020,7,0.5191380142564821,37.13140036568075,12
Luleburgaz,B_coarse_masked,900,2020,8,0.33358880183271195,37.70968047637018,10
Luleburgaz,B_coarse_masked,900,2020,9,0.27505320634249997,40.786290461454605,12
Luleburgaz,B_coarse_masked,900,2020,10,0.2872947218360151,28.49977629877413,12
Luleburgaz,B_coarse_masked,900,2020,11,0.3123078279173825,10.431344050067933,6
Luleburgaz,B_coarse_masked,900,2020,12,,,7
Luleburgaz,B_coarse_masked,900,2021,1,,,5
Luleburgaz,B_coarse_masked,900,2021,2,0.4641134678981545,5.405407337086519,11
Luleburgaz,B_coarse_masked,900,2021,3,0.49618472023275173,21.99660751506049,9
Luleburgaz,B_coarse_masked,900,2021,4,0.6032014189528454,21.52866429706843,10
Luleburgaz,B_coarse_masked,900,2021,5,0.6016467240696304,34.88799001948802,11
Luleburgaz,B_coarse_masked,900,2021,6,0.5380854262712325,36.44759189665079,9
Luleburgaz,B_coarse_masked,900,2021,7,0.5200770772117596,42.84353228574075,12
Luleburgaz,B_coarse_masked,900,2021,8,0.3738798451327323,43.271680804336455,12
Luleburgaz,B_coarse_masked,900,2021,9,0.2968903433693249,31.224883648852618,11
Luleburgaz,B_coarse_masked,900,2021,10,,,10
Luleburgaz,B_coarse_masked,900,2021,11,0.29229458594073243,19.547493356542176,12
Luleburgaz,B_coarse_masked,900,2021,12,0.434075050395361,7.836918028875183,19
Luleburgaz,B_coarse_masked,900,2023,1,0.42769417394654347,12.334577502255726,19
Luleburgaz,B_coarse_masked,900,2023,2,0.4720127028327771,11.831257287160938,18
Luleburgaz,B_coarse_masked,900,2023,3,0.5895331706810278,20.99796414859078,16
Luleburgaz,B_coarse_masked,900,2023,4,0.6477593829982601,17.745895949024852,17
Luleburgaz,B_coarse_masked,900,2023,5,0.6083717396652139,29.70036362712897,21
Luleburgaz,B_coarse_masked,900,2023,6,0.45635491265439765,39.10343605962611,20
Luleburgaz,B_coarse_masked,900,2023,7,0.445580178517628,42.31020222843343,22
Luleburgaz,B_coarse_masked,900,2023,8,0.3464340634553501,41.86405882093632,24
Luleburgaz,B_coarse_masked,900,2023,9,0.2841734946727993,36.60353433114721,23
Luleburgaz,B_coarse_masked,900,2023,10,0.24266862407603723,32.083099260306945,24
Luleburgaz,B_coarse_masked,900,2023,11,0.2671143250617043,21.195282687949266,20
Luleburgaz,B_coarse_masked,900,2023,12,0.33841520483069354,9.402625439280468,11
Luleburgaz,B_coarse_masked,900,2024,1,0.46446518218302474,9.568420382893871,13
Luleburgaz,B_coarse_masked,900,2024,2,0.46168086584331103,7.656100167440062,21
Luleburgaz,B_coarse_masked,900,2024,3,0.6002864291942054,21.357527742075398,18
Luleburgaz,B_coarse_masked,900,2024,4,0.6449568417066601,27.20331613653023,19
Luleburgaz,B_coarse_masked,900,2024,5,0.5941959997336922,21.538166826102216,19
Luleburgaz,B_coarse_masked,900,2024,6,0.5161278775985562,39.87262687196183,22
Luleburgaz,B_coarse_masked,900,2024,7,0.4096475202635967,43.87609185458963,24
Luleburgaz,B_coarse_masked,900,2024,8,0.31545435364653734,46.53159284889748,24
Luleburgaz,B_coarse_masked,900,2024,9,0.2632544572761964,36.79143927562198,22
Luleburgaz,B_coarse_masked,900,2024,10,0.25401138614736,30.481843269868826,22
Luleburgaz,B_coarse_masked,900,2024,11,0.30766844749450684,12.722028831036134,16
Luleburgaz,B_coarse_masked,900,2024,12,0.3203341463066972,14.803270410558032,11
Luleburgaz,C_coarse_unmasked,250,2013,4,,,3
Luleburgaz,C_coarse_unmasked,250,2013,5,0.593275029015968,35.92948908806405,8
Luleburgaz,C_coarse_unmasked,250,2013,6,0.48704486352648935,34.55250259209149,12
Luleburgaz,C_coarse_unmasked,250,2013,7,0.5324531283817827,33.320646359416045,12
Luleburgaz,C_coarse_unmasked,250,2013,8,0.36066712832403514,40.79036711509485,12
Luleburgaz,C_coarse_unmasked,250,2013,9,0.28597712258760544,34.94289628784549,8
Luleburgaz,C_coarse_unmasked,250,2013,10,0.27410383290810036,23.833134194976246,6
Luleburgaz,C_coarse_unmasked,250,2013,11,0.28992810764191507,18.861244818081808,10
Luleburgaz,C_coarse_unmasked,250,2013,12,,,8
Luleburgaz,C_coarse_unmasked,250,2014,1,0.5568246094768813,11.471927344083543,10
Luleburgaz,C_coarse_unmasked,250,2014,2,0.5588916997351512,18.347404654701585,7
Luleburgaz,C_coarse_unmasked,250,2014,3,0.6220710915294194,22.503677785835148,7
Luleburgaz,C_coarse_unmasked,250,2014,4,0.6511492682979663,21.295091461546274,7
Luleburgaz,C_coarse_unmasked,250,2014,5,0.5872990278284748,24.375270543005364,11
Luleburgaz,C_coarse_unmasked,250,2014,6,0.48105762349146153,30.813673567958833,9
Luleburgaz,C_coarse_unmasked,250,2014,7,0.5996485218242642,34.27618371324186,12
Luleburgaz,C_coarse_unmasked,250,2014,8,0.5166937045504302,34.64797282498739,10
Luleburgaz,C_coarse_unmasked,250,2014,9,0.39066625046563497,24.983616783655883,12
Luleburgaz,C_coarse_unmasked,250,2014,10,,,10
Luleburgaz,C_coarse_unmasked,250,2014,11,,,7
Luleburgaz,C_coarse_unmasked,250,2014,12,,,7
Luleburgaz,C_coarse_unmasked,250,2015,1,0.4120461099851104,7.342959465681568,10
Luleburgaz,C_coarse_unmasked,250,2015,2,0.38646830358785367,8.80726790562176,6
Luleburgaz,C_coarse_unmasked,250,2015,3,,,11
Luleburgaz,C_coarse_unmasked,250,2015,4,0.6091908999696245,18.125761140348107,9
Luleburgaz,C_coarse_unmasked,250,2015,5,0.5459465506548152,36.405702932553375,12
Luleburgaz,C_coarse_unmasked,250,2015,6,0.5287652158278352,31.659471653312515,10
Luleburgaz,C_coarse_unmasked,250,2015,7,0.50495759434751,41.361779562359686,12
Luleburgaz,C_coarse_unmasked,250,2015,8,0.35850769601403365,44.119443015614834,12
Luleburgaz,C_coarse_unmasked,250,2015,9,0.33780401029066587,33.019231724517624,11
Luleburgaz,C_coarse_unmasked,250,2015,10,0.35686025818090505,22.993601566543223,8
Luleburgaz,C_coarse_unmasked,250,2015,11,0.3388997078783165,18.918011887683463,10
Luleburgaz,C_coarse_unmasked,250,2015,12,0.4730243860095206,9.93106829382554,10
Luleburgaz,C_coarse_unmasked,250,2016,1,0.4715762606883132,1.849264444891081,9
Luleburgaz,C_coarse_unmasked,250,2016,2,,,8
Luleburgaz,C_coarse_unmasked,250,2016,3,0.5606871459247081,16.024218338602328,7
Luleburgaz,C_coarse_unmasked,250,2016,4,,,9
Luleburgaz,C_coarse_unmasked,250,2016,5,0.63056470734904,25.009882233551124,12
Luleburgaz,C_coarse_unmasked,250,2016,6,0.53334977503754,37.03391715610569,12
Luleburgaz,C_coarse_unmasked,250,2016,7,0.39784634334696173,44.35999053493836,12
Luleburgaz,C_coarse_unmasked,250,2016,8,0.3108375834736035,39.389904227756396,12
Luleburgaz,C_coarse_unmasked,250,2016,9,0.2726484167843268,42.40673948231152,10
Luleburgaz,C_coarse_unmasked,250,2016,10,0.2677516784942414,37.49061882480119,10
Luleburgaz,C_coarse_unmasked,250,2016,11,0.25203623304846395,18.936352115617936,12
Luleburgaz,C_coarse_unmasked,250,2016,12,0.4698098301887512,3.0347380528638697,8
Luleburgaz,C_coarse_unmasked,250,2017,1,0.29220455058696093,5.9261267914712645,10
Luleburgaz,C_coarse_unmasked,250,2017,2,0.3114784118618319,15.407506156931555,7
Luleburgaz,C_coarse_unmasked,250,2017,3,0.49496495921878275,22.454025139437615,10
Luleburgaz,C_coarse_unmasked,250,2017,4,0.5818536227978942,30.208461907070436,11
Luleburgaz,C_coarse_unmasked,250,2017,5,0.658869351628793,32.23533407394014,11
Luleburgaz,C_coarse_unmasked,250,2017,6,0.5639696975019146,41.583900028934465,12
Luleburgaz,C_coarse_unmasked,250,2017,7,0.4179325004114257,38.79782233678821,10
Luleburgaz,C_coarse_unmasked,250,2017,8,0.4173332563697811,39.44047854662634,12
Luleburgaz,C_coarse_unmasked,250,2017,9,0.3452895461496023,43.705442159539544,12
Luleburgaz,C_coarse_unmasked,250,2017,10,0.3044030015168957,30.172419680023147,12
Luleburgaz,C_coarse_unmasked,250,2017,11,0.37339609297887144,14.708390776527924,11
Luleburgaz,C_coarse_unmasked,250,2017,12,0.49224993141366064,8.445887441858577,9
Luleburgaz,C_coarse_unmasked,250,2018,1,0.5196983487388028,3.3778907543936105,12
Luleburgaz,C_coarse_unmasked,250,2018,2,0.5567964482069592,15.095909612184704,6
Luleburgaz,C_coarse_unmasked,250,2018,3,0.5877641383782004,16.8927773452642,10
Luleburgaz,C_coarse_unmasked,250,2018,4,0.5995824376517631,30.201590958953737,12
Luleburgaz,C_coarse_unmasked,250,2018,5,0.5137056155521272,24.85326797506421,8
Luleburgaz,C_coarse_unmasked,250,2018,6,0.4393497601453492,37.75714245476921,12
Luleburgaz,C_coarse_unmasked,250,2018,7,0.562243370492303,36.984681203034924,12
Luleburgaz,C_coarse_unmasked,250,2018,8,0.5329054055398863,39.24907393410759,12
Luleburgaz,C_coarse_unmasked,250,2018,9,0.34433946078574623,37.598809877332314,11
Luleburgaz,C_coarse_unmasked,250,2018,10,0.3087004892684999,23.619315668361864,8
Luleburgaz,C_coarse_unmasked,250,2018,11,0.3416895921904755,13.350071687274372,9
Luleburgaz,C_coarse_unmasked,250,2018,12,0.41817417755550873,3.1663907609432034,6
Luleburgaz,C_coarse_unmasked,250,2019,1,,,8
Luleburgaz,C_coarse_unmasked,250,2019,2,0.4728227610346646,14.956138010251493,10
Luleburgaz,C_coarse_unmasked,250,2019,3,0.5580782824627438,10.674150929964837,10
Luleburgaz,C_coarse_unmasked,250,2019,4,0.6086297919462459,22.264413357192893,8
Luleburgaz,C_coarse_unmasked,250,2019,5,0.6617154763487869,30.635574157338567,12
Luleburgaz,C_coarse_unmasked,250,2019,6,0.6513735443866777,35.57636373421976,12
Luleburgaz,C_coarse_unmasked,250,2019,7,0.44086935158663104,44.114513992771734,12
Luleburgaz,C_coarse_unmasked,250,2019,8,0.3640375642518556,44.405977761075626,10
Luleburgaz,C_coarse_unmasked,250,2019,9,0.3495448839697177,34.592488970651594,10
Luleburgaz,C_coarse_unmasked,250,2019,10,0.3241758082482526,25.993560224716653,12
Luleburgaz,C_coarse_unmasked,250,2019,11,0.43110318562324396,17.50036296428498,12
Luleburgaz,C_coarse_unmasked,250,2019,12,0.5477763986740977,2.9188024396315453,7
Luleburgaz,C_coarse_unmasked,250,2020,1,0.5519927249055127,6.191911593244253,9
Luleburgaz,C_coarse_unmasked,250,2020,2,,,9
Luleburgaz,C_coarse_unmasked,250,2020,3,0.5895470508031155,14.013888568899441,10
Luleburgaz,C_coarse_unmasked,250,2020,4,0.6382745545953413,24.775318889913862,12
Luleburgaz,C_coarse_unmasked,250,2020,5,0.6744002749254597,22.705006419924334,11
Luleburgaz,C_coarse_unmasked,250,2020,6,0.5622386190867168,31.75967567804257,10
Luleburgaz,C_coarse_unmasked,250,2020,7,0.5333010119532089,37.05656548202299,12
Luleburgaz,C_coarse_unmasked,250,2020,8,0.3503806558394182,37.16233214125831,10
Luleburgaz,C_coarse_unmasked,250,2020,9,0.3028495298108555,40.27232037668782,12
Luleburgaz,C_coarse_unmasked,250,2020,10,0.3394277548923836,28.05174409713477,12
Luleburgaz,C_coarse_unmasked,250,2020,11,0.3283264807827815,10.199748736786521,6
Luleburgaz,C_coarse_unmasked,250,2020,12,,,7
Luleburgaz,C_coarse_unmasked,250,2021,1,,,5
Luleburgaz,C_coarse_unmasked,250,2021,2,0.45696325878891364,5.136016105577642,11
Luleburgaz,C_coarse_unmasked,250,2021,3,0.4877315605248862,21.558134952368498,9
Luleburgaz,C_coarse_unmasked,250,2021,4,0.5893719578692361,21.47111831628844,10
Luleburgaz,C_coarse_unmasked,250,2021,5,0.6019648898876816,34.785509272948815,11
Luleburgaz,C_coarse_unmasked,250,2021,6,0.5515165072271997,36.16899739531536,9
Luleburgaz,C_coarse_unmasked,250,2021,7,0.5308707833734775,42.46827510229771,12
Luleburgaz,C_coarse_unmasked,250,2021,8,0.39950762976825854,42.740125691888665,12
Luleburgaz,C_coarse_unmasked,250,2021,9,0.3332525311813175,30.817686392049836,11
Luleburgaz,C_coarse_unmasked,250,2021,10,,,10
Luleburgaz,C_coarse_unmasked,250,2021,11,0.31480069477661715,19.15993017302388,12
Luleburgaz,C_coarse_unmasked,250,2021,12,0.4404850945852339,7.813231897074458,19
Luleburgaz,C_coarse_unmasked,250,2022,1,0.42242097371872445,5.528562255265074,17
Luleburgaz,C_coarse_unmasked,250,2022,2,0.4151506073183103,7.125990057025713,18
Luleburgaz,C_coarse_unmasked,250,2022,3,0.41819925422061266,22.429470625544756,15
Luleburgaz,C_coarse_unmasked,250,2022,4,0.5616516486020354,28.772368249797612,18
Luleburgaz,C_coarse_unmasked,250,2022,5,0.6582877329038447,30.798166025427832,20
Luleburgaz,C_coarse_unmasked,250,2022,6,0.5529703747493685,35.64296706595087,22
Luleburgaz,C_coarse_unmasked,250,2022,7,0.4740201667266347,42.10433465082572,24
Luleburgaz,C_coarse_unmasked,250,2022,8,0.391580194667466,40.00710102578444,22
Luleburgaz,C_coarse_unmasked,250,2022,9,0.37051583092504853,36.600093285105096,20
Luleburgaz,C_coarse_unmasked,250,2022,10,0.35532110209488965,28.66655279266428,23
Luleburgaz,C_coarse_unmasked,250,2022,11,0.276353946633946,21.647549752789825,23
Luleburgaz,C_coarse_unmasked,250,2022,12,0.3720707937349268,9.156693177363627,17
Luleburgaz,C_coarse_unmasked,250,2023,1,0.43164286271608393,12.44278285203604,19
Luleburgaz,C_coarse_unmasked,250,2023,2,0.4642304027161634,11.52132234880473,18
Luleburgaz,C_coarse_unmasked,250,2023,3,0.5655683330564678,20.948307272388156,16
Luleburgaz,C_coarse_unmasked,250,2023,4,0.6403698253599046,17.805200719473493,17
Luleburgaz,C_coarse_unmasked,250,2023,5,0.6070734957717414,29.41027496835798,21
Luleburgaz,C_coarse_unmasked,250,2023,6,0.477480877108972,38.68429148556633,20
Luleburgaz,C_coarse_unmasked,250,2023,7,0.4569768421394166,42.042606490700464,22
Luleburgaz,C_coarse_unmasked,250,2023,8,0.3738523924737596,41.27207361204527,24
Luleburgaz,C_coarse_unmasked,250,2023,9,0.31838896148818324,36.20051990328141,23
Luleburgaz,C_coarse_unmasked,250,2023,10,0.2747961188857417,31.591461944211016,24
Luleburgaz,C_coarse_unmasked,250,2023,11,0.2992705392575998,20.950437478622945,20
Luleburgaz,C_coarse_unmasked,250,2023,12,0.3433528612208398,9.298096336427085,11
Luleburgaz,C_coarse_unmasked,250,2024,1,0.4648785292399893,9.339257876161085,13
Luleburgaz,C_coarse_unmasked,250,2024,2,0.4707386239328473,7.5917240662635,21
Luleburgaz,C_coarse_unmasked,250,2024,3,0.5805537211655192,21.334789310035745,18
Luleburgaz,C_coarse_unmasked,250,2024,4,0.6425310797474816,27.119597152121102,19
Luleburgaz,C_coarse_unmasked,250,2024,5,0.5935134787639964,21.33015809276428,19
Luleburgaz,C_coarse_unmasked,250,2024,6,0.5280523391020948,39.7310581609365,22
Luleburgaz,C_coarse_unmasked,250,2024,7,0.4256093054584378,43.454587332632485,24
Luleburgaz,C_coarse_unmasked,250,2024,8,0.34182968938476394,45.85921536946974,24
Luleburgaz,C_coarse_unmasked,250,2024,9,0.3106245501778768,36.15000019834467,22
Luleburgaz,C_coarse_unmasked,250,2024,10,0.2902759392097784,29.798951573971106,22
Luleburgaz,C_coarse_unmasked,250,2024,11,0.2882923185825348,12.932402111019632,16
Luleburgaz,C_coarse_unmasked,250,2024,12,0.34230672455366384,14.531579794839793,11
Luleburgaz,C_coarse_unmasked,500,2013,4,,,3
Luleburgaz,C_coarse_unmasked,500,2013,5,0.5932374553369204,35.93030600030799,8
Luleburgaz,C_coarse_unmasked,500,2013,6,0.4871054525817673,34.55198914988742,12
Luleburgaz,C_coarse_unmasked,500,2013,7,0.5328761790569776,33.314651930039574,12
Luleburgaz,C_coarse_unmasked,500,2013,8,0.36059544296975393,40.78773403622806,12
Luleburgaz,C_coarse_unmasked,500,2013,9,0.2858257468763262,34.94796072010768,8
Luleburgaz,C_coarse_unmasked,500,2013,10,0.2739784996185907,23.835490891596045,6
Luleburgaz,C_coarse_unmasked,500,2013,11,0.28989326116178543,18.861603539988877,10
Luleburgaz,C_coarse_unmasked,500,2013,12,,,8
Luleburgaz,C_coarse_unmasked,500,2014,1,0.557408573717046,11.46504676800998,10
Luleburgaz,C_coarse_unmasked,500,2014,2,0.5588185868193921,18.341761691456167,7
Luleburgaz,C_coarse_unmasked,500,2014,3,0.6221632299881699,22.497790703708596,7
Luleburgaz,C_coarse_unmasked,500,2014,4,0.6512203425307987,21.293550599533344,7
Luleburgaz,C_coarse_unmasked,500,2014,5,0.5874166121678405,24.364230283568638,11
Luleburgaz,C_coarse_unmasked,500,2014,6,0.48098805727776633,30.8144899227665,9
Luleburgaz,C_coarse_unmasked,500,2014,7,0.5993463653786234,34.31165694658792,12
Luleburgaz,C_coarse_unmasked,500,2014,8,0.5166242505811164,34.643107272699694,10
Luleburgaz,C_coarse_unmasked,500,2014,9,0.390615090767812,25.13209171299946,12
Luleburgaz,C_coarse_unmasked,500,2014,10,,,10
Luleburgaz,C_coarse_unmasked,500,2014,11,,,7
Luleburgaz,C_coarse_unmasked,500,2014,12,,,7
Luleburgaz,C_coarse_unmasked,500,2015,1,0.41205118234144056,7.342902909417457,10
Luleburgaz,C_coarse_unmasked,500,2015,2,0.3864147971310409,8.80349709937243,6
Luleburgaz,C_coarse_unmasked,500,2015,3,,,11
Luleburgaz,C_coarse_unmasked,500,2015,4,0.609277328651344,18.1211585444148,9
Luleburgaz,C_coarse_unmasked,500,2015,5,0.5459062016021222,36.4070135987734,12
Luleburgaz,C_coarse_unmasked,500,2015,6,0.5287737565912914,31.652791052512903,10
Luleburgaz,C_coarse_unmasked,500,2015,7,0.5049752878809889,41.361681349195365,12
Luleburgaz,C_coarse_unmasked,500,2015,8,0.3584499223197573,44.1201897087613,12
Luleburgaz,C_coarse_unmasked,500,2015,9,0.33770014467471865,33.01922966600882,11
Luleburgaz,C_coarse_unmasked,500,2015,10,0.35682894168211227,22.99121246576331,8
Luleburgaz,C_coarse_unmasked,500,2015,11,0.3389324160322821,18.91753955032351,10
Luleburgaz,C_coarse_unmasked,500,2015,12,0.47415778570814165,9.930626236813211,10
Luleburgaz,C_coarse_unmasked,500,2016,1,0.47163798074320373,1.8487625191842751,9
Luleburgaz,C_coarse_unmasked,500,2016,2,,,8
Luleburgaz,C_coarse_unmasked,500,2016,3,0.560674566363967,16.024635377261966,7
Luleburgaz,C_coarse_unmasked,500,2016,4,,,9
Luleburgaz,C_coarse_unmasked,500,2016,5,0.6304693407402366,25.00541229040467,12
Luleburgaz,C_coarse_unmasked,500,2016,6,0.5333056941860244,37.03063513769736,12
Luleburgaz,C_coarse_unmasked,500,2016,7,0.39778101715158687,44.35991893173143,12
Luleburgaz,C_coarse_unmasked,500,2016,8,0.3108059734092559,39.388977145089655,12
Luleburgaz,C_coarse_unmasked,500,2016,9,0.27263873889289614,42.40643065170479,10
Luleburgaz,C_coarse_unmasked,500,2016,10,0.2677212265033988,37.490562577720894,10
Luleburgaz,C_coarse_unmasked,500,2016,11,0.25201379283898817,18.936340162933057,12
Luleburgaz,C_coarse_unmasked,500,2016,12,0.4698098301887512,3.0346152628224767,8
Luleburgaz,C_coarse_unmasked,500,2017,1,0.29218420448367743,5.9261625383364365,10
Luleburgaz,C_coarse_unmasked,500,2017,2,0.31145953878532145,15.407971330034577,7
Luleburgaz,C_coarse_unmasked,500,2017,3,0.4948630666137703,22.45945380614976,10
Luleburgaz,C_coarse_unmasked,500,2017,4,0.5817951011983731,30.209297134489383,11
Luleburgaz,C_coarse_unmasked,500,2017,5,0.6588415646832533,32.23525741181774,11
Luleburgaz,C_coarse_unmasked,500,2017,6,0.5640363619386541,41.58208535378559,12
Luleburgaz,C_coarse_unmasked,500,2017,7,0.41798790137190256,38.795088038871995,10
Luleburgaz,C_coarse_unmasked,500,2017,8,0.4172887740739387,39.440943680485844,12
Luleburgaz,C_coarse_unmasked,500,2017,9,0.3452253967112329,43.707006797553646,12
Luleburgaz,C_coarse_unmasked,500,2017,10,0.3043283634681371,30.173417601424006,12
Luleburgaz,C_coarse_unmasked,500,2017,11,0.3733271064465125,14.708385939749178,11
Luleburgaz,C_coarse_unmasked,500,2017,12,0.49224079885574934,8.445911230766448,9
Luleburgaz,C_coarse_unmasked,500,2018,1,0.5197306419397699,3.375764878399221,12
Luleburgaz,C_coarse_unmasked,500,2018,2,0.5567739286699945,15.094736779867349,6
Luleburgaz,C_coarse_unmasked,500,2018,3,0.5877526089611628,16.891642312450784,10
Luleburgaz,C_coarse_unmasked,500,2018,4,0.5996823201447146,30.201171489344972,12
Luleburgaz,C_coarse_unmasked,500,2018,5,0.5134170355393497,24.85136683988869,8
Luleburgaz,C_coarse_unmasked,500,2018,6,0.43934963185695436,37.749374863465476,12
Luleburgaz,C_coarse_unmasked,500,2018,7,0.5622248349610485,36.98124316708789,12
Luleburgaz,C_coarse_unmasked,500,2018,8,0.5328626177821862,39.247358978450464,12
Luleburgaz,C_coarse_unmasked,500,2018,9,0.3441792193092696,37.5967607988196,11
Luleburgaz,C_coarse_unmasked,500,2018,10,0.3085762541310689,23.591617578867424,8
Luleburgaz,C_coarse_unmasked,500,2018,11,0.3416940990999073,13.349985133145863,9
Luleburgaz,C_coarse_unmasked,500,2018,12,0.4181543520782048,3.1661247193998308,6
Luleburgaz,C_coarse_unmasked,500,2019,1,,,8
Luleburgaz,C_coarse_unmasked,500,2019,2,0.47280222145040973,14.956880662771592,10
Luleburgaz,C_coarse_unmasked,500,2019,3,0.5590289511801605,10.679990836399437,10
Luleburgaz,C_coarse_unmasked,500,2019,4,0.608150811713344,22.26532147403828,8
Luleburgaz,C_coarse_unmasked,500,2019,5,0.66164260342659,30.63623681906125,12
Luleburgaz,C_coarse_unmasked,500,2019,6,0.6513630121213687,35.56833052650873,12
Luleburgaz,C_coarse_unmasked,500,2019,7,0.44088193933419734,44.1143738066694,12
Luleburgaz,C_coarse_unmasked,500,2019,8,0.3640125550367658,44.40684235095986,10
Luleburgaz,C_coarse_unmasked,500,2019,9,0.34915361700777753,34.58503525546516,10
Luleburgaz,C_coarse_unmasked,500,2019,10,0.32429020999698877,25.998743868984416,12
Luleburgaz,C_coarse_unmasked,500,2019,11,0.4329316711225696,17.513086906667795,12
Luleburgaz,C_coarse_unmasked,500,2019,12,0.5479819011549882,2.9215583323658763,7
Luleburgaz,C_coarse_unmasked,500,2020,1,0.5506441933399924,6.140414637786744,9
Luleburgaz,C_coarse_unmasked,500,2020,2,,,9
Luleburgaz,C_coarse_unmasked,500,2020,3,0.5897063728889144,14.01562216464966,10
Luleburgaz,C_coarse_unmasked,500,2020,4,0.6384566660659644,24.773258769411648,12
Luleburgaz,C_coarse_unmasked,500,2020,5,0.6758938812776061,22.688113674484182,11
Luleburgaz,C_coarse_unmasked,500,2020,6,0.5621937742193173,31.75770694901543,10
Luleburgaz,C_coarse_unmasked,500,2020,7,0.5334760575879347,37.041581266122535,12
Luleburgaz,C_coarse_unmasked,500,2020,8,0.35033149773169675,37.157782132643575,10
Luleburgaz,C_coarse_unmasked,500,2020,9,0.3028362800561923,40.273049556542006,12
Luleburgaz,C_coarse_unmasked,500,2020,10,0.33969975827920024,28.049842442146396,12
Luleburgaz,C_coarse_unmasked,500,2020,11,0.32813762072756447,10.205273451088283,6
Luleburgaz,C_coarse_unmasked,500,2020,12,,,7
Luleburgaz,C_coarse_unmasked,500,2021,1,,,5
Luleburgaz,C_coarse_unmasked,500,2021,2,0.457057874830055,5.1351975539746535,11
Luleburgaz,C_coarse_unmasked,500,2021,3,0.4876260264216658,21.55761398995818,9
Luleburgaz,C_coarse_unmasked,500,2021,4,0.5893037224580261,21.470919673797958,10
Luleburgaz,C_coarse_unmasked,500,2021,5,0.6018629687266116,34.78679553043652,11
Luleburgaz,C_coarse_unmasked,500,2021,6,0.5514477864990054,36.17030034550768,9
Luleburgaz,C_coarse_unmasked,500,2021,7,0.5309401343217729,42.46748751475404,12
Luleburgaz,C_coarse_unmasked,500,2021,8,0.3994956866980102,42.74051834276761,12
Luleburgaz,C_coarse_unmasked,500,2021,9,0.3332406613983065,30.8145410374672,11
Luleburgaz,C_coarse_unmasked,500,2021,10,,,10
Luleburgaz,C_coarse_unmasked,500,2021,11,0.3147604866536266,19.163122229501845,12
Luleburgaz,C_coarse_unmasked,500,2021,12,0.4405159100004582,7.823790135381796,19
Luleburgaz,C_coarse_unmasked,500,2022,1,0.42251094682476986,5.5270589708510665,17
Luleburgaz,C_coarse_unmasked,500,2022,2,0.41527399508910584,7.125411548015586,18
Luleburgaz,C_coarse_unmasked,500,2022,3,0.418290388300199,22.43019561551618,15
Luleburgaz,C_coarse_unmasked,500,2022,4,0.5617474883422083,28.771980862819934,18
Luleburgaz,C_coarse_unmasked,500,2022,5,0.6582988430946918,30.795162690596584,20
Luleburgaz,C_coarse_unmasked,500,2022,6,0.5529956522021059,35.63887193233987,22
Luleburgaz,C_coarse_unmasked,500,2022,7,0.47394622892407545,42.10477116409969,24
Luleburgaz,C_coarse_unmasked,500,2022,8,0.39144668183682463,40.00236312288925,22
Luleburgaz,C_coarse_unmasked,500,2022,9,0.37048958552657,36.59952637008058,20
Luleburgaz,C_coarse_unmasked,500,2022,10,0.35511308903375427,28.666651095929854,23
Luleburgaz,C_coarse_unmasked,500,2022,11,0.2763254095706096,21.644145169126634,23
Luleburgaz,C_coarse_unmasked,500,2022,12,0.37200525401083956,9.284690595360752,17
Luleburgaz,C_coarse_unmasked,500,2023,1,0.4315703502262839,12.448467166221835,19
Luleburgaz,C_coarse_unmasked,500,2023,2,0.46385958757818424,11.514770963128251,18
Luleburgaz,C_coarse_unmasked,500,2023,3,0.5657954883800931,20.945922910015653,16
Luleburgaz,C_coarse_unmasked,500,2023,4,0.6402151653111684,17.803885673274024,17
Luleburgaz,C_coarse_unmasked,500,2023,5,0.6067548674619591,29.405934385613563,21
Luleburgaz,C_coarse_unmasked,500,2023,6,0.4773611172985942,38.68227321449686,20
Luleburgaz,C_coarse_unmasked,500,2023,7,0.45702491365982933,42.04238230525365,22
Luleburgaz,C_coarse_unmasked,500,2023,8,0.3738257911627191,41.268241764845364,24
Luleburgaz,C_coarse_unmasked,500,2023,9,0.318343500471087,36.1965643392068,23
Luleburgaz,C_coarse_unmasked,500,2023,10,0.2747341824513813,31.590878456414295,24
Luleburgaz,C_coarse_unmasked,500,2023,11,0.29920906868726577,20.949458040763318,20
Luleburgaz,C_coarse_unmasked,500,2023,12,0.34342628413909876,9.29809893964226,11
Luleburgaz,C_coarse_unmasked,500,2024,1,0.4646875005585987,9.335411830255994,13
Luleburgaz,C_coarse_unmasked,500,2024,2,0.466612431681604,7.543508877782197,21
Luleburgaz,C_coarse_unmasked,500,2024,3,0.5807102907356223,21.333507287443215,18
Luleburgaz,C_coarse_unmasked,500,2024,4,0.6425969960249088,27.116919901907792,19
Luleburgaz,C_coarse_unmasked,500,2024,5,0.5936170820285668,21.30910191176894,19
Luleburgaz,C_coarse_unmasked,500,2024,6,0.5280049953447621,39.731688949122535,22
Luleburgaz,C_coarse_unmasked,500,2024,7,0.42541906930757634,43.45321928032401,24
Luleburgaz,C_coarse_unmasked,500,2024,8,0.34176435550803475,45.85847648535436,24
Luleburgaz,C_coarse_unmasked,500,2024,9,0.31059795639904614,36.15028138633802,22
Luleburgaz,C_coarse_unmasked,500,2024,10,0.2901609893913941,29.799317631181413,22
Luleburgaz,C_coarse_unmasked,500,2024,11,0.2882923185825348,12.932466387600916,16
Luleburgaz,C_coarse_unmasked,500,2024,12,0.34232824909941817,14.531777961860112,11
Luleburgaz,C_coarse_unmasked,900,2013,4,,,3
Luleburgaz,C_coarse_unmasked,900,2013,5,0.5934910981266014,35.92829797310729,8
Luleburgaz,C_coarse_unmasked,900,2013,6,0.4869985701757512,34.5533122266083,12
Luleburgaz,C_coarse_unmasked,900,2013,7,0.5334750818779422,33.31746437445929,12
Luleburgaz,C_coarse_unmasked,900,2013,8,0.36041333984670726,40.78961957841308,12
Luleburgaz,C_coarse_unmasked,900,2013,9,0.2857189218965722,34.954311984346646,8
Luleburgaz,C_coarse_unmasked,900,2013,10,0.2739787171596769,23.8399599589113,6
Luleburgaz,C_coarse_unmasked,900,2013,11,0.28992463615570074,18.86054801792336,10
Luleburgaz,C_coarse_unmasked,900,2013,12,,,8
Luleburgaz,C_coarse_unmasked,900,2014,1,0.5552446444862893,11.459133533018909,10
Luleburgaz,C_coarse_unmasked,900,2014,2,0.5584123011193723,18.34088470793954,7
Luleburgaz,C_coarse_unmasked,900,2014,3,0.622070420852255,22.49441291749554,7
Luleburgaz,C_coarse_unmasked,900,2014,4,0.6511195672659889,21.29407377680562,7
Luleburgaz,C_coarse_unmasked,900,2014,5,0.5871923828315974,24.350956373667128,11
Luleburgaz,C_coarse_unmasked,900,2014,6,0.48095295175378544,30.81597680409348,9
Luleburgaz,C_coarse_unmasked,900,2014,7,0.5869948602764986,34.315174403186695,12
Luleburgaz,C_coarse_unmasked,900,2014,8,0.5165420070644866,34.63840148774424,10
Luleburgaz,C_coarse_unmasked,900,2014,9,0.3905696600681623,24.756899572499147,12
Luleburgaz,C_coarse_unmasked,900,2014,10,,,10
Luleburgaz,C_coarse_unmasked,900,2014,11,,,7
Luleburgaz,C_coarse_unmasked,900,2014,12,,,7
Luleburgaz,C_coarse_unmasked,900,2015,1,0.4120787619933353,7.34246570360447,10
Luleburgaz,C_coarse_unmasked,900,2015,2,0.38616710129071413,8.793412893232627,6
Luleburgaz,C_coarse_unmasked,900,2015,3,,,11
Luleburgaz,C_coarse_unmasked,900,2015,4,0.6095360200092431,18.116341668686374,9
Luleburgaz,C_coarse_unmasked,900,2015,5,0.5460255250157793,36.406718965509874,12
Luleburgaz,C_coarse_unmasked,900,2015,6,0.5286263903890441,31.644412908242373,10
Luleburgaz,C_coarse_unmasked,900,2015,7,0.5048196917386301,41.36458729067789,12
Luleburgaz,C_coarse_unmasked,900,2015,8,0.3583160588678087,44.12273351775467,12
Luleburgaz,C_coarse_unmasked,900,2015,9,0.3376520877194924,33.02098047727027,11
Luleburgaz,C_coarse_unmasked,900,2015,10,0.35707829365820337,22.988152894863703,8
Luleburgaz,C_coarse_unmasked,900,2015,11,0.3388650697000536,18.91966464018445,10
Luleburgaz,C_coarse_unmasked,900,2015,12,0.47193524310960455,9.911800212081811,10
Luleburgaz,C_coarse_unmasked,900,2016,1,0.4718370709380999,1.8484173010598561,9
Luleburgaz,C_coarse_unmasked,900,2016,2,,,8
Luleburgaz,C_coarse_unmasked,900,2016,3,0.5606061746663297,16.02330865421588,7
Luleburgaz,C_coarse_unmasked,900,2016,4,,,9
Luleburgaz,C_coarse_unmasked,900,2016,5,0.6307594117229292,25.00111888441843,12
Luleburgaz,C_coarse_unmasked,900,2016,6,0.5334256085156863,37.02582359846403,12
Luleburgaz,C_coarse_unmasked,900,2016,7,0.39783172534484473,44.35822068925589,12
Luleburgaz,C_coarse_unmasked,900,2016,8,0.31093454605029736,39.3900393984482,12
Luleburgaz,C_coarse_unmasked,900,2016,9,0.27261874104528827,42.408807793447885,10
Luleburgaz,C_coarse_unmasked,900,2016,10,0.2677047589947376,37.49098482875716,10
Luleburgaz,C_coarse_unmasked,900,2016,11,0.25197978178506086,18.936571221673873,12
Luleburgaz,C_coarse_unmasked,900,2016,12,0.4698098301887512,3.0343504535865153,8
Luleburgaz,C_coarse_unmasked,900,2017,1,0.29218236007605974,5.925462257418767,10
Luleburgaz,C_coarse_unmasked,900,2017,2,0.3114764620180405,15.408103832190658,7
Luleburgaz,C_coarse_unmasked,900,2017,3,0.49438569906276425,22.467737698485934,10
Luleburgaz,C_coarse_unmasked,900,2017,4,0.5818042600933017,30.209891082796005,11
Luleburgaz,C_coarse_unmasked,900,2017,5,0.6589433743475469,32.23280228534341,11
Luleburgaz,C_coarse_unmasked,900,2017,6,0.5641499162556296,41.57862745772201,12
Luleburgaz,C_coarse_unmasked,900,2017,7,0.41798478962866575,38.79348471483621,10
Luleburgaz,C_coarse_unmasked,900,2017,8,0.41712240734680717,39.44252355902928,12
Luleburgaz,C_coarse_unmasked,900,2017,9,0.34507958206839673,43.70879125555212,12
Luleburgaz,C_coarse_unmasked,900,2017,10,0.3043138966659541,30.17446345451647,12
Luleburgaz,C_coarse_unmasked,900,2017,11,0.3733287844610677,14.705499043341284,11
Luleburgaz,C_coarse_unmasked,900,2017,12,0.4922067380856129,8.44544518889512,9
Luleburgaz,C_coarse_unmasked,900,2018,1,0.5197220715929514,3.3752636877226916,12
Luleburgaz,C_coarse_unmasked,900,2018,2,0.5566439056135178,15.093195532960513,6
Luleburgaz,C_coarse_unmasked,900,2018,3,0.5877809344068027,16.88906804728602,10
Luleburgaz,C_coarse_unmasked,900,2018,4,0.5996406254314351,30.204488264909287,12
Luleburgaz,C_coarse_unmasked,900,2018,5,0.5127811206647023,24.855807741614605,8
Luleburgaz,C_coarse_unmasked,900,2018,6,0.4394229146378284,37.75993277067799,12
Luleburgaz,C_coarse_unmasked,900,2018,7,0.561840789859745,36.98116986182554,12
Luleburgaz,C_coarse_unmasked,900,2018,8,0.532640113637954,39.24824308311007,12
Luleburgaz,C_coarse_unmasked,900,2018,9,0.3441592345547327,37.59091100212907,11
Luleburgaz,C_coarse_unmasked,900,2018,10,0.3084696546305212,23.88029455252199,8
Luleburgaz,C_coarse_unmasked,900,2018,11,0.34173299530330725,13.350258483080502,9
Luleburgaz,C_coarse_unmasked,900,2018,12,0.41819058629289774,3.1655348150609304,6
Luleburgaz,C_coarse_unmasked,900,2019,1,,,8
Luleburgaz,C_coarse_unmasked,900,2019,2,0.47284467641557043,14.958534892019578,10
Luleburgaz,C_coarse_unmasked,900,2019,3,0.559864309545197,10.695447988818248,10
Luleburgaz,C_coarse_unmasked,900,2019,4,0.6084365222062633,22.276528717222668,8
Luleburgaz,C_coarse_unmasked,900,2019,5,0.6616715241953647,30.635592424662132,12
Luleburgaz,C_coarse_unmasked,900,2019,6,0.6518908000566594,35.56143757658266,12
Luleburgaz,C_coarse_unmasked,900,2019,7,0.4409073523262799,44.11464784467954,12
Luleburgaz,C_coarse_unmasked,900,2019,8,0.36401513585744627,44.40609126962075,10
Luleburgaz,C_coarse_unmasked,900,2019,9,0.34926099772951996,34.58652545158239,10
Luleburgaz,C_coarse_unmasked,900,2019,10,0.32543159526429694,25.991784177067576,12
Luleburgaz,C_coarse_unmasked,900,2019,11,0.43535460623159294,17.538194539150073,12
Luleburgaz,C_coarse_unmasked,900,2019,12,0.5466956777188422,2.939528578635805,7
Luleburgaz,C_coarse_unmasked,900,2020,1,0.5522159094751071,6.228128896693079,9
Luleburgaz,C_coarse_unmasked,900,2020,2,,,9
Luleburgaz,C_coarse_unmasked,900,2020,3,0.5905077372771163,14.017131467583212,10
Luleburgaz,C_coarse_unmasked,900,2020,4,0.6383183931427673,24.77893032130784,12
Luleburgaz,C_coarse_unmasked,900,2020,5,0.6766455531023642,22.687219089348346,11
Luleburgaz,C_coarse_unmasked,900,2020,6,0.56232775318841,31.7545039675434,10
Luleburgaz,C_coarse_unmasked,900,2020,7,0.5333405442457804,37.04167784143302,12
Luleburgaz,C_coarse_unmasked,900,2020,8,0.35021696356495796,37.15654867021511,10
Luleburgaz,C_coarse_unmasked,900,2020,9,0.302771041472749,40.27460132974565,12
Luleburgaz,C_coarse_unmasked,900,2020,10,0.3400089954273845,28.04362409977627,12
Luleburgaz,C_coarse_unmasked,900,2020,11,0.328412414508296,10.205222053720654,6
Luleburgaz,C_coarse_unmasked,900,2020,12,,,7
Luleburgaz,C_coarse_unmasked,900,2021,1,,,5
Luleburgaz,C_coarse_unmasked,900,2021,2,0.45704394077390414,5.134986558471533,11
Luleburgaz,C_coarse_unmasked,900,2021,3,0.4875280692535692,21.55554069551747,9
Luleburgaz,C_coarse_unmasked,900,2021,4,0.5892745724703699,21.46910066762995,10
Luleburgaz,C_coarse_unmasked,900,2021,5,0.6018699554433657,34.787844677884294,11
Luleburgaz,C_coarse_unmasked,900,2021,6,0.551510147704231,36.170839165797155,9
Luleburgaz,C_coarse_unmasked,900,2021,7,0.5309982935569634,42.46684497755211,12
Luleburgaz,C_coarse_unmasked,900,2021,8,0.39937435428388846,42.74236655357656,12
Luleburgaz,C_coarse_unmasked,900,2021,9,0.3331142996476399,30.80582946481905,11
Luleburgaz,C_coarse_unmasked,900,2021,10,,,10
Luleburgaz,C_coarse_unmasked,900,2021,11,0.3147157159264035,19.163098946900064,12
Luleburgaz,C_coarse_unmasked,900,2021,12,0.4408233624560504,7.822711935865186,19
Luleburgaz,C_coarse_unmasked,900,2022,1,0.42245756519640587,5.528935308157461,17
Luleburgaz,C_coarse_unmasked,900,2022,2,0.41515238457733544,7.124909778654469,18
Luleburgaz,C_coarse_unmasked,900,2022,3,0.4183453351315073,22.433168927991233,15
Luleburgaz,C_coarse_unmasked,900,2022,4,0.5618389659247076,28.77346024234382,18
Luleburgaz,C_coarse_unmasked,900,2022,5,0.6585637047320041,30.79204951667956,20
Luleburgaz,C_coarse_unmasked,900,2022,6,0.5531282433147346,35.63435382496535,22
Luleburgaz,C_coarse_unmasked,900,2022,7,0.47403107638817865,42.104793139301435,24
Luleburgaz,C_coarse_unmasked,900,2022,8,0.3916215003535467,40.000834710677175,22
Luleburgaz,C_coarse_unmasked,900,2022,9,0.37047839708656655,36.59920661162363,20
Luleburgaz,C_coarse_unmasked,900,2022,10,0.3562267880178231,28.66279920258124,23
Luleburgaz,C_coarse_unmasked,900,2022,11,0.27633530628238934,21.647993725551103,23
Luleburgaz,C_coarse_unmasked,900,2022,12,0.3719800320455803,9.045093206074409,17
Luleburgaz,C_coarse_unmasked,900,2023,1,0.4312223181004233,12.42940339020028,19
Luleburgaz,C_coarse_unmasked,900,2023,2,0.4637496164028195,11.501520441431325,18
Luleburgaz,C_coarse_unmasked,900,2023,3,0.5659351189088246,20.934311691953575,16
Luleburgaz,C_coarse_unmasked,900,2023,4,0.6400633149820748,17.800882287525504,17
Luleburgaz,C_coarse_unmasked,900,2023,5,0.6065944067587231,29.415651009942227,21
Luleburgaz,C_coarse_unmasked,900,2023,6,0.47737420715633244,38.67864338935984,20
Luleburgaz,C_coarse_unmasked,900,2023,7,0.45702229615645673,42.04217628198255,22
Luleburgaz,C_coarse_unmasked,900,2023,8,0.37299392470297044,41.269186226389934,24
Luleburgaz,C_coarse_unmasked,900,2023,9,0.3182322178999608,36.19295002346043,23
Luleburgaz,C_coarse_unmasked,900,2023,10,0.2748439078105078,31.588982852791553,24
Luleburgaz,C_coarse_unmasked,900,2023,11,0.29916859705713567,20.94498813177127,20
Luleburgaz,C_coarse_unmasked,900,2023,12,0.34392488148040373,9.297217471992115,11
Luleburgaz,C_coarse_unmasked,900,2024,1,0.4623582003539925,9.336794271772256,13
Luleburgaz,C_coarse_unmasked,900,2024,2,0.4578372026156916,7.565862864578913,21
Luleburgaz,C_coarse_unmasked,900,2024,3,0.5807350130237685,21.330192236390435,18
Luleburgaz,C_coarse_unmasked,900,2024,4,0.6425903437508429,27.1164706106058,19
Luleburgaz,C_coarse_unmasked,900,2024,5,0.5937640357003564,21.29666262942887,19
Luleburgaz,C_coarse_unmasked,900,2024,6,0.5280609676890692,39.73217363670427,22
Luleburgaz,C_coarse_unmasked,900,2024,7,0.42521128923283474,43.45095353342694,24
Luleburgaz,C_coarse_unmasked,900,2024,8,0.3417062104674823,45.83728515022708,24
Luleburgaz,C_coarse_unmasked,900,2024,9,0.3104801251133767,36.14344728607492,22
Luleburgaz,C_coarse_unmasked,900,2024,10,0.29011193026353044,29.79933387744709,22
Luleburgaz,C_coarse_unmasked,900,2024,11,0.38663268089294434,12.564797412113784,16
Luleburgaz,C_coarse_unmasked,900,2024,12,0.3424388281430095,14.529729208366321,11
Tekirdag,A_native_masked,30,2013,4,,,3
Tekirdag,A_native_masked,30,2013,5,0.6126057193549588,33.340962673215984,8
Tekirdag,A_native_masked,30,2013,6,0.46346846891371307,33.412130729912995,12
Tekirdag,A_native_masked,30,2013,7,0.5021647141609846,36.43607099181671,12
Tekirdag,A_native_masked,30,2013,8,0.3125910997385552,38.70832090538685,12
Tekirdag,A_native_masked,30,2013,9,0.2490794529040509,37.29068139294076,8
Tekirdag,A_native_masked,30,2013,10,0.24565041364354598,23.270045746668828,6
Tekirdag,A_native_masked,30,2013,11,0.26589019809119185,19.75123925979486,10
Tekirdag,A_native_masked,30,2013,12,0.4330424976586372,11.131055056342234,8
Tekirdag,A_native_masked,30,2014,1,0.6300042436764792,13.668997425849176,10
Tekirdag,A_native_masked,30,2014,2,0.6305083593647242,15.198421865029431,7
Tekirdag,A_native_masked,30,2014,3,0.6265663742232243,23.438485622156826,7
Tekirdag,A_native_masked,30,2014,4,0.6382034320240731,20.814479210071113,7
Tekirdag,A_native_masked,30,2014,5,0.6989922503331775,23.66807946738311,11
Tekirdag,A_native_masked,30,2014,6,0.4006146772274378,33.61543873038433,9
Tekirdag,A_native_masked,30,2014,7,0.43679689342386524,38.502459675486634,12
Tekirdag,A_native_masked,30,2014,8,0.49334593797311166,33.86903954559514,10
Tekirdag,A_native_masked,30,2014,9,0.343746971383731,32.43674799217943,12
Tekirdag,A_native_masked,30,2014,10,,,10
Tekirdag,A_native_masked,30,2014,11,,,7
Tekirdag,A_native_masked,30,2014,12,,,7
Tekirdag,A_native_masked,30,2015,1,0.3816742146815606,7.682473902590784,10
Tekirdag,A_native_masked,30,2015,2,0.4462902487746722,9.406205221806065,6
Tekirdag,A_native_masked,30,2015,3,0.4632200054823901,12.331148129008982,11
Tekirdag,A_native_masked,30,2015,4,0.6793591975972469,14.829576110505707,9
Tekirdag,A_native_masked,30,2015,5,0.557515687354139,36.74240147246252,12
Tekirdag,A_native_masked,30,2015,6,0.5261868809416219,33.6747659684621,10
Tekirdag,A_native_masked,30,2015,7,0.46908402713018427,41.516761390586474,12
Tekirdag,A_native_masked,30,2015,8,0.3135760431477088,43.74985443386629,12
Tekirdag,A_native_masked,30,2015,9,0.2783192574633491,31.206315076457596,11
Tekirdag,A_native_masked,30,2015,10,0.2854302190677552,20.196110755294686,8
Tekirdag,A_native_masked,30,2015,11,,,10
Tekirdag,A_native_masked,30,2015,12,0.4816167130362459,10.347836716346263,10
Tekirdag,A_native_masked,30,2016,1,0.26159160356051553,-2.8900720597718728,9
Tekirdag,A_native_masked,30,2016,2,,,8
Tekirdag,A_native_masked,30,2016,3,0.5825791409634462,16.987404077415057,7
Tekirdag,A_native_masked,30,2016,4,0.6598956137476568,23.20858243196682,9
Tekirdag,A_native_masked,30,2016,5,0.6219033723520199,26.019041754949477,12
Tekirdag,A_native_masked,30,2016,6,0.5054473932832115,35.642923239385496,12
Tekirdag,A_native_masked,30,2016,7,0.3998026646243431,42.705604957010195,12
Tekirdag,A_native_masked,30,2016,8,0.2785629160120553,38.26249891728165,12
Tekirdag,A_native_masked,30,2016,9,0.2467827980133289,41.83249463692431,10
Tekirdag,A_native_masked,30,2016,10,0.23928133923613035,36.705219816963954,10
Tekirdag,A_native_masked,30,2016,11,0.22896361448086966,18.60019313034929,12
Tekirdag,A_native_masked,30,2016,12,0.26682886229367675,4.044805562566848,8
Tekirdag,A_native_masked,30,2017,1,0.430480018145646,6.551995899797098,10
Tekirdag,A_native_masked,30,2017,2,0.33081185530727214,16.469567216632896,7
Tekirdag,A_native_masked,30,2017,3,0.5646818993189897,19.506168355547548,10
Tekirdag,A_native_masked,30,2017,4,0.5709555854259181,27.47469511365201,11
Tekirdag,A_native_masked,30,2017,5,0.6329646014735474,28.588019458415815,11
Tekirdag,A_native_masked,30,2017,6,0.5408534596032416,40.66209592895449,12
Tekirdag,A_native_masked,30,2017,7,0.4194758591763851,37.71014754824293,10
Tekirdag,A_native_masked,30,2017,8,0.4184717179797243,38.13704989017972,12
Tekirdag,A_native_masked,30,2017,9,0.300561253619896,42.57465054626989,12
Tekirdag,A_native_masked,30,2017,10,0.27164229554294056,27.991518891040176,12
Tekirdag,A_native_masked,30,2017,11,0.3585016687713349,13.943568427317025,11
Tekirdag,A_native_masked,30,2017,12,0.5679628126504189,8.897975961379409,9
Tekirdag,A_native_masked,30,2018,1,0.5267145813874138,1.7934027815697284,12
Tekirdag,A_native_masked,30,2018,2,0.5407970137486852,15.883513818452453,6
Tekirdag,A_native_masked,30,2018,3,0.7914900419081577,14.442819281364244,10
Tekirdag,A_native_masked,30,2018,4,0.6025712853520238,27.286241643168058,12
Tekirdag,A_native_masked,30,2018,5,,,8
Tekirdag,A_native_masked,30,2018,6,0.45759854513651255,35.92863214624563,12
Tekirdag,A_native_masked,30,2018,7,0.49077248553426056,39.13278019101883,12
Tekirdag,A_native_masked,30,2018,8,0.4729980875471202,37.48213719512845,12
Tekirdag,A_native_masked,30,2018,9,0.2947626585729224,36.50982995476106,11
Tekirdag,A_native_masked,30,2018,10,0.2494465786836785,27.809755605632613,8
Tekirdag,A_native_masked,30,2018,11,0.35941170319984667,12.642775376906759,9
Tekirdag,A_native_masked,30,2018,12,0.41822768207316835,2.51234535980901,6
Tekirdag,A_native_masked,30,2019,1,,,8
Tekirdag,A_native_masked,30,2019,2,0.4518701716017549,12.432314396722315,10
Tekirdag,A_native_masked,30,2019,3,0.4886555519260538,9.825582066294913,10
Tekirdag,A_native_masked,30,2019,4,0.6257724823973795,20.598951546676474,8
Tekirdag,A_native_masked,30,2019,5,0.6197465074760539,31.345229983581145,12
Tekirdag,A_native_masked,30,2019,6,0.6408038807863601,29.983581025432805,12
Tekirdag,A_native_masked,30,2019,7,0.45534172851984134,41.90379165019131,12
Tekirdag,A_native_masked,30,2019,8,0.36209293367892753,42.34477046146841,10
Tekirdag,A_native_masked,30,2019,9,0.2890133739902477,35.7575581321951,10
Tekirdag,A_native_masked,30,2019,10,0.27191569083263045,25.31530334001783,12
Tekirdag,A_native_masked,30,2019,11,0.27865322765786227,20.979219894287535,12
Tekirdag,A_native_masked,30,2019,12,,,7
Tekirdag,A_native_masked,30,2020,1,0.5498682543300931,7.019111149156248,9
Tekirdag,A_native_masked,30,2020,2,,,9
Tekirdag,A_native_masked,30,2020,3,0.5450161189309781,14.803673552754475,10
Tekirdag,A_native_masked,30,2020,4,0.7272307058235887,24.078778556530413,12
Tekirdag,A_native_masked,30,2020,5,0.6661413977530493,24.05807109845289,11
Tekirdag,A_native_masked,30,2020,6,0.5509742330504289,30.76901399605332,10
Tekirdag,A_native_masked,30,2020,7,0.5032513146290951,37.37984176823056,12
Tekirdag,A_native_masked,30,2020,8,0.3089791473477951,35.06848361639062,10
Tekirdag,A_native_masked,30,2020,9,0.2559327138312135,39.899408641257935,12
Tekirdag,A_native_masked,30,2020,10,0.3450542568896221,26.730198072305985,12
Tekirdag,A_native_masked,30,2020,11,,,6
Tekirdag,A_native_masked,30,2020,12,,,7
Tekirdag,A_native_masked,30,2021,1,,,5
Tekirdag,A_native_masked,30,2021,2,0.49189827644118406,2.7541177997284434,11
Tekirdag,A_native_masked,30,2021,3,0.5057831357710231,20.20951004825881,9
Tekirdag,A_native_masked,30,2021,4,0.6218627963454088,20.425155670238006,10
Tekirdag,A_native_masked,30,2021,5,0.5895743783502992,32.97927800827074,11
Tekirdag,A_native_masked,30,2021,6,0.5318818733218637,35.96670595591713,9
Tekirdag,A_native_masked,30,2021,7,0.5167775121843048,41.185131475319494,12
Tekirdag,A_native_masked,30,2021,8,0.36796136899904786,43.835860917075685,12
Tekirdag,A_native_masked,30,2021,9,0.28726880855127274,29.313917343248406,11
Tekirdag,A_native_masked,30,2021,10,0.24680764523589718,22.167270600749443,10
Tekirdag,A_native_masked,30,2021,11,0.23315683757450414,20.501391477617435,12
Tekirdag,A_native_masked,30,2021,12,0.35472812532907516,12.570712166724002,19
Tekirdag,A_native_masked,30,2022,1,0.3738223202434759,4.146833996151247,17
Tekirdag,A_native_masked,30,2022,2,0.379663784264013,8.248286217344265,18
Tekirdag,A_native_masked,30,2022,3,0.4163050043372218,20.77746484920012,15
Tekirdag,A_native_masked,30,2022,4,0.6364366726670012,27.807446562823138,18
Tekirdag,A_native_masked,30,2022,5,0.6369065595719356,31.123554152791908,20
Tekirdag,A_native_masked,30,2022,6,0.5501579258343859,33.278995382205814,22
Tekirdag,A_native_masked,30,2022,7,0.48673531303194695,40.04814020736852,24
Tekirdag,A_native_masked,30,2022,8,0.38738685020636576,36.99710164404823,22
Tekirdag,A_native_masked,30,2022,9,0.2882613260751621,36.45025024011416,20
Tekirdag,A_native_masked,30,2022,10,0.2668019595102852,30.617502430367598,23
Tekirdag,A_native_masked,30,2022,11,0.23794683812592657,21.13326574326616,23
Tekirdag,A_native_masked,30,2022,12,0.3523702435899686,10.401704492175456,17
Tekirdag,A_native_masked,30,2023,1,0.48714699783374715,10.834114739359057,19
Tekirdag,A_native_masked,30,2023,2,0.4841979018389459,12.70129521090979,18
Tekirdag,A_native_masked,30,2023,3,0.7229799615689156,21.14371702268009,16
Tekirdag,A_native_masked,30,2023,4,0.6682237250765409,17.8349599003194,17
Tekirdag,A_native_masked,30,2023,5,0.8305317246621506,23.85084618977866,21
Tekirdag,A_native_masked,30,2023,6,0.45443149089749224,38.7011351822693,20
Tekirdag,A_native_masked,30,2023,7,0.44214444404762887,40.945929723644554,22
Tekirdag,A_native_masked,30,2023,8,0.3313706211872594,42.75786149316922,24
Tekirdag,A_native_masked,30,2023,9,0.2645136341843533,35.702018758108,23
Tekirdag,A_native_masked,30,2023,10,0.237107994520212,32.913247690725825,24
Tekirdag,A_native_masked,30,2023,11,0.26383766685577736,16.954055212359474,20
Tekirdag,A_native_masked,30,2023,12,0.6178967893219002,10.77378194640113,11
Tekirdag,A_native_masked,30,2024,1,0.45748165546758657,10.089407321451123,13
Tekirdag,A_native_masked,30,2024,2,0.6688530490177179,10.333557630632516,21
Tekirdag,A_native_masked,30,2024,3,0.6630844061195754,18.305866984289484,18
Tekirdag,A_native_masked,30,2024,4,0.6801561752208554,27.194941229231397,19
Tekirdag,A_native_masked,30,2024,5,0.6249845850392759,22.95094549298602,19
Tekirdag,A_native_masked,30,2024,6,0.49867137564603115,39.36455313253114,22
Tekirdag,A_native_masked,30,2024,7,0.4048047621061751,42.32988538101137,24
Tekirdag,A_native_masked,30,2024,8,0.33327427511940616,44.8370797519706,24
Tekirdag,A_native_masked,30,2024,9,0.2578630009298344,39.16836245717526,22
Tekirdag,A_native_masked,30,2024,10,0.2530304511663192,28.65887412411398,22
Tekirdag,A_native_masked,30,2024,11,0.24592246636645457,13.945225195839388,16
Tekirdag,A_native_masked,30,2024,12,0.29216497842416334,14.937566957105082,11
Tekirdag,B_coarse_masked,250,2013,4,,,3
Tekirdag,B_coarse_masked,250,2013,5,0.6126206289164216,33.335639351206055,8
Tekirdag,B_coarse_masked,250,2013,6,0.4636806592572745,33.40966687448259,12
Tekirdag,B_coarse_masked,250,2013,7,0.5019829017277339,36.433707082277905,12
Tekirdag,B_coarse_masked,250,2013,8,0.3128501802376597,38.70212950952157,12
Tekirdag,B_coarse_masked,250,2013,9,0.24929981345294028,37.2871818303197,8
Tekirdag,B_coarse_masked,250,2013,10,0.244701056499609,23.249746456834494,6
Tekirdag,B_coarse_masked,250,2013,11,0.26611024621669516,19.74739263347062,10
Tekirdag,B_coarse_masked,250,2013,12,0.41754367510808044,11.06936876936356,8
Tekirdag,B_coarse_masked,250,2014,1,0.581652991626979,13.671913735333515,10
Tekirdag,B_coarse_masked,250,2014,2,0.6169045733170647,15.1532753929515,7
Tekirdag,B_coarse_masked,250,2014,3,0.626629850014108,23.43698524957039,7
Tekirdag,B_coarse_masked,250,2014,4,0.6383354454104322,20.812177317807734,7
Tekirdag,B_coarse_masked,250,2014,5,0.699388376667996,23.660648665702542,11
Tekirdag,B_coarse_masked,250,2014,6,0.4007129217314537,33.61416178023168,9
Tekirdag,B_coarse_masked,250,2014,7,0.43688509487833427,38.50086569997206,12
Tekirdag,B_coarse_masked,250,2014,8,0.49341641322218627,33.86525787523704,10
Tekirdag,B_coarse_masked,250,2014,9,0.343987944136925,32.4358572738799,12
Tekirdag,B_coarse_masked,250,2014,10,,,10
Tekirdag,B_coarse_masked,250,2014,11,,,7
Tekirdag,B_coarse_masked,250,2014,12,,,7
Tekirdag,B_coarse_masked,250,2015,1,0.38184154599132764,7.681911254164572,10
Tekirdag,B_coarse_masked,250,2015,2,0.4460570224612669,9.40420668727634,6
Tekirdag,B_coarse_masked,250,2015,3,0.4631716704057738,12.335265332217428,11
Tekirdag,B_coarse_masked,250,2015,4,0.6802188710210567,14.819394794826685,9
Tekirdag,B_coarse_masked,250,2015,5,0.5575451462774502,36.740851657224084,12
Tekirdag,B_coarse_masked,250,2015,6,0.5261565744545795,33.67099101619355,10
Tekirdag,B_coarse_masked,250,2015,7,0.4692265967910543,41.51334595660249,12
Tekirdag,B_coarse_masked,250,2015,8,0.3137781231234997,43.746303114236255,12
Tekirdag,B_coarse_masked,250,2015,9,0.27825845436662405,31.207047734687727,11
Tekirdag,B_coarse_masked,250,2015,10,0.28569837595921704,20.19357612377698,8
Tekirdag,B_coarse_masked,250,2015,11,,,10
Tekirdag,B_coarse_masked,250,2015,12,0.48190693544364277,10.346937681215934,10
Tekirdag,B_coarse_masked,250,2016,1,0.2794844038211382,-2.6363645007210095,9
Tekirdag,B_coarse_masked,250,2016,2,,,8
Tekirdag,B_coarse_masked,250,2016,3,0.5826331191797794,16.985825627617473,7
Tekirdag,B_coarse_masked,250,2016,4,0.659944011840117,23.207665045399782,9
Tekirdag,B_coarse_masked,250,2016,5,0.6225409763335903,26.00114278082141,12
Tekirdag,B_coarse_masked,250,2016,6,0.5054854335312136,35.64142418484025,12
Tekirdag,B_coarse_masked,250,2016,7,0.3999160445964456,42.7028194237065,12
Tekirdag,B_coarse_masked,250,2016,8,0.27874939751747946,38.25688381864114,12
Tekirdag,B_coarse_masked,250,2016,9,0.2469699014144612,41.8286024796144,10
Tekirdag,B_coarse_masked,250,2016,10,0.2394775450305946,36.702391230421135,10
Tekirdag,B_coarse_masked,250,2016,11,0.22906777745857376,18.598159546057133,12
Tekirdag,B_coarse_masked,250,2016,12,0.26681959512210224,4.044667641190905,8
Tekirdag,B_coarse_masked,250,2017,1,0.4329242869873034,6.541102939245679,10
Tekirdag,B_coarse_masked,250,2017,2,0.33082261204542607,16.469166228639462,7
Tekirdag,B_coarse_masked,250,2017,3,0.56415270542479,19.506677122320983,10
Tekirdag,B_coarse_masked,250,2017,4,0.5710031004375073,27.47416170724508,11
Tekirdag,B_coarse_masked,250,2017,5,0.6329645808794895,28.586569130152924,11
Tekirdag,B_coarse_masked,250,2017,6,0.5409065396978922,40.66058203992938,12
Tekirdag,B_coarse_masked,250,2017,7,0.4195694087054826,37.705964201870685,10
Tekirdag,B_coarse_masked,250,2017,8,0.41870199059291047,38.13446176709101,12
Tekirdag,B_coarse_masked,250,2017,9,0.3007718853570431,42.571819213598275,12
Tekirdag,B_coarse_masked,250,2017,10,0.27185148481251503,27.988664799257574,12
Tekirdag,B_coarse_masked,250,2017,11,0.3587180763341637,13.942206135486686,11
Tekirdag,B_coarse_masked,250,2017,12,0.5680441510498953,8.89566547735597,9
Tekirdag,B_coarse_masked,250,2018,1,0.5267551111724273,1.793268397902533,12
Tekirdag,B_coarse_masked,250,2018,2,0.5408431294569039,15.8827783640499,6
Tekirdag,B_coarse_masked,250,2018,3,0.7893615187825384,14.474316138158226,10
Tekirdag,B_coarse_masked,250,2018,4,0.6026761044201666,27.283661190636504,12
Tekirdag,B_coarse_masked,250,2018,5,,,8
Tekirdag,B_coarse_masked,250,2018,6,0.4576491689899831,35.92493924817745,12
Tekirdag,B_coarse_masked,250,2018,7,0.4908647443779756,39.12260947982472,12
Tekirdag,B_coarse_masked,250,2018,8,0.4732355337625512,37.47787559941018,12
Tekirdag,B_coarse_masked,250,2018,9,0.2948127643484934,36.502771551104104,11
Tekirdag,B_coarse_masked,250,2018,10,0.24967620327100598,27.806565450144774,8
Tekirdag,B_coarse_masked,250,2018,11,0.3595124247199513,12.642288906707298,9
Tekirdag,B_coarse_masked,250,2018,12,0.41824559588132554,2.512540224953584,6
Tekirdag,B_coarse_masked,250,2019,1,,,8
Tekirdag,B_coarse_masked,250,2019,2,0.45172912275139027,12.43116568124131,10
Tekirdag,B_coarse_masked,250,2019,3,0.4888449091298653,9.825614889330458,10
Tekirdag,B_coarse_masked,250,2019,4,0.6258428835023386,20.596693357010775,8
Tekirdag,B_coarse_masked,250,2019,5,0.619807708701233,31.34301911869654,12
Tekirdag,B_coarse_masked,250,2019,6,0.6409048576869084,29.968053344822277,12
Tekirdag,B_coarse_masked,250,2019,7,0.4555026085971247,41.90001670991822,12
Tekirdag,B_coarse_masked,250,2019,8,0.36228142635548366,42.34141462423474,10
Tekirdag,B_coarse_masked,250,2019,9,0.2889677615044922,35.753146508381214,10
Tekirdag,B_coarse_masked,250,2019,10,0.2724041190854669,25.308768115443247,12
Tekirdag,B_coarse_masked,250,2019,11,0.7522438392043114,17.787169685807335,12
Tekirdag,B_coarse_masked,250,2019,12,,,7
Tekirdag,B_coarse_masked,250,2020,1,0.5483704235848886,7.033381550284657,9
Tekirdag,B_coarse_masked,250,2020,2,,,9
Tekirdag,B_coarse_masked,250,2020,3,0.5454406463883811,14.801595684088483,10
Tekirdag,B_coarse_masked,250,2020,4,0.7094379343140985,24.112193075226788,12
Tekirdag,B_coarse_masked,250,2020,5,0.6798425155033586,23.960531825858343,11
Tekirdag,B_coarse_masked,250,2020,6,0.551024155149627,30.76419412182984,10
Tekirdag,B_coarse_masked,250,2020,7,0.5041362230053519,37.35151556910347,12
Tekirdag,B_coarse_masked,250,2020,8,0.30919434866266854,35.062923186228495,10
Tekirdag,B_coarse_masked,250,2020,9,0.2561119157591322,39.89668157543888,12
Tekirdag,B_coarse_masked,250,2020,10,0.3445547129874064,26.726504659540094,12
Tekirdag,B_coarse_masked,250,2020,11,,,6
Tekirdag,B_coarse_masked,250,2020,12,,,7
Tekirdag,B_coarse_masked,250,2021,1,,,5
Tekirdag,B_coarse_masked,250,2021,2,0.4933837778542984,2.756349270627096,11
Tekirdag,B_coarse_masked,250,2021,3,0.5057813765839995,20.208430931899223,9
Tekirdag,B_coarse_masked,250,2021,4,0.6218364314661118,20.42400039136837,10
Tekirdag,B_coarse_masked,250,2021,5,0.5896335467848297,32.97827965965575,11
Tekirdag,B_coarse_masked,250,2021,6,0.5320970229491113,35.964038256154964,9
Tekirdag,B_coarse_masked,250,2021,7,0.5169031601872709,41.181982113259735,12
Tekirdag,B_coarse_masked,250,2021,8,0.3681159294448073,43.83257364385221,12
Tekirdag,B_coarse_masked,250,2021,9,0.28784566801499395,29.308924628020762,11
Tekirdag,B_coarse_masked,250,2021,10,0.24696844348665387,22.156809885484336,10
Tekirdag,B_coarse_masked,250,2021,11,0.2333556826575996,20.498494400849435,12
Tekirdag,B_coarse_masked,250,2021,12,0.3552485473561514,12.570140501158363,19
Tekirdag,B_coarse_masked,250,2022,1,0.3738958513651991,4.145460239415823,17
Tekirdag,B_coarse_masked,250,2022,2,0.3797637119251692,8.247528555510891,18
Tekirdag,B_coarse_masked,250,2022,3,0.41632542498805836,20.775335683544863,15
Tekirdag,B_coarse_masked,250,2022,4,0.5822680368165386,28.00193748096406,18
Tekirdag,B_coarse_masked,250,2022,5,0.636845284417303,31.12065064803509,20
Tekirdag,B_coarse_masked,250,2022,6,0.5608415156355744,33.22140839609303,22
Tekirdag,B_coarse_masked,250,2022,7,0.48675519774807186,40.04515078886529,24
Tekirdag,B_coarse_masked,250,2022,8,0.38741332335242085,36.995351863151186,22
Tekirdag,B_coarse_masked,250,2022,9,0.2884913711967546,36.44670503811355,20
Tekirdag,B_coarse_masked,250,2022,10,0.26692343586918843,30.610442673158047,23
Tekirdag,B_coarse_masked,250,2022,11,0.2380717465622722,21.130344025800127,23
Tekirdag,B_coarse_masked,250,2022,12,0.352424890365159,10.40098909653972,17
Tekirdag,B_coarse_masked,250,2023,1,0.4872558719407677,10.82196284251495,19
Tekirdag,B_coarse_masked,250,2023,2,0.48519060799776753,12.678949025824355,18
Tekirdag,B_coarse_masked,250,2023,3,0.7245957110532877,21.13771167155436,16
Tekirdag,B_coarse_masked,250,2023,4,0.6682829032595997,17.85613088540665,17
Tekirdag,B_coarse_masked,250,2023,5,0.8299206367835644,23.823108957997746,21
Tekirdag,B_coarse_masked,250,2023,6,0.4546525830982776,38.697627626720035,20
Tekirdag,B_coarse_masked,250,2023,7,0.44228832392870154,40.94490399428036,22
Tekirdag,B_coarse_masked,250,2023,8,0.33151776241947173,42.73597391090874,24
Tekirdag,B_coarse_masked,250,2023,9,0.2646289204740097,35.69509982975061,23
Tekirdag,B_coarse_masked,250,2023,10,0.23728604601114087,32.90951472950004,24
Tekirdag,B_coarse_masked,250,2023,11,0.2639723478776084,16.952071220776077,20
Tekirdag,B_coarse_masked,250,2023,12,0.48594317500462786,10.806254776276319,11
Tekirdag,B_coarse_masked,250,2024,1,0.4574909656891046,10.09718345088844,13
Tekirdag,B_coarse_masked,250,2024,2,0.5738886265217648,10.39831807132753,21
Tekirdag,B_coarse_masked,250,2024,3,0.6313253592071217,18.34811357535307,18
Tekirdag,B_coarse_masked,250,2024,4,0.6777790698481564,27.195927451424428,19
Tekirdag,B_coarse_masked,250,2024,5,0.6096671187552697,23.167420090224255,19
Tekirdag,B_coarse_masked,250,2024,6,0.5039212229049855,39.35522303853557,22
Tekirdag,B_coarse_masked,250,2024,7,0.40510262739777825,42.32517162144372,24
Tekirdag,B_coarse_masked,250,2024,8,0.3333978974162348,44.83254514772553,24
Tekirdag,B_coarse_masked,250,2024,9,0.25805278227388445,39.164557456469375,22
Tekirdag,B_coarse_masked,250,2024,10,0.2532439758593875,28.67446512267357,22
Tekirdag,B_coarse_masked,250,2024,11,0.24600527898382304,13.943525920038235,16
Tekirdag,B_coarse_masked,250,2024,12,0.29228336593343446,14.936256697047819,11
Tekirdag,B_coarse_masked,500,2013,4,,,3
Tekirdag,B_coarse_masked,500,2013,5,0.61235220736741,33.35719281157111,8
Tekirdag,B_coarse_masked,500,2013,6,0.46355892078135785,33.409343631992556,12
Tekirdag,B_coarse_masked,500,2013,7,0.5017483966187843,36.42890039383704,12
Tekirdag,B_coarse_masked,500,2013,8,0.31280513016167105,38.70133837973604,12
Tekirdag,B_coarse_masked,500,2013,9,0.24920373793309278,37.286676157177574,8
Tekirdag,B_coarse_masked,500,2013,10,0.24562750306136596,23.23775481494527,6
Tekirdag,B_coarse_masked,500,2013,11,0.265979219556633,19.745387506194092,10
Tekirdag,B_coarse_masked,500,2013,12,0.40777727671023195,11.104514397043168,8
Tekirdag,B_coarse_masked,500,2014,1,0.6219664097244288,13.636078367062321,10
Tekirdag,B_coarse_masked,500,2014,2,0.6048389308478522,15.157662066722523,7
Tekirdag,B_coarse_masked,500,2014,3,0.6265257391976249,23.436006369721607,7
Tekirdag,B_coarse_masked,500,2014,4,0.6384172800507809,20.811010352493597,7
Tekirdag,B_coarse_masked,500,2014,5,0.6977781888033068,23.66173640419377,11
Tekirdag,B_coarse_masked,500,2014,6,0.40061625684920404,33.613042176261786,9
Tekirdag,B_coarse_masked,500,2014,7,0.43677970475490346,38.5004642281511,12
Tekirdag,B_coarse_masked,500,2014,8,0.4933683618416145,33.86477864443065,10
Tekirdag,B_coarse_masked,500,2014,9,0.3439130859646644,32.43677173330485,12
Tekirdag,B_coarse_masked,500,2014,10,,,10
Tekirdag,B_coarse_masked,500,2014,11,,,7
Tekirdag,B_coarse_masked,500,2014,12,,,7
Tekirdag,B_coarse_masked,500,2015,1,0.3817908402994827,7.6820990451188464,10
Tekirdag,B_coarse_masked,500,2015,2,0.44595254215446734,9.40327503402272,6
Tekirdag,B_coarse_masked,500,2015,3,0.4633520466518701,12.336373173760013,11
Tekirdag,B_coarse_masked,500,2015,4,0.6806241895486175,14.805126079498926,9
Tekirdag,B_coarse_masked,500,2015,5,0.55749972104189,36.742175968416944,12
Tekirdag,B_coarse_masked,500,2015,6,0.5258667988287441,33.67396826366552,10
Tekirdag,B_coarse_masked,500,2015,7,0.4691083857837912,41.51465794281063,12
Tekirdag,B_coarse_masked,500,2015,8,0.31365147948690325,43.746225024901484,12
Tekirdag,B_coarse_masked,500,2015,9,0.2780069370605658,31.2063460387959,11
Tekirdag,B_coarse_masked,500,2015,10,0.28557196244506894,20.191875338858218,8
Tekirdag,B_coarse_masked,500,2015,11,,,10
Tekirdag,B_coarse_masked,500,2015,12,0.4818798606068593,10.346535093550635,10
Tekirdag,B_coarse_masked,500,2016,1,0.27948440382113826,-2.829673078929981,9
Tekirdag,B_coarse_masked,500,2016,2,,,8
Tekirdag,B_coarse_masked,500,2016,3,0.5826550397345652,16.986248949144077,7
Tekirdag,B_coarse_masked,500,2016,4,0.6595397628375269,23.208436374248848,9
Tekirdag,B_coarse_masked,500,2016,5,0.622433830621904,25.985199489307583,12
Tekirdag,B_coarse_masked,500,2016,6,0.5054343366486924,35.640898902347686,12
Tekirdag,B_coarse_masked,500,2016,7,0.3997998916998304,42.70293339220076,12
Tekirdag,B_coarse_masked,500,2016,8,0.2787125385675135,38.25498767419737,12
Tekirdag,B_coarse_masked,500,2016,9,0.24688838010786496,41.827781844755265,10
Tekirdag,B_coarse_masked,500,2016,10,0.23940178502862094,36.70289208702368,10
Tekirdag,B_coarse_masked,500,2016,11,0.22903734756442304,18.597740312766796,12
Tekirdag,B_coarse_masked,500,2016,12,0.2667474431080287,4.046217524435851,8
Tekirdag,B_coarse_masked,500,2017,1,0.4322430423506032,6.543181070751468,10
Tekirdag,B_coarse_masked,500,2017,2,0.33078326973438377,16.468975742595966,7
Tekirdag,B_coarse_masked,500,2017,3,0.5636492785301128,19.497832726693787,10
Tekirdag,B_coarse_masked,500,2017,4,0.5710109599299299,27.4728067311337,11
Tekirdag,B_coarse_masked,500,2017,5,0.6329769550401049,28.584242101179612,11
Tekirdag,B_coarse_masked,500,2017,6,0.5408391618561045,40.6618485242213,12
Tekirdag,B_coarse_masked,500,2017,7,0.4192909057988181,37.7081851371741,10
Tekirdag,B_coarse_masked,500,2017,8,0.41845955728019085,38.13548880636228,12
Tekirdag,B_coarse_masked,500,2017,9,0.3006200629440547,42.57231045276218,12
Tekirdag,B_coarse_masked,500,2017,10,0.27179307367259525,27.987615145623572,12
Tekirdag,B_coarse_masked,500,2017,11,0.35869963593894244,13.941774849053003,11
Tekirdag,B_coarse_masked,500,2017,12,0.5675354171300621,8.89306932592622,9
Tekirdag,B_coarse_masked,500,2018,1,0.5266813561812395,1.79347288745599,12
Tekirdag,B_coarse_masked,500,2018,2,0.5407532725438022,15.882732248352397,6
Tekirdag,B_coarse_masked,500,2018,3,0.7892843924387535,14.472795939090226,10
Tekirdag,B_coarse_masked,500,2018,4,0.6027140918385596,27.28517573125713,12
Tekirdag,B_coarse_masked,500,2018,5,,,8
Tekirdag,B_coarse_masked,500,2018,6,0.4577913717060805,35.92423047568737,12
Tekirdag,B_coarse_masked,500,2018,7,0.49082946262051375,39.111061707050474,12
Tekirdag,B_coarse_masked,500,2018,8,0.4734581264759886,37.4745041275426,12
Tekirdag,B_coarse_masked,500,2018,9,0.29490509258370967,36.49921150335366,11
Tekirdag,B_coarse_masked,500,2018,10,0.24958642642796827,27.806402374599305,8
Tekirdag,B_coarse_masked,500,2018,11,0.35942106458091805,12.6420056712617,9
Tekirdag,B_coarse_masked,500,2018,12,0.41807406802493763,2.512610454017355,6
Tekirdag,B_coarse_masked,500,2019,1,,,8
Tekirdag,B_coarse_masked,500,2019,2,0.45155955035150525,12.431715941330314,10
Tekirdag,B_coarse_masked,500,2019,3,0.48875558923190426,9.825886978867864,10
Tekirdag,B_coarse_masked,500,2019,4,0.6257351542309526,20.593438708159375,8
Tekirdag,B_coarse_masked,500,2019,5,0.6197152356767787,31.342339917804765,12
Tekirdag,B_coarse_masked,500,2019,6,0.6413989865973321,29.94746295921447,12
Tekirdag,B_coarse_masked,500,2019,7,0.45542861491620923,41.89963725407786,12
Tekirdag,B_coarse_masked,500,2019,8,0.36208757301608996,42.34340369412305,10
Tekirdag,B_coarse_masked,500,2019,9,0.28872743044249116,35.7521069006825,10
Tekirdag,B_coarse_masked,500,2019,10,0.270691379146794,25.323225993306103,12
Tekirdag,B_coarse_masked,500,2019,11,0.48048788901322925,17.74267513618486,12
Tekirdag,B_coarse_masked,500,2019,12,,,7
Tekirdag,B_coarse_masked,500,2020,1,0.5429575143548397,7.054930270156142,9
Tekirdag,B_coarse_masked,500,2020,2,,,9
Tekirdag,B_coarse_masked,500,2020,3,0.544681801149762,14.803119208348523,10
Tekirdag,B_coarse_masked,500,2020,4,0.6894800199814055,24.196498919758533,12
Tekirdag,B_coarse_masked,500,2020,5,0.6993011770451941,23.89163038910426,11
Tekirdag,B_coarse_masked,500,2020,6,0.5509014182720974,30.75477302847866,10
Tekirdag,B_coarse_masked,500,2020,7,0.503409521734776,37.3620139655869,12
Tekirdag,B_coarse_masked,500,2020,8,0.30909455471060027,35.06097650180844,10
Tekirdag,B_coarse_masked,500,2020,9,0.25601615233286956,39.89590352767263,12
Tekirdag,B_coarse_masked,500,2020,10,0.3429275413525695,26.752198746159504,12
Tekirdag,B_coarse_masked,500,2020,11,,,6
Tekirdag,B_coarse_masked,500,2020,12,,,7
Tekirdag,B_coarse_masked,500,2021,1,,,5
Tekirdag,B_coarse_masked,500,2021,2,0.49434966865048624,2.7531279390207057,11
Tekirdag,B_coarse_masked,500,2021,3,0.5056810654845528,20.2079699631012,9
Tekirdag,B_coarse_masked,500,2021,4,0.6217939643247374,20.421280897595935,10
Tekirdag,B_coarse_masked,500,2021,5,0.5895041324675152,32.97788213940656,11
Tekirdag,B_coarse_masked,500,2021,6,0.5320833092910306,35.96373330065546,9
Tekirdag,B_coarse_masked,500,2021,7,0.516769200973358,41.18194329135134,12
Tekirdag,B_coarse_masked,500,2021,8,0.36794374637547217,43.83315520145132,12
Tekirdag,B_coarse_masked,500,2021,9,0.28737197428469463,29.29694889716042,11
Tekirdag,B_coarse_masked,500,2021,10,0.24710456765118555,22.149955155724427,10
Tekirdag,B_coarse_masked,500,2021,11,0.23332263613543996,20.496179634830654,12
Tekirdag,B_coarse_masked,500,2021,12,0.3548730900730101,12.570427677745371,19
Tekirdag,B_coarse_masked,900,2013,4,,,3
Tekirdag,B_coarse_masked,900,2013,5,0.6126580356003668,33.29899689600709,8
Tekirdag,B_coarse_masked,900,2013,6,0.4635802376434662,33.406397867629636,12
Tekirdag,B_coarse_masked,900,2013,7,0.5010558163712417,36.43333217359428,12
Tekirdag,B_coarse_masked,900,2013,8,0.31288979707327236,38.699779375019425,12
Tekirdag,B_coarse_masked,900,2013,9,0.24928410800394113,37.285474256338325,8
Tekirdag,B_coarse_masked,900,2013,10,0.2466456234098906,23.235393438148527,6
Tekirdag,B_coarse_masked,900,2013,11,0.2661151703009143,19.73819355770152,10
Tekirdag,B_coarse_masked,900,2013,12,0.40265750505707476,10.95218992919635,8
Tekirdag,B_coarse_masked,900,2014,1,0.5877132481316111,13.635775089147824,10
Tekirdag,B_coarse_masked,900,2014,2,0.5642181584481054,15.11505962633886,7
Tekirdag,B_coarse_masked,900,2014,3,0.6264766533081546,23.430679818743936,7
Tekirdag,B_coarse_masked,900,2014,4,0.6383516113930353,20.807507338626536,7
Tekirdag,B_coarse_masked,900,2014,5,0.6981597573453014,23.66297835964279,11
Tekirdag,B_coarse_masked,900,2014,6,0.4004696726620055,33.61519659954745,9
Tekirdag,B_coarse_masked,900,2014,7,0.43670886651428636,38.500989351550125,12
Tekirdag,B_coarse_masked,900,2014,8,0.49335551570810315,33.85911931926405,10
Tekirdag,B_coarse_masked,900,2014,9,0.34402656226726236,32.43444960475861,12
Tekirdag,B_coarse_masked,900,2014,10,,,10
Tekirdag,B_coarse_masked,900,2014,11,,,7
Tekirdag,B_coarse_masked,900,2014,12,,,7
Tekirdag,B_coarse_masked,900,2015,1,0.3818457531117957,7.6834415719123825,10
Tekirdag,B_coarse_masked,900,2015,2,0.44649605379668833,9.401057466705547,6
Tekirdag,B_coarse_masked,900,2015,3,0.4630738508070477,12.344517958614091,11
Tekirdag,B_coarse_masked,900,2015,4,0.6832012197957749,14.787092830503683,9
Tekirdag,B_coarse_masked,900,2015,5,0.5576365872681839,36.74328362351797,12
Tekirdag,B_coarse_masked,900,2015,6,0.5257513357577133,33.67022936822839,10
Tekirdag,B_coarse_masked,900,2015,7,0.4690948031770313,41.51257882458579,12
Tekirdag,B_coarse_masked,900,2015,8,0.31372482442335686,43.743764931970595,12
Tekirdag,B_coarse_masked,900,2015,9,0.2780501833447218,31.207695387900042,11
Tekirdag,B_coarse_masked,900,2015,10,0.28567323681788215,20.18805679454391,8
Tekirdag,B_coarse_masked,900,2015,11,,,10
Tekirdag,B_coarse_masked,900,2015,12,0.4820116890637311,10.348759451508583,10
Tekirdag,B_coarse_masked,900,2016,1,0.2615916132926941,-3.2838292992767855,9
Tekirdag,B_coarse_masked,900,2016,2,,,8
Tekirdag,B_coarse_masked,900,2016,3,0.5825860369951338,16.984098166398443,7
Tekirdag,B_coarse_masked,900,2016,4,0.6598855377837672,23.206990097501716,9
Tekirdag,B_coarse_masked,900,2016,5,0.6224893442013112,25.941983008940223,12
Tekirdag,B_coarse_masked,900,2016,6,0.5055090500893986,35.63865212417161,12
Tekirdag,B_coarse_masked,900,2016,7,0.39987961217389467,42.70165121601261,12
Tekirdag,B_coarse_masked,900,2016,8,0.27868533019032593,38.253578100443626,12
Tekirdag,B_coarse_masked,900,2016,9,0.24697655347426856,41.824041755718625,10
Tekirdag,B_coarse_masked,900,2016,10,0.23946709587510173,36.70307064392462,10
Tekirdag,B_coarse_masked,900,2016,11,0.2290607239322075,18.595835451997992,12
Tekirdag,B_coarse_masked,900,2016,12,0.26665957485616926,4.047269286043015,8
Tekirdag,B_coarse_masked,900,2017,1,0.43182874483408357,6.521710318654937,10
Tekirdag,B_coarse_masked,900,2017,2,0.330747363542571,16.468036334787715,7
Tekirdag,B_coarse_masked,900,2017,3,0.565652188848942,19.5061121764553,10
Tekirdag,B_coarse_masked,900,2017,4,0.5710782332302518,27.474340048295577,11
Tekirdag,B_coarse_masked,900,2017,5,0.6331070538515957,28.581368696806976,11
Tekirdag,B_coarse_masked,900,2017,6,0.5408181497488013,40.659154657432055,12
Tekirdag,B_coarse_masked,900,2017,7,0.4194782105192872,37.70348985458031,10
Tekirdag,B_coarse_masked,900,2017,8,0.4185834070424066,38.13437593344967,12
Tekirdag,B_coarse_masked,900,2017,9,0.300730227255888,42.57061284800201,12
Tekirdag,B_coarse_masked,900,2017,10,0.27180878332453284,27.98600211347694,12
Tekirdag,B_coarse_masked,900,2017,11,0.35865231507321066,13.941796019290804,11
Tekirdag,B_coarse_masked,900,2017,12,0.567219234930276,8.888031579897415,9
Tekirdag,B_coarse_masked,900,2018,1,0.5265640838379253,1.7936095175645845,12
Tekirdag,B_coarse_masked,900,2018,2,0.5406717143083566,15.882046708541965,6
Tekirdag,B_coarse_masked,900,2018,3,0.7911148711487099,14.503783283182552,10
Tekirdag,B_coarse_masked,900,2018,4,0.6027575027367186,27.28808036088026,12
Tekirdag,B_coarse_masked,900,2018,5,,,8
Tekirdag,B_coarse_masked,900,2018,6,0.45698221944022566,35.922068470362674,12
Tekirdag,B_coarse_masked,900,2018,7,0.4907549714129902,39.079359874445274,12
Tekirdag,B_coarse_masked,900,2018,8,0.4737285602078603,37.47985847952142,12
Tekirdag,B_coarse_masked,900,2018,9,0.294914180952284,36.49877127652671,11
Tekirdag,B_coarse_masked,900,2018,10,0.24963773316130974,27.806005484533863,8
Tekirdag,B_coarse_masked,900,2018,11,0.35944271555230806,12.64391790935624,9
Tekirdag,B_coarse_masked,900,2018,12,0.4180291981353676,2.513372559629789,6
Tekirdag,B_coarse_masked,900,2019,1,,,8
Tekirdag,B_coarse_masked,900,2019,2,0.45158758685487327,12.432588750795038,10
Tekirdag,B_coarse_masked,900,2019,3,0.4889628492138278,9.830318518652216,10
Tekirdag,B_coarse_masked,900,2019,4,0.6258288321629811,20.590584398780138,8
Tekirdag,B_coarse_masked,900,2019,5,0.6199255346526499,31.33554437931297,12
Tekirdag,B_coarse_masked,900,2019,6,0.6399370488513965,29.95805806244525,12
Tekirdag,B_coarse_masked,900,2019,7,0.45542662111591936,41.89772834666394,12
Tekirdag,B_coarse_masked,900,2019,8,0.3622775729649114,42.34074231816599,10
Tekirdag,B_coarse_masked,900,2019,9,0.28843656824748637,35.753488851592266,10
Tekirdag,B_coarse_masked,900,2019,10,0.2722395090426684,25.33784887221687,12
Tekirdag,B_coarse_masked,900,2019,11,0.5683444180306355,17.84286538867488,12
Tekirdag,B_coarse_masked,900,2019,12,,,7
Tekirdag,B_coarse_masked,900,2020,1,0.5413097070770653,7.090929799322667,9
Tekirdag,B_coarse_masked,900,2020,2,,,9
Tekirdag,B_coarse_masked,900,2020,3,0.5445163365140296,14.801520796629394,10
Tekirdag,B_coarse_masked,900,2020,4,0.6605909123259076,24.31517069693148,12
Tekirdag,B_coarse_masked,900,2020,5,0.7333777888167289,23.583943925699447,11
Tekirdag,B_coarse_masked,900,2020,6,0.5509454760851694,30.75371739270809,10
Tekirdag,B_coarse_masked,900,2020,7,0.5013940488086137,37.3700040048603,12
Tekirdag,B_coarse_masked,900,2020,8,0.30917618252355167,35.055268613994926,10
Tekirdag,B_coarse_masked,900,2020,9,0.25608620411880884,39.895310159305865,12
Tekirdag,B_coarse_masked,900,2020,10,0.3410077666229936,26.75845720452233,12
Tekirdag,B_coarse_masked,900,2020,11,,,6
Tekirdag,B_coarse_masked,900,2020,12,,,7
Tekirdag,B_coarse_masked,900,2021,1,,,5
Tekirdag,B_coarse_masked,900,2021,2,0.4973657801120918,2.723835696321257,11
Tekirdag,B_coarse_masked,900,2021,3,0.5056108858155997,20.207735163938423,9
Tekirdag,B_coarse_masked,900,2021,4,0.6217402309324015,20.421670652079143,10
Tekirdag,B_coarse_masked,900,2021,5,0.5894358912469524,32.97966421234328,11
Tekirdag,B_coarse_masked,900,2021,6,0.5319346299932858,35.96351524893034,9
Tekirdag,B_coarse_masked,900,2021,7,0.5169389477526356,41.178073192133816,12
Tekirdag,B_coarse_masked,900,2021,8,0.367945893842558,43.83061268321527,12
Tekirdag,B_coarse_masked,900,2021,9,0.2889766213174528,29.23852151918852,11
Tekirdag,B_coarse_masked,900,2021,10,0.24713946800641193,22.138829434987127,10
Tekirdag,B_coarse_masked,900,2021,11,0.23339199164295027,20.492585407856524,12
Tekirdag,B_coarse_masked,900,2021,12,0.35494108972086397,12.565663420004144,19
Tekirdag,B_coarse_masked,900,2023,1,0.4867759762898854,10.813975431900454,19
Tekirdag,B_coarse_masked,900,2023,2,0.48756861559214326,13.126090511039546,18
Tekirdag,B_coarse_masked,900,2023,3,0.7241450678441943,21.143060459182717,16
Tekirdag,B_coarse_masked,900,2023,4,0.6723575184894618,17.808279745651383,17
Tekirdag,B_coarse_masked,900,2023,5,0.8303563775586303,23.80387310935536,21
Tekirdag,B_coarse_masked,900,2023,6,0.4543493136017584,38.692124717694675,20
Tekirdag,B_coarse_masked,900,2023,7,0.4422458949228229,40.947264204294896,22
Tekirdag,B_coarse_masked,900,2023,8,0.33152145355524404,42.75893463354482,24
Tekirdag,B_coarse_masked,900,2023,9,0.26463118833190225,35.680076269695846,23
Tekirdag,B_coarse_masked,900,2023,10,0.23725118904584225,32.90304493212926,24
Tekirdag,B_coarse_masked,900,2023,11,0.2639132309521389,16.961389251885826,20
Tekirdag,B_coarse_masked,900,2023,12,0.42095913955595643,10.73777314492065,11
Tekirdag,B_coarse_masked,900,2024,1,0.4570014797712487,10.08548863239154,13
Tekirdag,B_coarse_masked,900,2024,2,0.5508352680392097,10.404620502087067,21
Tekirdag,B_coarse_masked,900,2024,3,0.6484371423721313,17.765542281193987,18
Tekirdag,B_coarse_masked,900,2024,4,0.6615343395128286,27.214123814082274,19
Tekirdag,B_coarse_masked,900,2024,5,0.6145553653340909,23.364694942500513,19
Tekirdag,B_coarse_masked,900,2024,6,0.5396118760108948,39.20090962239438,22
Tekirdag,B_coarse_masked,900,2024,7,0.40452305803189825,42.48074438234231,24
Tekirdag,B_coarse_masked,900,2024,8,0.33322899471359074,44.83037117744067,24
Tekirdag,B_coarse_masked,900,2024,9,0.25802435277916386,39.16669142248079,22
Tekirdag,B_coarse_masked,900,2024,10,0.25319375519616116,28.78689415667034,22
Tekirdag,B_coarse_masked,900,2024,11,0.24603935618013223,13.93454087554154,16
Tekirdag,B_coarse_masked,900,2024,12,0.29228217560493186,14.931201407222796,11
Tekirdag,C_coarse_unmasked,250,2013,4,,,3
Tekirdag,C_coarse_unmasked,250,2013,5,0.6266823247277866,32.849953795714406,8
Tekirdag,C_coarse_unmasked,250,2013,6,0.501913812118157,33.12304133322544,12
Tekirdag,C_coarse_unmasked,250,2013,7,0.5483548672851337,35.61611311295481,12
Tekirdag,C_coarse_unmasked,250,2013,8,0.3728777769187457,37.924749704353616,12
Tekirdag,C_coarse_unmasked,250,2013,9,0.31237450247585685,35.99558435320014,8
Tekirdag,C_coarse_unmasked,250,2013,10,0.34737287150695456,22.588083016453897,6
Tekirdag,C_coarse_unmasked,250,2013,11,0.32379775647029213,19.23212723704306,10
Tekirdag,C_coarse_unmasked,250,2013,12,0.45032794413921556,11.04383626176258,8
Tekirdag,C_coarse_unmasked,250,2014,1,0.6026039182020465,13.46472127785692,10
Tekirdag,C_coarse_unmasked,250,2014,2,0.6016440142813322,15.111322113950612,7
Tekirdag,C_coarse_unmasked,250,2014,3,0.5999536699496286,23.271965409644572,7
Tekirdag,C_coarse_unmasked,250,2014,4,0.6342198924572713,20.624548047188945,7
Tekirdag,C_coarse_unmasked,250,2014,5,0.698284992442392,23.422488492884394,11
Tekirdag,C_coarse_unmasked,250,2014,6,0.45882347797527595,32.9671340366025,9
Tekirdag,C_coarse_unmasked,250,2014,7,0.4828811580123282,38.04812022388093,12
Tekirdag,C_coarse_unmasked,250,2014,8,0.5235069876481481,33.416982892865725,10
Tekirdag,C_coarse_unmasked,250,2014,9,0.4049584489848117,31.998599729751763,12
Tekirdag,C_coarse_unmasked,250,2014,10,,,10
Tekirdag,C_coarse_unmasked,250,2014,11,,,7
Tekirdag,C_coarse_unmasked,250,2014,12,,,7
Tekirdag,C_coarse_unmasked,250,2015,1,0.3912483200513865,7.547805089980488,10
Tekirdag,C_coarse_unmasked,250,2015,2,0.4312246607831368,9.39201482175163,6
Tekirdag,C_coarse_unmasked,250,2015,3,0.4680854819643051,12.12360918244778,11
Tekirdag,C_coarse_unmasked,250,2015,4,0.6789144814232035,14.77556431598512,9
Tekirdag,C_coarse_unmasked,250,2015,5,0.8339033126831055,29.040931776157052,12
Tekirdag,C_coarse_unmasked,250,2015,6,0.5357511599845427,33.20602426246071,10
Tekirdag,C_coarse_unmasked,250,2015,7,0.5011721040253245,40.712072670032946,12
Tekirdag,C_coarse_unmasked,250,2015,8,0.3719257642406781,42.56504571834509,12
Tekirdag,C_coarse_unmasked,250,2015,9,0.28897029482202363,31.00516915741568,11
Tekirdag,C_coarse_unmasked,250,2015,10,0.3333061678263576,19.86121884616643,8
Tekirdag,C_coarse_unmasked,250,2015,11,,,10
Tekirdag,C_coarse_unmasked,250,2015,12,0.48998399840456347,10.061070488246548,10
Tekirdag,C_coarse_unmasked,250,2016,1,0.3154979404828494,1.7841659377858234,9
Tekirdag,C_coarse_unmasked,250,2016,2,,,8
Tekirdag,C_coarse_unmasked,250,2016,3,0.5718024544753593,16.864939025470903,7
Tekirdag,C_coarse_unmasked,250,2016,4,0.6709479710195868,23.455433822668354,9
Tekirdag,C_coarse_unmasked,250,2016,5,0.6373669823184634,25.477464431551823,12
Tekirdag,C_coarse_unmasked,250,2016,6,0.5368986193258491,35.28470454497443,12
Tekirdag,C_coarse_unmasked,250,2016,7,0.4468349220162703,41.80758320515244,12
Tekirdag,C_coarse_unmasked,250,2016,8,0.3403723591477417,37.46194458212687,12
Tekirdag,C_coarse_unmasked,250,2016,9,0.30568581722735316,40.539763622272076,10
Tekirdag,C_coarse_unmasked,250,2016,10,0.3014429218331924,35.70879650191689,10
Tekirdag,C_coarse_unmasked,250,2016,11,0.2776772998015417,17.967925942188838,12
Tekirdag,C_coarse_unmasked,250,2016,12,0.2764653874797879,3.9487542967283886,8
Tekirdag,C_coarse_unmasked,250,2017,1,0.5718216656694256,5.669175100754583,10
Tekirdag,C_coarse_unmasked,250,2017,2,0.334110897643891,16.34143429971367,7
Tekirdag,C_coarse_unmasked,250,2017,3,0.5214137125239766,19.15236695542109,10
Tekirdag,C_coarse_unmasked,250,2017,4,0.5798323292406322,27.02724690932687,11
Tekirdag,C_coarse_unmasked,250,2017,5,0.6458498851915025,28.287595712558208,11
Tekirdag,C_coarse_unmasked,250,2017,6,0.5575336668340254,40.349949637901425,12
Tekirdag,C_coarse_unmasked,250,2017,7,0.4580105187692403,37.10564220923206,10
Tekirdag,C_coarse_unmasked,250,2017,8,0.46683484350666393,37.51227089440209,12
Tekirdag,C_coarse_unmasked,250,2017,9,0.36947312450687825,41.19455956777485,12
Tekirdag,C_coarse_unmasked,250,2017,10,0.3441216801153077,27.085234987411837,12
Tekirdag,C_coarse_unmasked,250,2017,11,0.39448641228207315,13.627097510368753,11
Tekirdag,C_coarse_unmasked,250,2017,12,0.5556316368894162,8.568440060529259,9
Tekirdag,C_coarse_unmasked,250,2018,1,0.5159431669795901,1.8881310095981685,12
Tekirdag,C_coarse_unmasked,250,2018,2,0.5289273976331514,15.708184783039329,6
Tekirdag,C_coarse_unmasked,250,2018,3,0.776630469163259,14.666161029097212,10
Tekirdag,C_coarse_unmasked,250,2018,4,0.6139783777284937,26.66630060531632,12
Tekirdag,C_coarse_unmasked,250,2018,5,,,8
Tekirdag,C_coarse_unmasked,250,2018,6,0.4831716077648112,35.40206214500991,12
Tekirdag,C_coarse_unmasked,250,2018,7,0.5248179286316286,38.73956724098279,12
Tekirdag,C_coarse_unmasked,250,2018,8,0.5120826603910558,36.79143271872408,12
Tekirdag,C_coarse_unmasked,250,2018,9,0.33702029258126187,35.59492222620233,11
Tekirdag,C_coarse_unmasked,250,2018,10,0.32145073874242325,27.08266784017107,8
Tekirdag,C_coarse_unmasked,250,2018,11,0.39214903188069344,12.459382173794282,9
Tekirdag,C_coarse_unmasked,250,2018,12,0.425044712860994,2.560489127908075,6
Tekirdag,C_coarse_unmasked,250,2019,1,,,8
Tekirdag,C_coarse_unmasked,250,2019,2,0.4419478096397508,12.292844182621918,10
Tekirdag,C_coarse_unmasked,250,2019,3,0.48838676222844374,9.879355594559645,10
Tekirdag,C_coarse_unmasked,250,2019,4,0.6018849890703414,20.520965058922386,8
Tekirdag,C_coarse_unmasked,250,2019,5,0.6312358036204139,30.68428060411364,12
Tekirdag,C_coarse_unmasked,250,2019,6,0.7327692555900724,29.094683861070745,12
Tekirdag,C_coarse_unmasked,250,2019,7,0.49174122892324207,40.9945199095513,12
Tekirdag,C_coarse_unmasked,250,2019,8,0.4172693780178414,41.212617343562776,10
Tekirdag,C_coarse_unmasked,250,2019,9,0.3823609697405903,34.68224338856888,10
Tekirdag,C_coarse_unmasked,250,2019,10,0.37970293325054105,24.79650388481739,12
Tekirdag,C_coarse_unmasked,250,2019,11,0.7522438392043114,17.73180775216536,12
Tekirdag,C_coarse_unmasked,250,2019,12,,,7
Tekirdag,C_coarse_unmasked,250,2020,1,0.5377037735840942,6.641440107920835,9
Tekirdag,C_coarse_unmasked,250,2020,2,,,9
Tekirdag,C_coarse_unmasked,250,2020,3,0.5173475970273594,14.555408395740566,10
Tekirdag,C_coarse_unmasked,250,2020,4,0.7127918009613823,23.90366874250895,12
Tekirdag,C_coarse_unmasked,250,2020,5,0.6663687151206594,24.03219280623155,11
Tekirdag,C_coarse_unmasked,250,2020,6,0.5840603635232331,30.29550444950027,10
Tekirdag,C_coarse_unmasked,250,2020,7,0.5856050288136331,36.42326380961889,12
Tekirdag,C_coarse_unmasked,250,2020,8,0.4109569388584505,34.38149552173923,10
Tekirdag,C_coarse_unmasked,250,2020,9,0.32373395052827547,38.829718583464,12
Tekirdag,C_coarse_unmasked,250,2020,10,0.3551571821204474,25.17686822430044,12
Tekirdag,C_coarse_unmasked,250,2020,11,,,6
Tekirdag,C_coarse_unmasked,250,2020,12,,,7
Tekirdag,C_coarse_unmasked,250,2021,1,,,5
Tekirdag,C_coarse_unmasked,250,2021,2,0.45304974071695164,2.446649044062548,11
Tekirdag,C_coarse_unmasked,250,2021,3,0.4997711098379009,19.850918902578215,9
Tekirdag,C_coarse_unmasked,250,2021,4,0.6109250376151155,20.31394210180777,10
Tekirdag,C_coarse_unmasked,250,2021,5,0.6146959673309498,32.601944476530555,11
Tekirdag,C_coarse_unmasked,250,2021,6,0.5718191795816102,35.255412883481576,9
Tekirdag,C_coarse_unmasked,250,2021,7,0.544628949347069,40.48209243781927,12
Tekirdag,C_coarse_unmasked,250,2021,8,0.4205854308409231,42.809976577227374,12
Tekirdag,C_coarse_unmasked,250,2021,9,0.43772501936156466,27.79539354916561,11
Tekirdag,C_coarse_unmasked,250,2021,10,0.2972379877188574,21.432419680379873,10
Tekirdag,C_coarse_unmasked,250,2021,11,0.2867967290720169,19.70382580538255,12
Tekirdag,C_coarse_unmasked,250,2021,12,0.37832231121359067,12.708471225181173,19
Tekirdag,C_coarse_unmasked,250,2022,1,0.47484300423551473,4.683368785769954,17
Tekirdag,C_coarse_unmasked,250,2022,2,0.39325305797286236,7.829634828457258,18
Tekirdag,C_coarse_unmasked,250,2022,3,0.41298144663636144,19.940234644424493,15
Tekirdag,C_coarse_unmasked,250,2022,4,0.6385826353614438,27.727669744419916,18
Tekirdag,C_coarse_unmasked,250,2022,5,0.6560098376673614,30.488682048010816,20
Tekirdag,C_coarse_unmasked,250,2022,6,0.5881064688775093,32.641939261711165,22
Tekirdag,C_coarse_unmasked,250,2022,7,0.5129896295569514,39.43772236687728,24
Tekirdag,C_coarse_unmasked,250,2022,8,0.42007342515016416,36.008806320192726,22
Tekirdag,C_coarse_unmasked,250,2022,9,0.35772054358113625,35.24835084676484,20
Tekirdag,C_coarse_unmasked,250,2022,10,0.34387724502142125,29.828243417945945,23
Tekirdag,C_coarse_unmasked,250,2022,11,0.3253492228130188,20.593850395299345,23
Tekirdag,C_coarse_unmasked,250,2022,12,0.37072347175539566,10.111190384787394,17
Tekirdag,C_coarse_unmasked,250,2023,1,0.4856439536473206,10.743279746741798,19
Tekirdag,C_coarse_unmasked,250,2023,2,0.4892841044054431,12.156702389513761,18
Tekirdag,C_coarse_unmasked,250,2023,3,0.7245957110532877,20.95818418403586,16
Tekirdag,C_coarse_unmasked,250,2023,4,0.6716779974069041,17.90687501720968,17
Tekirdag,C_coarse_unmasked,250,2023,5,0.8325554752353056,23.369097404106686,21
Tekirdag,C_coarse_unmasked,250,2023,6,0.5073900303146579,37.59864896979517,20
Tekirdag,C_coarse_unmasked,250,2023,7,0.48172276734098485,40.17740624977385,22
Tekirdag,C_coarse_unmasked,250,2023,8,0.38645370849067057,41.90582153380951,24
Tekirdag,C_coarse_unmasked,250,2023,9,0.328474338866685,34.905539425659285,23
Tekirdag,C_coarse_unmasked,250,2023,10,0.2976308003240013,31.94507166679899,24
Tekirdag,C_coarse_unmasked,250,2023,11,0.3505196501231704,16.889314037400744,20
Tekirdag,C_coarse_unmasked,250,2023,12,0.49347858442816617,10.895388583348717,11
Tekirdag,C_coarse_unmasked,250,2024,1,0.44909810709648834,9.805304147281165,13
Tekirdag,C_coarse_unmasked,250,2024,2,0.5745402446957336,10.297725780528493,21
Tekirdag,C_coarse_unmasked,250,2024,3,0.6321786209577467,18.29326372495169,18
Tekirdag,C_coarse_unmasked,250,2024,4,0.6824174093105906,26.901390978041483,19
Tekirdag,C_coarse_unmasked,250,2024,5,0.6755442239295545,22.545536116605085,19
Tekirdag,C_coarse_unmasked,250,2024,6,0.5240907628098906,38.75823711927995,22
Tekirdag,C_coarse_unmasked,250,2024,7,0.4587614360202309,41.56072037042153,24
Tekirdag,C_coarse_unmasked,250,2024,8,0.38284894666761077,43.68335364699976,24
Tekirdag,C_coarse_unmasked,250,2024,9,0.31982378497154135,37.987556985481454,22
Tekirdag,C_coarse_unmasked,250,2024,10,0.32297758945352534,27.73155737183206,22
Tekirdag,C_coarse_unmasked,250,2024,11,0.2867148069511544,13.733775043482586,16
Tekirdag,C_coarse_unmasked,250,2024,12,0.32533156483346026,14.645143906966924,11
Tekirdag,C_coarse_unmasked,500,2013,4,,,3
Tekirdag,C_coarse_unmasked,500,2013,5,0.6262107465692012,32.88148883341815,8
Tekirdag,C_coarse_unmasked,500,2013,6,0.5018865736751801,33.11983639293886,12
Tekirdag,C_coarse_unmasked,500,2013,7,0.547801337999295,35.60777819345789,12
Tekirdag,C_coarse_unmasked,500,2013,8,0.3726004600684117,37.91617330679039,12
Tekirdag,C_coarse_unmasked,500,2013,9,0.3121782342592679,35.99100286627808,8
Tekirdag,C_coarse_unmasked,500,2013,10,0.34888495157947,22.578335159929956,6
Tekirdag,C_coarse_unmasked,500,2013,11,0.32358884909611485,19.231029789819267,10
Tekirdag,C_coarse_unmasked,500,2013,12,0.440212720183153,11.08169407978804,8
Tekirdag,C_coarse_unmasked,500,2014,1,0.6270093850420612,13.41509009077706,10
Tekirdag,C_coarse_unmasked,500,2014,2,0.5890581202432974,15.094202355531001,7
Tekirdag,C_coarse_unmasked,500,2014,3,0.5997883334544817,23.265822985667583,7
Tekirdag,C_coarse_unmasked,500,2014,4,0.6340247577385317,20.620938265018452,7
Tekirdag,C_coarse_unmasked,500,2014,5,0.6971868248977567,23.41543113632605,11
Tekirdag,C_coarse_unmasked,500,2014,6,0.45866584215496753,32.96400655570136,9
Tekirdag,C_coarse_unmasked,500,2014,7,0.4826622001002835,38.04088309761355,12
Tekirdag,C_coarse_unmasked,500,2014,8,0.5231464480113313,33.41331208866737,10
Tekirdag,C_coarse_unmasked,500,2014,9,0.4047581069938197,31.99646327040837,12
Tekirdag,C_coarse_unmasked,500,2014,10,,,10
Tekirdag,C_coarse_unmasked,500,2014,11,,,7
Tekirdag,C_coarse_unmasked,500,2014,12,,,7
Tekirdag,C_coarse_unmasked,500,2015,1,0.3911438444706981,7.547985394605739,10
Tekirdag,C_coarse_unmasked,500,2015,2,0.4312275834170962,9.390772175410783,6
Tekirdag,C_coarse_unmasked,500,2015,3,0.46818541167090494,12.125255347097806,11
Tekirdag,C_coarse_unmasked,500,2015,4,0.6765417259898212,14.7644511857933,9
Tekirdag,C_coarse_unmasked,500,2015,5,0.8339033126831055,29.037112172283415,12
Tekirdag,C_coarse_unmasked,500,2015,6,0.5352481000490366,33.196906735635565,10
Tekirdag,C_coarse_unmasked,500,2015,7,0.500961270956931,40.70638572654182,12
Tekirdag,C_coarse_unmasked,500,2015,8,0.3717981312032677,42.55962058256874,12
Tekirdag,C_coarse_unmasked,500,2015,9,0.2887842598580821,30.99162596504383,11
Tekirdag,C_coarse_unmasked,500,2015,10,0.33331104322986516,19.85987565772124,8
Tekirdag,C_coarse_unmasked,500,2015,11,,,10
Tekirdag,C_coarse_unmasked,500,2015,12,0.4900171713374034,10.059932869764763,10
Tekirdag,C_coarse_unmasked,500,2016,1,0.26582577205455765,2.2236766652021984,9
Tekirdag,C_coarse_unmasked,500,2016,2,,,8
Tekirdag,C_coarse_unmasked,500,2016,3,0.5717975502805485,16.86359505933109,7
Tekirdag,C_coarse_unmasked,500,2016,4,0.6704109369382792,23.4571104498094,9
Tekirdag,C_coarse_unmasked,500,2016,5,0.6372076507510083,25.459953930505844,12
Tekirdag,C_coarse_unmasked,500,2016,6,0.5366841045416094,35.27938847322149,12
Tekirdag,C_coarse_unmasked,500,2016,7,0.4466133852375251,41.80170688329541,12
Tekirdag,C_coarse_unmasked,500,2016,8,0.3402990439118261,37.45032767582152,12
Tekirdag,C_coarse_unmasked,500,2016,9,0.30546756307460904,40.53275627004129,10
Tekirdag,C_coarse_unmasked,500,2016,10,0.3012820367262626,35.70310512396475,10
Tekirdag,C_coarse_unmasked,500,2016,11,0.2775018840937231,17.966953785323586,12
Tekirdag,C_coarse_unmasked,500,2016,12,0.27632478112856407,3.9508445037919935,8
Tekirdag,C_coarse_unmasked,500,2017,1,0.5717426868171869,5.663834583189863,10
Tekirdag,C_coarse_unmasked,500,2017,2,0.3339545144571792,16.33870764511852,7
Tekirdag,C_coarse_unmasked,500,2017,3,0.5215596131281767,19.148267054334326,10
Tekirdag,C_coarse_unmasked,500,2017,4,0.5797107017524594,27.021489303839207,11
Tekirdag,C_coarse_unmasked,500,2017,5,0.6457310459772275,28.28428746331115,11
Tekirdag,C_coarse_unmasked,500,2017,6,0.5573252403379306,40.344805579484216,12
Tekirdag,C_coarse_unmasked,500,2017,7,0.45762354333919486,37.0988830980496,10
Tekirdag,C_coarse_unmasked,500,2017,8,0.46651989964321794,37.506277024092185,12
Tekirdag,C_coarse_unmasked,500,2017,9,0.3693005886994747,41.18851086015596,12
Tekirdag,C_coarse_unmasked,500,2017,10,0.34398859826507705,27.08312089164588,12
Tekirdag,C_coarse_unmasked,500,2017,11,0.39432694973649624,13.627064122505992,11
Tekirdag,C_coarse_unmasked,500,2017,12,0.5553004208897001,8.570932375121586,9
Tekirdag,C_coarse_unmasked,500,2018,1,0.5156961020036969,1.890521627782897,12
Tekirdag,C_coarse_unmasked,500,2018,2,0.5288444478439291,15.70581722716527,6
Tekirdag,C_coarse_unmasked,500,2018,3,0.7757721040092529,14.673481831084906,10
Tekirdag,C_coarse_unmasked,500,2018,4,0.6137257070827007,26.664118067099256,12
Tekirdag,C_coarse_unmasked,500,2018,5,,,8
Tekirdag,C_coarse_unmasked,500,2018,6,0.48285471396483975,35.395332740374,12
Tekirdag,C_coarse_unmasked,500,2018,7,0.5247656009690919,38.729825605434506,12
Tekirdag,C_coarse_unmasked,500,2018,8,0.5118087817899685,36.78259001572083,12
Tekirdag,C_coarse_unmasked,500,2018,9,0.3365443769178873,35.57821770088565,11
Tekirdag,C_coarse_unmasked,500,2018,10,0.32137876651204994,27.07902571306206,8
Tekirdag,C_coarse_unmasked,500,2018,11,0.3920234212455952,12.459383843884925,9
Tekirdag,C_coarse_unmasked,500,2018,12,0.42481113268162124,2.5621869713838277,6
Tekirdag,C_coarse_unmasked,500,2019,1,,,8
Tekirdag,C_coarse_unmasked,500,2019,2,0.44159098198363667,12.289797589961903,10
Tekirdag,C_coarse_unmasked,500,2019,3,0.4884358709322298,9.878336197400094,10
Tekirdag,C_coarse_unmasked,500,2019,4,0.6016441365160641,20.515000899542404,8
Tekirdag,C_coarse_unmasked,500,2019,5,0.6309809368731019,30.679600079324445,12
Tekirdag,C_coarse_unmasked,500,2019,6,0.7324518821084395,29.086075419285052,12
Tekirdag,C_coarse_unmasked,500,2019,7,0.4915804046801887,40.989773293513736,12
Tekirdag,C_coarse_unmasked,500,2019,8,0.4170782879275288,41.20765282702952,10
Tekirdag,C_coarse_unmasked,500,2019,9,0.3821008438420333,34.668966618007545,10
Tekirdag,C_coarse_unmasked,500,2019,10,0.3791838389933289,24.805989075049304,12
Tekirdag,C_coarse_unmasked,500,2019,11,0.48048788901322925,17.695071864972757,12
Tekirdag,C_coarse_unmasked,500,2019,12,,,7
Tekirdag,C_coarse_unmasked,500,2020,1,0.5350335056302352,6.6611509105699085,9
Tekirdag,C_coarse_unmasked,500,2020,2,,,9
Tekirdag,C_coarse_unmasked,500,2020,3,0.5167358433059848,14.553955837672587,10
Tekirdag,C_coarse_unmasked,500,2020,4,0.6877408566512588,23.988416508771166,12
Tekirdag,C_coarse_unmasked,500,2020,5,0.6854068231475247,23.920649779330034,11
Tekirdag,C_coarse_unmasked,500,2020,6,0.5837138254379011,30.285231669283025,10
Tekirdag,C_coarse_unmasked,500,2020,7,0.5857766512424969,36.41410658604961,12
Tekirdag,C_coarse_unmasked,500,2020,8,0.41105727133278414,34.376008462345766,10
Tekirdag,C_coarse_unmasked,500,2020,9,0.32360205355209315,38.824040081181536,12
Tekirdag,C_coarse_unmasked,500,2020,10,0.35762103129300243,25.229930002335635,12
Tekirdag,C_coarse_unmasked,500,2020,11,,,6
Tekirdag,C_coarse_unmasked,500,2020,12,,,7
Tekirdag,C_coarse_unmasked,500,2021,1,,,5
Tekirdag,C_coarse_unmasked,500,2021,2,0.4513781911041638,2.503443471447792,11
Tekirdag,C_coarse_unmasked,500,2021,3,0.4995182159967669,19.847234723778122,9
Tekirdag,C_coarse_unmasked,500,2021,4,0.6108075073631106,20.3081910018022,10
Tekirdag,C_coarse_unmasked,500,2021,5,0.6144982858822882,32.59703703651158,11
Tekirdag,C_coarse_unmasked,500,2021,6,0.571697531739225,35.25083227854624,9
Tekirdag,C_coarse_unmasked,500,2021,7,0.5444381049135771,40.475459583311405,12
Tekirdag,C_coarse_unmasked,500,2021,8,0.42034592286140465,42.80469907029921,12
Tekirdag,C_coarse_unmasked,500,2021,9,0.437329859104742,27.7745554019658,11
Tekirdag,C_coarse_unmasked,500,2021,10,0.2970332270351559,21.424276099014683,10
Tekirdag,C_coarse_unmasked,500,2021,11,0.2867205627119358,19.701978290111562,12
Tekirdag,C_coarse_unmasked,500,2021,12,0.37823636209629097,12.706929776781653,19
Tekirdag,C_coarse_unmasked,500,2022,1,0.4739436982199549,4.68129571418221,17
Tekirdag,C_coarse_unmasked,500,2022,2,0.3985185921192169,8.41119524418271,18
Tekirdag,C_coarse_unmasked,500,2022,3,0.4129385095648503,19.936199441686373,15
Tekirdag,C_coarse_unmasked,500,2022,4,0.6200251448278625,27.74600914776314,18
Tekirdag,C_coarse_unmasked,500,2022,5,0.6547766709996161,30.529158800169576,20
Tekirdag,C_coarse_unmasked,500,2022,6,0.5878380276554621,32.675262472024954,22
Tekirdag,C_coarse_unmasked,500,2022,7,0.5127650299763877,39.43255970171139,24
Tekirdag,C_coarse_unmasked,500,2022,8,0.4199789225260697,35.995442708197984,22
Tekirdag,C_coarse_unmasked,500,2022,9,0.35745196223680353,35.06136500485538,20
Tekirdag,C_coarse_unmasked,500,2022,10,0.34365897390702105,29.821168925780505,23
Tekirdag,C_coarse_unmasked,500,2022,11,0.3249206985214296,20.58901924974812,23
Tekirdag,C_coarse_unmasked,500,2022,12,0.3705878364178836,10.109503479003237,17
Tekirdag,C_coarse_unmasked,500,2023,1,0.48555373978229904,10.72719940494487,19
Tekirdag,C_coarse_unmasked,500,2023,2,0.48950024176038764,12.62707919204936,18
Tekirdag,C_coarse_unmasked,500,2023,3,0.722264960801332,20.95690792670381,16
Tekirdag,C_coarse_unmasked,500,2023,4,0.6715196562130359,17.8845018594236,17
Tekirdag,C_coarse_unmasked,500,2023,5,0.8347799170420368,23.35223294410363,21
Tekirdag,C_coarse_unmasked,500,2023,6,0.5071299958150057,37.5917734633455,20
Tekirdag,C_coarse_unmasked,500,2023,7,0.48162731727289826,40.17207324787009,22
Tekirdag,C_coarse_unmasked,500,2023,8,0.38632067987324786,41.89557207253065,24
Tekirdag,C_coarse_unmasked,500,2023,9,0.32815590131530525,34.89318391457758,23
Tekirdag,C_coarse_unmasked,500,2023,10,0.2974920501513632,31.939057344996783,24
Tekirdag,C_coarse_unmasked,500,2023,11,0.3502622597237933,16.897188181081198,20
Tekirdag,C_coarse_unmasked,500,2023,12,0.450231952146745,10.81516632834951,11
Tekirdag,C_coarse_unmasked,500,2024,1,0.4490176188283115,9.793450134765864,13
Tekirdag,C_coarse_unmasked,500,2024,2,0.5416695617125379,10.310867352213522,21
Tekirdag,C_coarse_unmasked,500,2024,3,0.6713309243873314,17.70263269335656,18
Tekirdag,C_coarse_unmasked,500,2024,4,0.6803139328790548,26.898608618660926,19
Tekirdag,C_coarse_unmasked,500,2024,5,0.6760501537640882,22.734256837585445,19
Tekirdag,C_coarse_unmasked,500,2024,6,0.5239272231510544,38.90609043837323,22
Tekirdag,C_coarse_unmasked,500,2024,7,0.45847532509980643,41.801308014292744,24
Tekirdag,C_coarse_unmasked,500,2024,8,0.3826440134096033,43.672497233065705,24
Tekirdag,C_coarse_unmasked,500,2024,9,0.31966494131361567,37.97932681641867,22
Tekirdag,C_coarse_unmasked,500,2024,10,0.32291162647333194,27.777132428242968,22
Tekirdag,C_coarse_unmasked,500,2024,11,0.28653510764638634,13.731565183918292,16
Tekirdag,C_coarse_unmasked,500,2024,12,0.32511782247213367,14.643526759990873,11
Tekirdag,C_coarse_unmasked,900,2013,4,,,3
Tekirdag,C_coarse_unmasked,900,2013,5,0.6252506261709738,32.83689626778657,8
Tekirdag,C_coarse_unmasked,900,2013,6,0.5018377321485579,33.1084007784811,12
Tekirdag,C_coarse_unmasked,900,2013,7,0.5472880929566493,35.5947622348105,12
Tekirdag,C_coarse_unmasked,900,2013,8,0.3719457980558237,37.896945743856676,12
Tekirdag,C_coarse_unmasked,900,2013,9,0.31201080316840246,35.977121317481135,8
Tekirdag,C_coarse_unmasked,900,2013,10,0.35136363861318115,22.5745792993883,6
Tekirdag,C_coarse_unmasked,900,2013,11,0.3233445141625095,19.225794352635234,10
Tekirdag,C_coarse_unmasked,900,2013,12,0.4273181214228801,10.92440416041984,8
Tekirdag,C_coarse_unmasked,900,2014,1,0.5998619308838479,13.417644186282441,10
Tekirdag,C_coarse_unmasked,900,2014,2,0.5562341625975296,15.029363297007917,7
Tekirdag,C_coarse_unmasked,900,2014,3,0.5993142550840657,23.251827568808153,7
Tekirdag,C_coarse_unmasked,900,2014,4,0.6332751116357628,20.606979882415803,7
Tekirdag,C_coarse_unmasked,900,2014,5,0.6980153650524541,23.394859566502657,11
Tekirdag,C_coarse_unmasked,900,2014,6,0.4587166486838098,32.95489560806608,9
Tekirdag,C_coarse_unmasked,900,2014,7,0.48234901369489436,37.985009620332384,12
Tekirdag,C_coarse_unmasked,900,2014,8,0.5226945962091046,33.40539078868909,10
Tekirdag,C_coarse_unmasked,900,2014,9,0.40451444821792976,31.98700583343591,12
Tekirdag,C_coarse_unmasked,900,2014,10,,,10
Tekirdag,C_coarse_unmasked,900,2014,11,,,7
Tekirdag,C_coarse_unmasked,900,2014,12,,,7
Tekirdag,C_coarse_unmasked,900,2015,1,0.39101739711582895,7.546997119847784,10
Tekirdag,C_coarse_unmasked,900,2015,2,0.43124441407024583,9.390567806571527,6
Tekirdag,C_coarse_unmasked,900,2015,3,0.46812884366858404,12.127665128387008,11
Tekirdag,C_coarse_unmasked,900,2015,4,0.6784847769701836,14.713657855210997,9
Tekirdag,C_coarse_unmasked,900,2015,5,0.8339033126831055,29.02635291946784,12
Tekirdag,C_coarse_unmasked,900,2015,6,0.5338660938869165,33.168785275855605,10
Tekirdag,C_coarse_unmasked,900,2015,7,0.5006235744550797,40.68953339778021,12
Tekirdag,C_coarse_unmasked,900,2015,8,0.3715899331602033,42.54327164212346,12
Tekirdag,C_coarse_unmasked,900,2015,9,0.2890869771712538,30.958807419580182,11
Tekirdag,C_coarse_unmasked,900,2015,10,0.33322050137321085,19.851695354806438,8
Tekirdag,C_coarse_unmasked,900,2015,11,,,10
Tekirdag,C_coarse_unmasked,900,2015,12,0.4899464366078366,10.058576486813976,10
Tekirdag,C_coarse_unmasked,900,2016,1,0.19626135433817876,2.992471148495583,9
Tekirdag,C_coarse_unmasked,900,2016,2,,,8
Tekirdag,C_coarse_unmasked,900,2016,3,0.57158483834431,16.86290441369683,7
Tekirdag,C_coarse_unmasked,900,2016,4,0.669957620020763,23.43660169361358,9
Tekirdag,C_coarse_unmasked,900,2016,5,0.636900686105924,25.41514878215863,12
Tekirdag,C_coarse_unmasked,900,2016,6,0.5362545675035328,35.262864000094915,12
Tekirdag,C_coarse_unmasked,900,2016,7,0.44632441287239843,41.783178516819405,12
Tekirdag,C_coarse_unmasked,900,2016,8,0.3402736512565063,37.43216986024514,12
Tekirdag,C_coarse_unmasked,900,2016,9,0.30508320655067367,40.51556548988151,10
Tekirdag,C_coarse_unmasked,900,2016,10,0.30117461400037243,35.688803258386216,10
Tekirdag,C_coarse_unmasked,900,2016,11,0.27737377527350193,17.96337207174789,12
Tekirdag,C_coarse_unmasked,900,2016,12,0.27619244810238475,3.9532199913094934,8
Tekirdag,C_coarse_unmasked,900,2017,1,0.5695519427553218,5.657516109137735,10
Tekirdag,C_coarse_unmasked,900,2017,2,0.3336414901780592,16.329819015848837,7
Tekirdag,C_coarse_unmasked,900,2017,3,0.5228652913056449,19.15528337665315,10
Tekirdag,C_coarse_unmasked,900,2017,4,0.5794255805178811,27.006537965270088,11
Tekirdag,C_coarse_unmasked,900,2017,5,0.6455312060407548,28.2703835873125,11
Tekirdag,C_coarse_unmasked,900,2017,6,0.556947862226337,40.322362541188504,12
Tekirdag,C_coarse_unmasked,900,2017,7,0.45697163872182184,37.07614229480506,10
Tekirdag,C_coarse_unmasked,900,2017,8,0.4659561864383626,37.489229241289365,12
Tekirdag,C_coarse_unmasked,900,2017,9,0.36924781204684987,41.17303377391534,12
Tekirdag,C_coarse_unmasked,900,2017,10,0.3439090403971911,27.07671866492252,12
Tekirdag,C_coarse_unmasked,900,2017,11,0.39404340776417696,13.627115512808807,11
Tekirdag,C_coarse_unmasked,900,2017,12,0.5542832972132751,8.57946469556042,9
Tekirdag,C_coarse_unmasked,900,2018,1,0.5152301034809642,1.896258838985292,12
Tekirdag,C_coarse_unmasked,900,2018,2,0.5285583470266382,15.699330403287718,6
Tekirdag,C_coarse_unmasked,900,2018,3,0.7777756867986737,14.680690419894114,10
Tekirdag,C_coarse_unmasked,900,2018,4,0.6131318764549671,26.65911571084272,12
Tekirdag,C_coarse_unmasked,900,2018,5,,,8
Tekirdag,C_coarse_unmasked,900,2018,6,0.4823415589306877,35.37951961751442,12
Tekirdag,C_coarse_unmasked,900,2018,7,0.5244740645050339,38.680083869449675,12
Tekirdag,C_coarse_unmasked,900,2018,8,0.510638069543313,36.76160416567861,12
Tekirdag,C_coarse_unmasked,900,2018,9,0.3363227922636211,35.552940288552634,11
Tekirdag,C_coarse_unmasked,900,2018,10,0.3212524800628348,27.070341678361515,8
Tekirdag,C_coarse_unmasked,900,2018,11,0.3918436321209022,12.460122361228088,9
Tekirdag,C_coarse_unmasked,900,2018,12,0.4243369503090074,2.5670730351664814,6
Tekirdag,C_coarse_unmasked,900,2019,1,,,8
Tekirdag,C_coarse_unmasked,900,2019,2,0.44124309758847824,12.283037629791128,10
Tekirdag,C_coarse_unmasked,900,2019,3,0.488568812537786,9.87881205908532,10
Tekirdag,C_coarse_unmasked,900,2019,4,0.600548453169476,20.49436126235882,8
Tekirdag,C_coarse_unmasked,900,2019,5,0.6303704647986991,30.664043202223,12
Tekirdag,C_coarse_unmasked,900,2019,6,0.7313000437313781,29.109042035646905,12
Tekirdag,C_coarse_unmasked,900,2019,7,0.491244727797199,40.972371503307656,12
Tekirdag,C_coarse_unmasked,900,2019,8,0.41673628772407056,41.19068068199646,10
Tekirdag,C_coarse_unmasked,900,2019,9,0.3816248977217411,34.63376524913762,10
Tekirdag,C_coarse_unmasked,900,2019,10,0.37941030465592634,24.79925673531703,12
Tekirdag,C_coarse_unmasked,900,2019,11,0.570188856869936,17.795374132770956,12
Tekirdag,C_coarse_unmasked,900,2019,12,,,7
Tekirdag,C_coarse_unmasked,900,2020,1,0.5328896258974268,6.671368939592453,9
Tekirdag,C_coarse_unmasked,900,2020,2,,,9
Tekirdag,C_coarse_unmasked,900,2020,3,0.515711730527809,14.54158754093273,10
Tekirdag,C_coarse_unmasked,900,2020,4,0.6616033006834504,24.056521519097053,12
Tekirdag,C_coarse_unmasked,900,2020,5,0.7345479424910252,23.403353947554873,11
Tekirdag,C_coarse_unmasked,900,2020,6,0.5833148437794838,30.268379406744405,10
Tekirdag,C_coarse_unmasked,900,2020,7,0.5862519628654317,36.389922808206364,12
Tekirdag,C_coarse_unmasked,900,2020,8,0.41125895645722316,34.35531738239996,10
Tekirdag,C_coarse_unmasked,900,2020,9,0.32358591362678457,38.8097509692597,12
Tekirdag,C_coarse_unmasked,900,2020,10,0.3508434631478262,25.21113999773787,12
Tekirdag,C_coarse_unmasked,900,2020,11,,,6
Tekirdag,C_coarse_unmasked,900,2020,12,,,7
Tekirdag,C_coarse_unmasked,900,2021,1,,,5
Tekirdag,C_coarse_unmasked,900,2021,2,0.4459664019677439,2.628385345526987,11
Tekirdag,C_coarse_unmasked,900,2021,3,0.49906978478174696,19.837566952338,9
Tekirdag,C_coarse_unmasked,900,2021,4,0.6104402329766792,20.298837480598884,10
Tekirdag,C_coarse_unmasked,900,2021,5,0.6138538476679194,32.58610921438437,11
Tekirdag,C_coarse_unmasked,900,2021,6,0.571251364987467,35.23705927280738,9
Tekirdag,C_coarse_unmasked,900,2021,7,0.544120107817614,40.45617500548655,12
Tekirdag,C_coarse_unmasked,900,2021,8,0.4199136640624977,42.787685336435096,12
Tekirdag,C_coarse_unmasked,900,2021,9,0.43575495954472077,27.719945332413214,11
Tekirdag,C_coarse_unmasked,900,2021,10,0.29713128509494463,21.394416474867242,10
Tekirdag,C_coarse_unmasked,900,2021,11,0.28664758706500776,19.69491706571032,12
Tekirdag,C_coarse_unmasked,900,2021,12,0.378208775838519,12.697286936565183,19
Tekirdag,C_coarse_unmasked,900,2022,1,0.474529771010081,4.68004459691879,17
Tekirdag,C_coarse_unmasked,900,2022,2,0.3924715639969573,8.36889546088629,18
Tekirdag,C_coarse_unmasked,900,2022,3,0.41254840129577763,19.92458932352881,15
Tekirdag,C_coarse_unmasked,900,2022,4,0.5816130415646139,27.814815942591224,18
Tekirdag,C_coarse_unmasked,900,2022,5,0.6516399353535238,30.46283032996315,20
Tekirdag,C_coarse_unmasked,900,2022,6,0.58745466881565,32.62518172342454,22
Tekirdag,C_coarse_unmasked,900,2022,7,0.5122965779479064,39.413388571806465,24
Tekirdag,C_coarse_unmasked,900,2022,8,0.4195667004272261,35.944395798486276,22
Tekirdag,C_coarse_unmasked,900,2022,9,0.3572318821520159,35.12541200647287,20
Tekirdag,C_coarse_unmasked,900,2022,10,0.3432735009138192,29.80701228392133,23
Tekirdag,C_coarse_unmasked,900,2022,11,0.32418932395630295,20.578330286051973,23
Tekirdag,C_coarse_unmasked,900,2022,12,0.3702468703665478,10.108084653136789,17
Tekirdag,C_coarse_unmasked,900,2023,1,0.48399602459928887,10.72704128342444,19
Tekirdag,C_coarse_unmasked,900,2023,2,0.4889019119603429,12.674520983942896,18
Tekirdag,C_coarse_unmasked,900,2023,3,0.7241450678441943,20.949996649309377,16
Tekirdag,C_coarse_unmasked,900,2023,4,0.6746604594006768,17.84660955763165,17
Tekirdag,C_coarse_unmasked,900,2023,5,0.8330438396069393,23.343609934741032,21
Tekirdag,C_coarse_unmasked,900,2023,6,0.5065066271512324,37.56998659935409,20
Tekirdag,C_coarse_unmasked,900,2023,7,0.4813788234768063,40.15679910162121,22
Tekirdag,C_coarse_unmasked,900,2023,8,0.3860680026236554,41.90404901077647,24
Tekirdag,C_coarse_unmasked,900,2023,9,0.32781880425993926,34.86095858192441,23
Tekirdag,C_coarse_unmasked,900,2023,10,0.2974096568087654,31.92359865696081,24
Tekirdag,C_coarse_unmasked,900,2023,11,0.35008434678945444,16.891642682400715,20
Tekirdag,C_coarse_unmasked,900,2023,12,0.43169183004647493,10.805144003993206,11
Tekirdag,C_coarse_unmasked,900,2024,1,0.4489067650658021,9.788212076849684,13
Tekirdag,C_coarse_unmasked,900,2024,2,0.5436488294255143,10.301741145824613,21
Tekirdag,C_coarse_unmasked,900,2024,3,0.6484371423721313,17.689540660461898,18
Tekirdag,C_coarse_unmasked,900,2024,4,0.6576704242616518,26.901139081652257,19
Tekirdag,C_coarse_unmasked,900,2024,5,0.6778466951704063,22.721285440686348,19
Tekirdag,C_coarse_unmasked,900,2024,6,0.5396118760108948,38.65626421829146,22
Tekirdag,C_coarse_unmasked,900,2024,7,0.45820126865053196,41.77965952992063,24
Tekirdag,C_coarse_unmasked,900,2024,8,0.38216235834633117,43.65136149408089,24
Tekirdag,C_coarse_unmasked,900,2024,9,0.31941431257552316,37.958048245923585,22
Tekirdag,C_coarse_unmasked,900,2024,10,0.3228439130708598,27.84317342553877,22
Tekirdag,C_coarse_unmasked,900,2024,11,0.28641686077891737,13.732150317459249,16
Tekirdag,C_coarse_unmasked,900,2024,12,0.324886632186728,14.639408135128992,11
Uzunkopru,A_native_masked,30,2013,4,0.5917041076326744,16.26184508807521,3
Uzunkopru,A_native_masked,30,2013,5,0.6068602438396358,35.84024092309786,8
Uzunkopru,A_native_masked,30,2013,6,0.4743792928158384,35.769054438740575,12
Uzunkopru,A_native_masked,30,2013,7,0.5314581828956916,36.86439480167053,12
Uzunkopru,A_native_masked,30,2013,8,0.40050983542616475,40.29912527015252,12
Uzunkopru,A_native_masked,30,2013,9,0.33813147659590465,34.96842134780539,8
Uzunkopru,A_native_masked,30,2013,10,0.31626021563314344,21.8209788141155,6
Uzunkopru,A_native_masked,30,2013,11,0.32026648532825197,15.822935684916644,10
Uzunkopru,A_native_masked,30,2013,12,0.37806401576904936,6.372524864245971,8
Uzunkopru,A_native_masked,30,2014,1,0.4190627684354859,13.56114045543662,10
Uzunkopru,A_native_masked,30,2014,2,0.4746406727594199,10.52594210039643,7
Uzunkopru,A_native_masked,30,2014,3,0.5668327879593515,23.66770938465819,7
Uzunkopru,A_native_masked,30,2014,4,0.6682352133023057,20.349815451422522,7
Uzunkopru,A_native_masked,30,2014,5,0.6623605637180235,30.42815262132206,11
Uzunkopru,A_native_masked,30,2014,6,0.4333263250557733,35.09745302412819,9
Uzunkopru,A_native_masked,30,2014,7,0.5687381543338522,35.68842418030683,12
Uzunkopru,A_native_masked,30,2014,8,0.6218823223081986,34.2762840078784,10
Uzunkopru,A_native_masked,30,2014,9,0.4809518206548181,33.449035527147906,12
Uzunkopru,A_native_masked,30,2014,10,0.33728907326011864,22.36842739175998,10
Uzunkopru,A_native_masked,30,2014,11,0.619542160827769,10.538988573399463,7
Uzunkopru,A_native_masked,30,2014,12,0.3553060034756169,8.320710847857345,7
Uzunkopru,A_native_masked,30,2015,1,0.34805813935419255,6.392826916669315,10
Uzunkopru,A_native_masked,30,2015,2,0.33633933441442854,6.561802502621775,6
Uzunkopru,A_native_masked,30,2015,3,0.3855036398208525,16.360843820365318,11
Uzunkopru,A_native_masked,30,2015,4,0.5152363235800246,24.828347023718546,9
Uzunkopru,A_native_masked,30,2015,5,0.5991323542143319,33.90956122748797,12
Uzunkopru,A_native_masked,30,2015,6,0.6319068909531388,30.250670551206923,10
Uzunkopru,A_native_masked,30,2015,7,0.5088043267158175,41.487412154515546,12
Uzunkopru,A_native_masked,30,2015,8,0.4144421315319294,42.670153593775325,12
Uzunkopru,A_native_masked,30,2015,9,0.3442609880763663,37.35132490546703,11
Uzunkopru,A_native_masked,30,2015,10,0.3629397959491308,21.5690133999811,8
Uzunkopru,A_native_masked,30,2015,11,0.3531763319019952,17.113867246689303,10
Uzunkopru,A_native_masked,30,2015,12,0.49356535346920855,10.234029402594942,10
Uzunkopru,A_native_masked,30,2016,1,0.4799371418784016,2.5725696640645577,9
Uzunkopru,A_native_masked,30,2016,2,0.36244264628893685,8.624746387088626,8
Uzunkopru,A_native_masked,30,2016,3,0.5913764183598943,20.412690205288566,7
Uzunkopru,A_native_masked,30,2016,4,0.6553334811610322,23.667939991745016,9
Uzunkopru,A_native_masked,30,2016,5,0.5706116150017416,27.914054171884906,12
Uzunkopru,A_native_masked,30,2016,6,0.48612547280892265,37.709949354016125,12
Uzunkopru,A_native_masked,30,2016,7,0.4778461912893802,42.241560828941545,12
Uzunkopru,A_native_masked,30,2016,8,0.3560147457291605,42.185097744324764,12
Uzunkopru,A_native_masked,30,2016,9,0.3307309871153086,34.31384364282776,10
Uzunkopru,A_native_masked,30,2016,10,0.26874923725566346,32.065530329081206,10
Uzunkopru,A_native_masked,30,2016,11,0.25164536459223075,17.312793838448528,12
Uzunkopru,A_native_masked,30,2016,12,0.3626773934598644,5.5635814613084165,8
Uzunkopru,A_native_masked,30,2017,1,0.45376359957315476,1.2878550341402653,10
Uzunkopru,A_native_masked,30,2017,2,0.29934830644282073,15.530006777751964,7
Uzunkopru,A_native_masked,30,2017,3,0.495339452337154,18.94568845225442,10
Uzunkopru,A_native_masked,30,2017,4,0.6966322466544553,25.953237845824052,11
Uzunkopru,A_native_masked,30,2017,5,0.592644005781533,31.91316001087407,11
Uzunkopru,A_native_masked,30,2017,6,0.5254549430930048,38.916601484984334,12
Uzunkopru,A_native_masked,30,2017,7,0.5033538889113526,38.233824416775676,10
Uzunkopru,A_native_masked,30,2017,8,0.48168561185355124,38.37765397290022,12
Uzunkopru,A_native_masked,30,2017,9,0.3583689860544832,40.08379486825829,12
Uzunkopru,A_native_masked,30,2017,10,0.3399148344345869,25.50884155512708,12
Uzunkopru,A_native_masked,30,2017,11,0.39179509067596974,14.308563262831266,11
Uzunkopru,A_native_masked,30,2017,12,0.49379005306968143,10.18813189961913,9
Uzunkopru,A_native_masked,30,2018,1,0.49665977058461563,5.238919372944198,12
Uzunkopru,A_native_masked,30,2018,2,0.5040531542056341,13.716436858142929,6
Uzunkopru,A_native_masked,30,2018,3,0.586955145711233,16.871843582627633,10
Uzunkopru,A_native_masked,30,2018,4,0.5821546375560475,26.96833795016676,12
Uzunkopru,A_native_masked,30,2018,5,0.5725449926515845,28.731368771018232,8
Uzunkopru,A_native_masked,30,2018,6,0.4287174137299754,34.302523120193904,12
Uzunkopru,A_native_masked,30,2018,7,0.5235293662233579,37.65360406728685,12
Uzunkopru,A_native_masked,30,2018,8,0.5421525812071449,39.13991640775746,12
Uzunkopru,A_native_masked,30,2018,9,0.38961607851631597,32.950241443051844,11
Uzunkopru,A_native_masked,30,2018,10,0.3091429598487511,25.56496027281284,8
Uzunkopru,A_native_masked,30,2018,11,0.34966659397326816,11.993362838228444,9
Uzunkopru,A_native_masked,30,2018,12,0.3895288817180278,2.9840612717670805,6
Uzunkopru,A_native_masked,30,2019,1,0.36608479757720286,8.654686626844262,8
Uzunkopru,A_native_masked,30,2019,2,0.42143701585617716,13.204789650587442,10
Uzunkopru,A_native_masked,30,2019,3,0.504661587196467,16.952051005524957,10
Uzunkopru,A_native_masked,30,2019,4,0.5773839119315586,23.628130339478453,8
Uzunkopru,A_native_masked,30,2019,5,0.6998878367453136,31.304650255794638,12
Uzunkopru,A_native_masked,30,2019,6,0.5055328691654293,34.53942266058988,12
Uzunkopru,A_native_masked,30,2019,7,0.5052899568806464,41.4639816325329,12
Uzunkopru,A_native_masked,30,2019,8,0.4127434386165036,41.14976709573556,10
Uzunkopru,A_native_masked,30,2019,9,0.3539087180872459,36.379635251421625,10
Uzunkopru,A_native_masked,30,2019,10,0.32420840947281343,28.004048658032048,12
Uzunkopru,A_native_masked,30,2019,11,0.4076207851990575,18.72427969496423,12
Uzunkopru,A_native_masked,30,2019,12,0.4882705668368267,3.908016534538513,7
Uzunkopru,A_native_masked,30,2020,1,0.5596458188613598,5.640601213576607,9
Uzunkopru,A_native_masked,30,2020,2,0.49375705030305284,11.878879348486201,9
Uzunkopru,A_native_masked,30,2020,3,0.5713833037977624,14.205236722505017,10
Uzunkopru,A_native_masked,30,2020,4,0.608703179738083,23.67913387768317,12
Uzunkopru,A_native_masked,30,2020,5,0.6400303104449794,26.207697979724355,11
Uzunkopru,A_native_masked,30,2020,6,0.5067884389274523,35.61068756990641,10
Uzunkopru,A_native_masked,30,2020,7,0.44373516242184247,42.953648366880884,12
Uzunkopru,A_native_masked,30,2020,8,0.3527287869460154,38.34385982836473,10
Uzunkopru,A_native_masked,30,2020,9,0.3063357853904556,41.077768466058174,12
Uzunkopru,A_native_masked,30,2020,10,0.30445277131533,28.597479725076198,12
Uzunkopru,A_native_masked,30,2020,11,0.3627931086507141,13.569379533725307,6
Uzunkopru,A_native_masked,30,2020,12,0.5731047756550935,8.794035003493233,7
Uzunkopru,A_native_masked,30,2021,1,,,5
Uzunkopru,A_native_masked,30,2021,2,0.5708260833320741,8.630582133186637,11
Uzunkopru,A_native_masked,30,2021,3,0.5185365948098541,17.75764029672602,9
Uzunkopru,A_native_masked,30,2021,4,0.6215522219520253,21.119664173496243,10
Uzunkopru,A_native_masked,30,2021,5,0.574298502479865,33.05225056864512,11
Uzunkopru,A_native_masked,30,2021,6,0.5849701774524279,35.50053522707985,9
Uzunkopru,A_native_masked,30,2021,7,0.5178637795430852,41.622228967081895,12
Uzunkopru,A_native_masked,30,2021,8,0.4123652414869196,42.95955224323211,12
Uzunkopru,A_native_masked,30,2021,9,0.3440126948387368,31.847186117089663,11
Uzunkopru,A_native_masked,30,2021,10,0.30178015468141106,23.360632757783293,10
Uzunkopru,A_native_masked,30,2021,11,0.2989995346419607,18.122154848455192,12
Uzunkopru,A_native_masked,30,2021,12,0.42365745221019874,11.26488587447638,19
Uzunkopru,A_native_masked,30,2022,1,0.44431992350635646,6.357043425736247,17
Uzunkopru,A_native_masked,30,2022,2,0.396361124536491,9.870358035732911,18
Uzunkopru,A_native_masked,30,2022,3,0.40585723898698833,18.840277808080703,15
Uzunkopru,A_native_masked,30,2022,4,0.5463623356288142,29.9218621822605,18
Uzunkopru,A_native_masked,30,2022,5,0.6090868957044591,29.738687274290772,20
Uzunkopru,A_native_masked,30,2022,6,0.5206353442312565,36.310995643779634,22
Uzunkopru,A_native_masked,30,2022,7,0.481954920789211,41.32490088973222,24
Uzunkopru,A_native_masked,30,2022,8,0.43173263882555085,39.864736105874385,22
Uzunkopru,A_native_masked,30,2022,9,0.3549002849021376,35.33045690987089,20
Uzunkopru,A_native_masked,30,2022,10,0.4072850613575391,29.123116911058343,23
Uzunkopru,A_native_masked,30,2022,11,0.27545544664280436,20.445846232750462,23
Uzunkopru,A_native_masked,30,2022,12,0.4068787702094399,8.211068933239458,17
Uzunkopru,A_native_masked,30,2023,1,0.5014966039850707,12.211994621553037,19
Uzunkopru,A_native_masked,30,2023,2,0.4586225218868066,9.14589768368559,18
Uzunkopru,A_native_masked,30,2023,3,0.5826463332615865,22.06004831480679,16
Uzunkopru,A_native_masked,30,2023,4,0.6610443044369063,19.963553265827752,17
Uzunkopru,A_native_masked,30,2023,5,0.7093165895839915,26.75404491637214,21
Uzunkopru,A_native_masked,30,2023,6,0.4771360268662159,37.68313887717417,20
Uzunkopru,A_native_masked,30,2023,7,0.44907787755835477,43.0010444886457,22
Uzunkopru,A_native_masked,30,2023,8,0.3852745810765072,41.91920628522154,24
Uzunkopru,A_native_masked,30,2023,9,0.3104140322141529,36.2828991809473,23
Uzunkopru,A_native_masked,30,2023,10,0.2662007992934595,30.766958713651743,24
Uzunkopru,A_native_masked,30,2023,11,0.32821164127556673,17.08495324676759,20
Uzunkopru,A_native_masked,30,2023,12,,,11
Uzunkopru,A_native_masked,30,2024,1,0.46518826766209664,9.128581576254723,13
Uzunkopru,A_native_masked,30,2024,2,0.5021162398694623,11.4435766898752,21
Uzunkopru,A_native_masked,30,2024,3,0.6186994925298193,18.882418327897764,18
Uzunkopru,A_native_masked,30,2024,4,0.6248464014095001,26.864537115311798,19
Uzunkopru,A_native_masked,30,2024,5,0.5711566139736444,27.13592844784997,19
Uzunkopru,A_native_masked,30,2024,6,0.46194517372091626,40.747458158157656,22
Uzunkopru,A_native_masked,30,2024,7,0.42025145073494,44.25445989095513,24
Uzunkopru,A_native_masked,30,2024,8,0.33602635552520504,46.03706704998021,24
Uzunkopru,A_native_masked,30,2024,9,0.3058493755788001,36.881041553995054,22
Uzunkopru,A_native_masked,30,2024,10,0.2833732886885209,27.617897748870714,22
Uzunkopru,A_native_masked,30,2024,11,0.2570334519587545,15.604946467704087,16
Uzunkopru,A_native_masked,30,2024,12,0.3317624220911833,13.603728522716258,11
Uzunkopru,B_coarse_masked,250,2013,4,0.5916625198003929,16.261797718241112,3
Uzunkopru,B_coarse_masked,250,2013,5,0.6069550853855651,35.83397700749986,8
Uzunkopru,B_coarse_masked,250,2013,6,0.4745510017589182,35.76534604726047,12
Uzunkopru,B_coarse_masked,250,2013,7,0.5319839696422338,36.85767905485984,12
Uzunkopru,B_coarse_masked,250,2013,8,0.40074239289984775,40.29180460244864,12
Uzunkopru,B_coarse_masked,250,2013,9,0.33838848006899613,34.963307033665814,8
Uzunkopru,B_coarse_masked,250,2013,10,0.3162890970119861,21.815054075348876,6
Uzunkopru,B_coarse_masked,250,2013,11,0.32050485643243026,15.821082946620718,10
Uzunkopru,B_coarse_masked,250,2013,12,0.3781999793695556,6.3727051286496685,8
Uzunkopru,B_coarse_masked,250,2014,1,0.4190494516493726,13.561393118316522,10
Uzunkopru,B_coarse_masked,250,2014,2,0.47474664838667957,10.52976963730889,7
Uzunkopru,B_coarse_masked,250,2014,3,0.5666715836294376,23.667817658480946,7
Uzunkopru,B_coarse_masked,250,2014,4,0.6682094897582055,20.351527041182937,7
Uzunkopru,B_coarse_masked,250,2014,5,0.6623029828818192,30.423640135783106,11
Uzunkopru,B_coarse_masked,250,2014,6,0.4336475206720981,35.09373028478441,9
Uzunkopru,B_coarse_masked,250,2014,7,0.5688574214421969,35.68175594712955,12
Uzunkopru,B_coarse_masked,250,2014,8,0.6220310142957013,34.27035923633122,10
Uzunkopru,B_coarse_masked,250,2014,9,0.4811058791773228,33.44454168684954,12
Uzunkopru,B_coarse_masked,250,2014,10,0.33746222235383205,22.365250094363716,10
Uzunkopru,B_coarse_masked,250,2014,11,0.6036140320082419,10.707607511914514,7
Uzunkopru,B_coarse_masked,250,2014,12,0.35527604248291994,8.32082694294792,7
Uzunkopru,B_coarse_masked,250,2015,1,0.34801295924498543,6.392511182914976,10
Uzunkopru,B_coarse_masked,250,2015,2,0.3366554746602803,6.557136818420445,6
Uzunkopru,B_coarse_masked,250,2015,3,0.3855413306716752,16.35957446733784,11
Uzunkopru,B_coarse_masked,250,2015,4,0.5153696426577666,24.823760280239096,9
Uzunkopru,B_coarse_masked,250,2015,5,0.5999574237611428,33.903171093686545,12
Uzunkopru,B_coarse_masked,250,2015,6,0.5968432005993121,30.282790146393154,10
Uzunkopru,B_coarse_masked,250,2015,7,0.5089737660283015,41.48315366710772,12
Uzunkopru,B_coarse_masked,250,2015,8,0.4146575452646997,42.66301060471782,12
Uzunkopru,B_coarse_masked,250,2015,9,0.3445545182819113,37.344863934042245,11
Uzunkopru,B_coarse_masked,250,2015,10,0.36316743177152705,21.56609715560935,8
Uzunkopru,B_coarse_masked,250,2015,11,0.35344383489434034,17.10935633904087,10
Uzunkopru,B_coarse_masked,250,2015,12,0.4934365268112367,10.23369937823874,10
Uzunkopru,B_coarse_masked,250,2016,1,0.4798241784702754,2.571271624716143,9
Uzunkopru,B_coarse_masked,250,2016,2,0.35900097773938033,8.640763320962707,8
Uzunkopru,B_coarse_masked,250,2016,3,0.5912398525247458,20.41275948538123,7
Uzunkopru,B_coarse_masked,250,2016,4,0.6556939449306834,23.662822195267086,9
Uzunkopru,B_coarse_masked,250,2016,5,0.5706933229388804,27.399924738478134,12
Uzunkopru,B_coarse_masked,250,2016,6,0.6489410996437073,37.40837036898074,12
Uzunkopru,B_coarse_masked,250,2016,7,0.4782349296222965,42.2335551278676,12
Uzunkopru,B_coarse_masked,250,2016,8,0.35621953619941643,42.17776255443485,12
Uzunkopru,B_coarse_masked,250,2016,9,0.3302834360333888,34.30243055066489,10
Uzunkopru,B_coarse_masked,250,2016,10,0.2689224314418346,32.06203470185146,10
Uzunkopru,B_coarse_masked,250,2016,11,0.25186836223543635,17.311644367616186,12
Uzunkopru,B_coarse_masked,250,2016,12,0.35568024380955593,5.593193477198098,8
Uzunkopru,B_coarse_masked,250,2017,1,0.43147964581832327,1.2915001761542932,10
Uzunkopru,B_coarse_masked,250,2017,2,0.2993933301320416,15.530680048663623,7
Uzunkopru,B_coarse_masked,250,2017,3,0.49623856644138675,18.929424817309062,10
Uzunkopru,B_coarse_masked,250,2017,4,0.6940942092797463,25.95611281979146,11
Uzunkopru,B_coarse_masked,250,2017,5,0.6398188648400485,32.200421139192514,11
Uzunkopru,B_coarse_masked,250,2017,6,0.5256874203099808,38.91190214242044,12
Uzunkopru,B_coarse_masked,250,2017,7,0.5034646308742086,38.228570911174614,10
Uzunkopru,B_coarse_masked,250,2017,8,0.4818909718730259,38.371972249784825,12
Uzunkopru,B_coarse_masked,250,2017,9,0.3586301040381999,40.07649240367738,12
Uzunkopru,B_coarse_masked,250,2017,10,0.34032769293387183,25.50521477129672,12
Uzunkopru,B_coarse_masked,250,2017,11,0.3919160778387311,14.308669780714476,11
Uzunkopru,B_coarse_masked,250,2017,12,0.4937075112231876,10.187954282620424,9
Uzunkopru,B_coarse_masked,250,2018,1,0.4965632168664589,5.2389822253820295,12
Uzunkopru,B_coarse_masked,250,2018,2,0.5039162096193792,13.715374660876174,6
Uzunkopru,B_coarse_masked,250,2018,3,0.5867857930689023,16.871268629384026,10
Uzunkopru,B_coarse_masked,250,2018,4,0.5821729320905212,26.96658348990923,12
Uzunkopru,B_coarse_masked,250,2018,5,0.5727385064869699,28.720697115164146,8
Uzunkopru,B_coarse_masked,250,2018,6,0.428877107713569,36.10924339060714,12
Uzunkopru,B_coarse_masked,250,2018,7,0.5238066475623064,37.647501336147705,12
Uzunkopru,B_coarse_masked,250,2018,8,0.5422368715834883,39.13528392122307,12
Uzunkopru,B_coarse_masked,250,2018,9,0.3898441039663419,32.94582615438272,11
Uzunkopru,B_coarse_masked,250,2018,10,0.3094138576325465,25.559693140762402,8
Uzunkopru,B_coarse_masked,250,2018,11,0.3497538370789131,11.992734360310921,9
Uzunkopru,B_coarse_masked,250,2018,12,0.38945247569355174,2.9838205290348596,6
Uzunkopru,B_coarse_masked,250,2019,1,0.3660421558435562,8.653288290871537,8
Uzunkopru,B_coarse_masked,250,2019,2,0.4213282781813347,13.207479927954168,10
Uzunkopru,B_coarse_masked,250,2019,3,0.5045758148881038,16.951186638052363,10
Uzunkopru,B_coarse_masked,250,2019,4,0.5774211785628462,23.625250700330508,8
Uzunkopru,B_coarse_masked,250,2019,5,0.7000335616788228,31.30095832368221,12
Uzunkopru,B_coarse_masked,250,2019,6,0.5057296242772976,34.53251339933189,12
Uzunkopru,B_coarse_masked,250,2019,7,0.5054269447254712,41.45835935974488,12
Uzunkopru,B_coarse_masked,250,2019,8,0.4130010353432521,41.144092437487785,10
Uzunkopru,B_coarse_masked,250,2019,9,0.354250716180718,36.37173620779606,10
Uzunkopru,B_coarse_masked,250,2019,10,0.3244212890347855,28.00056355822352,12
Uzunkopru,B_coarse_masked,250,2019,11,0.4077154527888454,18.722349048849498,12
Uzunkopru,B_coarse_masked,250,2019,12,0.4881737132720209,3.9104512214186347,7
Uzunkopru,B_coarse_masked,250,2020,1,0.5680456198480007,5.6078655570991796,9
Uzunkopru,B_coarse_masked,250,2020,2,0.49351802290173397,11.875278686536356,9
Uzunkopru,B_coarse_masked,250,2020,3,0.5705278794385376,14.206188489619944,10
Uzunkopru,B_coarse_masked,250,2020,4,0.6086124427107448,23.677777111355827,12
Uzunkopru,B_coarse_masked,250,2020,5,0.6400660399760786,26.20430567277892,11
Uzunkopru,B_coarse_masked,250,2020,6,0.5072509269953487,35.60396117901553,10
Uzunkopru,B_coarse_masked,250,2020,7,0.44381854157152434,42.94938255453633,12
Uzunkopru,B_coarse_masked,250,2020,8,0.3529406786387488,38.33606413963133,10
Uzunkopru,B_coarse_masked,250,2020,9,0.3066357922769946,41.071872908107366,12
Uzunkopru,B_coarse_masked,250,2020,10,0.3045573907753893,28.59490085307283,12
Uzunkopru,B_coarse_masked,250,2020,11,0.3629900193128931,13.56946252549794,6
Uzunkopru,B_coarse_masked,250,2020,12,0.576703099704751,8.750043371789381,7
Uzunkopru,B_coarse_masked,250,2021,1,,,5
Uzunkopru,B_coarse_masked,250,2021,2,0.5702377694782723,8.62559000040785,11
Uzunkopru,B_coarse_masked,250,2021,3,0.5184910064735295,17.75576606267811,9
Uzunkopru,B_coarse_masked,250,2021,4,0.6215195075960164,21.11642631727227,10
Uzunkopru,B_coarse_masked,250,2021,5,0.5746109423546177,33.0465083183825,11
Uzunkopru,B_coarse_masked,250,2021,6,0.5846418503869376,35.49560432356067,9
Uzunkopru,B_coarse_masked,250,2021,7,0.5179781534958428,41.61779690034378,12
Uzunkopru,B_coarse_masked,250,2021,8,0.4125699488660963,42.95285721870656,12
Uzunkopru,B_coarse_masked,250,2021,9,0.344259433964942,31.838427779746254,11
Uzunkopru,B_coarse_masked,250,2021,10,0.3020032334655731,23.339440969243338,10
Uzunkopru,B_coarse_masked,250,2021,11,0.29920577308908386,18.12075205077973,12
Uzunkopru,B_coarse_masked,250,2021,12,0.42374853406028756,11.265347849719907,19
Uzunkopru,B_coarse_masked,250,2022,1,0.4438919818240044,6.360528343744835,17
Uzunkopru,B_coarse_masked,250,2022,2,0.49969178438186646,9.704977340358388,18
Uzunkopru,B_coarse_masked,250,2022,3,0.40573566180889287,18.838127184982838,15
Uzunkopru,B_coarse_masked,250,2022,4,0.5462852714050526,29.921691197036,18
Uzunkopru,B_coarse_masked,250,2022,5,0.6090862683641516,29.734980853216626,20
Uzunkopru,B_coarse_masked,250,2022,6,0.5210159222511045,36.301947220264466,22
Uzunkopru,B_coarse_masked,250,2022,7,0.4821497418464087,41.32024954270952,24
Uzunkopru,B_coarse_masked,250,2022,8,0.43203617703875574,39.85864139654368,22
Uzunkopru,B_coarse_masked,250,2022,9,0.355123167446099,35.325445670938656,20
Uzunkopru,B_coarse_masked,250,2022,10,0.40628409239153823,29.117693907078518,23
Uzunkopru,B_coarse_masked,250,2022,11,0.2755831090046853,20.443464614887176,23
Uzunkopru,B_coarse_masked,250,2022,12,0.40697888203172095,8.212512335834175,17
Uzunkopru,B_coarse_masked,250,2023,1,0.5018494912833744,12.211009151157187,19
Uzunkopru,B_coarse_masked,250,2023,2,0.45868132453719623,9.14507316311472,18
Uzunkopru,B_coarse_masked,250,2023,3,0.5827280328642969,22.058547005825076,16
Uzunkopru,B_coarse_masked,250,2023,4,0.6611246244854305,19.962066394012922,17
Uzunkopru,B_coarse_masked,250,2023,5,0.7103816856521291,26.727094258352132,21
Uzunkopru,B_coarse_masked,250,2023,6,0.4774539075242749,37.674980162057935,20
Uzunkopru,B_coarse_masked,250,2023,7,0.44923122015379346,42.99609313642214,22
Uzunkopru,B_coarse_masked,250,2023,8,0.3852958256599727,41.913306756989705,24
Uzunkopru,B_coarse_masked,250,2023,9,0.3105935953962687,36.275578822766924,23
Uzunkopru,B_coarse_masked,250,2023,10,0.266406527234914,30.762133140265586,24
Uzunkopru,B_coarse_masked,250,2023,11,0.3440293312072754,17.082971382388177,20
Uzunkopru,B_coarse_masked,250,2023,12,,,11
Uzunkopru,B_coarse_masked,250,2024,1,0.4635513523984099,9.125873209053301,13
Uzunkopru,B_coarse_masked,250,2024,2,0.5017349542347301,11.441370696060135,21
Uzunkopru,B_coarse_masked,250,2024,3,0.6179066812616769,18.899512106953928,18
Uzunkopru,B_coarse_masked,250,2024,4,0.6242747847471269,26.86401150809614,19
Uzunkopru,B_coarse_masked,250,2024,5,0.5711927780445418,27.131283479041297,19
Uzunkopru,B_coarse_masked,250,2024,6,0.46217735407570903,40.74221142440701,22
Uzunkopru,B_coarse_masked,250,2024,7,0.4205865547910712,44.24847734872418,24
Uzunkopru,B_coarse_masked,250,2024,8,0.336286062194603,46.029548431288,24
Uzunkopru,B_coarse_masked,250,2024,9,0.30633291057918804,37.26037224444662,22
Uzunkopru,B_coarse_masked,250,2024,10,0.2836609684279284,27.613863324651287,22
Uzunkopru,B_coarse_masked,250,2024,11,0.25716252347675056,15.603207876504223,16
Uzunkopru,B_coarse_masked,250,2024,12,0.33073986047698606,13.606496083196637,11
Uzunkopru,B_coarse_masked,500,2013,4,0.5915945978132172,16.266404327550653,3
Uzunkopru,B_coarse_masked,500,2013,5,0.6070045199690096,35.8314656589846,8
Uzunkopru,B_coarse_masked,500,2013,6,0.4743497621360932,35.76551467948527,12
Uzunkopru,B_coarse_masked,500,2013,7,0.5322129100958262,36.86266002526239,12
Uzunkopru,B_coarse_masked,500,2013,8,0.4005809353845214,40.29116586335381,12
Uzunkopru,B_coarse_masked,500,2013,9,0.3382644045916094,34.96568492780249,8
Uzunkopru,B_coarse_masked,500,2013,10,0.31600081714352807,21.81040366454961,6
Uzunkopru,B_coarse_masked,500,2013,11,0.3203559366297161,15.823581118789846,10
Uzunkopru,B_coarse_masked,500,2013,12,0.37806254705211706,6.374255162193845,8
Uzunkopru,B_coarse_masked,500,2014,1,0.41896992389507254,13.565370388105421,10
Uzunkopru,B_coarse_masked,500,2014,2,0.474517795178745,10.526353369147728,7
Uzunkopru,B_coarse_masked,500,2014,3,0.5664052641385692,23.669653730612474,7
Uzunkopru,B_coarse_masked,500,2014,4,0.667878516306551,20.372246068716073,7
Uzunkopru,B_coarse_masked,500,2014,5,0.6619259647655121,30.42647808034401,11
Uzunkopru,B_coarse_masked,500,2014,6,0.43368378932388585,35.095408619610254,9
Uzunkopru,B_coarse_masked,500,2014,7,0.5688456555723694,35.68251525117872,12
Uzunkopru,B_coarse_masked,500,2014,8,0.6220992879184752,34.26685933342131,10
Uzunkopru,B_coarse_masked,500,2014,9,0.48094510406345725,33.445097659265606,12
Uzunkopru,B_coarse_masked,500,2014,10,0.33730461853369914,22.36845311109217,10
Uzunkopru,B_coarse_masked,500,2014,11,0.629094855601971,10.774426869078969,7
Uzunkopru,B_coarse_masked,500,2014,12,0.3552363282766336,8.32213311116927,7
Uzunkopru,B_coarse_masked,500,2015,1,0.3480043783282489,6.395835750275881,10
Uzunkopru,B_coarse_masked,500,2015,2,0.3367396023176818,6.563839434616187,6
Uzunkopru,B_coarse_masked,500,2015,3,0.3854361185307925,16.364505989935772,11
Uzunkopru,B_coarse_masked,500,2015,4,0.5152781467629766,24.826273904945086,9
Uzunkopru,B_coarse_masked,500,2015,5,0.6000115557815572,33.90273578523351,12
Uzunkopru,B_coarse_masked,500,2015,6,0.5738719635359617,30.376823255843874,10
Uzunkopru,B_coarse_masked,500,2015,7,0.508801204232872,41.48566125005521,12
Uzunkopru,B_coarse_masked,500,2015,8,0.4145612238329461,42.66502277692921,12
Uzunkopru,B_coarse_masked,500,2015,9,0.344377051567818,37.34581570971064,11
Uzunkopru,B_coarse_masked,500,2015,10,0.36285989477326014,21.566822901280066,8
Uzunkopru,B_coarse_masked,500,2015,11,0.35332846984735616,17.094874383957592,10
Uzunkopru,B_coarse_masked,500,2015,12,0.49274685259420664,10.236186918707832,10
Uzunkopru,B_coarse_masked,500,2016,1,0.47968743595486835,2.5708593161453663,9
Uzunkopru,B_coarse_masked,500,2016,2,0.3583515835293818,8.68456580529105,8
Uzunkopru,B_coarse_masked,500,2016,3,0.5911489323688641,20.413581922768213,7
Uzunkopru,B_coarse_masked,500,2016,4,0.6557461394615668,23.660638589841653,9
Uzunkopru,B_coarse_masked,500,2016,5,0.5704721314001527,27.461659268084563,12
Uzunkopru,B_coarse_masked,500,2016,6,0.6489410996437073,37.40958147249362,12
Uzunkopru,B_coarse_masked,500,2016,7,0.47820995580620274,42.23385911522643,12
Uzunkopru,B_coarse_masked,500,2016,8,0.35616596682890705,42.179338130147734,12
Uzunkopru,B_coarse_masked,500,2016,9,0.33254523824752696,34.29270123954328,10
Uzunkopru,B_coarse_masked,500,2016,10,0.2688580297508108,32.06407765626151,10
Uzunkopru,B_coarse_masked,500,2016,11,0.25179205930915893,17.31367749945076,12
Uzunkopru,B_coarse_masked,500,2016,12,0.36107528139397777,5.565910462473919,8
Uzunkopru,B_coarse_masked,500,2017,1,0.4497909183617425,1.296953195127351,10
Uzunkopru,B_coarse_masked,500,2017,2,0.29933062996819976,15.53219172294818,7
Uzunkopru,B_coarse_masked,500,2017,3,0.4969069139767478,18.934823436021194,10
Uzunkopru,B_coarse_masked,500,2017,4,0.6930651472460841,25.95406357408682,11
Uzunkopru,B_coarse_masked,500,2017,5,0.6554310123125712,32.12529381190574,11
Uzunkopru,B_coarse_masked,500,2017,6,0.525618806268472,38.90847683179542,12
Uzunkopru,B_coarse_masked,500,2017,7,0.503293600704657,38.22596477182414,10
Uzunkopru,B_coarse_masked,500,2017,8,0.48167059794273603,38.37263235287535,12
Uzunkopru,B_coarse_masked,500,2017,9,0.35851696188602106,40.0777174145454,12
Uzunkopru,B_coarse_masked,500,2017,10,0.3400356264239508,25.508368953397024,12
Uzunkopru,B_coarse_masked,500,2017,11,0.39174898820318566,14.318445571632918,11
Uzunkopru,B_coarse_masked,500,2017,12,0.49363405388247933,10.189447059548636,9
Uzunkopru,B_coarse_masked,500,2018,1,0.4964832413794701,5.240911820330897,12
Uzunkopru,B_coarse_masked,500,2018,2,0.5038557268546157,13.72015798623591,6
Uzunkopru,B_coarse_masked,500,2018,3,0.5867653060791248,16.87317327125289,10
Uzunkopru,B_coarse_masked,500,2018,4,0.5820834571736375,26.970056430129986,12
Uzunkopru,B_coarse_masked,500,2018,5,0.573113582165636,28.725468020638814,8
Uzunkopru,B_coarse_masked,500,2018,6,0.42897053504338206,36.13183851303098,12
Uzunkopru,B_coarse_masked,500,2018,7,0.524168265172179,37.64387360866021,12
Uzunkopru,B_coarse_masked,500,2018,8,0.5421932964289445,39.13480714943558,12
Uzunkopru,B_coarse_masked,500,2018,9,0.3897392504175859,32.95182547025333,11
Uzunkopru,B_coarse_masked,500,2018,10,0.30929099326379905,25.561912009886395,8
Uzunkopru,B_coarse_masked,500,2018,11,0.3496068295952016,11.99420811865189,9
Uzunkopru,B_coarse_masked,500,2018,12,0.38932648801595565,2.9865622399768803,6
Uzunkopru,B_coarse_masked,500,2019,1,0.36596246893247264,8.654321984849194,8
Uzunkopru,B_coarse_masked,500,2019,2,0.42128114829096297,13.210728214562256,10
Uzunkopru,B_coarse_masked,500,2019,3,0.5045786585189841,16.95058957068042,10
Uzunkopru,B_coarse_masked,500,2019,4,0.5775607064742414,23.622755477758766,8
Uzunkopru,B_coarse_masked,500,2019,5,0.6999324373223794,31.300213638326692,12
Uzunkopru,B_coarse_masked,500,2019,6,0.5056424004051092,34.527932127245755,12
Uzunkopru,B_coarse_masked,500,2019,7,0.5052719031083421,41.460201604844634,12
Uzunkopru,B_coarse_masked,500,2019,8,0.4127773120440635,41.14611885470709,10
Uzunkopru,B_coarse_masked,500,2019,9,0.354113338998328,36.37043195407762,10
Uzunkopru,B_coarse_masked,500,2019,10,0.32426476671423904,28.001230662299808,12
Uzunkopru,B_coarse_masked,500,2019,11,0.40769577850636757,18.722653193240703,12
Uzunkopru,B_coarse_masked,500,2019,12,0.48807909638076785,3.9028008142395754,7
Uzunkopru,B_coarse_masked,500,2020,1,0.5564282801416185,5.6551112177296545,9
Uzunkopru,B_coarse_masked,500,2020,2,0.49334728324038285,11.873667369592747,9
Uzunkopru,B_coarse_masked,500,2020,3,0.5703105607255735,14.21113924120851,10
Uzunkopru,B_coarse_masked,500,2020,4,0.6086676577458656,23.675489202579495,12
Uzunkopru,B_coarse_masked,500,2020,5,0.6400851590182871,26.200746868054416,11
Uzunkopru,B_coarse_masked,500,2020,6,0.5073982790001254,35.597206839103656,10
Uzunkopru,B_coarse_masked,500,2020,7,0.4436183424778718,42.95011289661926,12
Uzunkopru,B_coarse_masked,500,2020,8,0.35285242599885885,38.334572209947204,10
Uzunkopru,B_coarse_masked,500,2020,9,0.30647665708356625,41.07316625213228,12
Uzunkopru,B_coarse_masked,500,2020,10,0.30455050331082395,28.596580253583138,12
Uzunkopru,B_coarse_masked,500,2020,11,0.362888537158853,13.571566935644816,6
Uzunkopru,B_coarse_masked,500,2020,12,0.5722122614899154,8.838512540052243,7
Uzunkopru,B_coarse_masked,500,2021,1,,,5
Uzunkopru,B_coarse_masked,500,2021,2,0.5727112721543907,8.622679846233805,11
Uzunkopru,B_coarse_masked,500,2021,3,0.5185011380001175,17.756424131523612,9
Uzunkopru,B_coarse_masked,500,2021,4,0.6215290696099004,21.11908559131925,10
Uzunkopru,B_coarse_masked,500,2021,5,0.5749508096966336,33.041370985586084,11
Uzunkopru,B_coarse_masked,500,2021,6,0.5849793035165678,35.496499564102876,9
Uzunkopru,B_coarse_masked,500,2021,7,0.517836057518129,41.61869854172182,12
Uzunkopru,B_coarse_masked,500,2021,8,0.4124405343862037,42.95488393489699,12
Uzunkopru,B_coarse_masked,500,2021,9,0.3440714756931025,31.84233230531045,11
Uzunkopru,B_coarse_masked,500,2021,10,0.30186056511251613,23.35388615540468,10
Uzunkopru,B_coarse_masked,500,2021,11,0.29900796572793753,18.125594769355146,12
Uzunkopru,B_coarse_masked,500,2021,12,0.4234974804248383,11.268076811206697,19
Uzunkopru,B_coarse_masked,900,2013,4,0.5921908711120911,16.261271278542196,3
Uzunkopru,B_coarse_masked,900,2013,5,0.6074797379966681,35.81637875546214,8
Uzunkopru,B_coarse_masked,900,2013,6,0.47412288909983463,35.7599516436171,12
Uzunkopru,B_coarse_masked,900,2013,7,0.5323342977286282,36.86616503290547,12
Uzunkopru,B_coarse_masked,900,2013,8,0.40002863055360977,40.288333583239286,12
Uzunkopru,B_coarse_masked,900,2013,9,0.3380051998663009,34.96744559436884,8
Uzunkopru,B_coarse_masked,900,2013,10,0.3152928247201357,21.808881798555706,6
Uzunkopru,B_coarse_masked,900,2013,11,0.3200636573460824,15.832334685193045,10
Uzunkopru,B_coarse_masked,900,2013,12,0.37780037038965997,6.374255781203771,8
Uzunkopru,B_coarse_masked,900,2014,1,0.41865832757155597,13.569582412215743,10
Uzunkopru,B_coarse_masked,900,2014,2,0.4746674513842293,10.506635739486859,7
Uzunkopru,B_coarse_masked,900,2014,3,0.5660806559359578,23.671675320156194,7
Uzunkopru,B_coarse_masked,900,2014,4,0.6676956679730919,20.428823536949665,7
Uzunkopru,B_coarse_masked,900,2014,5,0.662064861249495,33.09372853821162,11
Uzunkopru,B_coarse_masked,900,2014,6,0.4538110212275856,35.48855012124643,9
Uzunkopru,B_coarse_masked,900,2014,7,0.5690230620096443,36.94987004715881,12
Uzunkopru,B_coarse_masked,900,2014,8,0.6221208107125301,34.26378945373976,10
Uzunkopru,B_coarse_masked,900,2014,9,0.48067312524978756,33.57528369196815,12
Uzunkopru,B_coarse_masked,900,2014,10,0.3371334406518455,22.37515252209795,10
Uzunkopru,B_coarse_masked,900,2014,11,0.6271223227183024,10.797814991394402,7
Uzunkopru,B_coarse_masked,900,2014,12,0.3550280401484611,8.320855428685363,7
Uzunkopru,B_coarse_masked,900,2015,1,0.3479243476889815,6.398722782488731,10
Uzunkopru,B_coarse_masked,900,2015,2,0.3378849817713169,6.568511158819543,6
Uzunkopru,B_coarse_masked,900,2015,3,0.385531054021647,16.36654895832688,11
Uzunkopru,B_coarse_masked,900,2015,4,0.515139521611597,24.820911611014843,9
Uzunkopru,B_coarse_masked,900,2015,5,0.5994827181002298,33.360855408355,12
Uzunkopru,B_coarse_masked,900,2015,6,0.5319436549026275,32.45883681101899,10
Uzunkopru,B_coarse_masked,900,2015,7,0.5087461553091369,41.102173697450226,12
Uzunkopru,B_coarse_masked,900,2015,8,0.41432249144615996,42.71994303356393,12
Uzunkopru,B_coarse_masked,900,2015,9,0.3442251271926731,39.38852279714645,11
Uzunkopru,B_coarse_masked,900,2015,10,0.3622561352513816,22.943170161841113,8
Uzunkopru,B_coarse_masked,900,2015,11,0.35266810557065464,17.065253669607223,10
Uzunkopru,B_coarse_masked,900,2015,12,0.49114595233166713,10.241321199289402,10
Uzunkopru,B_coarse_masked,900,2016,1,0.47930636839940066,2.5682282497636884,9
Uzunkopru,B_coarse_masked,900,2016,2,0.3629508908115217,8.591222450278412,8
Uzunkopru,B_coarse_masked,900,2016,3,0.5905440799070598,20.41184799143495,7
Uzunkopru,B_coarse_masked,900,2016,4,0.654839471516917,23.65211197082269,9
Uzunkopru,B_coarse_masked,900,2016,5,0.5698012135926138,27.406385158731254,12
Uzunkopru,B_coarse_masked,900,2016,6,0.5368673801422119,37.688946829028716,12
Uzunkopru,B_coarse_masked,900,2016,7,0.4786191487846517,42.2322311747686,12
Uzunkopru,B_coarse_masked,900,2016,8,0.3560898255352352,42.88724999822053,12
Uzunkopru,B_coarse_masked,900,2016,9,0.33071664741469753,34.306752679364905,10
Uzunkopru,B_coarse_masked,900,2016,10,0.268791475935683,32.06950985743618,10
Uzunkopru,B_coarse_masked,900,2016,11,0.2517091776483238,17.315533742709807,12
Uzunkopru,B_coarse_masked,900,2016,12,0.3661245732671686,5.5526966360325885,8
Uzunkopru,B_coarse_masked,900,2017,1,0.4667539941774291,1.2694770701498514,10
Uzunkopru,B_coarse_masked,900,2017,2,0.29942314993550123,15.536866030531009,7
Uzunkopru,B_coarse_masked,900,2017,3,0.49850265119407516,18.911391425823364,10
Uzunkopru,B_coarse_masked,900,2017,4,0.6866947585536587,25.982194960250084,11
Uzunkopru,B_coarse_masked,900,2017,5,0.7424272894859314,32.356893199311656,11
Uzunkopru,B_coarse_masked,900,2017,6,0.525674949097757,38.23265637746709,12
Uzunkopru,B_coarse_masked,900,2017,7,0.5028143208224964,40.10669375619833,10
Uzunkopru,B_coarse_masked,900,2017,8,0.48129561285719485,38.3732060979138,12
Uzunkopru,B_coarse_masked,900,2017,9,0.35838768197753107,40.723615505764975,12
Uzunkopru,B_coarse_masked,900,2017,10,0.3395160900460691,25.51355905648906,12
Uzunkopru,B_coarse_masked,900,2017,11,0.3914552867298492,14.33855544208799,11
Uzunkopru,B_coarse_masked,900,2017,12,0.4932159578799154,10.189588379249491,9
Uzunkopru,B_coarse_masked,900,2018,1,0.4960455257362856,7.424555990708488,12
Uzunkopru,B_coarse_masked,900,2018,2,0.5033991488835154,13.723891832052049,6
Uzunkopru,B_coarse_masked,900,2018,3,0.5863667920323795,16.87968187077095,10
Uzunkopru,B_coarse_masked,900,2018,4,0.581170804274012,26.98254302239168,12
Uzunkopru,B_coarse_masked,900,2018,5,0.5732067225587656,28.722339299890237,8
Uzunkopru,B_coarse_masked,900,2018,6,0.42908569173058075,35.858358708537246,12
Uzunkopru,B_coarse_masked,900,2018,7,0.5255388911004908,37.632975007825735,12
Uzunkopru,B_coarse_masked,900,2018,8,0.5420713665909788,40.2731899135433,12
Uzunkopru,B_coarse_masked,900,2018,9,0.38954777270260366,32.48831981329488,11
Uzunkopru,B_coarse_masked,900,2018,10,0.30912384092132317,25.545652199741692,8
Uzunkopru,B_coarse_masked,900,2018,11,0.3493098033653247,11.995447026168128,9
Uzunkopru,B_coarse_masked,900,2018,12,0.3888918667986289,2.9893185924228836,6
Uzunkopru,B_coarse_masked,900,2019,1,0.4622339328130087,8.790859794768732,8
Uzunkopru,B_coarse_masked,900,2019,2,0.5079319477081299,13.616743542902586,10
Uzunkopru,B_coarse_masked,900,2019,3,0.5046900750964818,17.55758012089128,10
Uzunkopru,B_coarse_masked,900,2019,4,0.5779796038843058,23.61592183425345,8
Uzunkopru,B_coarse_masked,900,2019,5,0.7004112466384103,31.290340077222112,12
Uzunkopru,B_coarse_masked,900,2019,6,0.505623833575896,34.51825952541603,12
Uzunkopru,B_coarse_masked,900,2019,7,0.5048476530858446,41.424085858580746,12
Uzunkopru,B_coarse_masked,900,2019,8,0.4121177109194187,41.09965414928187,10
Uzunkopru,B_coarse_masked,900,2019,9,0.3542182297611809,36.47064492190654,10
Uzunkopru,B_coarse_masked,900,2019,10,0.3240795701539847,27.999674525404828,12
Uzunkopru,B_coarse_masked,900,2019,11,0.4075176116523531,15.122327759994686,12
Uzunkopru,B_coarse_masked,900,2019,12,0.4881125977912458,3.8866171205539586,7
Uzunkopru,B_coarse_masked,900,2020,1,0.5480528414249419,5.857916014060161,9
Uzunkopru,B_coarse_masked,900,2020,2,0.4932322919858546,11.874884261298615,9
Uzunkopru,B_coarse_masked,900,2020,3,0.5680152789085389,14.222571294747894,10
Uzunkopru,B_coarse_masked,900,2020,4,0.6083459210871156,23.67363588451937,12
Uzunkopru,B_coarse_masked,900,2020,5,0.6395747175297251,26.19862507005654,11
Uzunkopru,B_coarse_masked,900,2020,6,0.7098212242126465,36.10509344761022,10
Uzunkopru,B_coarse_masked,900,2020,7,0.469340980052948,42.92197440421668,12
Uzunkopru,B_coarse_masked,900,2020,8,0.35260166363506507,38.32906388682172,10
Uzunkopru,B_coarse_masked,900,2020,9,0.3062789512821133,41.94335615135685,12
Uzunkopru,B_coarse_masked,900,2020,10,0.30436649018534767,28.598740698807816,12
Uzunkopru,B_coarse_masked,900,2020,11,0.36271851307735553,13.558692962054687,6
Uzunkopru,B_coarse_masked,900,2020,12,0.5663396662626511,8.640852333021968,7
Uzunkopru,B_coarse_masked,900,2021,1,,,5
Uzunkopru,B_coarse_masked,900,2021,2,0.5732931279045972,8.587108909695477,11
Uzunkopru,B_coarse_masked,900,2021,3,0.5190255334522521,17.750963482961488,9
Uzunkopru,B_coarse_masked,900,2021,4,0.6220436445458138,21.109680363953448,10
Uzunkopru,B_coarse_masked,900,2021,5,0.5758039608514639,33.028055347273956,11
Uzunkopru,B_coarse_masked,900,2021,6,0.5869057657449225,35.49128774439295,9
Uzunkopru,B_coarse_masked,900,2021,7,0.5175532304419395,42.02357414673497,12
Uzunkopru,B_coarse_masked,900,2021,8,0.41201366153903346,43.30622449524702,12
Uzunkopru,B_coarse_masked,900,2021,9,0.3437643514034739,33.56949538832021,11
Uzunkopru,B_coarse_masked,900,2021,10,0.3016736313050494,23.322128164188996,10
Uzunkopru,B_coarse_masked,900,2021,11,0.2988580758844832,18.13524556961299,12
Uzunkopru,B_coarse_masked,900,2021,12,0.42317486237072,11.271863662429556,19
Uzunkopru,B_coarse_masked,900,2023,1,0.5014381842179733,11.283708943434487,19
Uzunkopru,B_coarse_masked,900,2023,2,0.4586011265069528,9.143127568725154,18
Uzunkopru,B_coarse_masked,900,2023,3,0.5851309182009722,22.08907632757468,16
Uzunkopru,B_coarse_masked,900,2023,4,0.6621830453062338,19.955153913788124,17
Uzunkopru,B_coarse_masked,900,2023,5,0.7174148242990505,26.688518367316966,21
Uzunkopru,B_coarse_masked,900,2023,6,0.47795811436842633,37.48894925791337,20
Uzunkopru,B_coarse_masked,900,2023,7,0.44911775005897714,42.9907753890109,22
Uzunkopru,B_coarse_masked,900,2023,8,0.3846568829083227,41.835914938220405,24
Uzunkopru,B_coarse_masked,900,2023,9,0.3099040353549407,36.27252411451426,23
Uzunkopru,B_coarse_masked,900,2023,10,0.26615352694359123,30.764638217371186,24
Uzunkopru,B_coarse_masked,900,2023,11,0.32495350624136327,17.086033805367723,20
Uzunkopru,B_coarse_masked,900,2023,12,,,11
Uzunkopru,B_coarse_masked,900,2024,1,0.4579395051202375,9.130060107304958,13
Uzunkopru,B_coarse_masked,900,2024,2,0.5008743803923594,11.422058422044353,21
Uzunkopru,B_coarse_masked,900,2024,3,0.616685080240581,18.95822141893877,18
Uzunkopru,B_coarse_masked,900,2024,4,0.621966238716688,26.868378396426984,19
Uzunkopru,B_coarse_masked,900,2024,5,0.5707317618818959,27.12485115564578,19
Uzunkopru,B_coarse_masked,900,2024,6,0.4620950322890216,40.737826587278306,22
Uzunkopru,B_coarse_masked,900,2024,7,0.42058186071742004,44.246184459839434,24
Uzunkopru,B_coarse_masked,900,2024,8,0.33594535281081256,46.25817423579743,24
Uzunkopru,B_coarse_masked,900,2024,9,0.30518820481826486,37.02372053158388,22
Uzunkopru,B_coarse_masked,900,2024,10,0.28329070137142653,27.383888910704794,22
Uzunkopru,B_coarse_masked,900,2024,11,0.2569967243432809,15.603211336921916,16
Uzunkopru,B_coarse_masked,900,2024,12,0.34019769455345583,13.587984703216486,11
Uzunkopru,C_coarse_unmasked,250,2013,4,0.5903565792829266,16.31232838007285,3
Uzunkopru,C_coarse_unmasked,250,2013,5,0.5996338010563776,35.12842234013971,8
Uzunkopru,C_coarse_unmasked,250,2013,6,0.5245460339750384,35.13458916108367,12
Uzunkopru,C_coarse_unmasked,250,2013,7,0.5916596887062486,35.76943718155608,12
Uzunkopru,C_coarse_unmasked,250,2013,8,0.4688685573455598,38.92570074331016,12
Uzunkopru,C_coarse_unmasked,250,2013,9,0.4046326216432773,33.69342668653789,8
Uzunkopru,C_coarse_unmasked,250,2013,10,0.34921617305777697,21.087213395672045,6
Uzunkopru,C_coarse_unmasked,250,2013,11,0.3615262987579011,15.070798703430276,10
Uzunkopru,C_coarse_unmasked,250,2013,12,0.39428997568301016,5.290578048934531,8
Uzunkopru,C_coarse_unmasked,250,2014,1,0.4333890824793166,13.36105282117236,10
Uzunkopru,C_coarse_unmasked,250,2014,2,0.46452656169074535,10.54022810783653,7
Uzunkopru,C_coarse_unmasked,250,2014,3,0.5500086716046997,23.376651349944392,7
Uzunkopru,C_coarse_unmasked,250,2014,4,0.6780700221792935,20.239612535509476,7
Uzunkopru,C_coarse_unmasked,250,2014,5,0.6691005573408013,29.449976070149603,11
Uzunkopru,C_coarse_unmasked,250,2014,6,0.48767635878090604,34.057178900160345,9
Uzunkopru,C_coarse_unmasked,250,2014,7,0.5852931914617909,34.904021623303294,12
Uzunkopru,C_coarse_unmasked,250,2014,8,0.6360713095551438,33.408167262119605,10
Uzunkopru,C_coarse_unmasked,250,2014,9,0.5313513144840494,32.367729426801056,12
Uzunkopru,C_coarse_unmasked,250,2014,10,0.37663277153925323,21.446433262571347,10
Uzunkopru,C_coarse_unmasked,250,2014,11,0.6036140320082419,10.435821212436506,7
Uzunkopru,C_coarse_unmasked,250,2014,12,0.3382582865742861,8.17573622908256,7
Uzunkopru,C_coarse_unmasked,250,2015,1,0.33301268310727766,6.244373144915606,10
Uzunkopru,C_coarse_unmasked,250,2015,2,0.3377196468784762,6.644073502303834,6
Uzunkopru,C_coarse_unmasked,250,2015,3,0.38506038858389835,16.018100208514415,11
Uzunkopru,C_coarse_unmasked,250,2015,4,0.5021957365575129,24.398784823706997,9
Uzunkopru,C_coarse_unmasked,250,2015,5,0.6119178136421551,32.99725696038308,12
Uzunkopru,C_coarse_unmasked,250,2015,6,0.6058045700855708,29.673803596355025,10
Uzunkopru,C_coarse_unmasked,250,2015,7,0.5557502881249599,39.96536050925691,12
Uzunkopru,C_coarse_unmasked,250,2015,8,0.4893156203127877,40.78330435599887,12
Uzunkopru,C_coarse_unmasked,250,2015,9,0.42315172572820425,35.876190498173344,11
Uzunkopru,C_coarse_unmasked,250,2015,10,0.4163040830652625,20.97595146620221,8
Uzunkopru,C_coarse_unmasked,250,2015,11,0.37615308020756716,16.599475705237786,10
Uzunkopru,C_coarse_unmasked,250,2015,12,0.5138312191967539,10.003666444576067,10
Uzunkopru,C_coarse_unmasked,250,2016,1,0.4558055631354851,2.3937224617936086,9
Uzunkopru,C_coarse_unmasked,250,2016,2,0.35870706871383556,8.701721003150448,8
Uzunkopru,C_coarse_unmasked,250,2016,3,0.5714704398076047,20.330385141307847,7
Uzunkopru,C_coarse_unmasked,250,2016,4,0.6471519103178313,23.2749537577909,9
Uzunkopru,C_coarse_unmasked,250,2016,5,0.5838824984712248,27.251531490214138,12
Uzunkopru,C_coarse_unmasked,250,2016,6,0.6489410996437073,36.67102628377925,12
Uzunkopru,C_coarse_unmasked,250,2016,7,0.5288944748691515,40.765547860270566,12
Uzunkopru,C_coarse_unmasked,250,2016,8,0.44054550402321335,40.32337432161304,12
Uzunkopru,C_coarse_unmasked,250,2016,9,0.3545078916711033,33.04347900451191,10
Uzunkopru,C_coarse_unmasked,250,2016,10,0.3387316000088884,30.78728516479286,10
Uzunkopru,C_coarse_unmasked,250,2016,11,0.3037399794944715,16.702657036837376,12
Uzunkopru,C_coarse_unmasked,250,2016,12,0.3540869436673241,5.33303223135289,8
Uzunkopru,C_coarse_unmasked,250,2017,1,0.30175091185935526,-0.6069408792197197,10
Uzunkopru,C_coarse_unmasked,250,2017,2,0.3024821126664355,15.454536594648678,7
Uzunkopru,C_coarse_unmasked,250,2017,3,0.4694280745825306,18.610138998510838,10
Uzunkopru,C_coarse_unmasked,250,2017,4,0.5910159547401265,25.950343407921565,11
Uzunkopru,C_coarse_unmasked,250,2017,5,0.6398188648400485,31.905311838546965,11
Uzunkopru,C_coarse_unmasked,250,2017,6,0.5667294782629327,38.062426093894786,12
Uzunkopru,C_coarse_unmasked,250,2017,7,0.5522115979378522,37.12979834932585,10
Uzunkopru,C_coarse_unmasked,250,2017,8,0.5436177574048895,37.11260534173016,12
Uzunkopru,C_coarse_unmasked,250,2017,9,0.43562621611321156,38.45629871511313,12
Uzunkopru,C_coarse_unmasked,250,2017,10,0.43983770986482656,24.570964750252553,12
Uzunkopru,C_coarse_unmasked,250,2017,11,0.4174001193430033,13.752314532780947,11
Uzunkopru,C_coarse_unmasked,250,2017,12,0.4773827893659151,9.97121075705456,9
Uzunkopru,C_coarse_unmasked,250,2018,1,0.4850422176291821,5.120311609769037,12
Uzunkopru,C_coarse_unmasked,250,2018,2,0.5104758879577241,13.488931095555943,6
Uzunkopru,C_coarse_unmasked,250,2018,3,0.5581805436134705,16.705172232951476,10
Uzunkopru,C_coarse_unmasked,250,2018,4,0.5948364930687902,26.16692043011523,12
Uzunkopru,C_coarse_unmasked,250,2018,5,0.6053424911828078,27.89531711545399,8
Uzunkopru,C_coarse_unmasked,250,2018,6,0.5011295911426737,35.33839002121286,12
Uzunkopru,C_coarse_unmasked,250,2018,7,0.5719419200204383,36.926553678195546,12
Uzunkopru,C_coarse_unmasked,250,2018,8,0.5804363893491791,37.8632595504087,12
Uzunkopru,C_coarse_unmasked,250,2018,9,0.4708451687602033,31.51349580727177,11
Uzunkopru,C_coarse_unmasked,250,2018,10,0.37720358727282005,24.681885398850852,8
Uzunkopru,C_coarse_unmasked,250,2018,11,0.37811397052381135,11.642420823142837,9
Uzunkopru,C_coarse_unmasked,250,2018,12,0.3922365043914622,2.8674620284921635,6
Uzunkopru,C_coarse_unmasked,250,2019,1,0.3598118304455794,8.354710680104173,8
Uzunkopru,C_coarse_unmasked,250,2019,2,0.40569901736727004,12.930154145899126,10
Uzunkopru,C_coarse_unmasked,250,2019,3,0.47513734713094025,16.720100106536748,10
Uzunkopru,C_coarse_unmasked,250,2019,4,0.5555417762025499,23.482144708050388,8
Uzunkopru,C_coarse_unmasked,250,2019,5,0.6501830366911496,30.841286333636702,12
Uzunkopru,C_coarse_unmasked,250,2019,6,0.5522291088303999,33.84303555435766,12
Uzunkopru,C_coarse_unmasked,250,2019,7,0.56042484253518,39.85276864989665,12
Uzunkopru,C_coarse_unmasked,250,2019,8,0.4900934408075709,39.441579349588494,10
Uzunkopru,C_coarse_unmasked,250,2019,9,0.43134693963666104,35.03407533668458,10
Uzunkopru,C_coarse_unmasked,250,2019,10,0.39004099085200195,27.02252781118415,12
Uzunkopru,C_coarse_unmasked,250,2019,11,0.4256979256846642,18.224971502634666,12
Uzunkopru,C_coarse_unmasked,250,2019,12,0.4780262210722478,3.710253986040098,7
Uzunkopru,C_coarse_unmasked,250,2020,1,0.5401101344695654,5.170598315922648,9
Uzunkopru,C_coarse_unmasked,250,2020,2,0.4641158335063333,11.410707028138887,9
Uzunkopru,C_coarse_unmasked,250,2020,3,0.5354845361139368,14.214335021939764,10
Uzunkopru,C_coarse_unmasked,250,2020,4,0.589155940686043,23.363387810327705,12
Uzunkopru,C_coarse_unmasked,250,2020,5,0.6454885969045717,25.865300314562095,11
Uzunkopru,C_coarse_unmasked,250,2020,6,0.5520045305949136,34.62728782547852,10
Uzunkopru,C_coarse_unmasked,250,2020,7,0.477031955974722,41.619241317440796,12
Uzunkopru,C_coarse_unmasked,250,2020,8,0.40097392026686846,37.01022210289524,10
Uzunkopru,C_coarse_unmasked,250,2020,9,0.5000791907310487,35.196937369882896,12
Uzunkopru,C_coarse_unmasked,250,2020,10,0.3476147445292873,27.8734411882043,12
Uzunkopru,C_coarse_unmasked,250,2020,11,0.3808671637760036,13.055113870618387,6
Uzunkopru,C_coarse_unmasked,250,2020,12,0.5940542350600405,8.155298157465868,7
Uzunkopru,C_coarse_unmasked,250,2021,1,,,5
Uzunkopru,C_coarse_unmasked,250,2021,2,0.522802244152947,8.451618076671078,11
Uzunkopru,C_coarse_unmasked,250,2021,3,0.4818844179335591,17.509883086505997,9
Uzunkopru,C_coarse_unmasked,250,2021,4,0.583103038169068,21.19299258912395,10
Uzunkopru,C_coarse_unmasked,250,2021,5,0.6019555151000715,32.37181337475403,11
Uzunkopru,C_coarse_unmasked,250,2021,6,0.6370308373625497,34.958807666722535,9
Uzunkopru,C_coarse_unmasked,250,2021,7,0.5697107314705264,40.23464727652089,12
Uzunkopru,C_coarse_unmasked,250,2021,8,0.47922965024949865,41.30019373234817,12
Uzunkopru,C_coarse_unmasked,250,2021,9,0.425411038188916,30.62288008742473,11
Uzunkopru,C_coarse_unmasked,250,2021,10,0.3599054951454143,22.878840054396353,10
Uzunkopru,C_coarse_unmasked,250,2021,11,0.36021642101897433,17.233974285371847,12
Uzunkopru,C_coarse_unmasked,250,2021,12,0.4229680948798528,11.280913620891234,19
Uzunkopru,C_coarse_unmasked,250,2022,1,0.4245636123355916,6.084142015261317,17
Uzunkopru,C_coarse_unmasked,250,2022,2,0.4262616907183834,9.989620964218659,18
Uzunkopru,C_coarse_unmasked,250,2022,3,0.39753411182674064,18.085287913033135,15
Uzunkopru,C_coarse_unmasked,250,2022,4,0.5565629933578232,29.43264176958473,18
Uzunkopru,C_coarse_unmasked,250,2022,5,0.6271445548002339,28.96961862139284,20
Uzunkopru,C_coarse_unmasked,250,2022,6,0.5706450998352803,35.42577853637114,22
Uzunkopru,C_coarse_unmasked,250,2022,7,0.520101355472498,40.12858586227957,24
Uzunkopru,C_coarse_unmasked,250,2022,8,0.48900104375759057,38.509820226995544,22
Uzunkopru,C_coarse_unmasked,250,2022,9,0.4324469865624704,33.7507069998946,20
Uzunkopru,C_coarse_unmasked,250,2022,10,0.4052793689631724,28.207348748645945,23
Uzunkopru,C_coarse_unmasked,250,2022,11,0.31088930089860434,19.890092085815823,23
Uzunkopru,C_coarse_unmasked,250,2022,12,0.4102979435422184,8.167695346860201,17
Uzunkopru,C_coarse_unmasked,250,2023,1,0.4802989762408931,12.128803539795612,19
Uzunkopru,C_coarse_unmasked,250,2023,2,0.455340965135559,8.835504847926893,18
Uzunkopru,C_coarse_unmasked,250,2023,3,0.5337652121532377,22.488908885102514,16
Uzunkopru,C_coarse_unmasked,250,2023,4,0.633912684224865,20.245115897124013,17
Uzunkopru,C_coarse_unmasked,250,2023,5,0.668015504038442,26.3630052391213,21
Uzunkopru,C_coarse_unmasked,250,2023,6,0.5063947160341243,36.765303421738125,20
Uzunkopru,C_coarse_unmasked,250,2023,7,0.5005755257591575,41.79565044087063,22
Uzunkopru,C_coarse_unmasked,250,2023,8,0.4583913542808429,40.54691267414477,24
Uzunkopru,C_coarse_unmasked,250,2023,9,0.39275798775561005,35.1639098634976,23
Uzunkopru,C_coarse_unmasked,250,2023,10,0.32806636901159364,29.795309764592492,24
Uzunkopru,C_coarse_unmasked,250,2023,11,0.3623439956234844,16.94152137999443,20
Uzunkopru,C_coarse_unmasked,250,2023,12,,,11
Uzunkopru,C_coarse_unmasked,250,2024,1,0.4464411491967588,8.85769701186806,13
Uzunkopru,C_coarse_unmasked,250,2024,2,0.48144218926467774,11.14855338011895,21
Uzunkopru,C_coarse_unmasked,250,2024,3,0.5878517352066138,17.952742915906516,18
Uzunkopru,C_coarse_unmasked,250,2024,4,0.6545817866552223,26.44056526376864,19
Uzunkopru,C_coarse_unmasked,250,2024,5,0.5920368597446332,26.244327855418767,19
Uzunkopru,C_coarse_unmasked,250,2024,6,0.4995894275563858,39.70199382713382,22
Uzunkopru,C_coarse_unmasked,250,2024,7,0.4811307854623992,42.69922059047723,24
Uzunkopru,C_coarse_unmasked,250,2024,8,0.40993417889311773,44.15333741983115,24
Uzunkopru,C_coarse_unmasked,250,2024,9,0.40387579721646083,35.896195352972434,22
Uzunkopru,C_coarse_unmasked,250,2024,10,0.3512566288609076,26.47471916367147,22
Uzunkopru,C_coarse_unmasked,250,2024,11,0.29386515106153005,15.02820188711147,16
Uzunkopru,C_coarse_unmasked,250,2024,12,0.3298821827005949,13.522397220500606,11
Uzunkopru,C_coarse_unmasked,500,2013,4,0.5902720108097934,16.313119960194566,3
Uzunkopru,C_coarse_unmasked,500,2013,5,0.5995698214756654,35.12888004690488,8
Uzunkopru,C_coarse_unmasked,500,2013,6,0.5244028453715912,35.13496687851218,12
Uzunkopru,C_coarse_unmasked,500,2013,7,0.5915386485661217,35.76805924361971,12
Uzunkopru,C_coarse_unmasked,500,2013,8,0.46878812589148616,38.9248102480594,12
Uzunkopru,C_coarse_unmasked,500,2013,9,0.40453473253883904,33.69473007061474,8
Uzunkopru,C_coarse_unmasked,500,2013,10,0.3495426160206931,21.08346740636698,6
Uzunkopru,C_coarse_unmasked,500,2013,11,0.3613609107139659,15.071438980610987,10
Uzunkopru,C_coarse_unmasked,500,2013,12,0.39424085467711245,5.185273517331439,8
Uzunkopru,C_coarse_unmasked,500,2014,1,0.4332637340882389,13.361125493572066,10
Uzunkopru,C_coarse_unmasked,500,2014,2,0.46431748810717693,10.536067671815074,7
Uzunkopru,C_coarse_unmasked,500,2014,3,0.5499117239620763,23.376437841654834,7
Uzunkopru,C_coarse_unmasked,500,2014,4,0.6779902786027798,20.265346467487515,7
Uzunkopru,C_coarse_unmasked,500,2014,5,0.6688870075429166,29.450195398105212,11
Uzunkopru,C_coarse_unmasked,500,2014,6,0.4876550767553069,34.05787982864187,9
Uzunkopru,C_coarse_unmasked,500,2014,7,0.5852316858372104,34.90511953418973,12
Uzunkopru,C_coarse_unmasked,500,2014,8,0.6360366012518915,33.40699798581462,10
Uzunkopru,C_coarse_unmasked,500,2014,9,0.5312875267232673,32.368009755639505,12
Uzunkopru,C_coarse_unmasked,500,2014,10,0.3765363461290297,21.446920717431798,10
Uzunkopru,C_coarse_unmasked,500,2014,11,0.629094855601971,10.501666787785645,7
Uzunkopru,C_coarse_unmasked,500,2014,12,0.3382376552308391,8.175837274566046,7
Uzunkopru,C_coarse_unmasked,500,2015,1,0.33294668856611537,6.244442825461905,10
Uzunkopru,C_coarse_unmasked,500,2015,2,0.33731263424551144,6.639863160007659,6
Uzunkopru,C_coarse_unmasked,500,2015,3,0.3850019087380279,16.01640830326396,11
Uzunkopru,C_coarse_unmasked,500,2015,4,0.502097276506028,24.397738597004107,9
Uzunkopru,C_coarse_unmasked,500,2015,5,0.611984260014064,32.998683273057395,12
Uzunkopru,C_coarse_unmasked,500,2015,6,0.5877345503881723,29.77221217178784,10
Uzunkopru,C_coarse_unmasked,500,2015,7,0.555694075333357,39.96648418563175,12
Uzunkopru,C_coarse_unmasked,500,2015,8,0.4896431783972555,40.78349791150597,12
Uzunkopru,C_coarse_unmasked,500,2015,9,0.4230631904037278,35.87585756362249,11
Uzunkopru,C_coarse_unmasked,500,2015,10,0.41620940153410735,20.97546086393041,8
Uzunkopru,C_coarse_unmasked,500,2015,11,0.3759658676634967,16.586643472967005,10
Uzunkopru,C_coarse_unmasked,500,2015,12,0.5136582327056302,10.003155138825827,10
Uzunkopru,C_coarse_unmasked,500,2016,1,0.4554687810338237,2.3911851647061018,9
Uzunkopru,C_coarse_unmasked,500,2016,2,0.358192136743038,8.727301689922026,8
Uzunkopru,C_coarse_unmasked,500,2016,3,0.5714372989624263,20.330374979603597,7
Uzunkopru,C_coarse_unmasked,500,2016,4,0.6436598724842061,23.27373926729879,9
Uzunkopru,C_coarse_unmasked,500,2016,5,0.5837802732806687,27.2479375429394,12
Uzunkopru,C_coarse_unmasked,500,2016,6,0.6489410996437073,36.67122920159977,12
Uzunkopru,C_coarse_unmasked,500,2016,7,0.5288126264634209,40.76489751466301,12
Uzunkopru,C_coarse_unmasked,500,2016,8,0.44049179026447893,40.32404783931995,12
Uzunkopru,C_coarse_unmasked,500,2016,9,0.3543842808753925,33.02008557813912,10
Uzunkopru,C_coarse_unmasked,500,2016,10,0.33862499314244593,30.788213489683248,10
Uzunkopru,C_coarse_unmasked,500,2016,11,0.3036352193923852,16.703162886687164,12
Uzunkopru,C_coarse_unmasked,500,2016,12,0.35541933134412595,5.329548286221621,8
Uzunkopru,C_coarse_unmasked,500,2017,1,0.30004512888482865,-0.5981054804310222,10
Uzunkopru,C_coarse_unmasked,500,2017,2,0.30246548180193505,15.454371995964774,7
Uzunkopru,C_coarse_unmasked,500,2017,3,0.4697678621499395,18.610825905531055,10
Uzunkopru,C_coarse_unmasked,500,2017,4,0.5892634394285287,25.954189891418782,11
Uzunkopru,C_coarse_unmasked,500,2017,5,0.6554310123125712,31.832972111709775,11
Uzunkopru,C_coarse_unmasked,500,2017,6,0.566672125430931,38.06134177854945,12
Uzunkopru,C_coarse_unmasked,500,2017,7,0.5521213387609522,37.12577439865734,10
Uzunkopru,C_coarse_unmasked,500,2017,8,0.543588119082381,37.1119816539268,12
Uzunkopru,C_coarse_unmasked,500,2017,9,0.435546409618154,38.455950016317466,12
Uzunkopru,C_coarse_unmasked,500,2017,10,0.4396225193688962,24.571376029638852,12
Uzunkopru,C_coarse_unmasked,500,2017,11,0.4173051387214885,13.752770005189358,11
Uzunkopru,C_coarse_unmasked,500,2017,12,0.477289180396109,9.97111468636599,9
Uzunkopru,C_coarse_unmasked,500,2018,1,0.484982417152449,5.11994610340976,12
Uzunkopru,C_coarse_unmasked,500,2018,2,0.5104691027089059,13.488902713748024,6
Uzunkopru,C_coarse_unmasked,500,2018,3,0.5579914956944564,16.70369310109723,10
Uzunkopru,C_coarse_unmasked,500,2018,4,0.594618987478967,26.166598930124948,12
Uzunkopru,C_coarse_unmasked,500,2018,5,0.6059693258311323,27.89338991257774,8
Uzunkopru,C_coarse_unmasked,500,2018,6,0.500916516515781,35.36073821249074,12
Uzunkopru,C_coarse_unmasked,500,2018,7,0.5723969777285868,36.92221189116495,12
Uzunkopru,C_coarse_unmasked,500,2018,8,0.5804264530111257,37.86051248351689,12
Uzunkopru,C_coarse_unmasked,500,2018,9,0.47020958021282533,31.515693132448632,11
Uzunkopru,C_coarse_unmasked,500,2018,10,0.3771393873453705,24.679584665744727,8
Uzunkopru,C_coarse_unmasked,500,2018,11,0.3780197692049957,11.643201938924364,9
Uzunkopru,C_coarse_unmasked,500,2018,12,0.3921682626755468,2.8668457417476088,6
Uzunkopru,C_coarse_unmasked,500,2019,1,0.3597321135226849,8.353942533267913,8
Uzunkopru,C_coarse_unmasked,500,2019,2,0.40560829886948835,12.92982755689409,10
Uzunkopru,C_coarse_unmasked,500,2019,3,0.47507424199763904,16.717988370909794,10
Uzunkopru,C_coarse_unmasked,500,2019,4,0.5555070196482926,23.47961455061292,8
Uzunkopru,C_coarse_unmasked,500,2019,5,0.6497521073089106,30.84204695506817,12
Uzunkopru,C_coarse_unmasked,500,2019,6,0.5522430002307586,33.844249481922986,12
Uzunkopru,C_coarse_unmasked,500,2019,7,0.5603652718448479,39.8543246775102,12
Uzunkopru,C_coarse_unmasked,500,2019,8,0.48999086638793987,39.44259814836729,10
Uzunkopru,C_coarse_unmasked,500,2019,9,0.4314403913102251,35.029708426326835,10
Uzunkopru,C_coarse_unmasked,500,2019,10,0.3899361464713498,27.02302333740558,12
Uzunkopru,C_coarse_unmasked,500,2019,11,0.42567215758056837,18.223970739665223,12
Uzunkopru,C_coarse_unmasked,500,2019,12,0.4778564192995213,3.7062592967765213,7
Uzunkopru,C_coarse_unmasked,500,2020,1,0.5272699723372588,5.196276214677222,9
Uzunkopru,C_coarse_unmasked,500,2020,2,0.4639459676419818,11.408280793764972,9
Uzunkopru,C_coarse_unmasked,500,2020,3,0.5353677491134212,14.215070391556841,10
Uzunkopru,C_coarse_unmasked,500,2020,4,0.5891592089331854,23.36169192130075,12
Uzunkopru,C_coarse_unmasked,500,2020,5,0.6453654815073891,25.861511114986268,11
Uzunkopru,C_coarse_unmasked,500,2020,6,0.5518616179170532,34.62528786833596,10
Uzunkopru,C_coarse_unmasked,500,2020,7,0.4769609972356061,41.618259022362246,12
Uzunkopru,C_coarse_unmasked,500,2020,8,0.4008957360465804,37.005609632785315,10
Uzunkopru,C_coarse_unmasked,500,2020,9,0.48694690363481635,35.125748991345944,12
Uzunkopru,C_coarse_unmasked,500,2020,10,0.347515793628204,27.87213938564999,12
Uzunkopru,C_coarse_unmasked,500,2020,11,0.3808718243852311,13.052951515843638,6
Uzunkopru,C_coarse_unmasked,500,2020,12,0.5928888420898043,8.174841117653408,7
Uzunkopru,C_coarse_unmasked,500,2021,1,,,5
Uzunkopru,C_coarse_unmasked,500,2021,2,0.5226399100922768,8.45421513342075,11
Uzunkopru,C_coarse_unmasked,500,2021,3,0.48173448613684766,17.509359277273518,9
Uzunkopru,C_coarse_unmasked,500,2021,4,0.5830596354194146,21.192996262249967,10
Uzunkopru,C_coarse_unmasked,500,2021,5,0.6017393683237742,32.37209238691229,11
Uzunkopru,C_coarse_unmasked,500,2021,6,0.6377613344113222,34.96589148659899,9
Uzunkopru,C_coarse_unmasked,500,2021,7,0.5695399894637855,40.23607989070243,12
Uzunkopru,C_coarse_unmasked,500,2021,8,0.4791438820182434,41.30144784421771,12
Uzunkopru,C_coarse_unmasked,500,2021,9,0.42527952250617224,30.625613354747514,11
Uzunkopru,C_coarse_unmasked,500,2021,10,0.35981703240775836,22.914816687077742,10
Uzunkopru,C_coarse_unmasked,500,2021,11,0.36011636436460276,17.234203111997438,12
Uzunkopru,C_coarse_unmasked,500,2021,12,0.4228632133032946,11.280542621422631,19
Uzunkopru,C_coarse_unmasked,500,2022,1,0.4243110904804967,6.085244976866569,17
Uzunkopru,C_coarse_unmasked,500,2022,2,0.4201146990306093,9.813684645824617,18
Uzunkopru,C_coarse_unmasked,500,2022,3,0.39745084004257053,18.085045988287405,15
Uzunkopru,C_coarse_unmasked,500,2022,4,0.5563567037943897,29.433858012297392,18
Uzunkopru,C_coarse_unmasked,500,2022,5,0.6264769144707326,28.97157862012741,20
Uzunkopru,C_coarse_unmasked,500,2022,6,0.5712547554666216,35.42112964321895,22
Uzunkopru,C_coarse_unmasked,500,2022,7,0.5200105075862553,40.12886751737654,24
Uzunkopru,C_coarse_unmasked,500,2022,8,0.48911693758559177,38.504345276996276,22
Uzunkopru,C_coarse_unmasked,500,2022,9,0.43227251453491794,33.750755905889704,20
Uzunkopru,C_coarse_unmasked,500,2022,10,0.4051016947697772,28.20187301780655,23
Uzunkopru,C_coarse_unmasked,500,2022,11,0.310794200846161,19.888871800537597,23
Uzunkopru,C_coarse_unmasked,500,2022,12,0.4099083718979658,8.166932240615116,17
Uzunkopru,C_coarse_unmasked,500,2023,1,0.480525922585041,12.125951221185455,19
Uzunkopru,C_coarse_unmasked,500,2023,2,0.4560241923707941,8.834693727426327,18
Uzunkopru,C_coarse_unmasked,500,2023,3,0.5342320353102554,22.48676668647674,16
Uzunkopru,C_coarse_unmasked,500,2023,4,0.6338342012373673,20.242842476878597,17
Uzunkopru,C_coarse_unmasked,500,2023,5,0.6731025897285352,26.32881837121537,21
Uzunkopru,C_coarse_unmasked,500,2023,6,0.5063534291678716,36.76200993394532,20
Uzunkopru,C_coarse_unmasked,500,2023,7,0.5005317214480315,41.79537120671725,22
Uzunkopru,C_coarse_unmasked,500,2023,8,0.45818785718815414,40.5480942569753,24
Uzunkopru,C_coarse_unmasked,500,2023,9,0.39225986254245876,35.161039476170174,23
Uzunkopru,C_coarse_unmasked,500,2023,10,0.32795405756304813,29.795117908526148,24
Uzunkopru,C_coarse_unmasked,500,2023,11,0.3620611835903587,16.941602364301644,20
Uzunkopru,C_coarse_unmasked,500,2023,12,,,11
Uzunkopru,C_coarse_unmasked,500,2024,1,0.4463550079021804,8.85495093453905,13
Uzunkopru,C_coarse_unmasked,500,2024,2,0.48111506743898685,11.145598242178592,21
Uzunkopru,C_coarse_unmasked,500,2024,3,0.581008427278247,18.01341232698165,18
Uzunkopru,C_coarse_unmasked,500,2024,4,0.6544094154896337,26.440375730701387,19
Uzunkopru,C_coarse_unmasked,500,2024,5,0.5919428136535423,26.24494093143947,19
Uzunkopru,C_coarse_unmasked,500,2024,6,0.4994121120997896,39.70317068327015,22
Uzunkopru,C_coarse_unmasked,500,2024,7,0.48104137028337307,42.698706809033034,24
Uzunkopru,C_coarse_unmasked,500,2024,8,0.40980622894655594,44.153764533656364,24
Uzunkopru,C_coarse_unmasked,500,2024,9,0.4036880076294668,35.894214310365555,22
Uzunkopru,C_coarse_unmasked,500,2024,10,0.351097830380048,26.47438065492268,22
Uzunkopru,C_coarse_unmasked,500,2024,11,0.2937323961321831,15.028632090543795,16
Uzunkopru,C_coarse_unmasked,500,2024,12,0.32978245216712976,13.5193382440493,11
Uzunkopru,C_coarse_unmasked,900,2013,4,0.5907890742060982,16.3030994177979,3
Uzunkopru,C_coarse_unmasked,900,2013,5,0.5997626846881013,35.12765796169253,8
Uzunkopru,C_coarse_unmasked,900,2013,6,0.5239190057893366,35.136235370214216,12
Uzunkopru,C_coarse_unmasked,900,2013,7,0.5903843833474934,35.78092265802324,12
Uzunkopru,C_coarse_unmasked,900,2013,8,0.46850353495860164,38.9273731952478,12
Uzunkopru,C_coarse_unmasked,900,2013,9,0.40446903244934035,33.6981864442369,8
Uzunkopru,C_coarse_unmasked,900,2013,10,0.34848303342864545,21.084469135390126,6
Uzunkopru,C_coarse_unmasked,900,2013,11,0.3610854018284424,15.07032066748087,10
Uzunkopru,C_coarse_unmasked,900,2013,12,0.3940934028752588,5.296503851029687,8
Uzunkopru,C_coarse_unmasked,900,2014,1,0.43297985860275295,13.359473485328659,10
Uzunkopru,C_coarse_unmasked,900,2014,2,0.4636756774202408,10.518606413370382,7
Uzunkopru,C_coarse_unmasked,900,2014,3,0.5497701832874696,23.37983827240653,7
Uzunkopru,C_coarse_unmasked,900,2014,4,0.6776613606900267,20.269760185937674,7
Uzunkopru,C_coarse_unmasked,900,2014,5,0.6686107717716187,31.542779569454762,11
Uzunkopru,C_coarse_unmasked,900,2014,6,0.487619096760175,34.566656549375715,9
Uzunkopru,C_coarse_unmasked,900,2014,7,0.585225093854276,36.346062664456205,12
Uzunkopru,C_coarse_unmasked,900,2014,8,0.6360731833649487,33.403973995758186,10
Uzunkopru,C_coarse_unmasked,900,2014,9,0.5310739441534736,32.49673687058313,12
Uzunkopru,C_coarse_unmasked,900,2014,10,0.37653550090324855,21.447705471925687,10
Uzunkopru,C_coarse_unmasked,900,2014,11,0.6271223227183024,10.525146511859838,7
Uzunkopru,C_coarse_unmasked,900,2014,12,0.3382113955321391,8.176403553628745,7
Uzunkopru,C_coarse_unmasked,900,2015,1,0.33292834665368193,6.244291177478191,10
Uzunkopru,C_coarse_unmasked,900,2015,2,0.3368870932419555,6.629198120836324,6
Uzunkopru,C_coarse_unmasked,900,2015,3,0.38516907967000485,16.01799457955119,11
Uzunkopru,C_coarse_unmasked,900,2015,4,0.5019833844413164,24.39541536165779,9
Uzunkopru,C_coarse_unmasked,900,2015,5,0.6114786595501928,32.88991299104788,12
Uzunkopru,C_coarse_unmasked,900,2015,6,0.5538211747523276,32.17617819824311,10
Uzunkopru,C_coarse_unmasked,900,2015,7,0.5553574609044958,39.73805711183174,12
Uzunkopru,C_coarse_unmasked,900,2015,8,0.48986271660427355,41.13558472953715,12
Uzunkopru,C_coarse_unmasked,900,2015,9,0.4229044543138156,38.11751281767395,11
Uzunkopru,C_coarse_unmasked,900,2015,10,0.4157757517988898,22.377656531545824,8
Uzunkopru,C_coarse_unmasked,900,2015,11,0.3756451829995902,16.557946327248843,10
Uzunkopru,C_coarse_unmasked,900,2015,12,0.513065418688993,10.00323273483944,10
Uzunkopru,C_coarse_unmasked,900,2016,1,0.45494732744115757,2.385630331871998,9
Uzunkopru,C_coarse_unmasked,900,2016,2,0.36243071438561025,8.642341574760637,8
Uzunkopru,C_coarse_unmasked,900,2016,3,0.5711803134257155,20.33273459000377,7
Uzunkopru,C_coarse_unmasked,900,2016,4,0.6395110071190745,23.28041407378056,9
Uzunkopru,C_coarse_unmasked,900,2016,5,0.5834026394613745,27.286974472613036,12
Uzunkopru,C_coarse_unmasked,900,2016,6,0.5197531997551331,37.001579410409576,12
Uzunkopru,C_coarse_unmasked,900,2016,7,0.5284603373521523,40.764397347810615,12
Uzunkopru,C_coarse_unmasked,900,2016,8,0.4402347932053246,41.374637807738466,12
Uzunkopru,C_coarse_unmasked,900,2016,9,0.3543088849708247,33.018901675662626,10
Uzunkopru,C_coarse_unmasked,900,2016,10,0.33858611111476505,30.793331685453392,10
Uzunkopru,C_coarse_unmasked,900,2016,11,0.30348939416315013,16.70123700618112,12
Uzunkopru,C_coarse_unmasked,900,2016,12,0.3561367200829134,5.32173516663968,8
Uzunkopru,C_coarse_unmasked,900,2017,1,0.29702864120879896,0.40885034595828856,10
Uzunkopru,C_coarse_unmasked,900,2017,2,0.3025405217800127,15.45493488414857,7
Uzunkopru,C_coarse_unmasked,900,2017,3,0.4720482765634855,18.60784922204974,10
Uzunkopru,C_coarse_unmasked,900,2017,4,0.594090307969677,25.953150669947536,11
Uzunkopru,C_coarse_unmasked,900,2017,5,0.6655648946762085,32.35642781190962,11
Uzunkopru,C_coarse_unmasked,900,2017,6,0.5663184979000219,37.569803677315626,12
Uzunkopru,C_coarse_unmasked,900,2017,7,0.5517180253092153,39.20117326102291,10
Uzunkopru,C_coarse_unmasked,900,2017,8,0.5434464482621226,37.013178456821436,12
Uzunkopru,C_coarse_unmasked,900,2017,9,0.43544155432716314,39.210006105964545,12
Uzunkopru,C_coarse_unmasked,900,2017,10,0.43926988576300824,24.572033990351414,12
Uzunkopru,C_coarse_unmasked,900,2017,11,0.41723600585242454,13.770611806868033,11
Uzunkopru,C_coarse_unmasked,900,2017,12,0.4770139643117169,9.970916761049855,9
Uzunkopru,C_coarse_unmasked,900,2018,1,0.49090346693992615,7.187777670627467,12
Uzunkopru,C_coarse_unmasked,900,2018,2,0.5100799555219051,13.489968163281155,6
Uzunkopru,C_coarse_unmasked,900,2018,3,0.5573493395236411,16.703177404565356,10
Uzunkopru,C_coarse_unmasked,900,2018,4,0.5937461801161023,26.173322024069233,12
Uzunkopru,C_coarse_unmasked,900,2018,5,0.6059231820074045,27.89295753871525,8
Uzunkopru,C_coarse_unmasked,900,2018,6,0.500640633927544,35.09832181566604,12
Uzunkopru,C_coarse_unmasked,900,2018,7,0.572653868904967,36.919855612768664,12
Uzunkopru,C_coarse_unmasked,900,2018,8,0.5803045152629905,39.00453519156192,12
Uzunkopru,C_coarse_unmasked,900,2018,9,0.469649532110076,31.32909535906189,11
Uzunkopru,C_coarse_unmasked,900,2018,10,0.3770706924698084,24.670769660938202,8
Uzunkopru,C_coarse_unmasked,900,2018,11,0.37786451964099943,11.64537832880242,9
Uzunkopru,C_coarse_unmasked,900,2018,12,0.3920858871899357,2.866357288728247,6
Uzunkopru,C_coarse_unmasked,900,2019,1,0.4220003684361776,8.72247289135195,8
Uzunkopru,C_coarse_unmasked,900,2019,2,0.4501193165779114,13.336481726058874,10
Uzunkopru,C_coarse_unmasked,900,2019,3,0.4752993718783893,17.180545720285618,10
Uzunkopru,C_coarse_unmasked,900,2019,4,0.5561110066175924,23.47181766609349,8
Uzunkopru,C_coarse_unmasked,900,2019,5,0.6498391680021036,30.838442682450367,12
Uzunkopru,C_coarse_unmasked,900,2019,6,0.5520181677159315,33.84176078949188,12
Uzunkopru,C_coarse_unmasked,900,2019,7,0.5600469766099747,39.78531344422533,12
Uzunkopru,C_coarse_unmasked,900,2019,8,0.4896975004115144,39.73532223409742,10
Uzunkopru,C_coarse_unmasked,900,2019,9,0.4317923833290114,35.40777668948427,10
Uzunkopru,C_coarse_unmasked,900,2019,10,0.3898234422787438,27.023764839637625,12
Uzunkopru,C_coarse_unmasked,900,2019,11,0.42546745695532495,15.022222889619522,12
Uzunkopru,C_coarse_unmasked,900,2019,12,0.4777263735013973,3.706568899198587,7
Uzunkopru,C_coarse_unmasked,900,2020,1,0.5212291387411264,5.353226602930847,9
Uzunkopru,C_coarse_unmasked,900,2020,2,0.46383375068421356,11.406503236149463,9
Uzunkopru,C_coarse_unmasked,900,2020,3,0.5336062624257027,14.2224529049401,10
Uzunkopru,C_coarse_unmasked,900,2020,4,0.5888375682880712,23.362403521544923,12
Uzunkopru,C_coarse_unmasked,900,2020,5,0.6449869822955887,25.862392513107608,11
Uzunkopru,C_coarse_unmasked,900,2020,6,0.551770634051563,35.35975425079001,10
Uzunkopru,C_coarse_unmasked,900,2020,7,0.4769458602337471,42.072328809181876,12
Uzunkopru,C_coarse_unmasked,900,2020,8,0.4008584080377511,37.00089040434682,10
Uzunkopru,C_coarse_unmasked,900,2020,9,0.4823550810416539,36.67867785368262,12
Uzunkopru,C_coarse_unmasked,900,2020,10,0.34729169127180864,27.87178460682193,12
Uzunkopru,C_coarse_unmasked,900,2020,11,0.3807684507674994,13.040969619499228,6
Uzunkopru,C_coarse_unmasked,900,2020,12,0.5842587217672115,8.206515801420448,7
Uzunkopru,C_coarse_unmasked,900,2021,1,,,5
Uzunkopru,C_coarse_unmasked,900,2021,2,0.5227951283295429,10.173421587303764,11
Uzunkopru,C_coarse_unmasked,900,2021,3,0.4822258988068077,17.506178450911833,9
Uzunkopru,C_coarse_unmasked,900,2021,4,0.5834074966562837,21.1813355176193,10
Uzunkopru,C_coarse_unmasked,900,2021,5,0.6019435238706541,32.36450595357186,11
Uzunkopru,C_coarse_unmasked,900,2021,6,0.6400556682367898,34.969228413106805,9
Uzunkopru,C_coarse_unmasked,900,2021,7,0.5691758423665547,40.74679983100141,12
Uzunkopru,C_coarse_unmasked,900,2021,8,0.47882015765162406,41.90020835487938,12
Uzunkopru,C_coarse_unmasked,900,2021,9,0.4251045061915095,32.530073484373276,11
Uzunkopru,C_coarse_unmasked,900,2021,10,0.359645792708053,22.872707388950506,10
Uzunkopru,C_coarse_unmasked,900,2021,11,0.3598450017076986,17.235816753264817,12
Uzunkopru,C_coarse_unmasked,900,2021,12,0.42253610913640394,11.278020486065277,19
Uzunkopru,C_coarse_unmasked,900,2022,1,0.4222084944860442,5.648972459146814,17
Uzunkopru,C_coarse_unmasked,900,2022,2,0.42108861261634456,9.759746885224907,18
Uzunkopru,C_coarse_unmasked,900,2022,3,0.39734744408041306,18.08604741728552,15
Uzunkopru,C_coarse_unmasked,900,2022,4,0.5559110630539703,29.440448467523847,18
Uzunkopru,C_coarse_unmasked,900,2022,5,0.6224721982490797,28.981860212620553,20
Uzunkopru,C_coarse_unmasked,900,2022,6,0.5717232235554688,35.417387680516995,22
Uzunkopru,C_coarse_unmasked,900,2022,7,0.5202369733719742,39.96714594976005,24
Uzunkopru,C_coarse_unmasked,900,2022,8,0.4890685647312581,38.496910527230234,22
Uzunkopru,C_coarse_unmasked,900,2022,9,0.43217286100744623,33.752744105245306,20
Uzunkopru,C_coarse_unmasked,900,2022,10,0.4048195285175548,28.194685097102905,23
Uzunkopru,C_coarse_unmasked,900,2022,11,0.310663758377558,19.88901434986087,23
Uzunkopru,C_coarse_unmasked,900,2022,12,0.40967604419436066,8.166832863305364,17
Uzunkopru,C_coarse_unmasked,900,2023,1,0.47856103679508843,11.162507992407782,19
Uzunkopru,C_coarse_unmasked,900,2023,2,0.4554079714482719,8.832067332791562,18
Uzunkopru,C_coarse_unmasked,900,2023,3,0.5354897138203711,22.47678985982165,16
Uzunkopru,C_coarse_unmasked,900,2023,4,0.6340763990025047,20.23674308065775,17
Uzunkopru,C_coarse_unmasked,900,2023,5,0.6754346670983713,26.28116213773682,21
Uzunkopru,C_coarse_unmasked,900,2023,6,0.6746276617050171,36.280969683338206,20
Uzunkopru,C_coarse_unmasked,900,2023,7,0.5004226581724414,42.17234738500294,22
Uzunkopru,C_coarse_unmasked,900,2023,8,0.45789550370794996,40.581117231814616,24
Uzunkopru,C_coarse_unmasked,900,2023,9,0.39243288329973935,35.15179935782104,23
Uzunkopru,C_coarse_unmasked,900,2023,10,0.3278205648915721,29.79442060708955,24
Uzunkopru,C_coarse_unmasked,900,2023,11,0.3615427542276374,17.38653961856015,20
Uzunkopru,C_coarse_unmasked,900,2023,12,,,11
Uzunkopru,C_coarse_unmasked,900,2024,1,0.4458821291161585,8.852343508218405,13
Uzunkopru,C_coarse_unmasked,900,2024,2,0.4805352977012827,11.152937103668217,21
Uzunkopru,C_coarse_unmasked,900,2024,3,0.5786207478154587,17.97373218036976,18
Uzunkopru,C_coarse_unmasked,900,2024,4,0.653391001475134,26.443146479403403,19
Uzunkopru,C_coarse_unmasked,900,2024,5,0.5916712484277298,26.24748041097552,19
Uzunkopru,C_coarse_unmasked,900,2024,6,0.49923374566477186,39.70832286400706,22
Uzunkopru,C_coarse_unmasked,900,2024,7,0.48055111275505874,42.70207717945586,24
Uzunkopru,C_coarse_unmasked,900,2024,8,0.4096853247084543,44.36520587850343,24
Uzunkopru,C_coarse_unmasked,900,2024,9,0.40273649542156614,36.274091647748406,22
Uzunkopru,C_coarse_unmasked,900,2024,10,0.3509854686756611,26.31329289438865,22
Uzunkopru,C_coarse_unmasked,900,2024,11,0.2935639812866758,15.03021979400898,16
Uzunkopru,C_coarse_unmasked,900,2024,12,0.43459272384643555,13.47281903029528,11
